01000000000000000000000000000000
01000000000000000000000000000000
01000000000000000000000000000000
01000000000000000000000000000000
01000000000000000000000000000000
01000000000000000000000000000000
01000000000000000000000000000000
01000000000000000000000000000000
01000000000000000000000000000000
01000000000000000000000000000000
01000000000000000000000000000000
01000000000000000000000000000000
01000000000000000000000000000000
01000000000000000000000000000000
01000000000000000000000000000000
01000000000000000000000000000000
01000000000000000000000000000000
01000000000000000000000000000000
01000000000000000000000000000000
01000000000000000000000000000000
01000000000000000000000000000000
01000000000000000000000000000000
01000000000000000000000000000000
01000000000000000000000000000000
01000000000000000000000000000000
01000000000000000000000000000000
01000000000000000000000000000000
01000000000000000000000000000000
01000000000000000000000000000000
01000000000000000000000000000000
01000000000000000000000000000000
01000000000000000000000000000000
01000000000000000000000000000000
01000000000000000000000000000000
01000000000000000000000000000000
01000000000000000000000000000000
01000000000000000000000000000000
01000000000000000000000000000000
01000000000000000000000000000000
01000000000000000000000000000000
01000000000000000000000000000000
01000000000000000000000000000000
01000000000000000000000000000000
01000000000000000000000000000000
01000000000000000000000000000000
01000000000000000000000000000000
01000000000000000000000000000000
01000000000000000000000000000000
01000000000000000000000000000000
01000000000000000000000000000000
01000000000000000000000000000000
01000000000000000000000000000000
01000000000000000000000000000000
01000000000000000000000000000000
01000000000000000000000000000000
01000000000000000000000000000000
01000000000000000000000000000000
01000000000000000000000000000000
01000000000000000000000000000000
01000000000000000000000000000000
01000000000000000000000000000000
01000000000000000000000000000000
01000000000000000000000000000000
01000000000000000000000000000000
01000000000000000000000000000000
01000000000000000000000000000000
01000000000000000000000000000000
01000000000000000000000000000000
01000000000000000000000000000000
01000000000000000000000000000000
01000000000000000000000000000000
01000000000000000000000000000000
01000000000000000000000000000000
01000000000000000000000000000000
01000000000000000000000000000000
01000000000000000000000000000000
01000000000000000000000000000000
01000000000000000000000000000000
01000000000000000000000000000000
01000000000000000000000000000000
01000000000000000000000000000000
01000000000000000000000000000000
01000000000000000000000000000000
01000000000000000000000000000000
01000000000000000000000000000000
01000000000000000000000000000000
01000000000000000000000000000000
01000000000000000000000000000000
01000000000000000000000000000000
01000000000000000000000000000000
01000000000000000000000000000000
01000000000000000000000000000000
01000000000000000000000000000000
01000000000000000000000000000000
01000000000000000000000000000000
01000000000000000000000000000000
01000000000000000000000000000000
01000000000000000000000000000000
01000000000000000000000000000000
01000000000000000000000000000000
01000000000000000000000000000000
01000000000000000000000000000000
01000000000000000000000000000000
01000000000000000000000000000000
01000000000000000000000000000000
01000000000000000000000000000000
01000000000000000000000000000000
01000000000000000000000000000000
01000000000000000000000000000000
01000000000000000000000000000000
01000000000000000000000000000000
01000000000000000000000000000000
01000000000000000000000000000000
01000000000000000000000000000000
01000000000000000000000000000000
01000000000000000000000000000000
01000000000000000000000000000000
01000000000000000000000000000000
01000000000000000000000000000000
01000000000000000000000000000000
01000000000000000000000000000000
01000000000000000000000000000000
01000000000000000000000000000000
01000000000000000000000000000000
01000000000000000000000000000000
01000000000000000000000000000000
01000000000000000000000000000000
01000000000000000000000000000000
01000000000000000000000000000000
01000000000000000000000000000000
01000000000000000000000000000000
01000000000000000000000000000000
01000000000000000000000000000000
01000000000000000000000000000000
01000000000000000000000000000000
01000000000000000000000000000000
01000000000000000000000000000000
01000000000000000000000000000000
01000000000000000000000000000000
01000000000000000000000000000000
01000000000000000000000000000000
01000000000000000000000000000000
01000000000000000000000000000000
01000000000000000000000000000000
01000000000000000000000000000000
01000000000000000000000000000000
01000000000000000000000000000000
01000000000000000000000000000000
01000000000000000000000000000000
01000000000000000000000000000000
01000000000000000000000000000000
01000000000000000000000000000000
01000000000000000000000000000000
01000000000000000000000000000000
01000000000000000000000000000000
01000000000000000000000000000000
01000000000000000000000000000000
01000000000000000000000000000000
01000000000000000000000000000000
01000000000000000000000000000000
01000000000000000000000000000000
01000000000000000000000000000000
01000000000000000000000000000000
01000000000000000000000000000000
01000000000000000000000000000000
01000000000000000000000000000000
01000000000000000000000000000000
01000000000000000000000000000000
01000000000000000000000000000000
01000000000000000000000000000000
01000000000000000000000000000000
01000000000000000000000000000000
01000000000000000000000000000000
01000000000000000000000000000000
01000000000000000000000000000000
01000000000000000000000000000000
01000000000000000000000000000000
01000000000000000000000000000000
01000000000000000000000000000000
01000000000000000000000000000000
01000000000000000000000000000000
01000000000000000000000000000000
01000000000000000000000000000000
01000000000000000000000000000000
01000000000000000000000000000000
01000000000000000000000000000000
01000000000000000000000000000000
01000000000000000000000000000000
01000000000000000000000000000000
01000000000000000000000000000000
01000000000000000000000000000000
01000000000000000000000000000000
01000000000000000000000000000000
01000000000000000000000000000000
01000000000000000000000000000000
01000000000000000000000000000000
01000000000000000000000000000000
01000000000000000000000000000000
01000000000000000000000000000000
01000000000000000000000000000000
01000000000000000000000000000000
01000000000000000000000000000000
01000000000000000000000000000000
01000000000000000000000000000000
01000000000000000000000000000000
01000000000000000000000000000000
01000000000000000000000000000000
01000000000000000000000000000000
01000000000000000000000000000000
01000000000000000000000000000000
01000000000000000000000000000000
01000000000000000000000000000000
01000000000000000000000000000000
01000000000000000000000000000000
01000000000000000000000000000000
01000000000000000000000000000000
01000000000000000000000000000000
01000000000000000000000000000000
01000000000000000000000000000000
01000000000000000000000000000000
01000000000000000000000000000000
01000000000000000000000000000000
01000000000000000000000000000000
01000000000000000000000000000000
01000000000000000000000000000000
01000000000000000000000000000000
01000000000000000000000000000000
01000000000000000000000000000000
01000000000000000000000000000000
01000000000000000000000000000000
01000000000000000000000000000000
01000000000000000000000000000000
01000000000000000000000000000000
01000000000000000000000000000000
01000000000000000000000000000000
01000000000000000000000000000000
01000000000000000000000000000000
01000000000000000000000000000000
01000000000000000000000000000000
01000000000000000000000000000000
01000000000000000000000000000000
01000000000000000000000000000000
01000000000000000000000000000000
01000000000000000000000000000000
01000000000000000000000000000000
01000000000000000000000000000000
01000000000000000000000000000000
01000000000000000000000000000000
01000000000000000000000000000000
01000000000000000000000000000000
01000000000000000000000000000000
01000000000000000000000000000000
01000000000000000000000000000000
01000000000000000000000000000000
01000000000000000000000000000000
01000000000000000000000000000000
01000000000000000000000000000000
01000000000000000000000000000000
01000000000000000000000000000000
01000000000000000000000000000000
01000000000000000000000000000000
01000000000000000000000000000000
01000000000000000000000000000000
01000000000000000000000000000000
01000000000000000000000000000000
01000000000000000000000000000000
01000000000000000000000000000000
01000000000000000000000000000000
01000000000000000000000000000000
01000000000000000000000000000000
01000000000000000000000000000000
01000000000000000000000000000000
01000000000000000000000000000000
01000000000000000000000000000000
01000000000000000000000000000000
01000000000000000000000000000000
01000000000000000000000000000000
01000000000000000000000000000000
01000000000000000000000000000000
01000000000000000000000000000000
01000000000000000000000000000000
01000000000000000000000000000000
01000000000000000000000000000000
01000000000000000000000000000000
01000000000000000000000000000000
01000000000000000000000000000000
01000000000000000000000000000000
01000000000000000000000000000000
01000000000000000000000000000000
01000000000000000000000000000000
01000000000000000000000000000000
01000000000000000000000000000000
01000000000000000000000000000000
01000000000000000000000000000000
01000000000000000000000000000000
01000000000000000000000000000000
01000000000000000000000000000000
01000000000000000000000000000000
01000000000000000000000000000000
01000000000000000000000000000000
01000000000000000000000000000000
01000000000000000000000000000000
01000000000000000000000000000000
01000000000000000000000000000000
01000000000000000000000000000000
01000000000000000000000000000000
01000000000000000000000000000000
01000000000000000000000000000000
01000000000000000000000000000000
01000000000000000000000000000000
01000000000000000000000000000000
01000000000000000000000000000000
01000000000000000000000000000000
01000000000000000000000000000000
01000000000000000000000000000000
01000000000000000000000000000000
01000000000000000000000000000000
01000000000000000000000000000000
01000000000000000000000000000000
01000000000000000000000000000000
01000000000000000000000000000000
01000000000000000000000000000000
01000000000000000000000000000000
01000000000000000000000000000000
01000000000000000000000000000000
01000000000000000000000000000000
01000000000000000000000000000000
01000000000000000000000000000000
01000000000000000000000000000000
01000000000000000000000000000000
01000000000000000000000000000000
01000000000000000000000000000000
01000000000000000000000000000000
01000000000000000000000000000000
01000000000000000000000000000000
01000000000000000000000000000000
01000000000000000000000000000000
01000000000000000000000000000000
01000000000000000000000000000000
01000000000000000000000000000000
01000000000000000000000000000000
01000000000000000000000000000000
01000000000000000000000000000000
01000000000000000000000000000000
01000000000000000000000000000000
01000000000000000000000000000000
01000000000000000000000000000000
01000000000000000000000000000000
01000000000000000000000000000000
01000000000000000000000000000000
01000000000000000000000000000000
01000000000000000000000000000000
01000000000000000000000000000000
01000000000000000000000000000000
01000000000000000000000000000000
01000000000000000000000000000000
01000000000000000000000000000000
01000000000000000000000000000000
01000000000000000000000000000000
01000000000000000000000000000000
01000000000000000000000000000000
01000000000000000000000000000000
01000000000000000000000000000000
01000000000000000000000000000000
01000000000000000000000000000000
01000000000000000000000000000000
01000000000000000000000000000000
01000000000000000000000000000000
01000000000000000000000000000000
01000000000000000000000000000000
01000000000000000000000000000000
01000000000000000000000000000000
01000000000000000000000000000000
01000000000000000000000000000000
01000000000000000000000000000000
01000000000000000000000000000000
01000000000000000000000000000000
01000000000000000000000000000000
01000000000000000000000000000000
01000000000000000000000000000000
01000000000000000000000000000000
01000000000000000000000000000000
01000000000000000000000000000000
01000000000000000000000000000000
01000000000000000000000000000000
01000000000000000000000000000000
01000000000000000000000000000000
01000000000000000000000000000000
01000000000000000000000000000000
01000000000000000000000000000000
01000000000000000000000000000000
01000000000000000000000000000000
01000000000000000000000000000000
01000000000000000000000000000000
01000000000000000000000000000000
01000000000000000000000000000000
01000000000000000000000000000000
01000000000000000000000000000000
01000000000000000000000000000000
01000000000000000000000000000000
01000000000000000000000000000000
01000000000000000000000000000000
01000000000000000000000000000000
01000000000000000000000000000000
01000000000000000000000000000000
01000000000000000000000000000000
01000000000000000000000000000000
01000000000000000000000000000000
01000000000000000000000000000000
01000000000000000000000000000000
01000000000000000000000000000000
01000000000000000000000000000000
01000000000000000000000000000000
01000000000000000000000000000000
01000000000000000000000000000000
01000000000000000000000000000000
01000000000000000000000000000000
01000000000000000000000000000000
01000000000000000000000000000000
01000000000000000000000000000000
01000000000000000000000000000000
01000000000000000000000000000000
01000000000000000000000000000000
01000000000000000000000000000000
01000000000000000000000000000000
01000000000000000000000000000000
01000000000000000000000000000000
01000000000000000000000000000000
01000000000000000000000000000000
01000000000000000000000000000000
01000000000000000000000000000000
01000000000000000000000000000000
01000000000000000000000000000000
01000000000000000000000000000000
01000000000000000000000000000000
01000000000000000000000000000000
01000000000000000000000000000000
01000000000000000000000000000000
01000000000000000000000000000000
01000000000000000000000000000000
01000000000000000000000000000000
01000000000000000000000000000000
01000000000000000000000000000000
01000000000000000000000000000000
01000000000000000000000000000000
01000000000000000000000000000000
01000000000000000000000000000000
01000000000000000000000000000000
01000000000000000000000000000000
01000000000000000000000000000000
01000000000000000000000000000000
01000000000000000000000000000000
01000000000000000000000000000000
01000000000000000000000000000000
01000000000000000000000000000000
01000000000000000000000000000000
01000000000000000000000000000000
01000000000000000000000000000000
01000000000000000000000000000000
01000000000000000000000000000000
01000000000000000000000000000000
01000000000000000000000000000000
01000000000000000000000000000000
01000000000000000000000000000000
01000000000000000000000000000000
01000000000000000000000000000000
01000000000000000000000000000000
01000000000000000000000000000000
01000000000000000000000000000000
01000000000000000000000000000000
01000000000000000000000000000000
01000000000000000000000000000000
01000000000000000000000000000000
01000000000000000000000000000000
01000000000000000000000000000000
01000000000000000000000000000000
01000000000000000000000000000000
01000000000000000000000000000000
01000000000000000000000000000000
01000000000000000000000000000000
01000000000000000000000000000000
01000000000000000000000000000000
01000000000000000000000000000000
01000000000000000000000000000000
01000000000000000000000000000000
01000000000000000000000000000000
01000000000000000000000000000000
01000000000000000000000000000000
01000000000000000000000000000000
01000000000000000000000000000000
01000000000000000000000000000000
01000000000000000000000000000000
01000000000000000000000000000000
01000000000000000000000000000000
01000000000000000000000000000000
01000000000000000000000000000000
01000000000000000000000000000000
01000000000000000000000000000000
01000000000000000000000000000000
01000000000000000000000000000000
01000000000000000000000000000000
01000000000000000000000000000000
01000000000000000000000000000000
01000000000000000000000000000000
01000000000000000000000000000000
01000000000000000000000000000000
01000000000000000000000000000000
01000000000000000000000000000000
01000000000000000000000000000000
01000000000000000000000000000000
01000000000000000000000000000000
01000000000000000000000000000000
01110101010000000000000000000000
01110100111111111111011000100010
01110100111111111101100010001000
01110100111111111010011100110111
01110100111111110110001000110111
01110100111111110000100110010010
01110100111111101001110101010110
01110100111111100001110110010100
01110100111111011000101001011111
01110100111111001110001111001111
01110100111111000010100111111100
01110100111110110101110100000100
01110100111110100111110100000110
01110100111110011000101000100100
01110100111110001000010010000100
01110100111101110110110001001111
01110100111101100100000110101111
01110100111101010000010011010100
01110100111100111011010111101100
01110100111100100101010100101101
01110100111100001110001011001100
01110100111011110101111100000011
01110100111011011100101000001101
01110100111011000010010000101010
01110100111010100110110110011001
01110100111010001010011010011111
01110100111001101100111110000001
01110100111001001110100010001001
01110100111000101111001000000010
01110100111000001110110000111000
01110100110111101101011101111101
01110100110111001011010000100001
01110100110110101000001001111010
01110100110110000100001011011110
01110100110101011111010110100101
01110100110100111001101100101011
01110100110100010011001111001101
01110100110011101011111111101001
01110100110011000011111111100000
01110100110010011011010000010101
01110100110001110001110011101101
01110100110001000111101011001110
01110100110000011100111000011111
01110100011111100010111010010100
01110100011110001010110101110101
01110100011100110001100110111011
01110100011011010111010001000000
01110100011001111011110111100101
01110100011000011111011110001011
01110100010111000010001000010101
01110100010101100011111001101010
01110100010100000100110101110011
01110100010010100101000000011001
01110100010001000100011101001010
01110011111111000110011111100110
01110011111100000010111000001010
01110011111000111110001011100001
01110011110101111000100001010001
01110011110010110010000001000010
01110011011111010101100100111010
01110011011001000101111010011011
01110011010010110101010010000011
01110010111001000111110110011000
01110010011001001000010101011000
01000000000000000000000000000000
11110010011001001000010101011000
11110010111001000111110110011000
11110011010010110101010010000011
11110011011001000101111010011011
11110011011111010101100100111010
11110011110010110010000001000010
11110011110101111000100001010001
11110011111000111110001011100001
11110011111100000010111000001010
11110011111111000110011111100110
11110100010001000100011101001010
11110100010010100101000000011001
11110100010100000100110101110011
11110100010101100011111001101010
11110100010111000010001000010101
11110100011000011111011110001011
11110100011001111011110111100101
11110100011011010111010001000000
11110100011100110001100110111011
11110100011110001010110101110101
11110100011111100010111010010100
11110100110000011100111000011111
11110100110001000111101011001110
11110100110001110001110011101101
11110100110010011011010000010101
11110100110011000011111111100000
11110100110011101011111111101001
11110100110100010011001111001101
11110100110100111001101100101011
11110100110101011111010110100101
11110100110110000100001011011110
11110100110110101000001001111010
11110100110111001011010000100001
11110100110111101101011101111101
11110100111000001110110000111000
11110100111000101111001000000010
11110100111001001110100010001001
11110100111001101100111110000001
11110100111010001010011010011111
11110100111010100110110110011001
11110100111011000010010000101010
11110100111011011100101000001101
11110100111011110101111100000011
11110100111100001110001011001100
11110100111100100101010100101101
11110100111100111011010111101100
11110100111101010000010011010100
11110100111101100100000110101111
11110100111101110110110001001111
11110100111110001000010010000100
11110100111110011000101000100100
11110100111110100111110100000110
11110100111110110101110100000100
11110100111111000010100111111100
11110100111111001110001111001111
11110100111111011000101001011111
11110100111111100001110110010100
11110100111111101001110101010110
11110100111111110000100110010010
11110100111111110110001000110111
11110100111111111010011100110111
11110100111111111101100010001000
11110100111111111111011000100010
01000000000000000000000000000000
01110010011001001000010101011000
01110010111001000111110110011000
01110011010010110101010010000011
01110011011001000101111010011011
01110011011111010101100100111010
01110011110010110010000001000010
01110011110101111000100001010001
01110011111000111110001011100001
01110011111100000010111000001010
01110011111111000110011111100110
01110100010001000100011101001010
01110100010010100101000000011001
01110100010100000100110101110011
01110100010101100011111001101010
01110100010111000010001000010101
01110100011000011111011110001011
01110100011001111011110111100101
01110100011011010111010001000000
01110100011100110001100110111011
01110100011110001010110101110101
01110100011111100010111010010100
01110100110000011100111000011111
01110100110001000111101011001110
01110100110001110001110011101101
01110100110010011011010000010101
01110100110011000011111111100000
01110100110011101011111111101001
01110100110100010011001111001101
01110100110100111001101100101011
01110100110101011111010110100101
01110100110110000100001011011110
01110100110110101000001001111010
01110100110111001011010000100001
01110100110111101101011101111101
01110100111000001110110000111000
01110100111000101111001000000010
01110100111001001110100010001001
01110100111001101100111110000001
01110100111010001010011010011111
01110100111010100110110110011001
01110100111011000010010000101010
01110100111011011100101000001101
01110100111011110101111100000011
01110100111100001110001011001100
01110100111100100101010100101101
01110100111100111011010111101100
01110100111101010000010011010100
01110100111101100100000110101111
01110100111101110110110001001111
01110100111110001000010010000100
01110100111110011000101000100100
01110100111110100111110100000110
01110100111110110101110100000100
01110100111111000010100111111100
01110100111111001110001111001111
01110100111111011000101001011111
01110100111111100001110110010100
01110100111111101001110101010110
01110100111111110000100110010010
01110100111111110110001000110111
01110100111111111010011100110111
01110100111111111101100010001000
01110100111111111111011000100010
01110101010000000000000000000000
01110100111111111111011000100010
01110100111111111101100010001000
01110100111111111010011100110111
01110100111111110110001000110111
01110100111111110000100110010010
01110100111111101001110101010110
01110100111111100001110110010100
01110100111111011000101001011111
01110100111111001110001111001111
01110100111111000010100111111100
01110100111110110101110100000100
01110100111110100111110100000110
01110100111110011000101000100100
01110100111110001000010010000100
01110100111101110110110001001111
01110100111101100100000110101111
01110100111101010000010011010100
01110100111100111011010111101100
01110100111100100101010100101101
01110100111100001110001011001100
01110100111011110101111100000011
01110100111011011100101000001101
01110100111011000010010000101010
01110100111010100110110110011001
01110100111010001010011010011111
01110100111001101100111110000001
01110100111001001110100010001001
01110100111000101111001000000010
01110100111000001110110000111000
01110100110111101101011101111101
01110100110111001011010000100001
01110100110110101000001001111010
01110100110110000100001011011110
01110100110101011111010110100101
01110100110100111001101100101011
01110100110100010011001111001101
01110100110011101011111111101001
01110100110011000011111111100000
01110100110010011011010000010101
01110100110001110001110011101101
01110100110001000111101011001110
01110100110000011100111000011111
01110100011111100010111010010100
01110100011110001010110101110101
01110100011100110001100110111011
01110100011011010111010001000000
01110100011001111011110111100101
01110100011000011111011110001011
01110100010111000010001000010101
01110100010101100011111001101010
01110100010100000100110101110011
01110100010010100101000000011001
01110100010001000100011101001010
01110011111111000110011111100110
01110011111100000010111000001010
01110011111000111110001011100001
01110011110101111000100001010001
01110011110010110010000001000010
01110011011111010101100100111010
01110011011001000101111010011011
01110011010010110101010010000011
01110010111001000111110110011000
01110010011001001000010101011000
00000000000000000000000000000000
00000000000000000000000000000000
00000000000000000000000000000000
01000000000000000000000000000000
01000000000000000000000000000000
01000000000000000000000000000000
01000000000000000000000000000000
01000000000000000000000000000000
01000000000000000000000000000000
01000000000000000000000000000000
01000000000000000000000000000000
01000000000000000000000000000000
01000000000000000000000000000000
01000000000000000000000000000000
01000000000000000000000000000000
01000000000000000000000000000000
01000000000000000000000000000000
01000000000000000000000000000000
01000000000000000000000000000000
01000000000000000000000000000000
01000000000000000000000000000000
01000000000000000000000000000000
01000000000000000000000000000000
01000000000000000000000000000000
01000000000000000000000000000000
01000000000000000000000000000000
01000000000000000000000000000000
01000000000000000000000000000000
01000000000000000000000000000000
01000000000000000000000000000000
01000000000000000000000000000000
01000000000000000000000000000000
01000000000000000000000000000000
01000000000000000000000000000000
01000000000000000000000000000000
01000000000000000000000000000000
01000000000000000000000000000000
01000000000000000000000000000000
01000000000000000000000000000000
01000000000000000000000000000000
01000000000000000000000000000000
01000000000000000000000000000000
01000000000000000000000000000000
01000000000000000000000000000000
01000000000000000000000000000000
01000000000000000000000000000000
01000000000000000000000000000000
01000000000000000000000000000000
01000000000000000000000000000000
01000000000000000000000000000000
01000000000000000000000000000000
01000000000000000000000000000000
01000000000000000000000000000000
01000000000000000000000000000000
01000000000000000000000000000000
01000000000000000000000000000000
01000000000000000000000000000000
01000000000000000000000000000000
01000000000000000000000000000000
01000000000000000000000000000000
01000000000000000000000000000000
01000000000000000000000000000000
01000000000000000000000000000000
01000000000000000000000000000000
01000000000000000000000000000000
01000000000000000000000000000000
01000000000000000000000000000000
01000000000000000000000000000000
01000000000000000000000000000000
01000000000000000000000000000000
01000000000000000000000000000000
01000000000000000000000000000000
01000000000000000000000000000000
01000000000000000000000000000000
01000000000000000000000000000000
01000000000000000000000000000000
01000000000000000000000000000000
01000000000000000000000000000000
01000000000000000000000000000000
01000000000000000000000000000000
01000000000000000000000000000000
01000000000000000000000000000000
01000000000000000000000000000000
01000000000000000000000000000000
01000000000000000000000000000000
01000000000000000000000000000000
01000000000000000000000000000000
01000000000000000000000000000000
01000000000000000000000000000000
01000000000000000000000000000000
01000000000000000000000000000000
01000000000000000000000000000000
01000000000000000000000000000000
01000000000000000000000000000000
01000000000000000000000000000000
01000000000000000000000000000000
01000000000000000000000000000000
01000000000000000000000000000000
01000000000000000000000000000000
01000000000000000000000000000000
01000000000000000000000000000000
01000000000000000000000000000000
01000000000000000000000000000000
01000000000000000000000000000000
01000000000000000000000000000000
01000000000000000000000000000000
01000000000000000000000000000000
01000000000000000000000000000000
01000000000000000000000000000000
01000000000000000000000000000000
01000000000000000000000000000000
01000000000000000000000000000000
01000000000000000000000000000000
01000000000000000000000000000000
01000000000000000000000000000000
01000000000000000000000000000000
01000000000000000000000000000000
01000000000000000000000000000000
01000000000000000000000000000000
01000000000000000000000000000000
01000000000000000000000000000000
01000000000000000000000000000000
01000000000000000000000000000000
01000000000000000000000000000000
01000000000000000000000000000000
01000000000000000000000000000000
01000000000000000000000000000000
01000000000000000000000000000000
01000000000000000000000000000000
01000000000000000000000000000000
01000000000000000000000000000000
01000000000000000000000000000000
01000000000000000000000000000000
01000000000000000000000000000000
01000000000000000000000000000000
01000000000000000000000000000000
01000000000000000000000000000000
01000000000000000000000000000000
01000000000000000000000000000000
01000000000000000000000000000000
01000000000000000000000000000000
01000000000000000000000000000000
01000000000000000000000000000000
01000000000000000000000000000000
01000000000000000000000000000000
01000000000000000000000000000000
01000000000000000000000000000000
01000000000000000000000000000000
01000000000000000000000000000000
01000000000000000000000000000000
01000000000000000000000000000000
01000000000000000000000000000000
01000000000000000000000000000000
01000000000000000000000000000000
01000000000000000000000000000000
01000000000000000000000000000000
01000000000000000000000000000000
01000000000000000000000000000000
01000000000000000000000000000000
01000000000000000000000000000000
01000000000000000000000000000000
01000000000000000000000000000000
01000000000000000000000000000000
01000000000000000000000000000000
01000000000000000000000000000000
01000000000000000000000000000000
01000000000000000000000000000000
01000000000000000000000000000000
01000000000000000000000000000000
01000000000000000000000000000000
01000000000000000000000000000000
01000000000000000000000000000000
01000000000000000000000000000000
01000000000000000000000000000000
01000000000000000000000000000000
01000000000000000000000000000000
01000000000000000000000000000000
01000000000000000000000000000000
01000000000000000000000000000000
01000000000000000000000000000000
01000000000000000000000000000000
01000000000000000000000000000000
01000000000000000000000000000000
01000000000000000000000000000000
01000000000000000000000000000000
01000000000000000000000000000000
01000000000000000000000000000000
01000000000000000000000000000000
01000000000000000000000000000000
01000000000000000000000000000000
01000000000000000000000000000000
01000000000000000000000000000000
01000000000000000000000000000000
01000000000000000000000000000000
01000000000000000000000000000000
01000000000000000000000000000000
01000000000000000000000000000000
01000000000000000000000000000000
01000000000000000000000000000000
01000000000000000000000000000000
01000000000000000000000000000000
01000000000000000000000000000000
01000000000000000000000000000000
01000000000000000000000000000000
01000000000000000000000000000000
01000000000000000000000000000000
01000000000000000000000000000000
01000000000000000000000000000000
01000000000000000000000000000000
01000000000000000000000000000000
01000000000000000000000000000000
01000000000000000000000000000000
01000000000000000000000000000000
01000000000000000000000000000000
01000000000000000000000000000000
01000000000000000000000000000000
01000000000000000000000000000000
01000000000000000000000000000000
01000000000000000000000000000000
01000000000000000000000000000000
01000000000000000000000000000000
01000000000000000000000000000000
01000000000000000000000000000000
01000000000000000000000000000000
01000000000000000000000000000000
01000000000000000000000000000000
01000000000000000000000000000000
01000000000000000000000000000000
01000000000000000000000000000000
01000000000000000000000000000000
01000000000000000000000000000000
01000000000000000000000000000000
01000000000000000000000000000000
01000000000000000000000000000000
01000000000000000000000000000000
01000000000000000000000000000000
01000000000000000000000000000000
01000000000000000000000000000000
01000000000000000000000000000000
01000000000000000000000000000000
01000000000000000000000000000000
01000000000000000000000000000000
01000000000000000000000000000000
01000000000000000000000000000000
01000000000000000000000000000000
01000000000000000000000000000000
01000000000000000000000000000000
01000000000000000000000000000000
01000000000000000000000000000000
01000000000000000000000000000000
01000000000000000000000000000000
01000000000000000000000000000000
01000000000000000000000000000000
01000000000000000000000000000000
01000000000000000000000000000000
01000000000000000000000000000000
01000000000000000000000000000000
01000000000000000000000000000000
01000000000000000000000000000000
01000000000000000000000000000000
01000000000000000000000000000000
01000000000000000000000000000000
01000000000000000000000000000000
01000000000000000000000000000000
01000000000000000000000000000000
01000000000000000000000000000000
01000000000000000000000000000000
01000000000000000000000000000000
01000000000000000000000000000000
01000000000000000000000000000000
01000000000000000000000000000000
01000000000000000000000000000000
01000000000000000000000000000000
01000000000000000000000000000000
01000000000000000000000000000000
01000000000000000000000000000000
01000000000000000000000000000000
01000000000000000000000000000000
01000000000000000000000000000000
01000000000000000000000000000000
01000000000000000000000000000000
01000000000000000000000000000000
01000000000000000000000000000000
01000000000000000000000000000000
01000000000000000000000000000000
01000000000000000000000000000000
01000000000000000000000000000000
01000000000000000000000000000000
01000000000000000000000000000000
01000000000000000000000000000000
01000000000000000000000000000000
01000000000000000000000000000000
01000000000000000000000000000000
01000000000000000000000000000000
01000000000000000000000000000000
01000000000000000000000000000000
01000000000000000000000000000000
01000000000000000000000000000000
01000000000000000000000000000000
01000000000000000000000000000000
01000000000000000000000000000000
01000000000000000000000000000000
01000000000000000000000000000000
01000000000000000000000000000000
01000000000000000000000000000000
01000000000000000000000000000000
01000000000000000000000000000000
01000000000000000000000000000000
01000000000000000000000000000000
01000000000000000000000000000000
01000000000000000000000000000000
01000000000000000000000000000000
01000000000000000000000000000000
01000000000000000000000000000000
01000000000000000000000000000000
01000000000000000000000000000000
01000000000000000000000000000000
01000000000000000000000000000000
01000000000000000000000000000000
01000000000000000000000000000000
01000000000000000000000000000000
01000000000000000000000000000000
01000000000000000000000000000000
01000000000000000000000000000000
01000000000000000000000000000000
01000000000000000000000000000000
01000000000000000000000000000000
01000000000000000000000000000000
01000000000000000000000000000000
01000000000000000000000000000000
01000000000000000000000000000000
01000000000000000000000000000000
01000000000000000000000000000000
01000000000000000000000000000000
01000000000000000000000000000000
01000000000000000000000000000000
01000000000000000000000000000000
01000000000000000000000000000000
01000000000000000000000000000000
01000000000000000000000000000000
01000000000000000000000000000000
01000000000000000000000000000000
01000000000000000000000000000000
01000000000000000000000000000000
01000000000000000000000000000000
01000000000000000000000000000000
01000000000000000000000000000000
01000000000000000000000000000000
01000000000000000000000000000000
01000000000000000000000000000000
01000000000000000000000000000000
01000000000000000000000000000000
01000000000000000000000000000000
01000000000000000000000000000000
01000000000000000000000000000000
01000000000000000000000000000000
01000000000000000000000000000000
01000000000000000000000000000000
01000000000000000000000000000000
01000000000000000000000000000000
01000000000000000000000000000000
01000000000000000000000000000000
01000000000000000000000000000000
01000000000000000000000000000000
01000000000000000000000000000000
01000000000000000000000000000000
01000000000000000000000000000000
01000000000000000000000000000000
01000000000000000000000000000000
01000000000000000000000000000000
01000000000000000000000000000000
01000000000000000000000000000000
01000000000000000000000000000000
01000000000000000000000000000000
01000000000000000000000000000000
01000000000000000000000000000000
01000000000000000000000000000000
01000000000000000000000000000000
01000000000000000000000000000000
01000000000000000000000000000000
01000000000000000000000000000000
01000000000000000000000000000000
01000000000000000000000000000000
01000000000000000000000000000000
01000000000000000000000000000000
01000000000000000000000000000000
01000000000000000000000000000000
01000000000000000000000000000000
01000000000000000000000000000000
01000000000000000000000000000000
01000000000000000000000000000000
01000000000000000000000000000000
01000000000000000000000000000000
01000000000000000000000000000000
01000000000000000000000000000000
01000000000000000000000000000000
01000000000000000000000000000000
01000000000000000000000000000000
01000000000000000000000000000000
01000000000000000000000000000000
01000000000000000000000000000000
01000000000000000000000000000000
01000000000000000000000000000000
01000000000000000000000000000000
01000000000000000000000000000000
01000000000000000000000000000000
01000000000000000000000000000000
01000000000000000000000000000000
01000000000000000000000000000000
01000000000000000000000000000000
01000000000000000000000000000000
01000000000000000000000000000000
01000000000000000000000000000000
01000000000000000000000000000000
01000000000000000000000000000000
01000000000000000000000000000000
01000000000000000000000000000000
01000000000000000000000000000000
01000000000000000000000000000000
01000000000000000000000000000000
01000000000000000000000000000000
01000000000000000000000000000000
01000000000000000000000000000000
01000000000000000000000000000000
01000000000000000000000000000000
01000000000000000000000000000000
01000000000000000000000000000000
01000000000000000000000000000000
01000000000000000000000000000000
01000000000000000000000000000000
01000000000000000000000000000000
01000000000000000000000000000000
01000000000000000000000000000000
01000000000000000000000000000000
01000000000000000000000000000000
01000000000000000000000000000000
01000000000000000000000000000000
01000000000000000000000000000000
01000000000000000000000000000000
01000000000000000000000000000000
01000000000000000000000000000000
01000000000000000000000000000000
01000000000000000000000000000000
01000000000000000000000000000000
01000000000000000000000000000000
01000000000000000000000000000000
01000000000000000000000000000000
01000000000000000000000000000000
01000000000000000000000000000000
01000000000000000000000000000000
01000000000000000000000000000000
01000000000000000000000000000000
01000000000000000000000000000000
01000000000000000000000000000000
01000000000000000000000000000000
01000000000000000000000000000000
01000000000000000000000000000000
01000000000000000000000000000000
01000000000000000000000000000000
01000000000000000000000000000000
01000000000000000000000000000000
01000000000000000000000000000000
01000000000000000000000000000000
01000000000000000000000000000000
01000000000000000000000000000000
01000000000000000000000000000000
01000000000000000000000000000000
01000000000000000000000000000000
01000000000000000000000000000000
01000000000000000000000000000000
01000000000000000000000000000000
01000000000000000000000000000000
01000000000000000000000000000000
01000000000000000000000000000000
01000000000000000000000000000000
01000000000000000000000000000000
01000000000000000000000000000000
01000000000000000000000000000000
01000000000000000000000000000000
01000000000000000000000000000000
01000000000000000000000000000000
01000000000000000000000000000000
01000000000000000000000000000000
01000000000000000000000000000000
01000000000000000000000000000000
01000000000000000000000000000000
01000000000000000000000000000000
01000000000000000000000000000000
01000000000000000000000000000000
01000000000000000000000000000000
01000000000000000000000000000000
01000000000000000000000000000000
01000000000000000000000000000000
01000000000000000000000000000000
01000000000000000000000000000000
01000000000000000000000000000000
01000000000000000000000000000000
01000000000000000000000000000000
01000000000000000000000000000000
01000000000000000000000000000000
01000000000000000000000000000000
01000000000000000000000000000000
01000000000000000000000000000000
01000000000000000000000000000000
01000000000000000000000000000000
01000000000000000000000000000000
01000000000000000000000000000000
01000000000000000000000000000000
01000000000000000000000000000000
01000000000000000000000000000000
01000000000000000000000000000000
01000000000000000000000000000000
01000000000000000000000000000000
01000000000000000000000000000000
01000000000000000000000000000000
01000000000000000000000000000000
01000000000000000000000000000000
01000000000000000000000000000000
01000000000000000000000000000000
01000000000000000000000000000000
01000000000000000000000000000000
01000000000000000000000000000000
01000000000000000000000000000000
01000000000000000000000000000000
01000000000000000000000000000000
01000000000000000000000000000000
01000000000000000000000000000000
01000000000000000000000000000000
01000000000000000000000000000000
01000000000000000000000000000000
01000000000000000000000000000000
01000000000000000000000000000000
01000000000000000000000000000000
01000000000000000000000000000000
01000000000000000000000000000000
01000000000000000000000000000000
01000000000000000000000000000000
01000000000000000000000000000000
01000000000000000000000000000000
01000000000000000000000000000000
01000000000000000000000000000000
01000000000000000000000000000000
01000000000000000000000000000000
01000000000000000000000000000000
01000000000000000000000000000000
01000000000000000000000000000000
01000000000000000000000000000000
01000000000000000000000000000000
01000000000000000000000000000000
01000000000000000000000000000000
01000000000000000000000000000000
01000000000000000000000000000000
01000000000000000000000000000000
01000000000000000000000000000000
01000000000000000000000000000000
01000000000000000000000000000000
01000000000000000000000000000000
01000000000000000000000000000000
01000000000000000000000000000000
01000000000000000000000000000000
01000000000000000000000000000000
01000000000000000000000000000000
01000000000000000000000000000000
01000000000000000000000000000000
01000000000000000000000000000000
01000000000000000000000000000000
01000000000000000000000000000000
01000000000000000000000000000000
01000000000000000000000000000000
01000000000000000000000000000000
01000000000000000000000000000000
01000000000000000000000000000000
01000000000000000000000000000000
01000000000000000000000000000000
01000000000000000000000000000000
01000000000000000000000000000000
01000000000000000000000000000000
01000000000000000000000000000000
01000000000000000000000000000000
01000000000000000000000000000000
01000000000000000000000000000000
01000000000000000000000000000000
01000000000000000000000000000000
01000000000000000000000000000000
01000000000000000000000000000000
01000000000000000000000000000000
01000000000000000000000000000000
01000000000000000000000000000000
01000000000000000000000000000000
01000000000000000000000000000000
01000000000000000000000000000000
01000000000000000000000000000000
01000000000000000000000000000000
01000000000000000000000000000000
01000000000000000000000000000000
01000000000000000000000000000000
01000000000000000000000000000000
01000000000000000000000000000000
01000000000000000000000000000000
01000000000000000000000000000000
01000000000000000000000000000000
01000000000000000000000000000000
01000000000000000000000000000000
01000000000000000000000000000000
01000000000000000000000000000000
01000000000000000000000000000000
01000000000000000000000000000000
01000000000000000000000000000000
01000000000000000000000000000000
01000000000000000000000000000000
01000000000000000000000000000000
01000000000000000000000000000000
01000000000000000000000000000000
01000000000000000000000000000000
01000000000000000000000000000000
01000000000000000000000000000000
01000000000000000000000000000000
01000000000000000000000000000000
01000000000000000000000000000000
01000000000000000000000000000000
01000000000000000000000000000000
01000000000000000000000000000000
01000000000000000000000000000000
01000000000000000000000000000000
01000000000000000000000000000000
01000000000000000000000000000000
01000000000000000000000000000000
01000000000000000000000000000000
01000000000000000000000000000000
01000000000000000000000000000000
01000000000000000000000000000000
01000000000000000000000000000000
01000000000000000000000000000000
01000000000000000000000000000000
01000000000000000000000000000000
01000000000000000000000000000000
01000000000000000000000000000000
01000000000000000000000000000000
01000000000000000000000000000000
01000000000000000000000000000000
01000000000000000000000000000000
01000000000000000000000000000000
01000000000000000000000000000000
01000000000000000000000000000000
01000000000000000000000000000000
01000000000000000000000000000000
01000000000000000000000000000000
01000000000000000000000000000000
01000000000000000000000000000000
01000000000000000000000000000000
01000000000000000000000000000000
01000000000000000000000000000000
01000000000000000000000000000000
01000000000000000000000000000000
01000000000000000000000000000000
01000000000000000000000000000000
01000000000000000000000000000000
01000000000000000000000000000000
01000000000000000000000000000000
01000000000000000000000000000000
01000000000000000000000000000000
01000000000000000000000000000000
01000000000000000000000000000000
01000000000000000000000000000000
01000000000000000000000000000000
01000000000000000000000000000000
01000000000000000000000000000000
01000000000000000000000000000000
01000000000000000000000000000000
01000000000000000000000000000000
01000000000000000000000000000000
01000000000000000000000000000000
01000000000000000000000000000000
01000000000000000000000000000000
01000000000000000000000000000000
01000000000000000000000000000000
01000000000000000000000000000000
01000000000000000000000000000000
01000000000000000000000000000000
01000000000000000000000000000000
01000000000000000000000000000000
01000000000000000000000000000000
01000000000000000000000000000000
01000000000000000000000000000000
01000000000000000000000000000000
01000000000000000000000000000000
01000000000000000000000000000000
01000000000000000000000000000000
01000000000000000000000000000000
01000000000000000000000000000000
01000000000000000000000000000000
01000000000000000000000000000000
01000000000000000000000000000000
01000000000000000000000000000000
01000000000000000000000000000000
01000000000000000000000000000000
01000000000000000000000000000000
01000000000000000000000000000000
01000000000000000000000000000000
01000000000000000000000000000000
01000000000000000000000000000000
01000000000000000000000000000000
01000000000000000000000000000000
01000000000000000000000000000000
01000000000000000000000000000000
01000000000000000000000000000000
01000000000000000000000000000000
01000000000000000000000000000000
01000000000000000000000000000000
01000000000000000000000000000000
01000000000000000000000000000000
01000000000000000000000000000000
01000000000000000000000000000000
01000000000000000000000000000000
01000000000000000000000000000000
01000000000000000000000000000000
01000000000000000000000000000000
01000000000000000000000000000000
01000000000000000000000000000000
01000000000000000000000000000000
01000000000000000000000000000000
01000000000000000000000000000000
01000000000000000000000000000000
01000000000000000000000000000000
01000000000000000000000000000000
01000000000000000000000000000000
01000000000000000000000000000000
01000000000000000000000000000000
01000000000000000000000000000000
01000000000000000000000000000000
01000000000000000000000000000000
01000000000000000000000000000000
01000000000000000000000000000000
01000000000000000000000000000000
01000000000000000000000000000000
01000000000000000000000000000000
01000000000000000000000000000000
01000000000000000000000000000000
01000000000000000000000000000000
01000000000000000000000000000000
01000000000000000000000000000000
01000000000000000000000000000000
01000000000000000000000000000000
01000000000000000000000000000000
01000000000000000000000000000000
01000000000000000000000000000000
01000000000000000000000000000000
01000000000000000000000000000000
01000000000000000000000000000000
01000000000000000000000000000000
01000000000000000000000000000000
01000000000000000000000000000000
01000000000000000000000000000000
01000000000000000000000000000000
01000000000000000000000000000000
01000000000000000000000000000000
01000000000000000000000000000000
01000000000000000000000000000000
01000000000000000000000000000000
01000000000000000000000000000000
01000000000000000000000000000000
01000000000000000000000000000000
01000000000000000000000000000000
01000000000000000000000000000000
01000000000000000000000000000000
01000000000000000000000000000000
01000000000000000000000000000000
01000000000000000000000000000000
01000000000000000000000000000000
01000000000000000000000000000000
01000000000000000000000000000000
01000000000000000000000000000000
01000000000000000000000000000000
01000000000000000000000000000000
01000000000000000000000000000000
01000000000000000000000000000000
01000000000000000000000000000000
01000000000000000000000000000000
01000000000000000000000000000000
01000000000000000000000000000000
01000000000000000000000000000000
01000000000000000000000000000000
01000000000000000000000000000000
01000000000000000000000000000000
01000000000000000000000000000000
01000000000000000000000000000000
01000000000000000000000000000000
01000000000000000000000000000000
01000000000000000000000000000000
01000000000000000000000000000000
01000000000000000000000000000000
01000000000000000000000000000000
01000000000000000000000000000000
01000000000000000000000000000000
01000000000000000000000000000000
01000000000000000000000000000000
01000000000000000000000000000000
01000000000000000000000000000000
01000000000000000000000000000000
01000000000000000000000000000000
01000000000000000000000000000000
01000000000000000000000000000000
01000000000000000000000000000000
01000000000000000000000000000000
01000000000000000000000000000000
01000000000000000000000000000000
01000000000000000000000000000000
01000000000000000000000000000000
01000000000000000000000000000000
01000000000000000000000000000000
01000000000000000000000000000000
01000000000000000000000000000000
01000000000000000000000000000000
01000000000000000000000000000000
01000000000000000000000000000000
01000000000000000000000000000000
01000000000000000000000000000000
01000000000000000000000000000000
01000000000000000000000000000000
01000000000000000000000000000000
01000000000000000000000000000000
01000000000000000000000000000000
01000000000000000000000000000000
01000000000000000000000000000000
01000000000000000000000000000000
01000000000000000000000000000000
01000000000000000000000000000000
01000000000000000000000000000000
01000000000000000000000000000000
01000000000000000000000000000000
01000000000000000000000000000000
01000000000000000000000000000000
01000000000000000000000000000000
01000000000000000000000000000000
01000000000000000000000000000000
01000000000000000000000000000000
01000000000000000000000000000000
01000000000000000000000000000000
01000000000000000000000000000000
01000000000000000000000000000000
01000000000000000000000000000000
01000000000000000000000000000000
01000000000000000000000000000000
01000000000000000000000000000000
01000000000000000000000000000000
01000000000000000000000000000000
01000000000000000000000000000000
01000000000000000000000000000000
01000000000000000000000000000000
01000000000000000000000000000000
01000000000000000000000000000000
01000000000000000000000000000000
01000000000000000000000000000000
01000000000000000000000000000000
01000000000000000000000000000000
01000000000000000000000000000000
01000000000000000000000000000000
01000000000000000000000000000000
01000000000000000000000000000000
01000000000000000000000000000000
01000000000000000000000000000000
01000000000000000000000000000000
01000000000000000000000000000000
01000000000000000000000000000000
01000000000000000000000000000000
01000000000000000000000000000000
01000000000000000000000000000000
01000000000000000000000000000000
01000000000000000000000000000000
01000000000000000000000000000000
01000000000000000000000000000000
01000000000000000000000000000000
01000000000000000000000000000000
01000000000000000000000000000000
01000000000000000000000000000000
01000000000000000000000000000000
01000000000000000000000000000000
01000000000000000000000000000000
01000000000000000000000000000000
01000000000000000000000000000000
01000000000000000000000000000000
01000000000000000000000000000000
01000000000000000000000000000000
01000000000000000000000000000000
01000000000000000000000000000000
01000000000000000000000000000000
01000000000000000000000000000000
01000000000000000000000000000000
01000000000000000000000000000000
01000000000000000000000000000000
01000000000000000000000000000000
01000000000000000000000000000000
01000000000000000000000000000000
01000000000000000000000000000000
01000000000000000000000000000000
01000000000000000000000000000000
01000000000000000000000000000000
01000000000000000000000000000000
01000000000000000000000000000000
01000000000000000000000000000000
01000000000000000000000000000000
01000000000000000000000000000000
01000000000000000000000000000000
01000000000000000000000000000000
01000000000000000000000000000000
01000000000000000000000000000000
01000000000000000000000000000000
01000000000000000000000000000000
01000000000000000000000000000000
01000000000000000000000000000000
01000000000000000000000000000000
01000000000000000000000000000000
01000000000000000000000000000000
01000000000000000000000000000000
01000000000000000000000000000000
01000000000000000000000000000000
01000000000000000000000000000000
01000000000000000000000000000000
01000000000000000000000000000000
01000000000000000000000000000000
01000000000000000000000000000000
01000000000000000000000000000000
01000000000000000000000000000000
01000000000000000000000000000000
01000000000000000000000000000000
01000000000000000000000000000000
01000000000000000000000000000000
01000000000000000000000000000000
01000000000000000000000000000000
01000000000000000000000000000000
01000000000000000000000000000000
01000000000000000000000000000000
01000000000000000000000000000000
01000000000000000000000000000000
01000000000000000000000000000000
01000000000000000000000000000000
01000000000000000000000000000000
01000000000000000000000000000000
01000000000000000000000000000000
01000000000000000000000000000000
01000000000000000000000000000000
01000000000000000000000000000000
01000000000000000000000000000000
01000000000000000000000000000000
01000000000000000000000000000000
01000000000000000000000000000000
01000000000000000000000000000000
01000000000000000000000000000000
01000000000000000000000000000000
01000000000000000000000000000000
01000000000000000000000000000000
01000000000000000000000000000000
01000000000000000000000000000000
01000000000000000000000000000000
01000000000000000000000000000000
01000000000000000000000000000000
01000000000000000000000000000000
01000000000000000000000000000000
01000000000000000000000000000000
01000000000000000000000000000000
01000000000000000000000000000000
01000000000000000000000000000000
01000000000000000000000000000000
01000000000000000000000000000000
01000000000000000000000000000000
01000000000000000000000000000000
01000000000000000000000000000000
01000000000000000000000000000000
01000000000000000000000000000000
01000000000000000000000000000000
01000000000000000000000000000000
01000000000000000000000000000000
01000000000000000000000000000000
01000000000000000000000000000000
01000000000000000000000000000000
01000000000000000000000000000000
01000000000000000000000000000000
01000000000000000000000000000000
01000000000000000000000000000000
01000000000000000000000000000000
01000000000000000000000000000000
01000000000000000000000000000000
01000000000000000000000000000000
01000000000000000000000000000000
01000000000000000000000000000000
01000000000000000000000000000000
01000000000000000000000000000000
01000000000000000000000000000000
01000000000000000000000000000000
01000000000000000000000000000000
01000000000000000000000000000000
01000000000000000000000000000000
01000000000000000000000000000000
01000000000000000000000000000000
01000000000000000000000000000000
01000000000000000000000000000000
01000000000000000000000000000000
01000000000000000000000000000000
01000000000000000000000000000000
01000000000000000000000000000000
01000000000000000000000000000000
01000000000000000000000000000000
01000000000000000000000000000000
01000000000000000000000000000000
01000000000000000000000000000000
01000000000000000000000000000000
01000000000000000000000000000000
01000000000000000000000000000000
01000000000000000000000000000000
01000000000000000000000000000000
01000000000000000000000000000000
01000000000000000000000000000000
01000000000000000000000000000000
01000000000000000000000000000000
01000000000000000000000000000000
01000000000000000000000000000000
01000000000000000000000000000000
01000000000000000000000000000000
01000000000000000000000000000000
01000000000000000000000000000000
01000000000000000000000000000000
01000000000000000000000000000000
01000000000000000000000000000000
01000000000000000000000000000000
01000000000000000000000000000000
01000000000000000000000000000000
01000000000000000000000000000000
01000000000000000000000000000000
01000000000000000000000000000000
01000000000000000000000000000000
01000000000000000000000000000000
01000000000000000000000000000000
01000000000000000000000000000000
01000000000000000000000000000000
01000000000000000000000000000000
01000000000000000000000000000000
01000000000000000000000000000000
01000000000000000000000000000000
01000000000000000000000000000000
01000000000000000000000000000000
01000000000000000000000000000000
01000000000000000000000000000000
01000000000000000000000000000000
01000000000000000000000000000000
01000000000000000000000000000000
01000000000000000000000000000000
01000000000000000000000000000000
01000000000000000000000000000000
01000000000000000000000000000000
01000000000000000000000000000000
01000000000000000000000000000000
01000000000000000000000000000000
01000000000000000000000000000000
01000000000000000000000000000000
01000000000000000000000000000000
01000000000000000000000000000000
01000000000000000000000000000000
01000000000000000000000000000000
01000000000000000000000000000000
01000000000000000000000000000000
01000000000000000000000000000000
01000000000000000000000000000000
01000000000000000000000000000000
01000000000000000000000000000000
01000000000000000000000000000000
01000000000000000000000000000000
01000000000000000000000000000000
01000000000000000000000000000000
01000000000000000000000000000000
01000000000000000000000000000000
01000000000000000000000000000000
01000000000000000000000000000000
01000000000000000000000000000000
01000000000000000000000000000000
01000000000000000000000000000000
01000000000000000000000000000000
01000000000000000000000000000000
01000000000000000000000000000000
01000000000000000000000000000000
01000000000000000000000000000000
01000000000000000000000000000000
01000000000000000000000000000000
01000000000000000000000000000000
01000000000000000000000000000000
01000000000000000000000000000000
01000000000000000000000000000000
01000000000000000000000000000000
01000000000000000000000000000000
01000000000000000000000000000000
01000000000000000000000000000000
01000000000000000000000000000000
01000000000000000000000000000000
01000000000000000000000000000000
01000000000000000000000000000000
01000000000000000000000000000000
01000000000000000000000000000000
01000000000000000000000000000000
01000000000000000000000000000000
01000000000000000000000000000000
01000000000000000000000000000000
01000000000000000000000000000000
01000000000000000000000000000000
01000000000000000000000000000000
01000000000000000000000000000000
01000000000000000000000000000000
01000000000000000000000000000000
01000000000000000000000000000000
01000000000000000000000000000000
01000000000000000000000000000000
01000000000000000000000000000000
01000000000000000000000000000000
01000000000000000000000000000000
01000000000000000000000000000000
01000000000000000000000000000000
01000000000000000000000000000000
01000000000000000000000000000000
01000000000000000000000000000000
01000000000000000000000000000000
01000000000000000000000000000000
01000000000000000000000000000000
01000000000000000000000000000000
01000000000000000000000000000000
01000000000000000000000000000000
01000000000000000000000000000000
01000000000000000000000000000000
01000000000000000000000000000000
01000000000000000000000000000000
01000000000000000000000000000000
01000000000000000000000000000000
01000000000000000000000000000000
01000000000000000000000000000000
01000000000000000000000000000000
01000000000000000000000000000000
01000000000000000000000000000000
01000000000000000000000000000000
01000000000000000000000000000000
01000000000000000000000000000000
01000000000000000000000000000000
01000000000000000000000000000000
01000000000000000000000000000000
01000000000000000000000000000000
01000000000000000000000000000000
01000000000000000000000000000000
01000000000000000000000000000000
01000000000000000000000000000000
01000000000000000000000000000000
01000000000000000000000000000000
01000000000000000000000000000000
01000000000000000000000000000000
01000000000000000000000000000000
01000000000000000000000000000000
01000000000000000000000000000000
01000000000000000000000000000000
01000000000000000000000000000000
01000000000000000000000000000000
01000000000000000000000000000000
01000000000000000000000000000000
01000000000000000000000000000000
01000000000000000000000000000000
01000000000000000000000000000000
01000000000000000000000000000000
01000000000000000000000000000000
01000000000000000000000000000000
01000000000000000000000000000000
01000000000000000000000000000000
01000000000000000000000000000000
01000000000000000000000000000000
01000000000000000000000000000000
01000000000000000000000000000000
01000000000000000000000000000000
01000000000000000000000000000000
01000000000000000000000000000000
01000000000000000000000000000000
01000000000000000000000000000000
01000000000000000000000000000000
01000000000000000000000000000000
01000000000000000000000000000000
01000000000000000000000000000000
01000000000000000000000000000000
01000000000000000000000000000000
01000000000000000000000000000000
01000000000000000000000000000000
01000000000000000000000000000000
01000000000000000000000000000000
01000000000000000000000000000000
01000000000000000000000000000000
01000000000000000000000000000000
01000000000000000000000000000000
01000000000000000000000000000000
01000000000000000000000000000000
01000000000000000000000000000000
01000000000000000000000000000000
01000000000000000000000000000000
01000000000000000000000000000000
01000000000000000000000000000000
01000000000000000000000000000000
01000000000000000000000000000000
01000000000000000000000000000000
01000000000000000000000000000000
01000000000000000000000000000000
01000000000000000000000000000000
01000000000000000000000000000000
01000000000000000000000000000000
01000000000000000000000000000000
01000000000000000000000000000000
01000000000000000000000000000000
01000000000000000000000000000000
01000000000000000000000000000000
01000000000000000000000000000000
01000000000000000000000000000000
01000000000000000000000000000000
01000000000000000000000000000000
01000000000000000000000000000000
01000000000000000000000000000000
01000000000000000000000000000000
01000000000000000000000000000000
01000000000000000000000000000000
01000000000000000000000000000000
01000000000000000000000000000000
01000000000000000000000000000000
01000000000000000000000000000000
01000000000000000000000000000000
01000000000000000000000000000000
01000000000000000000000000000000
01000000000000000000000000000000
01000000000000000000000000000000
01000000000000000000000000000000
01000000000000000000000000000000
01000000000000000000000000000000
01000000000000000000000000000000
01000000000000000000000000000000
01000000000000000000000000000000
01000000000000000000000000000000
01000000000000000000000000000000
01000000000000000000000000000000
01000000000000000000000000000000
01000000000000000000000000000000
01000000000000000000000000000000
01000000000000000000000000000000
01000000000000000000000000000000
01000000000000000000000000000000
01000000000000000000000000000000
01000000000000000000000000000000
01000000000000000000000000000000
01000000000000000000000000000000
01000000000000000000000000000000
01000000000000000000000000000000
01000000000000000000000000000000
01000000000000000000000000000000
01000000000000000000000000000000
01000000000000000000000000000000
01000000000000000000000000000000
01000000000000000000000000000000
01000000000000000000000000000000
01000000000000000000000000000000
01000000000000000000000000000000
01000000000000000000000000000000
01000000000000000000000000000000
01000000000000000000000000000000
01000000000000000000000000000000
01000000000000000000000000000000
01000000000000000000000000000000
01000000000000000000000000000000
01000000000000000000000000000000
01000000000000000000000000000000
01000000000000000000000000000000
01000000000000000000000000000000
01000000000000000000000000000000
01000000000000000000000000000000
01000000000000000000000000000000
01000000000000000000000000000000
01000000000000000000000000000000
01000000000000000000000000000000
01000000000000000000000000000000
01000000000000000000000000000000
01000000000000000000000000000000
01000000000000000000000000000000
01000000000000000000000000000000
01000000000000000000000000000000
01000000000000000000000000000000
01000000000000000000000000000000
01000000000000000000000000000000
01000000000000000000000000000000
01000000000000000000000000000000
01000000000000000000000000000000
01000000000000000000000000000000
01000000000000000000000000000000
01000000000000000000000000000000
01000000000000000000000000000000
01000000000000000000000000000000
01000000000000000000000000000000
01000000000000000000000000000000
01000000000000000000000000000000
01000000000000000000000000000000
01000000000000000000000000000000
01000000000000000000000000000000
01000000000000000000000000000000
01000000000000000000000000000000
01000000000000000000000000000000
01000000000000000000000000000000
01000000000000000000000000000000
01000000000000000000000000000000
01000000000000000000000000000000
01000000000000000000000000000000
01000000000000000000000000000000
01000000000000000000000000000000
01000000000000000000000000000000
01000000000000000000000000000000
01000000000000000000000000000000
01000000000000000000000000000000
01000000000000000000000000000000
01000000000000000000000000000000
01000000000000000000000000000000
01000000000000000000000000000000
01000000000000000000000000000000
01000000000000000000000000000000
01000000000000000000000000000000
01000000000000000000000000000000
01000000000000000000000000000000
01000000000000000000000000000000
01000000000000000000000000000000
01000000000000000000000000000000
01000000000000000000000000000000
01000000000000000000000000000000
01000000000000000000000000000000
01000000000000000000000000000000
01000000000000000000000000000000
01000000000000000000000000000000
01000000000000000000000000000000
01000000000000000000000000000000
01000000000000000000000000000000
01000000000000000000000000000000
01000000000000000000000000000000
01000000000000000000000000000000
01000000000000000000000000000000
01000000000000000000000000000000
01000000000000000000000000000000
01000000000000000000000000000000
01000000000000000000000000000000
01000000000000000000000000000000
01000000000000000000000000000000
01000000000000000000000000000000
01000000000000000000000000000000
01000000000000000000000000000000
01000000000000000000000000000000
01000000000000000000000000000000
01000000000000000000000000000000
01000000000000000000000000000000
01000000000000000000000000000000
01000000000000000000000000000000
01000000000000000000000000000000
01000000000000000000000000000000
01000000000000000000000000000000
01000000000000000000000000000000
01000000000000000000000000000000
01000000000000000000000000000000
01000000000000000000000000000000
01000000000000000000000000000000
01000000000000000000000000000000
01000000000000000000000000000000
01000000000000000000000000000000
01000000000000000000000000000000
01000000000000000000000000000000
01000000000000000000000000000000
01000000000000000000000000000000
01000000000000000000000000000000
01000000000000000000000000000000
01000000000000000000000000000000
01000000000000000000000000000000
01000000000000000000000000000000
01000000000000000000000000000000
01000000000000000000000000000000
01000000000000000000000000000000
01000000000000000000000000000000
01000000000000000000000000000000
01000000000000000000000000000000
01000000000000000000000000000000
01000000000000000000000000000000
01000000000000000000000000000000
01000000000000000000000000000000
01000000000000000000000000000000
01000000000000000000000000000000
01000000000000000000000000000000
01000000000000000000000000000000
01000000000000000000000000000000
01000000000000000000000000000000
01000000000000000000000000000000
01000000000000000000000000000000
01000000000000000000000000000000
01000000000000000000000000000000
01000000000000000000000000000000
01000000000000000000000000000000
01000000000000000000000000000000
01000000000000000000000000000000
01000000000000000000000000000000
01000000000000000000000000000000
01000000000000000000000000000000
01000000000000000000000000000000
01000000000000000000000000000000
01000000000000000000000000000000
01000000000000000000000000000000
01000000000000000000000000000000
01000000000000000000000000000000
01000000000000000000000000000000
01000000000000000000000000000000
01000000000000000000000000000000
01000000000000000000000000000000
01000000000000000000000000000000
01000000000000000000000000000000
01000000000000000000000000000000
01000000000000000000000000000000
01000000000000000000000000000000
01000000000000000000000000000000
01000000000000000000000000000000
01000000000000000000000000000000
01000000000000000000000000000000
01000000000000000000000000000000
01000000000000000000000000000000
01000000000000000000000000000000
01000000000000000000000000000000
01000000000000000000000000000000
01000000000000000000000000000000
01000000000000000000000000000000
01000000000000000000000000000000
01000000000000000000000000000000
01000000000000000000000000000000
01000000000000000000000000000000
01000000000000000000000000000000
01000000000000000000000000000000
01000000000000000000000000000000
01000000000000000000000000000000
01000000000000000000000000000000
01000000000000000000000000000000
01000000000000000000000000000000
01000000000000000000000000000000
01000000000000000000000000000000
01000000000000000000000000000000
01000000000000000000000000000000
01000000000000000000000000000000
01000000000000000000000000000000
01000000000000000000000000000000
01000000000000000000000000000000
01000000000000000000000000000000
01000000000000000000000000000000
01000000000000000000000000000000
01000000000000000000000000000000
01000000000000000000000000000000
01000000000000000000000000000000
01000000000000000000000000000000
01000000000000000000000000000000
01000000000000000000000000000000
01000000000000000000000000000000
01000000000000000000000000000000
01000000000000000000000000000000
01000000000000000000000000000000
01000000000000000000000000000000
01000000000000000000000000000000
01000000000000000000000000000000
01000000000000000000000000000000
01000000000000000000000000000000
01000000000000000000000000000000
01000000000000000000000000000000
01000000000000000000000000000000
01000000000000000000000000000000
01000000000000000000000000000000
01000000000000000000000000000000
01000000000000000000000000000000
01000000000000000000000000000000
01000000000000000000000000000000
01000000000000000000000000000000
01000000000000000000000000000000
01000000000000000000000000000000
01000000000000000000000000000000
01000000000000000000000000000000
01000000000000000000000000000000
01000000000000000000000000000000
01000000000000000000000000000000
01000000000000000000000000000000
01000000000000000000000000000000
01000000000000000000000000000000
01000000000000000000000000000000
01000000000000000000000000000000
01000000000000000000000000000000
01000000000000000000000000000000
01000000000000000000000000000000
01000000000000000000000000000000
01000000000000000000000000000000
01000000000000000000000000000000
01000000000000000000000000000000
01000000000000000000000000000000
01000000000000000000000000000000
01000000000000000000000000000000
01000000000000000000000000000000
01000000000000000000000000000000
01000000000000000000000000000000
01000000000000000000000000000000
01000000000000000000000000000000
01000000000000000000000000000000
01000000000000000000000000000000
01000000000000000000000000000000
01000000000000000000000000000000
01000000000000000000000000000000
01000000000000000000000000000000
01000000000000000000000000000000
01000000000000000000000000000000
01000000000000000000000000000000
01000000000000000000000000000000
01000000000000000000000000000000
01000000000000000000000000000000
01000000000000000000000000000000
01000000000000000000000000000000
01000000000000000000000000000000
01000000000000000000000000000000
01000000000000000000000000000000
01000000000000000000000000000000
01000000000000000000000000000000
01000000000000000000000000000000
01000000000000000000000000000000
01000000000000000000000000000000
01000000000000000000000000000000
01000000000000000000000000000000
01000000000000000000000000000000
01000000000000000000000000000000
01000000000000000000000000000000
01000000000000000000000000000000
01000000000000000000000000000000
01000000000000000000000000000000
01000000000000000000000000000000
01000000000000000000000000000000
01000000000000000000000000000000
01000000000000000000000000000000
01000000000000000000000000000000
01000000000000000000000000000000
01000000000000000000000000000000
01000000000000000000000000000000
01000000000000000000000000000000
01000000000000000000000000000000
01000000000000000000000000000000
01000000000000000000000000000000
01000000000000000000000000000000
01000000000000000000000000000000
01000000000000000000000000000000
01000000000000000000000000000000
01000000000000000000000000000000
01000000000000000000000000000000
01000000000000000000000000000000
01000000000000000000000000000000
01000000000000000000000000000000
01000000000000000000000000000000
01000000000000000000000000000000
01000000000000000000000000000000
01000000000000000000000000000000
01000000000000000000000000000000
01000000000000000000000000000000
01000000000000000000000000000000
01000000000000000000000000000000
01000000000000000000000000000000
01000000000000000000000000000000
01000000000000000000000000000000
01000000000000000000000000000000
01000000000000000000000000000000
01000000000000000000000000000000
01000000000000000000000000000000
01000000000000000000000000000000
01000000000000000000000000000000
01000000000000000000000000000000
01000000000000000000000000000000
01000000000000000000000000000000
01000000000000000000000000000000
01000000000000000000000000000000
01000000000000000000000000000000
01000000000000000000000000000000
01000000000000000000000000000000
01000000000000000000000000000000
01000000000000000000000000000000
01000000000000000000000000000000
01000000000000000000000000000000
01000000000000000000000000000000
01000000000000000000000000000000
01000000000000000000000000000000
01000000000000000000000000000000
01000000000000000000000000000000
01000000000000000000000000000000
01000000000000000000000000000000
01000000000000000000000000000000
01000000000000000000000000000000
01000000000000000000000000000000
01000000000000000000000000000000
01000000000000000000000000000000
01000000000000000000000000000000
01000000000000000000000000000000
01000000000000000000000000000000
01000000000000000000000000000000
01000000000000000000000000000000
01000000000000000000000000000000
01000000000000000000000000000000
01000000000000000000000000000000
01000000000000000000000000000000
01000000000000000000000000000000
01000000000000000000000000000000
01000000000000000000000000000000
01000000000000000000000000000000
01000000000000000000000000000000
01000000000000000000000000000000
01000000000000000000000000000000
01000000000000000000000000000000
01000000000000000000000000000000
01000000000000000000000000000000
01000000000000000000000000000000
01000000000000000000000000000000
01000000000000000000000000000000
01000000000000000000000000000000
01000000000000000000000000000000
01000000000000000000000000000000
01000000000000000000000000000000
01000000000000000000000000000000
01000000000000000000000000000000
01000000000000000000000000000000
01000000000000000000000000000000
01000000000000000000000000000000
01000000000000000000000000000000
01000000000000000000000000000000
01000000000000000000000000000000
01000000000000000000000000000000
01000000000000000000000000000000
01000000000000000000000000000000
01000000000000000000000000000000
01000000000000000000000000000000
01000000000000000000000000000000
01000000000000000000000000000000
01000000000000000000000000000000
01000000000000000000000000000000
01000000000000000000000000000000
01000000000000000000000000000000
01000000000000000000000000000000
01000000000000000000000000000000
01000000000000000000000000000000
01000000000000000000000000000000
01000000000000000000000000000000
01000000000000000000000000000000
01000000000000000000000000000000
01000000000000000000000000000000
01000000000000000000000000000000
01000000000000000000000000000000
01000000000000000000000000000000
01000000000000000000000000000000
01000000000000000000000000000000
01000000000000000000000000000000
01000000000000000000000000000000
01000000000000000000000000000000
01000000000000000000000000000000
01000000000000000000000000000000
01000000000000000000000000000000
01000000000000000000000000000000
01000000000000000000000000000000
01000000000000000000000000000000
01000000000000000000000000000000
01000000000000000000000000000000
01000000000000000000000000000000
01000000000000000000000000000000
01000000000000000000000000000000
01000000000000000000000000000000
01000000000000000000000000000000
01000000000000000000000000000000
01000000000000000000000000000000
01000000000000000000000000000000
01000000000000000000000000000000
01000000000000000000000000000000
01000000000000000000000000000000
01000000000000000000000000000000
01000000000000000000000000000000
01000000000000000000000000000000
01000000000000000000000000000000
01000000000000000000000000000000
01000000000000000000000000000000
01000000000000000000000000000000
01000000000000000000000000000000
01000000000000000000000000000000
01000000000000000000000000000000
01000000000000000000000000000000
01000000000000000000000000000000
01000000000000000000000000000000
01000000000000000000000000000000
01000000000000000000000000000000
01000000000000000000000000000000
01000000000000000000000000000000
01000000000000000000000000000000
01000000000000000000000000000000
01000000000000000000000000000000
01000000000000000000000000000000
01000000000000000000000000000000
01000000000000000000000000000000
01000000000000000000000000000000
01000000000000000000000000000000
01000000000000000000000000000000
01000000000000000000000000000000
01000000000000000000000000000000
01000000000000000000000000000000
01000000000000000000000000000000
01000000000000000000000000000000
01000000000000000000000000000000
01000000000000000000000000000000
01000000000000000000000000000000
01000000000000000000000000000000
01000000000000000000000000000000
01000000000000000000000000000000
01000000000000000000000000000000
01000000000000000000000000000000
01000000000000000000000000000000
01000000000000000000000000000000
01000000000000000000000000000000
01000000000000000000000000000000
01000000000000000000000000000000
01000000000000000000000000000000
01000000000000000000000000000000
01000000000000000000000000000000
01000000000000000000000000000000
01000000000000000000000000000000
01000000000000000000000000000000
01000000000000000000000000000000
01000000000000000000000000000000
01000000000000000000000000000000
01000000000000000000000000000000
01000000000000000000000000000000
01000000000000000000000000000000
01000000000000000000000000000000
01000000000000000000000000000000
01000000000000000000000000000000
01000000000000000000000000000000
01000000000000000000000000000000
01000000000000000000000000000000
01000000000000000000000000000000
01000000000000000000000000000000
01000000000000000000000000000000
01000000000000000000000000000000
01000000000000000000000000000000
01000000000000000000000000000000
01000000000000000000000000000000
01000000000000000000000000000000
01000000000000000000000000000000
01000000000000000000000000000000
01000000000000000000000000000000
01000000000000000000000000000000
01000000000000000000000000000000
01000000000000000000000000000000
01000000000000000000000000000000
01000000000000000000000000000000
01000000000000000000000000000000
01000000000000000000000000000000
01000000000000000000000000000000
01000000000000000000000000000000
01000000000000000000000000000000
01000000000000000000000000000000
01000000000000000000000000000000
01000000000000000000000000000000
01000000000000000000000000000000
01000000000000000000000000000000
01000000000000000000000000000000
01000000000000000000000000000000
01000000000000000000000000000000
01000000000000000000000000000000
01000000000000000000000000000000
01000000000000000000000000000000
01000000000000000000000000000000
01000000000000000000000000000000
01000000000000000000000000000000
01000000000000000000000000000000
01000000000000000000000000000000
01000000000000000000000000000000
01000000000000000000000000000000
01000000000000000000000000000000
01000000000000000000000000000000
01000000000000000000000000000000
01000000000000000000000000000000
01000000000000000000000000000000
01000000000000000000000000000000
01000000000000000000000000000000
01000000000000000000000000000000
01000000000000000000000000000000
01000000000000000000000000000000
01000000000000000000000000000000
01000000000000000000000000000000
01000000000000000000000000000000
01000000000000000000000000000000
01000000000000000000000000000000
01000000000000000000000000000000
01000000000000000000000000000000
01000000000000000000000000000000
01000000000000000000000000000000
01000000000000000000000000000000
01000000000000000000000000000000
01000000000000000000000000000000
01000000000000000000000000000000
01000000000000000000000000000000
01000000000000000000000000000000
01000000000000000000000000000000
01000000000000000000000000000000
01000000000000000000000000000000
01000000000000000000000000000000
01000000000000000000000000000000
01000000000000000000000000000000
01000000000000000000000000000000
01000000000000000000000000000000
01000000000000000000000000000000
01000000000000000000000000000000
01000000000000000000000000000000
01000000000000000000000000000000
01000000000000000000000000000000
01000000000000000000000000000000
01000000000000000000000000000000
01000000000000000000000000000000
01000000000000000000000000000000
01000000000000000000000000000000
01000000000000000000000000000000
01000000000000000000000000000000
01000000000000000000000000000000
01000000000000000000000000000000
01000000000000000000000000000000
01000000000000000000000000000000
01000000000000000000000000000000
01000000000000000000000000000000
01000000000000000000000000000000
01000000000000000000000000000000
01000000000000000000000000000000
01000000000000000000000000000000
01000000000000000000000000000000
01000000000000000000000000000000
01000000000000000000000000000000
01000000000000000000000000000000
01000000000000000000000000000000
01000000000000000000000000000000
01000000000000000000000000000000
01000000000000000000000000000000
01000000000000000000000000000000
01000000000000000000000000000000
01000000000000000000000000000000
01000000000000000000000000000000
01000000000000000000000000000000
01000000000000000000000000000000
01000000000000000000000000000000
01000000000000000000000000000000
01000000000000000000000000000000
01000000000000000000000000000000
01000000000000000000000000000000
01000000000000000000000000000000
01000000000000000000000000000000
01000000000000000000000000000000
01000000000000000000000000000000
01000000000000000000000000000000
01000000000000000000000000000000
01000000000000000000000000000000
01000000000000000000000000000000
01000000000000000000000000000000
01000000000000000000000000000000
01000000000000000000000000000000
01000000000000000000000000000000
01000000000000000000000000000000
01000000000000000000000000000000
01000000000000000000000000000000
01000000000000000000000000000000
01000000000000000000000000000000
01000000000000000000000000000000
01000000000000000000000000000000
01000000000000000000000000000000
01000000000000000000000000000000
01000000000000000000000000000000
01000000000000000000000000000000
01000000000000000000000000000000
01000000000000000000000000000000
01000000000000000000000000000000
01000000000000000000000000000000
01000000000000000000000000000000
01000000000000000000000000000000
01000000000000000000000000000000
01000000000000000000000000000000
01000000000000000000000000000000
01000000000000000000000000000000
01000000000000000000000000000000
01000000000000000000000000000000
01000000000000000000000000000000
01000000000000000000000000000000
01000000000000000000000000000000
01000000000000000000000000000000
01000000000000000000000000000000
01000000000000000000000000000000
01000000000000000000000000000000
01000000000000000000000000000000
01000000000000000000000000000000
01000000000000000000000000000000
01000000000000000000000000000000
01000000000000000000000000000000
01000000000000000000000000000000
01000000000000000000000000000000
01000000000000000000000000000000
01000000000000000000000000000000
01000000000000000000000000000000
01000000000000000000000000000000
01000000000000000000000000000000
01000000000000000000000000000000
01000000000000000000000000000000
01000000000000000000000000000000
01000000000000000000000000000000
01000000000000000000000000000000
01000000000000000000000000000000
01000000000000000000000000000000
01000000000000000000000000000000
01000000000000000000000000000000
01000000000000000000000000000000
01000000000000000000000000000000
01000000000000000000000000000000
01000000000000000000000000000000
01000000000000000000000000000000
01000000000000000000000000000000
01000000000000000000000000000000
01000000000000000000000000000000
01000000000000000000000000000000
01000000000000000000000000000000
01000000000000000000000000000000
01000000000000000000000000000000
01000000000000000000000000000000
01000000000000000000000000000000
01000000000000000000000000000000
01000000000000000000000000000000
01000000000000000000000000000000
01000000000000000000000000000000
01000000000000000000000000000000
01000000000000000000000000000000
01000000000000000000000000000000
01000000000000000000000000000000
01000000000000000000000000000000
01000000000000000000000000000000
01000000000000000000000000000000
01000000000000000000000000000000
01000000000000000000000000000000
01000000000000000000000000000000
01000000000000000000000000000000
01000000000000000000000000000000
01000000000000000000000000000000
01000000000000000000000000000000
01000000000000000000000000000000
01000000000000000000000000000000
01000000000000000000000000000000
01000000000000000000000000000000
01000000000000000000000000000000
01000000000000000000000000000000
01000000000000000000000000000000
01000000000000000000000000000000
01000000000000000000000000000000
01000000000000000000000000000000
01000000000000000000000000000000
01000000000000000000000000000000
01000000000000000000000000000000
01000000000000000000000000000000
01000000000000000000000000000000
01000000000000000000000000000000
01000000000000000000000000000000
01000000000000000000000000000000
01000000000000000000000000000000
01000000000000000000000000000000
01000000000000000000000000000000
01000000000000000000000000000000
01000000000000000000000000000000
01000000000000000000000000000000
01000000000000000000000000000000
01000000000000000000000000000000
01000000000000000000000000000000
01000000000000000000000000000000
01000000000000000000000000000000
01000000000000000000000000000000
01000000000000000000000000000000
01000000000000000000000000000000
01000000000000000000000000000000
01000000000000000000000000000000
01000000000000000000000000000000
01000000000000000000000000000000
01000000000000000000000000000000
01000000000000000000000000000000
01000000000000000000000000000000
01000000000000000000000000000000
01000000000000000000000000000000
01000000000000000000000000000000
01000000000000000000000000000000
01000000000000000000000000000000
01000000000000000000000000000000
01000000000000000000000000000000
01000000000000000000000000000000
01000000000000000000000000000000
01000000000000000000000000000000
01000000000000000000000000000000
01000000000000000000000000000000
01000000000000000000000000000000
01000000000000000000000000000000
01000000000000000000000000000000
01000000000000000000000000000000
01000000000000000000000000000000
01000000000000000000000000000000
01000000000000000000000000000000
01000000000000000000000000000000
01000000000000000000000000000000
01000000000000000000000000000000
01000000000000000000000000000000
01000000000000000000000000000000
01000000000000000000000000000000
01000000000000000000000000000000
01000000000000000000000000000000
01000000000000000000000000000000
01000000000000000000000000000000
01000000000000000000000000000000
01000000000000000000000000000000
01000000000000000000000000000000
01000000000000000000000000000000
01000000000000000000000000000000
01000000000000000000000000000000
01000000000000000000000000000000
01000000000000000000000000000000
01000000000000000000000000000000
01000000000000000000000000000000
01000000000000000000000000000000
01000000000000000000000000000000
01000000000000000000000000000000
01000000000000000000000000000000
01000000000000000000000000000000
01000000000000000000000000000000
01000000000000000000000000000000
01000000000000000000000000000000
01000000000000000000000000000000
01000000000000000000000000000000
01000000000000000000000000000000
01000000000000000000000000000000
01000000000000000000000000000000
01000000000000000000000000000000
01000000000000000000000000000000
01000000000000000000000000000000
01000000000000000000000000000000
01000000000000000000000000000000
01000000000000000000000000000000
01000000000000000000000000000000
01000000000000000000000000000000
01000000000000000000000000000000
01000000000000000000000000000000
01000000000000000000000000000000
01000000000000000000000000000000
01000000000000000000000000000000
01000000000000000000000000000000
01000000000000000000000000000000
01000000000000000000000000000000
01000000000000000000000000000000
01000000000000000000000000000000
01000000000000000000000000000000
01000000000000000000000000000000
01000000000000000000000000000000
01000000000000000000000000000000
01000000000000000000000000000000
01000000000000000000000000000000
01000000000000000000000000000000
01000000000000000000000000000000
01000000000000000000000000000000
01000000000000000000000000000000
01000000000000000000000000000000
01000000000000000000000000000000
01000000000000000000000000000000
01000000000000000000000000000000
01000000000000000000000000000000
01000000000000000000000000000000
01000000000000000000000000000000
01000000000000000000000000000000
01000000000000000000000000000000
01000000000000000000000000000000
01000000000000000000000000000000
01000000000000000000000000000000
01000000000000000000000000000000
01000000000000000000000000000000
01000000000000000000000000000000
01000000000000000000000000000000
01000000000000000000000000000000
01000000000000000000000000000000
01000000000000000000000000000000
01000000000000000000000000000000
01000000000000000000000000000000
01000000000000000000000000000000
01000000000000000000000000000000
01000000000000000000000000000000
01000000000000000000000000000000
01000000000000000000000000000000
01000000000000000000000000000000
01000000000000000000000000000000
01000000000000000000000000000000
01000000000000000000000000000000
01000000000000000000000000000000
01000000000000000000000000000000
01000000000000000000000000000000
01000000000000000000000000000000
01000000000000000000000000000000
01000000000000000000000000000000
01000000000000000000000000000000
01000000000000000000000000000000
01000000000000000000000000000000
01000000000000000000000000000000
01000000000000000000000000000000
01000000000000000000000000000000
01000000000000000000000000000000
01000000000000000000000000000000
01000000000000000000000000000000
01000000000000000000000000000000
01000000000000000000000000000000
01000000000000000000000000000000
01000000000000000000000000000000
01000000000000000000000000000000
01000000000000000000000000000000
01000000000000000000000000000000
01000000000000000000000000000000
01000000000000000000000000000000
01000000000000000000000000000000
01000000000000000000000000000000
01000000000000000000000000000000
01000000000000000000000000000000
01000000000000000000000000000000
01000000000000000000000000000000
01000000000000000000000000000000
01000000000000000000000000000000
01000000000000000000000000000000
01000000000000000000000000000000
01000000000000000000000000000000
01000000000000000000000000000000
01000000000000000000000000000000
01000000000000000000000000000000
01000000000000000000000000000000
01000000000000000000000000000000
01000000000000000000000000000000
01000000000000000000000000000000
01000000000000000000000000000000
01000000000000000000000000000000
01000000000000000000000000000000
01000000000000000000000000000000
01000000000000000000000000000000
01000000000000000000000000000000
01000000000000000000000000000000
01000000000000000000000000000000
01000000000000000000000000000000
01000000000000000000000000000000
01000000000000000000000000000000
01000000000000000000000000000000
01000000000000000000000000000000
01000000000000000000000000000000
01000000000000000000000000000000
01000000000000000000000000000000
01000000000000000000000000000000
01000000000000000000000000000000
01000000000000000000000000000000
01000000000000000000000000000000
01000000000000000000000000000000
01000000000000000000000000000000
01000000000000000000000000000000
01000000000000000000000000000000
01000000000000000000000000000000
01000000000000000000000000000000
01000000000000000000000000000000
01000000000000000000000000000000
01000000000000000000000000000000
01000000000000000000000000000000
01000000000000000000000000000000
01000000000000000000000000000000
01000000000000000000000000000000
01000000000000000000000000000000
01000000000000000000000000000000
01000000000000000000000000000000
01000000000000000000000000000000
01000000000000000000000000000000
01000000000000000000000000000000
01000000000000000000000000000000
01000000000000000000000000000000
01000000000000000000000000000000
01000000000000000000000000000000
01000000000000000000000000000000
01000000000000000000000000000000
01000000000000000000000000000000
01000000000000000000000000000000
01000000000000000000000000000000
01000000000000000000000000000000
01000000000000000000000000000000
01000000000000000000000000000000
01000000000000000000000000000000
01000000000000000000000000000000
01000000000000000000000000000000
01000000000000000000000000000000
01000000000000000000000000000000
01000000000000000000000000000000
01000000000000000000000000000000
01000000000000000000000000000000
01000000000000000000000000000000
01000000000000000000000000000000
01000000000000000000000000000000
01000000000000000000000000000000
01000000000000000000000000000000
01000000000000000000000000000000
01000000000000000000000000000000
01000000000000000000000000000000
01000000000000000000000000000000
01000000000000000000000000000000
01000000000000000000000000000000
01000000000000000000000000000000
01000000000000000000000000000000
01000000000000000000000000000000
01000000000000000000000000000000
01000000000000000000000000000000
01000000000000000000000000000000
01000000000000000000000000000000
01000000000000000000000000000000
01000000000000000000000000000000
01000000000000000000000000000000
01000000000000000000000000000000
01000000000000000000000000000000
01000000000000000000000000000000
01000000000000000000000000000000
01000000000000000000000000000000
01000000000000000000000000000000
01000000000000000000000000000000
01000000000000000000000000000000
01000000000000000000000000000000
01000000000000000000000000000000
01000000000000000000000000000000
01000000000000000000000000000000
01000000000000000000000000000000
01000000000000000000000000000000
01000000000000000000000000000000
01000000000000000000000000000000
01000000000000000000000000000000
01000000000000000000000000000000
01000000000000000000000000000000
01000000000000000000000000000000
01000000000000000000000000000000
01000000000000000000000000000000
01000000000000000000000000000000
01000000000000000000000000000000
01000000000000000000000000000000
01000000000000000000000000000000
01000000000000000000000000000000
01000000000000000000000000000000
01000000000000000000000000000000
01000000000000000000000000000000
01000000000000000000000000000000
01000000000000000000000000000000
01000000000000000000000000000000
01000000000000000000000000000000
01000000000000000000000000000000
01000000000000000000000000000000
01000000000000000000000000000000
01000000000000000000000000000000
01000000000000000000000000000000
01000000000000000000000000000000
01000000000000000000000000000000
01000000000000000000000000000000
01000000000000000000000000000000
01000000000000000000000000000000
01000000000000000000000000000000
01000000000000000000000000000000
01000000000000000000000000000000
01000000000000000000000000000000
01000000000000000000000000000000
01000000000000000000000000000000
01000000000000000000000000000000
01000000000000000000000000000000
01000000000000000000000000000000
01000000000000000000000000000000
01000000000000000000000000000000
01000000000000000000000000000000
01000000000000000000000000000000
01000000000000000000000000000000
01000000000000000000000000000000
01000000000000000000000000000000
01000000000000000000000000000000
01000000000000000000000000000000
01000000000000000000000000000000
01000000000000000000000000000000
01000000000000000000000000000000
01000000000000000000000000000000
01000000000000000000000000000000
01000000000000000000000000000000
01000000000000000000000000000000
01000000000000000000000000000000
01000000000000000000000000000000
01000000000000000000000000000000
01000000000000000000000000000000
01000000000000000000000000000000
01000000000000000000000000000000
01000000000000000000000000000000
01000000000000000000000000000000
01000000000000000000000000000000
01000000000000000000000000000000
01000000000000000000000000000000
01000000000000000000000000000000
01000000000000000000000000000000
01000000000000000000000000000000
01000000000000000000000000000000
01000000000000000000000000000000
01000000000000000000000000000000
01000000000000000000000000000000
01000000000000000000000000000000
01000000000000000000000000000000
01000000000000000000000000000000
01000000000000000000000000000000
01000000000000000000000000000000
01000000000000000000000000000000
01000000000000000000000000000000
01000000000000000000000000000000
01000000000000000000000000000000
01000000000000000000000000000000
01000000000000000000000000000000
01000000000000000000000000000000
01000000000000000000000000000000
01000000000000000000000000000000
01000000000000000000000000000000
01000000000000000000000000000000
01000000000000000000000000000000
01000000000000000000000000000000
01000000000000000000000000000000
01000000000000000000000000000000
01000000000000000000000000000000
01000000000000000000000000000000
01000000000000000000000000000000
01000000000000000000000000000000
01000000000000000000000000000000
01000000000000000000000000000000
01000000000000000000000000000000
01000000000000000000000000000000
01000000000000000000000000000000
01000000000000000000000000000000
01000000000000000000000000000000
01000000000000000000000000000000
01000000000000000000000000000000
01000000000000000000000000000000
01000000000000000000000000000000
01000000000000000000000000000000
01000000000000000000000000000000
01000000000000000000000000000000
01000000000000000000000000000000
01000000000000000000000000000000
01000000000000000000000000000000
01000000000000000000000000000000
01000000000000000000000000000000
01000000000000000000000000000000
01000000000000000000000000000000
01000000000000000000000000000000
01000000000000000000000000000000
01000000000000000000000000000000
01000000000000000000000000000000
01000000000000000000000000000000
01000000000000000000000000000000
01000000000000000000000000000000
01000000000000000000000000000000
01000000000000000000000000000000
01000000000000000000000000000000
01000000000000000000000000000000
01000000000000000000000000000000
01000000000000000000000000000000
01000000000000000000000000000000
01000000000000000000000000000000
01000000000000000000000000000000
01000000000000000000000000000000
01000000000000000000000000000000
01000000000000000000000000000000
01000000000000000000000000000000
01000000000000000000000000000000
01000000000000000000000000000000
01000000000000000000000000000000
01000000000000000000000000000000
01000000000000000000000000000000
01000000000000000000000000000000
01000000000000000000000000000000
01000000000000000000000000000000
01000000000000000000000000000000
01000000000000000000000000000000
01000000000000000000000000000000
01000000000000000000000000000000
01000000000000000000000000000000
01000000000000000000000000000000
01000000000000000000000000000000
01000000000000000000000000000000
01000000000000000000000000000000
01000000000000000000000000000000
01000000000000000000000000000000
01000000000000000000000000000000
01000000000000000000000000000000
01000000000000000000000000000000
01000000000000000000000000000000
01000000000000000000000000000000
01000000000000000000000000000000
01000000000000000000000000000000
01000000000000000000000000000000
01000000000000000000000000000000
01000000000000000000000000000000
01000000000000000000000000000000
01000000000000000000000000000000
01000000000000000000000000000000
01000000000000000000000000000000
01000000000000000000000000000000
01000000000000000000000000000000
01000000000000000000000000000000
01000000000000000000000000000000
01000000000000000000000000000000
01000000000000000000000000000000
01000000000000000000000000000000
01000000000000000000000000000000
01000000000000000000000000000000
01000000000000000000000000000000
01000000000000000000000000000000
01000000000000000000000000000000
01000000000000000000000000000000
01000000000000000000000000000000
01000000000000000000000000000000
01000000000000000000000000000000
01000000000000000000000000000000
01000000000000000000000000000000
01000000000000000000000000000000
01000000000000000000000000000000
01000000000000000000000000000000
01000000000000000000000000000000
01000000000000000000000000000000
01000000000000000000000000000000
01000000000000000000000000000000
01000000000000000000000000000000
01000000000000000000000000000000
01000000000000000000000000000000
01000000000000000000000000000000
01000000000000000000000000000000
01000000000000000000000000000000
01000000000000000000000000000000
01000000000000000000000000000000
01000000000000000000000000000000
01000000000000000000000000000000
01000000000000000000000000000000
01000000000000000000000000000000
01000000000000000000000000000000
01000000000000000000000000000000
01000000000000000000000000000000
01000000000000000000000000000000
01000000000000000000000000000000
01000000000000000000000000000000
01000000000000000000000000000000
01000000000000000000000000000000
01000000000000000000000000000000
01000000000000000000000000000000
01000000000000000000000000000000
01000000000000000000000000000000
01000000000000000000000000000000
01000000000000000000000000000000
01000000000000000000000000000000
01000000000000000000000000000000
01000000000000000000000000000000
01000000000000000000000000000000
01000000000000000000000000000000
01000000000000000000000000000000
01000000000000000000000000000000
01000000000000000000000000000000
01000000000000000000000000000000
01000000000000000000000000000000
01000000000000000000000000000000
01000000000000000000000000000000
01000000000000000000000000000000
01000000000000000000000000000000
01000000000000000000000000000000
01000000000000000000000000000000
01000000000000000000000000000000
01000000000000000000000000000000
01000000000000000000000000000000
01000000000000000000000000000000
01000000000000000000000000000000
01000000000000000000000000000000
01000000000000000000000000000000
01000000000000000000000000000000
01000000000000000000000000000000
01000000000000000000000000000000
01000000000000000000000000000000
01000000000000000000000000000000
01000000000000000000000000000000
01000000000000000000000000000000
01000000000000000000000000000000
01000000000000000000000000000000
01000000000000000000000000000000
01000000000000000000000000000000
01000000000000000000000000000000
01000000000000000000000000000000
01000000000000000000000000000000
01000000000000000000000000000000
01000000000000000000000000000000
01000000000000000000000000000000
01000000000000000000000000000000
01000000000000000000000000000000
01000000000000000000000000000000
01000000000000000000000000000000
01000000000000000000000000000000
01000000000000000000000000000000
01000000000000000000000000000000
01000000000000000000000000000000
01000000000000000000000000000000
01000000000000000000000000000000
01000000000000000000000000000000
01000000000000000000000000000000
01000000000000000000000000000000
01000000000000000000000000000000
01000000000000000000000000000000
01000000000000000000000000000000
01000000000000000000000000000000
01000000000000000000000000000000
01000000000000000000000000000000
01000000000000000000000000000000
01000000000000000000000000000000
01000000000000000000000000000000
01000000000000000000000000000000
01000000000000000000000000000000
01000000000000000000000000000000
01000000000000000000000000000000
01000000000000000000000000000000
01000000000000000000000000000000
01000000000000000000000000000000
01000000000000000000000000000000
01000000000000000000000000000000
01000000000000000000000000000000
01000000000000000000000000000000
01000000000000000000000000000000
01000000000000000000000000000000
01000000000000000000000000000000
01000000000000000000000000000000
01000000000000000000000000000000
01000000000000000000000000000000
01000000000000000000000000000000
01000000000000000000000000000000
01000000000000000000000000000000
01000000000000000000000000000000
01000000000000000000000000000000
01000000000000000000000000000000
01000000000000000000000000000000
01000000000000000000000000000000
01000000000000000000000000000000
01000000000000000000000000000000
01000000000000000000000000000000
01000000000000000000000000000000
01000000000000000000000000000000
01000000000000000000000000000000
01000000000000000000000000000000
01000000000000000000000000000000
01000000000000000000000000000000
01000000000000000000000000000000
01000000000000000000000000000000
01000000000000000000000000000000
01000000000000000000000000000000
01000000000000000000000000000000
01000000000000000000000000000000
01000000000000000000000000000000
01000000000000000000000000000000
01000000000000000000000000000000
01000000000000000000000000000000
01000000000000000000000000000000
01000000000000000000000000000000
01000000000000000000000000000000
01000000000000000000000000000000
01000000000000000000000000000000
01000000000000000000000000000000
01000000000000000000000000000000
01000000000000000000000000000000
01000000000000000000000000000000
01000000000000000000000000000000
01000000000000000000000000000000
01000000000000000000000000000000
01000000000000000000000000000000
01000000000000000000000000000000
01000000000000000000000000000000
01000000000000000000000000000000
01000000000000000000000000000000
01000000000000000000000000000000
01000000000000000000000000000000
01000000000000000000000000000000
01000000000000000000000000000000
01000000000000000000000000000000
01000000000000000000000000000000
01000000000000000000000000000000
01000000000000000000000000000000
01000000000000000000000000000000
01000000000000000000000000000000
01000000000000000000000000000000
01000000000000000000000000000000
01000000000000000000000000000000
01000000000000000000000000000000
01000000000000000000000000000000
01000000000000000000000000000000
01000000000000000000000000000000
01000000000000000000000000000000
01000000000000000000000000000000
01000000000000000000000000000000
01000000000000000000000000000000
01000000000000000000000000000000
01000000000000000000000000000000
01000000000000000000000000000000
01000000000000000000000000000000
01000000000000000000000000000000
01000000000000000000000000000000
01000000000000000000000000000000
01000000000000000000000000000000
01000000000000000000000000000000
01000000000000000000000000000000
01000000000000000000000000000000
01000000000000000000000000000000
01000000000000000000000000000000
01000000000000000000000000000000
01000000000000000000000000000000
01000000000000000000000000000000
01000000000000000000000000000000
01000000000000000000000000000000
01000000000000000000000000000000
01000000000000000000000000000000
01000000000000000000000000000000
01000000000000000000000000000000
01000000000000000000000000000000
01000000000000000000000000000000
01000000000000000000000000000000
01000000000000000000000000000000
01000000000000000000000000000000
01000000000000000000000000000000
01000000000000000000000000000000
01000000000000000000000000000000
01000000000000000000000000000000
01000000000000000000000000000000
01000000000000000000000000000000
01000000000000000000000000000000
01000000000000000000000000000000
01000000000000000000000000000000
01000000000000000000000000000000
01000000000000000000000000000000
01000000000000000000000000000000
01000000000000000000000000000000
01000000000000000000000000000000
01000000000000000000000000000000
01000000000000000000000000000000
01000000000000000000000000000000
01000000000000000000000000000000
01000000000000000000000000000000
01000000000000000000000000000000
01000000000000000000000000000000
01000000000000000000000000000000
01000000000000000000000000000000
01000000000000000000000000000000
01000000000000000000000000000000
01000000000000000000000000000000
01000000000000000000000000000000
01000000000000000000000000000000
01000000000000000000000000000000
01000000000000000000000000000000
01000000000000000000000000000000
01000000000000000000000000000000
01000000000000000000000000000000
01000000000000000000000000000000
01000000000000000000000000000000
01000000000000000000000000000000
01000000000000000000000000000000
01000000000000000000000000000000
01000000000000000000000000000000
01000000000000000000000000000000
01000000000000000000000000000000
01000000000000000000000000000000
01000000000000000000000000000000
01000000000000000000000000000000
01000000000000000000000000000000
01000000000000000000000000000000
01000000000000000000000000000000
01000000000000000000000000000000
01000000000000000000000000000000
01000000000000000000000000000000
01000000000000000000000000000000
01000000000000000000000000000000
01000000000000000000000000000000
01000000000000000000000000000000
01000000000000000000000000000000
01000000000000000000000000000000
01000000000000000000000000000000
01000000000000000000000000000000
01000000000000000000000000000000
01000000000000000000000000000000
01000000000000000000000000000000
01000000000000000000000000000000
01000000000000000000000000000000
01000000000000000000000000000000
01000000000000000000000000000000
01000000000000000000000000000000
01000000000000000000000000000000
01000000000000000000000000000000
01000000000000000000000000000000
01000000000000000000000000000000
01000000000000000000000000000000
01000000000000000000000000000000
01000000000000000000000000000000
01000000000000000000000000000000
01000000000000000000000000000000
01000000000000000000000000000000
01000000000000000000000000000000
01000000000000000000000000000000
01000000000000000000000000000000
01000000000000000000000000000000
01000000000000000000000000000000
01000000000000000000000000000000
01000000000000000000000000000000
01000000000000000000000000000000
01000000000000000000000000000000
01000000000000000000000000000000
01000000000000000000000000000000
01000000000000000000000000000000
01000000000000000000000000000000
01000000000000000000000000000000
01000000000000000000000000000000
01000000000000000000000000000000
01000000000000000000000000000000
01000000000000000000000000000000
01000000000000000000000000000000
01000000000000000000000000000000
01000000000000000000000000000000
01000000000000000000000000000000
01000000000000000000000000000000
01000000000000000000000000000000
01000000000000000000000000000000
01000000000000000000000000000000
01000000000000000000000000000000
01000000000000000000000000000000
01000000000000000000000000000000
01000000000000000000000000000000
01000000000000000000000000000000
01000000000000000000000000000000
01000000000000000000000000000000
01000000000000000000000000000000
01000000000000000000000000000000
01000000000000000000000000000000
01000000000000000000000000000000
01000000000000000000000000000000
01000000000000000000000000000000
01000000000000000000000000000000
01000000000000000000000000000000
01000000000000000000000000000000
01000000000000000000000000000000
01000000000000000000000000000000
01000000000000000000000000000000
01000000000000000000000000000000
01000000000000000000000000000000
01000000000000000000000000000000
01000000000000000000000000000000
01000000000000000000000000000000
01000000000000000000000000000000
01000000000000000000000000000000
01000000000000000000000000000000
01000000000000000000000000000000
01000000000000000000000000000000
01000000000000000000000000000000
01000000000000000000000000000000
01000000000000000000000000000000
01000000000000000000000000000000
01000000000000000000000000000000
01000000000000000000000000000000
01000000000000000000000000000000
01000000000000000000000000000000
01000000000000000000000000000000
01000000000000000000000000000000
01000000000000000000000000000000
01000000000000000000000000000000
01000000000000000000000000000000
01000000000000000000000000000000
01000000000000000000000000000000
01000000000000000000000000000000
01000000000000000000000000000000
01000000000000000000000000000000
01000000000000000000000000000000
01000000000000000000000000000000
01000000000000000000000000000000
01000000000000000000000000000000
01000000000000000000000000000000
01000000000000000000000000000000
01000000000000000000000000000000
01000000000000000000000000000000
01000000000000000000000000000000
01000000000000000000000000000000
01000000000000000000000000000000
01000000000000000000000000000000
01000000000000000000000000000000
01000000000000000000000000000000
01000000000000000000000000000000
01000000000000000000000000000000
01000000000000000000000000000000
01000000000000000000000000000000
01000000000000000000000000000000
01000000000000000000000000000000
01000000000000000000000000000000
01000000000000000000000000000000
01000000000000000000000000000000
01000000000000000000000000000000
01000000000000000000000000000000
01000000000000000000000000000000
01000000000000000000000000000000
01000000000000000000000000000000
01000000000000000000000000000000
01000000000000000000000000000000
01000000000000000000000000000000
01000000000000000000000000000000
01000000000000000000000000000000
01000000000000000000000000000000
01000000000000000000000000000000
01000000000000000000000000000000
01000000000000000000000000000000
01000000000000000000000000000000
01000000000000000000000000000000
01000000000000000000000000000000
01000000000000000000000000000000
01000000000000000000000000000000
01000000000000000000000000000000
01000000000000000000000000000000
01000000000000000000000000000000
01000000000000000000000000000000
01000000000000000000000000000000
01000000000000000000000000000000
01000000000000000000000000000000
01000000000000000000000000000000
01000000000000000000000000000000
01000000000000000000000000000000
01000000000000000000000000000000
00000000000000000000000000001000
00000000000000000000000000000000
01100011011010110100000110111100
01101101010010111111010001100101
11101110011111100000101110101101
01101111010100011011101101101011
01110000111100100100000111110101
01101111010100011011101101101011
11101110011111100000101110101101
01101101010010111111010001100101
01100011011010110011111110101100
01101101010011010011010010100010
11101110110000000101100100101000
01101111010101001101001000001000
01110000111100100100000101000001
01101111010011101010101100101101
11101110011110110110100010110011
01101101010010101011011011001001
01100011011010110011101110010100
01101101010011100111011101111001
11101110110000011010111001000011
01101111010101111110111011111100
01110000111100100011111100100110
01101111010010111010000101010101
11101110011110001100100101110101
01101101010010010111101111011000
01100011011010110011010110100010
01101101010011111011110011100001
11101110110000110000010100011101
01101111010110110001001000111111
01110000111100100011101110100010
01101111010010001001110111101100
11101110011101100010111000000101
01101101010010000100001110011010
01100011011010110010111001100111
01101101010100010000010011001111
11101110110001000101110110101100
01101111010111100011101111001000
01110000111100100011011010111000
01101111010001011010000011111001
11101110011100111001011001111001
01101101010001110000111000010110
01100011011010110010011100101010
01101101010100100100111100111001
11101110110001011011011111100101
01101111011000010110101110001110
01110000111100100011000001100101
01101111010000101010101010000010
11101110011100010000001011100001
01101101010001011101101101010100
01100011011010110010001001100000
01101101010100111001110000010110
11101110110001110001001110111101
01101111011001001010000110001001
01110000111100100010100010101011
01101110111111110111010100011111
11101110011011100111001101010000
01101101010001001010101101011011
01100011011010110010010000111110
01101101010101001110101101011011
11101110110010000111000100101010
01101111011001111101110110101111
01110000111100100001111110001011
01101110111110011010001001001111
11101110011010111110011111011001
01101101010000110111111000110001
01100011011010110011001101101011
01101101010101100011110011111100
11101110110010011101000000011110
01101111011010110001111111110111
01110000111100100001010100000011
01101110111100111101110010100000
11101110011010010110000010001101
01101101010000100101001111011101
01100011011010110101100111000101
01101101010101111001000011101111
11101110110010110011000010001111
01101111011011100110100001010110
01110000111100100000100100010101
01101110111011100010010000100000
11101110011001101101110101111100
01101101010000010010110001100100
01100011011010111010010101010101
01101101010110001110011100100110
11101110110011001001001001110010
01101111011100011011011011000100
01110000111100011111101111000000
01101110111010000111100011011010
11101110011001000101111010110111
01101101010000000000011111001100
01100011011011000010100101001001
01101101010110100011111110010111
11101110110011011111010110111001
01101111011101010000101100110111
01110000111100011110110100000110
01101110111000101101101011011011
11101110011000011110010001001111
01101100111111011100110000110110
01100011011011001111111100100001
01101101010110111001101000110100
11101110110011110101101001011001
01101111011110000110010110100011
01110000111100011101110011100110
01101110110111010100101000101100
11101110010111110110111001010011
01101100111110111000111010101011
01100011011011100100011111100110
01101101010111001111011011110000
11101110110100001100000001000110
01101111011110111100010111111110
01110000111100011100101101100001
01101110110101111100011011011000
11101110010111001111110011010011
01101100111110010101011100000001
01100011011100000010110110001011
01101101010111100101010110111110
11101110110100100010011101110010
01101111011111110010110000111101
01110000111100011011100001110111
01101110110100100101000011101011
11101110010110101000111111011110
01101100111101110010010100111111
01100011011100101110010001011110
01101101010111111011011010010000
11101110110100111000111111010001
01101111110000010100110000101011
01110000111100011010010000101001
01101110110011001110100001101101
11101110010110000010011110000010
01101100111101001111100101101110
01100011011101101010110010011111
01101101011000010001100101010111
11101110110101001111100101010101
01101111110000110000010100011111
01110000111100011000111001111000
01101110110001111000110101101000
11101110010101011100001111001110
01101100111100101101001110010100
01100011011110111101010000101100
01101101011000100111111000000101
11101110110101100110001111110010
01101111110001001100000011110100
01110000111100010111011101100100
01101110110000100011111111100100
11101110010100110110010011001111
01101100111100001011001110111010
01100011110000010101110000100110
01101101011000111110010010001011
11101110110101111100111110011010
01101111110001100111111110100100
01110000111100010101111011101101
01101110011110011111111111010100
11101110010100010000101010010011
01101100111011101001100111100101
01100011110001011110001111001000
01101101011001010100110011011001
11101110110110010011110001000000
01101111110010000100000100101010
01110000111100010100010100010100
01101110011011111001101100000101
11101110010011101011010100100111
01101100111011001000011000011010
01100011110010111100000111101010
01101101011001101011011011011111
11101110110110101010100111010100
01101111110010100000010110000000
01110000111100010010100111011010
01101110011001010101000101100111
11101110010011000110010010011000
01101100111010100111100001011111
01100011110100110100001000101101
01101101011010000010001010001100
11101110110111000001100001001010
01101111110010111100110010011111
01110000111100010000110101000000
01101110010110110010001100001011
11101110010010100001100011110001
01101100111010000111000010110111
01100011110111001011101111111100
01101101011010011000111111010001
11101110110111011000011110010011
01101111110011011001011010000001
01110000111100001110111101000111
01101110010100010000111111111100
11101110010001111101001000111111
01101100111001100110111100100111
01100011111010001001001110110011
01101101011010101111111010011011
11101110110111101111011110100001
01101111110011110110001100100000
01110000111100001100111111101110
01101110010001110001100001001000
11101110010001011001000010001101
01101100111001000111001110110010
01100011111101110011101111010100
01101101011011000110111011011001
11101110111000000110100001100100
01101111110100010011001001110100
01110000111100001010111100111000
01101101111110100111011111110001
11101110010000110101001111100110
01101100111000100111111001011010
01100100010001001001101100100010
01101101011011011110000001111000
11101110111000011101100111001111
01101111110100110000010001111000
01110000111100001000110100100100
01101101111001101111011000110010
11101110010000010001110001010101
01101100111000001000111100100001
01100100010011111000101011001100
01101101011011110101001101100111
11101110111000110100101111010001
01101111110101001101100100100110
01110000111100000110100110110100
01101101110100111010101101100110
11101101111111011101001111000111
01101100110111101010011000001010
01100100010111001011111100110110
01101101011100001100011110010010
11101110111001001011111001011100
01101111110101101011000001110101
01110000111100000100010011101001
01101101110000001001011110011111
11101101111110010111100100111001
01101100110111001100001100010101
01100100011011001001010001100010
01101101011100100011110011100110
11101110111001100011000101011111
01101111110110001000101001011111
01110000111100000001111011000011
01101101010110110111010111011000
11101101111101010010100100010011
01101100110110101110011001000010
01100100011111110111000010111111
01101101011100111011001101001111
11101110111001111010010011001100
01101111110110100110011011011101
01110000111011111111011101000100
01101100111011000101010101101011
11101101111100001110001101100110
01101100110110010000111110010001
01100100110010101110001011110100
01101101011101010010101010111000
11101110111010010001100010010010
01101111110111000100010111100111
01110000111011111100111001101101
01101100010001010011011110111101
11101101111011001010100001000101
01101100110101110011111100000011
01100100110110000000100010110000
01101101011101101010001100001101
11101110111010101000110010100010
01101111110111100010011101111000
01110000111011111010010000111111
11101100010011001000000110010110
11101101111010000111011111000000
01101100110101010111010010010110
01100100111001110110111010110010
01101101011110000001110000111001
11101110111011000000000011101010
01101111111000000000101110000110
01110000111011110111100010111010
11101100111011100100000001101111
11101101111001000101000111100111
01101100110100111011000001001000
01100100111110010110000011010111
01101101011110011001011000100110
11101110111011010111010101011011
01101111111000011111001000001100
01110000111011110100101111100001
11101101010110101011000101111001
11101101111000000011011011001001
01101100110100011111001000011000
01100101010001110001100100010100
01101101011110110001000010111110
11101110111011101110100111100100
01101111111000111101101100000000
01110000111011110001110110110100
11101101011111011101010000011110
11101101110111000010011001110110
01101100110100000011101000000011
01100101010100110001111010100001
01101101011111001000101111101010
11101110111100000101111001110100
01101111111001011100011001011100
01110000111011101110111000110100
11101101110100000100010000010001
11101101110110000010000011111100
01101100110011101000100000000111
01100101011000001111001001100100
01101101011111100000011110010011
11101110111100011101001011111001
01101111111001111011010000011000
01110000111011101011110101100010
11101101111000010110011010111111
11101101110101000010011001100111
01101100110011001101110000011111
01100101011100001100100111101001
01101101011111111000001110100010
11101110111100110100011101100011
01101111111010011010010000101011
01110000111011101000101101000001
11101101111100100101001000011011
11101101110100000011011011000100
01101100110010110011011001001001
01100101110000010110111110011000
01101101110000001000000000000000
11101110111101001011101110100000
01101111111010111001011010001110
01110000111011100101011111010001
11101110010000011000001100010010
11101101110011000101001000011111
01101100110010011001011010000000
01100101110010111011100001110011
01101101110000010011111001001010
11101110111101100010111110011111
01101111111011011000101100111001
01110000111011100010001100010100
11101110010010011100000101101111
11101101110010000111100010000011
01101100110001111111110010111111
01100101110101110110000101010010
01101101110000011111110010100010
11101110111101111010001101001101
01101111111011111000001000100100
01110000111011011110110100001010
11101110010100011110010000101000
11101101110001001010100111111011
01101100110001100110100100000010
01100101111001001000111010010101
01101101110000101011101011111100
11101110111110010001011010011000
01101111111100010111101101000101
01110000111011011011010110110110
11101110010110011110101100111110
11101101110000001110011010010000
01101100110001001101101101000010
01100101111100110110011101001101
01101101110000110111100101001011
11101110111110101000100101101111
01101111111100110111011010010110
01110000111011010111110100011001
11101110011000011101011010110111
11101101011110100101110010010101
01101100110000110101001101111011
01100110010000100000101010101111
01101101110001000011011110000011
11101110111110111111101110111111
01101111111101010111010000001101
01110000111011010100001100110100
11101110011010011010011010010111
11101101011100110000001001101001
01101100110000011101000110100110
01100110010010110110001011001111
01101101110001001111010110010101
11101110111111010110110101110110
01101111111101110111001110100001
01110000111011010000100000001001
11101110011100010101101011100100
11101101011010111011111010101001
01101100110000000101010110111100
01100110010101011101001111111000
01101101110001011011001101110100
11101110111111101101111010000000
01101111111110010111010101001011
01110000111011001100101110011010
11101110011110001111001110100100
11101101011001001001000101100100
01101100011111011011111101101110
01100110011000010111011110111000
01101101110001100111000100010011
11101111010000000010011101100101
01101111111110110111100100000001
01110000111011001000110111100111
11101110110000000011100001110000
11101101010111010111101010100110
01101100011110101101111100011110
01100110011011100110100101000100
01101101110001110010111001100100
11101111010000001101111100100001
01101111111111010111111010111010
01110000111011000100111011110011
11101110110000111110100101001111
11101101010101100111101001111100
01101100011110000000101001111010
01100110011111001100010110001100
01101101110001111110101101011000
11101111010000011001011001101010
01101111111111111000011001101110
01110000111011000000111010111111
11101110110001111000110001110011
11101101010011111001000011101110
01101100011101010100000101110001
01100110110001100101010110100110
01101101110010001010011111100001
11101111010000100100110100110111
01110000010000001100100000001010
01110000111010111100110101001110
11101110110010110010000111100010
11101101010010001011111000000111
01101100011100101000001111110010
01100110110011110001110110001110
01101101110010010110001111110001
11101111010000110000001101111101
01110000010000011100110111010001
01110000111010111000101010011111
11101110110011101010100110100010
11101101010000100000000111001101
01101100011011111101000111101101
01100110110110001100101110111111
01101101110010100001111101111000
11101111010000111011100100110011
01110000010000101101010010000111
01110000111010110100011010110110
11101110110100100010001110110110
11101100111101101011100010001100
01101100011011010010101101010000
01100110111000110111001001111101
01101101110010101101101001101001
11101111010001000110111001001111
01110000010000111101110000101000
01110000111010110000000110010100
11101110110101011001000000100110
11101100111010011001101011110001
01101100011010101001000000001000
01100110111011110010010100010001
01101101110010111001010010110010
11101111010001010010001011000110
01110000010001001110010010101111
01110000111010101011101100111100
11101110110110001110111011111000
11101100110111001010101011010000
01101100011010000000000000000011
01100110111110111111011111010101
01101101110011000100111001000101
11101111010001011101011010001110
01110000010001011110111000010111
01110000111010100111001110101101
11101110110111000100000000110011
11101100110011111110100000101101
01101100011001010111101100101100
01100111010001010000000000011111
01101101110011010000011100010011
11101111010001101000100110011110
01110000010001101111100001011100
01110000111010100010101011101100
11101110110111111000001111011101
11101100110000110101001100001100
01101100011000110000000101110000
01100111010011001010101001110010
01101101110011011011111100001011
11101111010001110011101111101011
01110000010010000000001101111001
01110000111010011110000011111001
11101110111000101011100111111110
11101100011011011101011011011001
01101100011000001001001010111010
01100111010101010000011011000100
01101101110011100111011000011101
11101111010001111110110101101010
01110000010010010000111101101000
01110000111010011001010111010110
11101110111001011110001010011111
11101100010101010110001010011010
01101100010111100010111011110101
01100111010111100010000110010001
01101101110011110010110000111001
11101111010010001001111000010001
01110000010010100001110000100110
01110000111010010100100110000101
11101110111010001111110111000111
11101011111110101001001010100100
01101100010110111101011000001011
01100111011010000000011111110100
01101101110011111110000101001111
11101111010010010100110111010110
01110000010010110010100110101100
01110000111010001111110000001001
11101110111011000000101101111110
11101011110010110001010111101001
01101100010110011000011111100110
01100111011100101100011110101000
01101101110100001001010101001101
11101111010010011111110010101101
01110000010011000011011111110110
01110000111010001010110101100100
11101110111011110000101111001111
11101010111100010011101101111011
01101100010101110100010001110000
01100111011111100110111100010100
01101101110100010100100000100010
11101111010010101010101010001101
01110000010011010100011011111111
01110000111010000101110110010110
11101110111100011111111011000010
01101010110001110000101010011111
01101100010101010000101110010001
01100111110001011000011010100101
01101101110100011111100110111110
11101111010010110101011101101010
01110000010011100101011011000001
01110000111010000000110010100011
11101110111101001110010001100001
01101011011111100011110110111111
01101100010100101101110100110010
01100111110011000101100100000101
01101101110100101010101000001111
11101111010011000000001100111001
01110000010011110110011100111000
01110000111001111011101010001101
11101110111101111011110010110110
01101011111010111100011000000111
01101100010100001011100100111100
01100111110100111011011011100110
01101101110100110101100100000100
11101111010011001010110111110000
01110000010100000111100001011111
01110000111001110110011101010101
11101110111110101000011111001100
01101100010010111101110000110010
01101100010011101001111110010101
01100111110110111010100011100001
01101101110101000000011010001010
11101111010011010101011110000011
01110000010100011000101000101111
01110000111001110001001011111110
11101110111111010100010110101100
01101100011000010111101100100100
01101100010011001001000000100110
01100111111001000011011111101101
01101101110101001011001010010000
11101111010011011111111111101000
01110000010100101001110010100100
01110000111001101011110110001010
11101110111111111111011001100010
01101100011101101100000000000101
01101100010010101000101011010110
01100111111011010110110101100100
01101101110101010101110100000100
11101111010011101010011100010011
01110000010100111010111110111001
01110000111001100110011011111011
11101111010000010100110011111101
01101100110001011101010110000010
01101100010010001000111110001010
01100111111101110101001100000001
01101101110101100000010111010010
11101111010011110100110011111001
01110000010101001100001101101001
01110000111001100000111101010011
11101111010000101001100001000000
01101100110100000001111000101100
01101100010001101001111000101010
01101000010000001111100101110100
01101101110101101010110011101001
11101111010011111111000110001111
01110000010101011101011110101101
01110000111001011011011010010110
11101111010000111101110011111111
01101100110110100011101000011011
01101100010001001011011010011100
01101000010001101010101111010001
01101101110101110101001000110110
11101111010100001001010011001010
01110000010101101110110010000000
01110000111001010101110011000100
11101111010001010001101101000001
01101100111001000010100101101111
01101100010000101101100011000101
01101000010011001100011000010001
01101101110101111111010110100110
11101111010100010011011010011101
01110000010110000000000111011110
01110000111001010000000111100000
11101111010001100101001100001101
01101100111011011110110001000110
01101100010000010000010010001011
01101000010100110100110111100111
01101101110110001001011100100101
11101111010100011101011011111110
01110000010110010001011111000000
01110000111001001010010111101100
11101111010001111000010001101000
01101100111101111000001011000100
01101011111111100111001110100101
01101000010110100100100100111000
01101101110110010011011010100001
11101111010100100111010111100010
01110000010110100010111000100001
01110000111001000100100011101100
11101111010010001010111101011001
01101101010000000111011010000110
01101011111110101111000100000011
01101000011000011011111000100101
01101101110110011101010000000101
11101111010100110001001100111011
01110000010110110100010011111011
01110000111000111110101011100001
11101111010010011101001111101000
01101101010001010001010110100010
01101011111101111000000011111000
01101000011010011011001100001000
01101101110110100110111100111110
11101111010100111010111100000000
01110000010111000101110001001010
01110000111000111000101111001110
11101111010010101111001000011011
01101101010010011001111011001010
01101011111101000010001101001110
01101000011100100010111001110101
01101101110110110000100000111001
11101111010101000100100100100011
01110000010111010111010000000110
01110000111000110010101110110100
11101111010011000000100111111001
01101101010011100001001000010010
01101011111100001101011111001110
01101000011110110011011100111010
01101101110110111001111011100000
11101111010101001110000110011010
01110000010111101000110000101011
01110000111000101100101010010111
11101111010011010001101110001010
01101101010100100110111110010001
01101011111011011001111000111111
01101000110000100110101000110010
01101101110111000011001100100001
11101111010101010111100001011001
01110000010111111010010010110100
01110000111000100110100001111010
11101111010011100010011011010101
01101101010101101011011101011100
01101011111010100111011001101010
01101000110001111000011010011110
01101101110111001100010011100101
11101111010101100000110101010011
01110000011000001011110110011001
01110000111000100000010101011101
11101111010011110010101111100010
01101101010110101110100110001100
01101011111001110110000000010110
01101000110011001111010010100101
01101101110111010101010000011010
11101111010101101010000001111101
01110000011000011101011011010110
01110000111000011010000101000101
11101111010100000010101010111000
01101101010111110000011000111000
01101011111001000101101100001010
01101000110100101011100000101010
01101101110111011110000010101001
11101111010101110011000111001011
01110000011000101111000001100100
01110000111000010011110000110100
11101111010100010010001101011111
01101101011000110000110101111010
01101011111000010110011100001110
01101000110110001101010100110010
01101101110111100110101001111111
11101111010101111100000100110000
01110000011001000000101000111111
01110000111000001101011000101011
11101111010100100001010111100000
01101101011001101111111101101100
01101011110111101000001111101001
01101000110111110100111111100001
01101101110111101111000110000110
11101111010110000100111010100001
01110000011001010010010001011111
01110000111000000110111100101111
11101111010100110000001001000010
01101101011010101101110000100111
01101011110110111011000101100001
01101000111001100010110001111101
01101101110111110111010110101000
11101111010110001101101000010010
01110000011001100011111011000000
01110000111000000000011101000000
11101111010100111110100010001110
01101101011011101010001111001000
01101011110110001110111100111100
01101000111011010110111101101101
01101101110111111111011011010001
11101111010110010110001101110110
01110000011001110101100101011011
01110000110111111001111001100011
11101111010101001100100011001100
01101101011100100101011001101100
01101011110101100011110101000010
01101000111101010001110100111011
01101101111000000111010011101011
11101111010110011110101011000010
01110000011010000111010000101010
01110000110111110011010010011001
11101111010101011010001100000101
01101101011101011111010000101110
01101011110100111001101100110111
01101000111111010011101010010010
01101101111000001110111111100000
11101111010110100110111111101000
01110000011010011000111100101000
01110000110111101100100111100110
11101111010101100111011101000001
01101101011110010111110100101101
01101011110100010000100011100011
01101001010000101110011000100001
01101101111000010110011110011010
11101111010110101111001011011101
01110000011010101010101001001110
01110000110111100101111001001011
11101111010101110100010110001001
01101101011111001111000110001000
01101011110011101000011000001100
01101001010001110110101110011110
01101101111000011101110000000100
11101111010110110111001110010101
01110000011010111100010110010111
01110000110111011111000111001100
11101111010110000000110111100111
01101101110000000010100010101111
01101011110011000001001001110110
01101001010011000011000001001100
01101101111000100100110100000111
11101111010110111111001000000010
01110000011011001110000011111101
01110000110111011000010001101100
11101111010110001101000001100011
01101101110000011100111001100110
01101011110010011010110111101001
01101001010100010011011011000110
01101101111000101011101010001101
11101111010111000110111000011001
01110000011011011111110001111001
01110000110111010001011000101101
11101111010110011000110100000110
01101101110000110110100111111100
01101011110001110101100000101010
01101001010101101000000110111101
01101101111000110010010001111111
11101111010111001110011111001101
01110000011011110001100000000101
01110000110111001010011100010010
11101111010110100100001111011010
01101101110001001111101101111111
01101011110001010001000011111111
01101001010111000001001111110010
01101101111000111000101011001000
11101111010111010101111100010010
01110000011100000011001110011011
01110000110111000011011100011101
11101111010110101111010011101000
01101101110001101000001100000010
01101011110000101101100000101111
01101001011000011111000000111001
01101101111000111110110101010000
11101111010111011101001111011100
01110000011100010100111100110110
01110000110110111100011001010010
11101111010110111010000000111010
01101101110010000000000010010110
01101011110000001010110101111111
01101001011010000001100101111001
01101101111001000100110000000000
11101111010111100100011000011101
01110000011100100110101011001111
01110000110110110101010010110011
11101111010111000100010111011001
01101101110010010111010001001011
01101011011111010010000101101001
01101001011011101001001010101101
01101101111001001010011011000011
11101111010111101011010111001001
01110000011100111000011001100000
01110000110110101110001001000100
11101111010111001110010111001111
01101101110010101101111000110100
01101011011110010000001100101111
01101001011101010101111011100000
01101101111001001111110110000000
11101111010111110010001011010100
01110000011101001010000111100011
01110000110110100110111100000110
11101111010111011000000000100110
01101101110011000011111001100100
01101011011101001111111111011010
01101001011111001000000100110101
01101101111001010101000000100001
11101111010111111000110100110001
01110000011101011011110101010001
01110000110110011111101011111110
11101111010111100001010011101001
01101101110011011001010011101100
01101011011100010001011011111010
01101001110000011111111001101110
01101101111001011001111010001111
11101111010111111111010011010100
01110000011101101101100010100101
01110000110110011000011000101101
11101111010111101010010000100000
01101101110011101110000111100000
01101011011011010100100000011010
01101001110001011110101010010000
01101101111001011110100010110010
11101111011000000101100110101111
01110000011101111111001111011000
01110000110110010001000010010111
11101111010111110010110111010111
01101101110100000010010101010010
01101011011010011001001011001001
01101001110010100000011010101100
01101101111001100010111001110010
11101111011000001011101110110111
01110000011110010000111011100100
01110000110110001001101000111110
11101111010111111011001000011000
01101101110100010101111101010110
01101011011001011111011010010100
01101001110011100101010001111010
01101101111001100110111110111010
11101111011000010001101011011110
01110000011110100010100111000011
01110000110110000010001100100110
11101111011000000011000011101101
01101101110100101000111111111111
01101011011000100111001100001100
01101001110100101101010110111011
01101101111001101010110001110000
11101111011000010111011100011000
01110000011110110100010001101110
01110000110101111010101101010001
11101111011000001010101001100000
01101101110100111011011101100010
01101011010111110000011110111110
01101001110101111000110000111011
01101101111001101110010001111101
11101111011000011101000001011000
01110000011111000101111011100000
01110000110101110011001011000011
11101111011000010001111001111100
01101101110101001101010110010010
01101011010110111011010000111011
01101001110111000111100111001101
01101101111001110001011111001010
11101111011000100010011010010010
01110000011111010111100100010010
01110000110101101011100101111110
11101111011000011000110101001100
01101101110101011110101010100100
01101011010110000111100000010011
01101001111000011010000001010001
01101101111001110100011000111111
11101111011000100111100110111001
01110000011111101001001011111101
01110000110101100011111110000110
11101111011000011111011011011011
01101101110101101111011010101011
01101011010101010101001011011000
01101001111001110000000110110001
01101101111001110110111111000100
11101111011000101100100111000000
01110000011111111010110010011011
01110000110101011100010011011100
11101111011000100101101100110100
01101101110101111111100110111110
01101011010100100100010000011010
01101001111011001001111111011111
01101101111001111001010001000001
11101111011000110001011010011010
01110000110000000110001011110100
01110000110101010100100110000110
11101111011000101011101001100001
01101101110110001111001111110000
01101011010011110100101101101011
01101001111100100111110011011001
01101101111001111011001110011110
11101111011000110110000000111011
01110000110000001110111101101101
01110000110101001100110110000100
11101111011000110001010001101101
01101101110110011110010101011000
01101011010011000110100001100000
01101001111110001001101010100110
01101101111001111100110111000011
11101111011000111010011010010110
01110000110000010111101110110110
01110000110101000101000011011011
11101111011000110110100101100100
01101101110110101100111000001001
01101011010010011001101010001011
01101001111111101111101101011000
01101101111001111110001010011000
11101111011000111110100110011110
01110000110000100000011111001101
01110000110100111101001110001110
11101111011000111011100101010001
01101101110110111010111000011011
01101011010001101110000110000010
01101010010000101101000010000101
01101101111001111111001000000101
11101111011001000010100101000111
01110000110000101001001110101101
01110000110100110101010110011111
11101111011001000000010000111111
01101101110111001000010110100011
01101011010001000011110011011000
01101010010001100100011011110010
01101101111001111111101111110001
11101111011001000110010110000011
01110000110000110001111101010100
01110000110100101101011100010001
11101111011001000100101000111010
01101101110111010101010010110110
01101011010000011010110000100101
01101010010010011110001000001010
01101101111010000000000001000110
11101111011001001001111001000111
01110000110000111010101010111110
01110000110100100101011111101001
11101111011001001000101101001101
01101101110111100001101101101100
01101010111111100101110111111110
01101010010011011010001011101010
01101101111001111111111011101001
11101111011001001101001110000110
01110000110001000011010111101001
01110000110100011101100000101000
11101111011001001100011110000011
01101101110111101101100111011001
01101010111110011000100111111101
01101010010100011000101010110101
01101101111001111111011111000100
11101111011001010000010100110010
01110000110001001100000011010001
01110000110100010101011111010010
11101111011001001111111011101000
01101101110111111001000000010101
01101010111101001101101101111000
01101010010101011001101010010001
01101101111001111110101010111110
11101111011001010011001100111111
01110000110001010100101101110011
01110000110100001101011011101001
11101111011001010011000110001000
01101101111000000011111000110110
01101010111100000101000110100001
01101010010110011101001110101100
01101101111001111101011110111111
11101111011001010101110110100001
01110000110001011101010111001011
01110000110100000101010101110010
11101111011001010101111101101111
01101101111000001110010001010010
01101010111010111110101110101111
01101010010111100011011100110110
01101101111001111011111010101110
11101111011001011000010001001011
01110000110001100101111111010111
01110000110011111101001101101111
11101111011001011000100010101000
01101101111000011000001010000010
01101010111001111010100011010111
01101010011000101100011001100110
01101101111001111001111101110100
11101111011001011010011100110000
01110000110001101110100110010100
01110000110011110101000011100011
11101111011001011010110100111110
01101101111000100001100011011011
01101010111000111000100001010100
01101010011001111000001001110111
01101101111001110111100111111000
11101111011001011100011001000100
01110000110001110111001011111101
01110000110011101100110111010010
11101111011001011100110100111111
01101101111000101010011101110101
01101010110111111000100101100000
01101010011011000110110010101001
01101101111001110100111000100001
11101111011001011110000101111010
01110000110001111111110000010001
01110000110011100100101000111110
11101111011001011110100010110110
01101101111000110010111001100111
01101010110110111010101100111001
01101010011100011000011001000010
01101101111001110001101111011001
11101111011001011111100011000101
01110000110010001000010011001011
01110000110011011100011000101011
11101111011001011111111110101110
01101101111000111010110111001001
01101010110101111110110100011110
01101010011101101101000010001100
01101101111001101110001100000110
11101111011001100000110000011010
01110000110010010000110100101001
01110000110011010100000110011100
11101111011001100001001000110101
01101101111001000010010110110001
01101010110101000100111001010000
01101010011111000100110011010101
01101101111001101010001110010000
11101111011001100001101101101011
01110000110010011001010100100111
01110000110011001011110010010100
11101111011001100010000001010110
01101101111001001001011000111000
01101010110100001100111000010011
01101010110000001111111000111001
01101101111001100101110101100000
11101111011001100010011010101101
01110000110010100001110011000011
01110000110011000011011100010110
11101111011001100010101000011101
01101101111001001111111101110101
01101010110011010110101110101100
01101010110000111111000001011101
01101101111001100001000001011101
11101111011001100010110111010010
01110000110010101010001111111001
01110000110010111011000100100101
11101111011001100010111110010110
01101101111001010110000101111111
01101010110010100010011001100100
01101010110001101111110110000110
01101101111001011011110001101111
11101111011001100011000011001111
01110000110010110010101011000101
01110000110010110010101011000101
11101111011001100011000011001111
01101101111001011011110001101111
01101010110001101111110110000110
01101010110010100010011001100100
01101101111001010110000101111111
11101111011001100010111110010110
01110000110010111011000100100101
01110000110010101010001111111001
11101111011001100010110111010010
01101101111001100001000001011101
01101010110000111111000001011101
01101010110011010110101110101100
01101101111001001111111101110101
11101111011001100010101000011101
01110000110011000011011100010110
01110000110010100001110011000011
11101111011001100010011010101101
01101101111001100101110101100000
01101010110000001111111000111001
01101010110100001100111000010011
01101101111001001001011000111000
11101111011001100010000001010110
01110000110011001011110010010100
01110000110010011001010100100111
11101111011001100001101101101011
01101101111001101010001110010000
01101010011111000100110011010101
01101010110101000100111001010000
01101101111001000010010110110001
11101111011001100001001000110101
01110000110011010100000110011100
01110000110010010000110100101001
11101111011001100000110000011010
01101101111001101110001100000110
01101010011101101101000010001100
01101010110101111110110100011110
01101101111000111010110111001001
11101111011001011111111110101110
01110000110011011100011000101011
01110000110010001000010011001011
11101111011001011111100011000101
01101101111001110001101111011001
01101010011100011000011001000010
01101010110110111010101100111001
01101101111000110010111001100111
11101111011001011110100010110110
01110000110011100100101000111110
01110000110001111111110000010001
11101111011001011110000101111010
01101101111001110100111000100001
01101010011011000110110010101001
01101010110111111000100101100000
01101101111000101010011101110101
11101111011001011100110100111111
01110000110011101100110111010010
01110000110001110111001011111101
11101111011001011100011001000100
01101101111001110111100111111000
01101010011001111000001001110111
01101010111000111000100001010100
01101101111000100001100011011011
11101111011001011010110100111110
01110000110011110101000011100011
01110000110001101110100110010100
11101111011001011010011100110000
01101101111001111001111101110100
01101010011000101100011001100110
01101010111001111010100011010111
01101101111000011000001010000010
11101111011001011000100010101000
01110000110011111101001101101111
01110000110001100101111111010111
11101111011001011000010001001011
01101101111001111011111010101110
01101010010111100011011100110110
01101010111010111110101110101111
01101101111000001110010001010010
11101111011001010101111101101111
01110000110100000101010101110010
01110000110001011101010111001011
11101111011001010101110110100001
01101101111001111101011110111111
01101010010110011101001110101100
01101010111100000101000110100001
01101101111000000011111000110110
11101111011001010011000110001000
01110000110100001101011011101001
01110000110001010100101101110011
11101111011001010011001100111111
01101101111001111110101010111110
01101010010101011001101010010001
01101010111101001101101101111000
01101101110111111001000000010101
11101111011001001111111011101000
01110000110100010101011111010010
01110000110001001100000011010001
11101111011001010000010100110010
01101101111001111111011111000100
01101010010100011000101010110101
01101010111110011000100111111101
01101101110111101101100111011001
11101111011001001100011110000011
01110000110100011101100000101000
01110000110001000011010111101001
11101111011001001101001110000110
01101101111001111111111011101001
01101010010011011010001011101010
01101010111111100101110111111110
01101101110111100001101101101100
11101111011001001000101101001101
01110000110100100101011111101001
01110000110000111010101010111110
11101111011001001001111001000111
01101101111010000000000001000110
01101010010010011110001000001010
01101011010000011010110000100101
01101101110111010101010010110110
11101111011001000100101000111010
01110000110100101101011100010001
01110000110000110001111101010100
11101111011001000110010110000011
01101101111001111111101111110001
01101010010001100100011011110010
01101011010001000011110011011000
01101101110111001000010110100011
11101111011001000000010000111111
01110000110100110101010110011111
01110000110000101001001110101101
11101111011001000010100101000111
01101101111001111111001000000101
01101010010000101101000010000101
01101011010001101110000110000010
01101101110110111010111000011011
11101111011000111011100101010001
01110000110100111101001110001110
01110000110000100000011111001101
11101111011000111110100110011110
01101101111001111110001010011000
01101001111111101111101101011000
01101011010010011001101010001011
01101101110110101100111000001001
11101111011000110110100101100100
01110000110101000101000011011011
01110000110000010111101110110110
11101111011000111010011010010110
01101101111001111100110111000011
01101001111110001001101010100110
01101011010011000110100001100000
01101101110110011110010101011000
11101111011000110001010001101101
01110000110101001100110110000100
01110000110000001110111101101101
11101111011000110110000000111011
01101101111001111011001110011110
01101001111100100111110011011001
01101011010011110100101101101011
01101101110110001111001111110000
11101111011000101011101001100001
01110000110101010100100110000110
01110000110000000110001011110100
11101111011000110001011010011010
01101101111001111001010001000001
01101001111011001001111111011111
01101011010100100100010000011010
01101101110101111111100110111110
11101111011000100101101100110100
01110000110101011100010011011100
01110000011111111010110010011011
11101111011000101100100111000000
01101101111001110110111111000100
01101001111001110000000110110001
01101011010101010101001011011000
01101101110101101111011010101011
11101111011000011111011011011011
01110000110101100011111110000110
01110000011111101001001011111101
11101111011000100111100110111001
01101101111001110100011000111111
01101001111000011010000001010001
01101011010110000111100000010011
01101101110101011110101010100100
11101111011000011000110101001100
01110000110101101011100101111110
01110000011111010111100100010010
11101111011000100010011010010010
01101101111001110001011111001010
01101001110111000111100111001101
01101011010110111011010000111011
01101101110101001101010110010010
11101111011000010001111001111100
01110000110101110011001011000011
01110000011111000101111011100000
11101111011000011101000001011000
01101101111001101110010001111101
01101001110101111000110000111011
01101011010111110000011110111110
01101101110100111011011101100010
11101111011000001010101001100000
01110000110101111010101101010001
01110000011110110100010001101110
11101111011000010111011100011000
01101101111001101010110001110000
01101001110100101101010110111011
01101011011000100111001100001100
01101101110100101000111111111111
11101111011000000011000011101101
01110000110110000010001100100110
01110000011110100010100111000011
11101111011000010001101011011110
01101101111001100110111110111010
01101001110011100101010001111010
01101011011001011111011010010100
01101101110100010101111101010110
11101111010111111011001000011000
01110000110110001001101000111110
01110000011110010000111011100100
11101111011000001011101110110111
01101101111001100010111001110010
01101001110010100000011010101100
01101011011010011001001011001001
01101101110100000010010101010010
11101111010111110010110111010111
01110000110110010001000010010111
01110000011101111111001111011000
11101111011000000101100110101111
01101101111001011110100010110010
01101001110001011110101010010000
01101011011011010100100000011010
01101101110011101110000111100000
11101111010111101010010000100000
01110000110110011000011000101101
01110000011101101101100010100101
11101111010111111111010011010100
01101101111001011001111010001111
01101001110000011111111001101110
01101011011100010001011011111010
01101101110011011001010011101100
11101111010111100001010011101001
01110000110110011111101011111110
01110000011101011011110101010001
11101111010111111000110100110001
01101101111001010101000000100001
01101001011111001000000100110101
01101011011101001111111111011010
01101101110011000011111001100100
11101111010111011000000000100110
01110000110110100110111100000110
01110000011101001010000111100011
11101111010111110010001011010100
01101101111001001111110110000000
01101001011101010101111011100000
01101011011110010000001100101111
01101101110010101101111000110100
11101111010111001110010111001111
01110000110110101110001001000100
01110000011100111000011001100000
11101111010111101011010111001001
01101101111001001010011011000011
01101001011011101001001010101101
01101011011111010010000101101001
01101101110010010111010001001011
11101111010111000100010111011001
01110000110110110101010010110011
01110000011100100110101011001111
11101111010111100100011000011101
01101101111001000100110000000000
01101001011010000001100101111001
01101011110000001010110101111111
01101101110010000000000010010110
11101111010110111010000000111010
01110000110110111100011001010010
01110000011100010100111100110110
11101111010111011101001111011100
01101101111000111110110101010000
01101001011000011111000000111001
01101011110000101101100000101111
01101101110001101000001100000010
11101111010110101111010011101000
01110000110111000011011100011101
01110000011100000011001110011011
11101111010111010101111100010010
01101101111000111000101011001000
01101001010111000001001111110010
01101011110001010001000011111111
01101101110001001111101101111111
11101111010110100100001111011010
01110000110111001010011100010010
01110000011011110001100000000101
11101111010111001110011111001101
01101101111000110010010001111111
01101001010101101000000110111101
01101011110001110101100000101010
01101101110000110110100111111100
11101111010110011000110100000110
01110000110111010001011000101101
01110000011011011111110001111001
11101111010111000110111000011001
01101101111000101011101010001101
01101001010100010011011011000110
01101011110010011010110111101001
01101101110000011100111001100110
11101111010110001101000001100011
01110000110111011000010001101100
01110000011011001110000011111101
11101111010110111111001000000010
01101101111000100100110100000111
01101001010011000011000001001100
01101011110011000001001001110110
01101101110000000010100010101111
11101111010110000000110111100111
01110000110111011111000111001100
01110000011010111100010110010111
11101111010110110111001110010101
01101101111000011101110000000100
01101001010001110110101110011110
01101011110011101000011000001100
01101101011111001111000110001000
11101111010101110100010110001001
01110000110111100101111001001011
01110000011010101010101001001110
11101111010110101111001011011101
01101101111000010110011110011010
01101001010000101110011000100001
01101011110100010000100011100011
01101101011110010111110100101101
11101111010101100111011101000001
01110000110111101100100111100110
01110000011010011000111100101000
11101111010110100110111111101000
01101101111000001110111111100000
01101000111111010011101010010010
01101011110100111001101100110111
01101101011101011111010000101110
11101111010101011010001100000101
01110000110111110011010010011001
01110000011010000111010000101010
11101111010110011110101011000010
01101101111000000111010011101011
01101000111101010001110100111011
01101011110101100011110101000010
01101101011100100101011001101100
11101111010101001100100011001100
01110000110111111001111001100011
01110000011001110101100101011011
11101111010110010110001101110110
01101101110111111111011011010001
01101000111011010110111101101101
01101011110110001110111100111100
01101101011011101010001111001000
11101111010100111110100010001110
01110000111000000000011101000000
01110000011001100011111011000000
11101111010110001101101000010010
01101101110111110111010110101000
01101000111001100010110001111101
01101011110110111011000101100001
01101101011010101101110000100111
11101111010100110000001001000010
01110000111000000110111100101111
01110000011001010010010001011111
11101111010110000100111010100001
01101101110111101111000110000110
01101000110111110100111111100001
01101011110111101000001111101001
01101101011001101111111101101100
11101111010100100001010111100000
01110000111000001101011000101011
01110000011001000000101000111111
11101111010101111100000100110000
01101101110111100110101001111111
01101000110110001101010100110010
01101011111000010110011100001110
01101101011000110000110101111010
11101111010100010010001101011111
01110000111000010011110000110100
01110000011000101111000001100100
11101111010101110011000111001011
01101101110111011110000010101001
01101000110100101011100000101010
01101011111001000101101100001010
01101101010111110000011000111000
11101111010100000010101010111000
01110000111000011010000101000101
01110000011000011101011011010110
11101111010101101010000001111101
01101101110111010101010000011010
01101000110011001111010010100101
01101011111001110110000000010110
01101101010110101110100110001100
11101111010011110010101111100010
01110000111000100000010101011101
01110000011000001011110110011001
11101111010101100000110101010011
01101101110111001100010011100101
01101000110001111000011010011110
01101011111010100111011001101010
01101101010101101011011101011100
11101111010011100010011011010101
01110000111000100110100001111010
01110000010111111010010010110100
11101111010101010111100001011001
01101101110111000011001100100001
01101000110000100110101000110010
01101011111011011001111000111111
01101101010100100110111110010001
11101111010011010001101110001010
01110000111000101100101010010111
01110000010111101000110000101011
11101111010101001110000110011010
01101101110110111001111011100000
01101000011110110011011100111010
01101011111100001101011111001110
01101101010011100001001000010010
11101111010011000000100111111001
01110000111000110010101110110100
01110000010111010111010000000110
11101111010101000100100100100011
01101101110110110000100000111001
01101000011100100010111001110101
01101011111101000010001101001110
01101101010010011001111011001010
11101111010010101111001000011011
01110000111000111000101111001110
01110000010111000101110001001010
11101111010100111010111100000000
01101101110110100110111100111110
01101000011010011011001100001000
01101011111101111000000011111000
01101101010001010001010110100010
11101111010010011101001111101000
01110000111000111110101011100001
01110000010110110100010011111011
11101111010100110001001100111011
01101101110110011101010000000101
01101000011000011011111000100101
01101011111110101111000100000011
01101101010000000111011010000110
11101111010010001010111101011001
01110000111001000100100011101100
01110000010110100010111000100001
11101111010100100111010111100010
01101101110110010011011010100001
01101000010110100100100100111000
01101011111111100111001110100101
01101100111101111000001011000100
11101111010001111000010001101000
01110000111001001010010111101100
01110000010110010001011111000000
11101111010100011101011011111110
01101101110110001001011100100101
01101000010100110100110111100111
01101100010000010000010010001011
01101100111011011110110001000110
11101111010001100101001100001101
01110000111001010000000111100000
01110000010110000000000111011110
11101111010100010011011010011101
01101101110101111111010110100110
01101000010011001100011000010001
01101100010000101101100011000101
01101100111001000010100101101111
11101111010001010001101101000001
01110000111001010101110011000100
01110000010101101110110010000000
11101111010100001001010011001010
01101101110101110101001000110110
01101000010001101010101111010001
01101100010001001011011010011100
01101100110110100011101000011011
11101111010000111101110011111111
01110000111001011011011010010110
01110000010101011101011110101101
11101111010011111111000110001111
01101101110101101010110011101001
01101000010000001111100101110100
01101100010001101001111000101010
01101100110100000001111000101100
11101111010000101001100001000000
01110000111001100000111101010011
01110000010101001100001101101001
11101111010011110100110011111001
01101101110101100000010111010010
01100111111101110101001100000001
01101100010010001000111110001010
01101100110001011101010110000010
11101111010000010100110011111101
01110000111001100110011011111011
01110000010100111010111110111001
11101111010011101010011100010011
01101101110101010101110100000100
01100111111011010110110101100100
01101100010010101000101011010110
01101100011101101100000000000101
11101110111111111111011001100010
01110000111001101011110110001010
01110000010100101001110010100100
11101111010011011111111111101000
01101101110101001011001010010000
01100111111001000011011111101101
01101100010011001001000000100110
01101100011000010111101100100100
11101110111111010100010110101100
01110000111001110001001011111110
01110000010100011000101000101111
11101111010011010101011110000011
01101101110101000000011010001010
01100111110110111010100011100001
01101100010011101001111110010101
01101100010010111101110000110010
11101110111110101000011111001100
01110000111001110110011101010101
01110000010100000111100001011111
11101111010011001010110111110000
01101101110100110101100100000100
01100111110100111011011011100110
01101100010100001011100100111100
01101011111010111100011000000111
11101110111101111011110010110110
01110000111001111011101010001101
01110000010011110110011100111000
11101111010011000000001100111001
01101101110100101010101000001111
01100111110011000101100100000101
01101100010100101101110100110010
01101011011111100011110110111111
11101110111101001110010001100001
01110000111010000000110010100011
01110000010011100101011011000001
11101111010010110101011101101010
01101101110100011111100110111110
01100111110001011000011010100101
01101100010101010000101110010001
01101010110001110000101010011111
11101110111100011111111011000010
01110000111010000101110110010110
01110000010011010100011011111111
11101111010010101010101010001101
01101101110100010100100000100010
01100111011111100110111100010100
01101100010101110100010001110000
11101010111100010011101101111011
11101110111011110000101111001111
01110000111010001010110101100100
01110000010011000011011111110110
11101111010010011111110010101101
01101101110100001001010101001101
01100111011100101100011110101000
01101100010110011000011111100110
11101011110010110001010111101001
11101110111011000000101101111110
01110000111010001111110000001001
01110000010010110010100110101100
11101111010010010100110111010110
01101101110011111110000101001111
01100111011010000000011111110100
01101100010110111101011000001011
11101011111110101001001010100100
11101110111010001111110111000111
01110000111010010100100110000101
01110000010010100001110000100110
11101111010010001001111000010001
01101101110011110010110000111001
01100111010111100010000110010001
01101100010111100010111011110101
11101100010101010110001010011010
11101110111001011110001010011111
01110000111010011001010111010110
01110000010010010000111101101000
11101111010001111110110101101010
01101101110011100111011000011101
01100111010101010000011011000100
01101100011000001001001010111010
11101100011011011101011011011001
11101110111000101011100111111110
01110000111010011110000011111001
01110000010010000000001101111001
11101111010001110011101111101011
01101101110011011011111100001011
01100111010011001010101001110010
01101100011000110000000101110000
11101100110000110101001100001100
11101110110111111000001111011101
01110000111010100010101011101100
01110000010001101111100001011100
11101111010001101000100110011110
01101101110011010000011100010011
01100111010001010000000000011111
01101100011001010111101100101100
11101100110011111110100000101101
11101110110111000100000000110011
01110000111010100111001110101101
01110000010001011110111000010111
11101111010001011101011010001110
01101101110011000100111001000101
01100110111110111111011111010101
01101100011010000000000000000011
11101100110111001010101011010000
11101110110110001110111011111000
01110000111010101011101100111100
01110000010001001110010010101111
11101111010001010010001011000110
01101101110010111001010010110010
01100110111011110010010100010001
01101100011010101001000000001000
11101100111010011001101011110001
11101110110101011001000000100110
01110000111010110000000110010100
01110000010000111101110000101000
11101111010001000110111001001111
01101101110010101101101001101001
01100110111000110111001001111101
01101100011011010010101101010000
11101100111101101011100010001100
11101110110100100010001110110110
01110000111010110100011010110110
01110000010000101101010010000111
11101111010000111011100100110011
01101101110010100001111101111000
01100110110110001100101110111111
01101100011011111101000111101101
11101101010000100000000111001101
11101110110011101010100110100010
01110000111010111000101010011111
01110000010000011100110111010001
11101111010000110000001101111101
01101101110010010110001111110001
01100110110011110001110110001110
01101100011100101000001111110010
11101101010010001011111000000111
11101110110010110010000111100010
01110000111010111100110101001110
01110000010000001100100000001010
11101111010000100100110100110111
01101101110010001010011111100001
01100110110001100101010110100110
01101100011101010100000101110001
11101101010011111001000011101110
11101110110001111000110001110011
01110000111011000000111010111111
01101111111111111000011001101110
11101111010000011001011001101010
01101101110001111110101101011000
01100110011111001100010110001100
01101100011110000000101001111010
11101101010101100111101001111100
11101110110000111110100101001111
01110000111011000100111011110011
01101111111111010111111010111010
11101111010000001101111100100001
01101101110001110010111001100100
01100110011011100110100101000100
01101100011110101101111100011110
11101101010111010111101010100110
11101110110000000011100001110000
01110000111011001000110111100111
01101111111110110111100100000001
11101111010000000010011101100101
01101101110001100111000100010011
01100110011000010111011110111000
01101100011111011011111101101110
11101101011001001001000101100100
11101110011110001111001110100100
01110000111011001100101110011010
01101111111110010111010101001011
11101110111111101101111010000000
01101101110001011011001101110100
01100110010101011101001111111000
01101100110000000101010110111100
11101101011010111011111010101001
11101110011100010101101011100100
01110000111011010000100000001001
01101111111101110111001110100001
11101110111111010110110101110110
01101101110001001111010110010101
01100110010010110110001011001111
01101100110000011101000110100110
11101101011100110000001001101001
11101110011010011010011010010111
01110000111011010100001100110100
01101111111101010111010000001101
11101110111110111111101110111111
01101101110001000011011110000011
01100110010000100000101010101111
01101100110000110101001101111011
11101101011110100101110010010101
11101110011000011101011010110111
01110000111011010111110100011001
01101111111100110111011010010110
11101110111110101000100101101111
01101101110000110111100101001011
01100101111100110110011101001101
01101100110001001101101101000010
11101101110000001110011010010000
11101110010110011110101100111110
01110000111011011011010110110110
01101111111100010111101101000101
11101110111110010001011010011000
01101101110000101011101011111100
01100101111001001000111010010101
01101100110001100110100100000010
11101101110001001010100111111011
11101110010100011110010000101000
01110000111011011110110100001010
01101111111011111000001000100100
11101110111101111010001101001101
01101101110000011111110010100010
01100101110101110110000101010010
01101100110001111111110010111111
11101101110010000111100010000011
11101110010010011100000101101111
01110000111011100010001100010100
01101111111011011000101100111001
11101110111101100010111110011111
01101101110000010011111001001010
01100101110010111011100001110011
01101100110010011001011010000000
11101101110011000101001000011111
11101110010000011000001100010010
01110000111011100101011111010001
01101111111010111001011010001110
11101110111101001011101110100000
01101101110000001000000000000000
01100101110000010110111110011000
01101100110010110011011001001001
11101101110100000011011011000100
11101101111100100101001000011011
01110000111011101000101101000001
01101111111010011010010000101011
11101110111100110100011101100011
01101101011111111000001110100010
01100101011100001100100111101001
01101100110011001101110000011111
11101101110101000010011001100111
11101101111000010110011010111111
01110000111011101011110101100010
01101111111001111011010000011000
11101110111100011101001011111001
01101101011111100000011110010011
01100101011000001111001001100100
01101100110011101000100000000111
11101101110110000010000011111100
11101101110100000100010000010001
01110000111011101110111000110100
01101111111001011100011001011100
11101110111100000101111001110100
01101101011111001000101111101010
01100101010100110001111010100001
01101100110100000011101000000011
11101101110111000010011001110110
11101101011111011101010000011110
01110000111011110001110110110100
01101111111000111101101100000000
11101110111011101110100111100100
01101101011110110001000010111110
01100101010001110001100100010100
01101100110100011111001000011000
11101101111000000011011011001001
11101101010110101011000101111001
01110000111011110100101111100001
01101111111000011111001000001100
11101110111011010111010101011011
01101101011110011001011000100110
01100100111110010110000011010111
01101100110100111011000001001000
11101101111001000101000111100111
11101100111011100100000001101111
01110000111011110111100010111010
01101111111000000000101110000110
11101110111011000000000011101010
01101101011110000001110000111001
01100100111001110110111010110010
01101100110101010111010010010110
11101101111010000111011111000000
11101100010011001000000110010110
01110000111011111010010000111111
01101111110111100010011101111000
11101110111010101000110010100010
01101101011101101010001100001101
01100100110110000000100010110000
01101100110101110011111100000011
11101101111011001010100001000101
01101100010001010011011110111101
01110000111011111100111001101101
01101111110111000100010111100111
11101110111010010001100010010010
01101101011101010010101010111000
01100100110010101110001011110100
01101100110110010000111110010001
11101101111100001110001101100110
01101100111011000101010101101011
01110000111011111111011101000100
01101111110110100110011011011101
11101110111001111010010011001100
01101101011100111011001101001111
01100100011111110111000010111111
01101100110110101110011001000010
11101101111101010010100100010011
01101101010110110111010111011000
01110000111100000001111011000011
01101111110110001000101001011111
11101110111001100011000101011111
01101101011100100011110011100110
01100100011011001001010001100010
01101100110111001100001100010101
11101101111110010111100100111001
01101101110000001001011110011111
01110000111100000100010011101001
01101111110101101011000001110101
11101110111001001011111001011100
01101101011100001100011110010010
01100100010111001011111100110110
01101100110111101010011000001010
11101101111111011101001111000111
01101101110100111010101101100110
01110000111100000110100110110100
01101111110101001101100100100110
11101110111000110100101111010001
01101101011011110101001101100111
01100100010011111000101011001100
01101100111000001000111100100001
11101110010000010001110001010101
01101101111001101111011000110010
01110000111100001000110100100100
01101111110100110000010001111000
11101110111000011101100111001111
01101101011011011110000001111000
01100100010001001001101100100010
01101100111000100111111001011010
11101110010000110101001111100110
01101101111110100111011111110001
01110000111100001010111100111000
01101111110100010011001001110100
11101110111000000110100001100100
01101101011011000110111011011001
01100011111101110011101111010100
01101100111001000111001110110010
11101110010001011001000010001101
01101110010001110001100001001000
01110000111100001100111111101110
01101111110011110110001100100000
11101110110111101111011110100001
01101101011010101111111010011011
01100011111010001001001110110011
01101100111001100110111100100111
11101110010001111101001000111111
01101110010100010000111111111100
01110000111100001110111101000111
01101111110011011001011010000001
11101110110111011000011110010011
01101101011010011000111111010001
01100011110111001011101111111100
01101100111010000111000010110111
11101110010010100001100011110001
01101110010110110010001100001011
01110000111100010000110101000000
01101111110010111100110010011111
11101110110111000001100001001010
01101101011010000010001010001100
01100011110100110100001000101101
01101100111010100111100001011111
11101110010011000110010010011000
01101110011001010101000101100111
01110000111100010010100111011010
01101111110010100000010110000000
11101110110110101010100111010100
01101101011001101011011011011111
01100011110010111100000111101010
01101100111011001000011000011010
11101110010011101011010100100111
01101110011011111001101100000101
01110000111100010100010100010100
01101111110010000100000100101010
11101110110110010011110001000000
01101101011001010100110011011001
01100011110001011110001111001000
01101100111011101001100111100101
11101110010100010000101010010011
01101110011110011111111111010100
01110000111100010101111011101101
01101111110001100111111110100100
11101110110101111100111110011010
01101101011000111110010010001011
01100011110000010101110000100110
01101100111100001011001110111010
11101110010100110110010011001111
01101110110000100011111111100100
01110000111100010111011101100100
01101111110001001100000011110100
11101110110101100110001111110010
01101101011000100111111000000101
01100011011110111101010000101100
01101100111100101101001110010100
11101110010101011100001111001110
01101110110001111000110101101000
01110000111100011000111001111000
01101111110000110000010100011111
11101110110101001111100101010101
01101101011000010001100101010111
01100011011101101010110010011111
01101100111101001111100101101110
11101110010110000010011110000010
01101110110011001110100001101101
01110000111100011010010000101001
01101111110000010100110000101011
11101110110100111000111111010001
01101101010111111011011010010000
01100011011100101110010001011110
01101100111101110010010100111111
11101110010110101000111111011110
01101110110100100101000011101011
01110000111100011011100001110111
01101111011111110010110000111101
11101110110100100010011101110010
01101101010111100101010110111110
01100011011100000010110110001011
01101100111110010101011100000001
11101110010111001111110011010011
01101110110101111100011011011000
01110000111100011100101101100001
01101111011110111100010111111110
11101110110100001100000001000110
01101101010111001111011011110000
01100011011011100100011111100110
01101100111110111000111010101011
11101110010111110110111001010011
01101110110111010100101000101100
01110000111100011101110011100110
01101111011110000110010110100011
11101110110011110101101001011001
01101101010110111001101000110100
01100011011011001111111100100001
01101100111111011100110000110110
11101110011000011110010001001111
01101110111000101101101011011011
01110000111100011110110100000110
01101111011101010000101100110111
11101110110011011111010110111001
01101101010110100011111110010111
01100011011011000010100101001001
01101101010000000000011111001100
11101110011001000101111010110111
01101110111010000111100011011010
01110000111100011111101111000000
01101111011100011011011011000100
11101110110011001001001001110010
01101101010110001110011100100110
01100011011010111010010101010101
01101101010000010010110001100100
11101110011001101101110101111100
01101110111011100010010000100000
01110000111100100000100100010101
01101111011011100110100001010110
11101110110010110011000010001111
01101101010101111001000011101111
01100011011010110101100111000101
01101101010000100101001111011101
11101110011010010110000010001101
01101110111100111101110010100000
01110000111100100001010100000011
01101111011010110001111111110111
11101110110010011101000000011110
01101101010101100011110011111100
01100011011010110011001101101011
01101101010000110111111000110001
11101110011010111110011111011001
01101110111110011010001001001111
01110000111100100001111110001011
01101111011001111101110110101111
11101110110010000111000100101010
01101101010101001110101101011011
01100011011010110010010000111110
01101101010001001010101101011011
11101110011011100111001101010000
01101110111111110111010100011111
01110000111100100010100010101011
01101111011001001010000110001001
11101110110001110001001110111101
01101101010100111001110000010110
01100011011010110010001001100000
01101101010001011101101101010100
11101110011100010000001011100001
01101111010000101010101010000010
01110000111100100011000001100101
01101111011000010110101110001110
11101110110001011011011111100101
01101101010100100100111100111001
01100011011010110010011100101010
01101101010001110000111000010110
11101110011100111001011001111001
01101111010001011010000011111001
01110000111100100011011010111000
01101111010111100011101111001000
11101110110001000101110110101100
01101101010100010000010011001111
01100011011010110010111001100111
01101101010010000100001110011010
11101110011101100010111000000101
01101111010010001001110111101100
01110000111100100011101110100010
01101111010110110001001000111111
11101110110000110000010100011101
01101101010011111011110011100001
01100011011010110011010110100010
01101101010010010111101111011000
11101110011110001100100101110101
01101111010010111010000101010101
01110000111100100011111100100110
01101111010101111110111011111100
11101110110000011010111001000011
01101101010011100111011101111001
01100011011010110011101110010100
01101101010010101011011011001001
11101110011110110110100010110011
01101111010011101010101100101101
01110000111100100100000101000001
01101111010101001101001000001000
11101110110000000101100100101000
01101101010011010011010010100010
01100011011010110011111110101100
00000000000000000000000000000000
00000000000000000000000100000000
00000000000000000000000000000000
00000000000000000000000000000000
00000000000000000000000000000001
01000000000000000000000000000000
00000000000000000000000000000000
01111110111110100001001000000000
00000000000000000000000000000000
00000000000000000000000000000000
00000000000000000000000000000111
00000000000000000000000000000110
00000000000000000000000000000101
00000000000000000000000000000100
00000000000000000000000000000011
00000000000000000000000000000010
00000000000000000000000000000000
00000000000000000000000000000000
01000000000000000000000000000000
00000000000000000000000000000000
00000000000000000000000000000000
00000000000000000000000000000000
00000000000000000000000000000000
00000000000000000000000000000000
00000000000000000000000000000000
00000000000000000000000000000000
00000000000000000000000000000000
00000000000000000000000000000000
01000000000000000000000000000000
01000000000000000000000000000000
00000000000000000000000000110010
00000000000011110100001001000000
