Analysis & Synthesis report for hpe
Tue Jun 02 16:23:49 2026
Quartus Prime Version 20.1.1 Build 720 11/11/2020 Patches 1.02i SJ Lite Edition


---------------------
; Table of Contents ;
---------------------
  1. Legal Notice
  2. Analysis & Synthesis Summary
  3. Analysis & Synthesis Settings
  4. Parallel Compilation
  5. Analysis & Synthesis Source Files Read
  6. Analysis & Synthesis Resource Usage Summary
  7. Analysis & Synthesis Resource Utilization by Entity
  8. Analysis & Synthesis RAM Summary
  9. Analysis & Synthesis DSP Block Usage Summary
 10. Analysis & Synthesis IP Cores Summary
 11. State Machine - |toplevel_placa|top_level:top_level|maq_estados:apelido_maq_estados|state
 12. Registers Protected by Synthesis
 13. Registers Removed During Synthesis
 14. Removed Registers Triggering Further Register Optimizations
 15. General Register Statistics
 16. Inverted Register Statistics
 17. Registers Packed Into Inferred Megafunctions
 18. Registers Added for RAM Pass-Through Logic
 19. Multiplexer Restructuring Statistics (Restructuring Performed)
 20. Source assignments for top_level:top_level|maq_estados:apelido_maq_estados
 21. Source assignments for sld_signaltap:auto_signaltap_0
 22. Source assignments for top_level:top_level|top_proc_banco:top_proc_banco_inst|proc_banco:proc_banco_inst|processor:p_proc_banco|mem_data:mdata|altsyncram:mem_rtl_0|altsyncram_4kr1:auto_generated
 23. Source assignments for top_level:top_level|top_proc_banco:top_proc_banco_inst|proc_banco:proc_banco_inst|processor:p_proc_banco|mem_instr:minstr|altsyncram:mem_rtl_0|altsyncram_vvc1:auto_generated
 24. Source assignments for top_level:top_level|myFIFO:FIFO16x32_inst_my|altsyncram:mem_rtl_0|altsyncram_smi1:auto_generated
 25. Source assignments for top_level:top_level|top_proc_interp:top_proc_interp_inst|proc_interp:proc_interp_inst|processor:p_proc_interp|mem_data:mdata|altsyncram:mem_rtl_0|altsyncram_hgr1:auto_generated
 26. Source assignments for top_level:top_level|top_proc_interp:top_proc_interp_inst|proc_interp:proc_interp_inst|processor:p_proc_interp|mem_instr:minstr|altsyncram:mem_rtl_0|altsyncram_qvc1:auto_generated
 27. Source assignments for sinal_memoria:comb_6|altsyncram:rom_rtl_0|altsyncram_ccd1:auto_generated
 28. Parameter Settings for User Entity Instance: pll:pll|pll_0002:pll_inst|altera_pll:altera_pll_i
 29. Parameter Settings for User Entity Instance: sinal_memoria:comb_6
 30. Parameter Settings for User Entity Instance: top_level:top_level|top_proc_interp:top_proc_interp_inst|proc_interp:proc_interp_inst|processor:p_proc_interp
 31. Parameter Settings for User Entity Instance: top_level:top_level|top_proc_interp:top_proc_interp_inst|proc_interp:proc_interp_inst|processor:p_proc_interp|core:core
 32. Parameter Settings for User Entity Instance: top_level:top_level|top_proc_interp:top_proc_interp_inst|proc_interp:proc_interp_inst|processor:p_proc_interp|core:core|instr_fetch:instr_fetch
 33. Parameter Settings for User Entity Instance: top_level:top_level|top_proc_interp:top_proc_interp_inst|proc_interp:proc_interp_inst|processor:p_proc_interp|core:core|instr_fetch:instr_fetch|pc:pc
 34. Parameter Settings for User Entity Instance: top_level:top_level|top_proc_interp:top_proc_interp_inst|proc_interp:proc_interp_inst|processor:p_proc_interp|core:core|instr_fetch:instr_fetch|prefetch:pf
 35. Parameter Settings for User Entity Instance: top_level:top_level|top_proc_interp:top_proc_interp_inst|proc_interp:proc_interp_inst|processor:p_proc_interp|core:core|instr_dec:id
 36. Parameter Settings for User Entity Instance: top_level:top_level|top_proc_interp:top_proc_interp_inst|proc_interp:proc_interp_inst|processor:p_proc_interp|core:core|stack:sp
 37. Parameter Settings for User Entity Instance: top_level:top_level|top_proc_interp:top_proc_interp_inst|proc_interp:proc_interp_inst|processor:p_proc_interp|core:core|ula_in1_ctrl:uic1
 38. Parameter Settings for User Entity Instance: top_level:top_level|top_proc_interp:top_proc_interp_inst|proc_interp:proc_interp_inst|processor:p_proc_interp|core:core|ula_in2_ctrl:uic2
 39. Parameter Settings for User Entity Instance: top_level:top_level|top_proc_interp:top_proc_interp_inst|proc_interp:proc_interp_inst|processor:p_proc_interp|core:core|ula:ula
 40. Parameter Settings for User Entity Instance: top_level:top_level|top_proc_interp:top_proc_interp_inst|proc_interp:proc_interp_inst|processor:p_proc_interp|core:core|ula:ula|ula_denorm:denorm
 41. Parameter Settings for User Entity Instance: top_level:top_level|top_proc_interp:top_proc_interp_inst|proc_interp:proc_interp_inst|processor:p_proc_interp|core:core|ula:ula|ula_add:my_add
 42. Parameter Settings for User Entity Instance: top_level:top_level|top_proc_interp:top_proc_interp_inst|proc_interp:proc_interp_inst|processor:p_proc_interp|core:core|ula:ula|ula_fadd:my_fadd
 43. Parameter Settings for User Entity Instance: top_level:top_level|top_proc_interp:top_proc_interp_inst|proc_interp:proc_interp_inst|processor:p_proc_interp|core:core|ula:ula|ula_fmlt:my_fmlt
 44. Parameter Settings for User Entity Instance: top_level:top_level|top_proc_interp:top_proc_interp_inst|proc_interp:proc_interp_inst|processor:p_proc_interp|core:core|ula:ula|ula_fdiv:my_fdiv
 45. Parameter Settings for User Entity Instance: top_level:top_level|top_proc_interp:top_proc_interp_inst|proc_interp:proc_interp_inst|processor:p_proc_interp|core:core|ula:ula|ula_fneg:my_fneg
 46. Parameter Settings for User Entity Instance: top_level:top_level|top_proc_interp:top_proc_interp_inst|proc_interp:proc_interp_inst|processor:p_proc_interp|core:core|ula:ula|ula_fneg:my_fnegm
 47. Parameter Settings for User Entity Instance: top_level:top_level|top_proc_interp:top_proc_interp_inst|proc_interp:proc_interp_inst|processor:p_proc_interp|core:core|ula:ula|ula_i2f:my_i2f
 48. Parameter Settings for User Entity Instance: top_level:top_level|top_proc_interp:top_proc_interp_inst|proc_interp:proc_interp_inst|processor:p_proc_interp|core:core|ula:ula|ula_i2f:my_i2fm
 49. Parameter Settings for User Entity Instance: top_level:top_level|top_proc_interp:top_proc_interp_inst|proc_interp:proc_interp_inst|processor:p_proc_interp|core:core|ula:ula|ula_f2i:my_f2i
 50. Parameter Settings for User Entity Instance: top_level:top_level|top_proc_interp:top_proc_interp_inst|proc_interp:proc_interp_inst|processor:p_proc_interp|core:core|ula:ula|ula_lin:my_lin
 51. Parameter Settings for User Entity Instance: top_level:top_level|top_proc_interp:top_proc_interp_inst|proc_interp:proc_interp_inst|processor:p_proc_interp|core:core|ula:ula|ula_les:my_les
 52. Parameter Settings for User Entity Instance: top_level:top_level|top_proc_interp:top_proc_interp_inst|proc_interp:proc_interp_inst|processor:p_proc_interp|core:core|ula:ula|ula_fles:my_fles
 53. Parameter Settings for User Entity Instance: top_level:top_level|top_proc_interp:top_proc_interp_inst|proc_interp:proc_interp_inst|processor:p_proc_interp|core:core|ula:ula|ula_gre:my_gre
 54. Parameter Settings for User Entity Instance: top_level:top_level|top_proc_interp:top_proc_interp_inst|proc_interp:proc_interp_inst|processor:p_proc_interp|core:core|ula:ula|ula_equ:my_equ
 55. Parameter Settings for User Entity Instance: top_level:top_level|top_proc_interp:top_proc_interp_inst|proc_interp:proc_interp_inst|processor:p_proc_interp|core:core|ula:ula|norm_mux:norm_mux
 56. Parameter Settings for User Entity Instance: top_level:top_level|top_proc_interp:top_proc_interp_inst|proc_interp:proc_interp_inst|processor:p_proc_interp|core:core|ula:ula|norm_mux:norm_mux|ula_norm:ula_norm
 57. Parameter Settings for User Entity Instance: top_level:top_level|top_proc_interp:top_proc_interp_inst|proc_interp:proc_interp_inst|processor:p_proc_interp|core:core|ula:ula|norm_mux:norm_mux|ula_norm:ula_norm|ula_nmux:mm1
 58. Parameter Settings for User Entity Instance: top_level:top_level|top_proc_interp:top_proc_interp_inst|proc_interp:proc_interp_inst|processor:p_proc_interp|core:core|ula:ula|norm_mux:norm_mux|ula_norm:ula_norm|ula_nmux:norm[1].mm
 59. Parameter Settings for User Entity Instance: top_level:top_level|top_proc_interp:top_proc_interp_inst|proc_interp:proc_interp_inst|processor:p_proc_interp|core:core|ula:ula|norm_mux:norm_mux|ula_norm:ula_norm|ula_nmux:norm[2].mm
 60. Parameter Settings for User Entity Instance: top_level:top_level|top_proc_interp:top_proc_interp_inst|proc_interp:proc_interp_inst|processor:p_proc_interp|core:core|ula:ula|norm_mux:norm_mux|ula_norm:ula_norm|ula_nmux:norm[3].mm
 61. Parameter Settings for User Entity Instance: top_level:top_level|top_proc_interp:top_proc_interp_inst|proc_interp:proc_interp_inst|processor:p_proc_interp|core:core|ula:ula|norm_mux:norm_mux|ula_norm:ula_norm|ula_nmux:norm[4].mm
 62. Parameter Settings for User Entity Instance: top_level:top_level|top_proc_interp:top_proc_interp_inst|proc_interp:proc_interp_inst|processor:p_proc_interp|core:core|ula:ula|norm_mux:norm_mux|ula_norm:ula_norm|ula_nmux:norm[5].mm
 63. Parameter Settings for User Entity Instance: top_level:top_level|top_proc_interp:top_proc_interp_inst|proc_interp:proc_interp_inst|processor:p_proc_interp|core:core|ula:ula|norm_mux:norm_mux|ula_norm:ula_norm|ula_nmux:norm[6].mm
 64. Parameter Settings for User Entity Instance: top_level:top_level|top_proc_interp:top_proc_interp_inst|proc_interp:proc_interp_inst|processor:p_proc_interp|core:core|ula:ula|norm_mux:norm_mux|ula_norm:ula_norm|ula_nmux:norm[7].mm
 65. Parameter Settings for User Entity Instance: top_level:top_level|top_proc_interp:top_proc_interp_inst|proc_interp:proc_interp_inst|processor:p_proc_interp|core:core|ula:ula|norm_mux:norm_mux|ula_norm:ula_norm|ula_nmux:norm[8].mm
 66. Parameter Settings for User Entity Instance: top_level:top_level|top_proc_interp:top_proc_interp_inst|proc_interp:proc_interp_inst|processor:p_proc_interp|core:core|ula:ula|norm_mux:norm_mux|ula_norm:ula_norm|ula_nmux:norm[9].mm
 67. Parameter Settings for User Entity Instance: top_level:top_level|top_proc_interp:top_proc_interp_inst|proc_interp:proc_interp_inst|processor:p_proc_interp|core:core|ula:ula|norm_mux:norm_mux|ula_norm:ula_norm|ula_nmux:norm[10].mm
 68. Parameter Settings for User Entity Instance: top_level:top_level|top_proc_interp:top_proc_interp_inst|proc_interp:proc_interp_inst|processor:p_proc_interp|core:core|ula:ula|norm_mux:norm_mux|ula_norm:ula_norm|ula_nmux:norm[11].mm
 69. Parameter Settings for User Entity Instance: top_level:top_level|top_proc_interp:top_proc_interp_inst|proc_interp:proc_interp_inst|processor:p_proc_interp|core:core|ula:ula|norm_mux:norm_mux|ula_norm:ula_norm|ula_nmux:norm[12].mm
 70. Parameter Settings for User Entity Instance: top_level:top_level|top_proc_interp:top_proc_interp_inst|proc_interp:proc_interp_inst|processor:p_proc_interp|core:core|ula:ula|norm_mux:norm_mux|ula_norm:ula_norm|ula_nmux:norm[13].mm
 71. Parameter Settings for User Entity Instance: top_level:top_level|top_proc_interp:top_proc_interp_inst|proc_interp:proc_interp_inst|processor:p_proc_interp|core:core|ula:ula|norm_mux:norm_mux|ula_norm:ula_norm|ula_nmux:norm[14].mm
 72. Parameter Settings for User Entity Instance: top_level:top_level|top_proc_interp:top_proc_interp_inst|proc_interp:proc_interp_inst|processor:p_proc_interp|core:core|ula:ula|norm_mux:norm_mux|ula_norm:ula_norm|ula_nmux:norm[15].mm
 73. Parameter Settings for User Entity Instance: top_level:top_level|top_proc_interp:top_proc_interp_inst|proc_interp:proc_interp_inst|processor:p_proc_interp|core:core|ula:ula|norm_mux:norm_mux|ula_norm:ula_norm|ula_nmux:norm[16].mm
 74. Parameter Settings for User Entity Instance: top_level:top_level|top_proc_interp:top_proc_interp_inst|proc_interp:proc_interp_inst|processor:p_proc_interp|core:core|ula:ula|norm_mux:norm_mux|ula_norm:ula_norm|ula_nmux:norm[17].mm
 75. Parameter Settings for User Entity Instance: top_level:top_level|top_proc_interp:top_proc_interp_inst|proc_interp:proc_interp_inst|processor:p_proc_interp|core:core|ula:ula|norm_mux:norm_mux|ula_norm:ula_norm|ula_nmux:norm[18].mm
 76. Parameter Settings for User Entity Instance: top_level:top_level|top_proc_interp:top_proc_interp_inst|proc_interp:proc_interp_inst|processor:p_proc_interp|core:core|ula:ula|norm_mux:norm_mux|ula_norm:ula_norm|ula_nmux:norm[19].mm
 77. Parameter Settings for User Entity Instance: top_level:top_level|top_proc_interp:top_proc_interp_inst|proc_interp:proc_interp_inst|processor:p_proc_interp|core:core|ula:ula|norm_mux:norm_mux|ula_norm:ula_norm|ula_nmux:norm[20].mm
 78. Parameter Settings for User Entity Instance: top_level:top_level|top_proc_interp:top_proc_interp_inst|proc_interp:proc_interp_inst|processor:p_proc_interp|core:core|ula:ula|norm_mux:norm_mux|ula_norm:ula_norm|ula_nmux:norm[21].mm
 79. Parameter Settings for User Entity Instance: top_level:top_level|top_proc_interp:top_proc_interp_inst|proc_interp:proc_interp_inst|processor:p_proc_interp|core:core|ula:ula|ula_mux:ula_mux
 80. Parameter Settings for User Entity Instance: top_level:top_level|top_proc_interp:top_proc_interp_inst|proc_interp:proc_interp_inst|processor:p_proc_interp|core:core|mem_ctrl:ac
 81. Parameter Settings for User Entity Instance: top_level:top_level|top_proc_interp:top_proc_interp_inst|proc_interp:proc_interp_inst|processor:p_proc_interp|core:core|mem_ctrl:ac|rel_addr:ra_rd
 82. Parameter Settings for User Entity Instance: top_level:top_level|top_proc_interp:top_proc_interp_inst|proc_interp:proc_interp_inst|processor:p_proc_interp|core:core|mem_ctrl:ac|rel_addr:ra_wr
 83. Parameter Settings for User Entity Instance: top_level:top_level|top_proc_interp:top_proc_interp_inst|proc_interp:proc_interp_inst|processor:p_proc_interp|core:core|io_ctrl:io
 84. Parameter Settings for User Entity Instance: top_level:top_level|top_proc_interp:top_proc_interp_inst|proc_interp:proc_interp_inst|processor:p_proc_interp|mem_instr:minstr
 85. Parameter Settings for User Entity Instance: top_level:top_level|top_proc_interp:top_proc_interp_inst|proc_interp:proc_interp_inst|processor:p_proc_interp|mem_data:mdata
 86. Parameter Settings for User Entity Instance: top_level:top_level|top_proc_interp:top_proc_interp_inst|proc_interp:proc_interp_inst|addr_dec:dec_out
 87. Parameter Settings for User Entity Instance: top_level:top_level|myFIFO:FIFO16x32_inst_my
 88. Parameter Settings for User Entity Instance: top_level:top_level|maq_estados:apelido_maq_estados
 89. Parameter Settings for User Entity Instance: top_level:top_level|top_proc_banco:top_proc_banco_inst|proc_banco:proc_banco_inst|processor:p_proc_banco
 90. Parameter Settings for User Entity Instance: top_level:top_level|top_proc_banco:top_proc_banco_inst|proc_banco:proc_banco_inst|processor:p_proc_banco|core:core
 91. Parameter Settings for User Entity Instance: top_level:top_level|top_proc_banco:top_proc_banco_inst|proc_banco:proc_banco_inst|processor:p_proc_banco|core:core|instr_fetch:instr_fetch
 92. Parameter Settings for User Entity Instance: top_level:top_level|top_proc_banco:top_proc_banco_inst|proc_banco:proc_banco_inst|processor:p_proc_banco|core:core|instr_fetch:instr_fetch|pc:pc
 93. Parameter Settings for User Entity Instance: top_level:top_level|top_proc_banco:top_proc_banco_inst|proc_banco:proc_banco_inst|processor:p_proc_banco|core:core|instr_fetch:instr_fetch|prefetch:pf
 94. Parameter Settings for User Entity Instance: top_level:top_level|top_proc_banco:top_proc_banco_inst|proc_banco:proc_banco_inst|processor:p_proc_banco|core:core|instr_dec:id
 95. Parameter Settings for User Entity Instance: top_level:top_level|top_proc_banco:top_proc_banco_inst|proc_banco:proc_banco_inst|processor:p_proc_banco|core:core|stack:sp
 96. Parameter Settings for User Entity Instance: top_level:top_level|top_proc_banco:top_proc_banco_inst|proc_banco:proc_banco_inst|processor:p_proc_banco|core:core|ula_in1_ctrl:uic1
 97. Parameter Settings for User Entity Instance: top_level:top_level|top_proc_banco:top_proc_banco_inst|proc_banco:proc_banco_inst|processor:p_proc_banco|core:core|ula_in2_ctrl:uic2
 98. Parameter Settings for User Entity Instance: top_level:top_level|top_proc_banco:top_proc_banco_inst|proc_banco:proc_banco_inst|processor:p_proc_banco|core:core|ula:ula
 99. Parameter Settings for User Entity Instance: top_level:top_level|top_proc_banco:top_proc_banco_inst|proc_banco:proc_banco_inst|processor:p_proc_banco|core:core|ula:ula|ula_denorm:denorm
100. Parameter Settings for User Entity Instance: top_level:top_level|top_proc_banco:top_proc_banco_inst|proc_banco:proc_banco_inst|processor:p_proc_banco|core:core|ula:ula|ula_add:my_add
101. Parameter Settings for User Entity Instance: top_level:top_level|top_proc_banco:top_proc_banco_inst|proc_banco:proc_banco_inst|processor:p_proc_banco|core:core|ula:ula|ula_fadd:my_fadd
102. Parameter Settings for User Entity Instance: top_level:top_level|top_proc_banco:top_proc_banco_inst|proc_banco:proc_banco_inst|processor:p_proc_banco|core:core|ula:ula|ula_mlt:my_mlt
103. Parameter Settings for User Entity Instance: top_level:top_level|top_proc_banco:top_proc_banco_inst|proc_banco:proc_banco_inst|processor:p_proc_banco|core:core|ula:ula|ula_fmlt:my_fmlt
104. Parameter Settings for User Entity Instance: top_level:top_level|top_proc_banco:top_proc_banco_inst|proc_banco:proc_banco_inst|processor:p_proc_banco|core:core|ula:ula|ula_fdiv:my_fdiv
105. Parameter Settings for User Entity Instance: top_level:top_level|top_proc_banco:top_proc_banco_inst|proc_banco:proc_banco_inst|processor:p_proc_banco|core:core|ula:ula|ula_neg:my_negm
106. Parameter Settings for User Entity Instance: top_level:top_level|top_proc_banco:top_proc_banco_inst|proc_banco:proc_banco_inst|processor:p_proc_banco|core:core|ula:ula|ula_i2f:my_i2f
107. Parameter Settings for User Entity Instance: top_level:top_level|top_proc_banco:top_proc_banco_inst|proc_banco:proc_banco_inst|processor:p_proc_banco|core:core|ula:ula|ula_i2f:my_i2fm
108. Parameter Settings for User Entity Instance: top_level:top_level|top_proc_banco:top_proc_banco_inst|proc_banco:proc_banco_inst|processor:p_proc_banco|core:core|ula:ula|ula_f2i:my_f2i
109. Parameter Settings for User Entity Instance: top_level:top_level|top_proc_banco:top_proc_banco_inst|proc_banco:proc_banco_inst|processor:p_proc_banco|core:core|ula:ula|ula_lin:my_lin
110. Parameter Settings for User Entity Instance: top_level:top_level|top_proc_banco:top_proc_banco_inst|proc_banco:proc_banco_inst|processor:p_proc_banco|core:core|ula:ula|ula_les:my_les
111. Parameter Settings for User Entity Instance: top_level:top_level|top_proc_banco:top_proc_banco_inst|proc_banco:proc_banco_inst|processor:p_proc_banco|core:core|ula:ula|ula_fgre:my_fgre
112. Parameter Settings for User Entity Instance: top_level:top_level|top_proc_banco:top_proc_banco_inst|proc_banco:proc_banco_inst|processor:p_proc_banco|core:core|ula:ula|ula_equ:my_equ
113. Parameter Settings for User Entity Instance: top_level:top_level|top_proc_banco:top_proc_banco_inst|proc_banco:proc_banco_inst|processor:p_proc_banco|core:core|ula:ula|norm_mux:norm_mux
114. Parameter Settings for User Entity Instance: top_level:top_level|top_proc_banco:top_proc_banco_inst|proc_banco:proc_banco_inst|processor:p_proc_banco|core:core|ula:ula|norm_mux:norm_mux|ula_norm:ula_norm
115. Parameter Settings for User Entity Instance: top_level:top_level|top_proc_banco:top_proc_banco_inst|proc_banco:proc_banco_inst|processor:p_proc_banco|core:core|ula:ula|norm_mux:norm_mux|ula_norm:ula_norm|ula_nmux:mm1
116. Parameter Settings for User Entity Instance: top_level:top_level|top_proc_banco:top_proc_banco_inst|proc_banco:proc_banco_inst|processor:p_proc_banco|core:core|ula:ula|norm_mux:norm_mux|ula_norm:ula_norm|ula_nmux:norm[1].mm
117. Parameter Settings for User Entity Instance: top_level:top_level|top_proc_banco:top_proc_banco_inst|proc_banco:proc_banco_inst|processor:p_proc_banco|core:core|ula:ula|norm_mux:norm_mux|ula_norm:ula_norm|ula_nmux:norm[2].mm
118. Parameter Settings for User Entity Instance: top_level:top_level|top_proc_banco:top_proc_banco_inst|proc_banco:proc_banco_inst|processor:p_proc_banco|core:core|ula:ula|norm_mux:norm_mux|ula_norm:ula_norm|ula_nmux:norm[3].mm
119. Parameter Settings for User Entity Instance: top_level:top_level|top_proc_banco:top_proc_banco_inst|proc_banco:proc_banco_inst|processor:p_proc_banco|core:core|ula:ula|norm_mux:norm_mux|ula_norm:ula_norm|ula_nmux:norm[4].mm
120. Parameter Settings for User Entity Instance: top_level:top_level|top_proc_banco:top_proc_banco_inst|proc_banco:proc_banco_inst|processor:p_proc_banco|core:core|ula:ula|norm_mux:norm_mux|ula_norm:ula_norm|ula_nmux:norm[5].mm
121. Parameter Settings for User Entity Instance: top_level:top_level|top_proc_banco:top_proc_banco_inst|proc_banco:proc_banco_inst|processor:p_proc_banco|core:core|ula:ula|norm_mux:norm_mux|ula_norm:ula_norm|ula_nmux:norm[6].mm
122. Parameter Settings for User Entity Instance: top_level:top_level|top_proc_banco:top_proc_banco_inst|proc_banco:proc_banco_inst|processor:p_proc_banco|core:core|ula:ula|norm_mux:norm_mux|ula_norm:ula_norm|ula_nmux:norm[7].mm
123. Parameter Settings for User Entity Instance: top_level:top_level|top_proc_banco:top_proc_banco_inst|proc_banco:proc_banco_inst|processor:p_proc_banco|core:core|ula:ula|norm_mux:norm_mux|ula_norm:ula_norm|ula_nmux:norm[8].mm
124. Parameter Settings for User Entity Instance: top_level:top_level|top_proc_banco:top_proc_banco_inst|proc_banco:proc_banco_inst|processor:p_proc_banco|core:core|ula:ula|norm_mux:norm_mux|ula_norm:ula_norm|ula_nmux:norm[9].mm
125. Parameter Settings for User Entity Instance: top_level:top_level|top_proc_banco:top_proc_banco_inst|proc_banco:proc_banco_inst|processor:p_proc_banco|core:core|ula:ula|norm_mux:norm_mux|ula_norm:ula_norm|ula_nmux:norm[10].mm
126. Parameter Settings for User Entity Instance: top_level:top_level|top_proc_banco:top_proc_banco_inst|proc_banco:proc_banco_inst|processor:p_proc_banco|core:core|ula:ula|norm_mux:norm_mux|ula_norm:ula_norm|ula_nmux:norm[11].mm
127. Parameter Settings for User Entity Instance: top_level:top_level|top_proc_banco:top_proc_banco_inst|proc_banco:proc_banco_inst|processor:p_proc_banco|core:core|ula:ula|norm_mux:norm_mux|ula_norm:ula_norm|ula_nmux:norm[12].mm
128. Parameter Settings for User Entity Instance: top_level:top_level|top_proc_banco:top_proc_banco_inst|proc_banco:proc_banco_inst|processor:p_proc_banco|core:core|ula:ula|norm_mux:norm_mux|ula_norm:ula_norm|ula_nmux:norm[13].mm
129. Parameter Settings for User Entity Instance: top_level:top_level|top_proc_banco:top_proc_banco_inst|proc_banco:proc_banco_inst|processor:p_proc_banco|core:core|ula:ula|norm_mux:norm_mux|ula_norm:ula_norm|ula_nmux:norm[14].mm
130. Parameter Settings for User Entity Instance: top_level:top_level|top_proc_banco:top_proc_banco_inst|proc_banco:proc_banco_inst|processor:p_proc_banco|core:core|ula:ula|norm_mux:norm_mux|ula_norm:ula_norm|ula_nmux:norm[15].mm
131. Parameter Settings for User Entity Instance: top_level:top_level|top_proc_banco:top_proc_banco_inst|proc_banco:proc_banco_inst|processor:p_proc_banco|core:core|ula:ula|norm_mux:norm_mux|ula_norm:ula_norm|ula_nmux:norm[16].mm
132. Parameter Settings for User Entity Instance: top_level:top_level|top_proc_banco:top_proc_banco_inst|proc_banco:proc_banco_inst|processor:p_proc_banco|core:core|ula:ula|norm_mux:norm_mux|ula_norm:ula_norm|ula_nmux:norm[17].mm
133. Parameter Settings for User Entity Instance: top_level:top_level|top_proc_banco:top_proc_banco_inst|proc_banco:proc_banco_inst|processor:p_proc_banco|core:core|ula:ula|norm_mux:norm_mux|ula_norm:ula_norm|ula_nmux:norm[18].mm
134. Parameter Settings for User Entity Instance: top_level:top_level|top_proc_banco:top_proc_banco_inst|proc_banco:proc_banco_inst|processor:p_proc_banco|core:core|ula:ula|norm_mux:norm_mux|ula_norm:ula_norm|ula_nmux:norm[19].mm
135. Parameter Settings for User Entity Instance: top_level:top_level|top_proc_banco:top_proc_banco_inst|proc_banco:proc_banco_inst|processor:p_proc_banco|core:core|ula:ula|norm_mux:norm_mux|ula_norm:ula_norm|ula_nmux:norm[20].mm
136. Parameter Settings for User Entity Instance: top_level:top_level|top_proc_banco:top_proc_banco_inst|proc_banco:proc_banco_inst|processor:p_proc_banco|core:core|ula:ula|norm_mux:norm_mux|ula_norm:ula_norm|ula_nmux:norm[21].mm
137. Parameter Settings for User Entity Instance: top_level:top_level|top_proc_banco:top_proc_banco_inst|proc_banco:proc_banco_inst|processor:p_proc_banco|core:core|ula:ula|ula_mux:ula_mux
138. Parameter Settings for User Entity Instance: top_level:top_level|top_proc_banco:top_proc_banco_inst|proc_banco:proc_banco_inst|processor:p_proc_banco|core:core|mem_ctrl:ac
139. Parameter Settings for User Entity Instance: top_level:top_level|top_proc_banco:top_proc_banco_inst|proc_banco:proc_banco_inst|processor:p_proc_banco|core:core|mem_ctrl:ac|rel_addr:ra_rd
140. Parameter Settings for User Entity Instance: top_level:top_level|top_proc_banco:top_proc_banco_inst|proc_banco:proc_banco_inst|processor:p_proc_banco|core:core|mem_ctrl:ac|rel_addr:ra_wr
141. Parameter Settings for User Entity Instance: top_level:top_level|top_proc_banco:top_proc_banco_inst|proc_banco:proc_banco_inst|processor:p_proc_banco|core:core|io_ctrl:io
142. Parameter Settings for User Entity Instance: top_level:top_level|top_proc_banco:top_proc_banco_inst|proc_banco:proc_banco_inst|processor:p_proc_banco|mem_instr:minstr
143. Parameter Settings for User Entity Instance: top_level:top_level|top_proc_banco:top_proc_banco_inst|proc_banco:proc_banco_inst|processor:p_proc_banco|mem_data:mdata
144. Parameter Settings for User Entity Instance: top_level:top_level|top_proc_banco:top_proc_banco_inst|proc_banco:proc_banco_inst|addr_dec:dec_out
145. Parameter Settings for Inferred Entity Instance: sld_signaltap:auto_signaltap_0
146. Parameter Settings for Inferred Entity Instance: top_level:top_level|top_proc_banco:top_proc_banco_inst|proc_banco:proc_banco_inst|processor:p_proc_banco|mem_data:mdata|altsyncram:mem_rtl_0
147. Parameter Settings for Inferred Entity Instance: top_level:top_level|top_proc_banco:top_proc_banco_inst|proc_banco:proc_banco_inst|processor:p_proc_banco|mem_instr:minstr|altsyncram:mem_rtl_0
148. Parameter Settings for Inferred Entity Instance: top_level:top_level|myFIFO:FIFO16x32_inst_my|altsyncram:mem_rtl_0
149. Parameter Settings for Inferred Entity Instance: top_level:top_level|top_proc_interp:top_proc_interp_inst|proc_interp:proc_interp_inst|processor:p_proc_interp|mem_data:mdata|altsyncram:mem_rtl_0
150. Parameter Settings for Inferred Entity Instance: top_level:top_level|top_proc_interp:top_proc_interp_inst|proc_interp:proc_interp_inst|processor:p_proc_interp|mem_instr:minstr|altsyncram:mem_rtl_0
151. Parameter Settings for Inferred Entity Instance: sinal_memoria:comb_6|altsyncram:rom_rtl_0
152. Parameter Settings for Inferred Entity Instance: top_level:top_level|top_proc_banco:top_proc_banco_inst|proc_banco:proc_banco_inst|processor:p_proc_banco|core:core|ula:ula|ula_fdiv:my_fdiv|lpm_divide:Div0
153. Parameter Settings for Inferred Entity Instance: top_level:top_level|top_proc_interp:top_proc_interp_inst|proc_interp:proc_interp_inst|processor:p_proc_interp|core:core|ula:ula|ula_fdiv:my_fdiv|lpm_divide:Div0
154. altsyncram Parameter Settings by Entity Instance
155. Port Connectivity Checks: "top_level:top_level|top_proc_banco:top_proc_banco_inst|proc_banco:proc_banco_inst|processor:p_proc_banco|core:core|instr_fetch:instr_fetch|prefetch:pf"
156. Port Connectivity Checks: "top_level:top_level|top_proc_banco:top_proc_banco_inst|proc_banco:proc_banco_inst|processor:p_proc_banco"
157. Port Connectivity Checks: "top_level:top_level|top_proc_banco:top_proc_banco_inst"
158. Port Connectivity Checks: "top_level:top_level|myFIFO:FIFO16x32_inst_my"
159. Port Connectivity Checks: "top_level:top_level|top_proc_interp:top_proc_interp_inst|proc_interp:proc_interp_inst|processor:p_proc_interp|core:core|ula:ula|norm_mux:norm_mux|ula_norm:ula_norm|ula_nmux:norm[21].mm"
160. Port Connectivity Checks: "top_level:top_level|top_proc_interp:top_proc_interp_inst|proc_interp:proc_interp_inst|processor:p_proc_interp|core:core|ula:ula|norm_mux:norm_mux|ula_norm:ula_norm|ula_nmux:norm[20].mm"
161. Port Connectivity Checks: "top_level:top_level|top_proc_interp:top_proc_interp_inst|proc_interp:proc_interp_inst|processor:p_proc_interp|core:core|ula:ula|norm_mux:norm_mux|ula_norm:ula_norm|ula_nmux:norm[19].mm"
162. Port Connectivity Checks: "top_level:top_level|top_proc_interp:top_proc_interp_inst|proc_interp:proc_interp_inst|processor:p_proc_interp|core:core|ula:ula|norm_mux:norm_mux|ula_norm:ula_norm|ula_nmux:norm[18].mm"
163. Port Connectivity Checks: "top_level:top_level|top_proc_interp:top_proc_interp_inst|proc_interp:proc_interp_inst|processor:p_proc_interp|core:core|ula:ula|norm_mux:norm_mux|ula_norm:ula_norm|ula_nmux:norm[17].mm"
164. Port Connectivity Checks: "top_level:top_level|top_proc_interp:top_proc_interp_inst|proc_interp:proc_interp_inst|processor:p_proc_interp|core:core|ula:ula|norm_mux:norm_mux|ula_norm:ula_norm|ula_nmux:norm[16].mm"
165. Port Connectivity Checks: "top_level:top_level|top_proc_interp:top_proc_interp_inst|proc_interp:proc_interp_inst|processor:p_proc_interp|core:core|ula:ula|norm_mux:norm_mux|ula_norm:ula_norm|ula_nmux:norm[15].mm"
166. Port Connectivity Checks: "top_level:top_level|top_proc_interp:top_proc_interp_inst|proc_interp:proc_interp_inst|processor:p_proc_interp|core:core|ula:ula|norm_mux:norm_mux|ula_norm:ula_norm|ula_nmux:norm[14].mm"
167. Port Connectivity Checks: "top_level:top_level|top_proc_interp:top_proc_interp_inst|proc_interp:proc_interp_inst|processor:p_proc_interp|core:core|ula:ula|norm_mux:norm_mux|ula_norm:ula_norm|ula_nmux:norm[13].mm"
168. Port Connectivity Checks: "top_level:top_level|top_proc_interp:top_proc_interp_inst|proc_interp:proc_interp_inst|processor:p_proc_interp|core:core|ula:ula|norm_mux:norm_mux|ula_norm:ula_norm|ula_nmux:norm[12].mm"
169. Port Connectivity Checks: "top_level:top_level|top_proc_interp:top_proc_interp_inst|proc_interp:proc_interp_inst|processor:p_proc_interp|core:core|ula:ula|norm_mux:norm_mux|ula_norm:ula_norm|ula_nmux:norm[11].mm"
170. Port Connectivity Checks: "top_level:top_level|top_proc_interp:top_proc_interp_inst|proc_interp:proc_interp_inst|processor:p_proc_interp|core:core|ula:ula|norm_mux:norm_mux|ula_norm:ula_norm|ula_nmux:norm[10].mm"
171. Port Connectivity Checks: "top_level:top_level|top_proc_interp:top_proc_interp_inst|proc_interp:proc_interp_inst|processor:p_proc_interp|core:core|ula:ula|norm_mux:norm_mux|ula_norm:ula_norm|ula_nmux:norm[9].mm"
172. Port Connectivity Checks: "top_level:top_level|top_proc_interp:top_proc_interp_inst|proc_interp:proc_interp_inst|processor:p_proc_interp|core:core|ula:ula|norm_mux:norm_mux|ula_norm:ula_norm|ula_nmux:norm[8].mm"
173. Port Connectivity Checks: "top_level:top_level|top_proc_interp:top_proc_interp_inst|proc_interp:proc_interp_inst|processor:p_proc_interp|core:core|ula:ula|norm_mux:norm_mux|ula_norm:ula_norm|ula_nmux:norm[7].mm"
174. Port Connectivity Checks: "top_level:top_level|top_proc_interp:top_proc_interp_inst|proc_interp:proc_interp_inst|processor:p_proc_interp|core:core|ula:ula|norm_mux:norm_mux|ula_norm:ula_norm|ula_nmux:norm[6].mm"
175. Port Connectivity Checks: "top_level:top_level|top_proc_interp:top_proc_interp_inst|proc_interp:proc_interp_inst|processor:p_proc_interp|core:core|ula:ula|norm_mux:norm_mux|ula_norm:ula_norm|ula_nmux:norm[5].mm"
176. Port Connectivity Checks: "top_level:top_level|top_proc_interp:top_proc_interp_inst|proc_interp:proc_interp_inst|processor:p_proc_interp|core:core|ula:ula|norm_mux:norm_mux|ula_norm:ula_norm|ula_nmux:norm[4].mm"
177. Port Connectivity Checks: "top_level:top_level|top_proc_interp:top_proc_interp_inst|proc_interp:proc_interp_inst|processor:p_proc_interp|core:core|ula:ula|norm_mux:norm_mux|ula_norm:ula_norm|ula_nmux:norm[3].mm"
178. Port Connectivity Checks: "top_level:top_level|top_proc_interp:top_proc_interp_inst|proc_interp:proc_interp_inst|processor:p_proc_interp|core:core|ula:ula|norm_mux:norm_mux|ula_norm:ula_norm|ula_nmux:norm[2].mm"
179. Port Connectivity Checks: "top_level:top_level|top_proc_interp:top_proc_interp_inst|proc_interp:proc_interp_inst|processor:p_proc_interp|core:core|ula:ula|norm_mux:norm_mux|ula_norm:ula_norm|ula_nmux:norm[1].mm"
180. Port Connectivity Checks: "top_level:top_level|top_proc_interp:top_proc_interp_inst|proc_interp:proc_interp_inst|processor:p_proc_interp|core:core|ula:ula|norm_mux:norm_mux|ula_norm:ula_norm|ula_nmux:mm1"
181. Port Connectivity Checks: "top_level:top_level|top_proc_interp:top_proc_interp_inst|proc_interp:proc_interp_inst|processor:p_proc_interp|core:core|instr_fetch:instr_fetch|prefetch:pf"
182. Port Connectivity Checks: "top_level:top_level|top_proc_interp:top_proc_interp_inst|proc_interp:proc_interp_inst|processor:p_proc_interp"
183. Port Connectivity Checks: "top_level:top_level|top_proc_interp:top_proc_interp_inst"
184. Port Connectivity Checks: "top_level:top_level"
185. Signal Tap Logic Analyzer Settings
186. Post-Synthesis Netlist Statistics for Top Partition
187. Post-Synthesis Netlist Statistics for Partition sld_signaltap:auto_signaltap_0
188. Post-Synthesis Netlist Statistics for Partition sld_hub:auto_hub
189. Elapsed Time Per Partition
190. Connections to In-System Debugging Instance "auto_signaltap_0"
191. Analysis & Synthesis Messages
192. Analysis & Synthesis Suppressed Messages



----------------
; Legal Notice ;
----------------
Copyright (C) 2020  Intel Corporation. All rights reserved.
Your use of Intel Corporation's design tools, logic functions 
and other software and tools, and any partner logic 
functions, and any output files from any of the foregoing 
(including device programming or simulation files), and any 
associated documentation or information are expressly subject 
to the terms and conditions of the Intel Program License 
Subscription Agreement, the Intel Quartus Prime License Agreement,
the Intel FPGA IP License Agreement, or other applicable license
agreement, including, without limitation, that your use is for
the sole purpose of programming logic devices manufactured by
Intel and sold by Intel or its authorized distributors.  Please
refer to the applicable agreement for further details, at
https://fpgasoftware.intel.com/eula.



+---------------------------------------------------------------------------------------------+
; Analysis & Synthesis Summary                                                                ;
+---------------------------------+-----------------------------------------------------------+
; Analysis & Synthesis Status     ; Successful - Tue Jun 02 16:23:49 2026                     ;
; Quartus Prime Version           ; 20.1.1 Build 720 11/11/2020 Patches 1.02i SJ Lite Edition ;
; Revision Name                   ; hpe                                                       ;
; Top-level Entity Name           ; toplevel_placa                                            ;
; Family                          ; Cyclone V                                                 ;
; Logic utilization (in ALMs)     ; N/A                                                       ;
; Total registers                 ; 2058                                                      ;
; Total pins                      ; 3                                                         ;
; Total virtual pins              ; 0                                                         ;
; Total block memory bits         ; 3,911,639                                                 ;
; Total DSP Blocks                ; 4                                                         ;
; Total HSSI RX PCSs              ; 0                                                         ;
; Total HSSI PMA RX Deserializers ; 0                                                         ;
; Total HSSI TX PCSs              ; 0                                                         ;
; Total HSSI PMA TX Serializers   ; 0                                                         ;
; Total PLLs                      ; 1                                                         ;
; Total DLLs                      ; 0                                                         ;
+---------------------------------+-----------------------------------------------------------+


+---------------------------------------------------------------------------------------------------------------------------+
; Analysis & Synthesis Settings                                                                                             ;
+---------------------------------------------------------------------------------+--------------------+--------------------+
; Option                                                                          ; Setting            ; Default Value      ;
+---------------------------------------------------------------------------------+--------------------+--------------------+
; Device                                                                          ; 5CSEBA6U23I7       ;                    ;
; Top-level entity name                                                           ; toplevel_placa     ; hpe                ;
; Family name                                                                     ; Cyclone V          ; Cyclone V          ;
; Use smart compilation                                                           ; Off                ; Off                ;
; Enable parallel Assembler and Timing Analyzer during compilation                ; On                 ; On                 ;
; Enable compact report table                                                     ; Off                ; Off                ;
; Restructure Multiplexers                                                        ; Auto               ; Auto               ;
; MLAB Add Timing Constraints For Mixed-Port Feed-Through Mode Setting Don't Care ; Off                ; Off                ;
; Create Debugging Nodes for IP Cores                                             ; Off                ; Off                ;
; Preserve fewer node names                                                       ; On                 ; On                 ;
; Intel FPGA IP Evaluation Mode                                                   ; Enable             ; Enable             ;
; Verilog Version                                                                 ; Verilog_2001       ; Verilog_2001       ;
; VHDL Version                                                                    ; VHDL_1993          ; VHDL_1993          ;
; State Machine Processing                                                        ; Auto               ; Auto               ;
; Safe State Machine                                                              ; Off                ; Off                ;
; Extract Verilog State Machines                                                  ; On                 ; On                 ;
; Extract VHDL State Machines                                                     ; On                 ; On                 ;
; Ignore Verilog initial constructs                                               ; Off                ; Off                ;
; Iteration limit for constant Verilog loops                                      ; 5000               ; 5000               ;
; Iteration limit for non-constant Verilog loops                                  ; 250                ; 250                ;
; Add Pass-Through Logic to Inferred RAMs                                         ; On                 ; On                 ;
; Infer RAMs from Raw Logic                                                       ; On                 ; On                 ;
; Parallel Synthesis                                                              ; On                 ; On                 ;
; DSP Block Balancing                                                             ; Auto               ; Auto               ;
; NOT Gate Push-Back                                                              ; On                 ; On                 ;
; Power-Up Don't Care                                                             ; On                 ; On                 ;
; Remove Redundant Logic Cells                                                    ; Off                ; Off                ;
; Remove Duplicate Registers                                                      ; On                 ; On                 ;
; Ignore CARRY Buffers                                                            ; Off                ; Off                ;
; Ignore CASCADE Buffers                                                          ; Off                ; Off                ;
; Ignore GLOBAL Buffers                                                           ; Off                ; Off                ;
; Ignore ROW GLOBAL Buffers                                                       ; Off                ; Off                ;
; Ignore LCELL Buffers                                                            ; Off                ; Off                ;
; Ignore SOFT Buffers                                                             ; On                 ; On                 ;
; Limit AHDL Integers to 32 Bits                                                  ; Off                ; Off                ;
; Optimization Technique                                                          ; Balanced           ; Balanced           ;
; Carry Chain Length                                                              ; 70                 ; 70                 ;
; Auto Carry Chains                                                               ; On                 ; On                 ;
; Auto Open-Drain Pins                                                            ; On                 ; On                 ;
; Perform WYSIWYG Primitive Resynthesis                                           ; Off                ; Off                ;
; Auto ROM Replacement                                                            ; On                 ; On                 ;
; Auto RAM Replacement                                                            ; On                 ; On                 ;
; Auto DSP Block Replacement                                                      ; On                 ; On                 ;
; Auto Shift Register Replacement                                                 ; Auto               ; Auto               ;
; Allow Shift Register Merging across Hierarchies                                 ; Auto               ; Auto               ;
; Auto Clock Enable Replacement                                                   ; On                 ; On                 ;
; Strict RAM Replacement                                                          ; Off                ; Off                ;
; Allow Synchronous Control Signals                                               ; On                 ; On                 ;
; Force Use of Synchronous Clear Signals                                          ; Off                ; Off                ;
; Auto Resource Sharing                                                           ; Off                ; Off                ;
; Allow Any RAM Size For Recognition                                              ; Off                ; Off                ;
; Allow Any ROM Size For Recognition                                              ; Off                ; Off                ;
; Allow Any Shift Register Size For Recognition                                   ; Off                ; Off                ;
; Use LogicLock Constraints during Resource Balancing                             ; On                 ; On                 ;
; Ignore translate_off and synthesis_off directives                               ; Off                ; Off                ;
; Timing-Driven Synthesis                                                         ; On                 ; On                 ;
; Report Parameter Settings                                                       ; On                 ; On                 ;
; Report Source Assignments                                                       ; On                 ; On                 ;
; Report Connectivity Checks                                                      ; On                 ; On                 ;
; Ignore Maximum Fan-Out Assignments                                              ; Off                ; Off                ;
; Synchronization Register Chain Length                                           ; 3                  ; 3                  ;
; Power Optimization During Synthesis                                             ; Normal compilation ; Normal compilation ;
; HDL message level                                                               ; Level2             ; Level2             ;
; Suppress Register Optimization Related Messages                                 ; Off                ; Off                ;
; Number of Removed Registers Reported in Synthesis Report                        ; 5000               ; 5000               ;
; Number of Swept Nodes Reported in Synthesis Report                              ; 5000               ; 5000               ;
; Number of Inverted Registers Reported in Synthesis Report                       ; 100                ; 100                ;
; Clock MUX Protection                                                            ; On                 ; On                 ;
; Auto Gated Clock Conversion                                                     ; Off                ; Off                ;
; Block Design Naming                                                             ; Auto               ; Auto               ;
; SDC constraint protection                                                       ; Off                ; Off                ;
; Synthesis Effort                                                                ; Auto               ; Auto               ;
; Shift Register Replacement - Allow Asynchronous Clear Signal                    ; On                 ; On                 ;
; Pre-Mapping Resynthesis Optimization                                            ; Off                ; Off                ;
; Analysis & Synthesis Message Level                                              ; Medium             ; Medium             ;
; Disable Register Merging Across Hierarchies                                     ; Auto               ; Auto               ;
; Resource Aware Inference For Block RAM                                          ; On                 ; On                 ;
; Automatic Parallel Synthesis                                                    ; On                 ; On                 ;
; Partial Reconfiguration Bitstream ID                                            ; Off                ; Off                ;
+---------------------------------------------------------------------------------+--------------------+--------------------+


+------------------------------------------+
; Parallel Compilation                     ;
+----------------------------+-------------+
; Processors                 ; Number      ;
+----------------------------+-------------+
; Number detected on machine ; 8           ;
; Maximum allowed            ; 4           ;
;                            ;             ;
; Average used               ; 1.00        ;
; Maximum used               ; 4           ;
;                            ;             ;
; Usage by Processor         ; % Time Used ;
;     Processor 1            ; 100.0%      ;
;     Processor 2            ;   0.0%      ;
;     Processor 3            ;   0.0%      ;
;     Processor 4            ;   0.0%      ;
+----------------------------+-------------+


+--------------------------------------------------------------------------------------------------------------------------------------------------------------------------------------------------------------------------------------------------------------------------------+
; Analysis & Synthesis Source Files Read                                                                                                                                                                                                                                         ;
+--------------------------------------------------------------------+-----------------+-------------------------------------------------------+-------------------------------------------------------------------------------------------------------------------+-------------+
; File Name with User-Entered Path                                   ; Used in Netlist ; File Type                                             ; File Name with Absolute Path                                                                                      ; Library     ;
+--------------------------------------------------------------------+-----------------+-------------------------------------------------------+-------------------------------------------------------------------------------------------------------------------+-------------+
; ../Aurora/proc_banco/Hardware/proc_banco.v                         ; yes             ; User Verilog HDL File                                 ; C:/Users/Ricardo/Documents/Dissertacao/Aurora/proc_banco/Hardware/proc_banco.v                                    ;             ;
; ../Aurora/proc_interp/Hardware/proc_interp.v                       ; yes             ; User Verilog HDL File                                 ; C:/Users/Ricardo/Documents/Dissertacao/Aurora/proc_interp/Hardware/proc_interp.v                                  ;             ;
; ../Aurora/top_proc_interp.v                                        ; yes             ; User Verilog HDL File                                 ; C:/Users/Ricardo/Documents/Dissertacao/Aurora/top_proc_interp.v                                                   ;             ;
; ../Aurora/top_proc_banco.v                                         ; yes             ; User Verilog HDL File                                 ; C:/Users/Ricardo/Documents/Dissertacao/Aurora/top_proc_banco.v                                                    ;             ;
; ../Aurora/top_level.v                                              ; yes             ; User Verilog HDL File                                 ; C:/Users/Ricardo/Documents/Dissertacao/Aurora/top_level.v                                                         ;             ;
; ../Aurora/maq_estados.v                                            ; yes             ; User Verilog HDL File                                 ; C:/Users/Ricardo/Documents/Dissertacao/Aurora/maq_estados.v                                                       ;             ;
; ../SAPHOHDL/ula.v                                                  ; yes             ; User Verilog HDL File                                 ; C:/Users/Ricardo/Documents/Dissertacao/SAPHOHDL/ula.v                                                             ;             ;
; ../SAPHOHDL/processor.v                                            ; yes             ; User Verilog HDL File                                 ; C:/Users/Ricardo/Documents/Dissertacao/SAPHOHDL/processor.v                                                       ;             ;
; ../SAPHOHDL/myFIFO.v                                               ; yes             ; User Verilog HDL File                                 ; C:/Users/Ricardo/Documents/Dissertacao/SAPHOHDL/myFIFO.v                                                          ;             ;
; ../SAPHOHDL/instr_dec.v                                            ; yes             ; User Verilog HDL File                                 ; C:/Users/Ricardo/Documents/Dissertacao/SAPHOHDL/instr_dec.v                                                       ;             ;
; ../SAPHOHDL/core.v                                                 ; yes             ; User Verilog HDL File                                 ; C:/Users/Ricardo/Documents/Dissertacao/SAPHOHDL/core.v                                                            ;             ;
; ../SAPHOHDL/addr_dec.v                                             ; yes             ; User Verilog HDL File                                 ; C:/Users/Ricardo/Documents/Dissertacao/SAPHOHDL/addr_dec.v                                                        ;             ;
; toplevel_placa.v                                                   ; yes             ; User Verilog HDL File                                 ; C:/Users/Ricardo/Documents/Dissertacao/Quartus/toplevel_placa.v                                                   ;             ;
; pll.v                                                              ; yes             ; User Wizard-Generated File                            ; C:/Users/Ricardo/Documents/Dissertacao/Quartus/pll.v                                                              ; pll         ;
; pll/pll_0002.v                                                     ; yes             ; User Verilog HDL File                                 ; C:/Users/Ricardo/Documents/Dissertacao/Quartus/pll/pll_0002.v                                                     ; pll         ;
; rst_proc.v                                                         ; yes             ; User Verilog HDL File                                 ; C:/Users/Ricardo/Documents/Dissertacao/Quartus/rst_proc.v                                                         ;             ;
; sinal_memoria.v                                                    ; yes             ; User Verilog HDL File                                 ; C:/Users/Ricardo/Documents/Dissertacao/Quartus/sinal_memoria.v                                                    ;             ;
; sinal_entrada_quartus.txt                                          ; yes             ; Auto-Found File                                       ; C:/Users/Ricardo/Documents/Dissertacao/Quartus/sinal_entrada_quartus.txt                                          ;             ;
; altera_pll.v                                                       ; yes             ; Megafunction                                          ; c:/intelfpga_lite/20.1/quartus/libraries/megafunctions/altera_pll.v                                               ;             ;
; sld_signaltap.vhd                                                  ; yes             ; Megafunction                                          ; c:/intelfpga_lite/20.1/quartus/libraries/megafunctions/sld_signaltap.vhd                                          ;             ;
; sld_signaltap_impl.vhd                                             ; yes             ; Encrypted Megafunction                                ; c:/intelfpga_lite/20.1/quartus/libraries/megafunctions/sld_signaltap_impl.vhd                                     ;             ;
; sld_ela_control.vhd                                                ; yes             ; Encrypted Megafunction                                ; c:/intelfpga_lite/20.1/quartus/libraries/megafunctions/sld_ela_control.vhd                                        ;             ;
; lpm_shiftreg.tdf                                                   ; yes             ; Megafunction                                          ; c:/intelfpga_lite/20.1/quartus/libraries/megafunctions/lpm_shiftreg.tdf                                           ;             ;
; lpm_constant.inc                                                   ; yes             ; Megafunction                                          ; c:/intelfpga_lite/20.1/quartus/libraries/megafunctions/lpm_constant.inc                                           ;             ;
; dffeea.inc                                                         ; yes             ; Megafunction                                          ; c:/intelfpga_lite/20.1/quartus/libraries/megafunctions/dffeea.inc                                                 ;             ;
; aglobal201.inc                                                     ; yes             ; Megafunction                                          ; c:/intelfpga_lite/20.1/quartus/libraries/megafunctions/aglobal201.inc                                             ;             ;
; sld_mbpmg.vhd                                                      ; yes             ; Encrypted Megafunction                                ; c:/intelfpga_lite/20.1/quartus/libraries/megafunctions/sld_mbpmg.vhd                                              ;             ;
; sld_ela_trigger_flow_mgr.vhd                                       ; yes             ; Encrypted Megafunction                                ; c:/intelfpga_lite/20.1/quartus/libraries/megafunctions/sld_ela_trigger_flow_mgr.vhd                               ;             ;
; sld_buffer_manager.vhd                                             ; yes             ; Encrypted Megafunction                                ; c:/intelfpga_lite/20.1/quartus/libraries/megafunctions/sld_buffer_manager.vhd                                     ;             ;
; altsyncram.tdf                                                     ; yes             ; Megafunction                                          ; c:/intelfpga_lite/20.1/quartus/libraries/megafunctions/altsyncram.tdf                                             ;             ;
; stratix_ram_block.inc                                              ; yes             ; Megafunction                                          ; c:/intelfpga_lite/20.1/quartus/libraries/megafunctions/stratix_ram_block.inc                                      ;             ;
; lpm_mux.inc                                                        ; yes             ; Megafunction                                          ; c:/intelfpga_lite/20.1/quartus/libraries/megafunctions/lpm_mux.inc                                                ;             ;
; lpm_decode.inc                                                     ; yes             ; Megafunction                                          ; c:/intelfpga_lite/20.1/quartus/libraries/megafunctions/lpm_decode.inc                                             ;             ;
; a_rdenreg.inc                                                      ; yes             ; Megafunction                                          ; c:/intelfpga_lite/20.1/quartus/libraries/megafunctions/a_rdenreg.inc                                              ;             ;
; altrom.inc                                                         ; yes             ; Megafunction                                          ; c:/intelfpga_lite/20.1/quartus/libraries/megafunctions/altrom.inc                                                 ;             ;
; altram.inc                                                         ; yes             ; Megafunction                                          ; c:/intelfpga_lite/20.1/quartus/libraries/megafunctions/altram.inc                                                 ;             ;
; altdpram.inc                                                       ; yes             ; Megafunction                                          ; c:/intelfpga_lite/20.1/quartus/libraries/megafunctions/altdpram.inc                                               ;             ;
; db/altsyncram_ol84.tdf                                             ; yes             ; Auto-Generated Megafunction                           ; C:/Users/Ricardo/Documents/Dissertacao/Quartus/db/altsyncram_ol84.tdf                                             ;             ;
; db/decode_dla.tdf                                                  ; yes             ; Auto-Generated Megafunction                           ; C:/Users/Ricardo/Documents/Dissertacao/Quartus/db/decode_dla.tdf                                                  ;             ;
; db/mux_ghb.tdf                                                     ; yes             ; Auto-Generated Megafunction                           ; C:/Users/Ricardo/Documents/Dissertacao/Quartus/db/mux_ghb.tdf                                                     ;             ;
; altdpram.tdf                                                       ; yes             ; Megafunction                                          ; c:/intelfpga_lite/20.1/quartus/libraries/megafunctions/altdpram.tdf                                               ;             ;
; memmodes.inc                                                       ; yes             ; Megafunction                                          ; c:/intelfpga_lite/20.1/quartus/libraries/others/maxplus2/memmodes.inc                                             ;             ;
; a_hdffe.inc                                                        ; yes             ; Megafunction                                          ; c:/intelfpga_lite/20.1/quartus/libraries/megafunctions/a_hdffe.inc                                                ;             ;
; alt_le_rden_reg.inc                                                ; yes             ; Megafunction                                          ; c:/intelfpga_lite/20.1/quartus/libraries/megafunctions/alt_le_rden_reg.inc                                        ;             ;
; altsyncram.inc                                                     ; yes             ; Megafunction                                          ; c:/intelfpga_lite/20.1/quartus/libraries/megafunctions/altsyncram.inc                                             ;             ;
; lpm_mux.tdf                                                        ; yes             ; Megafunction                                          ; c:/intelfpga_lite/20.1/quartus/libraries/megafunctions/lpm_mux.tdf                                                ;             ;
; muxlut.inc                                                         ; yes             ; Megafunction                                          ; c:/intelfpga_lite/20.1/quartus/libraries/megafunctions/muxlut.inc                                                 ;             ;
; bypassff.inc                                                       ; yes             ; Megafunction                                          ; c:/intelfpga_lite/20.1/quartus/libraries/megafunctions/bypassff.inc                                               ;             ;
; altshift.inc                                                       ; yes             ; Megafunction                                          ; c:/intelfpga_lite/20.1/quartus/libraries/megafunctions/altshift.inc                                               ;             ;
; db/mux_elc.tdf                                                     ; yes             ; Auto-Generated Megafunction                           ; C:/Users/Ricardo/Documents/Dissertacao/Quartus/db/mux_elc.tdf                                                     ;             ;
; lpm_decode.tdf                                                     ; yes             ; Megafunction                                          ; c:/intelfpga_lite/20.1/quartus/libraries/megafunctions/lpm_decode.tdf                                             ;             ;
; declut.inc                                                         ; yes             ; Megafunction                                          ; c:/intelfpga_lite/20.1/quartus/libraries/megafunctions/declut.inc                                                 ;             ;
; lpm_compare.inc                                                    ; yes             ; Megafunction                                          ; c:/intelfpga_lite/20.1/quartus/libraries/megafunctions/lpm_compare.inc                                            ;             ;
; db/decode_vnf.tdf                                                  ; yes             ; Auto-Generated Megafunction                           ; C:/Users/Ricardo/Documents/Dissertacao/Quartus/db/decode_vnf.tdf                                                  ;             ;
; lpm_counter.tdf                                                    ; yes             ; Megafunction                                          ; c:/intelfpga_lite/20.1/quartus/libraries/megafunctions/lpm_counter.tdf                                            ;             ;
; lpm_add_sub.inc                                                    ; yes             ; Megafunction                                          ; c:/intelfpga_lite/20.1/quartus/libraries/megafunctions/lpm_add_sub.inc                                            ;             ;
; cmpconst.inc                                                       ; yes             ; Megafunction                                          ; c:/intelfpga_lite/20.1/quartus/libraries/megafunctions/cmpconst.inc                                               ;             ;
; lpm_counter.inc                                                    ; yes             ; Megafunction                                          ; c:/intelfpga_lite/20.1/quartus/libraries/megafunctions/lpm_counter.inc                                            ;             ;
; alt_counter_stratix.inc                                            ; yes             ; Megafunction                                          ; c:/intelfpga_lite/20.1/quartus/libraries/megafunctions/alt_counter_stratix.inc                                    ;             ;
; db/cntr_79i.tdf                                                    ; yes             ; Auto-Generated Megafunction                           ; C:/Users/Ricardo/Documents/Dissertacao/Quartus/db/cntr_79i.tdf                                                    ;             ;
; db/cmpr_e9c.tdf                                                    ; yes             ; Auto-Generated Megafunction                           ; C:/Users/Ricardo/Documents/Dissertacao/Quartus/db/cmpr_e9c.tdf                                                    ;             ;
; db/cntr_24j.tdf                                                    ; yes             ; Auto-Generated Megafunction                           ; C:/Users/Ricardo/Documents/Dissertacao/Quartus/db/cntr_24j.tdf                                                    ;             ;
; db/cntr_29i.tdf                                                    ; yes             ; Auto-Generated Megafunction                           ; C:/Users/Ricardo/Documents/Dissertacao/Quartus/db/cntr_29i.tdf                                                    ;             ;
; db/cntr_kri.tdf                                                    ; yes             ; Auto-Generated Megafunction                           ; C:/Users/Ricardo/Documents/Dissertacao/Quartus/db/cntr_kri.tdf                                                    ;             ;
; db/cmpr_99c.tdf                                                    ; yes             ; Auto-Generated Megafunction                           ; C:/Users/Ricardo/Documents/Dissertacao/Quartus/db/cmpr_99c.tdf                                                    ;             ;
; sld_rom_sr.vhd                                                     ; yes             ; Encrypted Megafunction                                ; c:/intelfpga_lite/20.1/quartus/libraries/megafunctions/sld_rom_sr.vhd                                             ;             ;
; sld_jtag_endpoint_adapter.vhd                                      ; yes             ; Encrypted Megafunction                                ; c:/intelfpga_lite/20.1/quartus/libraries/megafunctions/sld_jtag_endpoint_adapter.vhd                              ;             ;
; sld_jtag_endpoint_adapter_impl.sv                                  ; yes             ; Encrypted Megafunction                                ; c:/intelfpga_lite/20.1/quartus/libraries/megafunctions/sld_jtag_endpoint_adapter_impl.sv                          ;             ;
; sld_hub.vhd                                                        ; yes             ; Encrypted Megafunction                                ; c:/intelfpga_lite/20.1/quartus/libraries/megafunctions/sld_hub.vhd                                                ; altera_sld  ;
; db/ip/sld9c8762f3/alt_sld_fab.v                                    ; yes             ; Encrypted Auto-Found Verilog HDL File                 ; C:/Users/Ricardo/Documents/Dissertacao/Quartus/db/ip/sld9c8762f3/alt_sld_fab.v                                    ; alt_sld_fab ;
; db/ip/sld9c8762f3/submodules/alt_sld_fab_alt_sld_fab.v             ; yes             ; Encrypted Auto-Found Verilog HDL File                 ; C:/Users/Ricardo/Documents/Dissertacao/Quartus/db/ip/sld9c8762f3/submodules/alt_sld_fab_alt_sld_fab.v             ; alt_sld_fab ;
; db/ip/sld9c8762f3/submodules/alt_sld_fab_alt_sld_fab_ident.sv      ; yes             ; Auto-Found SystemVerilog HDL File                     ; C:/Users/Ricardo/Documents/Dissertacao/Quartus/db/ip/sld9c8762f3/submodules/alt_sld_fab_alt_sld_fab_ident.sv      ; alt_sld_fab ;
; db/ip/sld9c8762f3/submodules/alt_sld_fab_alt_sld_fab_presplit.sv   ; yes             ; Encrypted Auto-Found SystemVerilog HDL File           ; C:/Users/Ricardo/Documents/Dissertacao/Quartus/db/ip/sld9c8762f3/submodules/alt_sld_fab_alt_sld_fab_presplit.sv   ; alt_sld_fab ;
; db/ip/sld9c8762f3/submodules/alt_sld_fab_alt_sld_fab_sldfabric.vhd ; yes             ; Encrypted Auto-Found VHDL File                        ; C:/Users/Ricardo/Documents/Dissertacao/Quartus/db/ip/sld9c8762f3/submodules/alt_sld_fab_alt_sld_fab_sldfabric.vhd ; alt_sld_fab ;
; db/ip/sld9c8762f3/submodules/alt_sld_fab_alt_sld_fab_splitter.sv   ; yes             ; Encrypted Auto-Found SystemVerilog HDL File           ; C:/Users/Ricardo/Documents/Dissertacao/Quartus/db/ip/sld9c8762f3/submodules/alt_sld_fab_alt_sld_fab_splitter.sv   ; alt_sld_fab ;
; sld_jtag_hub.vhd                                                   ; yes             ; Encrypted Megafunction                                ; c:/intelfpga_lite/20.1/quartus/libraries/megafunctions/sld_jtag_hub.vhd                                           ;             ;
; db/altsyncram_4kr1.tdf                                             ; yes             ; Auto-Generated Megafunction                           ; C:/Users/Ricardo/Documents/Dissertacao/Quartus/db/altsyncram_4kr1.tdf                                             ;             ;
; db/hpe.ram0_mem_data_5212d04b.hdl.mif                              ; yes             ; Auto-Generated Auto-Found Memory Initialization File  ; C:/Users/Ricardo/Documents/Dissertacao/Quartus/db/hpe.ram0_mem_data_5212d04b.hdl.mif                              ;             ;
; db/altsyncram_vvc1.tdf                                             ; yes             ; Auto-Generated Megafunction                           ; C:/Users/Ricardo/Documents/Dissertacao/Quartus/db/altsyncram_vvc1.tdf                                             ;             ;
; db/hpe.ram0_mem_instr_d55c1a92.hdl.mif                             ; yes             ; Auto-Generated Auto-Found Memory Initialization File  ; C:/Users/Ricardo/Documents/Dissertacao/Quartus/db/hpe.ram0_mem_instr_d55c1a92.hdl.mif                             ;             ;
; db/altsyncram_smi1.tdf                                             ; yes             ; Auto-Generated Megafunction                           ; C:/Users/Ricardo/Documents/Dissertacao/Quartus/db/altsyncram_smi1.tdf                                             ;             ;
; db/altsyncram_hgr1.tdf                                             ; yes             ; Auto-Generated Megafunction                           ; C:/Users/Ricardo/Documents/Dissertacao/Quartus/db/altsyncram_hgr1.tdf                                             ;             ;
; db/hpe.ram0_mem_data_54405a1e.hdl.mif                              ; yes             ; Auto-Generated Auto-Found Memory Initialization File  ; C:/Users/Ricardo/Documents/Dissertacao/Quartus/db/hpe.ram0_mem_data_54405a1e.hdl.mif                              ;             ;
; db/altsyncram_qvc1.tdf                                             ; yes             ; Auto-Generated Megafunction                           ; C:/Users/Ricardo/Documents/Dissertacao/Quartus/db/altsyncram_qvc1.tdf                                             ;             ;
; db/hpe.ram0_mem_instr_c91d1b5.hdl.mif                              ; yes             ; Auto-Generated Auto-Found Memory Initialization File  ; C:/Users/Ricardo/Documents/Dissertacao/Quartus/db/hpe.ram0_mem_instr_c91d1b5.hdl.mif                              ;             ;
; db/altsyncram_ccd1.tdf                                             ; yes             ; Auto-Generated Megafunction                           ; C:/Users/Ricardo/Documents/Dissertacao/Quartus/db/altsyncram_ccd1.tdf                                             ;             ;
; db/hpe.ram0_sinal_memoria_51fa24f1.hdl.mif                         ; yes             ; Auto-Generated Auto-Found Memory Initialization File  ; C:/Users/Ricardo/Documents/Dissertacao/Quartus/db/hpe.ram0_sinal_memoria_51fa24f1.hdl.mif                         ;             ;
; lpm_divide.tdf                                                     ; yes             ; Megafunction                                          ; c:/intelfpga_lite/20.1/quartus/libraries/megafunctions/lpm_divide.tdf                                             ;             ;
; abs_divider.inc                                                    ; yes             ; Megafunction                                          ; c:/intelfpga_lite/20.1/quartus/libraries/megafunctions/abs_divider.inc                                            ;             ;
; sign_div_unsign.inc                                                ; yes             ; Megafunction                                          ; c:/intelfpga_lite/20.1/quartus/libraries/megafunctions/sign_div_unsign.inc                                        ;             ;
; db/lpm_divide_7dm.tdf                                              ; yes             ; Auto-Generated Megafunction                           ; C:/Users/Ricardo/Documents/Dissertacao/Quartus/db/lpm_divide_7dm.tdf                                              ;             ;
; db/sign_div_unsign_dnh.tdf                                         ; yes             ; Auto-Generated Megafunction                           ; C:/Users/Ricardo/Documents/Dissertacao/Quartus/db/sign_div_unsign_dnh.tdf                                         ;             ;
; db/alt_u_div_03f.tdf                                               ; yes             ; Auto-Generated Megafunction                           ; C:/Users/Ricardo/Documents/Dissertacao/Quartus/db/alt_u_div_03f.tdf                                               ;             ;
+--------------------------------------------------------------------+-----------------+-------------------------------------------------------+-------------------------------------------------------------------------------------------------------------------+-------------+


+--------------------------------------------------------------------------+
; Analysis & Synthesis Resource Usage Summary                              ;
+---------------------------------------------+----------------------------+
; Resource                                    ; Usage                      ;
+---------------------------------------------+----------------------------+
; Estimate of Logic utilization (ALMs needed) ; 4171                       ;
;                                             ;                            ;
; Combinational ALUT usage for logic          ; 7016                       ;
;     -- 7 input functions                    ; 16                         ;
;     -- 6 input functions                    ; 966                        ;
;     -- 5 input functions                    ; 2130                       ;
;     -- 4 input functions                    ; 1510                       ;
;     -- <=3 input functions                  ; 2394                       ;
;                                             ;                            ;
; Dedicated logic registers                   ; 2058                       ;
;                                             ;                            ;
; I/O pins                                    ; 3                          ;
; Total MLAB memory bits                      ; 0                          ;
; Total block memory bits                     ; 3911639                    ;
;                                             ;                            ;
; Total DSP Blocks                            ; 4                          ;
;                                             ;                            ;
; Total PLLs                                  ; 1                          ;
;     -- PLLs                                 ; 1                          ;
;                                             ;                            ;
; Maximum fan-out node                        ; rst_proc:rst_proc|Equal0~6 ;
; Maximum fan-out                             ; 1123                       ;
; Total fan-out                               ; 53478                      ;
; Average fan-out                             ; 5.52                       ;
+---------------------------------------------+----------------------------+


+------------------------------------------------------------------------------------------------------------------------------------------------------------------------------------------------------------------------------------------------------------------------------------------------------------------------------------------------------------------------------------------------------------------------------------------------------------------------------------------------------------------------------------------------------------------------------------------------------------------------------------------------------------------+
; Analysis & Synthesis Resource Utilization by Entity                                                                                                                                                                                                                                                                                                                                                                                                                                                                                                                                                                                                              ;
+-----------------------------------------------------------------------------------------------------------------------------------------+---------------------+---------------------------+-------------------+------------+------+--------------+------------------------------------------------------------------------------------------------------------------------------------------------------------------------------------------------------------------------------------------------------------------------------------------------------------------------------------------------------------+-----------------------------------+--------------+
; Compilation Hierarchy Node                                                                                                              ; Combinational ALUTs ; Dedicated Logic Registers ; Block Memory Bits ; DSP Blocks ; Pins ; Virtual Pins ; Full Hierarchy Name                                                                                                                                                                                                                                                                                                                                        ; Entity Name                       ; Library Name ;
+-----------------------------------------------------------------------------------------------------------------------------------------+---------------------+---------------------------+-------------------+------------+------+--------------+------------------------------------------------------------------------------------------------------------------------------------------------------------------------------------------------------------------------------------------------------------------------------------------------------------------------------------------------------------+-----------------------------------+--------------+
; |toplevel_placa                                                                                                                         ; 7016 (41)           ; 2058 (0)                  ; 3911639           ; 4          ; 3    ; 0            ; |toplevel_placa                                                                                                                                                                                                                                                                                                                                            ; toplevel_placa                    ; work         ;
;    |pll:pll|                                                                                                                            ; 0 (0)               ; 0 (0)                     ; 0                 ; 0          ; 0    ; 0            ; |toplevel_placa|pll:pll                                                                                                                                                                                                                                                                                                                                    ; pll                               ; pll          ;
;       |pll_0002:pll_inst|                                                                                                               ; 0 (0)               ; 0 (0)                     ; 0                 ; 0          ; 0    ; 0            ; |toplevel_placa|pll:pll|pll_0002:pll_inst                                                                                                                                                                                                                                                                                                                  ; pll_0002                          ; pll          ;
;          |altera_pll:altera_pll_i|                                                                                                      ; 0 (0)               ; 0 (0)                     ; 0                 ; 0          ; 0    ; 0            ; |toplevel_placa|pll:pll|pll_0002:pll_inst|altera_pll:altera_pll_i                                                                                                                                                                                                                                                                                          ; altera_pll                        ; work         ;
;    |rst_proc:rst_proc|                                                                                                                  ; 42 (42)             ; 32 (32)                   ; 0                 ; 0          ; 0    ; 0            ; |toplevel_placa|rst_proc:rst_proc                                                                                                                                                                                                                                                                                                                          ; rst_proc                          ; work         ;
;    |sinal_memoria:comb_6|                                                                                                               ; 8 (8)               ; 8 (8)                     ; 4096              ; 0          ; 0    ; 0            ; |toplevel_placa|sinal_memoria:comb_6                                                                                                                                                                                                                                                                                                                       ; sinal_memoria                     ; work         ;
;       |altsyncram:rom_rtl_0|                                                                                                            ; 0 (0)               ; 0 (0)                     ; 4096              ; 0          ; 0    ; 0            ; |toplevel_placa|sinal_memoria:comb_6|altsyncram:rom_rtl_0                                                                                                                                                                                                                                                                                                  ; altsyncram                        ; work         ;
;          |altsyncram_ccd1:auto_generated|                                                                                               ; 0 (0)               ; 0 (0)                     ; 4096              ; 0          ; 0    ; 0            ; |toplevel_placa|sinal_memoria:comb_6|altsyncram:rom_rtl_0|altsyncram_ccd1:auto_generated                                                                                                                                                                                                                                                                   ; altsyncram_ccd1                   ; work         ;
;    |sld_hub:auto_hub|                                                                                                                   ; 90 (1)              ; 90 (0)                    ; 0                 ; 0          ; 0    ; 0            ; |toplevel_placa|sld_hub:auto_hub                                                                                                                                                                                                                                                                                                                           ; sld_hub                           ; altera_sld   ;
;       |alt_sld_fab_with_jtag_input:\instrumentation_fabric_with_node_gen:fabric_gen_new_way:with_jtag_input_gen:instrumentation_fabric| ; 89 (0)              ; 90 (0)                    ; 0                 ; 0          ; 0    ; 0            ; |toplevel_placa|sld_hub:auto_hub|alt_sld_fab_with_jtag_input:\instrumentation_fabric_with_node_gen:fabric_gen_new_way:with_jtag_input_gen:instrumentation_fabric                                                                                                                                                                                           ; alt_sld_fab_with_jtag_input       ; altera_sld   ;
;          |alt_sld_fab:instrumentation_fabric|                                                                                           ; 89 (0)              ; 90 (0)                    ; 0                 ; 0          ; 0    ; 0            ; |toplevel_placa|sld_hub:auto_hub|alt_sld_fab_with_jtag_input:\instrumentation_fabric_with_node_gen:fabric_gen_new_way:with_jtag_input_gen:instrumentation_fabric|alt_sld_fab:instrumentation_fabric                                                                                                                                                        ; alt_sld_fab                       ; alt_sld_fab  ;
;             |alt_sld_fab_alt_sld_fab:alt_sld_fab|                                                                                       ; 89 (1)              ; 90 (5)                    ; 0                 ; 0          ; 0    ; 0            ; |toplevel_placa|sld_hub:auto_hub|alt_sld_fab_with_jtag_input:\instrumentation_fabric_with_node_gen:fabric_gen_new_way:with_jtag_input_gen:instrumentation_fabric|alt_sld_fab:instrumentation_fabric|alt_sld_fab_alt_sld_fab:alt_sld_fab                                                                                                                    ; alt_sld_fab_alt_sld_fab           ; alt_sld_fab  ;
;                |alt_sld_fab_alt_sld_fab_sldfabric:sldfabric|                                                                            ; 88 (0)              ; 85 (0)                    ; 0                 ; 0          ; 0    ; 0            ; |toplevel_placa|sld_hub:auto_hub|alt_sld_fab_with_jtag_input:\instrumentation_fabric_with_node_gen:fabric_gen_new_way:with_jtag_input_gen:instrumentation_fabric|alt_sld_fab:instrumentation_fabric|alt_sld_fab_alt_sld_fab:alt_sld_fab|alt_sld_fab_alt_sld_fab_sldfabric:sldfabric                                                                        ; alt_sld_fab_alt_sld_fab_sldfabric ; alt_sld_fab  ;
;                   |sld_jtag_hub:\jtag_hub_gen:real_sld_jtag_hub|                                                                        ; 88 (55)             ; 85 (57)                   ; 0                 ; 0          ; 0    ; 0            ; |toplevel_placa|sld_hub:auto_hub|alt_sld_fab_with_jtag_input:\instrumentation_fabric_with_node_gen:fabric_gen_new_way:with_jtag_input_gen:instrumentation_fabric|alt_sld_fab:instrumentation_fabric|alt_sld_fab_alt_sld_fab:alt_sld_fab|alt_sld_fab_alt_sld_fab_sldfabric:sldfabric|sld_jtag_hub:\jtag_hub_gen:real_sld_jtag_hub                           ; sld_jtag_hub                      ; work         ;
;                      |sld_rom_sr:hub_info_reg|                                                                                          ; 15 (15)             ; 9 (9)                     ; 0                 ; 0          ; 0    ; 0            ; |toplevel_placa|sld_hub:auto_hub|alt_sld_fab_with_jtag_input:\instrumentation_fabric_with_node_gen:fabric_gen_new_way:with_jtag_input_gen:instrumentation_fabric|alt_sld_fab:instrumentation_fabric|alt_sld_fab_alt_sld_fab:alt_sld_fab|alt_sld_fab_alt_sld_fab_sldfabric:sldfabric|sld_jtag_hub:\jtag_hub_gen:real_sld_jtag_hub|sld_rom_sr:hub_info_reg   ; sld_rom_sr                        ; work         ;
;                      |sld_shadow_jsm:shadow_jsm|                                                                                        ; 18 (18)             ; 19 (19)                   ; 0                 ; 0          ; 0    ; 0            ; |toplevel_placa|sld_hub:auto_hub|alt_sld_fab_with_jtag_input:\instrumentation_fabric_with_node_gen:fabric_gen_new_way:with_jtag_input_gen:instrumentation_fabric|alt_sld_fab:instrumentation_fabric|alt_sld_fab_alt_sld_fab:alt_sld_fab|alt_sld_fab_alt_sld_fab_sldfabric:sldfabric|sld_jtag_hub:\jtag_hub_gen:real_sld_jtag_hub|sld_shadow_jsm:shadow_jsm ; sld_shadow_jsm                    ; altera_sld   ;
;    |sld_signaltap:auto_signaltap_0|                                                                                                     ; 511 (2)             ; 1121 (112)                ; 3670016           ; 0          ; 0    ; 0            ; |toplevel_placa|sld_signaltap:auto_signaltap_0                                                                                                                                                                                                                                                                                                             ; sld_signaltap                     ; work         ;
;       |sld_signaltap_impl:sld_signaltap_body|                                                                                           ; 509 (0)             ; 1009 (0)                  ; 3670016           ; 0          ; 0    ; 0            ; |toplevel_placa|sld_signaltap:auto_signaltap_0|sld_signaltap_impl:sld_signaltap_body                                                                                                                                                                                                                                                                       ; sld_signaltap_impl                ; work         ;
;          |sld_signaltap_implb:sld_signaltap_body|                                                                                       ; 509 (67)            ; 1009 (316)                ; 3670016           ; 0          ; 0    ; 0            ; |toplevel_placa|sld_signaltap:auto_signaltap_0|sld_signaltap_impl:sld_signaltap_body|sld_signaltap_implb:sld_signaltap_body                                                                                                                                                                                                                                ; sld_signaltap_implb               ; work         ;
;             |altdpram:\stp_non_zero_ram_gen:attribute_mem_gen:attribute_mem|                                                            ; 2 (0)               ; 100 (100)                 ; 0                 ; 0          ; 0    ; 0            ; |toplevel_placa|sld_signaltap:auto_signaltap_0|sld_signaltap_impl:sld_signaltap_body|sld_signaltap_implb:sld_signaltap_body|altdpram:\stp_non_zero_ram_gen:attribute_mem_gen:attribute_mem                                                                                                                                                                 ; altdpram                          ; work         ;
;                |lpm_decode:wdecoder|                                                                                                    ; 2 (0)               ; 0 (0)                     ; 0                 ; 0          ; 0    ; 0            ; |toplevel_placa|sld_signaltap:auto_signaltap_0|sld_signaltap_impl:sld_signaltap_body|sld_signaltap_implb:sld_signaltap_body|altdpram:\stp_non_zero_ram_gen:attribute_mem_gen:attribute_mem|lpm_decode:wdecoder                                                                                                                                             ; lpm_decode                        ; work         ;
;                   |decode_vnf:auto_generated|                                                                                           ; 2 (2)               ; 0 (0)                     ; 0                 ; 0          ; 0    ; 0            ; |toplevel_placa|sld_signaltap:auto_signaltap_0|sld_signaltap_impl:sld_signaltap_body|sld_signaltap_implb:sld_signaltap_body|altdpram:\stp_non_zero_ram_gen:attribute_mem_gen:attribute_mem|lpm_decode:wdecoder|decode_vnf:auto_generated                                                                                                                   ; decode_vnf                        ; work         ;
;             |altsyncram:\stp_non_zero_ram_gen:stp_buffer_ram|                                                                           ; 10 (0)              ; 3 (0)                     ; 3670016           ; 0          ; 0    ; 0            ; |toplevel_placa|sld_signaltap:auto_signaltap_0|sld_signaltap_impl:sld_signaltap_body|sld_signaltap_implb:sld_signaltap_body|altsyncram:\stp_non_zero_ram_gen:stp_buffer_ram                                                                                                                                                                                ; altsyncram                        ; work         ;
;                |altsyncram_ol84:auto_generated|                                                                                         ; 10 (0)              ; 3 (3)                     ; 3670016           ; 0          ; 0    ; 0            ; |toplevel_placa|sld_signaltap:auto_signaltap_0|sld_signaltap_impl:sld_signaltap_body|sld_signaltap_implb:sld_signaltap_body|altsyncram:\stp_non_zero_ram_gen:stp_buffer_ram|altsyncram_ol84:auto_generated                                                                                                                                                 ; altsyncram_ol84                   ; work         ;
;                   |decode_dla:decode2|                                                                                                  ; 8 (8)               ; 0 (0)                     ; 0                 ; 0          ; 0    ; 0            ; |toplevel_placa|sld_signaltap:auto_signaltap_0|sld_signaltap_impl:sld_signaltap_body|sld_signaltap_implb:sld_signaltap_body|altsyncram:\stp_non_zero_ram_gen:stp_buffer_ram|altsyncram_ol84:auto_generated|decode_dla:decode2                                                                                                                              ; decode_dla                        ; work         ;
;                   |mux_ghb:mux3|                                                                                                        ; 2 (2)               ; 0 (0)                     ; 0                 ; 0          ; 0    ; 0            ; |toplevel_placa|sld_signaltap:auto_signaltap_0|sld_signaltap_impl:sld_signaltap_body|sld_signaltap_implb:sld_signaltap_body|altsyncram:\stp_non_zero_ram_gen:stp_buffer_ram|altsyncram_ol84:auto_generated|mux_ghb:mux3                                                                                                                                    ; mux_ghb                           ; work         ;
;             |lpm_shiftreg:segment_offset_config_deserialize|                                                                            ; 0 (0)               ; 16 (16)                   ; 0                 ; 0          ; 0    ; 0            ; |toplevel_placa|sld_signaltap:auto_signaltap_0|sld_signaltap_impl:sld_signaltap_body|sld_signaltap_implb:sld_signaltap_body|lpm_shiftreg:segment_offset_config_deserialize                                                                                                                                                                                 ; lpm_shiftreg                      ; work         ;
;             |lpm_shiftreg:status_register|                                                                                              ; 17 (17)             ; 17 (17)                   ; 0                 ; 0          ; 0    ; 0            ; |toplevel_placa|sld_signaltap:auto_signaltap_0|sld_signaltap_impl:sld_signaltap_body|sld_signaltap_implb:sld_signaltap_body|lpm_shiftreg:status_register                                                                                                                                                                                                   ; lpm_shiftreg                      ; work         ;
;             |serial_crc_16:\tdo_crc_gen:tdo_crc_calc|                                                                                   ; 4 (4)               ; 13 (13)                   ; 0                 ; 0          ; 0    ; 0            ; |toplevel_placa|sld_signaltap:auto_signaltap_0|sld_signaltap_impl:sld_signaltap_body|sld_signaltap_implb:sld_signaltap_body|serial_crc_16:\tdo_crc_gen:tdo_crc_calc                                                                                                                                                                                        ; serial_crc_16                     ; work         ;
;             |sld_buffer_manager:sld_buffer_manager_inst|                                                                                ; 107 (107)           ; 89 (89)                   ; 0                 ; 0          ; 0    ; 0            ; |toplevel_placa|sld_signaltap:auto_signaltap_0|sld_signaltap_impl:sld_signaltap_body|sld_signaltap_implb:sld_signaltap_body|sld_buffer_manager:sld_buffer_manager_inst                                                                                                                                                                                     ; sld_buffer_manager                ; work         ;
;             |sld_ela_control:ela_control|                                                                                               ; 70 (1)              ; 296 (1)                   ; 0                 ; 0          ; 0    ; 0            ; |toplevel_placa|sld_signaltap:auto_signaltap_0|sld_signaltap_impl:sld_signaltap_body|sld_signaltap_implb:sld_signaltap_body|sld_ela_control:ela_control                                                                                                                                                                                                    ; sld_ela_control                   ; work         ;
;                |lpm_shiftreg:trigger_config_deserialize|                                                                                ; 0 (0)               ; 4 (4)                     ; 0                 ; 0          ; 0    ; 0            ; |toplevel_placa|sld_signaltap:auto_signaltap_0|sld_signaltap_impl:sld_signaltap_body|sld_signaltap_implb:sld_signaltap_body|sld_ela_control:ela_control|lpm_shiftreg:trigger_config_deserialize                                                                                                                                                            ; lpm_shiftreg                      ; work         ;
;                |sld_ela_basic_multi_level_trigger:\basic_multi_level_mbpm_trigger_gen:multi_level_mbpm|                                 ; 56 (0)              ; 280 (0)                   ; 0                 ; 0          ; 0    ; 0            ; |toplevel_placa|sld_signaltap:auto_signaltap_0|sld_signaltap_impl:sld_signaltap_body|sld_signaltap_implb:sld_signaltap_body|sld_ela_control:ela_control|sld_ela_basic_multi_level_trigger:\basic_multi_level_mbpm_trigger_gen:multi_level_mbpm                                                                                                             ; sld_ela_basic_multi_level_trigger ; work         ;
;                   |lpm_shiftreg:trigger_condition_deserialize|                                                                          ; 0 (0)               ; 168 (168)                 ; 0                 ; 0          ; 0    ; 0            ; |toplevel_placa|sld_signaltap:auto_signaltap_0|sld_signaltap_impl:sld_signaltap_body|sld_signaltap_implb:sld_signaltap_body|sld_ela_control:ela_control|sld_ela_basic_multi_level_trigger:\basic_multi_level_mbpm_trigger_gen:multi_level_mbpm|lpm_shiftreg:trigger_condition_deserialize                                                                  ; lpm_shiftreg                      ; work         ;
;                   |sld_mbpmg:\trigger_modules_gen:0:trigger_match|                                                                      ; 56 (0)              ; 112 (0)                   ; 0                 ; 0          ; 0    ; 0            ; |toplevel_placa|sld_signaltap:auto_signaltap_0|sld_signaltap_impl:sld_signaltap_body|sld_signaltap_implb:sld_signaltap_body|sld_ela_control:ela_control|sld_ela_basic_multi_level_trigger:\basic_multi_level_mbpm_trigger_gen:multi_level_mbpm|sld_mbpmg:\trigger_modules_gen:0:trigger_match                                                              ; sld_mbpmg                         ; work         ;
;                      |sld_sbpmg:\gen_sbpmg_pipeline_less_than_two:sm0:0:sm1|                                                            ; 1 (1)               ; 2 (2)                     ; 0                 ; 0          ; 0    ; 0            ; |toplevel_placa|sld_signaltap:auto_signaltap_0|sld_signaltap_impl:sld_signaltap_body|sld_signaltap_implb:sld_signaltap_body|sld_ela_control:ela_control|sld_ela_basic_multi_level_trigger:\basic_multi_level_mbpm_trigger_gen:multi_level_mbpm|sld_mbpmg:\trigger_modules_gen:0:trigger_match|sld_sbpmg:\gen_sbpmg_pipeline_less_than_two:sm0:0:sm1        ; sld_sbpmg                         ; work         ;
;                      |sld_sbpmg:\gen_sbpmg_pipeline_less_than_two:sm0:10:sm1|                                                           ; 1 (1)               ; 2 (2)                     ; 0                 ; 0          ; 0    ; 0            ; |toplevel_placa|sld_signaltap:auto_signaltap_0|sld_signaltap_impl:sld_signaltap_body|sld_signaltap_implb:sld_signaltap_body|sld_ela_control:ela_control|sld_ela_basic_multi_level_trigger:\basic_multi_level_mbpm_trigger_gen:multi_level_mbpm|sld_mbpmg:\trigger_modules_gen:0:trigger_match|sld_sbpmg:\gen_sbpmg_pipeline_less_than_two:sm0:10:sm1       ; sld_sbpmg                         ; work         ;
;                      |sld_sbpmg:\gen_sbpmg_pipeline_less_than_two:sm0:11:sm1|                                                           ; 1 (1)               ; 2 (2)                     ; 0                 ; 0          ; 0    ; 0            ; |toplevel_placa|sld_signaltap:auto_signaltap_0|sld_signaltap_impl:sld_signaltap_body|sld_signaltap_implb:sld_signaltap_body|sld_ela_control:ela_control|sld_ela_basic_multi_level_trigger:\basic_multi_level_mbpm_trigger_gen:multi_level_mbpm|sld_mbpmg:\trigger_modules_gen:0:trigger_match|sld_sbpmg:\gen_sbpmg_pipeline_less_than_two:sm0:11:sm1       ; sld_sbpmg                         ; work         ;
;                      |sld_sbpmg:\gen_sbpmg_pipeline_less_than_two:sm0:12:sm1|                                                           ; 1 (1)               ; 2 (2)                     ; 0                 ; 0          ; 0    ; 0            ; |toplevel_placa|sld_signaltap:auto_signaltap_0|sld_signaltap_impl:sld_signaltap_body|sld_signaltap_implb:sld_signaltap_body|sld_ela_control:ela_control|sld_ela_basic_multi_level_trigger:\basic_multi_level_mbpm_trigger_gen:multi_level_mbpm|sld_mbpmg:\trigger_modules_gen:0:trigger_match|sld_sbpmg:\gen_sbpmg_pipeline_less_than_two:sm0:12:sm1       ; sld_sbpmg                         ; work         ;
;                      |sld_sbpmg:\gen_sbpmg_pipeline_less_than_two:sm0:13:sm1|                                                           ; 1 (1)               ; 2 (2)                     ; 0                 ; 0          ; 0    ; 0            ; |toplevel_placa|sld_signaltap:auto_signaltap_0|sld_signaltap_impl:sld_signaltap_body|sld_signaltap_implb:sld_signaltap_body|sld_ela_control:ela_control|sld_ela_basic_multi_level_trigger:\basic_multi_level_mbpm_trigger_gen:multi_level_mbpm|sld_mbpmg:\trigger_modules_gen:0:trigger_match|sld_sbpmg:\gen_sbpmg_pipeline_less_than_two:sm0:13:sm1       ; sld_sbpmg                         ; work         ;
;                      |sld_sbpmg:\gen_sbpmg_pipeline_less_than_two:sm0:14:sm1|                                                           ; 1 (1)               ; 2 (2)                     ; 0                 ; 0          ; 0    ; 0            ; |toplevel_placa|sld_signaltap:auto_signaltap_0|sld_signaltap_impl:sld_signaltap_body|sld_signaltap_implb:sld_signaltap_body|sld_ela_control:ela_control|sld_ela_basic_multi_level_trigger:\basic_multi_level_mbpm_trigger_gen:multi_level_mbpm|sld_mbpmg:\trigger_modules_gen:0:trigger_match|sld_sbpmg:\gen_sbpmg_pipeline_less_than_two:sm0:14:sm1       ; sld_sbpmg                         ; work         ;
;                      |sld_sbpmg:\gen_sbpmg_pipeline_less_than_two:sm0:15:sm1|                                                           ; 1 (1)               ; 2 (2)                     ; 0                 ; 0          ; 0    ; 0            ; |toplevel_placa|sld_signaltap:auto_signaltap_0|sld_signaltap_impl:sld_signaltap_body|sld_signaltap_implb:sld_signaltap_body|sld_ela_control:ela_control|sld_ela_basic_multi_level_trigger:\basic_multi_level_mbpm_trigger_gen:multi_level_mbpm|sld_mbpmg:\trigger_modules_gen:0:trigger_match|sld_sbpmg:\gen_sbpmg_pipeline_less_than_two:sm0:15:sm1       ; sld_sbpmg                         ; work         ;
;                      |sld_sbpmg:\gen_sbpmg_pipeline_less_than_two:sm0:16:sm1|                                                           ; 1 (1)               ; 2 (2)                     ; 0                 ; 0          ; 0    ; 0            ; |toplevel_placa|sld_signaltap:auto_signaltap_0|sld_signaltap_impl:sld_signaltap_body|sld_signaltap_implb:sld_signaltap_body|sld_ela_control:ela_control|sld_ela_basic_multi_level_trigger:\basic_multi_level_mbpm_trigger_gen:multi_level_mbpm|sld_mbpmg:\trigger_modules_gen:0:trigger_match|sld_sbpmg:\gen_sbpmg_pipeline_less_than_two:sm0:16:sm1       ; sld_sbpmg                         ; work         ;
;                      |sld_sbpmg:\gen_sbpmg_pipeline_less_than_two:sm0:17:sm1|                                                           ; 1 (1)               ; 2 (2)                     ; 0                 ; 0          ; 0    ; 0            ; |toplevel_placa|sld_signaltap:auto_signaltap_0|sld_signaltap_impl:sld_signaltap_body|sld_signaltap_implb:sld_signaltap_body|sld_ela_control:ela_control|sld_ela_basic_multi_level_trigger:\basic_multi_level_mbpm_trigger_gen:multi_level_mbpm|sld_mbpmg:\trigger_modules_gen:0:trigger_match|sld_sbpmg:\gen_sbpmg_pipeline_less_than_two:sm0:17:sm1       ; sld_sbpmg                         ; work         ;
;                      |sld_sbpmg:\gen_sbpmg_pipeline_less_than_two:sm0:18:sm1|                                                           ; 1 (1)               ; 2 (2)                     ; 0                 ; 0          ; 0    ; 0            ; |toplevel_placa|sld_signaltap:auto_signaltap_0|sld_signaltap_impl:sld_signaltap_body|sld_signaltap_implb:sld_signaltap_body|sld_ela_control:ela_control|sld_ela_basic_multi_level_trigger:\basic_multi_level_mbpm_trigger_gen:multi_level_mbpm|sld_mbpmg:\trigger_modules_gen:0:trigger_match|sld_sbpmg:\gen_sbpmg_pipeline_less_than_two:sm0:18:sm1       ; sld_sbpmg                         ; work         ;
;                      |sld_sbpmg:\gen_sbpmg_pipeline_less_than_two:sm0:19:sm1|                                                           ; 1 (1)               ; 2 (2)                     ; 0                 ; 0          ; 0    ; 0            ; |toplevel_placa|sld_signaltap:auto_signaltap_0|sld_signaltap_impl:sld_signaltap_body|sld_signaltap_implb:sld_signaltap_body|sld_ela_control:ela_control|sld_ela_basic_multi_level_trigger:\basic_multi_level_mbpm_trigger_gen:multi_level_mbpm|sld_mbpmg:\trigger_modules_gen:0:trigger_match|sld_sbpmg:\gen_sbpmg_pipeline_less_than_two:sm0:19:sm1       ; sld_sbpmg                         ; work         ;
;                      |sld_sbpmg:\gen_sbpmg_pipeline_less_than_two:sm0:1:sm1|                                                            ; 1 (1)               ; 2 (2)                     ; 0                 ; 0          ; 0    ; 0            ; |toplevel_placa|sld_signaltap:auto_signaltap_0|sld_signaltap_impl:sld_signaltap_body|sld_signaltap_implb:sld_signaltap_body|sld_ela_control:ela_control|sld_ela_basic_multi_level_trigger:\basic_multi_level_mbpm_trigger_gen:multi_level_mbpm|sld_mbpmg:\trigger_modules_gen:0:trigger_match|sld_sbpmg:\gen_sbpmg_pipeline_less_than_two:sm0:1:sm1        ; sld_sbpmg                         ; work         ;
;                      |sld_sbpmg:\gen_sbpmg_pipeline_less_than_two:sm0:20:sm1|                                                           ; 1 (1)               ; 2 (2)                     ; 0                 ; 0          ; 0    ; 0            ; |toplevel_placa|sld_signaltap:auto_signaltap_0|sld_signaltap_impl:sld_signaltap_body|sld_signaltap_implb:sld_signaltap_body|sld_ela_control:ela_control|sld_ela_basic_multi_level_trigger:\basic_multi_level_mbpm_trigger_gen:multi_level_mbpm|sld_mbpmg:\trigger_modules_gen:0:trigger_match|sld_sbpmg:\gen_sbpmg_pipeline_less_than_two:sm0:20:sm1       ; sld_sbpmg                         ; work         ;
;                      |sld_sbpmg:\gen_sbpmg_pipeline_less_than_two:sm0:21:sm1|                                                           ; 1 (1)               ; 2 (2)                     ; 0                 ; 0          ; 0    ; 0            ; |toplevel_placa|sld_signaltap:auto_signaltap_0|sld_signaltap_impl:sld_signaltap_body|sld_signaltap_implb:sld_signaltap_body|sld_ela_control:ela_control|sld_ela_basic_multi_level_trigger:\basic_multi_level_mbpm_trigger_gen:multi_level_mbpm|sld_mbpmg:\trigger_modules_gen:0:trigger_match|sld_sbpmg:\gen_sbpmg_pipeline_less_than_two:sm0:21:sm1       ; sld_sbpmg                         ; work         ;
;                      |sld_sbpmg:\gen_sbpmg_pipeline_less_than_two:sm0:22:sm1|                                                           ; 1 (1)               ; 2 (2)                     ; 0                 ; 0          ; 0    ; 0            ; |toplevel_placa|sld_signaltap:auto_signaltap_0|sld_signaltap_impl:sld_signaltap_body|sld_signaltap_implb:sld_signaltap_body|sld_ela_control:ela_control|sld_ela_basic_multi_level_trigger:\basic_multi_level_mbpm_trigger_gen:multi_level_mbpm|sld_mbpmg:\trigger_modules_gen:0:trigger_match|sld_sbpmg:\gen_sbpmg_pipeline_less_than_two:sm0:22:sm1       ; sld_sbpmg                         ; work         ;
;                      |sld_sbpmg:\gen_sbpmg_pipeline_less_than_two:sm0:23:sm1|                                                           ; 1 (1)               ; 2 (2)                     ; 0                 ; 0          ; 0    ; 0            ; |toplevel_placa|sld_signaltap:auto_signaltap_0|sld_signaltap_impl:sld_signaltap_body|sld_signaltap_implb:sld_signaltap_body|sld_ela_control:ela_control|sld_ela_basic_multi_level_trigger:\basic_multi_level_mbpm_trigger_gen:multi_level_mbpm|sld_mbpmg:\trigger_modules_gen:0:trigger_match|sld_sbpmg:\gen_sbpmg_pipeline_less_than_two:sm0:23:sm1       ; sld_sbpmg                         ; work         ;
;                      |sld_sbpmg:\gen_sbpmg_pipeline_less_than_two:sm0:24:sm1|                                                           ; 1 (1)               ; 2 (2)                     ; 0                 ; 0          ; 0    ; 0            ; |toplevel_placa|sld_signaltap:auto_signaltap_0|sld_signaltap_impl:sld_signaltap_body|sld_signaltap_implb:sld_signaltap_body|sld_ela_control:ela_control|sld_ela_basic_multi_level_trigger:\basic_multi_level_mbpm_trigger_gen:multi_level_mbpm|sld_mbpmg:\trigger_modules_gen:0:trigger_match|sld_sbpmg:\gen_sbpmg_pipeline_less_than_two:sm0:24:sm1       ; sld_sbpmg                         ; work         ;
;                      |sld_sbpmg:\gen_sbpmg_pipeline_less_than_two:sm0:25:sm1|                                                           ; 1 (1)               ; 2 (2)                     ; 0                 ; 0          ; 0    ; 0            ; |toplevel_placa|sld_signaltap:auto_signaltap_0|sld_signaltap_impl:sld_signaltap_body|sld_signaltap_implb:sld_signaltap_body|sld_ela_control:ela_control|sld_ela_basic_multi_level_trigger:\basic_multi_level_mbpm_trigger_gen:multi_level_mbpm|sld_mbpmg:\trigger_modules_gen:0:trigger_match|sld_sbpmg:\gen_sbpmg_pipeline_less_than_two:sm0:25:sm1       ; sld_sbpmg                         ; work         ;
;                      |sld_sbpmg:\gen_sbpmg_pipeline_less_than_two:sm0:26:sm1|                                                           ; 1 (1)               ; 2 (2)                     ; 0                 ; 0          ; 0    ; 0            ; |toplevel_placa|sld_signaltap:auto_signaltap_0|sld_signaltap_impl:sld_signaltap_body|sld_signaltap_implb:sld_signaltap_body|sld_ela_control:ela_control|sld_ela_basic_multi_level_trigger:\basic_multi_level_mbpm_trigger_gen:multi_level_mbpm|sld_mbpmg:\trigger_modules_gen:0:trigger_match|sld_sbpmg:\gen_sbpmg_pipeline_less_than_two:sm0:26:sm1       ; sld_sbpmg                         ; work         ;
;                      |sld_sbpmg:\gen_sbpmg_pipeline_less_than_two:sm0:27:sm1|                                                           ; 1 (1)               ; 2 (2)                     ; 0                 ; 0          ; 0    ; 0            ; |toplevel_placa|sld_signaltap:auto_signaltap_0|sld_signaltap_impl:sld_signaltap_body|sld_signaltap_implb:sld_signaltap_body|sld_ela_control:ela_control|sld_ela_basic_multi_level_trigger:\basic_multi_level_mbpm_trigger_gen:multi_level_mbpm|sld_mbpmg:\trigger_modules_gen:0:trigger_match|sld_sbpmg:\gen_sbpmg_pipeline_less_than_two:sm0:27:sm1       ; sld_sbpmg                         ; work         ;
;                      |sld_sbpmg:\gen_sbpmg_pipeline_less_than_two:sm0:28:sm1|                                                           ; 1 (1)               ; 2 (2)                     ; 0                 ; 0          ; 0    ; 0            ; |toplevel_placa|sld_signaltap:auto_signaltap_0|sld_signaltap_impl:sld_signaltap_body|sld_signaltap_implb:sld_signaltap_body|sld_ela_control:ela_control|sld_ela_basic_multi_level_trigger:\basic_multi_level_mbpm_trigger_gen:multi_level_mbpm|sld_mbpmg:\trigger_modules_gen:0:trigger_match|sld_sbpmg:\gen_sbpmg_pipeline_less_than_two:sm0:28:sm1       ; sld_sbpmg                         ; work         ;
;                      |sld_sbpmg:\gen_sbpmg_pipeline_less_than_two:sm0:29:sm1|                                                           ; 1 (1)               ; 2 (2)                     ; 0                 ; 0          ; 0    ; 0            ; |toplevel_placa|sld_signaltap:auto_signaltap_0|sld_signaltap_impl:sld_signaltap_body|sld_signaltap_implb:sld_signaltap_body|sld_ela_control:ela_control|sld_ela_basic_multi_level_trigger:\basic_multi_level_mbpm_trigger_gen:multi_level_mbpm|sld_mbpmg:\trigger_modules_gen:0:trigger_match|sld_sbpmg:\gen_sbpmg_pipeline_less_than_two:sm0:29:sm1       ; sld_sbpmg                         ; work         ;
;                      |sld_sbpmg:\gen_sbpmg_pipeline_less_than_two:sm0:2:sm1|                                                            ; 1 (1)               ; 2 (2)                     ; 0                 ; 0          ; 0    ; 0            ; |toplevel_placa|sld_signaltap:auto_signaltap_0|sld_signaltap_impl:sld_signaltap_body|sld_signaltap_implb:sld_signaltap_body|sld_ela_control:ela_control|sld_ela_basic_multi_level_trigger:\basic_multi_level_mbpm_trigger_gen:multi_level_mbpm|sld_mbpmg:\trigger_modules_gen:0:trigger_match|sld_sbpmg:\gen_sbpmg_pipeline_less_than_two:sm0:2:sm1        ; sld_sbpmg                         ; work         ;
;                      |sld_sbpmg:\gen_sbpmg_pipeline_less_than_two:sm0:30:sm1|                                                           ; 1 (1)               ; 2 (2)                     ; 0                 ; 0          ; 0    ; 0            ; |toplevel_placa|sld_signaltap:auto_signaltap_0|sld_signaltap_impl:sld_signaltap_body|sld_signaltap_implb:sld_signaltap_body|sld_ela_control:ela_control|sld_ela_basic_multi_level_trigger:\basic_multi_level_mbpm_trigger_gen:multi_level_mbpm|sld_mbpmg:\trigger_modules_gen:0:trigger_match|sld_sbpmg:\gen_sbpmg_pipeline_less_than_two:sm0:30:sm1       ; sld_sbpmg                         ; work         ;
;                      |sld_sbpmg:\gen_sbpmg_pipeline_less_than_two:sm0:31:sm1|                                                           ; 1 (1)               ; 2 (2)                     ; 0                 ; 0          ; 0    ; 0            ; |toplevel_placa|sld_signaltap:auto_signaltap_0|sld_signaltap_impl:sld_signaltap_body|sld_signaltap_implb:sld_signaltap_body|sld_ela_control:ela_control|sld_ela_basic_multi_level_trigger:\basic_multi_level_mbpm_trigger_gen:multi_level_mbpm|sld_mbpmg:\trigger_modules_gen:0:trigger_match|sld_sbpmg:\gen_sbpmg_pipeline_less_than_two:sm0:31:sm1       ; sld_sbpmg                         ; work         ;
;                      |sld_sbpmg:\gen_sbpmg_pipeline_less_than_two:sm0:32:sm1|                                                           ; 1 (1)               ; 2 (2)                     ; 0                 ; 0          ; 0    ; 0            ; |toplevel_placa|sld_signaltap:auto_signaltap_0|sld_signaltap_impl:sld_signaltap_body|sld_signaltap_implb:sld_signaltap_body|sld_ela_control:ela_control|sld_ela_basic_multi_level_trigger:\basic_multi_level_mbpm_trigger_gen:multi_level_mbpm|sld_mbpmg:\trigger_modules_gen:0:trigger_match|sld_sbpmg:\gen_sbpmg_pipeline_less_than_two:sm0:32:sm1       ; sld_sbpmg                         ; work         ;
;                      |sld_sbpmg:\gen_sbpmg_pipeline_less_than_two:sm0:33:sm1|                                                           ; 1 (1)               ; 2 (2)                     ; 0                 ; 0          ; 0    ; 0            ; |toplevel_placa|sld_signaltap:auto_signaltap_0|sld_signaltap_impl:sld_signaltap_body|sld_signaltap_implb:sld_signaltap_body|sld_ela_control:ela_control|sld_ela_basic_multi_level_trigger:\basic_multi_level_mbpm_trigger_gen:multi_level_mbpm|sld_mbpmg:\trigger_modules_gen:0:trigger_match|sld_sbpmg:\gen_sbpmg_pipeline_less_than_two:sm0:33:sm1       ; sld_sbpmg                         ; work         ;
;                      |sld_sbpmg:\gen_sbpmg_pipeline_less_than_two:sm0:34:sm1|                                                           ; 1 (1)               ; 2 (2)                     ; 0                 ; 0          ; 0    ; 0            ; |toplevel_placa|sld_signaltap:auto_signaltap_0|sld_signaltap_impl:sld_signaltap_body|sld_signaltap_implb:sld_signaltap_body|sld_ela_control:ela_control|sld_ela_basic_multi_level_trigger:\basic_multi_level_mbpm_trigger_gen:multi_level_mbpm|sld_mbpmg:\trigger_modules_gen:0:trigger_match|sld_sbpmg:\gen_sbpmg_pipeline_less_than_two:sm0:34:sm1       ; sld_sbpmg                         ; work         ;
;                      |sld_sbpmg:\gen_sbpmg_pipeline_less_than_two:sm0:35:sm1|                                                           ; 1 (1)               ; 2 (2)                     ; 0                 ; 0          ; 0    ; 0            ; |toplevel_placa|sld_signaltap:auto_signaltap_0|sld_signaltap_impl:sld_signaltap_body|sld_signaltap_implb:sld_signaltap_body|sld_ela_control:ela_control|sld_ela_basic_multi_level_trigger:\basic_multi_level_mbpm_trigger_gen:multi_level_mbpm|sld_mbpmg:\trigger_modules_gen:0:trigger_match|sld_sbpmg:\gen_sbpmg_pipeline_less_than_two:sm0:35:sm1       ; sld_sbpmg                         ; work         ;
;                      |sld_sbpmg:\gen_sbpmg_pipeline_less_than_two:sm0:36:sm1|                                                           ; 1 (1)               ; 2 (2)                     ; 0                 ; 0          ; 0    ; 0            ; |toplevel_placa|sld_signaltap:auto_signaltap_0|sld_signaltap_impl:sld_signaltap_body|sld_signaltap_implb:sld_signaltap_body|sld_ela_control:ela_control|sld_ela_basic_multi_level_trigger:\basic_multi_level_mbpm_trigger_gen:multi_level_mbpm|sld_mbpmg:\trigger_modules_gen:0:trigger_match|sld_sbpmg:\gen_sbpmg_pipeline_less_than_two:sm0:36:sm1       ; sld_sbpmg                         ; work         ;
;                      |sld_sbpmg:\gen_sbpmg_pipeline_less_than_two:sm0:37:sm1|                                                           ; 1 (1)               ; 2 (2)                     ; 0                 ; 0          ; 0    ; 0            ; |toplevel_placa|sld_signaltap:auto_signaltap_0|sld_signaltap_impl:sld_signaltap_body|sld_signaltap_implb:sld_signaltap_body|sld_ela_control:ela_control|sld_ela_basic_multi_level_trigger:\basic_multi_level_mbpm_trigger_gen:multi_level_mbpm|sld_mbpmg:\trigger_modules_gen:0:trigger_match|sld_sbpmg:\gen_sbpmg_pipeline_less_than_two:sm0:37:sm1       ; sld_sbpmg                         ; work         ;
;                      |sld_sbpmg:\gen_sbpmg_pipeline_less_than_two:sm0:38:sm1|                                                           ; 1 (1)               ; 2 (2)                     ; 0                 ; 0          ; 0    ; 0            ; |toplevel_placa|sld_signaltap:auto_signaltap_0|sld_signaltap_impl:sld_signaltap_body|sld_signaltap_implb:sld_signaltap_body|sld_ela_control:ela_control|sld_ela_basic_multi_level_trigger:\basic_multi_level_mbpm_trigger_gen:multi_level_mbpm|sld_mbpmg:\trigger_modules_gen:0:trigger_match|sld_sbpmg:\gen_sbpmg_pipeline_less_than_two:sm0:38:sm1       ; sld_sbpmg                         ; work         ;
;                      |sld_sbpmg:\gen_sbpmg_pipeline_less_than_two:sm0:39:sm1|                                                           ; 1 (1)               ; 2 (2)                     ; 0                 ; 0          ; 0    ; 0            ; |toplevel_placa|sld_signaltap:auto_signaltap_0|sld_signaltap_impl:sld_signaltap_body|sld_signaltap_implb:sld_signaltap_body|sld_ela_control:ela_control|sld_ela_basic_multi_level_trigger:\basic_multi_level_mbpm_trigger_gen:multi_level_mbpm|sld_mbpmg:\trigger_modules_gen:0:trigger_match|sld_sbpmg:\gen_sbpmg_pipeline_less_than_two:sm0:39:sm1       ; sld_sbpmg                         ; work         ;
;                      |sld_sbpmg:\gen_sbpmg_pipeline_less_than_two:sm0:3:sm1|                                                            ; 1 (1)               ; 2 (2)                     ; 0                 ; 0          ; 0    ; 0            ; |toplevel_placa|sld_signaltap:auto_signaltap_0|sld_signaltap_impl:sld_signaltap_body|sld_signaltap_implb:sld_signaltap_body|sld_ela_control:ela_control|sld_ela_basic_multi_level_trigger:\basic_multi_level_mbpm_trigger_gen:multi_level_mbpm|sld_mbpmg:\trigger_modules_gen:0:trigger_match|sld_sbpmg:\gen_sbpmg_pipeline_less_than_two:sm0:3:sm1        ; sld_sbpmg                         ; work         ;
;                      |sld_sbpmg:\gen_sbpmg_pipeline_less_than_two:sm0:40:sm1|                                                           ; 1 (1)               ; 2 (2)                     ; 0                 ; 0          ; 0    ; 0            ; |toplevel_placa|sld_signaltap:auto_signaltap_0|sld_signaltap_impl:sld_signaltap_body|sld_signaltap_implb:sld_signaltap_body|sld_ela_control:ela_control|sld_ela_basic_multi_level_trigger:\basic_multi_level_mbpm_trigger_gen:multi_level_mbpm|sld_mbpmg:\trigger_modules_gen:0:trigger_match|sld_sbpmg:\gen_sbpmg_pipeline_less_than_two:sm0:40:sm1       ; sld_sbpmg                         ; work         ;
;                      |sld_sbpmg:\gen_sbpmg_pipeline_less_than_two:sm0:41:sm1|                                                           ; 1 (1)               ; 2 (2)                     ; 0                 ; 0          ; 0    ; 0            ; |toplevel_placa|sld_signaltap:auto_signaltap_0|sld_signaltap_impl:sld_signaltap_body|sld_signaltap_implb:sld_signaltap_body|sld_ela_control:ela_control|sld_ela_basic_multi_level_trigger:\basic_multi_level_mbpm_trigger_gen:multi_level_mbpm|sld_mbpmg:\trigger_modules_gen:0:trigger_match|sld_sbpmg:\gen_sbpmg_pipeline_less_than_two:sm0:41:sm1       ; sld_sbpmg                         ; work         ;
;                      |sld_sbpmg:\gen_sbpmg_pipeline_less_than_two:sm0:42:sm1|                                                           ; 1 (1)               ; 2 (2)                     ; 0                 ; 0          ; 0    ; 0            ; |toplevel_placa|sld_signaltap:auto_signaltap_0|sld_signaltap_impl:sld_signaltap_body|sld_signaltap_implb:sld_signaltap_body|sld_ela_control:ela_control|sld_ela_basic_multi_level_trigger:\basic_multi_level_mbpm_trigger_gen:multi_level_mbpm|sld_mbpmg:\trigger_modules_gen:0:trigger_match|sld_sbpmg:\gen_sbpmg_pipeline_less_than_two:sm0:42:sm1       ; sld_sbpmg                         ; work         ;
;                      |sld_sbpmg:\gen_sbpmg_pipeline_less_than_two:sm0:43:sm1|                                                           ; 1 (1)               ; 2 (2)                     ; 0                 ; 0          ; 0    ; 0            ; |toplevel_placa|sld_signaltap:auto_signaltap_0|sld_signaltap_impl:sld_signaltap_body|sld_signaltap_implb:sld_signaltap_body|sld_ela_control:ela_control|sld_ela_basic_multi_level_trigger:\basic_multi_level_mbpm_trigger_gen:multi_level_mbpm|sld_mbpmg:\trigger_modules_gen:0:trigger_match|sld_sbpmg:\gen_sbpmg_pipeline_less_than_two:sm0:43:sm1       ; sld_sbpmg                         ; work         ;
;                      |sld_sbpmg:\gen_sbpmg_pipeline_less_than_two:sm0:44:sm1|                                                           ; 1 (1)               ; 2 (2)                     ; 0                 ; 0          ; 0    ; 0            ; |toplevel_placa|sld_signaltap:auto_signaltap_0|sld_signaltap_impl:sld_signaltap_body|sld_signaltap_implb:sld_signaltap_body|sld_ela_control:ela_control|sld_ela_basic_multi_level_trigger:\basic_multi_level_mbpm_trigger_gen:multi_level_mbpm|sld_mbpmg:\trigger_modules_gen:0:trigger_match|sld_sbpmg:\gen_sbpmg_pipeline_less_than_two:sm0:44:sm1       ; sld_sbpmg                         ; work         ;
;                      |sld_sbpmg:\gen_sbpmg_pipeline_less_than_two:sm0:45:sm1|                                                           ; 1 (1)               ; 2 (2)                     ; 0                 ; 0          ; 0    ; 0            ; |toplevel_placa|sld_signaltap:auto_signaltap_0|sld_signaltap_impl:sld_signaltap_body|sld_signaltap_implb:sld_signaltap_body|sld_ela_control:ela_control|sld_ela_basic_multi_level_trigger:\basic_multi_level_mbpm_trigger_gen:multi_level_mbpm|sld_mbpmg:\trigger_modules_gen:0:trigger_match|sld_sbpmg:\gen_sbpmg_pipeline_less_than_two:sm0:45:sm1       ; sld_sbpmg                         ; work         ;
;                      |sld_sbpmg:\gen_sbpmg_pipeline_less_than_two:sm0:46:sm1|                                                           ; 1 (1)               ; 2 (2)                     ; 0                 ; 0          ; 0    ; 0            ; |toplevel_placa|sld_signaltap:auto_signaltap_0|sld_signaltap_impl:sld_signaltap_body|sld_signaltap_implb:sld_signaltap_body|sld_ela_control:ela_control|sld_ela_basic_multi_level_trigger:\basic_multi_level_mbpm_trigger_gen:multi_level_mbpm|sld_mbpmg:\trigger_modules_gen:0:trigger_match|sld_sbpmg:\gen_sbpmg_pipeline_less_than_two:sm0:46:sm1       ; sld_sbpmg                         ; work         ;
;                      |sld_sbpmg:\gen_sbpmg_pipeline_less_than_two:sm0:47:sm1|                                                           ; 1 (1)               ; 2 (2)                     ; 0                 ; 0          ; 0    ; 0            ; |toplevel_placa|sld_signaltap:auto_signaltap_0|sld_signaltap_impl:sld_signaltap_body|sld_signaltap_implb:sld_signaltap_body|sld_ela_control:ela_control|sld_ela_basic_multi_level_trigger:\basic_multi_level_mbpm_trigger_gen:multi_level_mbpm|sld_mbpmg:\trigger_modules_gen:0:trigger_match|sld_sbpmg:\gen_sbpmg_pipeline_less_than_two:sm0:47:sm1       ; sld_sbpmg                         ; work         ;
;                      |sld_sbpmg:\gen_sbpmg_pipeline_less_than_two:sm0:48:sm1|                                                           ; 1 (1)               ; 2 (2)                     ; 0                 ; 0          ; 0    ; 0            ; |toplevel_placa|sld_signaltap:auto_signaltap_0|sld_signaltap_impl:sld_signaltap_body|sld_signaltap_implb:sld_signaltap_body|sld_ela_control:ela_control|sld_ela_basic_multi_level_trigger:\basic_multi_level_mbpm_trigger_gen:multi_level_mbpm|sld_mbpmg:\trigger_modules_gen:0:trigger_match|sld_sbpmg:\gen_sbpmg_pipeline_less_than_two:sm0:48:sm1       ; sld_sbpmg                         ; work         ;
;                      |sld_sbpmg:\gen_sbpmg_pipeline_less_than_two:sm0:49:sm1|                                                           ; 1 (1)               ; 2 (2)                     ; 0                 ; 0          ; 0    ; 0            ; |toplevel_placa|sld_signaltap:auto_signaltap_0|sld_signaltap_impl:sld_signaltap_body|sld_signaltap_implb:sld_signaltap_body|sld_ela_control:ela_control|sld_ela_basic_multi_level_trigger:\basic_multi_level_mbpm_trigger_gen:multi_level_mbpm|sld_mbpmg:\trigger_modules_gen:0:trigger_match|sld_sbpmg:\gen_sbpmg_pipeline_less_than_two:sm0:49:sm1       ; sld_sbpmg                         ; work         ;
;                      |sld_sbpmg:\gen_sbpmg_pipeline_less_than_two:sm0:4:sm1|                                                            ; 1 (1)               ; 2 (2)                     ; 0                 ; 0          ; 0    ; 0            ; |toplevel_placa|sld_signaltap:auto_signaltap_0|sld_signaltap_impl:sld_signaltap_body|sld_signaltap_implb:sld_signaltap_body|sld_ela_control:ela_control|sld_ela_basic_multi_level_trigger:\basic_multi_level_mbpm_trigger_gen:multi_level_mbpm|sld_mbpmg:\trigger_modules_gen:0:trigger_match|sld_sbpmg:\gen_sbpmg_pipeline_less_than_two:sm0:4:sm1        ; sld_sbpmg                         ; work         ;
;                      |sld_sbpmg:\gen_sbpmg_pipeline_less_than_two:sm0:50:sm1|                                                           ; 1 (1)               ; 2 (2)                     ; 0                 ; 0          ; 0    ; 0            ; |toplevel_placa|sld_signaltap:auto_signaltap_0|sld_signaltap_impl:sld_signaltap_body|sld_signaltap_implb:sld_signaltap_body|sld_ela_control:ela_control|sld_ela_basic_multi_level_trigger:\basic_multi_level_mbpm_trigger_gen:multi_level_mbpm|sld_mbpmg:\trigger_modules_gen:0:trigger_match|sld_sbpmg:\gen_sbpmg_pipeline_less_than_two:sm0:50:sm1       ; sld_sbpmg                         ; work         ;
;                      |sld_sbpmg:\gen_sbpmg_pipeline_less_than_two:sm0:51:sm1|                                                           ; 1 (1)               ; 2 (2)                     ; 0                 ; 0          ; 0    ; 0            ; |toplevel_placa|sld_signaltap:auto_signaltap_0|sld_signaltap_impl:sld_signaltap_body|sld_signaltap_implb:sld_signaltap_body|sld_ela_control:ela_control|sld_ela_basic_multi_level_trigger:\basic_multi_level_mbpm_trigger_gen:multi_level_mbpm|sld_mbpmg:\trigger_modules_gen:0:trigger_match|sld_sbpmg:\gen_sbpmg_pipeline_less_than_two:sm0:51:sm1       ; sld_sbpmg                         ; work         ;
;                      |sld_sbpmg:\gen_sbpmg_pipeline_less_than_two:sm0:52:sm1|                                                           ; 1 (1)               ; 2 (2)                     ; 0                 ; 0          ; 0    ; 0            ; |toplevel_placa|sld_signaltap:auto_signaltap_0|sld_signaltap_impl:sld_signaltap_body|sld_signaltap_implb:sld_signaltap_body|sld_ela_control:ela_control|sld_ela_basic_multi_level_trigger:\basic_multi_level_mbpm_trigger_gen:multi_level_mbpm|sld_mbpmg:\trigger_modules_gen:0:trigger_match|sld_sbpmg:\gen_sbpmg_pipeline_less_than_two:sm0:52:sm1       ; sld_sbpmg                         ; work         ;
;                      |sld_sbpmg:\gen_sbpmg_pipeline_less_than_two:sm0:53:sm1|                                                           ; 1 (1)               ; 2 (2)                     ; 0                 ; 0          ; 0    ; 0            ; |toplevel_placa|sld_signaltap:auto_signaltap_0|sld_signaltap_impl:sld_signaltap_body|sld_signaltap_implb:sld_signaltap_body|sld_ela_control:ela_control|sld_ela_basic_multi_level_trigger:\basic_multi_level_mbpm_trigger_gen:multi_level_mbpm|sld_mbpmg:\trigger_modules_gen:0:trigger_match|sld_sbpmg:\gen_sbpmg_pipeline_less_than_two:sm0:53:sm1       ; sld_sbpmg                         ; work         ;
;                      |sld_sbpmg:\gen_sbpmg_pipeline_less_than_two:sm0:54:sm1|                                                           ; 1 (1)               ; 2 (2)                     ; 0                 ; 0          ; 0    ; 0            ; |toplevel_placa|sld_signaltap:auto_signaltap_0|sld_signaltap_impl:sld_signaltap_body|sld_signaltap_implb:sld_signaltap_body|sld_ela_control:ela_control|sld_ela_basic_multi_level_trigger:\basic_multi_level_mbpm_trigger_gen:multi_level_mbpm|sld_mbpmg:\trigger_modules_gen:0:trigger_match|sld_sbpmg:\gen_sbpmg_pipeline_less_than_two:sm0:54:sm1       ; sld_sbpmg                         ; work         ;
;                      |sld_sbpmg:\gen_sbpmg_pipeline_less_than_two:sm0:55:sm1|                                                           ; 1 (1)               ; 2 (2)                     ; 0                 ; 0          ; 0    ; 0            ; |toplevel_placa|sld_signaltap:auto_signaltap_0|sld_signaltap_impl:sld_signaltap_body|sld_signaltap_implb:sld_signaltap_body|sld_ela_control:ela_control|sld_ela_basic_multi_level_trigger:\basic_multi_level_mbpm_trigger_gen:multi_level_mbpm|sld_mbpmg:\trigger_modules_gen:0:trigger_match|sld_sbpmg:\gen_sbpmg_pipeline_less_than_two:sm0:55:sm1       ; sld_sbpmg                         ; work         ;
;                      |sld_sbpmg:\gen_sbpmg_pipeline_less_than_two:sm0:5:sm1|                                                            ; 1 (1)               ; 2 (2)                     ; 0                 ; 0          ; 0    ; 0            ; |toplevel_placa|sld_signaltap:auto_signaltap_0|sld_signaltap_impl:sld_signaltap_body|sld_signaltap_implb:sld_signaltap_body|sld_ela_control:ela_control|sld_ela_basic_multi_level_trigger:\basic_multi_level_mbpm_trigger_gen:multi_level_mbpm|sld_mbpmg:\trigger_modules_gen:0:trigger_match|sld_sbpmg:\gen_sbpmg_pipeline_less_than_two:sm0:5:sm1        ; sld_sbpmg                         ; work         ;
;                      |sld_sbpmg:\gen_sbpmg_pipeline_less_than_two:sm0:6:sm1|                                                            ; 1 (1)               ; 2 (2)                     ; 0                 ; 0          ; 0    ; 0            ; |toplevel_placa|sld_signaltap:auto_signaltap_0|sld_signaltap_impl:sld_signaltap_body|sld_signaltap_implb:sld_signaltap_body|sld_ela_control:ela_control|sld_ela_basic_multi_level_trigger:\basic_multi_level_mbpm_trigger_gen:multi_level_mbpm|sld_mbpmg:\trigger_modules_gen:0:trigger_match|sld_sbpmg:\gen_sbpmg_pipeline_less_than_two:sm0:6:sm1        ; sld_sbpmg                         ; work         ;
;                      |sld_sbpmg:\gen_sbpmg_pipeline_less_than_two:sm0:7:sm1|                                                            ; 1 (1)               ; 2 (2)                     ; 0                 ; 0          ; 0    ; 0            ; |toplevel_placa|sld_signaltap:auto_signaltap_0|sld_signaltap_impl:sld_signaltap_body|sld_signaltap_implb:sld_signaltap_body|sld_ela_control:ela_control|sld_ela_basic_multi_level_trigger:\basic_multi_level_mbpm_trigger_gen:multi_level_mbpm|sld_mbpmg:\trigger_modules_gen:0:trigger_match|sld_sbpmg:\gen_sbpmg_pipeline_less_than_two:sm0:7:sm1        ; sld_sbpmg                         ; work         ;
;                      |sld_sbpmg:\gen_sbpmg_pipeline_less_than_two:sm0:8:sm1|                                                            ; 1 (1)               ; 2 (2)                     ; 0                 ; 0          ; 0    ; 0            ; |toplevel_placa|sld_signaltap:auto_signaltap_0|sld_signaltap_impl:sld_signaltap_body|sld_signaltap_implb:sld_signaltap_body|sld_ela_control:ela_control|sld_ela_basic_multi_level_trigger:\basic_multi_level_mbpm_trigger_gen:multi_level_mbpm|sld_mbpmg:\trigger_modules_gen:0:trigger_match|sld_sbpmg:\gen_sbpmg_pipeline_less_than_two:sm0:8:sm1        ; sld_sbpmg                         ; work         ;
;                      |sld_sbpmg:\gen_sbpmg_pipeline_less_than_two:sm0:9:sm1|                                                            ; 1 (1)               ; 2 (2)                     ; 0                 ; 0          ; 0    ; 0            ; |toplevel_placa|sld_signaltap:auto_signaltap_0|sld_signaltap_impl:sld_signaltap_body|sld_signaltap_implb:sld_signaltap_body|sld_ela_control:ela_control|sld_ela_basic_multi_level_trigger:\basic_multi_level_mbpm_trigger_gen:multi_level_mbpm|sld_mbpmg:\trigger_modules_gen:0:trigger_match|sld_sbpmg:\gen_sbpmg_pipeline_less_than_two:sm0:9:sm1        ; sld_sbpmg                         ; work         ;
;                |sld_ela_trigger_flow_mgr:\builtin:ela_trigger_flow_mgr_entity|                                                          ; 13 (13)             ; 11 (1)                    ; 0                 ; 0          ; 0    ; 0            ; |toplevel_placa|sld_signaltap:auto_signaltap_0|sld_signaltap_impl:sld_signaltap_body|sld_signaltap_implb:sld_signaltap_body|sld_ela_control:ela_control|sld_ela_trigger_flow_mgr:\builtin:ela_trigger_flow_mgr_entity                                                                                                                                      ; sld_ela_trigger_flow_mgr          ; work         ;
;                   |lpm_shiftreg:trigger_config_deserialize|                                                                             ; 0 (0)               ; 10 (10)                   ; 0                 ; 0          ; 0    ; 0            ; |toplevel_placa|sld_signaltap:auto_signaltap_0|sld_signaltap_impl:sld_signaltap_body|sld_signaltap_implb:sld_signaltap_body|sld_ela_control:ela_control|sld_ela_trigger_flow_mgr:\builtin:ela_trigger_flow_mgr_entity|lpm_shiftreg:trigger_config_deserialize                                                                                              ; lpm_shiftreg                      ; work         ;
;             |sld_offload_buffer_mgr:\stp_non_zero_depth_offload_gen:stp_offload_buff_mgr_inst|                                          ; 212 (10)            ; 151 (0)                   ; 0                 ; 0          ; 0    ; 0            ; |toplevel_placa|sld_signaltap:auto_signaltap_0|sld_signaltap_impl:sld_signaltap_body|sld_signaltap_implb:sld_signaltap_body|sld_offload_buffer_mgr:\stp_non_zero_depth_offload_gen:stp_offload_buff_mgr_inst                                                                                                                                               ; sld_offload_buffer_mgr            ; work         ;
;                |lpm_counter:\adv_point_3_and_more:advance_pointer_counter|                                                              ; 8 (0)               ; 6 (0)                     ; 0                 ; 0          ; 0    ; 0            ; |toplevel_placa|sld_signaltap:auto_signaltap_0|sld_signaltap_impl:sld_signaltap_body|sld_signaltap_implb:sld_signaltap_body|sld_offload_buffer_mgr:\stp_non_zero_depth_offload_gen:stp_offload_buff_mgr_inst|lpm_counter:\adv_point_3_and_more:advance_pointer_counter                                                                                     ; lpm_counter                       ; work         ;
;                   |cntr_79i:auto_generated|                                                                                             ; 8 (8)               ; 6 (6)                     ; 0                 ; 0          ; 0    ; 0            ; |toplevel_placa|sld_signaltap:auto_signaltap_0|sld_signaltap_impl:sld_signaltap_body|sld_signaltap_implb:sld_signaltap_body|sld_offload_buffer_mgr:\stp_non_zero_depth_offload_gen:stp_offload_buff_mgr_inst|lpm_counter:\adv_point_3_and_more:advance_pointer_counter|cntr_79i:auto_generated                                                             ; cntr_79i                          ; work         ;
;                |lpm_counter:read_pointer_counter|                                                                                       ; 16 (0)              ; 16 (0)                    ; 0                 ; 0          ; 0    ; 0            ; |toplevel_placa|sld_signaltap:auto_signaltap_0|sld_signaltap_impl:sld_signaltap_body|sld_signaltap_implb:sld_signaltap_body|sld_offload_buffer_mgr:\stp_non_zero_depth_offload_gen:stp_offload_buff_mgr_inst|lpm_counter:read_pointer_counter                                                                                                              ; lpm_counter                       ; work         ;
;                   |cntr_24j:auto_generated|                                                                                             ; 16 (16)             ; 16 (16)                   ; 0                 ; 0          ; 0    ; 0            ; |toplevel_placa|sld_signaltap:auto_signaltap_0|sld_signaltap_impl:sld_signaltap_body|sld_signaltap_implb:sld_signaltap_body|sld_offload_buffer_mgr:\stp_non_zero_depth_offload_gen:stp_offload_buff_mgr_inst|lpm_counter:read_pointer_counter|cntr_24j:auto_generated                                                                                      ; cntr_24j                          ; work         ;
;                |lpm_counter:status_advance_pointer_counter|                                                                             ; 8 (0)               ; 6 (0)                     ; 0                 ; 0          ; 0    ; 0            ; |toplevel_placa|sld_signaltap:auto_signaltap_0|sld_signaltap_impl:sld_signaltap_body|sld_signaltap_implb:sld_signaltap_body|sld_offload_buffer_mgr:\stp_non_zero_depth_offload_gen:stp_offload_buff_mgr_inst|lpm_counter:status_advance_pointer_counter                                                                                                    ; lpm_counter                       ; work         ;
;                   |cntr_29i:auto_generated|                                                                                             ; 8 (8)               ; 6 (6)                     ; 0                 ; 0          ; 0    ; 0            ; |toplevel_placa|sld_signaltap:auto_signaltap_0|sld_signaltap_impl:sld_signaltap_body|sld_signaltap_implb:sld_signaltap_body|sld_offload_buffer_mgr:\stp_non_zero_depth_offload_gen:stp_offload_buff_mgr_inst|lpm_counter:status_advance_pointer_counter|cntr_29i:auto_generated                                                                            ; cntr_29i                          ; work         ;
;                |lpm_counter:status_read_pointer_counter|                                                                                ; 3 (0)               ; 1 (0)                     ; 0                 ; 0          ; 0    ; 0            ; |toplevel_placa|sld_signaltap:auto_signaltap_0|sld_signaltap_impl:sld_signaltap_body|sld_signaltap_implb:sld_signaltap_body|sld_offload_buffer_mgr:\stp_non_zero_depth_offload_gen:stp_offload_buff_mgr_inst|lpm_counter:status_read_pointer_counter                                                                                                       ; lpm_counter                       ; work         ;
;                   |cntr_kri:auto_generated|                                                                                             ; 3 (3)               ; 1 (1)                     ; 0                 ; 0          ; 0    ; 0            ; |toplevel_placa|sld_signaltap:auto_signaltap_0|sld_signaltap_impl:sld_signaltap_body|sld_signaltap_implb:sld_signaltap_body|sld_offload_buffer_mgr:\stp_non_zero_depth_offload_gen:stp_offload_buff_mgr_inst|lpm_counter:status_read_pointer_counter|cntr_kri:auto_generated                                                                               ; cntr_kri                          ; work         ;
;                |lpm_shiftreg:info_data_shift_out|                                                                                       ; 0 (0)               ; 33 (33)                   ; 0                 ; 0          ; 0    ; 0            ; |toplevel_placa|sld_signaltap:auto_signaltap_0|sld_signaltap_impl:sld_signaltap_body|sld_signaltap_implb:sld_signaltap_body|sld_offload_buffer_mgr:\stp_non_zero_depth_offload_gen:stp_offload_buff_mgr_inst|lpm_shiftreg:info_data_shift_out                                                                                                              ; lpm_shiftreg                      ; work         ;
;                |lpm_shiftreg:ram_data_shift_out|                                                                                        ; 166 (166)           ; 56 (56)                   ; 0                 ; 0          ; 0    ; 0            ; |toplevel_placa|sld_signaltap:auto_signaltap_0|sld_signaltap_impl:sld_signaltap_body|sld_signaltap_implb:sld_signaltap_body|sld_offload_buffer_mgr:\stp_non_zero_depth_offload_gen:stp_offload_buff_mgr_inst|lpm_shiftreg:ram_data_shift_out                                                                                                               ; lpm_shiftreg                      ; work         ;
;                |lpm_shiftreg:status_data_shift_out|                                                                                     ; 1 (1)               ; 33 (33)                   ; 0                 ; 0          ; 0    ; 0            ; |toplevel_placa|sld_signaltap:auto_signaltap_0|sld_signaltap_impl:sld_signaltap_body|sld_signaltap_implb:sld_signaltap_body|sld_offload_buffer_mgr:\stp_non_zero_depth_offload_gen:stp_offload_buff_mgr_inst|lpm_shiftreg:status_data_shift_out                                                                                                            ; lpm_shiftreg                      ; work         ;
;             |sld_rom_sr:crc_rom_sr|                                                                                                     ; 20 (20)             ; 8 (8)                     ; 0                 ; 0          ; 0    ; 0            ; |toplevel_placa|sld_signaltap:auto_signaltap_0|sld_signaltap_impl:sld_signaltap_body|sld_signaltap_implb:sld_signaltap_body|sld_rom_sr:crc_rom_sr                                                                                                                                                                                                          ; sld_rom_sr                        ; work         ;
;    |top_level:top_level|                                                                                                                ; 6324 (0)            ; 807 (0)                   ; 237527            ; 4          ; 0    ; 0            ; |toplevel_placa|top_level:top_level                                                                                                                                                                                                                                                                                                                        ; top_level                         ; work         ;
;       |maq_estados:apelido_maq_estados|                                                                                                 ; 9 (9)               ; 4 (4)                     ; 0                 ; 0          ; 0    ; 0            ; |toplevel_placa|top_level:top_level|maq_estados:apelido_maq_estados                                                                                                                                                                                                                                                                                        ; maq_estados                       ; work         ;
;       |myFIFO:FIFO16x32_inst_my|                                                                                                        ; 61 (61)             ; 66 (66)                   ; 8192              ; 0          ; 0    ; 0            ; |toplevel_placa|top_level:top_level|myFIFO:FIFO16x32_inst_my                                                                                                                                                                                                                                                                                               ; myFIFO                            ; work         ;
;          |altsyncram:mem_rtl_0|                                                                                                         ; 0 (0)               ; 0 (0)                     ; 8192              ; 0          ; 0    ; 0            ; |toplevel_placa|top_level:top_level|myFIFO:FIFO16x32_inst_my|altsyncram:mem_rtl_0                                                                                                                                                                                                                                                                          ; altsyncram                        ; work         ;
;             |altsyncram_smi1:auto_generated|                                                                                            ; 0 (0)               ; 0 (0)                     ; 8192              ; 0          ; 0    ; 0            ; |toplevel_placa|top_level:top_level|myFIFO:FIFO16x32_inst_my|altsyncram:mem_rtl_0|altsyncram_smi1:auto_generated                                                                                                                                                                                                                                           ; altsyncram_smi1                   ; work         ;
;       |top_proc_banco:top_proc_banco_inst|                                                                                              ; 3145 (2)            ; 312 (33)                  ; 188788            ; 3          ; 0    ; 0            ; |toplevel_placa|top_level:top_level|top_proc_banco:top_proc_banco_inst                                                                                                                                                                                                                                                                                     ; top_proc_banco                    ; work         ;
;          |proc_banco:proc_banco_inst|                                                                                                   ; 3143 (0)            ; 279 (0)                   ; 188788            ; 3          ; 0    ; 0            ; |toplevel_placa|top_level:top_level|top_proc_banco:top_proc_banco_inst|proc_banco:proc_banco_inst                                                                                                                                                                                                                                                          ; proc_banco                        ; work         ;
;             |processor:p_proc_banco|                                                                                                    ; 3143 (0)            ; 279 (0)                   ; 188788            ; 3          ; 0    ; 0            ; |toplevel_placa|top_level:top_level|top_proc_banco:top_proc_banco_inst|proc_banco:proc_banco_inst|processor:p_proc_banco                                                                                                                                                                                                                                   ; processor                         ; work         ;
;                |core:core|                                                                                                              ; 3143 (0)            ; 279 (32)                  ; 0                 ; 3          ; 0    ; 0            ; |toplevel_placa|top_level:top_level|top_proc_banco:top_proc_banco_inst|proc_banco:proc_banco_inst|processor:p_proc_banco|core:core                                                                                                                                                                                                                         ; core                              ; work         ;
;                   |instr_dec:id|                                                                                                        ; 40 (40)             ; 6 (6)                     ; 0                 ; 0          ; 0    ; 0            ; |toplevel_placa|top_level:top_level|top_proc_banco:top_proc_banco_inst|proc_banco:proc_banco_inst|processor:p_proc_banco|core:core|instr_dec:id                                                                                                                                                                                                            ; instr_dec                         ; work         ;
;                   |instr_fetch:instr_fetch|                                                                                             ; 36 (0)              ; 9 (0)                     ; 0                 ; 0          ; 0    ; 0            ; |toplevel_placa|top_level:top_level|top_proc_banco:top_proc_banco_inst|proc_banco:proc_banco_inst|processor:p_proc_banco|core:core|instr_fetch:instr_fetch                                                                                                                                                                                                 ; instr_fetch                       ; work         ;
;                      |pc:pc|                                                                                                            ; 10 (10)             ; 9 (9)                     ; 0                 ; 0          ; 0    ; 0            ; |toplevel_placa|top_level:top_level|top_proc_banco:top_proc_banco_inst|proc_banco:proc_banco_inst|processor:p_proc_banco|core:core|instr_fetch:instr_fetch|pc:pc                                                                                                                                                                                           ; pc                                ; work         ;
;                      |prefetch:pf|                                                                                                      ; 26 (26)             ; 0 (0)                     ; 0                 ; 0          ; 0    ; 0            ; |toplevel_placa|top_level:top_level|top_proc_banco:top_proc_banco_inst|proc_banco:proc_banco_inst|processor:p_proc_banco|core:core|instr_fetch:instr_fetch|prefetch:pf                                                                                                                                                                                     ; prefetch                          ; work         ;
;                   |io_ctrl:io|                                                                                                          ; 0 (0)               ; 3 (3)                     ; 0                 ; 0          ; 0    ; 0            ; |toplevel_placa|top_level:top_level|top_proc_banco:top_proc_banco_inst|proc_banco:proc_banco_inst|processor:p_proc_banco|core:core|io_ctrl:io                                                                                                                                                                                                              ; io_ctrl                           ; work         ;
;                   |mem_ctrl:ac|                                                                                                         ; 52 (0)              ; 0 (0)                     ; 0                 ; 0          ; 0    ; 0            ; |toplevel_placa|top_level:top_level|top_proc_banco:top_proc_banco_inst|proc_banco:proc_banco_inst|processor:p_proc_banco|core:core|mem_ctrl:ac                                                                                                                                                                                                             ; mem_ctrl                          ; work         ;
;                      |rel_addr:ra_rd|                                                                                                   ; 26 (26)             ; 0 (0)                     ; 0                 ; 0          ; 0    ; 0            ; |toplevel_placa|top_level:top_level|top_proc_banco:top_proc_banco_inst|proc_banco:proc_banco_inst|processor:p_proc_banco|core:core|mem_ctrl:ac|rel_addr:ra_rd                                                                                                                                                                                              ; rel_addr                          ; work         ;
;                      |rel_addr:ra_wr|                                                                                                   ; 26 (26)             ; 0 (0)                     ; 0                 ; 0          ; 0    ; 0            ; |toplevel_placa|top_level:top_level|top_proc_banco:top_proc_banco_inst|proc_banco:proc_banco_inst|processor:p_proc_banco|core:core|mem_ctrl:ac|rel_addr:ra_wr                                                                                                                                                                                              ; rel_addr                          ; work         ;
;                   |stack:sp|                                                                                                            ; 74 (74)             ; 163 (163)                 ; 0                 ; 0          ; 0    ; 0            ; |toplevel_placa|top_level:top_level|top_proc_banco:top_proc_banco_inst|proc_banco:proc_banco_inst|processor:p_proc_banco|core:core|stack:sp                                                                                                                                                                                                                ; stack                             ; work         ;
;                   |ula:ula|                                                                                                             ; 2877 (4)            ; 0 (0)                     ; 0                 ; 3          ; 0    ; 0            ; |toplevel_placa|top_level:top_level|top_proc_banco:top_proc_banco_inst|proc_banco:proc_banco_inst|processor:p_proc_banco|core:core|ula:ula                                                                                                                                                                                                                 ; ula                               ; work         ;
;                      |norm_mux:norm_mux|                                                                                                ; 171 (96)            ; 0 (0)                     ; 0                 ; 0          ; 0    ; 0            ; |toplevel_placa|top_level:top_level|top_proc_banco:top_proc_banco_inst|proc_banco:proc_banco_inst|processor:p_proc_banco|core:core|ula:ula|norm_mux:norm_mux                                                                                                                                                                                               ; norm_mux                          ; work         ;
;                         |ula_norm:ula_norm|                                                                                             ; 75 (39)             ; 0 (0)                     ; 0                 ; 0          ; 0    ; 0            ; |toplevel_placa|top_level:top_level|top_proc_banco:top_proc_banco_inst|proc_banco:proc_banco_inst|processor:p_proc_banco|core:core|ula:ula|norm_mux:norm_mux|ula_norm:ula_norm                                                                                                                                                                             ; ula_norm                          ; work         ;
;                            |ula_nmux:norm[11].mm|                                                                                       ; 4 (4)               ; 0 (0)                     ; 0                 ; 0          ; 0    ; 0            ; |toplevel_placa|top_level:top_level|top_proc_banco:top_proc_banco_inst|proc_banco:proc_banco_inst|processor:p_proc_banco|core:core|ula:ula|norm_mux:norm_mux|ula_norm:ula_norm|ula_nmux:norm[11].mm                                                                                                                                                        ; ula_nmux                          ; work         ;
;                            |ula_nmux:norm[15].mm|                                                                                       ; 6 (6)               ; 0 (0)                     ; 0                 ; 0          ; 0    ; 0            ; |toplevel_placa|top_level:top_level|top_proc_banco:top_proc_banco_inst|proc_banco:proc_banco_inst|processor:p_proc_banco|core:core|ula:ula|norm_mux:norm_mux|ula_norm:ula_norm|ula_nmux:norm[15].mm                                                                                                                                                        ; ula_nmux                          ; work         ;
;                            |ula_nmux:norm[17].mm|                                                                                       ; 2 (2)               ; 0 (0)                     ; 0                 ; 0          ; 0    ; 0            ; |toplevel_placa|top_level:top_level|top_proc_banco:top_proc_banco_inst|proc_banco:proc_banco_inst|processor:p_proc_banco|core:core|ula:ula|norm_mux:norm_mux|ula_norm:ula_norm|ula_nmux:norm[17].mm                                                                                                                                                        ; ula_nmux                          ; work         ;
;                            |ula_nmux:norm[18].mm|                                                                                       ; 12 (12)             ; 0 (0)                     ; 0                 ; 0          ; 0    ; 0            ; |toplevel_placa|top_level:top_level|top_proc_banco:top_proc_banco_inst|proc_banco:proc_banco_inst|processor:p_proc_banco|core:core|ula:ula|norm_mux:norm_mux|ula_norm:ula_norm|ula_nmux:norm[18].mm                                                                                                                                                        ; ula_nmux                          ; work         ;
;                            |ula_nmux:norm[19].mm|                                                                                       ; 1 (1)               ; 0 (0)                     ; 0                 ; 0          ; 0    ; 0            ; |toplevel_placa|top_level:top_level|top_proc_banco:top_proc_banco_inst|proc_banco:proc_banco_inst|processor:p_proc_banco|core:core|ula:ula|norm_mux:norm_mux|ula_norm:ula_norm|ula_nmux:norm[19].mm                                                                                                                                                        ; ula_nmux                          ; work         ;
;                            |ula_nmux:norm[20].mm|                                                                                       ; 1 (1)               ; 0 (0)                     ; 0                 ; 0          ; 0    ; 0            ; |toplevel_placa|top_level:top_level|top_proc_banco:top_proc_banco_inst|proc_banco:proc_banco_inst|processor:p_proc_banco|core:core|ula:ula|norm_mux:norm_mux|ula_norm:ula_norm|ula_nmux:norm[20].mm                                                                                                                                                        ; ula_nmux                          ; work         ;
;                            |ula_nmux:norm[21].mm|                                                                                       ; 9 (9)               ; 0 (0)                     ; 0                 ; 0          ; 0    ; 0            ; |toplevel_placa|top_level:top_level|top_proc_banco:top_proc_banco_inst|proc_banco:proc_banco_inst|processor:p_proc_banco|core:core|ula:ula|norm_mux:norm_mux|ula_norm:ula_norm|ula_nmux:norm[21].mm                                                                                                                                                        ; ula_nmux                          ; work         ;
;                            |ula_nmux:norm[7].mm|                                                                                        ; 1 (1)               ; 0 (0)                     ; 0                 ; 0          ; 0    ; 0            ; |toplevel_placa|top_level:top_level|top_proc_banco:top_proc_banco_inst|proc_banco:proc_banco_inst|processor:p_proc_banco|core:core|ula:ula|norm_mux:norm_mux|ula_norm:ula_norm|ula_nmux:norm[7].mm                                                                                                                                                         ; ula_nmux                          ; work         ;
;                      |ula_add:my_add|                                                                                                   ; 32 (32)             ; 0 (0)                     ; 0                 ; 0          ; 0    ; 0            ; |toplevel_placa|top_level:top_level|top_proc_banco:top_proc_banco_inst|proc_banco:proc_banco_inst|processor:p_proc_banco|core:core|ula:ula|ula_add:my_add                                                                                                                                                                                                  ; ula_add                           ; work         ;
;                      |ula_denorm:denorm|                                                                                                ; 195 (195)           ; 0 (0)                     ; 0                 ; 0          ; 0    ; 0            ; |toplevel_placa|top_level:top_level|top_proc_banco:top_proc_banco_inst|proc_banco:proc_banco_inst|processor:p_proc_banco|core:core|ula:ula|ula_denorm:denorm                                                                                                                                                                                               ; ula_denorm                        ; work         ;
;                      |ula_f2i:my_f2i|                                                                                                   ; 192 (192)           ; 0 (0)                     ; 0                 ; 0          ; 0    ; 0            ; |toplevel_placa|top_level:top_level|top_proc_banco:top_proc_banco_inst|proc_banco:proc_banco_inst|processor:p_proc_banco|core:core|ula:ula|ula_f2i:my_f2i                                                                                                                                                                                                  ; ula_f2i                           ; work         ;
;                      |ula_fadd:my_fadd|                                                                                                 ; 57 (57)             ; 0 (0)                     ; 0                 ; 0          ; 0    ; 0            ; |toplevel_placa|top_level:top_level|top_proc_banco:top_proc_banco_inst|proc_banco:proc_banco_inst|processor:p_proc_banco|core:core|ula:ula|ula_fadd:my_fadd                                                                                                                                                                                                ; ula_fadd                          ; work         ;
;                      |ula_fdiv:my_fdiv|                                                                                                 ; 1871 (23)           ; 0 (0)                     ; 0                 ; 0          ; 0    ; 0            ; |toplevel_placa|top_level:top_level|top_proc_banco:top_proc_banco_inst|proc_banco:proc_banco_inst|processor:p_proc_banco|core:core|ula:ula|ula_fdiv:my_fdiv                                                                                                                                                                                                ; ula_fdiv                          ; work         ;
;                         |lpm_divide:Div0|                                                                                               ; 1848 (0)            ; 0 (0)                     ; 0                 ; 0          ; 0    ; 0            ; |toplevel_placa|top_level:top_level|top_proc_banco:top_proc_banco_inst|proc_banco:proc_banco_inst|processor:p_proc_banco|core:core|ula:ula|ula_fdiv:my_fdiv|lpm_divide:Div0                                                                                                                                                                                ; lpm_divide                        ; work         ;
;                            |lpm_divide_7dm:auto_generated|                                                                              ; 1848 (0)            ; 0 (0)                     ; 0                 ; 0          ; 0    ; 0            ; |toplevel_placa|top_level:top_level|top_proc_banco:top_proc_banco_inst|proc_banco:proc_banco_inst|processor:p_proc_banco|core:core|ula:ula|ula_fdiv:my_fdiv|lpm_divide:Div0|lpm_divide_7dm:auto_generated                                                                                                                                                  ; lpm_divide_7dm                    ; work         ;
;                               |sign_div_unsign_dnh:divider|                                                                             ; 1848 (0)            ; 0 (0)                     ; 0                 ; 0          ; 0    ; 0            ; |toplevel_placa|top_level:top_level|top_proc_banco:top_proc_banco_inst|proc_banco:proc_banco_inst|processor:p_proc_banco|core:core|ula:ula|ula_fdiv:my_fdiv|lpm_divide:Div0|lpm_divide_7dm:auto_generated|sign_div_unsign_dnh:divider                                                                                                                      ; sign_div_unsign_dnh               ; work         ;
;                                  |alt_u_div_03f:divider|                                                                                ; 1848 (1848)         ; 0 (0)                     ; 0                 ; 0          ; 0    ; 0            ; |toplevel_placa|top_level:top_level|top_proc_banco:top_proc_banco_inst|proc_banco:proc_banco_inst|processor:p_proc_banco|core:core|ula:ula|ula_fdiv:my_fdiv|lpm_divide:Div0|lpm_divide_7dm:auto_generated|sign_div_unsign_dnh:divider|alt_u_div_03f:divider                                                                                                ; alt_u_div_03f                     ; work         ;
;                      |ula_fgre:my_fgre|                                                                                                 ; 11 (11)             ; 0 (0)                     ; 0                 ; 0          ; 0    ; 0            ; |toplevel_placa|top_level:top_level|top_proc_banco:top_proc_banco_inst|proc_banco:proc_banco_inst|processor:p_proc_banco|core:core|ula:ula|ula_fgre:my_fgre                                                                                                                                                                                                ; ula_fgre                          ; work         ;
;                      |ula_fmlt:my_fmlt|                                                                                                 ; 22 (22)             ; 0 (0)                     ; 0                 ; 1          ; 0    ; 0            ; |toplevel_placa|top_level:top_level|top_proc_banco:top_proc_banco_inst|proc_banco:proc_banco_inst|processor:p_proc_banco|core:core|ula:ula|ula_fmlt:my_fmlt                                                                                                                                                                                                ; ula_fmlt                          ; work         ;
;                      |ula_i2f:my_i2fm|                                                                                                  ; 23 (23)             ; 0 (0)                     ; 0                 ; 0          ; 0    ; 0            ; |toplevel_placa|top_level:top_level|top_proc_banco:top_proc_banco_inst|proc_banco:proc_banco_inst|processor:p_proc_banco|core:core|ula:ula|ula_i2f:my_i2fm                                                                                                                                                                                                 ; ula_i2f                           ; work         ;
;                      |ula_i2f:my_i2f|                                                                                                   ; 23 (23)             ; 0 (0)                     ; 0                 ; 0          ; 0    ; 0            ; |toplevel_placa|top_level:top_level|top_proc_banco:top_proc_banco_inst|proc_banco:proc_banco_inst|processor:p_proc_banco|core:core|ula:ula|ula_i2f:my_i2f                                                                                                                                                                                                  ; ula_i2f                           ; work         ;
;                      |ula_les:my_les|                                                                                                   ; 15 (15)             ; 0 (0)                     ; 0                 ; 0          ; 0    ; 0            ; |toplevel_placa|top_level:top_level|top_proc_banco:top_proc_banco_inst|proc_banco:proc_banco_inst|processor:p_proc_banco|core:core|ula:ula|ula_les:my_les                                                                                                                                                                                                  ; ula_les                           ; work         ;
;                      |ula_mlt:my_mlt|                                                                                                   ; 14 (14)             ; 0 (0)                     ; 0                 ; 2          ; 0    ; 0            ; |toplevel_placa|top_level:top_level|top_proc_banco:top_proc_banco_inst|proc_banco:proc_banco_inst|processor:p_proc_banco|core:core|ula:ula|ula_mlt:my_mlt                                                                                                                                                                                                  ; ula_mlt                           ; work         ;
;                      |ula_mux:ula_mux|                                                                                                  ; 215 (215)           ; 0 (0)                     ; 0                 ; 0          ; 0    ; 0            ; |toplevel_placa|top_level:top_level|top_proc_banco:top_proc_banco_inst|proc_banco:proc_banco_inst|processor:p_proc_banco|core:core|ula:ula|ula_mux:ula_mux                                                                                                                                                                                                 ; ula_mux                           ; work         ;
;                      |ula_neg:my_negm|                                                                                                  ; 32 (32)             ; 0 (0)                     ; 0                 ; 0          ; 0    ; 0            ; |toplevel_placa|top_level:top_level|top_proc_banco:top_proc_banco_inst|proc_banco:proc_banco_inst|processor:p_proc_banco|core:core|ula:ula|ula_neg:my_negm                                                                                                                                                                                                 ; ula_neg                           ; work         ;
;                   |ula_in1_ctrl:uic1|                                                                                                   ; 32 (32)             ; 33 (33)                   ; 0                 ; 0          ; 0    ; 0            ; |toplevel_placa|top_level:top_level|top_proc_banco:top_proc_banco_inst|proc_banco:proc_banco_inst|processor:p_proc_banco|core:core|ula_in1_ctrl:uic1                                                                                                                                                                                                       ; ula_in1_ctrl                      ; work         ;
;                   |ula_in2_ctrl:uic2|                                                                                                   ; 32 (32)             ; 33 (33)                   ; 0                 ; 0          ; 0    ; 0            ; |toplevel_placa|top_level:top_level|top_proc_banco:top_proc_banco_inst|proc_banco:proc_banco_inst|processor:p_proc_banco|core:core|ula_in2_ctrl:uic2                                                                                                                                                                                                       ; ula_in2_ctrl                      ; work         ;
;                |mem_data:mdata|                                                                                                         ; 0 (0)               ; 0 (0)                     ; 181408            ; 0          ; 0    ; 0            ; |toplevel_placa|top_level:top_level|top_proc_banco:top_proc_banco_inst|proc_banco:proc_banco_inst|processor:p_proc_banco|mem_data:mdata                                                                                                                                                                                                                    ; mem_data                          ; work         ;
;                   |altsyncram:mem_rtl_0|                                                                                                ; 0 (0)               ; 0 (0)                     ; 181408            ; 0          ; 0    ; 0            ; |toplevel_placa|top_level:top_level|top_proc_banco:top_proc_banco_inst|proc_banco:proc_banco_inst|processor:p_proc_banco|mem_data:mdata|altsyncram:mem_rtl_0                                                                                                                                                                                               ; altsyncram                        ; work         ;
;                      |altsyncram_4kr1:auto_generated|                                                                                   ; 0 (0)               ; 0 (0)                     ; 181408            ; 0          ; 0    ; 0            ; |toplevel_placa|top_level:top_level|top_proc_banco:top_proc_banco_inst|proc_banco:proc_banco_inst|processor:p_proc_banco|mem_data:mdata|altsyncram:mem_rtl_0|altsyncram_4kr1:auto_generated                                                                                                                                                                ; altsyncram_4kr1                   ; work         ;
;                |mem_instr:minstr|                                                                                                       ; 0 (0)               ; 0 (0)                     ; 7380              ; 0          ; 0    ; 0            ; |toplevel_placa|top_level:top_level|top_proc_banco:top_proc_banco_inst|proc_banco:proc_banco_inst|processor:p_proc_banco|mem_instr:minstr                                                                                                                                                                                                                  ; mem_instr                         ; work         ;
;                   |altsyncram:mem_rtl_0|                                                                                                ; 0 (0)               ; 0 (0)                     ; 7380              ; 0          ; 0    ; 0            ; |toplevel_placa|top_level:top_level|top_proc_banco:top_proc_banco_inst|proc_banco:proc_banco_inst|processor:p_proc_banco|mem_instr:minstr|altsyncram:mem_rtl_0                                                                                                                                                                                             ; altsyncram                        ; work         ;
;                      |altsyncram_vvc1:auto_generated|                                                                                   ; 0 (0)               ; 0 (0)                     ; 7380              ; 0          ; 0    ; 0            ; |toplevel_placa|top_level:top_level|top_proc_banco:top_proc_banco_inst|proc_banco:proc_banco_inst|processor:p_proc_banco|mem_instr:minstr|altsyncram:mem_rtl_0|altsyncram_vvc1:auto_generated                                                                                                                                                              ; altsyncram_vvc1                   ; work         ;
;       |top_proc_interp:top_proc_interp_inst|                                                                                            ; 3109 (5)            ; 425 (160)                 ; 40547             ; 1          ; 0    ; 0            ; |toplevel_placa|top_level:top_level|top_proc_interp:top_proc_interp_inst                                                                                                                                                                                                                                                                                   ; top_proc_interp                   ; work         ;
;          |proc_interp:proc_interp_inst|                                                                                                 ; 3104 (0)            ; 265 (0)                   ; 40547             ; 1          ; 0    ; 0            ; |toplevel_placa|top_level:top_level|top_proc_interp:top_proc_interp_inst|proc_interp:proc_interp_inst                                                                                                                                                                                                                                                      ; proc_interp                       ; work         ;
;             |addr_dec:dec_out|                                                                                                          ; 1 (1)               ; 0 (0)                     ; 0                 ; 0          ; 0    ; 0            ; |toplevel_placa|top_level:top_level|top_proc_interp:top_proc_interp_inst|proc_interp:proc_interp_inst|addr_dec:dec_out                                                                                                                                                                                                                                     ; addr_dec                          ; work         ;
;             |processor:p_proc_interp|                                                                                                   ; 3103 (0)            ; 265 (0)                   ; 40547             ; 1          ; 0    ; 0            ; |toplevel_placa|top_level:top_level|top_proc_interp:top_proc_interp_inst|proc_interp:proc_interp_inst|processor:p_proc_interp                                                                                                                                                                                                                              ; processor                         ; work         ;
;                |core:core|                                                                                                              ; 3103 (0)            ; 265 (32)                  ; 0                 ; 1          ; 0    ; 0            ; |toplevel_placa|top_level:top_level|top_proc_interp:top_proc_interp_inst|proc_interp:proc_interp_inst|processor:p_proc_interp|core:core                                                                                                                                                                                                                    ; core                              ; work         ;
;                   |instr_dec:id|                                                                                                        ; 46 (46)             ; 6 (6)                     ; 0                 ; 0          ; 0    ; 0            ; |toplevel_placa|top_level:top_level|top_proc_interp:top_proc_interp_inst|proc_interp:proc_interp_inst|processor:p_proc_interp|core:core|instr_dec:id                                                                                                                                                                                                       ; instr_dec                         ; work         ;
;                   |instr_fetch:instr_fetch|                                                                                             ; 37 (0)              ; 10 (0)                    ; 0                 ; 0          ; 0    ; 0            ; |toplevel_placa|top_level:top_level|top_proc_interp:top_proc_interp_inst|proc_interp:proc_interp_inst|processor:p_proc_interp|core:core|instr_fetch:instr_fetch                                                                                                                                                                                            ; instr_fetch                       ; work         ;
;                      |pc:pc|                                                                                                            ; 11 (11)             ; 10 (10)                   ; 0                 ; 0          ; 0    ; 0            ; |toplevel_placa|top_level:top_level|top_proc_interp:top_proc_interp_inst|proc_interp:proc_interp_inst|processor:p_proc_interp|core:core|instr_fetch:instr_fetch|pc:pc                                                                                                                                                                                      ; pc                                ; work         ;
;                      |prefetch:pf|                                                                                                      ; 26 (26)             ; 0 (0)                     ; 0                 ; 0          ; 0    ; 0            ; |toplevel_placa|top_level:top_level|top_proc_interp:top_proc_interp_inst|proc_interp:proc_interp_inst|processor:p_proc_interp|core:core|instr_fetch:instr_fetch|prefetch:pf                                                                                                                                                                                ; prefetch                          ; work         ;
;                   |io_ctrl:io|                                                                                                          ; 0 (0)               ; 4 (4)                     ; 0                 ; 0          ; 0    ; 0            ; |toplevel_placa|top_level:top_level|top_proc_interp:top_proc_interp_inst|proc_interp:proc_interp_inst|processor:p_proc_interp|core:core|io_ctrl:io                                                                                                                                                                                                         ; io_ctrl                           ; work         ;
;                   |mem_ctrl:ac|                                                                                                         ; 40 (0)              ; 0 (0)                     ; 0                 ; 0          ; 0    ; 0            ; |toplevel_placa|top_level:top_level|top_proc_interp:top_proc_interp_inst|proc_interp:proc_interp_inst|processor:p_proc_interp|core:core|mem_ctrl:ac                                                                                                                                                                                                        ; mem_ctrl                          ; work         ;
;                      |rel_addr:ra_rd|                                                                                                   ; 20 (20)             ; 0 (0)                     ; 0                 ; 0          ; 0    ; 0            ; |toplevel_placa|top_level:top_level|top_proc_interp:top_proc_interp_inst|proc_interp:proc_interp_inst|processor:p_proc_interp|core:core|mem_ctrl:ac|rel_addr:ra_rd                                                                                                                                                                                         ; rel_addr                          ; work         ;
;                      |rel_addr:ra_wr|                                                                                                   ; 20 (20)             ; 0 (0)                     ; 0                 ; 0          ; 0    ; 0            ; |toplevel_placa|top_level:top_level|top_proc_interp:top_proc_interp_inst|proc_interp:proc_interp_inst|processor:p_proc_interp|core:core|mem_ctrl:ac|rel_addr:ra_wr                                                                                                                                                                                         ; rel_addr                          ; work         ;
;                   |stack:sp|                                                                                                            ; 74 (74)             ; 163 (163)                 ; 0                 ; 0          ; 0    ; 0            ; |toplevel_placa|top_level:top_level|top_proc_interp:top_proc_interp_inst|proc_interp:proc_interp_inst|processor:p_proc_interp|core:core|stack:sp                                                                                                                                                                                                           ; stack                             ; work         ;
;                   |ula:ula|                                                                                                             ; 2842 (4)            ; 0 (0)                     ; 0                 ; 1          ; 0    ; 0            ; |toplevel_placa|top_level:top_level|top_proc_interp:top_proc_interp_inst|proc_interp:proc_interp_inst|processor:p_proc_interp|core:core|ula:ula                                                                                                                                                                                                            ; ula                               ; work         ;
;                      |norm_mux:norm_mux|                                                                                                ; 177 (99)            ; 0 (0)                     ; 0                 ; 0          ; 0    ; 0            ; |toplevel_placa|top_level:top_level|top_proc_interp:top_proc_interp_inst|proc_interp:proc_interp_inst|processor:p_proc_interp|core:core|ula:ula|norm_mux:norm_mux                                                                                                                                                                                          ; norm_mux                          ; work         ;
;                         |ula_norm:ula_norm|                                                                                             ; 78 (48)             ; 0 (0)                     ; 0                 ; 0          ; 0    ; 0            ; |toplevel_placa|top_level:top_level|top_proc_interp:top_proc_interp_inst|proc_interp:proc_interp_inst|processor:p_proc_interp|core:core|ula:ula|norm_mux:norm_mux|ula_norm:ula_norm                                                                                                                                                                        ; ula_norm                          ; work         ;
;                            |ula_nmux:norm[11].mm|                                                                                       ; 4 (4)               ; 0 (0)                     ; 0                 ; 0          ; 0    ; 0            ; |toplevel_placa|top_level:top_level|top_proc_interp:top_proc_interp_inst|proc_interp:proc_interp_inst|processor:p_proc_interp|core:core|ula:ula|norm_mux:norm_mux|ula_norm:ula_norm|ula_nmux:norm[11].mm                                                                                                                                                   ; ula_nmux                          ; work         ;
;                            |ula_nmux:norm[15].mm|                                                                                       ; 6 (6)               ; 0 (0)                     ; 0                 ; 0          ; 0    ; 0            ; |toplevel_placa|top_level:top_level|top_proc_interp:top_proc_interp_inst|proc_interp:proc_interp_inst|processor:p_proc_interp|core:core|ula:ula|norm_mux:norm_mux|ula_norm:ula_norm|ula_nmux:norm[15].mm                                                                                                                                                   ; ula_nmux                          ; work         ;
;                            |ula_nmux:norm[17].mm|                                                                                       ; 2 (2)               ; 0 (0)                     ; 0                 ; 0          ; 0    ; 0            ; |toplevel_placa|top_level:top_level|top_proc_interp:top_proc_interp_inst|proc_interp:proc_interp_inst|processor:p_proc_interp|core:core|ula:ula|norm_mux:norm_mux|ula_norm:ula_norm|ula_nmux:norm[17].mm                                                                                                                                                   ; ula_nmux                          ; work         ;
;                            |ula_nmux:norm[18].mm|                                                                                       ; 12 (12)             ; 0 (0)                     ; 0                 ; 0          ; 0    ; 0            ; |toplevel_placa|top_level:top_level|top_proc_interp:top_proc_interp_inst|proc_interp:proc_interp_inst|processor:p_proc_interp|core:core|ula:ula|norm_mux:norm_mux|ula_norm:ula_norm|ula_nmux:norm[18].mm                                                                                                                                                   ; ula_nmux                          ; work         ;
;                            |ula_nmux:norm[19].mm|                                                                                       ; 1 (1)               ; 0 (0)                     ; 0                 ; 0          ; 0    ; 0            ; |toplevel_placa|top_level:top_level|top_proc_interp:top_proc_interp_inst|proc_interp:proc_interp_inst|processor:p_proc_interp|core:core|ula:ula|norm_mux:norm_mux|ula_norm:ula_norm|ula_nmux:norm[19].mm                                                                                                                                                   ; ula_nmux                          ; work         ;
;                            |ula_nmux:norm[20].mm|                                                                                       ; 1 (1)               ; 0 (0)                     ; 0                 ; 0          ; 0    ; 0            ; |toplevel_placa|top_level:top_level|top_proc_interp:top_proc_interp_inst|proc_interp:proc_interp_inst|processor:p_proc_interp|core:core|ula:ula|norm_mux:norm_mux|ula_norm:ula_norm|ula_nmux:norm[20].mm                                                                                                                                                   ; ula_nmux                          ; work         ;
;                            |ula_nmux:norm[21].mm|                                                                                       ; 3 (3)               ; 0 (0)                     ; 0                 ; 0          ; 0    ; 0            ; |toplevel_placa|top_level:top_level|top_proc_interp:top_proc_interp_inst|proc_interp:proc_interp_inst|processor:p_proc_interp|core:core|ula:ula|norm_mux:norm_mux|ula_norm:ula_norm|ula_nmux:norm[21].mm                                                                                                                                                   ; ula_nmux                          ; work         ;
;                            |ula_nmux:norm[7].mm|                                                                                        ; 1 (1)               ; 0 (0)                     ; 0                 ; 0          ; 0    ; 0            ; |toplevel_placa|top_level:top_level|top_proc_interp:top_proc_interp_inst|proc_interp:proc_interp_inst|processor:p_proc_interp|core:core|ula:ula|norm_mux:norm_mux|ula_norm:ula_norm|ula_nmux:norm[7].mm                                                                                                                                                    ; ula_nmux                          ; work         ;
;                      |ula_add:my_add|                                                                                                   ; 32 (32)             ; 0 (0)                     ; 0                 ; 0          ; 0    ; 0            ; |toplevel_placa|top_level:top_level|top_proc_interp:top_proc_interp_inst|proc_interp:proc_interp_inst|processor:p_proc_interp|core:core|ula:ula|ula_add:my_add                                                                                                                                                                                             ; ula_add                           ; work         ;
;                      |ula_denorm:denorm|                                                                                                ; 195 (195)           ; 0 (0)                     ; 0                 ; 0          ; 0    ; 0            ; |toplevel_placa|top_level:top_level|top_proc_interp:top_proc_interp_inst|proc_interp:proc_interp_inst|processor:p_proc_interp|core:core|ula:ula|ula_denorm:denorm                                                                                                                                                                                          ; ula_denorm                        ; work         ;
;                      |ula_f2i:my_f2i|                                                                                                   ; 193 (193)           ; 0 (0)                     ; 0                 ; 0          ; 0    ; 0            ; |toplevel_placa|top_level:top_level|top_proc_interp:top_proc_interp_inst|proc_interp:proc_interp_inst|processor:p_proc_interp|core:core|ula:ula|ula_f2i:my_f2i                                                                                                                                                                                             ; ula_f2i                           ; work         ;
;                      |ula_fadd:my_fadd|                                                                                                 ; 57 (57)             ; 0 (0)                     ; 0                 ; 0          ; 0    ; 0            ; |toplevel_placa|top_level:top_level|top_proc_interp:top_proc_interp_inst|proc_interp:proc_interp_inst|processor:p_proc_interp|core:core|ula:ula|ula_fadd:my_fadd                                                                                                                                                                                           ; ula_fadd                          ; work         ;
;                      |ula_fdiv:my_fdiv|                                                                                                 ; 1871 (23)           ; 0 (0)                     ; 0                 ; 0          ; 0    ; 0            ; |toplevel_placa|top_level:top_level|top_proc_interp:top_proc_interp_inst|proc_interp:proc_interp_inst|processor:p_proc_interp|core:core|ula:ula|ula_fdiv:my_fdiv                                                                                                                                                                                           ; ula_fdiv                          ; work         ;
;                         |lpm_divide:Div0|                                                                                               ; 1848 (0)            ; 0 (0)                     ; 0                 ; 0          ; 0    ; 0            ; |toplevel_placa|top_level:top_level|top_proc_interp:top_proc_interp_inst|proc_interp:proc_interp_inst|processor:p_proc_interp|core:core|ula:ula|ula_fdiv:my_fdiv|lpm_divide:Div0                                                                                                                                                                           ; lpm_divide                        ; work         ;
;                            |lpm_divide_7dm:auto_generated|                                                                              ; 1848 (0)            ; 0 (0)                     ; 0                 ; 0          ; 0    ; 0            ; |toplevel_placa|top_level:top_level|top_proc_interp:top_proc_interp_inst|proc_interp:proc_interp_inst|processor:p_proc_interp|core:core|ula:ula|ula_fdiv:my_fdiv|lpm_divide:Div0|lpm_divide_7dm:auto_generated                                                                                                                                             ; lpm_divide_7dm                    ; work         ;
;                               |sign_div_unsign_dnh:divider|                                                                             ; 1848 (0)            ; 0 (0)                     ; 0                 ; 0          ; 0    ; 0            ; |toplevel_placa|top_level:top_level|top_proc_interp:top_proc_interp_inst|proc_interp:proc_interp_inst|processor:p_proc_interp|core:core|ula:ula|ula_fdiv:my_fdiv|lpm_divide:Div0|lpm_divide_7dm:auto_generated|sign_div_unsign_dnh:divider                                                                                                                 ; sign_div_unsign_dnh               ; work         ;
;                                  |alt_u_div_03f:divider|                                                                                ; 1848 (1848)         ; 0 (0)                     ; 0                 ; 0          ; 0    ; 0            ; |toplevel_placa|top_level:top_level|top_proc_interp:top_proc_interp_inst|proc_interp:proc_interp_inst|processor:p_proc_interp|core:core|ula:ula|ula_fdiv:my_fdiv|lpm_divide:Div0|lpm_divide_7dm:auto_generated|sign_div_unsign_dnh:divider|alt_u_div_03f:divider                                                                                           ; alt_u_div_03f                     ; work         ;
;                      |ula_fles:my_fles|                                                                                                 ; 11 (11)             ; 0 (0)                     ; 0                 ; 0          ; 0    ; 0            ; |toplevel_placa|top_level:top_level|top_proc_interp:top_proc_interp_inst|proc_interp:proc_interp_inst|processor:p_proc_interp|core:core|ula:ula|ula_fles:my_fles                                                                                                                                                                                           ; ula_fles                          ; work         ;
;                      |ula_fmlt:my_fmlt|                                                                                                 ; 22 (22)             ; 0 (0)                     ; 0                 ; 1          ; 0    ; 0            ; |toplevel_placa|top_level:top_level|top_proc_interp:top_proc_interp_inst|proc_interp:proc_interp_inst|processor:p_proc_interp|core:core|ula:ula|ula_fmlt:my_fmlt                                                                                                                                                                                           ; ula_fmlt                          ; work         ;
;                      |ula_gre:my_gre|                                                                                                   ; 15 (15)             ; 0 (0)                     ; 0                 ; 0          ; 0    ; 0            ; |toplevel_placa|top_level:top_level|top_proc_interp:top_proc_interp_inst|proc_interp:proc_interp_inst|processor:p_proc_interp|core:core|ula:ula|ula_gre:my_gre                                                                                                                                                                                             ; ula_gre                           ; work         ;
;                      |ula_i2f:my_i2fm|                                                                                                  ; 23 (23)             ; 0 (0)                     ; 0                 ; 0          ; 0    ; 0            ; |toplevel_placa|top_level:top_level|top_proc_interp:top_proc_interp_inst|proc_interp:proc_interp_inst|processor:p_proc_interp|core:core|ula:ula|ula_i2f:my_i2fm                                                                                                                                                                                            ; ula_i2f                           ; work         ;
;                      |ula_i2f:my_i2f|                                                                                                   ; 23 (23)             ; 0 (0)                     ; 0                 ; 0          ; 0    ; 0            ; |toplevel_placa|top_level:top_level|top_proc_interp:top_proc_interp_inst|proc_interp:proc_interp_inst|processor:p_proc_interp|core:core|ula:ula|ula_i2f:my_i2f                                                                                                                                                                                             ; ula_i2f                           ; work         ;
;                      |ula_les:my_les|                                                                                                   ; 15 (15)             ; 0 (0)                     ; 0                 ; 0          ; 0    ; 0            ; |toplevel_placa|top_level:top_level|top_proc_interp:top_proc_interp_inst|proc_interp:proc_interp_inst|processor:p_proc_interp|core:core|ula:ula|ula_les:my_les                                                                                                                                                                                             ; ula_les                           ; work         ;
;                      |ula_mux:ula_mux|                                                                                                  ; 204 (204)           ; 0 (0)                     ; 0                 ; 0          ; 0    ; 0            ; |toplevel_placa|top_level:top_level|top_proc_interp:top_proc_interp_inst|proc_interp:proc_interp_inst|processor:p_proc_interp|core:core|ula:ula|ula_mux:ula_mux                                                                                                                                                                                            ; ula_mux                           ; work         ;
;                   |ula_in1_ctrl:uic1|                                                                                                   ; 32 (32)             ; 33 (33)                   ; 0                 ; 0          ; 0    ; 0            ; |toplevel_placa|top_level:top_level|top_proc_interp:top_proc_interp_inst|proc_interp:proc_interp_inst|processor:p_proc_interp|core:core|ula_in1_ctrl:uic1                                                                                                                                                                                                  ; ula_in1_ctrl                      ; work         ;
;                   |ula_in2_ctrl:uic2|                                                                                                   ; 32 (32)             ; 17 (17)                   ; 0                 ; 0          ; 0    ; 0            ; |toplevel_placa|top_level:top_level|top_proc_interp:top_proc_interp_inst|proc_interp:proc_interp_inst|processor:p_proc_interp|core:core|ula_in2_ctrl:uic2                                                                                                                                                                                                  ; ula_in2_ctrl                      ; work         ;
;                |mem_data:mdata|                                                                                                         ; 0 (0)               ; 0 (0)                     ; 29344             ; 0          ; 0    ; 0            ; |toplevel_placa|top_level:top_level|top_proc_interp:top_proc_interp_inst|proc_interp:proc_interp_inst|processor:p_proc_interp|mem_data:mdata                                                                                                                                                                                                               ; mem_data                          ; work         ;
;                   |altsyncram:mem_rtl_0|                                                                                                ; 0 (0)               ; 0 (0)                     ; 29344             ; 0          ; 0    ; 0            ; |toplevel_placa|top_level:top_level|top_proc_interp:top_proc_interp_inst|proc_interp:proc_interp_inst|processor:p_proc_interp|mem_data:mdata|altsyncram:mem_rtl_0                                                                                                                                                                                          ; altsyncram                        ; work         ;
;                      |altsyncram_hgr1:auto_generated|                                                                                   ; 0 (0)               ; 0 (0)                     ; 29344             ; 0          ; 0    ; 0            ; |toplevel_placa|top_level:top_level|top_proc_interp:top_proc_interp_inst|proc_interp:proc_interp_inst|processor:p_proc_interp|mem_data:mdata|altsyncram:mem_rtl_0|altsyncram_hgr1:auto_generated                                                                                                                                                           ; altsyncram_hgr1                   ; work         ;
;                |mem_instr:minstr|                                                                                                       ; 0 (0)               ; 0 (0)                     ; 11203             ; 0          ; 0    ; 0            ; |toplevel_placa|top_level:top_level|top_proc_interp:top_proc_interp_inst|proc_interp:proc_interp_inst|processor:p_proc_interp|mem_instr:minstr                                                                                                                                                                                                             ; mem_instr                         ; work         ;
;                   |altsyncram:mem_rtl_0|                                                                                                ; 0 (0)               ; 0 (0)                     ; 11203             ; 0          ; 0    ; 0            ; |toplevel_placa|top_level:top_level|top_proc_interp:top_proc_interp_inst|proc_interp:proc_interp_inst|processor:p_proc_interp|mem_instr:minstr|altsyncram:mem_rtl_0                                                                                                                                                                                        ; altsyncram                        ; work         ;
;                      |altsyncram_qvc1:auto_generated|                                                                                   ; 0 (0)               ; 0 (0)                     ; 11203             ; 0          ; 0    ; 0            ; |toplevel_placa|top_level:top_level|top_proc_interp:top_proc_interp_inst|proc_interp:proc_interp_inst|processor:p_proc_interp|mem_instr:minstr|altsyncram:mem_rtl_0|altsyncram_qvc1:auto_generated                                                                                                                                                         ; altsyncram_qvc1                   ; work         ;
+-----------------------------------------------------------------------------------------------------------------------------------------+---------------------+---------------------------+-------------------+------------+------+--------------+------------------------------------------------------------------------------------------------------------------------------------------------------------------------------------------------------------------------------------------------------------------------------------------------------------------------------------------------------------+-----------------------------------+--------------+
Note: For table entries with two numbers listed, the numbers in parentheses indicate the number of resources of the given type used by the specific entity alone. The numbers listed outside of parentheses indicate the total resources of the given type used by the specific entity and all of its sub-entities in the hierarchy.


+----------------------------------------------------------------------------------------------------------------------------------------------------------------------------------------------------------------------------------------------------------------------------------------------------------------------------------------------------+
; Analysis & Synthesis RAM Summary                                                                                                                                                                                                                                                                                                                   ;
+-------------------------------------------------------------------------------------------------------------------------------------------------------------------------------------------------------+------+------------------+--------------+--------------+--------------+--------------+---------+--------------------------------------------+
; Name                                                                                                                                                                                                  ; Type ; Mode             ; Port A Depth ; Port A Width ; Port B Depth ; Port B Width ; Size    ; MIF                                        ;
+-------------------------------------------------------------------------------------------------------------------------------------------------------------------------------------------------------+------+------------------+--------------+--------------+--------------+--------------+---------+--------------------------------------------+
; sinal_memoria:comb_6|altsyncram:rom_rtl_0|altsyncram_ccd1:auto_generated|ALTSYNCRAM                                                                                                                   ; AUTO ; ROM              ; 256          ; 16           ; --           ; --           ; 4096    ; db/hpe.ram0_sinal_memoria_51fa24f1.hdl.mif ;
; sld_signaltap:auto_signaltap_0|sld_signaltap_impl:sld_signaltap_body|sld_signaltap_implb:sld_signaltap_body|altsyncram:\stp_non_zero_ram_gen:stp_buffer_ram|altsyncram_ol84:auto_generated|ALTSYNCRAM ; AUTO ; Simple Dual Port ; 65536        ; 56           ; 65536        ; 56           ; 3670016 ; None                                       ;
; top_level:top_level|myFIFO:FIFO16x32_inst_my|altsyncram:mem_rtl_0|altsyncram_smi1:auto_generated|ALTSYNCRAM                                                                                           ; AUTO ; Simple Dual Port ; 256          ; 32           ; 256          ; 32           ; 8192    ; None                                       ;
; top_level:top_level|top_proc_banco:top_proc_banco_inst|proc_banco:proc_banco_inst|processor:p_proc_banco|mem_data:mdata|altsyncram:mem_rtl_0|altsyncram_4kr1:auto_generated|ALTSYNCRAM                ; AUTO ; Simple Dual Port ; 5669         ; 32           ; 5669         ; 32           ; 181408  ; db/hpe.ram0_mem_data_5212d04b.hdl.mif      ;
; top_level:top_level|top_proc_banco:top_proc_banco_inst|proc_banco:proc_banco_inst|processor:p_proc_banco|mem_instr:minstr|altsyncram:mem_rtl_0|altsyncram_vvc1:auto_generated|ALTSYNCRAM              ; AUTO ; ROM              ; 369          ; 20           ; --           ; --           ; 7380    ; db/hpe.ram0_mem_instr_d55c1a92.hdl.mif     ;
; top_level:top_level|top_proc_interp:top_proc_interp_inst|proc_interp:proc_interp_inst|processor:p_proc_interp|mem_data:mdata|altsyncram:mem_rtl_0|altsyncram_hgr1:auto_generated|ALTSYNCRAM           ; AUTO ; Simple Dual Port ; 917          ; 32           ; 917          ; 32           ; 29344   ; db/hpe.ram0_mem_data_54405a1e.hdl.mif      ;
; top_level:top_level|top_proc_interp:top_proc_interp_inst|proc_interp:proc_interp_inst|processor:p_proc_interp|mem_instr:minstr|altsyncram:mem_rtl_0|altsyncram_qvc1:auto_generated|ALTSYNCRAM         ; AUTO ; ROM              ; 659          ; 17           ; --           ; --           ; 11203   ; db/hpe.ram0_mem_instr_c91d1b5.hdl.mif      ;
+-------------------------------------------------------------------------------------------------------------------------------------------------------------------------------------------------------+------+------------------+--------------+--------------+--------------+--------------+---------+--------------------------------------------+


+-------------------------------------------------+
; Analysis & Synthesis DSP Block Usage Summary    ;
+-----------------------------------+-------------+
; Statistic                         ; Number Used ;
+-----------------------------------+-------------+
; Two Independent 18x18             ; 1           ;
; Sum of two 18x18                  ; 1           ;
; Independent 27x27                 ; 2           ;
; Total number of DSP blocks        ; 4           ;
;                                   ;             ;
; Fixed Point Unsigned Multiplier   ; 3           ;
; Fixed Point Mixed Sign Multiplier ; 2           ;
+-----------------------------------+-------------+


+-----------------------------------------------------------------------------------------------------------------------------------------------------------------------------------------------------------------------------------------------------------------------------------------------------------------------------------------------------------------------+
; Analysis & Synthesis IP Cores Summary                                                                                                                                                                                                                                                                                                                                 ;
+--------+--------------+---------+--------------+--------------+-------------------------------------------------------------------------------------------------------------------------------------------------------------------------------------------------------------------------------------------------------------------------------------+-----------------+
; Vendor ; IP Core Name ; Version ; Release Date ; License Type ; Entity Instance                                                                                                                                                                                                                                                                     ; IP Include File ;
+--------+--------------+---------+--------------+--------------+-------------------------------------------------------------------------------------------------------------------------------------------------------------------------------------------------------------------------------------------------------------------------------------+-----------------+
; Altera ; Signal Tap   ; N/A     ; N/A          ; Licensed     ; |toplevel_placa|sld_hub:auto_hub|alt_sld_fab_with_jtag_input:\instrumentation_fabric_with_node_gen:fabric_gen_new_way:with_jtag_input_gen:instrumentation_fabric|alt_sld_fab:instrumentation_fabric                                                                                 ;                 ;
; Altera ; Signal Tap   ; N/A     ; N/A          ; Licensed     ; |toplevel_placa|sld_hub:auto_hub|alt_sld_fab_with_jtag_input:\instrumentation_fabric_with_node_gen:fabric_gen_new_way:with_jtag_input_gen:instrumentation_fabric|alt_sld_fab:instrumentation_fabric|alt_sld_fab_alt_sld_fab:alt_sld_fab                                             ;                 ;
; Altera ; Signal Tap   ; N/A     ; N/A          ; Licensed     ; |toplevel_placa|sld_hub:auto_hub|alt_sld_fab_with_jtag_input:\instrumentation_fabric_with_node_gen:fabric_gen_new_way:with_jtag_input_gen:instrumentation_fabric|alt_sld_fab:instrumentation_fabric|alt_sld_fab_alt_sld_fab:alt_sld_fab|alt_sld_fab_alt_sld_fab_presplit:presplit   ;                 ;
; Altera ; Signal Tap   ; N/A     ; N/A          ; Licensed     ; |toplevel_placa|sld_hub:auto_hub|alt_sld_fab_with_jtag_input:\instrumentation_fabric_with_node_gen:fabric_gen_new_way:with_jtag_input_gen:instrumentation_fabric|alt_sld_fab:instrumentation_fabric|alt_sld_fab_alt_sld_fab:alt_sld_fab|alt_sld_fab_alt_sld_fab_sldfabric:sldfabric ;                 ;
; Altera ; Signal Tap   ; N/A     ; N/A          ; Licensed     ; |toplevel_placa|sld_hub:auto_hub|alt_sld_fab_with_jtag_input:\instrumentation_fabric_with_node_gen:fabric_gen_new_way:with_jtag_input_gen:instrumentation_fabric|alt_sld_fab:instrumentation_fabric|alt_sld_fab_alt_sld_fab:alt_sld_fab|alt_sld_fab_alt_sld_fab_splitter:splitter   ;                 ;
; Altera ; altera_pll   ; 20.1    ; N/A          ; N/A          ; |toplevel_placa|pll:pll                                                                                                                                                                                                                                                             ; pll.v           ;
+--------+--------------+---------+--------------+--------------+-------------------------------------------------------------------------------------------------------------------------------------------------------------------------------------------------------------------------------------------------------------------------------------+-----------------+


Encoding Type: Safe One-Hot
+-------------------------------------------------------------------------------------------+
; State Machine - |toplevel_placa|top_level:top_level|maq_estados:apelido_maq_estados|state ;
+----------+----------+----------+----------+-----------------------------------------------+
; Name     ; state.S3 ; state.S2 ; state.S1 ; state.S0                                      ;
+----------+----------+----------+----------+-----------------------------------------------+
; state.S0 ; 0        ; 0        ; 0        ; 0                                             ;
; state.S1 ; 0        ; 0        ; 1        ; 1                                             ;
; state.S2 ; 0        ; 1        ; 0        ; 1                                             ;
; state.S3 ; 1        ; 0        ; 0        ; 1                                             ;
+----------+----------+----------+----------+-----------------------------------------------+


+------------------------------------------------------------------------------------------------------------------------------------------------------------------------------+
; Registers Protected by Synthesis                                                                                                                                             ;
+--------------------------------------------------------------+------------------------------------------------------------------+--------------------------------------------+
; Register Name                                                ; Protected by Synthesis Attribute or Preserve Register Assignment ; Not to be Touched by Netlist Optimizations ;
+--------------------------------------------------------------+------------------------------------------------------------------+--------------------------------------------+
; top_level:top_level|maq_estados:apelido_maq_estados|state.S2 ; no                                                               ; yes                                        ;
; top_level:top_level|maq_estados:apelido_maq_estados|state.S1 ; no                                                               ; yes                                        ;
; top_level:top_level|maq_estados:apelido_maq_estados|state.S0 ; no                                                               ; yes                                        ;
; top_level:top_level|maq_estados:apelido_maq_estados|state.S3 ; no                                                               ; yes                                        ;
; Total number of protected registers is 4                     ;                                                                  ;                                            ;
+--------------------------------------------------------------+------------------------------------------------------------------+--------------------------------------------+


+-----------------------------------------------------------------------------------------------------------------------------------------------------------------------------------------------------------------------------------------------------------------------------------------------------------------------------------------------------------------------------------------------+
; Registers Removed During Synthesis                                                                                                                                                                                                                                                                                                                                                            ;
+-----------------------------------------------------------------------------------------------------------------------------------------------------------------------------------------+-----------------------------------------------------------------------------------------------------------------------------------------------------------------------------------------------------+
; Register name                                                                                                                                                                           ; Reason for Removal                                                                                                                                                                                  ;
+-----------------------------------------------------------------------------------------------------------------------------------------------------------------------------------------+-----------------------------------------------------------------------------------------------------------------------------------------------------------------------------------------------------+
; top_level:top_level|top_proc_interp:top_proc_interp_inst|proc_interp:proc_interp_inst|processor:p_proc_interp|core:core|ula_in2_ctrl:uic2|ior[16..31]                                   ; Merged with top_level:top_level|top_proc_interp:top_proc_interp_inst|proc_interp:proc_interp_inst|processor:p_proc_interp|core:core|ula_in2_ctrl:uic2|ior[15]                                       ;
; top_level:top_level|maq_estados:apelido_maq_estados|state~7                                                                                                                             ; Lost fanout                                                                                                                                                                                         ;
; top_level:top_level|maq_estados:apelido_maq_estados|state~8                                                                                                                             ; Lost fanout                                                                                                                                                                                         ;
; top_level:top_level|maq_estados:apelido_maq_estados|state~9                                                                                                                             ; Lost fanout                                                                                                                                                                                         ;
; Total Number of Removed Registers = 19                                                                                                                                                  ;                                                                                                                                                                                                     ;
; sld_signaltap:auto_signaltap_0|sld_signaltap_impl:sld_signaltap_body|sld_signaltap_implb:sld_signaltap_body|segment_shift_clk_ena                                                       ; Merged with sld_signaltap:auto_signaltap_0|sld_signaltap_impl:sld_signaltap_body|sld_signaltap_implb:sld_signaltap_body|buffer_write_enable_delayed                                                 ;
; sld_signaltap:auto_signaltap_0|sld_signaltap_impl:sld_signaltap_body|sld_signaltap_implb:sld_signaltap_body|sld_buffer_manager:sld_buffer_manager_inst|\buffer_manager:offset_count[0]  ; Merged with sld_signaltap:auto_signaltap_0|sld_signaltap_impl:sld_signaltap_body|sld_signaltap_implb:sld_signaltap_body|sld_buffer_manager:sld_buffer_manager_inst|\buffer_manager:next_address[0]  ;
; sld_signaltap:auto_signaltap_0|sld_signaltap_impl:sld_signaltap_body|sld_signaltap_implb:sld_signaltap_body|sld_buffer_manager:sld_buffer_manager_inst|\buffer_manager:offset_count[1]  ; Merged with sld_signaltap:auto_signaltap_0|sld_signaltap_impl:sld_signaltap_body|sld_signaltap_implb:sld_signaltap_body|sld_buffer_manager:sld_buffer_manager_inst|\buffer_manager:next_address[1]  ;
; sld_signaltap:auto_signaltap_0|sld_signaltap_impl:sld_signaltap_body|sld_signaltap_implb:sld_signaltap_body|sld_buffer_manager:sld_buffer_manager_inst|\buffer_manager:offset_count[2]  ; Merged with sld_signaltap:auto_signaltap_0|sld_signaltap_impl:sld_signaltap_body|sld_signaltap_implb:sld_signaltap_body|sld_buffer_manager:sld_buffer_manager_inst|\buffer_manager:next_address[2]  ;
; sld_signaltap:auto_signaltap_0|sld_signaltap_impl:sld_signaltap_body|sld_signaltap_implb:sld_signaltap_body|sld_buffer_manager:sld_buffer_manager_inst|\buffer_manager:offset_count[3]  ; Merged with sld_signaltap:auto_signaltap_0|sld_signaltap_impl:sld_signaltap_body|sld_signaltap_implb:sld_signaltap_body|sld_buffer_manager:sld_buffer_manager_inst|\buffer_manager:next_address[3]  ;
; sld_signaltap:auto_signaltap_0|sld_signaltap_impl:sld_signaltap_body|sld_signaltap_implb:sld_signaltap_body|sld_buffer_manager:sld_buffer_manager_inst|\buffer_manager:offset_count[4]  ; Merged with sld_signaltap:auto_signaltap_0|sld_signaltap_impl:sld_signaltap_body|sld_signaltap_implb:sld_signaltap_body|sld_buffer_manager:sld_buffer_manager_inst|\buffer_manager:next_address[4]  ;
; sld_signaltap:auto_signaltap_0|sld_signaltap_impl:sld_signaltap_body|sld_signaltap_implb:sld_signaltap_body|sld_buffer_manager:sld_buffer_manager_inst|\buffer_manager:offset_count[5]  ; Merged with sld_signaltap:auto_signaltap_0|sld_signaltap_impl:sld_signaltap_body|sld_signaltap_implb:sld_signaltap_body|sld_buffer_manager:sld_buffer_manager_inst|\buffer_manager:next_address[5]  ;
; sld_signaltap:auto_signaltap_0|sld_signaltap_impl:sld_signaltap_body|sld_signaltap_implb:sld_signaltap_body|sld_buffer_manager:sld_buffer_manager_inst|\buffer_manager:offset_count[6]  ; Merged with sld_signaltap:auto_signaltap_0|sld_signaltap_impl:sld_signaltap_body|sld_signaltap_implb:sld_signaltap_body|sld_buffer_manager:sld_buffer_manager_inst|\buffer_manager:next_address[6]  ;
; sld_signaltap:auto_signaltap_0|sld_signaltap_impl:sld_signaltap_body|sld_signaltap_implb:sld_signaltap_body|sld_buffer_manager:sld_buffer_manager_inst|\buffer_manager:offset_count[7]  ; Merged with sld_signaltap:auto_signaltap_0|sld_signaltap_impl:sld_signaltap_body|sld_signaltap_implb:sld_signaltap_body|sld_buffer_manager:sld_buffer_manager_inst|\buffer_manager:next_address[7]  ;
; sld_signaltap:auto_signaltap_0|sld_signaltap_impl:sld_signaltap_body|sld_signaltap_implb:sld_signaltap_body|sld_buffer_manager:sld_buffer_manager_inst|\buffer_manager:offset_count[8]  ; Merged with sld_signaltap:auto_signaltap_0|sld_signaltap_impl:sld_signaltap_body|sld_signaltap_implb:sld_signaltap_body|sld_buffer_manager:sld_buffer_manager_inst|\buffer_manager:next_address[8]  ;
; sld_signaltap:auto_signaltap_0|sld_signaltap_impl:sld_signaltap_body|sld_signaltap_implb:sld_signaltap_body|sld_buffer_manager:sld_buffer_manager_inst|\buffer_manager:offset_count[9]  ; Merged with sld_signaltap:auto_signaltap_0|sld_signaltap_impl:sld_signaltap_body|sld_signaltap_implb:sld_signaltap_body|sld_buffer_manager:sld_buffer_manager_inst|\buffer_manager:next_address[9]  ;
; sld_signaltap:auto_signaltap_0|sld_signaltap_impl:sld_signaltap_body|sld_signaltap_implb:sld_signaltap_body|sld_buffer_manager:sld_buffer_manager_inst|\buffer_manager:offset_count[10] ; Merged with sld_signaltap:auto_signaltap_0|sld_signaltap_impl:sld_signaltap_body|sld_signaltap_implb:sld_signaltap_body|sld_buffer_manager:sld_buffer_manager_inst|\buffer_manager:next_address[10] ;
; sld_signaltap:auto_signaltap_0|sld_signaltap_impl:sld_signaltap_body|sld_signaltap_implb:sld_signaltap_body|sld_buffer_manager:sld_buffer_manager_inst|\buffer_manager:offset_count[11] ; Merged with sld_signaltap:auto_signaltap_0|sld_signaltap_impl:sld_signaltap_body|sld_signaltap_implb:sld_signaltap_body|sld_buffer_manager:sld_buffer_manager_inst|\buffer_manager:next_address[11] ;
; sld_signaltap:auto_signaltap_0|sld_signaltap_impl:sld_signaltap_body|sld_signaltap_implb:sld_signaltap_body|sld_buffer_manager:sld_buffer_manager_inst|\buffer_manager:offset_count[12] ; Merged with sld_signaltap:auto_signaltap_0|sld_signaltap_impl:sld_signaltap_body|sld_signaltap_implb:sld_signaltap_body|sld_buffer_manager:sld_buffer_manager_inst|\buffer_manager:next_address[12] ;
; sld_signaltap:auto_signaltap_0|sld_signaltap_impl:sld_signaltap_body|sld_signaltap_implb:sld_signaltap_body|sld_buffer_manager:sld_buffer_manager_inst|\buffer_manager:offset_count[13] ; Merged with sld_signaltap:auto_signaltap_0|sld_signaltap_impl:sld_signaltap_body|sld_signaltap_implb:sld_signaltap_body|sld_buffer_manager:sld_buffer_manager_inst|\buffer_manager:next_address[13] ;
; sld_signaltap:auto_signaltap_0|sld_signaltap_impl:sld_signaltap_body|sld_signaltap_implb:sld_signaltap_body|sld_buffer_manager:sld_buffer_manager_inst|\buffer_manager:offset_count[14] ; Merged with sld_signaltap:auto_signaltap_0|sld_signaltap_impl:sld_signaltap_body|sld_signaltap_implb:sld_signaltap_body|sld_buffer_manager:sld_buffer_manager_inst|\buffer_manager:next_address[14] ;
; sld_signaltap:auto_signaltap_0|sld_signaltap_impl:sld_signaltap_body|sld_signaltap_implb:sld_signaltap_body|sld_buffer_manager:sld_buffer_manager_inst|\buffer_manager:offset_count[15] ; Merged with sld_signaltap:auto_signaltap_0|sld_signaltap_impl:sld_signaltap_body|sld_signaltap_implb:sld_signaltap_body|sld_buffer_manager:sld_buffer_manager_inst|\buffer_manager:next_address[15] ;
; sld_signaltap:auto_signaltap_0|sld_signaltap_impl:sld_signaltap_body|sld_signaltap_implb:sld_signaltap_body|current_offset_delayed[0]                                                   ; Merged with sld_signaltap:auto_signaltap_0|sld_signaltap_impl:sld_signaltap_body|sld_signaltap_implb:sld_signaltap_body|buffer_write_address_delayed[0]                                             ;
; sld_signaltap:auto_signaltap_0|sld_signaltap_impl:sld_signaltap_body|sld_signaltap_implb:sld_signaltap_body|current_offset_delayed[1]                                                   ; Merged with sld_signaltap:auto_signaltap_0|sld_signaltap_impl:sld_signaltap_body|sld_signaltap_implb:sld_signaltap_body|buffer_write_address_delayed[1]                                             ;
; sld_signaltap:auto_signaltap_0|sld_signaltap_impl:sld_signaltap_body|sld_signaltap_implb:sld_signaltap_body|current_offset_delayed[2]                                                   ; Merged with sld_signaltap:auto_signaltap_0|sld_signaltap_impl:sld_signaltap_body|sld_signaltap_implb:sld_signaltap_body|buffer_write_address_delayed[2]                                             ;
; sld_signaltap:auto_signaltap_0|sld_signaltap_impl:sld_signaltap_body|sld_signaltap_implb:sld_signaltap_body|current_offset_delayed[3]                                                   ; Merged with sld_signaltap:auto_signaltap_0|sld_signaltap_impl:sld_signaltap_body|sld_signaltap_implb:sld_signaltap_body|buffer_write_address_delayed[3]                                             ;
; sld_signaltap:auto_signaltap_0|sld_signaltap_impl:sld_signaltap_body|sld_signaltap_implb:sld_signaltap_body|current_offset_delayed[4]                                                   ; Merged with sld_signaltap:auto_signaltap_0|sld_signaltap_impl:sld_signaltap_body|sld_signaltap_implb:sld_signaltap_body|buffer_write_address_delayed[4]                                             ;
; sld_signaltap:auto_signaltap_0|sld_signaltap_impl:sld_signaltap_body|sld_signaltap_implb:sld_signaltap_body|current_offset_delayed[5]                                                   ; Merged with sld_signaltap:auto_signaltap_0|sld_signaltap_impl:sld_signaltap_body|sld_signaltap_implb:sld_signaltap_body|buffer_write_address_delayed[5]                                             ;
; sld_signaltap:auto_signaltap_0|sld_signaltap_impl:sld_signaltap_body|sld_signaltap_implb:sld_signaltap_body|current_offset_delayed[6]                                                   ; Merged with sld_signaltap:auto_signaltap_0|sld_signaltap_impl:sld_signaltap_body|sld_signaltap_implb:sld_signaltap_body|buffer_write_address_delayed[6]                                             ;
; sld_signaltap:auto_signaltap_0|sld_signaltap_impl:sld_signaltap_body|sld_signaltap_implb:sld_signaltap_body|current_offset_delayed[7]                                                   ; Merged with sld_signaltap:auto_signaltap_0|sld_signaltap_impl:sld_signaltap_body|sld_signaltap_implb:sld_signaltap_body|buffer_write_address_delayed[7]                                             ;
; sld_signaltap:auto_signaltap_0|sld_signaltap_impl:sld_signaltap_body|sld_signaltap_implb:sld_signaltap_body|current_offset_delayed[8]                                                   ; Merged with sld_signaltap:auto_signaltap_0|sld_signaltap_impl:sld_signaltap_body|sld_signaltap_implb:sld_signaltap_body|buffer_write_address_delayed[8]                                             ;
; sld_signaltap:auto_signaltap_0|sld_signaltap_impl:sld_signaltap_body|sld_signaltap_implb:sld_signaltap_body|current_offset_delayed[9]                                                   ; Merged with sld_signaltap:auto_signaltap_0|sld_signaltap_impl:sld_signaltap_body|sld_signaltap_implb:sld_signaltap_body|buffer_write_address_delayed[9]                                             ;
; sld_signaltap:auto_signaltap_0|sld_signaltap_impl:sld_signaltap_body|sld_signaltap_implb:sld_signaltap_body|current_offset_delayed[10]                                                  ; Merged with sld_signaltap:auto_signaltap_0|sld_signaltap_impl:sld_signaltap_body|sld_signaltap_implb:sld_signaltap_body|buffer_write_address_delayed[10]                                            ;
; sld_signaltap:auto_signaltap_0|sld_signaltap_impl:sld_signaltap_body|sld_signaltap_implb:sld_signaltap_body|current_offset_delayed[11]                                                  ; Merged with sld_signaltap:auto_signaltap_0|sld_signaltap_impl:sld_signaltap_body|sld_signaltap_implb:sld_signaltap_body|buffer_write_address_delayed[11]                                            ;
; sld_signaltap:auto_signaltap_0|sld_signaltap_impl:sld_signaltap_body|sld_signaltap_implb:sld_signaltap_body|current_offset_delayed[12]                                                  ; Merged with sld_signaltap:auto_signaltap_0|sld_signaltap_impl:sld_signaltap_body|sld_signaltap_implb:sld_signaltap_body|buffer_write_address_delayed[12]                                            ;
; sld_signaltap:auto_signaltap_0|sld_signaltap_impl:sld_signaltap_body|sld_signaltap_implb:sld_signaltap_body|current_offset_delayed[13]                                                  ; Merged with sld_signaltap:auto_signaltap_0|sld_signaltap_impl:sld_signaltap_body|sld_signaltap_implb:sld_signaltap_body|buffer_write_address_delayed[13]                                            ;
; sld_signaltap:auto_signaltap_0|sld_signaltap_impl:sld_signaltap_body|sld_signaltap_implb:sld_signaltap_body|current_offset_delayed[14]                                                  ; Merged with sld_signaltap:auto_signaltap_0|sld_signaltap_impl:sld_signaltap_body|sld_signaltap_implb:sld_signaltap_body|buffer_write_address_delayed[14]                                            ;
; sld_signaltap:auto_signaltap_0|sld_signaltap_impl:sld_signaltap_body|sld_signaltap_implb:sld_signaltap_body|current_offset_delayed[15]                                                  ; Merged with sld_signaltap:auto_signaltap_0|sld_signaltap_impl:sld_signaltap_body|sld_signaltap_implb:sld_signaltap_body|buffer_write_address_delayed[15]                                            ;
; sld_signaltap:auto_signaltap_0|sld_signaltap_impl:sld_signaltap_body|sld_signaltap_implb:sld_signaltap_body|serial_crc_16:\tdo_crc_gen:tdo_crc_calc|lfsr[13..15]                        ; Stuck at GND due to stuck port data_in                                                                                                                                                              ;
; Total Number of Removed Registers = 36                                                                                                                                                  ;                                                                                                                                                                                                     ;
+-----------------------------------------------------------------------------------------------------------------------------------------------------------------------------------------+-----------------------------------------------------------------------------------------------------------------------------------------------------------------------------------------------------+


+----------------------------------------------------------------------------------------------------------------------------------------------------------------------------------------------------------------------------------------------------------------------------------------------------------------------------------------------------------+
; Removed Registers Triggering Further Register Optimizations                                                                                                                                                                                                                                                                                              ;
+--------------------------------------------------------------------------------------------------------------------------------------------------------------+---------------------------+---------------------------------------------------------------------------------------------------------------------------------------------------------------+
; Register name                                                                                                                                                ; Reason for Removal        ; Registers Removed due to This Register                                                                                                                        ;
+--------------------------------------------------------------------------------------------------------------------------------------------------------------+---------------------------+---------------------------------------------------------------------------------------------------------------------------------------------------------------+
; sld_signaltap:auto_signaltap_0|sld_signaltap_impl:sld_signaltap_body|sld_signaltap_implb:sld_signaltap_body|serial_crc_16:\tdo_crc_gen:tdo_crc_calc|lfsr[15] ; Stuck at GND              ; sld_signaltap:auto_signaltap_0|sld_signaltap_impl:sld_signaltap_body|sld_signaltap_implb:sld_signaltap_body|serial_crc_16:\tdo_crc_gen:tdo_crc_calc|lfsr[14], ;
;                                                                                                                                                              ; due to stuck port data_in ; sld_signaltap:auto_signaltap_0|sld_signaltap_impl:sld_signaltap_body|sld_signaltap_implb:sld_signaltap_body|serial_crc_16:\tdo_crc_gen:tdo_crc_calc|lfsr[13]  ;
+--------------------------------------------------------------------------------------------------------------------------------------------------------------+---------------------------+---------------------------------------------------------------------------------------------------------------------------------------------------------------+


+------------------------------------------------------+
; General Register Statistics                          ;
+----------------------------------------------+-------+
; Statistic                                    ; Value ;
+----------------------------------------------+-------+
; Total registers                              ; 2058  ;
; Number of registers using Synchronous Clear  ; 443   ;
; Number of registers using Synchronous Load   ; 262   ;
; Number of registers using Asynchronous Clear ; 566   ;
; Number of registers using Asynchronous Load  ; 0     ;
; Number of registers using Clock Enable       ; 1082  ;
; Number of registers using Preset             ; 0     ;
+----------------------------------------------+-------+


+-------------------------------------------------------------------------------------------------------------------------------------------------------------------------------------------------------------------------------------------------------------------------------------------------------------------------------------------+
; Inverted Register Statistics                                                                                                                                                                                                                                                                                                              ;
+---------------------------------------------------------------------------------------------------------------------------------------------------------------------------------------------------------------------------------------------------------------------------------------------------------------------------------+---------+
; Inverted Register                                                                                                                                                                                                                                                                                                               ; Fan out ;
+---------------------------------------------------------------------------------------------------------------------------------------------------------------------------------------------------------------------------------------------------------------------------------------------------------------------------------+---------+
; sld_hub:auto_hub|alt_sld_fab_with_jtag_input:\instrumentation_fabric_with_node_gen:fabric_gen_new_way:with_jtag_input_gen:instrumentation_fabric|alt_sld_fab:instrumentation_fabric|alt_sld_fab_alt_sld_fab:alt_sld_fab|alt_sld_fab_alt_sld_fab_sldfabric:sldfabric|sld_jtag_hub:\jtag_hub_gen:real_sld_jtag_hub|jtag_ir_reg[1] ; 3       ;
; sld_hub:auto_hub|alt_sld_fab_with_jtag_input:\instrumentation_fabric_with_node_gen:fabric_gen_new_way:with_jtag_input_gen:instrumentation_fabric|alt_sld_fab:instrumentation_fabric|alt_sld_fab_alt_sld_fab:alt_sld_fab|alt_sld_fab_alt_sld_fab_sldfabric:sldfabric|sld_jtag_hub:\jtag_hub_gen:real_sld_jtag_hub|jtag_ir_reg[2] ; 3       ;
; sld_signaltap:auto_signaltap_0|sld_signaltap_impl:sld_signaltap_body|sld_signaltap_implb:sld_signaltap_body|sld_buffer_manager:sld_buffer_manager_inst|modified_post_count[15]                                                                                                                                                  ; 1       ;
; sld_signaltap:auto_signaltap_0|sld_signaltap_impl:sld_signaltap_body|sld_signaltap_implb:sld_signaltap_body|sld_buffer_manager:sld_buffer_manager_inst|modified_post_count[16]                                                                                                                                                  ; 1       ;
; sld_signaltap:auto_signaltap_0|sld_signaltap_impl:sld_signaltap_body|sld_signaltap_implb:sld_signaltap_body|sld_buffer_manager:sld_buffer_manager_inst|modified_post_count[12]                                                                                                                                                  ; 1       ;
; sld_signaltap:auto_signaltap_0|sld_signaltap_impl:sld_signaltap_body|sld_signaltap_implb:sld_signaltap_body|sld_buffer_manager:sld_buffer_manager_inst|modified_post_count[13]                                                                                                                                                  ; 1       ;
; sld_signaltap:auto_signaltap_0|sld_signaltap_impl:sld_signaltap_body|sld_signaltap_implb:sld_signaltap_body|sld_buffer_manager:sld_buffer_manager_inst|modified_post_count[14]                                                                                                                                                  ; 1       ;
; sld_signaltap:auto_signaltap_0|sld_signaltap_impl:sld_signaltap_body|sld_signaltap_implb:sld_signaltap_body|sld_buffer_manager:sld_buffer_manager_inst|modified_post_count[9]                                                                                                                                                   ; 1       ;
; sld_signaltap:auto_signaltap_0|sld_signaltap_impl:sld_signaltap_body|sld_signaltap_implb:sld_signaltap_body|sld_buffer_manager:sld_buffer_manager_inst|modified_post_count[10]                                                                                                                                                  ; 1       ;
; sld_signaltap:auto_signaltap_0|sld_signaltap_impl:sld_signaltap_body|sld_signaltap_implb:sld_signaltap_body|sld_buffer_manager:sld_buffer_manager_inst|modified_post_count[11]                                                                                                                                                  ; 1       ;
; sld_signaltap:auto_signaltap_0|sld_signaltap_impl:sld_signaltap_body|sld_signaltap_implb:sld_signaltap_body|sld_buffer_manager:sld_buffer_manager_inst|modified_post_count[6]                                                                                                                                                   ; 1       ;
; sld_signaltap:auto_signaltap_0|sld_signaltap_impl:sld_signaltap_body|sld_signaltap_implb:sld_signaltap_body|sld_buffer_manager:sld_buffer_manager_inst|modified_post_count[7]                                                                                                                                                   ; 1       ;
; sld_signaltap:auto_signaltap_0|sld_signaltap_impl:sld_signaltap_body|sld_signaltap_implb:sld_signaltap_body|sld_buffer_manager:sld_buffer_manager_inst|modified_post_count[8]                                                                                                                                                   ; 1       ;
; sld_signaltap:auto_signaltap_0|sld_signaltap_impl:sld_signaltap_body|sld_signaltap_implb:sld_signaltap_body|sld_buffer_manager:sld_buffer_manager_inst|modified_post_count[0]                                                                                                                                                   ; 1       ;
; sld_signaltap:auto_signaltap_0|sld_signaltap_impl:sld_signaltap_body|sld_signaltap_implb:sld_signaltap_body|sld_buffer_manager:sld_buffer_manager_inst|modified_post_count[1]                                                                                                                                                   ; 1       ;
; sld_signaltap:auto_signaltap_0|sld_signaltap_impl:sld_signaltap_body|sld_signaltap_implb:sld_signaltap_body|sld_buffer_manager:sld_buffer_manager_inst|modified_post_count[2]                                                                                                                                                   ; 1       ;
; sld_signaltap:auto_signaltap_0|sld_signaltap_impl:sld_signaltap_body|sld_signaltap_implb:sld_signaltap_body|sld_buffer_manager:sld_buffer_manager_inst|modified_post_count[3]                                                                                                                                                   ; 1       ;
; sld_signaltap:auto_signaltap_0|sld_signaltap_impl:sld_signaltap_body|sld_signaltap_implb:sld_signaltap_body|sld_buffer_manager:sld_buffer_manager_inst|modified_post_count[4]                                                                                                                                                   ; 1       ;
; sld_signaltap:auto_signaltap_0|sld_signaltap_impl:sld_signaltap_body|sld_signaltap_implb:sld_signaltap_body|sld_buffer_manager:sld_buffer_manager_inst|modified_post_count[5]                                                                                                                                                   ; 1       ;
; Total number of inverted registers = 19                                                                                                                                                                                                                                                                                         ;         ;
+---------------------------------------------------------------------------------------------------------------------------------------------------------------------------------------------------------------------------------------------------------------------------------------------------------------------------------+---------+


+------------------------------------------------------------------------------------------------------------------------------------------------------------------------------------------------------------------------------------------------------------------------------------------------+
; Registers Packed Into Inferred Megafunctions                                                                                                                                                                                                                                                   ;
+----------------------------------------------------------------------------------------------------------------------------------------------+------------------------------------------------------------------------------------------------------------------------------------------+------+
; Register Name                                                                                                                                ; Megafunction                                                                                                                             ; Type ;
+----------------------------------------------------------------------------------------------------------------------------------------------+------------------------------------------------------------------------------------------------------------------------------------------+------+
; top_level:top_level|top_proc_banco:top_proc_banco_inst|proc_banco:proc_banco_inst|processor:p_proc_banco|mem_data:mdata|data_out[0..31]      ; top_level:top_level|top_proc_banco:top_proc_banco_inst|proc_banco:proc_banco_inst|processor:p_proc_banco|mem_data:mdata|mem_rtl_0        ; RAM  ;
; top_level:top_level|top_proc_banco:top_proc_banco_inst|proc_banco:proc_banco_inst|processor:p_proc_banco|mem_instr:minstr|data[0..19]        ; top_level:top_level|top_proc_banco:top_proc_banco_inst|proc_banco:proc_banco_inst|processor:p_proc_banco|mem_instr:minstr|mem_rtl_0      ; RAM  ;
; top_level:top_level|top_proc_interp:top_proc_interp_inst|proc_interp:proc_interp_inst|processor:p_proc_interp|mem_data:mdata|data_out[0..31] ; top_level:top_level|top_proc_interp:top_proc_interp_inst|proc_interp:proc_interp_inst|processor:p_proc_interp|mem_data:mdata|mem_rtl_0   ; RAM  ;
; top_level:top_level|top_proc_interp:top_proc_interp_inst|proc_interp:proc_interp_inst|processor:p_proc_interp|mem_instr:minstr|data[0..16]   ; top_level:top_level|top_proc_interp:top_proc_interp_inst|proc_interp:proc_interp_inst|processor:p_proc_interp|mem_instr:minstr|mem_rtl_0 ; RAM  ;
; sinal_memoria:comb_6|signal[0..15]                                                                                                           ; sinal_memoria:comb_6|rom_rtl_0                                                                                                           ; RAM  ;
+----------------------------------------------------------------------------------------------------------------------------------------------+------------------------------------------------------------------------------------------------------------------------------------------+------+


+----------------------------------------------------------------------------------------------------------------------------+
; Registers Added for RAM Pass-Through Logic                                                                                 ;
+-------------------------------------------------------------------+--------------------------------------------------------+
; Register Name                                                     ; RAM Name                                               ;
+-------------------------------------------------------------------+--------------------------------------------------------+
; top_level:top_level|myFIFO:FIFO16x32_inst_my|mem_rtl_0_bypass[0]  ; top_level:top_level|myFIFO:FIFO16x32_inst_my|mem_rtl_0 ;
; top_level:top_level|myFIFO:FIFO16x32_inst_my|mem_rtl_0_bypass[1]  ; top_level:top_level|myFIFO:FIFO16x32_inst_my|mem_rtl_0 ;
; top_level:top_level|myFIFO:FIFO16x32_inst_my|mem_rtl_0_bypass[2]  ; top_level:top_level|myFIFO:FIFO16x32_inst_my|mem_rtl_0 ;
; top_level:top_level|myFIFO:FIFO16x32_inst_my|mem_rtl_0_bypass[3]  ; top_level:top_level|myFIFO:FIFO16x32_inst_my|mem_rtl_0 ;
; top_level:top_level|myFIFO:FIFO16x32_inst_my|mem_rtl_0_bypass[4]  ; top_level:top_level|myFIFO:FIFO16x32_inst_my|mem_rtl_0 ;
; top_level:top_level|myFIFO:FIFO16x32_inst_my|mem_rtl_0_bypass[5]  ; top_level:top_level|myFIFO:FIFO16x32_inst_my|mem_rtl_0 ;
; top_level:top_level|myFIFO:FIFO16x32_inst_my|mem_rtl_0_bypass[6]  ; top_level:top_level|myFIFO:FIFO16x32_inst_my|mem_rtl_0 ;
; top_level:top_level|myFIFO:FIFO16x32_inst_my|mem_rtl_0_bypass[7]  ; top_level:top_level|myFIFO:FIFO16x32_inst_my|mem_rtl_0 ;
; top_level:top_level|myFIFO:FIFO16x32_inst_my|mem_rtl_0_bypass[8]  ; top_level:top_level|myFIFO:FIFO16x32_inst_my|mem_rtl_0 ;
; top_level:top_level|myFIFO:FIFO16x32_inst_my|mem_rtl_0_bypass[9]  ; top_level:top_level|myFIFO:FIFO16x32_inst_my|mem_rtl_0 ;
; top_level:top_level|myFIFO:FIFO16x32_inst_my|mem_rtl_0_bypass[10] ; top_level:top_level|myFIFO:FIFO16x32_inst_my|mem_rtl_0 ;
; top_level:top_level|myFIFO:FIFO16x32_inst_my|mem_rtl_0_bypass[11] ; top_level:top_level|myFIFO:FIFO16x32_inst_my|mem_rtl_0 ;
; top_level:top_level|myFIFO:FIFO16x32_inst_my|mem_rtl_0_bypass[12] ; top_level:top_level|myFIFO:FIFO16x32_inst_my|mem_rtl_0 ;
; top_level:top_level|myFIFO:FIFO16x32_inst_my|mem_rtl_0_bypass[13] ; top_level:top_level|myFIFO:FIFO16x32_inst_my|mem_rtl_0 ;
; top_level:top_level|myFIFO:FIFO16x32_inst_my|mem_rtl_0_bypass[14] ; top_level:top_level|myFIFO:FIFO16x32_inst_my|mem_rtl_0 ;
; top_level:top_level|myFIFO:FIFO16x32_inst_my|mem_rtl_0_bypass[15] ; top_level:top_level|myFIFO:FIFO16x32_inst_my|mem_rtl_0 ;
; top_level:top_level|myFIFO:FIFO16x32_inst_my|mem_rtl_0_bypass[16] ; top_level:top_level|myFIFO:FIFO16x32_inst_my|mem_rtl_0 ;
; top_level:top_level|myFIFO:FIFO16x32_inst_my|mem_rtl_0_bypass[17] ; top_level:top_level|myFIFO:FIFO16x32_inst_my|mem_rtl_0 ;
; top_level:top_level|myFIFO:FIFO16x32_inst_my|mem_rtl_0_bypass[18] ; top_level:top_level|myFIFO:FIFO16x32_inst_my|mem_rtl_0 ;
; top_level:top_level|myFIFO:FIFO16x32_inst_my|mem_rtl_0_bypass[19] ; top_level:top_level|myFIFO:FIFO16x32_inst_my|mem_rtl_0 ;
; top_level:top_level|myFIFO:FIFO16x32_inst_my|mem_rtl_0_bypass[20] ; top_level:top_level|myFIFO:FIFO16x32_inst_my|mem_rtl_0 ;
; top_level:top_level|myFIFO:FIFO16x32_inst_my|mem_rtl_0_bypass[21] ; top_level:top_level|myFIFO:FIFO16x32_inst_my|mem_rtl_0 ;
; top_level:top_level|myFIFO:FIFO16x32_inst_my|mem_rtl_0_bypass[22] ; top_level:top_level|myFIFO:FIFO16x32_inst_my|mem_rtl_0 ;
; top_level:top_level|myFIFO:FIFO16x32_inst_my|mem_rtl_0_bypass[23] ; top_level:top_level|myFIFO:FIFO16x32_inst_my|mem_rtl_0 ;
; top_level:top_level|myFIFO:FIFO16x32_inst_my|mem_rtl_0_bypass[24] ; top_level:top_level|myFIFO:FIFO16x32_inst_my|mem_rtl_0 ;
; top_level:top_level|myFIFO:FIFO16x32_inst_my|mem_rtl_0_bypass[25] ; top_level:top_level|myFIFO:FIFO16x32_inst_my|mem_rtl_0 ;
; top_level:top_level|myFIFO:FIFO16x32_inst_my|mem_rtl_0_bypass[26] ; top_level:top_level|myFIFO:FIFO16x32_inst_my|mem_rtl_0 ;
; top_level:top_level|myFIFO:FIFO16x32_inst_my|mem_rtl_0_bypass[27] ; top_level:top_level|myFIFO:FIFO16x32_inst_my|mem_rtl_0 ;
; top_level:top_level|myFIFO:FIFO16x32_inst_my|mem_rtl_0_bypass[28] ; top_level:top_level|myFIFO:FIFO16x32_inst_my|mem_rtl_0 ;
; top_level:top_level|myFIFO:FIFO16x32_inst_my|mem_rtl_0_bypass[29] ; top_level:top_level|myFIFO:FIFO16x32_inst_my|mem_rtl_0 ;
; top_level:top_level|myFIFO:FIFO16x32_inst_my|mem_rtl_0_bypass[30] ; top_level:top_level|myFIFO:FIFO16x32_inst_my|mem_rtl_0 ;
; top_level:top_level|myFIFO:FIFO16x32_inst_my|mem_rtl_0_bypass[31] ; top_level:top_level|myFIFO:FIFO16x32_inst_my|mem_rtl_0 ;
; top_level:top_level|myFIFO:FIFO16x32_inst_my|mem_rtl_0_bypass[32] ; top_level:top_level|myFIFO:FIFO16x32_inst_my|mem_rtl_0 ;
; top_level:top_level|myFIFO:FIFO16x32_inst_my|mem_rtl_0_bypass[33] ; top_level:top_level|myFIFO:FIFO16x32_inst_my|mem_rtl_0 ;
; top_level:top_level|myFIFO:FIFO16x32_inst_my|mem_rtl_0_bypass[34] ; top_level:top_level|myFIFO:FIFO16x32_inst_my|mem_rtl_0 ;
; top_level:top_level|myFIFO:FIFO16x32_inst_my|mem_rtl_0_bypass[35] ; top_level:top_level|myFIFO:FIFO16x32_inst_my|mem_rtl_0 ;
; top_level:top_level|myFIFO:FIFO16x32_inst_my|mem_rtl_0_bypass[36] ; top_level:top_level|myFIFO:FIFO16x32_inst_my|mem_rtl_0 ;
; top_level:top_level|myFIFO:FIFO16x32_inst_my|mem_rtl_0_bypass[37] ; top_level:top_level|myFIFO:FIFO16x32_inst_my|mem_rtl_0 ;
; top_level:top_level|myFIFO:FIFO16x32_inst_my|mem_rtl_0_bypass[38] ; top_level:top_level|myFIFO:FIFO16x32_inst_my|mem_rtl_0 ;
; top_level:top_level|myFIFO:FIFO16x32_inst_my|mem_rtl_0_bypass[39] ; top_level:top_level|myFIFO:FIFO16x32_inst_my|mem_rtl_0 ;
; top_level:top_level|myFIFO:FIFO16x32_inst_my|mem_rtl_0_bypass[40] ; top_level:top_level|myFIFO:FIFO16x32_inst_my|mem_rtl_0 ;
; top_level:top_level|myFIFO:FIFO16x32_inst_my|mem_rtl_0_bypass[41] ; top_level:top_level|myFIFO:FIFO16x32_inst_my|mem_rtl_0 ;
; top_level:top_level|myFIFO:FIFO16x32_inst_my|mem_rtl_0_bypass[42] ; top_level:top_level|myFIFO:FIFO16x32_inst_my|mem_rtl_0 ;
; top_level:top_level|myFIFO:FIFO16x32_inst_my|mem_rtl_0_bypass[43] ; top_level:top_level|myFIFO:FIFO16x32_inst_my|mem_rtl_0 ;
; top_level:top_level|myFIFO:FIFO16x32_inst_my|mem_rtl_0_bypass[44] ; top_level:top_level|myFIFO:FIFO16x32_inst_my|mem_rtl_0 ;
; top_level:top_level|myFIFO:FIFO16x32_inst_my|mem_rtl_0_bypass[45] ; top_level:top_level|myFIFO:FIFO16x32_inst_my|mem_rtl_0 ;
; top_level:top_level|myFIFO:FIFO16x32_inst_my|mem_rtl_0_bypass[46] ; top_level:top_level|myFIFO:FIFO16x32_inst_my|mem_rtl_0 ;
; top_level:top_level|myFIFO:FIFO16x32_inst_my|mem_rtl_0_bypass[47] ; top_level:top_level|myFIFO:FIFO16x32_inst_my|mem_rtl_0 ;
; top_level:top_level|myFIFO:FIFO16x32_inst_my|mem_rtl_0_bypass[48] ; top_level:top_level|myFIFO:FIFO16x32_inst_my|mem_rtl_0 ;
+-------------------------------------------------------------------+--------------------------------------------------------+


+----------------------------------------------------------------------------------------------------------------------------------------------------------------------------------------------------------------------------------------------------------------------------------------------------------------------------------------------------------------------------------------------------------------------------------------------------------------------------------------+
; Multiplexer Restructuring Statistics (Restructuring Performed)                                                                                                                                                                                                                                                                                                                                                                                                                         ;
+--------------------+-----------+---------------+----------------------+------------------------+------------+--------------------------------------------------------------------------------------------------------------------------------------------------------------------------------------------------------------------------------------------------------------------------------------------------------------------------------------------------------------------------+
; Multiplexer Inputs ; Bus Width ; Baseline Area ; Area if Restructured ; Saving if Restructured ; Registered ; Example Multiplexer Output                                                                                                                                                                                                                                                                                                                                               ;
+--------------------+-----------+---------------+----------------------+------------------------+------------+--------------------------------------------------------------------------------------------------------------------------------------------------------------------------------------------------------------------------------------------------------------------------------------------------------------------------------------------------------------------------+
; 3:1                ; 32 bits   ; 64 LEs        ; 0 LEs                ; 64 LEs                 ; Yes        ; |toplevel_placa|top_level:top_level|top_proc_interp:top_proc_interp_inst|out0[4]                                                                                                                                                                                                                                                                                         ;
; 3:1                ; 8 bits    ; 16 LEs        ; 0 LEs                ; 16 LEs                 ; Yes        ; |toplevel_placa|top_level:top_level|myFIFO:FIFO16x32_inst_my|addr_w[2]                                                                                                                                                                                                                                                                                                   ;
; 3:1                ; 32 bits   ; 64 LEs        ; 0 LEs                ; 64 LEs                 ; Yes        ; |toplevel_placa|top_level:top_level|top_proc_interp:top_proc_interp_inst|out4[25]                                                                                                                                                                                                                                                                                        ;
; 3:1                ; 32 bits   ; 64 LEs        ; 0 LEs                ; 64 LEs                 ; Yes        ; |toplevel_placa|top_level:top_level|top_proc_interp:top_proc_interp_inst|out3[29]                                                                                                                                                                                                                                                                                        ;
; 3:1                ; 32 bits   ; 64 LEs        ; 0 LEs                ; 64 LEs                 ; Yes        ; |toplevel_placa|top_level:top_level|top_proc_interp:top_proc_interp_inst|out2[18]                                                                                                                                                                                                                                                                                        ;
; 3:1                ; 32 bits   ; 64 LEs        ; 0 LEs                ; 64 LEs                 ; Yes        ; |toplevel_placa|top_level:top_level|top_proc_interp:top_proc_interp_inst|out1[8]                                                                                                                                                                                                                                                                                         ;
; 3:1                ; 32 bits   ; 64 LEs        ; 0 LEs                ; 64 LEs                 ; Yes        ; |toplevel_placa|top_level:top_level|top_proc_banco:top_proc_banco_inst|out0[12]                                                                                                                                                                                                                                                                                          ;
; 3:1                ; 2 bits    ; 4 LEs         ; 2 LEs                ; 2 LEs                  ; Yes        ; |toplevel_placa|top_level:top_level|top_proc_banco:top_proc_banco_inst|proc_banco:proc_banco_inst|processor:p_proc_banco|core:core|stack:sp|pointer[2]                                                                                                                                                                                                                   ;
; 3:1                ; 32 bits   ; 64 LEs        ; 0 LEs                ; 64 LEs                 ; Yes        ; |toplevel_placa|top_level:top_level|top_proc_banco:top_proc_banco_inst|proc_banco:proc_banco_inst|processor:p_proc_banco|core:core|ula_in2_ctrl:uic2|ior[20]                                                                                                                                                                                                             ;
; 3:1                ; 2 bits    ; 4 LEs         ; 2 LEs                ; 2 LEs                  ; Yes        ; |toplevel_placa|top_level:top_level|top_proc_interp:top_proc_interp_inst|proc_interp:proc_interp_inst|processor:p_proc_interp|core:core|stack:sp|pointer[2]                                                                                                                                                                                                              ;
; 3:1                ; 9 bits    ; 18 LEs        ; 18 LEs               ; 0 LEs                  ; No         ; |toplevel_placa|top_level:top_level|top_proc_banco:top_proc_banco_inst|proc_banco:proc_banco_inst|processor:p_proc_banco|core:core|instr_fetch:instr_fetch|pc:pc|val[8]                                                                                                                                                                                                  ;
; 3:1                ; 10 bits   ; 20 LEs        ; 20 LEs               ; 0 LEs                  ; No         ; |toplevel_placa|top_level:top_level|top_proc_interp:top_proc_interp_inst|proc_interp:proc_interp_inst|processor:p_proc_interp|core:core|instr_fetch:instr_fetch|pc:pc|val[0]                                                                                                                                                                                             ;
; 3:1                ; 2 bits    ; 4 LEs         ; 4 LEs                ; 0 LEs                  ; No         ; |toplevel_placa|top_level:top_level|top_proc_banco:top_proc_banco_inst|proc_banco:proc_banco_inst|processor:p_proc_banco|core:core|ula:ula|ula_f2i:my_f2i|ShiftLeft0                                                                                                                                                                                                     ;
; 4:1                ; 2 bits    ; 4 LEs         ; 4 LEs                ; 0 LEs                  ; No         ; |toplevel_placa|top_level:top_level|top_proc_banco:top_proc_banco_inst|proc_banco:proc_banco_inst|processor:p_proc_banco|core:core|ula:ula|ula_f2i:my_f2i|ShiftLeft0                                                                                                                                                                                                     ;
; 4:1                ; 36 bits   ; 72 LEs        ; 72 LEs               ; 0 LEs                  ; No         ; |toplevel_placa|top_level:top_level|top_proc_banco:top_proc_banco_inst|proc_banco:proc_banco_inst|processor:p_proc_banco|core:core|ula:ula|ula_f2i:my_f2i|ShiftRight0                                                                                                                                                                                                    ;
; 4:1                ; 5 bits    ; 10 LEs        ; 10 LEs               ; 0 LEs                  ; No         ; |toplevel_placa|top_level:top_level|top_proc_banco:top_proc_banco_inst|proc_banco:proc_banco_inst|processor:p_proc_banco|core:core|ula:ula|ula_f2i:my_f2i|ShiftRight0                                                                                                                                                                                                    ;
; 4:1                ; 2 bits    ; 4 LEs         ; 4 LEs                ; 0 LEs                  ; No         ; |toplevel_placa|top_level:top_level|top_proc_banco:top_proc_banco_inst|proc_banco:proc_banco_inst|processor:p_proc_banco|core:core|ula:ula|ula_f2i:my_f2i|ShiftLeft0                                                                                                                                                                                                     ;
; 4:1                ; 2 bits    ; 4 LEs         ; 4 LEs                ; 0 LEs                  ; No         ; |toplevel_placa|top_level:top_level|top_proc_banco:top_proc_banco_inst|proc_banco:proc_banco_inst|processor:p_proc_banco|core:core|ula:ula|ula_f2i:my_f2i|ShiftLeft0                                                                                                                                                                                                     ;
; 3:1                ; 2 bits    ; 4 LEs         ; 4 LEs                ; 0 LEs                  ; No         ; |toplevel_placa|top_level:top_level|top_proc_banco:top_proc_banco_inst|proc_banco:proc_banco_inst|processor:p_proc_banco|core:core|ula:ula|ula_f2i:my_f2i|ShiftLeft0                                                                                                                                                                                                     ;
; 4:1                ; 2 bits    ; 4 LEs         ; 4 LEs                ; 0 LEs                  ; No         ; |toplevel_placa|top_level:top_level|top_proc_banco:top_proc_banco_inst|proc_banco:proc_banco_inst|processor:p_proc_banco|core:core|ula:ula|ula_f2i:my_f2i|ShiftLeft0                                                                                                                                                                                                     ;
; 4:1                ; 2 bits    ; 4 LEs         ; 4 LEs                ; 0 LEs                  ; No         ; |toplevel_placa|top_level:top_level|top_proc_banco:top_proc_banco_inst|proc_banco:proc_banco_inst|processor:p_proc_banco|core:core|ula:ula|ula_f2i:my_f2i|ShiftLeft0                                                                                                                                                                                                     ;
; 4:1                ; 16 bits   ; 32 LEs        ; 32 LEs               ; 0 LEs                  ; No         ; |toplevel_placa|top_level:top_level|top_proc_banco:top_proc_banco_inst|proc_banco:proc_banco_inst|processor:p_proc_banco|core:core|ula:ula|ula_denorm:denorm|ShiftRight0                                                                                                                                                                                                 ;
; 4:1                ; 3 bits    ; 6 LEs         ; 6 LEs                ; 0 LEs                  ; No         ; |toplevel_placa|top_level:top_level|top_proc_banco:top_proc_banco_inst|proc_banco:proc_banco_inst|processor:p_proc_banco|core:core|ula:ula|ula_denorm:denorm|ShiftRight0                                                                                                                                                                                                 ;
; 3:1                ; 7 bits    ; 14 LEs        ; 14 LEs               ; 0 LEs                  ; No         ; |toplevel_placa|top_level:top_level|top_proc_banco:top_proc_banco_inst|proc_banco:proc_banco_inst|processor:p_proc_banco|core:core|ula:ula|ula_denorm:denorm|ShiftRight0                                                                                                                                                                                                 ;
; 4:1                ; 16 bits   ; 32 LEs        ; 32 LEs               ; 0 LEs                  ; No         ; |toplevel_placa|top_level:top_level|top_proc_banco:top_proc_banco_inst|proc_banco:proc_banco_inst|processor:p_proc_banco|core:core|ula:ula|ula_denorm:denorm|ShiftRight1                                                                                                                                                                                                 ;
; 4:1                ; 3 bits    ; 6 LEs         ; 6 LEs                ; 0 LEs                  ; No         ; |toplevel_placa|top_level:top_level|top_proc_banco:top_proc_banco_inst|proc_banco:proc_banco_inst|processor:p_proc_banco|core:core|ula:ula|ula_denorm:denorm|ShiftRight1                                                                                                                                                                                                 ;
; 3:1                ; 7 bits    ; 14 LEs        ; 14 LEs               ; 0 LEs                  ; No         ; |toplevel_placa|top_level:top_level|top_proc_banco:top_proc_banco_inst|proc_banco:proc_banco_inst|processor:p_proc_banco|core:core|ula:ula|ula_denorm:denorm|ShiftRight1                                                                                                                                                                                                 ;
; 4:1                ; 16 bits   ; 32 LEs        ; 32 LEs               ; 0 LEs                  ; No         ; |toplevel_placa|top_level:top_level|top_proc_banco:top_proc_banco_inst|proc_banco:proc_banco_inst|processor:p_proc_banco|core:core|ula:ula|norm_mux:norm_mux|ula_norm:ula_norm|ShiftLeft0                                                                                                                                                                                ;
; 4:1                ; 3 bits    ; 6 LEs         ; 6 LEs                ; 0 LEs                  ; No         ; |toplevel_placa|top_level:top_level|top_proc_banco:top_proc_banco_inst|proc_banco:proc_banco_inst|processor:p_proc_banco|core:core|ula:ula|norm_mux:norm_mux|ula_norm:ula_norm|ShiftLeft0                                                                                                                                                                                ;
; 3:1                ; 9 bits    ; 18 LEs        ; 18 LEs               ; 0 LEs                  ; No         ; |toplevel_placa|top_level:top_level|top_proc_banco:top_proc_banco_inst|proc_banco:proc_banco_inst|processor:p_proc_banco|core:core|instr_fetch:instr_fetch|prefetch:pf|instr_addr[0]                                                                                                                                                                                     ;
; 3:1                ; 8 bits    ; 16 LEs        ; 16 LEs               ; 0 LEs                  ; No         ; |toplevel_placa|top_level:top_level|myFIFO:FIFO16x32_inst_my|addr_r                                                                                                                                                                                                                                                                                                      ;
; 3:1                ; 2 bits    ; 4 LEs         ; 4 LEs                ; 0 LEs                  ; No         ; |toplevel_placa|top_level:top_level|top_proc_interp:top_proc_interp_inst|proc_interp:proc_interp_inst|processor:p_proc_interp|core:core|ula:ula|ula_f2i:my_f2i|ShiftRight0                                                                                                                                                                                               ;
; 4:1                ; 2 bits    ; 4 LEs         ; 4 LEs                ; 0 LEs                  ; No         ; |toplevel_placa|top_level:top_level|top_proc_interp:top_proc_interp_inst|proc_interp:proc_interp_inst|processor:p_proc_interp|core:core|ula:ula|ula_f2i:my_f2i|ShiftLeft0                                                                                                                                                                                                ;
; 4:1                ; 36 bits   ; 72 LEs        ; 72 LEs               ; 0 LEs                  ; No         ; |toplevel_placa|top_level:top_level|top_proc_interp:top_proc_interp_inst|proc_interp:proc_interp_inst|processor:p_proc_interp|core:core|ula:ula|ula_f2i:my_f2i|ShiftLeft0                                                                                                                                                                                                ;
; 4:1                ; 5 bits    ; 10 LEs        ; 10 LEs               ; 0 LEs                  ; No         ; |toplevel_placa|top_level:top_level|top_proc_interp:top_proc_interp_inst|proc_interp:proc_interp_inst|processor:p_proc_interp|core:core|ula:ula|ula_f2i:my_f2i|ShiftRight0                                                                                                                                                                                               ;
; 4:1                ; 2 bits    ; 4 LEs         ; 4 LEs                ; 0 LEs                  ; No         ; |toplevel_placa|top_level:top_level|top_proc_interp:top_proc_interp_inst|proc_interp:proc_interp_inst|processor:p_proc_interp|core:core|ula:ula|ula_f2i:my_f2i|ShiftLeft0                                                                                                                                                                                                ;
; 4:1                ; 2 bits    ; 4 LEs         ; 4 LEs                ; 0 LEs                  ; No         ; |toplevel_placa|top_level:top_level|top_proc_interp:top_proc_interp_inst|proc_interp:proc_interp_inst|processor:p_proc_interp|core:core|ula:ula|ula_f2i:my_f2i|ShiftLeft0                                                                                                                                                                                                ;
; 3:1                ; 2 bits    ; 4 LEs         ; 4 LEs                ; 0 LEs                  ; No         ; |toplevel_placa|top_level:top_level|top_proc_interp:top_proc_interp_inst|proc_interp:proc_interp_inst|processor:p_proc_interp|core:core|ula:ula|ula_f2i:my_f2i|ShiftLeft0                                                                                                                                                                                                ;
; 4:1                ; 2 bits    ; 4 LEs         ; 4 LEs                ; 0 LEs                  ; No         ; |toplevel_placa|top_level:top_level|top_proc_interp:top_proc_interp_inst|proc_interp:proc_interp_inst|processor:p_proc_interp|core:core|ula:ula|ula_f2i:my_f2i|ShiftLeft0                                                                                                                                                                                                ;
; 4:1                ; 2 bits    ; 4 LEs         ; 4 LEs                ; 0 LEs                  ; No         ; |toplevel_placa|top_level:top_level|top_proc_interp:top_proc_interp_inst|proc_interp:proc_interp_inst|processor:p_proc_interp|core:core|ula:ula|ula_f2i:my_f2i|ShiftLeft0                                                                                                                                                                                                ;
; 4:1                ; 16 bits   ; 32 LEs        ; 32 LEs               ; 0 LEs                  ; No         ; |toplevel_placa|top_level:top_level|top_proc_interp:top_proc_interp_inst|proc_interp:proc_interp_inst|processor:p_proc_interp|core:core|ula:ula|ula_denorm:denorm|ShiftRight0                                                                                                                                                                                            ;
; 4:1                ; 3 bits    ; 6 LEs         ; 6 LEs                ; 0 LEs                  ; No         ; |toplevel_placa|top_level:top_level|top_proc_interp:top_proc_interp_inst|proc_interp:proc_interp_inst|processor:p_proc_interp|core:core|ula:ula|ula_denorm:denorm|ShiftRight0                                                                                                                                                                                            ;
; 3:1                ; 7 bits    ; 14 LEs        ; 14 LEs               ; 0 LEs                  ; No         ; |toplevel_placa|top_level:top_level|top_proc_interp:top_proc_interp_inst|proc_interp:proc_interp_inst|processor:p_proc_interp|core:core|ula:ula|ula_denorm:denorm|ShiftRight0                                                                                                                                                                                            ;
; 4:1                ; 16 bits   ; 32 LEs        ; 32 LEs               ; 0 LEs                  ; No         ; |toplevel_placa|top_level:top_level|top_proc_interp:top_proc_interp_inst|proc_interp:proc_interp_inst|processor:p_proc_interp|core:core|ula:ula|ula_denorm:denorm|ShiftRight1                                                                                                                                                                                            ;
; 4:1                ; 3 bits    ; 6 LEs         ; 6 LEs                ; 0 LEs                  ; No         ; |toplevel_placa|top_level:top_level|top_proc_interp:top_proc_interp_inst|proc_interp:proc_interp_inst|processor:p_proc_interp|core:core|ula:ula|ula_denorm:denorm|ShiftRight1                                                                                                                                                                                            ;
; 3:1                ; 7 bits    ; 14 LEs        ; 14 LEs               ; 0 LEs                  ; No         ; |toplevel_placa|top_level:top_level|top_proc_interp:top_proc_interp_inst|proc_interp:proc_interp_inst|processor:p_proc_interp|core:core|ula:ula|ula_denorm:denorm|ShiftRight1                                                                                                                                                                                            ;
; 4:1                ; 16 bits   ; 32 LEs        ; 32 LEs               ; 0 LEs                  ; No         ; |toplevel_placa|top_level:top_level|top_proc_interp:top_proc_interp_inst|proc_interp:proc_interp_inst|processor:p_proc_interp|core:core|ula:ula|norm_mux:norm_mux|ula_norm:ula_norm|ShiftLeft0                                                                                                                                                                           ;
; 4:1                ; 3 bits    ; 6 LEs         ; 6 LEs                ; 0 LEs                  ; No         ; |toplevel_placa|top_level:top_level|top_proc_interp:top_proc_interp_inst|proc_interp:proc_interp_inst|processor:p_proc_interp|core:core|ula:ula|norm_mux:norm_mux|ula_norm:ula_norm|ShiftLeft0                                                                                                                                                                           ;
; 3:1                ; 10 bits   ; 20 LEs        ; 20 LEs               ; 0 LEs                  ; No         ; |toplevel_placa|top_level:top_level|top_proc_interp:top_proc_interp_inst|proc_interp:proc_interp_inst|processor:p_proc_interp|core:core|instr_fetch:instr_fetch|prefetch:pf|instr_addr[6]                                                                                                                                                                                ;
; 6:1                ; 4 bits    ; 16 LEs        ; 16 LEs               ; 0 LEs                  ; No         ; |toplevel_placa|top_level:top_level|top_proc_banco:top_proc_banco_inst|proc_banco:proc_banco_inst|processor:p_proc_banco|core:core|ula:ula|ula_denorm:denorm|ShiftRight0                                                                                                                                                                                                 ;
; 6:1                ; 4 bits    ; 16 LEs        ; 16 LEs               ; 0 LEs                  ; No         ; |toplevel_placa|top_level:top_level|top_proc_banco:top_proc_banco_inst|proc_banco:proc_banco_inst|processor:p_proc_banco|core:core|ula:ula|ula_denorm:denorm|ShiftRight0                                                                                                                                                                                                 ;
; 6:1                ; 3 bits    ; 12 LEs        ; 12 LEs               ; 0 LEs                  ; No         ; |toplevel_placa|top_level:top_level|top_proc_banco:top_proc_banco_inst|proc_banco:proc_banco_inst|processor:p_proc_banco|core:core|ula:ula|ula_denorm:denorm|ShiftRight0                                                                                                                                                                                                 ;
; 6:1                ; 4 bits    ; 16 LEs        ; 16 LEs               ; 0 LEs                  ; No         ; |toplevel_placa|top_level:top_level|top_proc_banco:top_proc_banco_inst|proc_banco:proc_banco_inst|processor:p_proc_banco|core:core|ula:ula|ula_denorm:denorm|ShiftRight1                                                                                                                                                                                                 ;
; 6:1                ; 4 bits    ; 16 LEs        ; 16 LEs               ; 0 LEs                  ; No         ; |toplevel_placa|top_level:top_level|top_proc_banco:top_proc_banco_inst|proc_banco:proc_banco_inst|processor:p_proc_banco|core:core|ula:ula|ula_denorm:denorm|ShiftRight1                                                                                                                                                                                                 ;
; 6:1                ; 3 bits    ; 12 LEs        ; 12 LEs               ; 0 LEs                  ; No         ; |toplevel_placa|top_level:top_level|top_proc_banco:top_proc_banco_inst|proc_banco:proc_banco_inst|processor:p_proc_banco|core:core|ula:ula|ula_denorm:denorm|ShiftRight1                                                                                                                                                                                                 ;
; 6:1                ; 4 bits    ; 16 LEs        ; 16 LEs               ; 0 LEs                  ; No         ; |toplevel_placa|top_level:top_level|top_proc_interp:top_proc_interp_inst|proc_interp:proc_interp_inst|processor:p_proc_interp|core:core|ula:ula|ula_denorm:denorm|ShiftRight0                                                                                                                                                                                            ;
; 6:1                ; 4 bits    ; 16 LEs        ; 16 LEs               ; 0 LEs                  ; No         ; |toplevel_placa|top_level:top_level|top_proc_interp:top_proc_interp_inst|proc_interp:proc_interp_inst|processor:p_proc_interp|core:core|ula:ula|ula_denorm:denorm|ShiftRight0                                                                                                                                                                                            ;
; 6:1                ; 3 bits    ; 12 LEs        ; 12 LEs               ; 0 LEs                  ; No         ; |toplevel_placa|top_level:top_level|top_proc_interp:top_proc_interp_inst|proc_interp:proc_interp_inst|processor:p_proc_interp|core:core|ula:ula|ula_denorm:denorm|ShiftRight0                                                                                                                                                                                            ;
; 6:1                ; 4 bits    ; 16 LEs        ; 16 LEs               ; 0 LEs                  ; No         ; |toplevel_placa|top_level:top_level|top_proc_interp:top_proc_interp_inst|proc_interp:proc_interp_inst|processor:p_proc_interp|core:core|ula:ula|ula_denorm:denorm|ShiftRight1                                                                                                                                                                                            ;
; 6:1                ; 4 bits    ; 16 LEs        ; 16 LEs               ; 0 LEs                  ; No         ; |toplevel_placa|top_level:top_level|top_proc_interp:top_proc_interp_inst|proc_interp:proc_interp_inst|processor:p_proc_interp|core:core|ula:ula|ula_denorm:denorm|ShiftRight1                                                                                                                                                                                            ;
; 6:1                ; 3 bits    ; 12 LEs        ; 12 LEs               ; 0 LEs                  ; No         ; |toplevel_placa|top_level:top_level|top_proc_interp:top_proc_interp_inst|proc_interp:proc_interp_inst|processor:p_proc_interp|core:core|ula:ula|ula_denorm:denorm|ShiftRight1                                                                                                                                                                                            ;
; 7:1                ; 2 bits    ; 8 LEs         ; 8 LEs                ; 0 LEs                  ; No         ; |toplevel_placa|top_level:top_level|top_proc_banco:top_proc_banco_inst|proc_banco:proc_banco_inst|processor:p_proc_banco|core:core|ula:ula|ula_f2i:my_f2i|mag[28]                                                                                                                                                                                                        ;
; 7:1                ; 2 bits    ; 8 LEs         ; 8 LEs                ; 0 LEs                  ; No         ; |toplevel_placa|top_level:top_level|top_proc_banco:top_proc_banco_inst|proc_banco:proc_banco_inst|processor:p_proc_banco|core:core|ula:ula|ula_f2i:my_f2i|mag[25]                                                                                                                                                                                                        ;
; 6:1                ; 2 bits    ; 8 LEs         ; 8 LEs                ; 0 LEs                  ; No         ; |toplevel_placa|top_level:top_level|top_proc_banco:top_proc_banco_inst|proc_banco:proc_banco_inst|processor:p_proc_banco|core:core|ula:ula|ula_f2i:my_f2i|mag[30]                                                                                                                                                                                                        ;
; 7:1                ; 2 bits    ; 8 LEs         ; 8 LEs                ; 0 LEs                  ; No         ; |toplevel_placa|top_level:top_level|top_proc_banco:top_proc_banco_inst|proc_banco:proc_banco_inst|processor:p_proc_banco|core:core|ula:ula|ula_f2i:my_f2i|mag[27]                                                                                                                                                                                                        ;
; 7:1                ; 2 bits    ; 8 LEs         ; 8 LEs                ; 0 LEs                  ; No         ; |toplevel_placa|top_level:top_level|top_proc_interp:top_proc_interp_inst|proc_interp:proc_interp_inst|processor:p_proc_interp|core:core|ula:ula|ula_f2i:my_f2i|mag[29]                                                                                                                                                                                                   ;
; 7:1                ; 2 bits    ; 8 LEs         ; 8 LEs                ; 0 LEs                  ; No         ; |toplevel_placa|top_level:top_level|top_proc_interp:top_proc_interp_inst|proc_interp:proc_interp_inst|processor:p_proc_interp|core:core|ula:ula|ula_f2i:my_f2i|mag[24]                                                                                                                                                                                                   ;
; 6:1                ; 2 bits    ; 8 LEs         ; 8 LEs                ; 0 LEs                  ; No         ; |toplevel_placa|top_level:top_level|top_proc_interp:top_proc_interp_inst|proc_interp:proc_interp_inst|processor:p_proc_interp|core:core|ula:ula|ula_f2i:my_f2i|mag[30]                                                                                                                                                                                                   ;
; 7:1                ; 2 bits    ; 8 LEs         ; 8 LEs                ; 0 LEs                  ; No         ; |toplevel_placa|top_level:top_level|top_proc_interp:top_proc_interp_inst|proc_interp:proc_interp_inst|processor:p_proc_interp|core:core|ula:ula|ula_f2i:my_f2i|mag[26]                                                                                                                                                                                                   ;
; 9:1                ; 4 bits    ; 24 LEs        ; 20 LEs               ; 4 LEs                  ; No         ; |toplevel_placa|top_level:top_level|top_proc_banco:top_proc_banco_inst|proc_banco:proc_banco_inst|processor:p_proc_banco|core:core|ula:ula|ula_f2i:my_f2i|mag[21]                                                                                                                                                                                                        ;
; 9:1                ; 3 bits    ; 18 LEs        ; 15 LEs               ; 3 LEs                  ; No         ; |toplevel_placa|top_level:top_level|top_proc_banco:top_proc_banco_inst|proc_banco:proc_banco_inst|processor:p_proc_banco|core:core|ula:ula|ula_f2i:my_f2i|mag[22]                                                                                                                                                                                                        ;
; 9:1                ; 4 bits    ; 24 LEs        ; 20 LEs               ; 4 LEs                  ; No         ; |toplevel_placa|top_level:top_level|top_proc_banco:top_proc_banco_inst|proc_banco:proc_banco_inst|processor:p_proc_banco|core:core|ula:ula|ula_f2i:my_f2i|mag[14]                                                                                                                                                                                                        ;
; 9:1                ; 4 bits    ; 24 LEs        ; 20 LEs               ; 4 LEs                  ; No         ; |toplevel_placa|top_level:top_level|top_proc_banco:top_proc_banco_inst|proc_banco:proc_banco_inst|processor:p_proc_banco|core:core|ula:ula|ula_f2i:my_f2i|mag[10]                                                                                                                                                                                                        ;
; 9:1                ; 3 bits    ; 18 LEs        ; 15 LEs               ; 3 LEs                  ; No         ; |toplevel_placa|top_level:top_level|top_proc_banco:top_proc_banco_inst|proc_banco:proc_banco_inst|processor:p_proc_banco|core:core|ula:ula|ula_f2i:my_f2i|mag[4]                                                                                                                                                                                                         ;
; 9:1                ; 4 bits    ; 24 LEs        ; 24 LEs               ; 0 LEs                  ; No         ; |toplevel_placa|top_level:top_level|top_proc_banco:top_proc_banco_inst|proc_banco:proc_banco_inst|processor:p_proc_banco|core:core|ula:ula|ula_denorm:denorm|ShiftRight0                                                                                                                                                                                                 ;
; 9:1                ; 4 bits    ; 24 LEs        ; 24 LEs               ; 0 LEs                  ; No         ; |toplevel_placa|top_level:top_level|top_proc_banco:top_proc_banco_inst|proc_banco:proc_banco_inst|processor:p_proc_banco|core:core|ula:ula|ula_denorm:denorm|ShiftRight1                                                                                                                                                                                                 ;
; 9:1                ; 4 bits    ; 24 LEs        ; 20 LEs               ; 4 LEs                  ; No         ; |toplevel_placa|top_level:top_level|top_proc_interp:top_proc_interp_inst|proc_interp:proc_interp_inst|processor:p_proc_interp|core:core|ula:ula|ula_f2i:my_f2i|mag[16]                                                                                                                                                                                                   ;
; 9:1                ; 3 bits    ; 18 LEs        ; 15 LEs               ; 3 LEs                  ; No         ; |toplevel_placa|top_level:top_level|top_proc_interp:top_proc_interp_inst|proc_interp:proc_interp_inst|processor:p_proc_interp|core:core|ula:ula|ula_f2i:my_f2i|mag[22]                                                                                                                                                                                                   ;
; 9:1                ; 4 bits    ; 24 LEs        ; 20 LEs               ; 4 LEs                  ; No         ; |toplevel_placa|top_level:top_level|top_proc_interp:top_proc_interp_inst|proc_interp:proc_interp_inst|processor:p_proc_interp|core:core|ula:ula|ula_f2i:my_f2i|mag[12]                                                                                                                                                                                                   ;
; 9:1                ; 4 bits    ; 24 LEs        ; 20 LEs               ; 4 LEs                  ; No         ; |toplevel_placa|top_level:top_level|top_proc_interp:top_proc_interp_inst|proc_interp:proc_interp_inst|processor:p_proc_interp|core:core|ula:ula|ula_f2i:my_f2i|mag[7]                                                                                                                                                                                                    ;
; 9:1                ; 3 bits    ; 18 LEs        ; 15 LEs               ; 3 LEs                  ; No         ; |toplevel_placa|top_level:top_level|top_proc_interp:top_proc_interp_inst|proc_interp:proc_interp_inst|processor:p_proc_interp|core:core|ula:ula|ula_f2i:my_f2i|mag[6]                                                                                                                                                                                                    ;
; 9:1                ; 4 bits    ; 24 LEs        ; 24 LEs               ; 0 LEs                  ; No         ; |toplevel_placa|top_level:top_level|top_proc_interp:top_proc_interp_inst|proc_interp:proc_interp_inst|processor:p_proc_interp|core:core|ula:ula|ula_denorm:denorm|ShiftRight0                                                                                                                                                                                            ;
; 9:1                ; 4 bits    ; 24 LEs        ; 24 LEs               ; 0 LEs                  ; No         ; |toplevel_placa|top_level:top_level|top_proc_interp:top_proc_interp_inst|proc_interp:proc_interp_inst|processor:p_proc_interp|core:core|ula:ula|ula_denorm:denorm|ShiftRight1                                                                                                                                                                                            ;
; 7:1                ; 4 bits    ; 16 LEs        ; 12 LEs               ; 4 LEs                  ; No         ; |toplevel_placa|top_level:top_level|maq_estados:apelido_maq_estados|Selector0                                                                                                                                                                                                                                                                                            ;
; 8:1                ; 8 bits    ; 40 LEs        ; 32 LEs               ; 8 LEs                  ; No         ; |toplevel_placa|top_level:top_level|top_proc_banco:top_proc_banco_inst|proc_banco:proc_banco_inst|processor:p_proc_banco|core:core|ula:ula|norm_mux:norm_mux|Selector8                                                                                                                                                                                                   ;
; 8:1                ; 8 bits    ; 40 LEs        ; 32 LEs               ; 8 LEs                  ; No         ; |toplevel_placa|top_level:top_level|top_proc_interp:top_proc_interp_inst|proc_interp:proc_interp_inst|processor:p_proc_interp|core:core|ula:ula|norm_mux:norm_mux|Selector2                                                                                                                                                                                              ;
; 12:1               ; 4 bits    ; 32 LEs        ; 28 LEs               ; 4 LEs                  ; No         ; |toplevel_placa|top_level:top_level|top_proc_banco:top_proc_banco_inst|proc_banco:proc_banco_inst|processor:p_proc_banco|core:core|ula:ula|ula_f2i:my_f2i|mag[2]                                                                                                                                                                                                         ;
; 13:1               ; 6 bits    ; 48 LEs        ; 48 LEs               ; 0 LEs                  ; No         ; |toplevel_placa|top_level:top_level|top_proc_banco:top_proc_banco_inst|proc_banco:proc_banco_inst|processor:p_proc_banco|core:core|ula:ula|ula_mux:ula_mux|Mux29                                                                                                                                                                                                         ;
; 13:1               ; 8 bits    ; 64 LEs        ; 64 LEs               ; 0 LEs                  ; No         ; |toplevel_placa|top_level:top_level|top_proc_banco:top_proc_banco_inst|proc_banco:proc_banco_inst|processor:p_proc_banco|core:core|ula:ula|ula_mux:ula_mux|Mux1                                                                                                                                                                                                          ;
; 12:1               ; 4 bits    ; 32 LEs        ; 28 LEs               ; 4 LEs                  ; No         ; |toplevel_placa|top_level:top_level|top_proc_interp:top_proc_interp_inst|proc_interp:proc_interp_inst|processor:p_proc_interp|core:core|ula:ula|ula_f2i:my_f2i|mag[2]                                                                                                                                                                                                    ;
; 14:1               ; 6 bits    ; 54 LEs        ; 36 LEs               ; 18 LEs                 ; No         ; |toplevel_placa|top_level:top_level|top_proc_interp:top_proc_interp_inst|proc_interp:proc_interp_inst|processor:p_proc_interp|core:core|ula:ula|ula_mux:ula_mux|Mux25                                                                                                                                                                                                    ;
; 14:1               ; 8 bits    ; 72 LEs        ; 48 LEs               ; 24 LEs                 ; No         ; |toplevel_placa|top_level:top_level|top_proc_interp:top_proc_interp_inst|proc_interp:proc_interp_inst|processor:p_proc_interp|core:core|ula:ula|ula_mux:ula_mux|Mux6                                                                                                                                                                                                     ;
; 16:1               ; 4 bits    ; 40 LEs        ; 40 LEs               ; 0 LEs                  ; No         ; |toplevel_placa|top_level:top_level|top_proc_banco:top_proc_banco_inst|proc_banco:proc_banco_inst|processor:p_proc_banco|core:core|ula:ula|ula_mux:ula_mux|Mux20                                                                                                                                                                                                         ;
; 16:1               ; 4 bits    ; 40 LEs        ; 40 LEs               ; 0 LEs                  ; No         ; |toplevel_placa|top_level:top_level|top_proc_banco:top_proc_banco_inst|proc_banco:proc_banco_inst|processor:p_proc_banco|core:core|ula:ula|ula_mux:ula_mux|Mux16                                                                                                                                                                                                         ;
; 16:1               ; 3 bits    ; 30 LEs        ; 30 LEs               ; 0 LEs                  ; No         ; |toplevel_placa|top_level:top_level|top_proc_banco:top_proc_banco_inst|proc_banco:proc_banco_inst|processor:p_proc_banco|core:core|ula:ula|ula_mux:ula_mux|Mux15                                                                                                                                                                                                         ;
; 17:1               ; 4 bits    ; 44 LEs        ; 32 LEs               ; 12 LEs                 ; No         ; |toplevel_placa|top_level:top_level|top_proc_interp:top_proc_interp_inst|proc_interp:proc_interp_inst|processor:p_proc_interp|core:core|ula:ula|ula_mux:ula_mux|Mux20                                                                                                                                                                                                    ;
; 17:1               ; 4 bits    ; 44 LEs        ; 32 LEs               ; 12 LEs                 ; No         ; |toplevel_placa|top_level:top_level|top_proc_interp:top_proc_interp_inst|proc_interp:proc_interp_inst|processor:p_proc_interp|core:core|ula:ula|ula_mux:ula_mux|Mux18                                                                                                                                                                                                    ;
; 17:1               ; 3 bits    ; 33 LEs        ; 24 LEs               ; 9 LEs                  ; No         ; |toplevel_placa|top_level:top_level|top_proc_interp:top_proc_interp_inst|proc_interp:proc_interp_inst|processor:p_proc_interp|core:core|ula:ula|ula_mux:ula_mux|Mux13                                                                                                                                                                                                    ;
; 9:1                ; 22 bits   ; 132 LEs       ; 132 LEs              ; 0 LEs                  ; No         ; |toplevel_placa|top_level:top_level|top_proc_banco:top_proc_banco_inst|proc_banco:proc_banco_inst|processor:p_proc_banco|core:core|ula:ula|norm_mux:norm_mux|Selector31                                                                                                                                                                                                  ;
; 9:1                ; 22 bits   ; 132 LEs       ; 132 LEs              ; 0 LEs                  ; No         ; |toplevel_placa|top_level:top_level|top_proc_interp:top_proc_interp_inst|proc_interp:proc_interp_inst|processor:p_proc_interp|core:core|ula:ula|norm_mux:norm_mux|Selector23                                                                                                                                                                                             ;
; 19:1               ; 4 bits    ; 48 LEs        ; 48 LEs               ; 0 LEs                  ; No         ; |toplevel_placa|top_level:top_level|top_proc_banco:top_proc_banco_inst|proc_banco:proc_banco_inst|processor:p_proc_banco|core:core|ula:ula|ula_mux:ula_mux|Mux9                                                                                                                                                                                                          ;
; 20:1               ; 3 bits    ; 39 LEs        ; 30 LEs               ; 9 LEs                  ; No         ; |toplevel_placa|top_level:top_level|top_proc_interp:top_proc_interp_inst|proc_interp:proc_interp_inst|processor:p_proc_interp|core:core|ula:ula|ula_mux:ula_mux|Mux12                                                                                                                                                                                                    ;
; 3:1                ; 13 bits   ; 26 LEs        ; 0 LEs                ; 26 LEs                 ; Yes        ; |toplevel_placa|sld_signaltap:auto_signaltap_0|sld_signaltap_impl:sld_signaltap_body|sld_signaltap_implb:sld_signaltap_body|tdo_crc_val_shift_reg[1]                                                                                                                                                                                                                     ;
; 3:1                ; 3 bits    ; 6 LEs         ; 3 LEs                ; 3 LEs                  ; Yes        ; |toplevel_placa|sld_signaltap:auto_signaltap_0|sld_signaltap_impl:sld_signaltap_body|sld_signaltap_implb:sld_signaltap_body|tdo_crc_val_shift_reg[14]                                                                                                                                                                                                                    ;
; 3:1                ; 13 bits   ; 26 LEs        ; 0 LEs                ; 26 LEs                 ; Yes        ; |toplevel_placa|sld_signaltap:auto_signaltap_0|sld_signaltap_impl:sld_signaltap_body|sld_signaltap_implb:sld_signaltap_body|serial_crc_16:\tdo_crc_gen:tdo_crc_calc|lfsr[10]                                                                                                                                                                                             ;
; 4:1                ; 32 bits   ; 64 LEs        ; 0 LEs                ; 64 LEs                 ; Yes        ; |toplevel_placa|sld_signaltap:auto_signaltap_0|sld_signaltap_impl:sld_signaltap_body|sld_signaltap_implb:sld_signaltap_body|tdo_crc_len_reg[10]                                                                                                                                                                                                                          ;
; 4:1                ; 4 bits    ; 8 LEs         ; 8 LEs                ; 0 LEs                  ; Yes        ; |toplevel_placa|sld_signaltap:auto_signaltap_0|sld_signaltap_impl:sld_signaltap_body|sld_signaltap_implb:sld_signaltap_body|sld_rom_sr:crc_rom_sr|word_counter[3]                                                                                                                                                                                                        ;
; 4:1                ; 17 bits   ; 34 LEs        ; 17 LEs               ; 17 LEs                 ; Yes        ; |toplevel_placa|sld_signaltap:auto_signaltap_0|sld_signaltap_impl:sld_signaltap_body|sld_signaltap_implb:sld_signaltap_body|sld_buffer_manager:sld_buffer_manager_inst|counter[6]                                                                                                                                                                                        ;
; 9:1                ; 55 bits   ; 330 LEs       ; 330 LEs              ; 0 LEs                  ; Yes        ; |toplevel_placa|sld_signaltap:auto_signaltap_0|sld_signaltap_impl:sld_signaltap_body|sld_signaltap_implb:sld_signaltap_body|sld_offload_buffer_mgr:\stp_non_zero_depth_offload_gen:stp_offload_buff_mgr_inst|LPM_SHIFTREG:ram_data_shift_out|dffs[0]                                                                                                                     ;
; 12:1               ; 4 bits    ; 32 LEs        ; 28 LEs               ; 4 LEs                  ; Yes        ; |toplevel_placa|sld_signaltap:auto_signaltap_0|sld_signaltap_impl:sld_signaltap_body|sld_signaltap_implb:sld_signaltap_body|sld_rom_sr:crc_rom_sr|WORD_SR[3]                                                                                                                                                                                                             ;
; 3:1                ; 16 bits   ; 32 LEs        ; 32 LEs               ; 0 LEs                  ; No         ; |toplevel_placa|sld_signaltap:auto_signaltap_0|sld_signaltap_impl:sld_signaltap_body|sld_signaltap_implb:sld_signaltap_body|sld_buffer_manager:sld_buffer_manager_inst|offset_count                                                                                                                                                                                      ;
; 3:1                ; 9 bits    ; 18 LEs        ; 0 LEs                ; 18 LEs                 ; Yes        ; |toplevel_placa|sld_hub:auto_hub|alt_sld_fab_with_jtag_input:\instrumentation_fabric_with_node_gen:fabric_gen_new_way:with_jtag_input_gen:instrumentation_fabric|alt_sld_fab:instrumentation_fabric|alt_sld_fab_alt_sld_fab:alt_sld_fab|alt_sld_fab_alt_sld_fab_sldfabric:sldfabric|sld_jtag_hub:\jtag_hub_gen:real_sld_jtag_hub|irsr_reg[1]                             ;
; 3:1                ; 2 bits    ; 4 LEs         ; 2 LEs                ; 2 LEs                  ; Yes        ; |toplevel_placa|sld_hub:auto_hub|alt_sld_fab_with_jtag_input:\instrumentation_fabric_with_node_gen:fabric_gen_new_way:with_jtag_input_gen:instrumentation_fabric|alt_sld_fab:instrumentation_fabric|alt_sld_fab_alt_sld_fab:alt_sld_fab|alt_sld_fab_alt_sld_fab_sldfabric:sldfabric|sld_jtag_hub:\jtag_hub_gen:real_sld_jtag_hub|hub_minor_ver_reg[0]                    ;
; 3:1                ; 2 bits    ; 4 LEs         ; 2 LEs                ; 2 LEs                  ; Yes        ; |toplevel_placa|sld_hub:auto_hub|alt_sld_fab_with_jtag_input:\instrumentation_fabric_with_node_gen:fabric_gen_new_way:with_jtag_input_gen:instrumentation_fabric|alt_sld_fab:instrumentation_fabric|alt_sld_fab_alt_sld_fab:alt_sld_fab|alt_sld_fab_alt_sld_fab_sldfabric:sldfabric|sld_jtag_hub:\jtag_hub_gen:real_sld_jtag_hub|hub_minor_ver_reg[1]                    ;
; 4:1                ; 5 bits    ; 10 LEs        ; 10 LEs               ; 0 LEs                  ; Yes        ; |toplevel_placa|sld_hub:auto_hub|alt_sld_fab_with_jtag_input:\instrumentation_fabric_with_node_gen:fabric_gen_new_way:with_jtag_input_gen:instrumentation_fabric|alt_sld_fab:instrumentation_fabric|alt_sld_fab_alt_sld_fab:alt_sld_fab|alt_sld_fab_alt_sld_fab_sldfabric:sldfabric|sld_jtag_hub:\jtag_hub_gen:real_sld_jtag_hub|mixer_addr_reg_internal[2]              ;
; 4:1                ; 5 bits    ; 10 LEs        ; 10 LEs               ; 0 LEs                  ; Yes        ; |toplevel_placa|sld_hub:auto_hub|alt_sld_fab_with_jtag_input:\instrumentation_fabric_with_node_gen:fabric_gen_new_way:with_jtag_input_gen:instrumentation_fabric|alt_sld_fab:instrumentation_fabric|alt_sld_fab_alt_sld_fab:alt_sld_fab|alt_sld_fab_alt_sld_fab_sldfabric:sldfabric|sld_jtag_hub:\jtag_hub_gen:real_sld_jtag_hub|sld_rom_sr:hub_info_reg|word_counter[0] ;
; 34:1               ; 4 bits    ; 88 LEs        ; 64 LEs               ; 24 LEs                 ; Yes        ; |toplevel_placa|sld_hub:auto_hub|alt_sld_fab_with_jtag_input:\instrumentation_fabric_with_node_gen:fabric_gen_new_way:with_jtag_input_gen:instrumentation_fabric|alt_sld_fab:instrumentation_fabric|alt_sld_fab_alt_sld_fab:alt_sld_fab|alt_sld_fab_alt_sld_fab_sldfabric:sldfabric|sld_jtag_hub:\jtag_hub_gen:real_sld_jtag_hub|design_hash_reg[0]                      ;
; 20:1               ; 4 bits    ; 52 LEs        ; 32 LEs               ; 20 LEs                 ; Yes        ; |toplevel_placa|sld_hub:auto_hub|alt_sld_fab_with_jtag_input:\instrumentation_fabric_with_node_gen:fabric_gen_new_way:with_jtag_input_gen:instrumentation_fabric|alt_sld_fab:instrumentation_fabric|alt_sld_fab_alt_sld_fab:alt_sld_fab|alt_sld_fab_alt_sld_fab_sldfabric:sldfabric|sld_jtag_hub:\jtag_hub_gen:real_sld_jtag_hub|sld_rom_sr:hub_info_reg|WORD_SR[0]      ;
+--------------------+-----------+---------------+----------------------+------------------------+------------+--------------------------------------------------------------------------------------------------------------------------------------------------------------------------------------------------------------------------------------------------------------------------------------------------------------------------------------------------------------------------+


+----------------------------------------------------------------------------+
; Source assignments for top_level:top_level|maq_estados:apelido_maq_estados ;
+--------------------+-------+------+----------------------------------------+
; Assignment         ; Value ; From ; To                                     ;
+--------------------+-------+------+----------------------------------------+
; SAFE_STATE_MACHINE ; on    ; -    ; state                                  ;
+--------------------+-------+------+----------------------------------------+


+-------------------------------------------------------+
; Source assignments for sld_signaltap:auto_signaltap_0 ;
+-----------------+-------+------+----------------------+
; Assignment      ; Value ; From ; To                   ;
+-----------------+-------+------+----------------------+
; MESSAGE_DISABLE ; 13410 ; -    ; -                    ;
+-----------------+-------+------+----------------------+


+----------------------------------------------------------------------------------------------------------------------------------------------------------------------------------------------------+
; Source assignments for top_level:top_level|top_proc_banco:top_proc_banco_inst|proc_banco:proc_banco_inst|processor:p_proc_banco|mem_data:mdata|altsyncram:mem_rtl_0|altsyncram_4kr1:auto_generated ;
+---------------------------------+--------------------+------+--------------------------------------------------------------------------------------------------------------------------------------+
; Assignment                      ; Value              ; From ; To                                                                                                                                   ;
+---------------------------------+--------------------+------+--------------------------------------------------------------------------------------------------------------------------------------+
; OPTIMIZE_POWER_DURING_SYNTHESIS ; NORMAL_COMPILATION ; -    ; -                                                                                                                                    ;
+---------------------------------+--------------------+------+--------------------------------------------------------------------------------------------------------------------------------------+


+------------------------------------------------------------------------------------------------------------------------------------------------------------------------------------------------------+
; Source assignments for top_level:top_level|top_proc_banco:top_proc_banco_inst|proc_banco:proc_banco_inst|processor:p_proc_banco|mem_instr:minstr|altsyncram:mem_rtl_0|altsyncram_vvc1:auto_generated ;
+---------------------------------+--------------------+------+----------------------------------------------------------------------------------------------------------------------------------------+
; Assignment                      ; Value              ; From ; To                                                                                                                                     ;
+---------------------------------+--------------------+------+----------------------------------------------------------------------------------------------------------------------------------------+
; OPTIMIZE_POWER_DURING_SYNTHESIS ; NORMAL_COMPILATION ; -    ; -                                                                                                                                      ;
+---------------------------------+--------------------+------+----------------------------------------------------------------------------------------------------------------------------------------+


+-------------------------------------------------------------------------------------------------------------------------+
; Source assignments for top_level:top_level|myFIFO:FIFO16x32_inst_my|altsyncram:mem_rtl_0|altsyncram_smi1:auto_generated ;
+---------------------------------+--------------------+------+-----------------------------------------------------------+
; Assignment                      ; Value              ; From ; To                                                        ;
+---------------------------------+--------------------+------+-----------------------------------------------------------+
; OPTIMIZE_POWER_DURING_SYNTHESIS ; NORMAL_COMPILATION ; -    ; -                                                         ;
+---------------------------------+--------------------+------+-----------------------------------------------------------+


+---------------------------------------------------------------------------------------------------------------------------------------------------------------------------------------------------------+
; Source assignments for top_level:top_level|top_proc_interp:top_proc_interp_inst|proc_interp:proc_interp_inst|processor:p_proc_interp|mem_data:mdata|altsyncram:mem_rtl_0|altsyncram_hgr1:auto_generated ;
+---------------------------------+--------------------+------+-------------------------------------------------------------------------------------------------------------------------------------------+
; Assignment                      ; Value              ; From ; To                                                                                                                                        ;
+---------------------------------+--------------------+------+-------------------------------------------------------------------------------------------------------------------------------------------+
; OPTIMIZE_POWER_DURING_SYNTHESIS ; NORMAL_COMPILATION ; -    ; -                                                                                                                                         ;
+---------------------------------+--------------------+------+-------------------------------------------------------------------------------------------------------------------------------------------+


+-----------------------------------------------------------------------------------------------------------------------------------------------------------------------------------------------------------+
; Source assignments for top_level:top_level|top_proc_interp:top_proc_interp_inst|proc_interp:proc_interp_inst|processor:p_proc_interp|mem_instr:minstr|altsyncram:mem_rtl_0|altsyncram_qvc1:auto_generated ;
+---------------------------------+--------------------+------+---------------------------------------------------------------------------------------------------------------------------------------------+
; Assignment                      ; Value              ; From ; To                                                                                                                                          ;
+---------------------------------+--------------------+------+---------------------------------------------------------------------------------------------------------------------------------------------+
; OPTIMIZE_POWER_DURING_SYNTHESIS ; NORMAL_COMPILATION ; -    ; -                                                                                                                                           ;
+---------------------------------+--------------------+------+---------------------------------------------------------------------------------------------------------------------------------------------+


+-------------------------------------------------------------------------------------------------+
; Source assignments for sinal_memoria:comb_6|altsyncram:rom_rtl_0|altsyncram_ccd1:auto_generated ;
+---------------------------------+--------------------+------+-----------------------------------+
; Assignment                      ; Value              ; From ; To                                ;
+---------------------------------+--------------------+------+-----------------------------------+
; OPTIMIZE_POWER_DURING_SYNTHESIS ; NORMAL_COMPILATION ; -    ; -                                 ;
+---------------------------------+--------------------+------+-----------------------------------+


+------------------------------------------------------------------------------------------------+
; Parameter Settings for User Entity Instance: pll:pll|pll_0002:pll_inst|altera_pll:altera_pll_i ;
+--------------------------------------+------------------------+--------------------------------+
; Parameter Name                       ; Value                  ; Type                           ;
+--------------------------------------+------------------------+--------------------------------+
; reference_clock_frequency            ; 50.0 MHz               ; String                         ;
; fractional_vco_multiplier            ; false                  ; String                         ;
; pll_type                             ; General                ; String                         ;
; pll_subtype                          ; General                ; String                         ;
; number_of_clocks                     ; 1                      ; Signed Integer                 ;
; operation_mode                       ; direct                 ; String                         ;
; deserialization_factor               ; 4                      ; Signed Integer                 ;
; data_rate                            ; 0                      ; Signed Integer                 ;
; sim_additional_refclk_cycles_to_lock ; 0                      ; Signed Integer                 ;
; output_clock_frequency0              ; 10.000000 MHz          ; String                         ;
; phase_shift0                         ; 0 ps                   ; String                         ;
; duty_cycle0                          ; 50                     ; Signed Integer                 ;
; output_clock_frequency1              ; 0 MHz                  ; String                         ;
; phase_shift1                         ; 0 ps                   ; String                         ;
; duty_cycle1                          ; 50                     ; Signed Integer                 ;
; output_clock_frequency2              ; 0 MHz                  ; String                         ;
; phase_shift2                         ; 0 ps                   ; String                         ;
; duty_cycle2                          ; 50                     ; Signed Integer                 ;
; output_clock_frequency3              ; 0 MHz                  ; String                         ;
; phase_shift3                         ; 0 ps                   ; String                         ;
; duty_cycle3                          ; 50                     ; Signed Integer                 ;
; output_clock_frequency4              ; 0 MHz                  ; String                         ;
; phase_shift4                         ; 0 ps                   ; String                         ;
; duty_cycle4                          ; 50                     ; Signed Integer                 ;
; output_clock_frequency5              ; 0 MHz                  ; String                         ;
; phase_shift5                         ; 0 ps                   ; String                         ;
; duty_cycle5                          ; 50                     ; Signed Integer                 ;
; output_clock_frequency6              ; 0 MHz                  ; String                         ;
; phase_shift6                         ; 0 ps                   ; String                         ;
; duty_cycle6                          ; 50                     ; Signed Integer                 ;
; output_clock_frequency7              ; 0 MHz                  ; String                         ;
; phase_shift7                         ; 0 ps                   ; String                         ;
; duty_cycle7                          ; 50                     ; Signed Integer                 ;
; output_clock_frequency8              ; 0 MHz                  ; String                         ;
; phase_shift8                         ; 0 ps                   ; String                         ;
; duty_cycle8                          ; 50                     ; Signed Integer                 ;
; output_clock_frequency9              ; 0 MHz                  ; String                         ;
; phase_shift9                         ; 0 ps                   ; String                         ;
; duty_cycle9                          ; 50                     ; Signed Integer                 ;
; output_clock_frequency10             ; 0 MHz                  ; String                         ;
; phase_shift10                        ; 0 ps                   ; String                         ;
; duty_cycle10                         ; 50                     ; Signed Integer                 ;
; output_clock_frequency11             ; 0 MHz                  ; String                         ;
; phase_shift11                        ; 0 ps                   ; String                         ;
; duty_cycle11                         ; 50                     ; Signed Integer                 ;
; output_clock_frequency12             ; 0 MHz                  ; String                         ;
; phase_shift12                        ; 0 ps                   ; String                         ;
; duty_cycle12                         ; 50                     ; Signed Integer                 ;
; output_clock_frequency13             ; 0 MHz                  ; String                         ;
; phase_shift13                        ; 0 ps                   ; String                         ;
; duty_cycle13                         ; 50                     ; Signed Integer                 ;
; output_clock_frequency14             ; 0 MHz                  ; String                         ;
; phase_shift14                        ; 0 ps                   ; String                         ;
; duty_cycle14                         ; 50                     ; Signed Integer                 ;
; output_clock_frequency15             ; 0 MHz                  ; String                         ;
; phase_shift15                        ; 0 ps                   ; String                         ;
; duty_cycle15                         ; 50                     ; Signed Integer                 ;
; output_clock_frequency16             ; 0 MHz                  ; String                         ;
; phase_shift16                        ; 0 ps                   ; String                         ;
; duty_cycle16                         ; 50                     ; Signed Integer                 ;
; output_clock_frequency17             ; 0 MHz                  ; String                         ;
; phase_shift17                        ; 0 ps                   ; String                         ;
; duty_cycle17                         ; 50                     ; Signed Integer                 ;
; clock_name_0                         ;                        ; String                         ;
; clock_name_1                         ;                        ; String                         ;
; clock_name_2                         ;                        ; String                         ;
; clock_name_3                         ;                        ; String                         ;
; clock_name_4                         ;                        ; String                         ;
; clock_name_5                         ;                        ; String                         ;
; clock_name_6                         ;                        ; String                         ;
; clock_name_7                         ;                        ; String                         ;
; clock_name_8                         ;                        ; String                         ;
; clock_name_global_0                  ; false                  ; String                         ;
; clock_name_global_1                  ; false                  ; String                         ;
; clock_name_global_2                  ; false                  ; String                         ;
; clock_name_global_3                  ; false                  ; String                         ;
; clock_name_global_4                  ; false                  ; String                         ;
; clock_name_global_5                  ; false                  ; String                         ;
; clock_name_global_6                  ; false                  ; String                         ;
; clock_name_global_7                  ; false                  ; String                         ;
; clock_name_global_8                  ; false                  ; String                         ;
; m_cnt_hi_div                         ; 1                      ; Signed Integer                 ;
; m_cnt_lo_div                         ; 1                      ; Signed Integer                 ;
; m_cnt_bypass_en                      ; false                  ; String                         ;
; m_cnt_odd_div_duty_en                ; false                  ; String                         ;
; n_cnt_hi_div                         ; 1                      ; Signed Integer                 ;
; n_cnt_lo_div                         ; 1                      ; Signed Integer                 ;
; n_cnt_bypass_en                      ; false                  ; String                         ;
; n_cnt_odd_div_duty_en                ; false                  ; String                         ;
; c_cnt_hi_div0                        ; 1                      ; Signed Integer                 ;
; c_cnt_lo_div0                        ; 1                      ; Signed Integer                 ;
; c_cnt_bypass_en0                     ; false                  ; String                         ;
; c_cnt_in_src0                        ; ph_mux_clk             ; String                         ;
; c_cnt_odd_div_duty_en0               ; false                  ; String                         ;
; c_cnt_prst0                          ; 1                      ; Signed Integer                 ;
; c_cnt_ph_mux_prst0                   ; 0                      ; Signed Integer                 ;
; c_cnt_hi_div1                        ; 1                      ; Signed Integer                 ;
; c_cnt_lo_div1                        ; 1                      ; Signed Integer                 ;
; c_cnt_bypass_en1                     ; false                  ; String                         ;
; c_cnt_in_src1                        ; ph_mux_clk             ; String                         ;
; c_cnt_odd_div_duty_en1               ; false                  ; String                         ;
; c_cnt_prst1                          ; 1                      ; Signed Integer                 ;
; c_cnt_ph_mux_prst1                   ; 0                      ; Signed Integer                 ;
; c_cnt_hi_div2                        ; 1                      ; Signed Integer                 ;
; c_cnt_lo_div2                        ; 1                      ; Signed Integer                 ;
; c_cnt_bypass_en2                     ; false                  ; String                         ;
; c_cnt_in_src2                        ; ph_mux_clk             ; String                         ;
; c_cnt_odd_div_duty_en2               ; false                  ; String                         ;
; c_cnt_prst2                          ; 1                      ; Signed Integer                 ;
; c_cnt_ph_mux_prst2                   ; 0                      ; Signed Integer                 ;
; c_cnt_hi_div3                        ; 1                      ; Signed Integer                 ;
; c_cnt_lo_div3                        ; 1                      ; Signed Integer                 ;
; c_cnt_bypass_en3                     ; false                  ; String                         ;
; c_cnt_in_src3                        ; ph_mux_clk             ; String                         ;
; c_cnt_odd_div_duty_en3               ; false                  ; String                         ;
; c_cnt_prst3                          ; 1                      ; Signed Integer                 ;
; c_cnt_ph_mux_prst3                   ; 0                      ; Signed Integer                 ;
; c_cnt_hi_div4                        ; 1                      ; Signed Integer                 ;
; c_cnt_lo_div4                        ; 1                      ; Signed Integer                 ;
; c_cnt_bypass_en4                     ; false                  ; String                         ;
; c_cnt_in_src4                        ; ph_mux_clk             ; String                         ;
; c_cnt_odd_div_duty_en4               ; false                  ; String                         ;
; c_cnt_prst4                          ; 1                      ; Signed Integer                 ;
; c_cnt_ph_mux_prst4                   ; 0                      ; Signed Integer                 ;
; c_cnt_hi_div5                        ; 1                      ; Signed Integer                 ;
; c_cnt_lo_div5                        ; 1                      ; Signed Integer                 ;
; c_cnt_bypass_en5                     ; false                  ; String                         ;
; c_cnt_in_src5                        ; ph_mux_clk             ; String                         ;
; c_cnt_odd_div_duty_en5               ; false                  ; String                         ;
; c_cnt_prst5                          ; 1                      ; Signed Integer                 ;
; c_cnt_ph_mux_prst5                   ; 0                      ; Signed Integer                 ;
; c_cnt_hi_div6                        ; 1                      ; Signed Integer                 ;
; c_cnt_lo_div6                        ; 1                      ; Signed Integer                 ;
; c_cnt_bypass_en6                     ; false                  ; String                         ;
; c_cnt_in_src6                        ; ph_mux_clk             ; String                         ;
; c_cnt_odd_div_duty_en6               ; false                  ; String                         ;
; c_cnt_prst6                          ; 1                      ; Signed Integer                 ;
; c_cnt_ph_mux_prst6                   ; 0                      ; Signed Integer                 ;
; c_cnt_hi_div7                        ; 1                      ; Signed Integer                 ;
; c_cnt_lo_div7                        ; 1                      ; Signed Integer                 ;
; c_cnt_bypass_en7                     ; false                  ; String                         ;
; c_cnt_in_src7                        ; ph_mux_clk             ; String                         ;
; c_cnt_odd_div_duty_en7               ; false                  ; String                         ;
; c_cnt_prst7                          ; 1                      ; Signed Integer                 ;
; c_cnt_ph_mux_prst7                   ; 0                      ; Signed Integer                 ;
; c_cnt_hi_div8                        ; 1                      ; Signed Integer                 ;
; c_cnt_lo_div8                        ; 1                      ; Signed Integer                 ;
; c_cnt_bypass_en8                     ; false                  ; String                         ;
; c_cnt_in_src8                        ; ph_mux_clk             ; String                         ;
; c_cnt_odd_div_duty_en8               ; false                  ; String                         ;
; c_cnt_prst8                          ; 1                      ; Signed Integer                 ;
; c_cnt_ph_mux_prst8                   ; 0                      ; Signed Integer                 ;
; c_cnt_hi_div9                        ; 1                      ; Signed Integer                 ;
; c_cnt_lo_div9                        ; 1                      ; Signed Integer                 ;
; c_cnt_bypass_en9                     ; false                  ; String                         ;
; c_cnt_in_src9                        ; ph_mux_clk             ; String                         ;
; c_cnt_odd_div_duty_en9               ; false                  ; String                         ;
; c_cnt_prst9                          ; 1                      ; Signed Integer                 ;
; c_cnt_ph_mux_prst9                   ; 0                      ; Signed Integer                 ;
; c_cnt_hi_div10                       ; 1                      ; Signed Integer                 ;
; c_cnt_lo_div10                       ; 1                      ; Signed Integer                 ;
; c_cnt_bypass_en10                    ; false                  ; String                         ;
; c_cnt_in_src10                       ; ph_mux_clk             ; String                         ;
; c_cnt_odd_div_duty_en10              ; false                  ; String                         ;
; c_cnt_prst10                         ; 1                      ; Signed Integer                 ;
; c_cnt_ph_mux_prst10                  ; 0                      ; Signed Integer                 ;
; c_cnt_hi_div11                       ; 1                      ; Signed Integer                 ;
; c_cnt_lo_div11                       ; 1                      ; Signed Integer                 ;
; c_cnt_bypass_en11                    ; false                  ; String                         ;
; c_cnt_in_src11                       ; ph_mux_clk             ; String                         ;
; c_cnt_odd_div_duty_en11              ; false                  ; String                         ;
; c_cnt_prst11                         ; 1                      ; Signed Integer                 ;
; c_cnt_ph_mux_prst11                  ; 0                      ; Signed Integer                 ;
; c_cnt_hi_div12                       ; 1                      ; Signed Integer                 ;
; c_cnt_lo_div12                       ; 1                      ; Signed Integer                 ;
; c_cnt_bypass_en12                    ; false                  ; String                         ;
; c_cnt_in_src12                       ; ph_mux_clk             ; String                         ;
; c_cnt_odd_div_duty_en12              ; false                  ; String                         ;
; c_cnt_prst12                         ; 1                      ; Signed Integer                 ;
; c_cnt_ph_mux_prst12                  ; 0                      ; Signed Integer                 ;
; c_cnt_hi_div13                       ; 1                      ; Signed Integer                 ;
; c_cnt_lo_div13                       ; 1                      ; Signed Integer                 ;
; c_cnt_bypass_en13                    ; false                  ; String                         ;
; c_cnt_in_src13                       ; ph_mux_clk             ; String                         ;
; c_cnt_odd_div_duty_en13              ; false                  ; String                         ;
; c_cnt_prst13                         ; 1                      ; Signed Integer                 ;
; c_cnt_ph_mux_prst13                  ; 0                      ; Signed Integer                 ;
; c_cnt_hi_div14                       ; 1                      ; Signed Integer                 ;
; c_cnt_lo_div14                       ; 1                      ; Signed Integer                 ;
; c_cnt_bypass_en14                    ; false                  ; String                         ;
; c_cnt_in_src14                       ; ph_mux_clk             ; String                         ;
; c_cnt_odd_div_duty_en14              ; false                  ; String                         ;
; c_cnt_prst14                         ; 1                      ; Signed Integer                 ;
; c_cnt_ph_mux_prst14                  ; 0                      ; Signed Integer                 ;
; c_cnt_hi_div15                       ; 1                      ; Signed Integer                 ;
; c_cnt_lo_div15                       ; 1                      ; Signed Integer                 ;
; c_cnt_bypass_en15                    ; false                  ; String                         ;
; c_cnt_in_src15                       ; ph_mux_clk             ; String                         ;
; c_cnt_odd_div_duty_en15              ; false                  ; String                         ;
; c_cnt_prst15                         ; 1                      ; Signed Integer                 ;
; c_cnt_ph_mux_prst15                  ; 0                      ; Signed Integer                 ;
; c_cnt_hi_div16                       ; 1                      ; Signed Integer                 ;
; c_cnt_lo_div16                       ; 1                      ; Signed Integer                 ;
; c_cnt_bypass_en16                    ; false                  ; String                         ;
; c_cnt_in_src16                       ; ph_mux_clk             ; String                         ;
; c_cnt_odd_div_duty_en16              ; false                  ; String                         ;
; c_cnt_prst16                         ; 1                      ; Signed Integer                 ;
; c_cnt_ph_mux_prst16                  ; 0                      ; Signed Integer                 ;
; c_cnt_hi_div17                       ; 1                      ; Signed Integer                 ;
; c_cnt_lo_div17                       ; 1                      ; Signed Integer                 ;
; c_cnt_bypass_en17                    ; false                  ; String                         ;
; c_cnt_in_src17                       ; ph_mux_clk             ; String                         ;
; c_cnt_odd_div_duty_en17              ; false                  ; String                         ;
; c_cnt_prst17                         ; 1                      ; Signed Integer                 ;
; c_cnt_ph_mux_prst17                  ; 0                      ; Signed Integer                 ;
; pll_vco_div                          ; 1                      ; Signed Integer                 ;
; pll_slf_rst                          ; false                  ; String                         ;
; pll_bw_sel                           ; low                    ; String                         ;
; pll_output_clk_frequency             ; 0 MHz                  ; String                         ;
; pll_cp_current                       ; 0                      ; Signed Integer                 ;
; pll_bwctrl                           ; 0                      ; Signed Integer                 ;
; pll_fractional_division              ; 1                      ; Signed Integer                 ;
; pll_fractional_cout                  ; 24                     ; Signed Integer                 ;
; pll_dsm_out_sel                      ; 1st_order              ; String                         ;
; mimic_fbclk_type                     ; gclk                   ; String                         ;
; pll_fbclk_mux_1                      ; glb                    ; String                         ;
; pll_fbclk_mux_2                      ; fb_1                   ; String                         ;
; pll_m_cnt_in_src                     ; ph_mux_clk             ; String                         ;
; pll_vcoph_div                        ; 1                      ; Signed Integer                 ;
; refclk1_frequency                    ; 0 MHz                  ; String                         ;
; pll_clkin_0_src                      ; clk_0                  ; String                         ;
; pll_clkin_1_src                      ; clk_0                  ; String                         ;
; pll_clk_loss_sw_en                   ; false                  ; String                         ;
; pll_auto_clk_sw_en                   ; false                  ; String                         ;
; pll_manu_clk_sw_en                   ; false                  ; String                         ;
; pll_clk_sw_dly                       ; 0                      ; Signed Integer                 ;
; pll_extclk_0_cnt_src                 ; pll_extclk_cnt_src_vss ; String                         ;
; pll_extclk_1_cnt_src                 ; pll_extclk_cnt_src_vss ; String                         ;
+--------------------------------------+------------------------+--------------------------------+
Note: In order to hide this table in the UI and the text report file, please set the "Show Parameter Settings in Synthesis Report" option in "Analysis and Synthesis Settings -> More Settings" to "Off".


+-------------------------------------------------------------------+
; Parameter Settings for User Entity Instance: sinal_memoria:comb_6 ;
+----------------+-------+------------------------------------------+
; Parameter Name ; Value ; Type                                     ;
+----------------+-------+------------------------------------------+
; DATA_WIDTH     ; 16    ; Signed Integer                           ;
; ADDR_WIDTH     ; 8     ; Signed Integer                           ;
+----------------+-------+------------------------------------------+
Note: In order to hide this table in the UI and the text report file, please set the "Show Parameter Settings in Synthesis Report" option in "Analysis and Synthesis Settings -> More Settings" to "Off".


+------------------------------------------------------------------------------------------------------------------------------------------------------------+
; Parameter Settings for User Entity Instance: top_level:top_level|top_proc_interp:top_proc_interp_inst|proc_interp:proc_interp_inst|processor:p_proc_interp ;
+----------------+-----------------------------------------------------------------------------------------+-------------------------------------------------+
; Parameter Name ; Value                                                                                   ; Type                                            ;
+----------------+-----------------------------------------------------------------------------------------+-------------------------------------------------+
; NBOPCO         ; 7                                                                                       ; Signed Integer                                  ;
; ITRADD         ; 185                                                                                     ; Signed Integer                                  ;
; TOAQUIADDR     ; 0                                                                                       ; Signed Integer                                  ;
; IFILE          ; C:/Users/Ricardo/Documents/Dissertacao/Aurora/proc_interp/Hardware/proc_interp_inst.mif ; String                                          ;
; DFILE          ; C:/Users/Ricardo/Documents/Dissertacao/Aurora/proc_interp/Hardware/proc_interp_data.mif ; String                                          ;
; MDATAS         ; 917                                                                                     ; Signed Integer                                  ;
; MINSTS         ; 659                                                                                     ; Signed Integer                                  ;
; MDATAW         ; 10                                                                                      ; Signed Integer                                  ;
; MINSTW         ; 10                                                                                      ; Signed Integer                                  ;
; NUBITS         ; 32                                                                                      ; Signed Integer                                  ;
; NBMANT         ; 23                                                                                      ; Signed Integer                                  ;
; NBEXPO         ; 8                                                                                       ; Signed Integer                                  ;
; NBOPER         ; 10                                                                                      ; Signed Integer                                  ;
; SDEPTH         ; 5                                                                                       ; Signed Integer                                  ;
; DDEPTH         ; 5                                                                                       ; Signed Integer                                  ;
; NBIOIN         ; 1                                                                                       ; Signed Integer                                  ;
; NBIOOU         ; 3                                                                                       ; Signed Integer                                  ;
; NUGAIN         ; 128                                                                                     ; Signed Integer                                  ;
; FFTSIZ         ; 8                                                                                       ; Signed Integer                                  ;
; LOD            ; 1                                                                                       ; Signed Integer                                  ;
; P_LOD          ; 1                                                                                       ; Signed Integer                                  ;
; LDI            ; 1                                                                                       ; Signed Integer                                  ;
; ILI            ; 0                                                                                       ; Signed Integer                                  ;
; SET            ; 1                                                                                       ; Signed Integer                                  ;
; SET_P          ; 0                                                                                       ; Signed Integer                                  ;
; STI            ; 1                                                                                       ; Signed Integer                                  ;
; ISI            ; 0                                                                                       ; Signed Integer                                  ;
; PSH            ; 0                                                                                       ; Signed Integer                                  ;
; POP            ; 0                                                                                       ; Signed Integer                                  ;
; INN            ; 1                                                                                       ; Signed Integer                                  ;
; F_INN          ; 0                                                                                       ; Signed Integer                                  ;
; P_INN          ; 0                                                                                       ; Signed Integer                                  ;
; PF_INN         ; 0                                                                                       ; Signed Integer                                  ;
; OUT            ; 1                                                                                       ; Signed Integer                                  ;
; JIZ            ; 1                                                                                       ; Signed Integer                                  ;
; CAL            ; 0                                                                                       ; Signed Integer                                  ;
; ADD            ; 1                                                                                       ; Signed Integer                                  ;
; S_ADD          ; 0                                                                                       ; Signed Integer                                  ;
; F_ADD          ; 1                                                                                       ; Signed Integer                                  ;
; SF_ADD         ; 1                                                                                       ; Signed Integer                                  ;
; MLT            ; 0                                                                                       ; Signed Integer                                  ;
; S_MLT          ; 0                                                                                       ; Signed Integer                                  ;
; F_MLT          ; 1                                                                                       ; Signed Integer                                  ;
; SF_MLT         ; 1                                                                                       ; Signed Integer                                  ;
; DIV            ; 0                                                                                       ; Signed Integer                                  ;
; S_DIV          ; 0                                                                                       ; Signed Integer                                  ;
; F_DIV          ; 1                                                                                       ; Signed Integer                                  ;
; SF_DIV         ; 1                                                                                       ; Signed Integer                                  ;
; MOD            ; 0                                                                                       ; Signed Integer                                  ;
; S_MOD          ; 0                                                                                       ; Signed Integer                                  ;
; SGN            ; 0                                                                                       ; Signed Integer                                  ;
; S_SGN          ; 0                                                                                       ; Signed Integer                                  ;
; F_SGN          ; 0                                                                                       ; Signed Integer                                  ;
; SF_SGN         ; 0                                                                                       ; Signed Integer                                  ;
; NEG            ; 0                                                                                       ; Signed Integer                                  ;
; NEG_M          ; 0                                                                                       ; Signed Integer                                  ;
; P_NEG_M        ; 0                                                                                       ; Signed Integer                                  ;
; F_NEG          ; 1                                                                                       ; Signed Integer                                  ;
; F_NEG_M        ; 0                                                                                       ; Signed Integer                                  ;
; PF_NEG_M       ; 1                                                                                       ; Signed Integer                                  ;
; ABS            ; 0                                                                                       ; Signed Integer                                  ;
; ABS_M          ; 0                                                                                       ; Signed Integer                                  ;
; P_ABS_M        ; 0                                                                                       ; Signed Integer                                  ;
; F_ABS          ; 0                                                                                       ; Signed Integer                                  ;
; F_ABS_M        ; 0                                                                                       ; Signed Integer                                  ;
; PF_ABS_M       ; 0                                                                                       ; Signed Integer                                  ;
; PST            ; 0                                                                                       ; Signed Integer                                  ;
; PST_M          ; 0                                                                                       ; Signed Integer                                  ;
; P_PST_M        ; 0                                                                                       ; Signed Integer                                  ;
; F_PST          ; 0                                                                                       ; Signed Integer                                  ;
; F_PST_M        ; 0                                                                                       ; Signed Integer                                  ;
; PF_PST_M       ; 0                                                                                       ; Signed Integer                                  ;
; NRM            ; 0                                                                                       ; Signed Integer                                  ;
; NRM_M          ; 0                                                                                       ; Signed Integer                                  ;
; P_NRM_M        ; 0                                                                                       ; Signed Integer                                  ;
; I2F            ; 1                                                                                       ; Signed Integer                                  ;
; I2F_M          ; 1                                                                                       ; Signed Integer                                  ;
; P_I2F_M        ; 1                                                                                       ; Signed Integer                                  ;
; F2I            ; 1                                                                                       ; Signed Integer                                  ;
; F2I_M          ; 0                                                                                       ; Signed Integer                                  ;
; P_F2I_M        ; 0                                                                                       ; Signed Integer                                  ;
; AND            ; 0                                                                                       ; Signed Integer                                  ;
; S_AND          ; 0                                                                                       ; Signed Integer                                  ;
; ORR            ; 0                                                                                       ; Signed Integer                                  ;
; S_ORR          ; 0                                                                                       ; Signed Integer                                  ;
; XOR            ; 0                                                                                       ; Signed Integer                                  ;
; S_XOR          ; 0                                                                                       ; Signed Integer                                  ;
; INV            ; 0                                                                                       ; Signed Integer                                  ;
; INV_M          ; 0                                                                                       ; Signed Integer                                  ;
; P_INV_M        ; 0                                                                                       ; Signed Integer                                  ;
; LAN            ; 0                                                                                       ; Signed Integer                                  ;
; S_LAN          ; 0                                                                                       ; Signed Integer                                  ;
; LOR            ; 0                                                                                       ; Signed Integer                                  ;
; S_LOR          ; 0                                                                                       ; Signed Integer                                  ;
; LIN            ; 1                                                                                       ; Signed Integer                                  ;
; LIN_M          ; 0                                                                                       ; Signed Integer                                  ;
; P_LIN_M        ; 0                                                                                       ; Signed Integer                                  ;
; LES            ; 1                                                                                       ; Signed Integer                                  ;
; S_LES          ; 0                                                                                       ; Signed Integer                                  ;
; F_LES          ; 0                                                                                       ; Signed Integer                                  ;
; SF_LES         ; 1                                                                                       ; Signed Integer                                  ;
; GRE            ; 1                                                                                       ; Signed Integer                                  ;
; S_GRE          ; 0                                                                                       ; Signed Integer                                  ;
; F_GRE          ; 0                                                                                       ; Signed Integer                                  ;
; SF_GRE         ; 0                                                                                       ; Signed Integer                                  ;
; EQU            ; 0                                                                                       ; Signed Integer                                  ;
; S_EQU          ; 1                                                                                       ; Signed Integer                                  ;
; SHL            ; 0                                                                                       ; Signed Integer                                  ;
; S_SHL          ; 0                                                                                       ; Signed Integer                                  ;
; SHR            ; 0                                                                                       ; Signed Integer                                  ;
; S_SHR          ; 0                                                                                       ; Signed Integer                                  ;
; SRS            ; 0                                                                                       ; Signed Integer                                  ;
; S_SRS          ; 0                                                                                       ; Signed Integer                                  ;
; F_ROT          ; 0                                                                                       ; Signed Integer                                  ;
; F_SU1          ; 1                                                                                       ; Signed Integer                                  ;
; F_SU2          ; 1                                                                                       ; Signed Integer                                  ;
; SF_SU1         ; 0                                                                                       ; Signed Integer                                  ;
; SF_SU2         ; 1                                                                                       ; Signed Integer                                  ;
; LDA            ; 0                                                                                       ; Signed Integer                                  ;
; STA            ; 0                                                                                       ; Signed Integer                                  ;
+----------------+-----------------------------------------------------------------------------------------+-------------------------------------------------+
Note: In order to hide this table in the UI and the text report file, please set the "Show Parameter Settings in Synthesis Report" option in "Analysis and Synthesis Settings -> More Settings" to "Off".


+----------------------------------------------------------------------------------------------------------------------------------------------------------------------+
; Parameter Settings for User Entity Instance: top_level:top_level|top_proc_interp:top_proc_interp_inst|proc_interp:proc_interp_inst|processor:p_proc_interp|core:core ;
+----------------+-------+---------------------------------------------------------------------------------------------------------------------------------------------+
; Parameter Name ; Value ; Type                                                                                                                                        ;
+----------------+-------+---------------------------------------------------------------------------------------------------------------------------------------------+
; NBOPCO         ; 7     ; Signed Integer                                                                                                                              ;
; NBOPER         ; 10    ; Signed Integer                                                                                                                              ;
; ITRADD         ; 185   ; Signed Integer                                                                                                                              ;
; TOAQUIADDR     ; 0     ; Signed Integer                                                                                                                              ;
; MDATAW         ; 10    ; Signed Integer                                                                                                                              ;
; MINSTW         ; 10    ; Signed Integer                                                                                                                              ;
; NBINST         ; 17    ; Signed Integer                                                                                                                              ;
; NUBITS         ; 32    ; Signed Integer                                                                                                                              ;
; NBMANT         ; 23    ; Signed Integer                                                                                                                              ;
; NBEXPO         ; 8     ; Signed Integer                                                                                                                              ;
; SDEPTH         ; 5     ; Signed Integer                                                                                                                              ;
; DDEPTH         ; 5     ; Signed Integer                                                                                                                              ;
; NBIOIN         ; 1     ; Signed Integer                                                                                                                              ;
; NBIOOU         ; 3     ; Signed Integer                                                                                                                              ;
; NUGAIN         ; 128   ; Signed Integer                                                                                                                              ;
; FFTSIZ         ; 8     ; Signed Integer                                                                                                                              ;
; LOD            ; 1     ; Signed Integer                                                                                                                              ;
; P_LOD          ; 1     ; Signed Integer                                                                                                                              ;
; LDI            ; 1     ; Signed Integer                                                                                                                              ;
; ILI            ; 0     ; Signed Integer                                                                                                                              ;
; SET            ; 1     ; Signed Integer                                                                                                                              ;
; SET_P          ; 0     ; Signed Integer                                                                                                                              ;
; STI            ; 1     ; Signed Integer                                                                                                                              ;
; ISI            ; 0     ; Signed Integer                                                                                                                              ;
; PSH            ; 0     ; Signed Integer                                                                                                                              ;
; POP            ; 0     ; Signed Integer                                                                                                                              ;
; INN            ; 1     ; Signed Integer                                                                                                                              ;
; F_INN          ; 0     ; Signed Integer                                                                                                                              ;
; P_INN          ; 0     ; Signed Integer                                                                                                                              ;
; PF_INN         ; 0     ; Signed Integer                                                                                                                              ;
; OUT            ; 1     ; Signed Integer                                                                                                                              ;
; JIZ            ; 1     ; Signed Integer                                                                                                                              ;
; CAL            ; 0     ; Signed Integer                                                                                                                              ;
; ADD            ; 1     ; Signed Integer                                                                                                                              ;
; S_ADD          ; 0     ; Signed Integer                                                                                                                              ;
; F_ADD          ; 1     ; Signed Integer                                                                                                                              ;
; SF_ADD         ; 1     ; Signed Integer                                                                                                                              ;
; MLT            ; 0     ; Signed Integer                                                                                                                              ;
; S_MLT          ; 0     ; Signed Integer                                                                                                                              ;
; F_MLT          ; 1     ; Signed Integer                                                                                                                              ;
; SF_MLT         ; 1     ; Signed Integer                                                                                                                              ;
; DIV            ; 0     ; Signed Integer                                                                                                                              ;
; S_DIV          ; 0     ; Signed Integer                                                                                                                              ;
; F_DIV          ; 1     ; Signed Integer                                                                                                                              ;
; SF_DIV         ; 1     ; Signed Integer                                                                                                                              ;
; MOD            ; 0     ; Signed Integer                                                                                                                              ;
; S_MOD          ; 0     ; Signed Integer                                                                                                                              ;
; SGN            ; 0     ; Signed Integer                                                                                                                              ;
; S_SGN          ; 0     ; Signed Integer                                                                                                                              ;
; F_SGN          ; 0     ; Signed Integer                                                                                                                              ;
; SF_SGN         ; 0     ; Signed Integer                                                                                                                              ;
; NEG            ; 0     ; Signed Integer                                                                                                                              ;
; NEG_M          ; 0     ; Signed Integer                                                                                                                              ;
; P_NEG_M        ; 0     ; Signed Integer                                                                                                                              ;
; F_NEG          ; 1     ; Signed Integer                                                                                                                              ;
; F_NEG_M        ; 0     ; Signed Integer                                                                                                                              ;
; PF_NEG_M       ; 1     ; Signed Integer                                                                                                                              ;
; ABS            ; 0     ; Signed Integer                                                                                                                              ;
; ABS_M          ; 0     ; Signed Integer                                                                                                                              ;
; P_ABS_M        ; 0     ; Signed Integer                                                                                                                              ;
; F_ABS          ; 0     ; Signed Integer                                                                                                                              ;
; F_ABS_M        ; 0     ; Signed Integer                                                                                                                              ;
; PF_ABS_M       ; 0     ; Signed Integer                                                                                                                              ;
; PST            ; 0     ; Signed Integer                                                                                                                              ;
; PST_M          ; 0     ; Signed Integer                                                                                                                              ;
; P_PST_M        ; 0     ; Signed Integer                                                                                                                              ;
; F_PST          ; 0     ; Signed Integer                                                                                                                              ;
; F_PST_M        ; 0     ; Signed Integer                                                                                                                              ;
; PF_PST_M       ; 0     ; Signed Integer                                                                                                                              ;
; NRM            ; 0     ; Signed Integer                                                                                                                              ;
; NRM_M          ; 0     ; Signed Integer                                                                                                                              ;
; P_NRM_M        ; 0     ; Signed Integer                                                                                                                              ;
; I2F            ; 1     ; Signed Integer                                                                                                                              ;
; I2F_M          ; 1     ; Signed Integer                                                                                                                              ;
; P_I2F_M        ; 1     ; Signed Integer                                                                                                                              ;
; F2I            ; 1     ; Signed Integer                                                                                                                              ;
; F2I_M          ; 0     ; Signed Integer                                                                                                                              ;
; P_F2I_M        ; 0     ; Signed Integer                                                                                                                              ;
; AND            ; 0     ; Signed Integer                                                                                                                              ;
; S_AND          ; 0     ; Signed Integer                                                                                                                              ;
; ORR            ; 0     ; Signed Integer                                                                                                                              ;
; S_ORR          ; 0     ; Signed Integer                                                                                                                              ;
; XOR            ; 0     ; Signed Integer                                                                                                                              ;
; S_XOR          ; 0     ; Signed Integer                                                                                                                              ;
; INV            ; 0     ; Signed Integer                                                                                                                              ;
; INV_M          ; 0     ; Signed Integer                                                                                                                              ;
; P_INV_M        ; 0     ; Signed Integer                                                                                                                              ;
; LAN            ; 0     ; Signed Integer                                                                                                                              ;
; S_LAN          ; 0     ; Signed Integer                                                                                                                              ;
; LOR            ; 0     ; Signed Integer                                                                                                                              ;
; S_LOR          ; 0     ; Signed Integer                                                                                                                              ;
; LIN            ; 1     ; Signed Integer                                                                                                                              ;
; LIN_M          ; 0     ; Signed Integer                                                                                                                              ;
; P_LIN_M        ; 0     ; Signed Integer                                                                                                                              ;
; LES            ; 1     ; Signed Integer                                                                                                                              ;
; S_LES          ; 0     ; Signed Integer                                                                                                                              ;
; F_LES          ; 0     ; Signed Integer                                                                                                                              ;
; SF_LES         ; 1     ; Signed Integer                                                                                                                              ;
; GRE            ; 1     ; Signed Integer                                                                                                                              ;
; S_GRE          ; 0     ; Signed Integer                                                                                                                              ;
; F_GRE          ; 0     ; Signed Integer                                                                                                                              ;
; SF_GRE         ; 0     ; Signed Integer                                                                                                                              ;
; EQU            ; 0     ; Signed Integer                                                                                                                              ;
; S_EQU          ; 1     ; Signed Integer                                                                                                                              ;
; SHL            ; 0     ; Signed Integer                                                                                                                              ;
; S_SHL          ; 0     ; Signed Integer                                                                                                                              ;
; SHR            ; 0     ; Signed Integer                                                                                                                              ;
; S_SHR          ; 0     ; Signed Integer                                                                                                                              ;
; SRS            ; 0     ; Signed Integer                                                                                                                              ;
; S_SRS          ; 0     ; Signed Integer                                                                                                                              ;
; F_ROT          ; 0     ; Signed Integer                                                                                                                              ;
; F_SU1          ; 1     ; Signed Integer                                                                                                                              ;
; F_SU2          ; 1     ; Signed Integer                                                                                                                              ;
; SF_SU1         ; 0     ; Signed Integer                                                                                                                              ;
; SF_SU2         ; 1     ; Signed Integer                                                                                                                              ;
; LDA            ; 0     ; Signed Integer                                                                                                                              ;
; STA            ; 0     ; Signed Integer                                                                                                                              ;
+----------------+-------+---------------------------------------------------------------------------------------------------------------------------------------------+
Note: In order to hide this table in the UI and the text report file, please set the "Show Parameter Settings in Synthesis Report" option in "Analysis and Synthesis Settings -> More Settings" to "Off".


+----------------------------------------------------------------------------------------------------------------------------------------------------------------------------------------------+
; Parameter Settings for User Entity Instance: top_level:top_level|top_proc_interp:top_proc_interp_inst|proc_interp:proc_interp_inst|processor:p_proc_interp|core:core|instr_fetch:instr_fetch ;
+----------------+-------+---------------------------------------------------------------------------------------------------------------------------------------------------------------------+
; Parameter Name ; Value ; Type                                                                                                                                                                ;
+----------------+-------+---------------------------------------------------------------------------------------------------------------------------------------------------------------------+
; NBINST         ; 17    ; Signed Integer                                                                                                                                                      ;
; MINSTW         ; 10    ; Signed Integer                                                                                                                                                      ;
; ITRADD         ; 185   ; Signed Integer                                                                                                                                                      ;
; TOAQUIADDR     ; 0     ; Signed Integer                                                                                                                                                      ;
; NBOPCO         ; 7     ; Signed Integer                                                                                                                                                      ;
; NBOPER         ; 10    ; Signed Integer                                                                                                                                                      ;
; SDEPTH         ; 5     ; Signed Integer                                                                                                                                                      ;
; CAL            ; 0     ; Signed Integer                                                                                                                                                      ;
; JIZ            ; 1     ; Signed Integer                                                                                                                                                      ;
+----------------+-------+---------------------------------------------------------------------------------------------------------------------------------------------------------------------+
Note: In order to hide this table in the UI and the text report file, please set the "Show Parameter Settings in Synthesis Report" option in "Analysis and Synthesis Settings -> More Settings" to "Off".


+----------------------------------------------------------------------------------------------------------------------------------------------------------------------------------------------------+
; Parameter Settings for User Entity Instance: top_level:top_level|top_proc_interp:top_proc_interp_inst|proc_interp:proc_interp_inst|processor:p_proc_interp|core:core|instr_fetch:instr_fetch|pc:pc ;
+----------------+-------+---------------------------------------------------------------------------------------------------------------------------------------------------------------------------+
; Parameter Name ; Value ; Type                                                                                                                                                                      ;
+----------------+-------+---------------------------------------------------------------------------------------------------------------------------------------------------------------------------+
; NBITS          ; 10    ; Signed Integer                                                                                                                                                            ;
+----------------+-------+---------------------------------------------------------------------------------------------------------------------------------------------------------------------------+
Note: In order to hide this table in the UI and the text report file, please set the "Show Parameter Settings in Synthesis Report" option in "Analysis and Synthesis Settings -> More Settings" to "Off".


+----------------------------------------------------------------------------------------------------------------------------------------------------------------------------------------------------------+
; Parameter Settings for User Entity Instance: top_level:top_level|top_proc_interp:top_proc_interp_inst|proc_interp:proc_interp_inst|processor:p_proc_interp|core:core|instr_fetch:instr_fetch|prefetch:pf ;
+----------------+-------+---------------------------------------------------------------------------------------------------------------------------------------------------------------------------------+
; Parameter Name ; Value ; Type                                                                                                                                                                            ;
+----------------+-------+---------------------------------------------------------------------------------------------------------------------------------------------------------------------------------+
; MINSTW         ; 10    ; Signed Integer                                                                                                                                                                  ;
; NBOPCO         ; 7     ; Signed Integer                                                                                                                                                                  ;
; NBOPER         ; 10    ; Signed Integer                                                                                                                                                                  ;
; ITRADD         ; 185   ; Signed Integer                                                                                                                                                                  ;
; TOAQUIADDR     ; 0     ; Signed Integer                                                                                                                                                                  ;
; CAL            ; 0     ; Signed Integer                                                                                                                                                                  ;
; JIZ            ; 1     ; Signed Integer                                                                                                                                                                  ;
+----------------+-------+---------------------------------------------------------------------------------------------------------------------------------------------------------------------------------+
Note: In order to hide this table in the UI and the text report file, please set the "Show Parameter Settings in Synthesis Report" option in "Analysis and Synthesis Settings -> More Settings" to "Off".


+-----------------------------------------------------------------------------------------------------------------------------------------------------------------------------------+
; Parameter Settings for User Entity Instance: top_level:top_level|top_proc_interp:top_proc_interp_inst|proc_interp:proc_interp_inst|processor:p_proc_interp|core:core|instr_dec:id ;
+----------------+-------+----------------------------------------------------------------------------------------------------------------------------------------------------------+
; Parameter Name ; Value ; Type                                                                                                                                                     ;
+----------------+-------+----------------------------------------------------------------------------------------------------------------------------------------------------------+
; NBOPCO         ; 7     ; Signed Integer                                                                                                                                           ;
; MDATAW         ; 10    ; Signed Integer                                                                                                                                           ;
; LOD            ; 1     ; Signed Integer                                                                                                                                           ;
; P_LOD          ; 1     ; Signed Integer                                                                                                                                           ;
; LDI            ; 1     ; Signed Integer                                                                                                                                           ;
; ILI            ; 0     ; Signed Integer                                                                                                                                           ;
; SET            ; 1     ; Signed Integer                                                                                                                                           ;
; SET_P          ; 0     ; Signed Integer                                                                                                                                           ;
; STI            ; 1     ; Signed Integer                                                                                                                                           ;
; ISI            ; 0     ; Signed Integer                                                                                                                                           ;
; PSH            ; 0     ; Signed Integer                                                                                                                                           ;
; POP            ; 0     ; Signed Integer                                                                                                                                           ;
; INN            ; 1     ; Signed Integer                                                                                                                                           ;
; F_INN          ; 0     ; Signed Integer                                                                                                                                           ;
; P_INN          ; 0     ; Signed Integer                                                                                                                                           ;
; PF_INN         ; 0     ; Signed Integer                                                                                                                                           ;
; OUT            ; 1     ; Signed Integer                                                                                                                                           ;
; ADD            ; 1     ; Signed Integer                                                                                                                                           ;
; S_ADD          ; 0     ; Signed Integer                                                                                                                                           ;
; F_ADD          ; 1     ; Signed Integer                                                                                                                                           ;
; SF_ADD         ; 1     ; Signed Integer                                                                                                                                           ;
; MLT            ; 0     ; Signed Integer                                                                                                                                           ;
; S_MLT          ; 0     ; Signed Integer                                                                                                                                           ;
; F_MLT          ; 1     ; Signed Integer                                                                                                                                           ;
; SF_MLT         ; 1     ; Signed Integer                                                                                                                                           ;
; DIV            ; 0     ; Signed Integer                                                                                                                                           ;
; S_DIV          ; 0     ; Signed Integer                                                                                                                                           ;
; F_DIV          ; 1     ; Signed Integer                                                                                                                                           ;
; SF_DIV         ; 1     ; Signed Integer                                                                                                                                           ;
; MOD            ; 0     ; Signed Integer                                                                                                                                           ;
; S_MOD          ; 0     ; Signed Integer                                                                                                                                           ;
; SGN            ; 0     ; Signed Integer                                                                                                                                           ;
; S_SGN          ; 0     ; Signed Integer                                                                                                                                           ;
; F_SGN          ; 0     ; Signed Integer                                                                                                                                           ;
; SF_SGN         ; 0     ; Signed Integer                                                                                                                                           ;
; NEG            ; 0     ; Signed Integer                                                                                                                                           ;
; NEG_M          ; 0     ; Signed Integer                                                                                                                                           ;
; P_NEG_M        ; 0     ; Signed Integer                                                                                                                                           ;
; F_NEG          ; 1     ; Signed Integer                                                                                                                                           ;
; F_NEG_M        ; 0     ; Signed Integer                                                                                                                                           ;
; PF_NEG_M       ; 1     ; Signed Integer                                                                                                                                           ;
; ABS            ; 0     ; Signed Integer                                                                                                                                           ;
; ABS_M          ; 0     ; Signed Integer                                                                                                                                           ;
; P_ABS_M        ; 0     ; Signed Integer                                                                                                                                           ;
; F_ABS          ; 0     ; Signed Integer                                                                                                                                           ;
; F_ABS_M        ; 0     ; Signed Integer                                                                                                                                           ;
; PF_ABS_M       ; 0     ; Signed Integer                                                                                                                                           ;
; PST            ; 0     ; Signed Integer                                                                                                                                           ;
; PST_M          ; 0     ; Signed Integer                                                                                                                                           ;
; P_PST_M        ; 0     ; Signed Integer                                                                                                                                           ;
; F_PST          ; 0     ; Signed Integer                                                                                                                                           ;
; F_PST_M        ; 0     ; Signed Integer                                                                                                                                           ;
; PF_PST_M       ; 0     ; Signed Integer                                                                                                                                           ;
; NRM            ; 0     ; Signed Integer                                                                                                                                           ;
; NRM_M          ; 0     ; Signed Integer                                                                                                                                           ;
; P_NRM_M        ; 0     ; Signed Integer                                                                                                                                           ;
; I2F            ; 1     ; Signed Integer                                                                                                                                           ;
; I2F_M          ; 1     ; Signed Integer                                                                                                                                           ;
; P_I2F_M        ; 1     ; Signed Integer                                                                                                                                           ;
; F2I            ; 1     ; Signed Integer                                                                                                                                           ;
; F2I_M          ; 0     ; Signed Integer                                                                                                                                           ;
; P_F2I_M        ; 0     ; Signed Integer                                                                                                                                           ;
; AND            ; 0     ; Signed Integer                                                                                                                                           ;
; S_AND          ; 0     ; Signed Integer                                                                                                                                           ;
; ORR            ; 0     ; Signed Integer                                                                                                                                           ;
; S_ORR          ; 0     ; Signed Integer                                                                                                                                           ;
; XOR            ; 0     ; Signed Integer                                                                                                                                           ;
; S_XOR          ; 0     ; Signed Integer                                                                                                                                           ;
; INV            ; 0     ; Signed Integer                                                                                                                                           ;
; INV_M          ; 0     ; Signed Integer                                                                                                                                           ;
; P_INV_M        ; 0     ; Signed Integer                                                                                                                                           ;
; LAN            ; 0     ; Signed Integer                                                                                                                                           ;
; S_LAN          ; 0     ; Signed Integer                                                                                                                                           ;
; LOR            ; 0     ; Signed Integer                                                                                                                                           ;
; S_LOR          ; 0     ; Signed Integer                                                                                                                                           ;
; LIN            ; 1     ; Signed Integer                                                                                                                                           ;
; LIN_M          ; 0     ; Signed Integer                                                                                                                                           ;
; P_LIN_M        ; 0     ; Signed Integer                                                                                                                                           ;
; LES            ; 1     ; Signed Integer                                                                                                                                           ;
; S_LES          ; 0     ; Signed Integer                                                                                                                                           ;
; F_LES          ; 0     ; Signed Integer                                                                                                                                           ;
; SF_LES         ; 1     ; Signed Integer                                                                                                                                           ;
; GRE            ; 1     ; Signed Integer                                                                                                                                           ;
; S_GRE          ; 0     ; Signed Integer                                                                                                                                           ;
; F_GRE          ; 0     ; Signed Integer                                                                                                                                           ;
; SF_GRE         ; 0     ; Signed Integer                                                                                                                                           ;
; EQU            ; 0     ; Signed Integer                                                                                                                                           ;
; S_EQU          ; 1     ; Signed Integer                                                                                                                                           ;
; SHL            ; 0     ; Signed Integer                                                                                                                                           ;
; S_SHL          ; 0     ; Signed Integer                                                                                                                                           ;
; SHR            ; 0     ; Signed Integer                                                                                                                                           ;
; S_SHR          ; 0     ; Signed Integer                                                                                                                                           ;
; SRS            ; 0     ; Signed Integer                                                                                                                                           ;
; S_SRS          ; 0     ; Signed Integer                                                                                                                                           ;
; F_ROT          ; 0     ; Signed Integer                                                                                                                                           ;
; F_SU1          ; 1     ; Signed Integer                                                                                                                                           ;
; F_SU2          ; 1     ; Signed Integer                                                                                                                                           ;
; SF_SU1         ; 0     ; Signed Integer                                                                                                                                           ;
; SF_SU2         ; 1     ; Signed Integer                                                                                                                                           ;
; LDA            ; 0     ; Signed Integer                                                                                                                                           ;
; STA            ; 0     ; Signed Integer                                                                                                                                           ;
+----------------+-------+----------------------------------------------------------------------------------------------------------------------------------------------------------+
Note: In order to hide this table in the UI and the text report file, please set the "Show Parameter Settings in Synthesis Report" option in "Analysis and Synthesis Settings -> More Settings" to "Off".


+-------------------------------------------------------------------------------------------------------------------------------------------------------------------------------+
; Parameter Settings for User Entity Instance: top_level:top_level|top_proc_interp:top_proc_interp_inst|proc_interp:proc_interp_inst|processor:p_proc_interp|core:core|stack:sp ;
+----------------+-------+------------------------------------------------------------------------------------------------------------------------------------------------------+
; Parameter Name ; Value ; Type                                                                                                                                                 ;
+----------------+-------+------------------------------------------------------------------------------------------------------------------------------------------------------+
; NADDR          ; 3     ; Signed Integer                                                                                                                                       ;
; DEPTH          ; 5     ; Signed Integer                                                                                                                                       ;
; NBITS          ; 32    ; Signed Integer                                                                                                                                       ;
+----------------+-------+------------------------------------------------------------------------------------------------------------------------------------------------------+
Note: In order to hide this table in the UI and the text report file, please set the "Show Parameter Settings in Synthesis Report" option in "Analysis and Synthesis Settings -> More Settings" to "Off".


+----------------------------------------------------------------------------------------------------------------------------------------------------------------------------------------+
; Parameter Settings for User Entity Instance: top_level:top_level|top_proc_interp:top_proc_interp_inst|proc_interp:proc_interp_inst|processor:p_proc_interp|core:core|ula_in1_ctrl:uic1 ;
+----------------+-------+---------------------------------------------------------------------------------------------------------------------------------------------------------------+
; Parameter Name ; Value ; Type                                                                                                                                                          ;
+----------------+-------+---------------------------------------------------------------------------------------------------------------------------------------------------------------+
; NUBITS         ; 32    ; Signed Integer                                                                                                                                                ;
; NBOPCO         ; 7     ; Signed Integer                                                                                                                                                ;
+----------------+-------+---------------------------------------------------------------------------------------------------------------------------------------------------------------+
Note: In order to hide this table in the UI and the text report file, please set the "Show Parameter Settings in Synthesis Report" option in "Analysis and Synthesis Settings -> More Settings" to "Off".


+----------------------------------------------------------------------------------------------------------------------------------------------------------------------------------------+
; Parameter Settings for User Entity Instance: top_level:top_level|top_proc_interp:top_proc_interp_inst|proc_interp:proc_interp_inst|processor:p_proc_interp|core:core|ula_in2_ctrl:uic2 ;
+----------------+-------+---------------------------------------------------------------------------------------------------------------------------------------------------------------+
; Parameter Name ; Value ; Type                                                                                                                                                          ;
+----------------+-------+---------------------------------------------------------------------------------------------------------------------------------------------------------------+
; NUBITS         ; 32    ; Signed Integer                                                                                                                                                ;
; NBOPCO         ; 7     ; Signed Integer                                                                                                                                                ;
+----------------+-------+---------------------------------------------------------------------------------------------------------------------------------------------------------------+
Note: In order to hide this table in the UI and the text report file, please set the "Show Parameter Settings in Synthesis Report" option in "Analysis and Synthesis Settings -> More Settings" to "Off".


+------------------------------------------------------------------------------------------------------------------------------------------------------------------------------+
; Parameter Settings for User Entity Instance: top_level:top_level|top_proc_interp:top_proc_interp_inst|proc_interp:proc_interp_inst|processor:p_proc_interp|core:core|ula:ula ;
+----------------+-------+-----------------------------------------------------------------------------------------------------------------------------------------------------+
; Parameter Name ; Value ; Type                                                                                                                                                ;
+----------------+-------+-----------------------------------------------------------------------------------------------------------------------------------------------------+
; NUBITS         ; 32    ; Signed Integer                                                                                                                                      ;
; NBMANT         ; 23    ; Signed Integer                                                                                                                                      ;
; NBEXPO         ; 8     ; Signed Integer                                                                                                                                      ;
; NUGAIN         ; 128   ; Signed Integer                                                                                                                                      ;
; NBOPCO         ; 7     ; Signed Integer                                                                                                                                      ;
; ADD            ; 1     ; Signed Integer                                                                                                                                      ;
; F_ADD          ; 1     ; Signed Integer                                                                                                                                      ;
; MLT            ; 0     ; Signed Integer                                                                                                                                      ;
; F_MLT          ; 1     ; Signed Integer                                                                                                                                      ;
; DIV            ; 0     ; Signed Integer                                                                                                                                      ;
; F_DIV          ; 1     ; Signed Integer                                                                                                                                      ;
; MOD            ; 0     ; Signed Integer                                                                                                                                      ;
; SGN            ; 0     ; Signed Integer                                                                                                                                      ;
; F_SGN          ; 0     ; Signed Integer                                                                                                                                      ;
; NEG            ; 0     ; Signed Integer                                                                                                                                      ;
; NEG_M          ; 0     ; Signed Integer                                                                                                                                      ;
; F_NEG          ; 1     ; Signed Integer                                                                                                                                      ;
; F_NEG_M        ; 1     ; Signed Integer                                                                                                                                      ;
; ABS            ; 0     ; Signed Integer                                                                                                                                      ;
; ABS_M          ; 0     ; Signed Integer                                                                                                                                      ;
; F_ABS          ; 0     ; Signed Integer                                                                                                                                      ;
; F_ABS_M        ; 0     ; Signed Integer                                                                                                                                      ;
; PST            ; 0     ; Signed Integer                                                                                                                                      ;
; PST_M          ; 0     ; Signed Integer                                                                                                                                      ;
; F_PST          ; 0     ; Signed Integer                                                                                                                                      ;
; F_PST_M        ; 0     ; Signed Integer                                                                                                                                      ;
; NRM            ; 0     ; Signed Integer                                                                                                                                      ;
; NRM_M          ; 0     ; Signed Integer                                                                                                                                      ;
; I2F            ; 1     ; Signed Integer                                                                                                                                      ;
; I2F_M          ; 1     ; Signed Integer                                                                                                                                      ;
; F2I            ; 1     ; Signed Integer                                                                                                                                      ;
; F2I_M          ; 0     ; Signed Integer                                                                                                                                      ;
; AND            ; 0     ; Signed Integer                                                                                                                                      ;
; ORR            ; 0     ; Signed Integer                                                                                                                                      ;
; XOR            ; 0     ; Signed Integer                                                                                                                                      ;
; INV            ; 0     ; Signed Integer                                                                                                                                      ;
; INV_M          ; 0     ; Signed Integer                                                                                                                                      ;
; LAN            ; 0     ; Signed Integer                                                                                                                                      ;
; LOR            ; 0     ; Signed Integer                                                                                                                                      ;
; LIN            ; 1     ; Signed Integer                                                                                                                                      ;
; LIN_M          ; 0     ; Signed Integer                                                                                                                                      ;
; LES            ; 1     ; Signed Integer                                                                                                                                      ;
; F_LES          ; 1     ; Signed Integer                                                                                                                                      ;
; GRE            ; 1     ; Signed Integer                                                                                                                                      ;
; F_GRE          ; 0     ; Signed Integer                                                                                                                                      ;
; EQU            ; 1     ; Signed Integer                                                                                                                                      ;
; SHL            ; 0     ; Signed Integer                                                                                                                                      ;
; SHR            ; 0     ; Signed Integer                                                                                                                                      ;
; SRS            ; 0     ; Signed Integer                                                                                                                                      ;
; F_ROT          ; 0     ; Signed Integer                                                                                                                                      ;
; F_SU1          ; 1     ; Signed Integer                                                                                                                                      ;
; F_SU2          ; 1     ; Signed Integer                                                                                                                                      ;
+----------------+-------+-----------------------------------------------------------------------------------------------------------------------------------------------------+
Note: In order to hide this table in the UI and the text report file, please set the "Show Parameter Settings in Synthesis Report" option in "Analysis and Synthesis Settings -> More Settings" to "Off".


+------------------------------------------------------------------------------------------------------------------------------------------------------------------------------------------------+
; Parameter Settings for User Entity Instance: top_level:top_level|top_proc_interp:top_proc_interp_inst|proc_interp:proc_interp_inst|processor:p_proc_interp|core:core|ula:ula|ula_denorm:denorm ;
+----------------+-------+-----------------------------------------------------------------------------------------------------------------------------------------------------------------------+
; Parameter Name ; Value ; Type                                                                                                                                                                  ;
+----------------+-------+-----------------------------------------------------------------------------------------------------------------------------------------------------------------------+
; MAN            ; 23    ; Signed Integer                                                                                                                                                        ;
; EXP            ; 8     ; Signed Integer                                                                                                                                                        ;
+----------------+-------+-----------------------------------------------------------------------------------------------------------------------------------------------------------------------+
Note: In order to hide this table in the UI and the text report file, please set the "Show Parameter Settings in Synthesis Report" option in "Analysis and Synthesis Settings -> More Settings" to "Off".


+---------------------------------------------------------------------------------------------------------------------------------------------------------------------------------------------+
; Parameter Settings for User Entity Instance: top_level:top_level|top_proc_interp:top_proc_interp_inst|proc_interp:proc_interp_inst|processor:p_proc_interp|core:core|ula:ula|ula_add:my_add ;
+----------------+-------+--------------------------------------------------------------------------------------------------------------------------------------------------------------------+
; Parameter Name ; Value ; Type                                                                                                                                                               ;
+----------------+-------+--------------------------------------------------------------------------------------------------------------------------------------------------------------------+
; NUBITS         ; 32    ; Signed Integer                                                                                                                                                     ;
+----------------+-------+--------------------------------------------------------------------------------------------------------------------------------------------------------------------+
Note: In order to hide this table in the UI and the text report file, please set the "Show Parameter Settings in Synthesis Report" option in "Analysis and Synthesis Settings -> More Settings" to "Off".


+-----------------------------------------------------------------------------------------------------------------------------------------------------------------------------------------------+
; Parameter Settings for User Entity Instance: top_level:top_level|top_proc_interp:top_proc_interp_inst|proc_interp:proc_interp_inst|processor:p_proc_interp|core:core|ula:ula|ula_fadd:my_fadd ;
+----------------+-------+----------------------------------------------------------------------------------------------------------------------------------------------------------------------+
; Parameter Name ; Value ; Type                                                                                                                                                                 ;
+----------------+-------+----------------------------------------------------------------------------------------------------------------------------------------------------------------------+
; MAN            ; 23    ; Signed Integer                                                                                                                                                       ;
; EXP            ; 8     ; Signed Integer                                                                                                                                                       ;
+----------------+-------+----------------------------------------------------------------------------------------------------------------------------------------------------------------------+
Note: In order to hide this table in the UI and the text report file, please set the "Show Parameter Settings in Synthesis Report" option in "Analysis and Synthesis Settings -> More Settings" to "Off".


+-----------------------------------------------------------------------------------------------------------------------------------------------------------------------------------------------+
; Parameter Settings for User Entity Instance: top_level:top_level|top_proc_interp:top_proc_interp_inst|proc_interp:proc_interp_inst|processor:p_proc_interp|core:core|ula:ula|ula_fmlt:my_fmlt ;
+----------------+-------+----------------------------------------------------------------------------------------------------------------------------------------------------------------------+
; Parameter Name ; Value ; Type                                                                                                                                                                 ;
+----------------+-------+----------------------------------------------------------------------------------------------------------------------------------------------------------------------+
; MAN            ; 23    ; Signed Integer                                                                                                                                                       ;
; EXP            ; 8     ; Signed Integer                                                                                                                                                       ;
+----------------+-------+----------------------------------------------------------------------------------------------------------------------------------------------------------------------+
Note: In order to hide this table in the UI and the text report file, please set the "Show Parameter Settings in Synthesis Report" option in "Analysis and Synthesis Settings -> More Settings" to "Off".


+-----------------------------------------------------------------------------------------------------------------------------------------------------------------------------------------------+
; Parameter Settings for User Entity Instance: top_level:top_level|top_proc_interp:top_proc_interp_inst|proc_interp:proc_interp_inst|processor:p_proc_interp|core:core|ula:ula|ula_fdiv:my_fdiv ;
+----------------+-------+----------------------------------------------------------------------------------------------------------------------------------------------------------------------+
; Parameter Name ; Value ; Type                                                                                                                                                                 ;
+----------------+-------+----------------------------------------------------------------------------------------------------------------------------------------------------------------------+
; MAN            ; 23    ; Signed Integer                                                                                                                                                       ;
; EXP            ; 8     ; Signed Integer                                                                                                                                                       ;
+----------------+-------+----------------------------------------------------------------------------------------------------------------------------------------------------------------------+
Note: In order to hide this table in the UI and the text report file, please set the "Show Parameter Settings in Synthesis Report" option in "Analysis and Synthesis Settings -> More Settings" to "Off".


+-----------------------------------------------------------------------------------------------------------------------------------------------------------------------------------------------+
; Parameter Settings for User Entity Instance: top_level:top_level|top_proc_interp:top_proc_interp_inst|proc_interp:proc_interp_inst|processor:p_proc_interp|core:core|ula:ula|ula_fneg:my_fneg ;
+----------------+-------+----------------------------------------------------------------------------------------------------------------------------------------------------------------------+
; Parameter Name ; Value ; Type                                                                                                                                                                 ;
+----------------+-------+----------------------------------------------------------------------------------------------------------------------------------------------------------------------+
; MAN            ; 23    ; Signed Integer                                                                                                                                                       ;
; EXP            ; 8     ; Signed Integer                                                                                                                                                       ;
+----------------+-------+----------------------------------------------------------------------------------------------------------------------------------------------------------------------+
Note: In order to hide this table in the UI and the text report file, please set the "Show Parameter Settings in Synthesis Report" option in "Analysis and Synthesis Settings -> More Settings" to "Off".


+------------------------------------------------------------------------------------------------------------------------------------------------------------------------------------------------+
; Parameter Settings for User Entity Instance: top_level:top_level|top_proc_interp:top_proc_interp_inst|proc_interp:proc_interp_inst|processor:p_proc_interp|core:core|ula:ula|ula_fneg:my_fnegm ;
+----------------+-------+-----------------------------------------------------------------------------------------------------------------------------------------------------------------------+
; Parameter Name ; Value ; Type                                                                                                                                                                  ;
+----------------+-------+-----------------------------------------------------------------------------------------------------------------------------------------------------------------------+
; MAN            ; 23    ; Signed Integer                                                                                                                                                        ;
; EXP            ; 8     ; Signed Integer                                                                                                                                                        ;
+----------------+-------+-----------------------------------------------------------------------------------------------------------------------------------------------------------------------+
Note: In order to hide this table in the UI and the text report file, please set the "Show Parameter Settings in Synthesis Report" option in "Analysis and Synthesis Settings -> More Settings" to "Off".


+---------------------------------------------------------------------------------------------------------------------------------------------------------------------------------------------+
; Parameter Settings for User Entity Instance: top_level:top_level|top_proc_interp:top_proc_interp_inst|proc_interp:proc_interp_inst|processor:p_proc_interp|core:core|ula:ula|ula_i2f:my_i2f ;
+----------------+-------+--------------------------------------------------------------------------------------------------------------------------------------------------------------------+
; Parameter Name ; Value ; Type                                                                                                                                                               ;
+----------------+-------+--------------------------------------------------------------------------------------------------------------------------------------------------------------------+
; MAN            ; 23    ; Signed Integer                                                                                                                                                     ;
; EXP            ; 8     ; Signed Integer                                                                                                                                                     ;
+----------------+-------+--------------------------------------------------------------------------------------------------------------------------------------------------------------------+
Note: In order to hide this table in the UI and the text report file, please set the "Show Parameter Settings in Synthesis Report" option in "Analysis and Synthesis Settings -> More Settings" to "Off".


+----------------------------------------------------------------------------------------------------------------------------------------------------------------------------------------------+
; Parameter Settings for User Entity Instance: top_level:top_level|top_proc_interp:top_proc_interp_inst|proc_interp:proc_interp_inst|processor:p_proc_interp|core:core|ula:ula|ula_i2f:my_i2fm ;
+----------------+-------+---------------------------------------------------------------------------------------------------------------------------------------------------------------------+
; Parameter Name ; Value ; Type                                                                                                                                                                ;
+----------------+-------+---------------------------------------------------------------------------------------------------------------------------------------------------------------------+
; MAN            ; 23    ; Signed Integer                                                                                                                                                      ;
; EXP            ; 8     ; Signed Integer                                                                                                                                                      ;
+----------------+-------+---------------------------------------------------------------------------------------------------------------------------------------------------------------------+
Note: In order to hide this table in the UI and the text report file, please set the "Show Parameter Settings in Synthesis Report" option in "Analysis and Synthesis Settings -> More Settings" to "Off".


+---------------------------------------------------------------------------------------------------------------------------------------------------------------------------------------------+
; Parameter Settings for User Entity Instance: top_level:top_level|top_proc_interp:top_proc_interp_inst|proc_interp:proc_interp_inst|processor:p_proc_interp|core:core|ula:ula|ula_f2i:my_f2i ;
+----------------+-------+--------------------------------------------------------------------------------------------------------------------------------------------------------------------+
; Parameter Name ; Value ; Type                                                                                                                                                               ;
+----------------+-------+--------------------------------------------------------------------------------------------------------------------------------------------------------------------+
; MAN            ; 23    ; Signed Integer                                                                                                                                                     ;
; EXP            ; 8     ; Signed Integer                                                                                                                                                     ;
+----------------+-------+--------------------------------------------------------------------------------------------------------------------------------------------------------------------+
Note: In order to hide this table in the UI and the text report file, please set the "Show Parameter Settings in Synthesis Report" option in "Analysis and Synthesis Settings -> More Settings" to "Off".


+---------------------------------------------------------------------------------------------------------------------------------------------------------------------------------------------+
; Parameter Settings for User Entity Instance: top_level:top_level|top_proc_interp:top_proc_interp_inst|proc_interp:proc_interp_inst|processor:p_proc_interp|core:core|ula:ula|ula_lin:my_lin ;
+----------------+-------+--------------------------------------------------------------------------------------------------------------------------------------------------------------------+
; Parameter Name ; Value ; Type                                                                                                                                                               ;
+----------------+-------+--------------------------------------------------------------------------------------------------------------------------------------------------------------------+
; NUBITS         ; 32    ; Signed Integer                                                                                                                                                     ;
+----------------+-------+--------------------------------------------------------------------------------------------------------------------------------------------------------------------+
Note: In order to hide this table in the UI and the text report file, please set the "Show Parameter Settings in Synthesis Report" option in "Analysis and Synthesis Settings -> More Settings" to "Off".


+---------------------------------------------------------------------------------------------------------------------------------------------------------------------------------------------+
; Parameter Settings for User Entity Instance: top_level:top_level|top_proc_interp:top_proc_interp_inst|proc_interp:proc_interp_inst|processor:p_proc_interp|core:core|ula:ula|ula_les:my_les ;
+----------------+-------+--------------------------------------------------------------------------------------------------------------------------------------------------------------------+
; Parameter Name ; Value ; Type                                                                                                                                                               ;
+----------------+-------+--------------------------------------------------------------------------------------------------------------------------------------------------------------------+
; NUBITS         ; 32    ; Signed Integer                                                                                                                                                     ;
+----------------+-------+--------------------------------------------------------------------------------------------------------------------------------------------------------------------+
Note: In order to hide this table in the UI and the text report file, please set the "Show Parameter Settings in Synthesis Report" option in "Analysis and Synthesis Settings -> More Settings" to "Off".


+-----------------------------------------------------------------------------------------------------------------------------------------------------------------------------------------------+
; Parameter Settings for User Entity Instance: top_level:top_level|top_proc_interp:top_proc_interp_inst|proc_interp:proc_interp_inst|processor:p_proc_interp|core:core|ula:ula|ula_fles:my_fles ;
+----------------+-------+----------------------------------------------------------------------------------------------------------------------------------------------------------------------+
; Parameter Name ; Value ; Type                                                                                                                                                                 ;
+----------------+-------+----------------------------------------------------------------------------------------------------------------------------------------------------------------------+
; NUBITS         ; 32    ; Signed Integer                                                                                                                                                       ;
; NBMANT         ; 23    ; Signed Integer                                                                                                                                                       ;
+----------------+-------+----------------------------------------------------------------------------------------------------------------------------------------------------------------------+
Note: In order to hide this table in the UI and the text report file, please set the "Show Parameter Settings in Synthesis Report" option in "Analysis and Synthesis Settings -> More Settings" to "Off".


+---------------------------------------------------------------------------------------------------------------------------------------------------------------------------------------------+
; Parameter Settings for User Entity Instance: top_level:top_level|top_proc_interp:top_proc_interp_inst|proc_interp:proc_interp_inst|processor:p_proc_interp|core:core|ula:ula|ula_gre:my_gre ;
+----------------+-------+--------------------------------------------------------------------------------------------------------------------------------------------------------------------+
; Parameter Name ; Value ; Type                                                                                                                                                               ;
+----------------+-------+--------------------------------------------------------------------------------------------------------------------------------------------------------------------+
; NUBITS         ; 32    ; Signed Integer                                                                                                                                                     ;
+----------------+-------+--------------------------------------------------------------------------------------------------------------------------------------------------------------------+
Note: In order to hide this table in the UI and the text report file, please set the "Show Parameter Settings in Synthesis Report" option in "Analysis and Synthesis Settings -> More Settings" to "Off".


+---------------------------------------------------------------------------------------------------------------------------------------------------------------------------------------------+
; Parameter Settings for User Entity Instance: top_level:top_level|top_proc_interp:top_proc_interp_inst|proc_interp:proc_interp_inst|processor:p_proc_interp|core:core|ula:ula|ula_equ:my_equ ;
+----------------+-------+--------------------------------------------------------------------------------------------------------------------------------------------------------------------+
; Parameter Name ; Value ; Type                                                                                                                                                               ;
+----------------+-------+--------------------------------------------------------------------------------------------------------------------------------------------------------------------+
; NUBITS         ; 32    ; Signed Integer                                                                                                                                                     ;
+----------------+-------+--------------------------------------------------------------------------------------------------------------------------------------------------------------------+
Note: In order to hide this table in the UI and the text report file, please set the "Show Parameter Settings in Synthesis Report" option in "Analysis and Synthesis Settings -> More Settings" to "Off".


+------------------------------------------------------------------------------------------------------------------------------------------------------------------------------------------------+
; Parameter Settings for User Entity Instance: top_level:top_level|top_proc_interp:top_proc_interp_inst|proc_interp:proc_interp_inst|processor:p_proc_interp|core:core|ula:ula|norm_mux:norm_mux ;
+----------------+-------+-----------------------------------------------------------------------------------------------------------------------------------------------------------------------+
; Parameter Name ; Value ; Type                                                                                                                                                                  ;
+----------------+-------+-----------------------------------------------------------------------------------------------------------------------------------------------------------------------+
; NUBITS         ; 32    ; Signed Integer                                                                                                                                                        ;
; NBMANT         ; 23    ; Signed Integer                                                                                                                                                        ;
; NBEXPO         ; 8     ; Signed Integer                                                                                                                                                        ;
+----------------+-------+-----------------------------------------------------------------------------------------------------------------------------------------------------------------------+
Note: In order to hide this table in the UI and the text report file, please set the "Show Parameter Settings in Synthesis Report" option in "Analysis and Synthesis Settings -> More Settings" to "Off".


+------------------------------------------------------------------------------------------------------------------------------------------------------------------------------------------------------------------+
; Parameter Settings for User Entity Instance: top_level:top_level|top_proc_interp:top_proc_interp_inst|proc_interp:proc_interp_inst|processor:p_proc_interp|core:core|ula:ula|norm_mux:norm_mux|ula_norm:ula_norm ;
+----------------+-------+-----------------------------------------------------------------------------------------------------------------------------------------------------------------------------------------+
; Parameter Name ; Value ; Type                                                                                                                                                                                    ;
+----------------+-------+-----------------------------------------------------------------------------------------------------------------------------------------------------------------------------------------+
; MAN            ; 23    ; Signed Integer                                                                                                                                                                          ;
; EXP            ; 8     ; Signed Integer                                                                                                                                                                          ;
+----------------+-------+-----------------------------------------------------------------------------------------------------------------------------------------------------------------------------------------+
Note: In order to hide this table in the UI and the text report file, please set the "Show Parameter Settings in Synthesis Report" option in "Analysis and Synthesis Settings -> More Settings" to "Off".


+-------------------------------------------------------------------------------------------------------------------------------------------------------------------------------------------------------------------------------+
; Parameter Settings for User Entity Instance: top_level:top_level|top_proc_interp:top_proc_interp_inst|proc_interp:proc_interp_inst|processor:p_proc_interp|core:core|ula:ula|norm_mux:norm_mux|ula_norm:ula_norm|ula_nmux:mm1 ;
+----------------+-------+------------------------------------------------------------------------------------------------------------------------------------------------------------------------------------------------------+
; Parameter Name ; Value ; Type                                                                                                                                                                                                 ;
+----------------+-------+------------------------------------------------------------------------------------------------------------------------------------------------------------------------------------------------------+
; NCOMP          ; 1     ; Signed Integer                                                                                                                                                                                       ;
; NBITS          ; 8     ; Signed Integer                                                                                                                                                                                       ;
+----------------+-------+------------------------------------------------------------------------------------------------------------------------------------------------------------------------------------------------------+
Note: In order to hide this table in the UI and the text report file, please set the "Show Parameter Settings in Synthesis Report" option in "Analysis and Synthesis Settings -> More Settings" to "Off".


+--------------------------------------------------------------------------------------------------------------------------------------------------------------------------------------------------------------------------------------+
; Parameter Settings for User Entity Instance: top_level:top_level|top_proc_interp:top_proc_interp_inst|proc_interp:proc_interp_inst|processor:p_proc_interp|core:core|ula:ula|norm_mux:norm_mux|ula_norm:ula_norm|ula_nmux:norm[1].mm ;
+----------------+-------+-------------------------------------------------------------------------------------------------------------------------------------------------------------------------------------------------------------+
; Parameter Name ; Value ; Type                                                                                                                                                                                                        ;
+----------------+-------+-------------------------------------------------------------------------------------------------------------------------------------------------------------------------------------------------------------+
; NCOMP          ; 2     ; Signed Integer                                                                                                                                                                                              ;
; NBITS          ; 8     ; Signed Integer                                                                                                                                                                                              ;
+----------------+-------+-------------------------------------------------------------------------------------------------------------------------------------------------------------------------------------------------------------+
Note: In order to hide this table in the UI and the text report file, please set the "Show Parameter Settings in Synthesis Report" option in "Analysis and Synthesis Settings -> More Settings" to "Off".


+--------------------------------------------------------------------------------------------------------------------------------------------------------------------------------------------------------------------------------------+
; Parameter Settings for User Entity Instance: top_level:top_level|top_proc_interp:top_proc_interp_inst|proc_interp:proc_interp_inst|processor:p_proc_interp|core:core|ula:ula|norm_mux:norm_mux|ula_norm:ula_norm|ula_nmux:norm[2].mm ;
+----------------+-------+-------------------------------------------------------------------------------------------------------------------------------------------------------------------------------------------------------------+
; Parameter Name ; Value ; Type                                                                                                                                                                                                        ;
+----------------+-------+-------------------------------------------------------------------------------------------------------------------------------------------------------------------------------------------------------------+
; NCOMP          ; 3     ; Signed Integer                                                                                                                                                                                              ;
; NBITS          ; 8     ; Signed Integer                                                                                                                                                                                              ;
+----------------+-------+-------------------------------------------------------------------------------------------------------------------------------------------------------------------------------------------------------------+
Note: In order to hide this table in the UI and the text report file, please set the "Show Parameter Settings in Synthesis Report" option in "Analysis and Synthesis Settings -> More Settings" to "Off".


+--------------------------------------------------------------------------------------------------------------------------------------------------------------------------------------------------------------------------------------+
; Parameter Settings for User Entity Instance: top_level:top_level|top_proc_interp:top_proc_interp_inst|proc_interp:proc_interp_inst|processor:p_proc_interp|core:core|ula:ula|norm_mux:norm_mux|ula_norm:ula_norm|ula_nmux:norm[3].mm ;
+----------------+-------+-------------------------------------------------------------------------------------------------------------------------------------------------------------------------------------------------------------+
; Parameter Name ; Value ; Type                                                                                                                                                                                                        ;
+----------------+-------+-------------------------------------------------------------------------------------------------------------------------------------------------------------------------------------------------------------+
; NCOMP          ; 4     ; Signed Integer                                                                                                                                                                                              ;
; NBITS          ; 8     ; Signed Integer                                                                                                                                                                                              ;
+----------------+-------+-------------------------------------------------------------------------------------------------------------------------------------------------------------------------------------------------------------+
Note: In order to hide this table in the UI and the text report file, please set the "Show Parameter Settings in Synthesis Report" option in "Analysis and Synthesis Settings -> More Settings" to "Off".


+--------------------------------------------------------------------------------------------------------------------------------------------------------------------------------------------------------------------------------------+
; Parameter Settings for User Entity Instance: top_level:top_level|top_proc_interp:top_proc_interp_inst|proc_interp:proc_interp_inst|processor:p_proc_interp|core:core|ula:ula|norm_mux:norm_mux|ula_norm:ula_norm|ula_nmux:norm[4].mm ;
+----------------+-------+-------------------------------------------------------------------------------------------------------------------------------------------------------------------------------------------------------------+
; Parameter Name ; Value ; Type                                                                                                                                                                                                        ;
+----------------+-------+-------------------------------------------------------------------------------------------------------------------------------------------------------------------------------------------------------------+
; NCOMP          ; 5     ; Signed Integer                                                                                                                                                                                              ;
; NBITS          ; 8     ; Signed Integer                                                                                                                                                                                              ;
+----------------+-------+-------------------------------------------------------------------------------------------------------------------------------------------------------------------------------------------------------------+
Note: In order to hide this table in the UI and the text report file, please set the "Show Parameter Settings in Synthesis Report" option in "Analysis and Synthesis Settings -> More Settings" to "Off".


+--------------------------------------------------------------------------------------------------------------------------------------------------------------------------------------------------------------------------------------+
; Parameter Settings for User Entity Instance: top_level:top_level|top_proc_interp:top_proc_interp_inst|proc_interp:proc_interp_inst|processor:p_proc_interp|core:core|ula:ula|norm_mux:norm_mux|ula_norm:ula_norm|ula_nmux:norm[5].mm ;
+----------------+-------+-------------------------------------------------------------------------------------------------------------------------------------------------------------------------------------------------------------+
; Parameter Name ; Value ; Type                                                                                                                                                                                                        ;
+----------------+-------+-------------------------------------------------------------------------------------------------------------------------------------------------------------------------------------------------------------+
; NCOMP          ; 6     ; Signed Integer                                                                                                                                                                                              ;
; NBITS          ; 8     ; Signed Integer                                                                                                                                                                                              ;
+----------------+-------+-------------------------------------------------------------------------------------------------------------------------------------------------------------------------------------------------------------+
Note: In order to hide this table in the UI and the text report file, please set the "Show Parameter Settings in Synthesis Report" option in "Analysis and Synthesis Settings -> More Settings" to "Off".


+--------------------------------------------------------------------------------------------------------------------------------------------------------------------------------------------------------------------------------------+
; Parameter Settings for User Entity Instance: top_level:top_level|top_proc_interp:top_proc_interp_inst|proc_interp:proc_interp_inst|processor:p_proc_interp|core:core|ula:ula|norm_mux:norm_mux|ula_norm:ula_norm|ula_nmux:norm[6].mm ;
+----------------+-------+-------------------------------------------------------------------------------------------------------------------------------------------------------------------------------------------------------------+
; Parameter Name ; Value ; Type                                                                                                                                                                                                        ;
+----------------+-------+-------------------------------------------------------------------------------------------------------------------------------------------------------------------------------------------------------------+
; NCOMP          ; 7     ; Signed Integer                                                                                                                                                                                              ;
; NBITS          ; 8     ; Signed Integer                                                                                                                                                                                              ;
+----------------+-------+-------------------------------------------------------------------------------------------------------------------------------------------------------------------------------------------------------------+
Note: In order to hide this table in the UI and the text report file, please set the "Show Parameter Settings in Synthesis Report" option in "Analysis and Synthesis Settings -> More Settings" to "Off".


+--------------------------------------------------------------------------------------------------------------------------------------------------------------------------------------------------------------------------------------+
; Parameter Settings for User Entity Instance: top_level:top_level|top_proc_interp:top_proc_interp_inst|proc_interp:proc_interp_inst|processor:p_proc_interp|core:core|ula:ula|norm_mux:norm_mux|ula_norm:ula_norm|ula_nmux:norm[7].mm ;
+----------------+-------+-------------------------------------------------------------------------------------------------------------------------------------------------------------------------------------------------------------+
; Parameter Name ; Value ; Type                                                                                                                                                                                                        ;
+----------------+-------+-------------------------------------------------------------------------------------------------------------------------------------------------------------------------------------------------------------+
; NCOMP          ; 8     ; Signed Integer                                                                                                                                                                                              ;
; NBITS          ; 8     ; Signed Integer                                                                                                                                                                                              ;
+----------------+-------+-------------------------------------------------------------------------------------------------------------------------------------------------------------------------------------------------------------+
Note: In order to hide this table in the UI and the text report file, please set the "Show Parameter Settings in Synthesis Report" option in "Analysis and Synthesis Settings -> More Settings" to "Off".


+--------------------------------------------------------------------------------------------------------------------------------------------------------------------------------------------------------------------------------------+
; Parameter Settings for User Entity Instance: top_level:top_level|top_proc_interp:top_proc_interp_inst|proc_interp:proc_interp_inst|processor:p_proc_interp|core:core|ula:ula|norm_mux:norm_mux|ula_norm:ula_norm|ula_nmux:norm[8].mm ;
+----------------+-------+-------------------------------------------------------------------------------------------------------------------------------------------------------------------------------------------------------------+
; Parameter Name ; Value ; Type                                                                                                                                                                                                        ;
+----------------+-------+-------------------------------------------------------------------------------------------------------------------------------------------------------------------------------------------------------------+
; NCOMP          ; 9     ; Signed Integer                                                                                                                                                                                              ;
; NBITS          ; 8     ; Signed Integer                                                                                                                                                                                              ;
+----------------+-------+-------------------------------------------------------------------------------------------------------------------------------------------------------------------------------------------------------------+
Note: In order to hide this table in the UI and the text report file, please set the "Show Parameter Settings in Synthesis Report" option in "Analysis and Synthesis Settings -> More Settings" to "Off".


+--------------------------------------------------------------------------------------------------------------------------------------------------------------------------------------------------------------------------------------+
; Parameter Settings for User Entity Instance: top_level:top_level|top_proc_interp:top_proc_interp_inst|proc_interp:proc_interp_inst|processor:p_proc_interp|core:core|ula:ula|norm_mux:norm_mux|ula_norm:ula_norm|ula_nmux:norm[9].mm ;
+----------------+-------+-------------------------------------------------------------------------------------------------------------------------------------------------------------------------------------------------------------+
; Parameter Name ; Value ; Type                                                                                                                                                                                                        ;
+----------------+-------+-------------------------------------------------------------------------------------------------------------------------------------------------------------------------------------------------------------+
; NCOMP          ; 10    ; Signed Integer                                                                                                                                                                                              ;
; NBITS          ; 8     ; Signed Integer                                                                                                                                                                                              ;
+----------------+-------+-------------------------------------------------------------------------------------------------------------------------------------------------------------------------------------------------------------+
Note: In order to hide this table in the UI and the text report file, please set the "Show Parameter Settings in Synthesis Report" option in "Analysis and Synthesis Settings -> More Settings" to "Off".


+---------------------------------------------------------------------------------------------------------------------------------------------------------------------------------------------------------------------------------------+
; Parameter Settings for User Entity Instance: top_level:top_level|top_proc_interp:top_proc_interp_inst|proc_interp:proc_interp_inst|processor:p_proc_interp|core:core|ula:ula|norm_mux:norm_mux|ula_norm:ula_norm|ula_nmux:norm[10].mm ;
+----------------+-------+--------------------------------------------------------------------------------------------------------------------------------------------------------------------------------------------------------------+
; Parameter Name ; Value ; Type                                                                                                                                                                                                         ;
+----------------+-------+--------------------------------------------------------------------------------------------------------------------------------------------------------------------------------------------------------------+
; NCOMP          ; 11    ; Signed Integer                                                                                                                                                                                               ;
; NBITS          ; 8     ; Signed Integer                                                                                                                                                                                               ;
+----------------+-------+--------------------------------------------------------------------------------------------------------------------------------------------------------------------------------------------------------------+
Note: In order to hide this table in the UI and the text report file, please set the "Show Parameter Settings in Synthesis Report" option in "Analysis and Synthesis Settings -> More Settings" to "Off".


+---------------------------------------------------------------------------------------------------------------------------------------------------------------------------------------------------------------------------------------+
; Parameter Settings for User Entity Instance: top_level:top_level|top_proc_interp:top_proc_interp_inst|proc_interp:proc_interp_inst|processor:p_proc_interp|core:core|ula:ula|norm_mux:norm_mux|ula_norm:ula_norm|ula_nmux:norm[11].mm ;
+----------------+-------+--------------------------------------------------------------------------------------------------------------------------------------------------------------------------------------------------------------+
; Parameter Name ; Value ; Type                                                                                                                                                                                                         ;
+----------------+-------+--------------------------------------------------------------------------------------------------------------------------------------------------------------------------------------------------------------+
; NCOMP          ; 12    ; Signed Integer                                                                                                                                                                                               ;
; NBITS          ; 8     ; Signed Integer                                                                                                                                                                                               ;
+----------------+-------+--------------------------------------------------------------------------------------------------------------------------------------------------------------------------------------------------------------+
Note: In order to hide this table in the UI and the text report file, please set the "Show Parameter Settings in Synthesis Report" option in "Analysis and Synthesis Settings -> More Settings" to "Off".


+---------------------------------------------------------------------------------------------------------------------------------------------------------------------------------------------------------------------------------------+
; Parameter Settings for User Entity Instance: top_level:top_level|top_proc_interp:top_proc_interp_inst|proc_interp:proc_interp_inst|processor:p_proc_interp|core:core|ula:ula|norm_mux:norm_mux|ula_norm:ula_norm|ula_nmux:norm[12].mm ;
+----------------+-------+--------------------------------------------------------------------------------------------------------------------------------------------------------------------------------------------------------------+
; Parameter Name ; Value ; Type                                                                                                                                                                                                         ;
+----------------+-------+--------------------------------------------------------------------------------------------------------------------------------------------------------------------------------------------------------------+
; NCOMP          ; 13    ; Signed Integer                                                                                                                                                                                               ;
; NBITS          ; 8     ; Signed Integer                                                                                                                                                                                               ;
+----------------+-------+--------------------------------------------------------------------------------------------------------------------------------------------------------------------------------------------------------------+
Note: In order to hide this table in the UI and the text report file, please set the "Show Parameter Settings in Synthesis Report" option in "Analysis and Synthesis Settings -> More Settings" to "Off".


+---------------------------------------------------------------------------------------------------------------------------------------------------------------------------------------------------------------------------------------+
; Parameter Settings for User Entity Instance: top_level:top_level|top_proc_interp:top_proc_interp_inst|proc_interp:proc_interp_inst|processor:p_proc_interp|core:core|ula:ula|norm_mux:norm_mux|ula_norm:ula_norm|ula_nmux:norm[13].mm ;
+----------------+-------+--------------------------------------------------------------------------------------------------------------------------------------------------------------------------------------------------------------+
; Parameter Name ; Value ; Type                                                                                                                                                                                                         ;
+----------------+-------+--------------------------------------------------------------------------------------------------------------------------------------------------------------------------------------------------------------+
; NCOMP          ; 14    ; Signed Integer                                                                                                                                                                                               ;
; NBITS          ; 8     ; Signed Integer                                                                                                                                                                                               ;
+----------------+-------+--------------------------------------------------------------------------------------------------------------------------------------------------------------------------------------------------------------+
Note: In order to hide this table in the UI and the text report file, please set the "Show Parameter Settings in Synthesis Report" option in "Analysis and Synthesis Settings -> More Settings" to "Off".


+---------------------------------------------------------------------------------------------------------------------------------------------------------------------------------------------------------------------------------------+
; Parameter Settings for User Entity Instance: top_level:top_level|top_proc_interp:top_proc_interp_inst|proc_interp:proc_interp_inst|processor:p_proc_interp|core:core|ula:ula|norm_mux:norm_mux|ula_norm:ula_norm|ula_nmux:norm[14].mm ;
+----------------+-------+--------------------------------------------------------------------------------------------------------------------------------------------------------------------------------------------------------------+
; Parameter Name ; Value ; Type                                                                                                                                                                                                         ;
+----------------+-------+--------------------------------------------------------------------------------------------------------------------------------------------------------------------------------------------------------------+
; NCOMP          ; 15    ; Signed Integer                                                                                                                                                                                               ;
; NBITS          ; 8     ; Signed Integer                                                                                                                                                                                               ;
+----------------+-------+--------------------------------------------------------------------------------------------------------------------------------------------------------------------------------------------------------------+
Note: In order to hide this table in the UI and the text report file, please set the "Show Parameter Settings in Synthesis Report" option in "Analysis and Synthesis Settings -> More Settings" to "Off".


+---------------------------------------------------------------------------------------------------------------------------------------------------------------------------------------------------------------------------------------+
; Parameter Settings for User Entity Instance: top_level:top_level|top_proc_interp:top_proc_interp_inst|proc_interp:proc_interp_inst|processor:p_proc_interp|core:core|ula:ula|norm_mux:norm_mux|ula_norm:ula_norm|ula_nmux:norm[15].mm ;
+----------------+-------+--------------------------------------------------------------------------------------------------------------------------------------------------------------------------------------------------------------+
; Parameter Name ; Value ; Type                                                                                                                                                                                                         ;
+----------------+-------+--------------------------------------------------------------------------------------------------------------------------------------------------------------------------------------------------------------+
; NCOMP          ; 16    ; Signed Integer                                                                                                                                                                                               ;
; NBITS          ; 8     ; Signed Integer                                                                                                                                                                                               ;
+----------------+-------+--------------------------------------------------------------------------------------------------------------------------------------------------------------------------------------------------------------+
Note: In order to hide this table in the UI and the text report file, please set the "Show Parameter Settings in Synthesis Report" option in "Analysis and Synthesis Settings -> More Settings" to "Off".


+---------------------------------------------------------------------------------------------------------------------------------------------------------------------------------------------------------------------------------------+
; Parameter Settings for User Entity Instance: top_level:top_level|top_proc_interp:top_proc_interp_inst|proc_interp:proc_interp_inst|processor:p_proc_interp|core:core|ula:ula|norm_mux:norm_mux|ula_norm:ula_norm|ula_nmux:norm[16].mm ;
+----------------+-------+--------------------------------------------------------------------------------------------------------------------------------------------------------------------------------------------------------------+
; Parameter Name ; Value ; Type                                                                                                                                                                                                         ;
+----------------+-------+--------------------------------------------------------------------------------------------------------------------------------------------------------------------------------------------------------------+
; NCOMP          ; 17    ; Signed Integer                                                                                                                                                                                               ;
; NBITS          ; 8     ; Signed Integer                                                                                                                                                                                               ;
+----------------+-------+--------------------------------------------------------------------------------------------------------------------------------------------------------------------------------------------------------------+
Note: In order to hide this table in the UI and the text report file, please set the "Show Parameter Settings in Synthesis Report" option in "Analysis and Synthesis Settings -> More Settings" to "Off".


+---------------------------------------------------------------------------------------------------------------------------------------------------------------------------------------------------------------------------------------+
; Parameter Settings for User Entity Instance: top_level:top_level|top_proc_interp:top_proc_interp_inst|proc_interp:proc_interp_inst|processor:p_proc_interp|core:core|ula:ula|norm_mux:norm_mux|ula_norm:ula_norm|ula_nmux:norm[17].mm ;
+----------------+-------+--------------------------------------------------------------------------------------------------------------------------------------------------------------------------------------------------------------+
; Parameter Name ; Value ; Type                                                                                                                                                                                                         ;
+----------------+-------+--------------------------------------------------------------------------------------------------------------------------------------------------------------------------------------------------------------+
; NCOMP          ; 18    ; Signed Integer                                                                                                                                                                                               ;
; NBITS          ; 8     ; Signed Integer                                                                                                                                                                                               ;
+----------------+-------+--------------------------------------------------------------------------------------------------------------------------------------------------------------------------------------------------------------+
Note: In order to hide this table in the UI and the text report file, please set the "Show Parameter Settings in Synthesis Report" option in "Analysis and Synthesis Settings -> More Settings" to "Off".


+---------------------------------------------------------------------------------------------------------------------------------------------------------------------------------------------------------------------------------------+
; Parameter Settings for User Entity Instance: top_level:top_level|top_proc_interp:top_proc_interp_inst|proc_interp:proc_interp_inst|processor:p_proc_interp|core:core|ula:ula|norm_mux:norm_mux|ula_norm:ula_norm|ula_nmux:norm[18].mm ;
+----------------+-------+--------------------------------------------------------------------------------------------------------------------------------------------------------------------------------------------------------------+
; Parameter Name ; Value ; Type                                                                                                                                                                                                         ;
+----------------+-------+--------------------------------------------------------------------------------------------------------------------------------------------------------------------------------------------------------------+
; NCOMP          ; 19    ; Signed Integer                                                                                                                                                                                               ;
; NBITS          ; 8     ; Signed Integer                                                                                                                                                                                               ;
+----------------+-------+--------------------------------------------------------------------------------------------------------------------------------------------------------------------------------------------------------------+
Note: In order to hide this table in the UI and the text report file, please set the "Show Parameter Settings in Synthesis Report" option in "Analysis and Synthesis Settings -> More Settings" to "Off".


+---------------------------------------------------------------------------------------------------------------------------------------------------------------------------------------------------------------------------------------+
; Parameter Settings for User Entity Instance: top_level:top_level|top_proc_interp:top_proc_interp_inst|proc_interp:proc_interp_inst|processor:p_proc_interp|core:core|ula:ula|norm_mux:norm_mux|ula_norm:ula_norm|ula_nmux:norm[19].mm ;
+----------------+-------+--------------------------------------------------------------------------------------------------------------------------------------------------------------------------------------------------------------+
; Parameter Name ; Value ; Type                                                                                                                                                                                                         ;
+----------------+-------+--------------------------------------------------------------------------------------------------------------------------------------------------------------------------------------------------------------+
; NCOMP          ; 20    ; Signed Integer                                                                                                                                                                                               ;
; NBITS          ; 8     ; Signed Integer                                                                                                                                                                                               ;
+----------------+-------+--------------------------------------------------------------------------------------------------------------------------------------------------------------------------------------------------------------+
Note: In order to hide this table in the UI and the text report file, please set the "Show Parameter Settings in Synthesis Report" option in "Analysis and Synthesis Settings -> More Settings" to "Off".


+---------------------------------------------------------------------------------------------------------------------------------------------------------------------------------------------------------------------------------------+
; Parameter Settings for User Entity Instance: top_level:top_level|top_proc_interp:top_proc_interp_inst|proc_interp:proc_interp_inst|processor:p_proc_interp|core:core|ula:ula|norm_mux:norm_mux|ula_norm:ula_norm|ula_nmux:norm[20].mm ;
+----------------+-------+--------------------------------------------------------------------------------------------------------------------------------------------------------------------------------------------------------------+
; Parameter Name ; Value ; Type                                                                                                                                                                                                         ;
+----------------+-------+--------------------------------------------------------------------------------------------------------------------------------------------------------------------------------------------------------------+
; NCOMP          ; 21    ; Signed Integer                                                                                                                                                                                               ;
; NBITS          ; 8     ; Signed Integer                                                                                                                                                                                               ;
+----------------+-------+--------------------------------------------------------------------------------------------------------------------------------------------------------------------------------------------------------------+
Note: In order to hide this table in the UI and the text report file, please set the "Show Parameter Settings in Synthesis Report" option in "Analysis and Synthesis Settings -> More Settings" to "Off".


+---------------------------------------------------------------------------------------------------------------------------------------------------------------------------------------------------------------------------------------+
; Parameter Settings for User Entity Instance: top_level:top_level|top_proc_interp:top_proc_interp_inst|proc_interp:proc_interp_inst|processor:p_proc_interp|core:core|ula:ula|norm_mux:norm_mux|ula_norm:ula_norm|ula_nmux:norm[21].mm ;
+----------------+-------+--------------------------------------------------------------------------------------------------------------------------------------------------------------------------------------------------------------+
; Parameter Name ; Value ; Type                                                                                                                                                                                                         ;
+----------------+-------+--------------------------------------------------------------------------------------------------------------------------------------------------------------------------------------------------------------+
; NCOMP          ; 22    ; Signed Integer                                                                                                                                                                                               ;
; NBITS          ; 8     ; Signed Integer                                                                                                                                                                                               ;
+----------------+-------+--------------------------------------------------------------------------------------------------------------------------------------------------------------------------------------------------------------+
Note: In order to hide this table in the UI and the text report file, please set the "Show Parameter Settings in Synthesis Report" option in "Analysis and Synthesis Settings -> More Settings" to "Off".


+----------------------------------------------------------------------------------------------------------------------------------------------------------------------------------------------+
; Parameter Settings for User Entity Instance: top_level:top_level|top_proc_interp:top_proc_interp_inst|proc_interp:proc_interp_inst|processor:p_proc_interp|core:core|ula:ula|ula_mux:ula_mux ;
+----------------+-------+---------------------------------------------------------------------------------------------------------------------------------------------------------------------+
; Parameter Name ; Value ; Type                                                                                                                                                                ;
+----------------+-------+---------------------------------------------------------------------------------------------------------------------------------------------------------------------+
; NUBITS         ; 32    ; Signed Integer                                                                                                                                                      ;
+----------------+-------+---------------------------------------------------------------------------------------------------------------------------------------------------------------------+
Note: In order to hide this table in the UI and the text report file, please set the "Show Parameter Settings in Synthesis Report" option in "Analysis and Synthesis Settings -> More Settings" to "Off".


+----------------------------------------------------------------------------------------------------------------------------------------------------------------------------------+
; Parameter Settings for User Entity Instance: top_level:top_level|top_proc_interp:top_proc_interp_inst|proc_interp:proc_interp_inst|processor:p_proc_interp|core:core|mem_ctrl:ac ;
+----------------+-------+---------------------------------------------------------------------------------------------------------------------------------------------------------+
; Parameter Name ; Value ; Type                                                                                                                                                    ;
+----------------+-------+---------------------------------------------------------------------------------------------------------------------------------------------------------+
; NUBITS         ; 32    ; Signed Integer                                                                                                                                          ;
; MDATAW         ; 10    ; Signed Integer                                                                                                                                          ;
; FFTSIZ         ; 8     ; Signed Integer                                                                                                                                          ;
; ISI            ; 0     ; Signed Integer                                                                                                                                          ;
; ILI            ; 0     ; Signed Integer                                                                                                                                          ;
; LDA            ; 0     ; Signed Integer                                                                                                                                          ;
; STA            ; 0     ; Signed Integer                                                                                                                                          ;
+----------------+-------+---------------------------------------------------------------------------------------------------------------------------------------------------------+
Note: In order to hide this table in the UI and the text report file, please set the "Show Parameter Settings in Synthesis Report" option in "Analysis and Synthesis Settings -> More Settings" to "Off".


+-------------------------------------------------------------------------------------------------------------------------------------------------------------------------------------------------+
; Parameter Settings for User Entity Instance: top_level:top_level|top_proc_interp:top_proc_interp_inst|proc_interp:proc_interp_inst|processor:p_proc_interp|core:core|mem_ctrl:ac|rel_addr:ra_rd ;
+----------------+-------+------------------------------------------------------------------------------------------------------------------------------------------------------------------------+
; Parameter Name ; Value ; Type                                                                                                                                                                   ;
+----------------+-------+------------------------------------------------------------------------------------------------------------------------------------------------------------------------+
; MDATAW         ; 10    ; Signed Integer                                                                                                                                                         ;
; FFTSIZ         ; 8     ; Signed Integer                                                                                                                                                         ;
; USEFFT         ; 0     ; Signed Integer                                                                                                                                                         ;
+----------------+-------+------------------------------------------------------------------------------------------------------------------------------------------------------------------------+
Note: In order to hide this table in the UI and the text report file, please set the "Show Parameter Settings in Synthesis Report" option in "Analysis and Synthesis Settings -> More Settings" to "Off".


+-------------------------------------------------------------------------------------------------------------------------------------------------------------------------------------------------+
; Parameter Settings for User Entity Instance: top_level:top_level|top_proc_interp:top_proc_interp_inst|proc_interp:proc_interp_inst|processor:p_proc_interp|core:core|mem_ctrl:ac|rel_addr:ra_wr ;
+----------------+-------+------------------------------------------------------------------------------------------------------------------------------------------------------------------------+
; Parameter Name ; Value ; Type                                                                                                                                                                   ;
+----------------+-------+------------------------------------------------------------------------------------------------------------------------------------------------------------------------+
; MDATAW         ; 10    ; Signed Integer                                                                                                                                                         ;
; FFTSIZ         ; 8     ; Signed Integer                                                                                                                                                         ;
; USEFFT         ; 0     ; Signed Integer                                                                                                                                                         ;
+----------------+-------+------------------------------------------------------------------------------------------------------------------------------------------------------------------------+
Note: In order to hide this table in the UI and the text report file, please set the "Show Parameter Settings in Synthesis Report" option in "Analysis and Synthesis Settings -> More Settings" to "Off".


+---------------------------------------------------------------------------------------------------------------------------------------------------------------------------------+
; Parameter Settings for User Entity Instance: top_level:top_level|top_proc_interp:top_proc_interp_inst|proc_interp:proc_interp_inst|processor:p_proc_interp|core:core|io_ctrl:io ;
+----------------+-------+--------------------------------------------------------------------------------------------------------------------------------------------------------+
; Parameter Name ; Value ; Type                                                                                                                                                   ;
+----------------+-------+--------------------------------------------------------------------------------------------------------------------------------------------------------+
; MDATAW         ; 10    ; Signed Integer                                                                                                                                         ;
; NBIOIN         ; 1     ; Signed Integer                                                                                                                                         ;
; NBIOOU         ; 3     ; Signed Integer                                                                                                                                         ;
; INN            ; 1     ; Signed Integer                                                                                                                                         ;
; F_INN          ; 0     ; Signed Integer                                                                                                                                         ;
; P_INN          ; 0     ; Signed Integer                                                                                                                                         ;
; PF_INN         ; 0     ; Signed Integer                                                                                                                                         ;
+----------------+-------+--------------------------------------------------------------------------------------------------------------------------------------------------------+
Note: In order to hide this table in the UI and the text report file, please set the "Show Parameter Settings in Synthesis Report" option in "Analysis and Synthesis Settings -> More Settings" to "Off".


+-----------------------------------------------------------------------------------------------------------------------------------------------------------------------------+
; Parameter Settings for User Entity Instance: top_level:top_level|top_proc_interp:top_proc_interp_inst|proc_interp:proc_interp_inst|processor:p_proc_interp|mem_instr:minstr ;
+----------------+-----------------------------------------------------------------------------------------+------------------------------------------------------------------+
; Parameter Name ; Value                                                                                   ; Type                                                             ;
+----------------+-----------------------------------------------------------------------------------------+------------------------------------------------------------------+
; NADDRE         ; 659                                                                                     ; Signed Integer                                                   ;
; NBDATA         ; 17                                                                                      ; Signed Integer                                                   ;
; FNAME          ; C:/Users/Ricardo/Documents/Dissertacao/Aurora/proc_interp/Hardware/proc_interp_inst.mif ; String                                                           ;
+----------------+-----------------------------------------------------------------------------------------+------------------------------------------------------------------+
Note: In order to hide this table in the UI and the text report file, please set the "Show Parameter Settings in Synthesis Report" option in "Analysis and Synthesis Settings -> More Settings" to "Off".


+---------------------------------------------------------------------------------------------------------------------------------------------------------------------------+
; Parameter Settings for User Entity Instance: top_level:top_level|top_proc_interp:top_proc_interp_inst|proc_interp:proc_interp_inst|processor:p_proc_interp|mem_data:mdata ;
+----------------+-----------------------------------------------------------------------------------------+----------------------------------------------------------------+
; Parameter Name ; Value                                                                                   ; Type                                                           ;
+----------------+-----------------------------------------------------------------------------------------+----------------------------------------------------------------+
; NADDRE         ; 917                                                                                     ; Signed Integer                                                 ;
; NBDATA         ; 32                                                                                      ; Signed Integer                                                 ;
; FNAME          ; C:/Users/Ricardo/Documents/Dissertacao/Aurora/proc_interp/Hardware/proc_interp_data.mif ; String                                                         ;
+----------------+-----------------------------------------------------------------------------------------+----------------------------------------------------------------+
Note: In order to hide this table in the UI and the text report file, please set the "Show Parameter Settings in Synthesis Report" option in "Analysis and Synthesis Settings -> More Settings" to "Off".


+-----------------------------------------------------------------------------------------------------------------------------------------------------+
; Parameter Settings for User Entity Instance: top_level:top_level|top_proc_interp:top_proc_interp_inst|proc_interp:proc_interp_inst|addr_dec:dec_out ;
+----------------+-------+----------------------------------------------------------------------------------------------------------------------------+
; Parameter Name ; Value ; Type                                                                                                                       ;
+----------------+-------+----------------------------------------------------------------------------------------------------------------------------+
; NPORT          ; 5     ; Signed Integer                                                                                                             ;
+----------------+-------+----------------------------------------------------------------------------------------------------------------------------+
Note: In order to hide this table in the UI and the text report file, please set the "Show Parameter Settings in Synthesis Report" option in "Analysis and Synthesis Settings -> More Settings" to "Off".


+-------------------------------------------------------------------------------------------+
; Parameter Settings for User Entity Instance: top_level:top_level|myFIFO:FIFO16x32_inst_my ;
+----------------+-------+------------------------------------------------------------------+
; Parameter Name ; Value ; Type                                                             ;
+----------------+-------+------------------------------------------------------------------+
; WORD           ; 32    ; Signed Integer                                                   ;
; LENGTH         ; 256   ; Signed Integer                                                   ;
; ALMOST         ; 2     ; Signed Integer                                                   ;
+----------------+-------+------------------------------------------------------------------+
Note: In order to hide this table in the UI and the text report file, please set the "Show Parameter Settings in Synthesis Report" option in "Analysis and Synthesis Settings -> More Settings" to "Off".


+--------------------------------------------------------------------------------------------------+
; Parameter Settings for User Entity Instance: top_level:top_level|maq_estados:apelido_maq_estados ;
+----------------+-------+-------------------------------------------------------------------------+
; Parameter Name ; Value ; Type                                                                    ;
+----------------+-------+-------------------------------------------------------------------------+
; S0             ; 0     ; Signed Integer                                                          ;
; S1             ; 1     ; Signed Integer                                                          ;
; S2             ; 2     ; Signed Integer                                                          ;
; S3             ; 3     ; Signed Integer                                                          ;
; S4             ; 4     ; Signed Integer                                                          ;
+----------------+-------+-------------------------------------------------------------------------+
Note: In order to hide this table in the UI and the text report file, please set the "Show Parameter Settings in Synthesis Report" option in "Analysis and Synthesis Settings -> More Settings" to "Off".


+-------------------------------------------------------------------------------------------------------------------------------------------------------+
; Parameter Settings for User Entity Instance: top_level:top_level|top_proc_banco:top_proc_banco_inst|proc_banco:proc_banco_inst|processor:p_proc_banco ;
+----------------+---------------------------------------------------------------------------------------+----------------------------------------------+
; Parameter Name ; Value                                                                                 ; Type                                         ;
+----------------+---------------------------------------------------------------------------------------+----------------------------------------------+
; NBOPCO         ; 7                                                                                     ; Signed Integer                               ;
; ITRADD         ; 22                                                                                    ; Signed Integer                               ;
; TOAQUIADDR     ; 0                                                                                     ; Signed Integer                               ;
; IFILE          ; C:/Users/Ricardo/Documents/Dissertacao/Aurora/proc_banco/Hardware/proc_banco_inst.mif ; String                                       ;
; DFILE          ; C:/Users/Ricardo/Documents/Dissertacao/Aurora/proc_banco/Hardware/proc_banco_data.mif ; String                                       ;
; MDATAS         ; 5669                                                                                  ; Signed Integer                               ;
; MINSTS         ; 369                                                                                   ; Signed Integer                               ;
; MDATAW         ; 13                                                                                    ; Signed Integer                               ;
; MINSTW         ; 9                                                                                     ; Signed Integer                               ;
; NUBITS         ; 32                                                                                    ; Signed Integer                               ;
; NBMANT         ; 23                                                                                    ; Signed Integer                               ;
; NBEXPO         ; 8                                                                                     ; Signed Integer                               ;
; NBOPER         ; 13                                                                                    ; Signed Integer                               ;
; SDEPTH         ; 5                                                                                     ; Signed Integer                               ;
; DDEPTH         ; 5                                                                                     ; Signed Integer                               ;
; NBIOIN         ; 1                                                                                     ; Signed Integer                               ;
; NBIOOU         ; 2                                                                                     ; Signed Integer                               ;
; NUGAIN         ; 128                                                                                   ; Signed Integer                               ;
; FFTSIZ         ; 8                                                                                     ; Signed Integer                               ;
; LOD            ; 1                                                                                     ; Signed Integer                               ;
; P_LOD          ; 1                                                                                     ; Signed Integer                               ;
; LDI            ; 1                                                                                     ; Signed Integer                               ;
; ILI            ; 1                                                                                     ; Signed Integer                               ;
; SET            ; 1                                                                                     ; Signed Integer                               ;
; SET_P          ; 1                                                                                     ; Signed Integer                               ;
; STI            ; 1                                                                                     ; Signed Integer                               ;
; ISI            ; 1                                                                                     ; Signed Integer                               ;
; PSH            ; 0                                                                                     ; Signed Integer                               ;
; POP            ; 1                                                                                     ; Signed Integer                               ;
; INN            ; 0                                                                                     ; Signed Integer                               ;
; F_INN          ; 0                                                                                     ; Signed Integer                               ;
; P_INN          ; 1                                                                                     ; Signed Integer                               ;
; PF_INN         ; 0                                                                                     ; Signed Integer                               ;
; OUT            ; 1                                                                                     ; Signed Integer                               ;
; JIZ            ; 1                                                                                     ; Signed Integer                               ;
; CAL            ; 0                                                                                     ; Signed Integer                               ;
; ADD            ; 1                                                                                     ; Signed Integer                               ;
; S_ADD          ; 0                                                                                     ; Signed Integer                               ;
; F_ADD          ; 1                                                                                     ; Signed Integer                               ;
; SF_ADD         ; 1                                                                                     ; Signed Integer                               ;
; MLT            ; 1                                                                                     ; Signed Integer                               ;
; S_MLT          ; 0                                                                                     ; Signed Integer                               ;
; F_MLT          ; 1                                                                                     ; Signed Integer                               ;
; SF_MLT         ; 1                                                                                     ; Signed Integer                               ;
; DIV            ; 0                                                                                     ; Signed Integer                               ;
; S_DIV          ; 0                                                                                     ; Signed Integer                               ;
; F_DIV          ; 0                                                                                     ; Signed Integer                               ;
; SF_DIV         ; 1                                                                                     ; Signed Integer                               ;
; MOD            ; 0                                                                                     ; Signed Integer                               ;
; S_MOD          ; 0                                                                                     ; Signed Integer                               ;
; SGN            ; 0                                                                                     ; Signed Integer                               ;
; S_SGN          ; 0                                                                                     ; Signed Integer                               ;
; F_SGN          ; 0                                                                                     ; Signed Integer                               ;
; SF_SGN         ; 0                                                                                     ; Signed Integer                               ;
; NEG            ; 0                                                                                     ; Signed Integer                               ;
; NEG_M          ; 1                                                                                     ; Signed Integer                               ;
; P_NEG_M        ; 0                                                                                     ; Signed Integer                               ;
; F_NEG          ; 0                                                                                     ; Signed Integer                               ;
; F_NEG_M        ; 0                                                                                     ; Signed Integer                               ;
; PF_NEG_M       ; 0                                                                                     ; Signed Integer                               ;
; ABS            ; 0                                                                                     ; Signed Integer                               ;
; ABS_M          ; 0                                                                                     ; Signed Integer                               ;
; P_ABS_M        ; 0                                                                                     ; Signed Integer                               ;
; F_ABS          ; 0                                                                                     ; Signed Integer                               ;
; F_ABS_M        ; 0                                                                                     ; Signed Integer                               ;
; PF_ABS_M       ; 0                                                                                     ; Signed Integer                               ;
; PST            ; 0                                                                                     ; Signed Integer                               ;
; PST_M          ; 0                                                                                     ; Signed Integer                               ;
; P_PST_M        ; 0                                                                                     ; Signed Integer                               ;
; F_PST          ; 0                                                                                     ; Signed Integer                               ;
; F_PST_M        ; 0                                                                                     ; Signed Integer                               ;
; PF_PST_M       ; 0                                                                                     ; Signed Integer                               ;
; NRM            ; 0                                                                                     ; Signed Integer                               ;
; NRM_M          ; 0                                                                                     ; Signed Integer                               ;
; P_NRM_M        ; 0                                                                                     ; Signed Integer                               ;
; I2F            ; 1                                                                                     ; Signed Integer                               ;
; I2F_M          ; 1                                                                                     ; Signed Integer                               ;
; P_I2F_M        ; 1                                                                                     ; Signed Integer                               ;
; F2I            ; 1                                                                                     ; Signed Integer                               ;
; F2I_M          ; 0                                                                                     ; Signed Integer                               ;
; P_F2I_M        ; 0                                                                                     ; Signed Integer                               ;
; AND            ; 0                                                                                     ; Signed Integer                               ;
; S_AND          ; 0                                                                                     ; Signed Integer                               ;
; ORR            ; 0                                                                                     ; Signed Integer                               ;
; S_ORR          ; 0                                                                                     ; Signed Integer                               ;
; XOR            ; 0                                                                                     ; Signed Integer                               ;
; S_XOR          ; 0                                                                                     ; Signed Integer                               ;
; INV            ; 0                                                                                     ; Signed Integer                               ;
; INV_M          ; 0                                                                                     ; Signed Integer                               ;
; P_INV_M        ; 0                                                                                     ; Signed Integer                               ;
; LAN            ; 0                                                                                     ; Signed Integer                               ;
; S_LAN          ; 0                                                                                     ; Signed Integer                               ;
; LOR            ; 0                                                                                     ; Signed Integer                               ;
; S_LOR          ; 0                                                                                     ; Signed Integer                               ;
; LIN            ; 1                                                                                     ; Signed Integer                               ;
; LIN_M          ; 0                                                                                     ; Signed Integer                               ;
; P_LIN_M        ; 0                                                                                     ; Signed Integer                               ;
; LES            ; 1                                                                                     ; Signed Integer                               ;
; S_LES          ; 0                                                                                     ; Signed Integer                               ;
; F_LES          ; 0                                                                                     ; Signed Integer                               ;
; SF_LES         ; 0                                                                                     ; Signed Integer                               ;
; GRE            ; 0                                                                                     ; Signed Integer                               ;
; S_GRE          ; 0                                                                                     ; Signed Integer                               ;
; F_GRE          ; 0                                                                                     ; Signed Integer                               ;
; SF_GRE         ; 1                                                                                     ; Signed Integer                               ;
; EQU            ; 1                                                                                     ; Signed Integer                               ;
; S_EQU          ; 0                                                                                     ; Signed Integer                               ;
; SHL            ; 0                                                                                     ; Signed Integer                               ;
; S_SHL          ; 0                                                                                     ; Signed Integer                               ;
; SHR            ; 0                                                                                     ; Signed Integer                               ;
; S_SHR          ; 0                                                                                     ; Signed Integer                               ;
; SRS            ; 0                                                                                     ; Signed Integer                               ;
; S_SRS          ; 0                                                                                     ; Signed Integer                               ;
; F_ROT          ; 0                                                                                     ; Signed Integer                               ;
; F_SU1          ; 1                                                                                     ; Signed Integer                               ;
; F_SU2          ; 0                                                                                     ; Signed Integer                               ;
; SF_SU1         ; 0                                                                                     ; Signed Integer                               ;
; SF_SU2         ; 1                                                                                     ; Signed Integer                               ;
; LDA            ; 0                                                                                     ; Signed Integer                               ;
; STA            ; 0                                                                                     ; Signed Integer                               ;
+----------------+---------------------------------------------------------------------------------------+----------------------------------------------+
Note: In order to hide this table in the UI and the text report file, please set the "Show Parameter Settings in Synthesis Report" option in "Analysis and Synthesis Settings -> More Settings" to "Off".


+-----------------------------------------------------------------------------------------------------------------------------------------------------------------+
; Parameter Settings for User Entity Instance: top_level:top_level|top_proc_banco:top_proc_banco_inst|proc_banco:proc_banco_inst|processor:p_proc_banco|core:core ;
+----------------+-------+----------------------------------------------------------------------------------------------------------------------------------------+
; Parameter Name ; Value ; Type                                                                                                                                   ;
+----------------+-------+----------------------------------------------------------------------------------------------------------------------------------------+
; NBOPCO         ; 7     ; Signed Integer                                                                                                                         ;
; NBOPER         ; 13    ; Signed Integer                                                                                                                         ;
; ITRADD         ; 22    ; Signed Integer                                                                                                                         ;
; TOAQUIADDR     ; 0     ; Signed Integer                                                                                                                         ;
; MDATAW         ; 13    ; Signed Integer                                                                                                                         ;
; MINSTW         ; 9     ; Signed Integer                                                                                                                         ;
; NBINST         ; 20    ; Signed Integer                                                                                                                         ;
; NUBITS         ; 32    ; Signed Integer                                                                                                                         ;
; NBMANT         ; 23    ; Signed Integer                                                                                                                         ;
; NBEXPO         ; 8     ; Signed Integer                                                                                                                         ;
; SDEPTH         ; 5     ; Signed Integer                                                                                                                         ;
; DDEPTH         ; 5     ; Signed Integer                                                                                                                         ;
; NBIOIN         ; 1     ; Signed Integer                                                                                                                         ;
; NBIOOU         ; 2     ; Signed Integer                                                                                                                         ;
; NUGAIN         ; 128   ; Signed Integer                                                                                                                         ;
; FFTSIZ         ; 8     ; Signed Integer                                                                                                                         ;
; LOD            ; 1     ; Signed Integer                                                                                                                         ;
; P_LOD          ; 1     ; Signed Integer                                                                                                                         ;
; LDI            ; 1     ; Signed Integer                                                                                                                         ;
; ILI            ; 1     ; Signed Integer                                                                                                                         ;
; SET            ; 1     ; Signed Integer                                                                                                                         ;
; SET_P          ; 1     ; Signed Integer                                                                                                                         ;
; STI            ; 1     ; Signed Integer                                                                                                                         ;
; ISI            ; 1     ; Signed Integer                                                                                                                         ;
; PSH            ; 0     ; Signed Integer                                                                                                                         ;
; POP            ; 1     ; Signed Integer                                                                                                                         ;
; INN            ; 0     ; Signed Integer                                                                                                                         ;
; F_INN          ; 0     ; Signed Integer                                                                                                                         ;
; P_INN          ; 1     ; Signed Integer                                                                                                                         ;
; PF_INN         ; 0     ; Signed Integer                                                                                                                         ;
; OUT            ; 1     ; Signed Integer                                                                                                                         ;
; JIZ            ; 1     ; Signed Integer                                                                                                                         ;
; CAL            ; 0     ; Signed Integer                                                                                                                         ;
; ADD            ; 1     ; Signed Integer                                                                                                                         ;
; S_ADD          ; 0     ; Signed Integer                                                                                                                         ;
; F_ADD          ; 1     ; Signed Integer                                                                                                                         ;
; SF_ADD         ; 1     ; Signed Integer                                                                                                                         ;
; MLT            ; 1     ; Signed Integer                                                                                                                         ;
; S_MLT          ; 0     ; Signed Integer                                                                                                                         ;
; F_MLT          ; 1     ; Signed Integer                                                                                                                         ;
; SF_MLT         ; 1     ; Signed Integer                                                                                                                         ;
; DIV            ; 0     ; Signed Integer                                                                                                                         ;
; S_DIV          ; 0     ; Signed Integer                                                                                                                         ;
; F_DIV          ; 0     ; Signed Integer                                                                                                                         ;
; SF_DIV         ; 1     ; Signed Integer                                                                                                                         ;
; MOD            ; 0     ; Signed Integer                                                                                                                         ;
; S_MOD          ; 0     ; Signed Integer                                                                                                                         ;
; SGN            ; 0     ; Signed Integer                                                                                                                         ;
; S_SGN          ; 0     ; Signed Integer                                                                                                                         ;
; F_SGN          ; 0     ; Signed Integer                                                                                                                         ;
; SF_SGN         ; 0     ; Signed Integer                                                                                                                         ;
; NEG            ; 0     ; Signed Integer                                                                                                                         ;
; NEG_M          ; 1     ; Signed Integer                                                                                                                         ;
; P_NEG_M        ; 0     ; Signed Integer                                                                                                                         ;
; F_NEG          ; 0     ; Signed Integer                                                                                                                         ;
; F_NEG_M        ; 0     ; Signed Integer                                                                                                                         ;
; PF_NEG_M       ; 0     ; Signed Integer                                                                                                                         ;
; ABS            ; 0     ; Signed Integer                                                                                                                         ;
; ABS_M          ; 0     ; Signed Integer                                                                                                                         ;
; P_ABS_M        ; 0     ; Signed Integer                                                                                                                         ;
; F_ABS          ; 0     ; Signed Integer                                                                                                                         ;
; F_ABS_M        ; 0     ; Signed Integer                                                                                                                         ;
; PF_ABS_M       ; 0     ; Signed Integer                                                                                                                         ;
; PST            ; 0     ; Signed Integer                                                                                                                         ;
; PST_M          ; 0     ; Signed Integer                                                                                                                         ;
; P_PST_M        ; 0     ; Signed Integer                                                                                                                         ;
; F_PST          ; 0     ; Signed Integer                                                                                                                         ;
; F_PST_M        ; 0     ; Signed Integer                                                                                                                         ;
; PF_PST_M       ; 0     ; Signed Integer                                                                                                                         ;
; NRM            ; 0     ; Signed Integer                                                                                                                         ;
; NRM_M          ; 0     ; Signed Integer                                                                                                                         ;
; P_NRM_M        ; 0     ; Signed Integer                                                                                                                         ;
; I2F            ; 1     ; Signed Integer                                                                                                                         ;
; I2F_M          ; 1     ; Signed Integer                                                                                                                         ;
; P_I2F_M        ; 1     ; Signed Integer                                                                                                                         ;
; F2I            ; 1     ; Signed Integer                                                                                                                         ;
; F2I_M          ; 0     ; Signed Integer                                                                                                                         ;
; P_F2I_M        ; 0     ; Signed Integer                                                                                                                         ;
; AND            ; 0     ; Signed Integer                                                                                                                         ;
; S_AND          ; 0     ; Signed Integer                                                                                                                         ;
; ORR            ; 0     ; Signed Integer                                                                                                                         ;
; S_ORR          ; 0     ; Signed Integer                                                                                                                         ;
; XOR            ; 0     ; Signed Integer                                                                                                                         ;
; S_XOR          ; 0     ; Signed Integer                                                                                                                         ;
; INV            ; 0     ; Signed Integer                                                                                                                         ;
; INV_M          ; 0     ; Signed Integer                                                                                                                         ;
; P_INV_M        ; 0     ; Signed Integer                                                                                                                         ;
; LAN            ; 0     ; Signed Integer                                                                                                                         ;
; S_LAN          ; 0     ; Signed Integer                                                                                                                         ;
; LOR            ; 0     ; Signed Integer                                                                                                                         ;
; S_LOR          ; 0     ; Signed Integer                                                                                                                         ;
; LIN            ; 1     ; Signed Integer                                                                                                                         ;
; LIN_M          ; 0     ; Signed Integer                                                                                                                         ;
; P_LIN_M        ; 0     ; Signed Integer                                                                                                                         ;
; LES            ; 1     ; Signed Integer                                                                                                                         ;
; S_LES          ; 0     ; Signed Integer                                                                                                                         ;
; F_LES          ; 0     ; Signed Integer                                                                                                                         ;
; SF_LES         ; 0     ; Signed Integer                                                                                                                         ;
; GRE            ; 0     ; Signed Integer                                                                                                                         ;
; S_GRE          ; 0     ; Signed Integer                                                                                                                         ;
; F_GRE          ; 0     ; Signed Integer                                                                                                                         ;
; SF_GRE         ; 1     ; Signed Integer                                                                                                                         ;
; EQU            ; 1     ; Signed Integer                                                                                                                         ;
; S_EQU          ; 0     ; Signed Integer                                                                                                                         ;
; SHL            ; 0     ; Signed Integer                                                                                                                         ;
; S_SHL          ; 0     ; Signed Integer                                                                                                                         ;
; SHR            ; 0     ; Signed Integer                                                                                                                         ;
; S_SHR          ; 0     ; Signed Integer                                                                                                                         ;
; SRS            ; 0     ; Signed Integer                                                                                                                         ;
; S_SRS          ; 0     ; Signed Integer                                                                                                                         ;
; F_ROT          ; 0     ; Signed Integer                                                                                                                         ;
; F_SU1          ; 1     ; Signed Integer                                                                                                                         ;
; F_SU2          ; 0     ; Signed Integer                                                                                                                         ;
; SF_SU1         ; 0     ; Signed Integer                                                                                                                         ;
; SF_SU2         ; 1     ; Signed Integer                                                                                                                         ;
; LDA            ; 0     ; Signed Integer                                                                                                                         ;
; STA            ; 0     ; Signed Integer                                                                                                                         ;
+----------------+-------+----------------------------------------------------------------------------------------------------------------------------------------+
Note: In order to hide this table in the UI and the text report file, please set the "Show Parameter Settings in Synthesis Report" option in "Analysis and Synthesis Settings -> More Settings" to "Off".


+-----------------------------------------------------------------------------------------------------------------------------------------------------------------------------------------+
; Parameter Settings for User Entity Instance: top_level:top_level|top_proc_banco:top_proc_banco_inst|proc_banco:proc_banco_inst|processor:p_proc_banco|core:core|instr_fetch:instr_fetch ;
+----------------+-------+----------------------------------------------------------------------------------------------------------------------------------------------------------------+
; Parameter Name ; Value ; Type                                                                                                                                                           ;
+----------------+-------+----------------------------------------------------------------------------------------------------------------------------------------------------------------+
; NBINST         ; 20    ; Signed Integer                                                                                                                                                 ;
; MINSTW         ; 9     ; Signed Integer                                                                                                                                                 ;
; ITRADD         ; 22    ; Signed Integer                                                                                                                                                 ;
; TOAQUIADDR     ; 0     ; Signed Integer                                                                                                                                                 ;
; NBOPCO         ; 7     ; Signed Integer                                                                                                                                                 ;
; NBOPER         ; 13    ; Signed Integer                                                                                                                                                 ;
; SDEPTH         ; 5     ; Signed Integer                                                                                                                                                 ;
; CAL            ; 0     ; Signed Integer                                                                                                                                                 ;
; JIZ            ; 1     ; Signed Integer                                                                                                                                                 ;
+----------------+-------+----------------------------------------------------------------------------------------------------------------------------------------------------------------+
Note: In order to hide this table in the UI and the text report file, please set the "Show Parameter Settings in Synthesis Report" option in "Analysis and Synthesis Settings -> More Settings" to "Off".


+-----------------------------------------------------------------------------------------------------------------------------------------------------------------------------------------------+
; Parameter Settings for User Entity Instance: top_level:top_level|top_proc_banco:top_proc_banco_inst|proc_banco:proc_banco_inst|processor:p_proc_banco|core:core|instr_fetch:instr_fetch|pc:pc ;
+----------------+-------+----------------------------------------------------------------------------------------------------------------------------------------------------------------------+
; Parameter Name ; Value ; Type                                                                                                                                                                 ;
+----------------+-------+----------------------------------------------------------------------------------------------------------------------------------------------------------------------+
; NBITS          ; 9     ; Signed Integer                                                                                                                                                       ;
+----------------+-------+----------------------------------------------------------------------------------------------------------------------------------------------------------------------+
Note: In order to hide this table in the UI and the text report file, please set the "Show Parameter Settings in Synthesis Report" option in "Analysis and Synthesis Settings -> More Settings" to "Off".


+-----------------------------------------------------------------------------------------------------------------------------------------------------------------------------------------------------+
; Parameter Settings for User Entity Instance: top_level:top_level|top_proc_banco:top_proc_banco_inst|proc_banco:proc_banco_inst|processor:p_proc_banco|core:core|instr_fetch:instr_fetch|prefetch:pf ;
+----------------+-------+----------------------------------------------------------------------------------------------------------------------------------------------------------------------------+
; Parameter Name ; Value ; Type                                                                                                                                                                       ;
+----------------+-------+----------------------------------------------------------------------------------------------------------------------------------------------------------------------------+
; MINSTW         ; 9     ; Signed Integer                                                                                                                                                             ;
; NBOPCO         ; 7     ; Signed Integer                                                                                                                                                             ;
; NBOPER         ; 13    ; Signed Integer                                                                                                                                                             ;
; ITRADD         ; 22    ; Signed Integer                                                                                                                                                             ;
; TOAQUIADDR     ; 0     ; Signed Integer                                                                                                                                                             ;
; CAL            ; 0     ; Signed Integer                                                                                                                                                             ;
; JIZ            ; 1     ; Signed Integer                                                                                                                                                             ;
+----------------+-------+----------------------------------------------------------------------------------------------------------------------------------------------------------------------------+
Note: In order to hide this table in the UI and the text report file, please set the "Show Parameter Settings in Synthesis Report" option in "Analysis and Synthesis Settings -> More Settings" to "Off".


+------------------------------------------------------------------------------------------------------------------------------------------------------------------------------+
; Parameter Settings for User Entity Instance: top_level:top_level|top_proc_banco:top_proc_banco_inst|proc_banco:proc_banco_inst|processor:p_proc_banco|core:core|instr_dec:id ;
+----------------+-------+-----------------------------------------------------------------------------------------------------------------------------------------------------+
; Parameter Name ; Value ; Type                                                                                                                                                ;
+----------------+-------+-----------------------------------------------------------------------------------------------------------------------------------------------------+
; NBOPCO         ; 7     ; Signed Integer                                                                                                                                      ;
; MDATAW         ; 13    ; Signed Integer                                                                                                                                      ;
; LOD            ; 1     ; Signed Integer                                                                                                                                      ;
; P_LOD          ; 1     ; Signed Integer                                                                                                                                      ;
; LDI            ; 1     ; Signed Integer                                                                                                                                      ;
; ILI            ; 1     ; Signed Integer                                                                                                                                      ;
; SET            ; 1     ; Signed Integer                                                                                                                                      ;
; SET_P          ; 1     ; Signed Integer                                                                                                                                      ;
; STI            ; 1     ; Signed Integer                                                                                                                                      ;
; ISI            ; 1     ; Signed Integer                                                                                                                                      ;
; PSH            ; 0     ; Signed Integer                                                                                                                                      ;
; POP            ; 1     ; Signed Integer                                                                                                                                      ;
; INN            ; 0     ; Signed Integer                                                                                                                                      ;
; F_INN          ; 0     ; Signed Integer                                                                                                                                      ;
; P_INN          ; 1     ; Signed Integer                                                                                                                                      ;
; PF_INN         ; 0     ; Signed Integer                                                                                                                                      ;
; OUT            ; 1     ; Signed Integer                                                                                                                                      ;
; ADD            ; 1     ; Signed Integer                                                                                                                                      ;
; S_ADD          ; 0     ; Signed Integer                                                                                                                                      ;
; F_ADD          ; 1     ; Signed Integer                                                                                                                                      ;
; SF_ADD         ; 1     ; Signed Integer                                                                                                                                      ;
; MLT            ; 1     ; Signed Integer                                                                                                                                      ;
; S_MLT          ; 0     ; Signed Integer                                                                                                                                      ;
; F_MLT          ; 1     ; Signed Integer                                                                                                                                      ;
; SF_MLT         ; 1     ; Signed Integer                                                                                                                                      ;
; DIV            ; 0     ; Signed Integer                                                                                                                                      ;
; S_DIV          ; 0     ; Signed Integer                                                                                                                                      ;
; F_DIV          ; 0     ; Signed Integer                                                                                                                                      ;
; SF_DIV         ; 1     ; Signed Integer                                                                                                                                      ;
; MOD            ; 0     ; Signed Integer                                                                                                                                      ;
; S_MOD          ; 0     ; Signed Integer                                                                                                                                      ;
; SGN            ; 0     ; Signed Integer                                                                                                                                      ;
; S_SGN          ; 0     ; Signed Integer                                                                                                                                      ;
; F_SGN          ; 0     ; Signed Integer                                                                                                                                      ;
; SF_SGN         ; 0     ; Signed Integer                                                                                                                                      ;
; NEG            ; 0     ; Signed Integer                                                                                                                                      ;
; NEG_M          ; 1     ; Signed Integer                                                                                                                                      ;
; P_NEG_M        ; 0     ; Signed Integer                                                                                                                                      ;
; F_NEG          ; 0     ; Signed Integer                                                                                                                                      ;
; F_NEG_M        ; 0     ; Signed Integer                                                                                                                                      ;
; PF_NEG_M       ; 0     ; Signed Integer                                                                                                                                      ;
; ABS            ; 0     ; Signed Integer                                                                                                                                      ;
; ABS_M          ; 0     ; Signed Integer                                                                                                                                      ;
; P_ABS_M        ; 0     ; Signed Integer                                                                                                                                      ;
; F_ABS          ; 0     ; Signed Integer                                                                                                                                      ;
; F_ABS_M        ; 0     ; Signed Integer                                                                                                                                      ;
; PF_ABS_M       ; 0     ; Signed Integer                                                                                                                                      ;
; PST            ; 0     ; Signed Integer                                                                                                                                      ;
; PST_M          ; 0     ; Signed Integer                                                                                                                                      ;
; P_PST_M        ; 0     ; Signed Integer                                                                                                                                      ;
; F_PST          ; 0     ; Signed Integer                                                                                                                                      ;
; F_PST_M        ; 0     ; Signed Integer                                                                                                                                      ;
; PF_PST_M       ; 0     ; Signed Integer                                                                                                                                      ;
; NRM            ; 0     ; Signed Integer                                                                                                                                      ;
; NRM_M          ; 0     ; Signed Integer                                                                                                                                      ;
; P_NRM_M        ; 0     ; Signed Integer                                                                                                                                      ;
; I2F            ; 1     ; Signed Integer                                                                                                                                      ;
; I2F_M          ; 1     ; Signed Integer                                                                                                                                      ;
; P_I2F_M        ; 1     ; Signed Integer                                                                                                                                      ;
; F2I            ; 1     ; Signed Integer                                                                                                                                      ;
; F2I_M          ; 0     ; Signed Integer                                                                                                                                      ;
; P_F2I_M        ; 0     ; Signed Integer                                                                                                                                      ;
; AND            ; 0     ; Signed Integer                                                                                                                                      ;
; S_AND          ; 0     ; Signed Integer                                                                                                                                      ;
; ORR            ; 0     ; Signed Integer                                                                                                                                      ;
; S_ORR          ; 0     ; Signed Integer                                                                                                                                      ;
; XOR            ; 0     ; Signed Integer                                                                                                                                      ;
; S_XOR          ; 0     ; Signed Integer                                                                                                                                      ;
; INV            ; 0     ; Signed Integer                                                                                                                                      ;
; INV_M          ; 0     ; Signed Integer                                                                                                                                      ;
; P_INV_M        ; 0     ; Signed Integer                                                                                                                                      ;
; LAN            ; 0     ; Signed Integer                                                                                                                                      ;
; S_LAN          ; 0     ; Signed Integer                                                                                                                                      ;
; LOR            ; 0     ; Signed Integer                                                                                                                                      ;
; S_LOR          ; 0     ; Signed Integer                                                                                                                                      ;
; LIN            ; 1     ; Signed Integer                                                                                                                                      ;
; LIN_M          ; 0     ; Signed Integer                                                                                                                                      ;
; P_LIN_M        ; 0     ; Signed Integer                                                                                                                                      ;
; LES            ; 1     ; Signed Integer                                                                                                                                      ;
; S_LES          ; 0     ; Signed Integer                                                                                                                                      ;
; F_LES          ; 0     ; Signed Integer                                                                                                                                      ;
; SF_LES         ; 0     ; Signed Integer                                                                                                                                      ;
; GRE            ; 0     ; Signed Integer                                                                                                                                      ;
; S_GRE          ; 0     ; Signed Integer                                                                                                                                      ;
; F_GRE          ; 0     ; Signed Integer                                                                                                                                      ;
; SF_GRE         ; 1     ; Signed Integer                                                                                                                                      ;
; EQU            ; 1     ; Signed Integer                                                                                                                                      ;
; S_EQU          ; 0     ; Signed Integer                                                                                                                                      ;
; SHL            ; 0     ; Signed Integer                                                                                                                                      ;
; S_SHL          ; 0     ; Signed Integer                                                                                                                                      ;
; SHR            ; 0     ; Signed Integer                                                                                                                                      ;
; S_SHR          ; 0     ; Signed Integer                                                                                                                                      ;
; SRS            ; 0     ; Signed Integer                                                                                                                                      ;
; S_SRS          ; 0     ; Signed Integer                                                                                                                                      ;
; F_ROT          ; 0     ; Signed Integer                                                                                                                                      ;
; F_SU1          ; 1     ; Signed Integer                                                                                                                                      ;
; F_SU2          ; 0     ; Signed Integer                                                                                                                                      ;
; SF_SU1         ; 0     ; Signed Integer                                                                                                                                      ;
; SF_SU2         ; 1     ; Signed Integer                                                                                                                                      ;
; LDA            ; 0     ; Signed Integer                                                                                                                                      ;
; STA            ; 0     ; Signed Integer                                                                                                                                      ;
+----------------+-------+-----------------------------------------------------------------------------------------------------------------------------------------------------+
Note: In order to hide this table in the UI and the text report file, please set the "Show Parameter Settings in Synthesis Report" option in "Analysis and Synthesis Settings -> More Settings" to "Off".


+--------------------------------------------------------------------------------------------------------------------------------------------------------------------------+
; Parameter Settings for User Entity Instance: top_level:top_level|top_proc_banco:top_proc_banco_inst|proc_banco:proc_banco_inst|processor:p_proc_banco|core:core|stack:sp ;
+----------------+-------+-------------------------------------------------------------------------------------------------------------------------------------------------+
; Parameter Name ; Value ; Type                                                                                                                                            ;
+----------------+-------+-------------------------------------------------------------------------------------------------------------------------------------------------+
; NADDR          ; 3     ; Signed Integer                                                                                                                                  ;
; DEPTH          ; 5     ; Signed Integer                                                                                                                                  ;
; NBITS          ; 32    ; Signed Integer                                                                                                                                  ;
+----------------+-------+-------------------------------------------------------------------------------------------------------------------------------------------------+
Note: In order to hide this table in the UI and the text report file, please set the "Show Parameter Settings in Synthesis Report" option in "Analysis and Synthesis Settings -> More Settings" to "Off".


+-----------------------------------------------------------------------------------------------------------------------------------------------------------------------------------+
; Parameter Settings for User Entity Instance: top_level:top_level|top_proc_banco:top_proc_banco_inst|proc_banco:proc_banco_inst|processor:p_proc_banco|core:core|ula_in1_ctrl:uic1 ;
+----------------+-------+----------------------------------------------------------------------------------------------------------------------------------------------------------+
; Parameter Name ; Value ; Type                                                                                                                                                     ;
+----------------+-------+----------------------------------------------------------------------------------------------------------------------------------------------------------+
; NUBITS         ; 32    ; Signed Integer                                                                                                                                           ;
; NBOPCO         ; 7     ; Signed Integer                                                                                                                                           ;
+----------------+-------+----------------------------------------------------------------------------------------------------------------------------------------------------------+
Note: In order to hide this table in the UI and the text report file, please set the "Show Parameter Settings in Synthesis Report" option in "Analysis and Synthesis Settings -> More Settings" to "Off".


+-----------------------------------------------------------------------------------------------------------------------------------------------------------------------------------+
; Parameter Settings for User Entity Instance: top_level:top_level|top_proc_banco:top_proc_banco_inst|proc_banco:proc_banco_inst|processor:p_proc_banco|core:core|ula_in2_ctrl:uic2 ;
+----------------+-------+----------------------------------------------------------------------------------------------------------------------------------------------------------+
; Parameter Name ; Value ; Type                                                                                                                                                     ;
+----------------+-------+----------------------------------------------------------------------------------------------------------------------------------------------------------+
; NUBITS         ; 32    ; Signed Integer                                                                                                                                           ;
; NBOPCO         ; 7     ; Signed Integer                                                                                                                                           ;
+----------------+-------+----------------------------------------------------------------------------------------------------------------------------------------------------------+
Note: In order to hide this table in the UI and the text report file, please set the "Show Parameter Settings in Synthesis Report" option in "Analysis and Synthesis Settings -> More Settings" to "Off".


+-------------------------------------------------------------------------------------------------------------------------------------------------------------------------+
; Parameter Settings for User Entity Instance: top_level:top_level|top_proc_banco:top_proc_banco_inst|proc_banco:proc_banco_inst|processor:p_proc_banco|core:core|ula:ula ;
+----------------+-------+------------------------------------------------------------------------------------------------------------------------------------------------+
; Parameter Name ; Value ; Type                                                                                                                                           ;
+----------------+-------+------------------------------------------------------------------------------------------------------------------------------------------------+
; NUBITS         ; 32    ; Signed Integer                                                                                                                                 ;
; NBMANT         ; 23    ; Signed Integer                                                                                                                                 ;
; NBEXPO         ; 8     ; Signed Integer                                                                                                                                 ;
; NUGAIN         ; 128   ; Signed Integer                                                                                                                                 ;
; NBOPCO         ; 7     ; Signed Integer                                                                                                                                 ;
; ADD            ; 1     ; Signed Integer                                                                                                                                 ;
; F_ADD          ; 1     ; Signed Integer                                                                                                                                 ;
; MLT            ; 1     ; Signed Integer                                                                                                                                 ;
; F_MLT          ; 1     ; Signed Integer                                                                                                                                 ;
; DIV            ; 0     ; Signed Integer                                                                                                                                 ;
; F_DIV          ; 1     ; Signed Integer                                                                                                                                 ;
; MOD            ; 0     ; Signed Integer                                                                                                                                 ;
; SGN            ; 0     ; Signed Integer                                                                                                                                 ;
; F_SGN          ; 0     ; Signed Integer                                                                                                                                 ;
; NEG            ; 0     ; Signed Integer                                                                                                                                 ;
; NEG_M          ; 1     ; Signed Integer                                                                                                                                 ;
; F_NEG          ; 0     ; Signed Integer                                                                                                                                 ;
; F_NEG_M        ; 0     ; Signed Integer                                                                                                                                 ;
; ABS            ; 0     ; Signed Integer                                                                                                                                 ;
; ABS_M          ; 0     ; Signed Integer                                                                                                                                 ;
; F_ABS          ; 0     ; Signed Integer                                                                                                                                 ;
; F_ABS_M        ; 0     ; Signed Integer                                                                                                                                 ;
; PST            ; 0     ; Signed Integer                                                                                                                                 ;
; PST_M          ; 0     ; Signed Integer                                                                                                                                 ;
; F_PST          ; 0     ; Signed Integer                                                                                                                                 ;
; F_PST_M        ; 0     ; Signed Integer                                                                                                                                 ;
; NRM            ; 0     ; Signed Integer                                                                                                                                 ;
; NRM_M          ; 0     ; Signed Integer                                                                                                                                 ;
; I2F            ; 1     ; Signed Integer                                                                                                                                 ;
; I2F_M          ; 1     ; Signed Integer                                                                                                                                 ;
; F2I            ; 1     ; Signed Integer                                                                                                                                 ;
; F2I_M          ; 0     ; Signed Integer                                                                                                                                 ;
; AND            ; 0     ; Signed Integer                                                                                                                                 ;
; ORR            ; 0     ; Signed Integer                                                                                                                                 ;
; XOR            ; 0     ; Signed Integer                                                                                                                                 ;
; INV            ; 0     ; Signed Integer                                                                                                                                 ;
; INV_M          ; 0     ; Signed Integer                                                                                                                                 ;
; LAN            ; 0     ; Signed Integer                                                                                                                                 ;
; LOR            ; 0     ; Signed Integer                                                                                                                                 ;
; LIN            ; 1     ; Signed Integer                                                                                                                                 ;
; LIN_M          ; 0     ; Signed Integer                                                                                                                                 ;
; LES            ; 1     ; Signed Integer                                                                                                                                 ;
; F_LES          ; 0     ; Signed Integer                                                                                                                                 ;
; GRE            ; 0     ; Signed Integer                                                                                                                                 ;
; F_GRE          ; 1     ; Signed Integer                                                                                                                                 ;
; EQU            ; 1     ; Signed Integer                                                                                                                                 ;
; SHL            ; 0     ; Signed Integer                                                                                                                                 ;
; SHR            ; 0     ; Signed Integer                                                                                                                                 ;
; SRS            ; 0     ; Signed Integer                                                                                                                                 ;
; F_ROT          ; 0     ; Signed Integer                                                                                                                                 ;
; F_SU1          ; 1     ; Signed Integer                                                                                                                                 ;
; F_SU2          ; 1     ; Signed Integer                                                                                                                                 ;
+----------------+-------+------------------------------------------------------------------------------------------------------------------------------------------------+
Note: In order to hide this table in the UI and the text report file, please set the "Show Parameter Settings in Synthesis Report" option in "Analysis and Synthesis Settings -> More Settings" to "Off".


+-------------------------------------------------------------------------------------------------------------------------------------------------------------------------------------------+
; Parameter Settings for User Entity Instance: top_level:top_level|top_proc_banco:top_proc_banco_inst|proc_banco:proc_banco_inst|processor:p_proc_banco|core:core|ula:ula|ula_denorm:denorm ;
+----------------+-------+------------------------------------------------------------------------------------------------------------------------------------------------------------------+
; Parameter Name ; Value ; Type                                                                                                                                                             ;
+----------------+-------+------------------------------------------------------------------------------------------------------------------------------------------------------------------+
; MAN            ; 23    ; Signed Integer                                                                                                                                                   ;
; EXP            ; 8     ; Signed Integer                                                                                                                                                   ;
+----------------+-------+------------------------------------------------------------------------------------------------------------------------------------------------------------------+
Note: In order to hide this table in the UI and the text report file, please set the "Show Parameter Settings in Synthesis Report" option in "Analysis and Synthesis Settings -> More Settings" to "Off".


+----------------------------------------------------------------------------------------------------------------------------------------------------------------------------------------+
; Parameter Settings for User Entity Instance: top_level:top_level|top_proc_banco:top_proc_banco_inst|proc_banco:proc_banco_inst|processor:p_proc_banco|core:core|ula:ula|ula_add:my_add ;
+----------------+-------+---------------------------------------------------------------------------------------------------------------------------------------------------------------+
; Parameter Name ; Value ; Type                                                                                                                                                          ;
+----------------+-------+---------------------------------------------------------------------------------------------------------------------------------------------------------------+
; NUBITS         ; 32    ; Signed Integer                                                                                                                                                ;
+----------------+-------+---------------------------------------------------------------------------------------------------------------------------------------------------------------+
Note: In order to hide this table in the UI and the text report file, please set the "Show Parameter Settings in Synthesis Report" option in "Analysis and Synthesis Settings -> More Settings" to "Off".


+------------------------------------------------------------------------------------------------------------------------------------------------------------------------------------------+
; Parameter Settings for User Entity Instance: top_level:top_level|top_proc_banco:top_proc_banco_inst|proc_banco:proc_banco_inst|processor:p_proc_banco|core:core|ula:ula|ula_fadd:my_fadd ;
+----------------+-------+-----------------------------------------------------------------------------------------------------------------------------------------------------------------+
; Parameter Name ; Value ; Type                                                                                                                                                            ;
+----------------+-------+-----------------------------------------------------------------------------------------------------------------------------------------------------------------+
; MAN            ; 23    ; Signed Integer                                                                                                                                                  ;
; EXP            ; 8     ; Signed Integer                                                                                                                                                  ;
+----------------+-------+-----------------------------------------------------------------------------------------------------------------------------------------------------------------+
Note: In order to hide this table in the UI and the text report file, please set the "Show Parameter Settings in Synthesis Report" option in "Analysis and Synthesis Settings -> More Settings" to "Off".


+----------------------------------------------------------------------------------------------------------------------------------------------------------------------------------------+
; Parameter Settings for User Entity Instance: top_level:top_level|top_proc_banco:top_proc_banco_inst|proc_banco:proc_banco_inst|processor:p_proc_banco|core:core|ula:ula|ula_mlt:my_mlt ;
+----------------+-------+---------------------------------------------------------------------------------------------------------------------------------------------------------------+
; Parameter Name ; Value ; Type                                                                                                                                                          ;
+----------------+-------+---------------------------------------------------------------------------------------------------------------------------------------------------------------+
; NUBITS         ; 32    ; Signed Integer                                                                                                                                                ;
+----------------+-------+---------------------------------------------------------------------------------------------------------------------------------------------------------------+
Note: In order to hide this table in the UI and the text report file, please set the "Show Parameter Settings in Synthesis Report" option in "Analysis and Synthesis Settings -> More Settings" to "Off".


+------------------------------------------------------------------------------------------------------------------------------------------------------------------------------------------+
; Parameter Settings for User Entity Instance: top_level:top_level|top_proc_banco:top_proc_banco_inst|proc_banco:proc_banco_inst|processor:p_proc_banco|core:core|ula:ula|ula_fmlt:my_fmlt ;
+----------------+-------+-----------------------------------------------------------------------------------------------------------------------------------------------------------------+
; Parameter Name ; Value ; Type                                                                                                                                                            ;
+----------------+-------+-----------------------------------------------------------------------------------------------------------------------------------------------------------------+
; MAN            ; 23    ; Signed Integer                                                                                                                                                  ;
; EXP            ; 8     ; Signed Integer                                                                                                                                                  ;
+----------------+-------+-----------------------------------------------------------------------------------------------------------------------------------------------------------------+
Note: In order to hide this table in the UI and the text report file, please set the "Show Parameter Settings in Synthesis Report" option in "Analysis and Synthesis Settings -> More Settings" to "Off".


+------------------------------------------------------------------------------------------------------------------------------------------------------------------------------------------+
; Parameter Settings for User Entity Instance: top_level:top_level|top_proc_banco:top_proc_banco_inst|proc_banco:proc_banco_inst|processor:p_proc_banco|core:core|ula:ula|ula_fdiv:my_fdiv ;
+----------------+-------+-----------------------------------------------------------------------------------------------------------------------------------------------------------------+
; Parameter Name ; Value ; Type                                                                                                                                                            ;
+----------------+-------+-----------------------------------------------------------------------------------------------------------------------------------------------------------------+
; MAN            ; 23    ; Signed Integer                                                                                                                                                  ;
; EXP            ; 8     ; Signed Integer                                                                                                                                                  ;
+----------------+-------+-----------------------------------------------------------------------------------------------------------------------------------------------------------------+
Note: In order to hide this table in the UI and the text report file, please set the "Show Parameter Settings in Synthesis Report" option in "Analysis and Synthesis Settings -> More Settings" to "Off".


+-----------------------------------------------------------------------------------------------------------------------------------------------------------------------------------------+
; Parameter Settings for User Entity Instance: top_level:top_level|top_proc_banco:top_proc_banco_inst|proc_banco:proc_banco_inst|processor:p_proc_banco|core:core|ula:ula|ula_neg:my_negm ;
+----------------+-------+----------------------------------------------------------------------------------------------------------------------------------------------------------------+
; Parameter Name ; Value ; Type                                                                                                                                                           ;
+----------------+-------+----------------------------------------------------------------------------------------------------------------------------------------------------------------+
; NUBITS         ; 32    ; Signed Integer                                                                                                                                                 ;
+----------------+-------+----------------------------------------------------------------------------------------------------------------------------------------------------------------+
Note: In order to hide this table in the UI and the text report file, please set the "Show Parameter Settings in Synthesis Report" option in "Analysis and Synthesis Settings -> More Settings" to "Off".


+----------------------------------------------------------------------------------------------------------------------------------------------------------------------------------------+
; Parameter Settings for User Entity Instance: top_level:top_level|top_proc_banco:top_proc_banco_inst|proc_banco:proc_banco_inst|processor:p_proc_banco|core:core|ula:ula|ula_i2f:my_i2f ;
+----------------+-------+---------------------------------------------------------------------------------------------------------------------------------------------------------------+
; Parameter Name ; Value ; Type                                                                                                                                                          ;
+----------------+-------+---------------------------------------------------------------------------------------------------------------------------------------------------------------+
; MAN            ; 23    ; Signed Integer                                                                                                                                                ;
; EXP            ; 8     ; Signed Integer                                                                                                                                                ;
+----------------+-------+---------------------------------------------------------------------------------------------------------------------------------------------------------------+
Note: In order to hide this table in the UI and the text report file, please set the "Show Parameter Settings in Synthesis Report" option in "Analysis and Synthesis Settings -> More Settings" to "Off".


+-----------------------------------------------------------------------------------------------------------------------------------------------------------------------------------------+
; Parameter Settings for User Entity Instance: top_level:top_level|top_proc_banco:top_proc_banco_inst|proc_banco:proc_banco_inst|processor:p_proc_banco|core:core|ula:ula|ula_i2f:my_i2fm ;
+----------------+-------+----------------------------------------------------------------------------------------------------------------------------------------------------------------+
; Parameter Name ; Value ; Type                                                                                                                                                           ;
+----------------+-------+----------------------------------------------------------------------------------------------------------------------------------------------------------------+
; MAN            ; 23    ; Signed Integer                                                                                                                                                 ;
; EXP            ; 8     ; Signed Integer                                                                                                                                                 ;
+----------------+-------+----------------------------------------------------------------------------------------------------------------------------------------------------------------+
Note: In order to hide this table in the UI and the text report file, please set the "Show Parameter Settings in Synthesis Report" option in "Analysis and Synthesis Settings -> More Settings" to "Off".


+----------------------------------------------------------------------------------------------------------------------------------------------------------------------------------------+
; Parameter Settings for User Entity Instance: top_level:top_level|top_proc_banco:top_proc_banco_inst|proc_banco:proc_banco_inst|processor:p_proc_banco|core:core|ula:ula|ula_f2i:my_f2i ;
+----------------+-------+---------------------------------------------------------------------------------------------------------------------------------------------------------------+
; Parameter Name ; Value ; Type                                                                                                                                                          ;
+----------------+-------+---------------------------------------------------------------------------------------------------------------------------------------------------------------+
; MAN            ; 23    ; Signed Integer                                                                                                                                                ;
; EXP            ; 8     ; Signed Integer                                                                                                                                                ;
+----------------+-------+---------------------------------------------------------------------------------------------------------------------------------------------------------------+
Note: In order to hide this table in the UI and the text report file, please set the "Show Parameter Settings in Synthesis Report" option in "Analysis and Synthesis Settings -> More Settings" to "Off".


+----------------------------------------------------------------------------------------------------------------------------------------------------------------------------------------+
; Parameter Settings for User Entity Instance: top_level:top_level|top_proc_banco:top_proc_banco_inst|proc_banco:proc_banco_inst|processor:p_proc_banco|core:core|ula:ula|ula_lin:my_lin ;
+----------------+-------+---------------------------------------------------------------------------------------------------------------------------------------------------------------+
; Parameter Name ; Value ; Type                                                                                                                                                          ;
+----------------+-------+---------------------------------------------------------------------------------------------------------------------------------------------------------------+
; NUBITS         ; 32    ; Signed Integer                                                                                                                                                ;
+----------------+-------+---------------------------------------------------------------------------------------------------------------------------------------------------------------+
Note: In order to hide this table in the UI and the text report file, please set the "Show Parameter Settings in Synthesis Report" option in "Analysis and Synthesis Settings -> More Settings" to "Off".


+----------------------------------------------------------------------------------------------------------------------------------------------------------------------------------------+
; Parameter Settings for User Entity Instance: top_level:top_level|top_proc_banco:top_proc_banco_inst|proc_banco:proc_banco_inst|processor:p_proc_banco|core:core|ula:ula|ula_les:my_les ;
+----------------+-------+---------------------------------------------------------------------------------------------------------------------------------------------------------------+
; Parameter Name ; Value ; Type                                                                                                                                                          ;
+----------------+-------+---------------------------------------------------------------------------------------------------------------------------------------------------------------+
; NUBITS         ; 32    ; Signed Integer                                                                                                                                                ;
+----------------+-------+---------------------------------------------------------------------------------------------------------------------------------------------------------------+
Note: In order to hide this table in the UI and the text report file, please set the "Show Parameter Settings in Synthesis Report" option in "Analysis and Synthesis Settings -> More Settings" to "Off".


+------------------------------------------------------------------------------------------------------------------------------------------------------------------------------------------+
; Parameter Settings for User Entity Instance: top_level:top_level|top_proc_banco:top_proc_banco_inst|proc_banco:proc_banco_inst|processor:p_proc_banco|core:core|ula:ula|ula_fgre:my_fgre ;
+----------------+-------+-----------------------------------------------------------------------------------------------------------------------------------------------------------------+
; Parameter Name ; Value ; Type                                                                                                                                                            ;
+----------------+-------+-----------------------------------------------------------------------------------------------------------------------------------------------------------------+
; NUBITS         ; 32    ; Signed Integer                                                                                                                                                  ;
; NBMANT         ; 23    ; Signed Integer                                                                                                                                                  ;
+----------------+-------+-----------------------------------------------------------------------------------------------------------------------------------------------------------------+
Note: In order to hide this table in the UI and the text report file, please set the "Show Parameter Settings in Synthesis Report" option in "Analysis and Synthesis Settings -> More Settings" to "Off".


+----------------------------------------------------------------------------------------------------------------------------------------------------------------------------------------+
; Parameter Settings for User Entity Instance: top_level:top_level|top_proc_banco:top_proc_banco_inst|proc_banco:proc_banco_inst|processor:p_proc_banco|core:core|ula:ula|ula_equ:my_equ ;
+----------------+-------+---------------------------------------------------------------------------------------------------------------------------------------------------------------+
; Parameter Name ; Value ; Type                                                                                                                                                          ;
+----------------+-------+---------------------------------------------------------------------------------------------------------------------------------------------------------------+
; NUBITS         ; 32    ; Signed Integer                                                                                                                                                ;
+----------------+-------+---------------------------------------------------------------------------------------------------------------------------------------------------------------+
Note: In order to hide this table in the UI and the text report file, please set the "Show Parameter Settings in Synthesis Report" option in "Analysis and Synthesis Settings -> More Settings" to "Off".


+-------------------------------------------------------------------------------------------------------------------------------------------------------------------------------------------+
; Parameter Settings for User Entity Instance: top_level:top_level|top_proc_banco:top_proc_banco_inst|proc_banco:proc_banco_inst|processor:p_proc_banco|core:core|ula:ula|norm_mux:norm_mux ;
+----------------+-------+------------------------------------------------------------------------------------------------------------------------------------------------------------------+
; Parameter Name ; Value ; Type                                                                                                                                                             ;
+----------------+-------+------------------------------------------------------------------------------------------------------------------------------------------------------------------+
; NUBITS         ; 32    ; Signed Integer                                                                                                                                                   ;
; NBMANT         ; 23    ; Signed Integer                                                                                                                                                   ;
; NBEXPO         ; 8     ; Signed Integer                                                                                                                                                   ;
+----------------+-------+------------------------------------------------------------------------------------------------------------------------------------------------------------------+
Note: In order to hide this table in the UI and the text report file, please set the "Show Parameter Settings in Synthesis Report" option in "Analysis and Synthesis Settings -> More Settings" to "Off".


+-------------------------------------------------------------------------------------------------------------------------------------------------------------------------------------------------------------+
; Parameter Settings for User Entity Instance: top_level:top_level|top_proc_banco:top_proc_banco_inst|proc_banco:proc_banco_inst|processor:p_proc_banco|core:core|ula:ula|norm_mux:norm_mux|ula_norm:ula_norm ;
+----------------+-------+------------------------------------------------------------------------------------------------------------------------------------------------------------------------------------+
; Parameter Name ; Value ; Type                                                                                                                                                                               ;
+----------------+-------+------------------------------------------------------------------------------------------------------------------------------------------------------------------------------------+
; MAN            ; 23    ; Signed Integer                                                                                                                                                                     ;
; EXP            ; 8     ; Signed Integer                                                                                                                                                                     ;
+----------------+-------+------------------------------------------------------------------------------------------------------------------------------------------------------------------------------------+
Note: In order to hide this table in the UI and the text report file, please set the "Show Parameter Settings in Synthesis Report" option in "Analysis and Synthesis Settings -> More Settings" to "Off".


+--------------------------------------------------------------------------------------------------------------------------------------------------------------------------------------------------------------------------+
; Parameter Settings for User Entity Instance: top_level:top_level|top_proc_banco:top_proc_banco_inst|proc_banco:proc_banco_inst|processor:p_proc_banco|core:core|ula:ula|norm_mux:norm_mux|ula_norm:ula_norm|ula_nmux:mm1 ;
+----------------+-------+-------------------------------------------------------------------------------------------------------------------------------------------------------------------------------------------------+
; Parameter Name ; Value ; Type                                                                                                                                                                                            ;
+----------------+-------+-------------------------------------------------------------------------------------------------------------------------------------------------------------------------------------------------+
; NCOMP          ; 1     ; Signed Integer                                                                                                                                                                                  ;
; NBITS          ; 8     ; Signed Integer                                                                                                                                                                                  ;
+----------------+-------+-------------------------------------------------------------------------------------------------------------------------------------------------------------------------------------------------+
Note: In order to hide this table in the UI and the text report file, please set the "Show Parameter Settings in Synthesis Report" option in "Analysis and Synthesis Settings -> More Settings" to "Off".


+---------------------------------------------------------------------------------------------------------------------------------------------------------------------------------------------------------------------------------+
; Parameter Settings for User Entity Instance: top_level:top_level|top_proc_banco:top_proc_banco_inst|proc_banco:proc_banco_inst|processor:p_proc_banco|core:core|ula:ula|norm_mux:norm_mux|ula_norm:ula_norm|ula_nmux:norm[1].mm ;
+----------------+-------+--------------------------------------------------------------------------------------------------------------------------------------------------------------------------------------------------------+
; Parameter Name ; Value ; Type                                                                                                                                                                                                   ;
+----------------+-------+--------------------------------------------------------------------------------------------------------------------------------------------------------------------------------------------------------+
; NCOMP          ; 2     ; Signed Integer                                                                                                                                                                                         ;
; NBITS          ; 8     ; Signed Integer                                                                                                                                                                                         ;
+----------------+-------+--------------------------------------------------------------------------------------------------------------------------------------------------------------------------------------------------------+
Note: In order to hide this table in the UI and the text report file, please set the "Show Parameter Settings in Synthesis Report" option in "Analysis and Synthesis Settings -> More Settings" to "Off".


+---------------------------------------------------------------------------------------------------------------------------------------------------------------------------------------------------------------------------------+
; Parameter Settings for User Entity Instance: top_level:top_level|top_proc_banco:top_proc_banco_inst|proc_banco:proc_banco_inst|processor:p_proc_banco|core:core|ula:ula|norm_mux:norm_mux|ula_norm:ula_norm|ula_nmux:norm[2].mm ;
+----------------+-------+--------------------------------------------------------------------------------------------------------------------------------------------------------------------------------------------------------+
; Parameter Name ; Value ; Type                                                                                                                                                                                                   ;
+----------------+-------+--------------------------------------------------------------------------------------------------------------------------------------------------------------------------------------------------------+
; NCOMP          ; 3     ; Signed Integer                                                                                                                                                                                         ;
; NBITS          ; 8     ; Signed Integer                                                                                                                                                                                         ;
+----------------+-------+--------------------------------------------------------------------------------------------------------------------------------------------------------------------------------------------------------+
Note: In order to hide this table in the UI and the text report file, please set the "Show Parameter Settings in Synthesis Report" option in "Analysis and Synthesis Settings -> More Settings" to "Off".


+---------------------------------------------------------------------------------------------------------------------------------------------------------------------------------------------------------------------------------+
; Parameter Settings for User Entity Instance: top_level:top_level|top_proc_banco:top_proc_banco_inst|proc_banco:proc_banco_inst|processor:p_proc_banco|core:core|ula:ula|norm_mux:norm_mux|ula_norm:ula_norm|ula_nmux:norm[3].mm ;
+----------------+-------+--------------------------------------------------------------------------------------------------------------------------------------------------------------------------------------------------------+
; Parameter Name ; Value ; Type                                                                                                                                                                                                   ;
+----------------+-------+--------------------------------------------------------------------------------------------------------------------------------------------------------------------------------------------------------+
; NCOMP          ; 4     ; Signed Integer                                                                                                                                                                                         ;
; NBITS          ; 8     ; Signed Integer                                                                                                                                                                                         ;
+----------------+-------+--------------------------------------------------------------------------------------------------------------------------------------------------------------------------------------------------------+
Note: In order to hide this table in the UI and the text report file, please set the "Show Parameter Settings in Synthesis Report" option in "Analysis and Synthesis Settings -> More Settings" to "Off".


+---------------------------------------------------------------------------------------------------------------------------------------------------------------------------------------------------------------------------------+
; Parameter Settings for User Entity Instance: top_level:top_level|top_proc_banco:top_proc_banco_inst|proc_banco:proc_banco_inst|processor:p_proc_banco|core:core|ula:ula|norm_mux:norm_mux|ula_norm:ula_norm|ula_nmux:norm[4].mm ;
+----------------+-------+--------------------------------------------------------------------------------------------------------------------------------------------------------------------------------------------------------+
; Parameter Name ; Value ; Type                                                                                                                                                                                                   ;
+----------------+-------+--------------------------------------------------------------------------------------------------------------------------------------------------------------------------------------------------------+
; NCOMP          ; 5     ; Signed Integer                                                                                                                                                                                         ;
; NBITS          ; 8     ; Signed Integer                                                                                                                                                                                         ;
+----------------+-------+--------------------------------------------------------------------------------------------------------------------------------------------------------------------------------------------------------+
Note: In order to hide this table in the UI and the text report file, please set the "Show Parameter Settings in Synthesis Report" option in "Analysis and Synthesis Settings -> More Settings" to "Off".


+---------------------------------------------------------------------------------------------------------------------------------------------------------------------------------------------------------------------------------+
; Parameter Settings for User Entity Instance: top_level:top_level|top_proc_banco:top_proc_banco_inst|proc_banco:proc_banco_inst|processor:p_proc_banco|core:core|ula:ula|norm_mux:norm_mux|ula_norm:ula_norm|ula_nmux:norm[5].mm ;
+----------------+-------+--------------------------------------------------------------------------------------------------------------------------------------------------------------------------------------------------------+
; Parameter Name ; Value ; Type                                                                                                                                                                                                   ;
+----------------+-------+--------------------------------------------------------------------------------------------------------------------------------------------------------------------------------------------------------+
; NCOMP          ; 6     ; Signed Integer                                                                                                                                                                                         ;
; NBITS          ; 8     ; Signed Integer                                                                                                                                                                                         ;
+----------------+-------+--------------------------------------------------------------------------------------------------------------------------------------------------------------------------------------------------------+
Note: In order to hide this table in the UI and the text report file, please set the "Show Parameter Settings in Synthesis Report" option in "Analysis and Synthesis Settings -> More Settings" to "Off".


+---------------------------------------------------------------------------------------------------------------------------------------------------------------------------------------------------------------------------------+
; Parameter Settings for User Entity Instance: top_level:top_level|top_proc_banco:top_proc_banco_inst|proc_banco:proc_banco_inst|processor:p_proc_banco|core:core|ula:ula|norm_mux:norm_mux|ula_norm:ula_norm|ula_nmux:norm[6].mm ;
+----------------+-------+--------------------------------------------------------------------------------------------------------------------------------------------------------------------------------------------------------+
; Parameter Name ; Value ; Type                                                                                                                                                                                                   ;
+----------------+-------+--------------------------------------------------------------------------------------------------------------------------------------------------------------------------------------------------------+
; NCOMP          ; 7     ; Signed Integer                                                                                                                                                                                         ;
; NBITS          ; 8     ; Signed Integer                                                                                                                                                                                         ;
+----------------+-------+--------------------------------------------------------------------------------------------------------------------------------------------------------------------------------------------------------+
Note: In order to hide this table in the UI and the text report file, please set the "Show Parameter Settings in Synthesis Report" option in "Analysis and Synthesis Settings -> More Settings" to "Off".


+---------------------------------------------------------------------------------------------------------------------------------------------------------------------------------------------------------------------------------+
; Parameter Settings for User Entity Instance: top_level:top_level|top_proc_banco:top_proc_banco_inst|proc_banco:proc_banco_inst|processor:p_proc_banco|core:core|ula:ula|norm_mux:norm_mux|ula_norm:ula_norm|ula_nmux:norm[7].mm ;
+----------------+-------+--------------------------------------------------------------------------------------------------------------------------------------------------------------------------------------------------------+
; Parameter Name ; Value ; Type                                                                                                                                                                                                   ;
+----------------+-------+--------------------------------------------------------------------------------------------------------------------------------------------------------------------------------------------------------+
; NCOMP          ; 8     ; Signed Integer                                                                                                                                                                                         ;
; NBITS          ; 8     ; Signed Integer                                                                                                                                                                                         ;
+----------------+-------+--------------------------------------------------------------------------------------------------------------------------------------------------------------------------------------------------------+
Note: In order to hide this table in the UI and the text report file, please set the "Show Parameter Settings in Synthesis Report" option in "Analysis and Synthesis Settings -> More Settings" to "Off".


+---------------------------------------------------------------------------------------------------------------------------------------------------------------------------------------------------------------------------------+
; Parameter Settings for User Entity Instance: top_level:top_level|top_proc_banco:top_proc_banco_inst|proc_banco:proc_banco_inst|processor:p_proc_banco|core:core|ula:ula|norm_mux:norm_mux|ula_norm:ula_norm|ula_nmux:norm[8].mm ;
+----------------+-------+--------------------------------------------------------------------------------------------------------------------------------------------------------------------------------------------------------+
; Parameter Name ; Value ; Type                                                                                                                                                                                                   ;
+----------------+-------+--------------------------------------------------------------------------------------------------------------------------------------------------------------------------------------------------------+
; NCOMP          ; 9     ; Signed Integer                                                                                                                                                                                         ;
; NBITS          ; 8     ; Signed Integer                                                                                                                                                                                         ;
+----------------+-------+--------------------------------------------------------------------------------------------------------------------------------------------------------------------------------------------------------+
Note: In order to hide this table in the UI and the text report file, please set the "Show Parameter Settings in Synthesis Report" option in "Analysis and Synthesis Settings -> More Settings" to "Off".


+---------------------------------------------------------------------------------------------------------------------------------------------------------------------------------------------------------------------------------+
; Parameter Settings for User Entity Instance: top_level:top_level|top_proc_banco:top_proc_banco_inst|proc_banco:proc_banco_inst|processor:p_proc_banco|core:core|ula:ula|norm_mux:norm_mux|ula_norm:ula_norm|ula_nmux:norm[9].mm ;
+----------------+-------+--------------------------------------------------------------------------------------------------------------------------------------------------------------------------------------------------------+
; Parameter Name ; Value ; Type                                                                                                                                                                                                   ;
+----------------+-------+--------------------------------------------------------------------------------------------------------------------------------------------------------------------------------------------------------+
; NCOMP          ; 10    ; Signed Integer                                                                                                                                                                                         ;
; NBITS          ; 8     ; Signed Integer                                                                                                                                                                                         ;
+----------------+-------+--------------------------------------------------------------------------------------------------------------------------------------------------------------------------------------------------------+
Note: In order to hide this table in the UI and the text report file, please set the "Show Parameter Settings in Synthesis Report" option in "Analysis and Synthesis Settings -> More Settings" to "Off".


+----------------------------------------------------------------------------------------------------------------------------------------------------------------------------------------------------------------------------------+
; Parameter Settings for User Entity Instance: top_level:top_level|top_proc_banco:top_proc_banco_inst|proc_banco:proc_banco_inst|processor:p_proc_banco|core:core|ula:ula|norm_mux:norm_mux|ula_norm:ula_norm|ula_nmux:norm[10].mm ;
+----------------+-------+---------------------------------------------------------------------------------------------------------------------------------------------------------------------------------------------------------+
; Parameter Name ; Value ; Type                                                                                                                                                                                                    ;
+----------------+-------+---------------------------------------------------------------------------------------------------------------------------------------------------------------------------------------------------------+
; NCOMP          ; 11    ; Signed Integer                                                                                                                                                                                          ;
; NBITS          ; 8     ; Signed Integer                                                                                                                                                                                          ;
+----------------+-------+---------------------------------------------------------------------------------------------------------------------------------------------------------------------------------------------------------+
Note: In order to hide this table in the UI and the text report file, please set the "Show Parameter Settings in Synthesis Report" option in "Analysis and Synthesis Settings -> More Settings" to "Off".


+----------------------------------------------------------------------------------------------------------------------------------------------------------------------------------------------------------------------------------+
; Parameter Settings for User Entity Instance: top_level:top_level|top_proc_banco:top_proc_banco_inst|proc_banco:proc_banco_inst|processor:p_proc_banco|core:core|ula:ula|norm_mux:norm_mux|ula_norm:ula_norm|ula_nmux:norm[11].mm ;
+----------------+-------+---------------------------------------------------------------------------------------------------------------------------------------------------------------------------------------------------------+
; Parameter Name ; Value ; Type                                                                                                                                                                                                    ;
+----------------+-------+---------------------------------------------------------------------------------------------------------------------------------------------------------------------------------------------------------+
; NCOMP          ; 12    ; Signed Integer                                                                                                                                                                                          ;
; NBITS          ; 8     ; Signed Integer                                                                                                                                                                                          ;
+----------------+-------+---------------------------------------------------------------------------------------------------------------------------------------------------------------------------------------------------------+
Note: In order to hide this table in the UI and the text report file, please set the "Show Parameter Settings in Synthesis Report" option in "Analysis and Synthesis Settings -> More Settings" to "Off".


+----------------------------------------------------------------------------------------------------------------------------------------------------------------------------------------------------------------------------------+
; Parameter Settings for User Entity Instance: top_level:top_level|top_proc_banco:top_proc_banco_inst|proc_banco:proc_banco_inst|processor:p_proc_banco|core:core|ula:ula|norm_mux:norm_mux|ula_norm:ula_norm|ula_nmux:norm[12].mm ;
+----------------+-------+---------------------------------------------------------------------------------------------------------------------------------------------------------------------------------------------------------+
; Parameter Name ; Value ; Type                                                                                                                                                                                                    ;
+----------------+-------+---------------------------------------------------------------------------------------------------------------------------------------------------------------------------------------------------------+
; NCOMP          ; 13    ; Signed Integer                                                                                                                                                                                          ;
; NBITS          ; 8     ; Signed Integer                                                                                                                                                                                          ;
+----------------+-------+---------------------------------------------------------------------------------------------------------------------------------------------------------------------------------------------------------+
Note: In order to hide this table in the UI and the text report file, please set the "Show Parameter Settings in Synthesis Report" option in "Analysis and Synthesis Settings -> More Settings" to "Off".


+----------------------------------------------------------------------------------------------------------------------------------------------------------------------------------------------------------------------------------+
; Parameter Settings for User Entity Instance: top_level:top_level|top_proc_banco:top_proc_banco_inst|proc_banco:proc_banco_inst|processor:p_proc_banco|core:core|ula:ula|norm_mux:norm_mux|ula_norm:ula_norm|ula_nmux:norm[13].mm ;
+----------------+-------+---------------------------------------------------------------------------------------------------------------------------------------------------------------------------------------------------------+
; Parameter Name ; Value ; Type                                                                                                                                                                                                    ;
+----------------+-------+---------------------------------------------------------------------------------------------------------------------------------------------------------------------------------------------------------+
; NCOMP          ; 14    ; Signed Integer                                                                                                                                                                                          ;
; NBITS          ; 8     ; Signed Integer                                                                                                                                                                                          ;
+----------------+-------+---------------------------------------------------------------------------------------------------------------------------------------------------------------------------------------------------------+
Note: In order to hide this table in the UI and the text report file, please set the "Show Parameter Settings in Synthesis Report" option in "Analysis and Synthesis Settings -> More Settings" to "Off".


+----------------------------------------------------------------------------------------------------------------------------------------------------------------------------------------------------------------------------------+
; Parameter Settings for User Entity Instance: top_level:top_level|top_proc_banco:top_proc_banco_inst|proc_banco:proc_banco_inst|processor:p_proc_banco|core:core|ula:ula|norm_mux:norm_mux|ula_norm:ula_norm|ula_nmux:norm[14].mm ;
+----------------+-------+---------------------------------------------------------------------------------------------------------------------------------------------------------------------------------------------------------+
; Parameter Name ; Value ; Type                                                                                                                                                                                                    ;
+----------------+-------+---------------------------------------------------------------------------------------------------------------------------------------------------------------------------------------------------------+
; NCOMP          ; 15    ; Signed Integer                                                                                                                                                                                          ;
; NBITS          ; 8     ; Signed Integer                                                                                                                                                                                          ;
+----------------+-------+---------------------------------------------------------------------------------------------------------------------------------------------------------------------------------------------------------+
Note: In order to hide this table in the UI and the text report file, please set the "Show Parameter Settings in Synthesis Report" option in "Analysis and Synthesis Settings -> More Settings" to "Off".


+----------------------------------------------------------------------------------------------------------------------------------------------------------------------------------------------------------------------------------+
; Parameter Settings for User Entity Instance: top_level:top_level|top_proc_banco:top_proc_banco_inst|proc_banco:proc_banco_inst|processor:p_proc_banco|core:core|ula:ula|norm_mux:norm_mux|ula_norm:ula_norm|ula_nmux:norm[15].mm ;
+----------------+-------+---------------------------------------------------------------------------------------------------------------------------------------------------------------------------------------------------------+
; Parameter Name ; Value ; Type                                                                                                                                                                                                    ;
+----------------+-------+---------------------------------------------------------------------------------------------------------------------------------------------------------------------------------------------------------+
; NCOMP          ; 16    ; Signed Integer                                                                                                                                                                                          ;
; NBITS          ; 8     ; Signed Integer                                                                                                                                                                                          ;
+----------------+-------+---------------------------------------------------------------------------------------------------------------------------------------------------------------------------------------------------------+
Note: In order to hide this table in the UI and the text report file, please set the "Show Parameter Settings in Synthesis Report" option in "Analysis and Synthesis Settings -> More Settings" to "Off".


+----------------------------------------------------------------------------------------------------------------------------------------------------------------------------------------------------------------------------------+
; Parameter Settings for User Entity Instance: top_level:top_level|top_proc_banco:top_proc_banco_inst|proc_banco:proc_banco_inst|processor:p_proc_banco|core:core|ula:ula|norm_mux:norm_mux|ula_norm:ula_norm|ula_nmux:norm[16].mm ;
+----------------+-------+---------------------------------------------------------------------------------------------------------------------------------------------------------------------------------------------------------+
; Parameter Name ; Value ; Type                                                                                                                                                                                                    ;
+----------------+-------+---------------------------------------------------------------------------------------------------------------------------------------------------------------------------------------------------------+
; NCOMP          ; 17    ; Signed Integer                                                                                                                                                                                          ;
; NBITS          ; 8     ; Signed Integer                                                                                                                                                                                          ;
+----------------+-------+---------------------------------------------------------------------------------------------------------------------------------------------------------------------------------------------------------+
Note: In order to hide this table in the UI and the text report file, please set the "Show Parameter Settings in Synthesis Report" option in "Analysis and Synthesis Settings -> More Settings" to "Off".


+----------------------------------------------------------------------------------------------------------------------------------------------------------------------------------------------------------------------------------+
; Parameter Settings for User Entity Instance: top_level:top_level|top_proc_banco:top_proc_banco_inst|proc_banco:proc_banco_inst|processor:p_proc_banco|core:core|ula:ula|norm_mux:norm_mux|ula_norm:ula_norm|ula_nmux:norm[17].mm ;
+----------------+-------+---------------------------------------------------------------------------------------------------------------------------------------------------------------------------------------------------------+
; Parameter Name ; Value ; Type                                                                                                                                                                                                    ;
+----------------+-------+---------------------------------------------------------------------------------------------------------------------------------------------------------------------------------------------------------+
; NCOMP          ; 18    ; Signed Integer                                                                                                                                                                                          ;
; NBITS          ; 8     ; Signed Integer                                                                                                                                                                                          ;
+----------------+-------+---------------------------------------------------------------------------------------------------------------------------------------------------------------------------------------------------------+
Note: In order to hide this table in the UI and the text report file, please set the "Show Parameter Settings in Synthesis Report" option in "Analysis and Synthesis Settings -> More Settings" to "Off".


+----------------------------------------------------------------------------------------------------------------------------------------------------------------------------------------------------------------------------------+
; Parameter Settings for User Entity Instance: top_level:top_level|top_proc_banco:top_proc_banco_inst|proc_banco:proc_banco_inst|processor:p_proc_banco|core:core|ula:ula|norm_mux:norm_mux|ula_norm:ula_norm|ula_nmux:norm[18].mm ;
+----------------+-------+---------------------------------------------------------------------------------------------------------------------------------------------------------------------------------------------------------+
; Parameter Name ; Value ; Type                                                                                                                                                                                                    ;
+----------------+-------+---------------------------------------------------------------------------------------------------------------------------------------------------------------------------------------------------------+
; NCOMP          ; 19    ; Signed Integer                                                                                                                                                                                          ;
; NBITS          ; 8     ; Signed Integer                                                                                                                                                                                          ;
+----------------+-------+---------------------------------------------------------------------------------------------------------------------------------------------------------------------------------------------------------+
Note: In order to hide this table in the UI and the text report file, please set the "Show Parameter Settings in Synthesis Report" option in "Analysis and Synthesis Settings -> More Settings" to "Off".


+----------------------------------------------------------------------------------------------------------------------------------------------------------------------------------------------------------------------------------+
; Parameter Settings for User Entity Instance: top_level:top_level|top_proc_banco:top_proc_banco_inst|proc_banco:proc_banco_inst|processor:p_proc_banco|core:core|ula:ula|norm_mux:norm_mux|ula_norm:ula_norm|ula_nmux:norm[19].mm ;
+----------------+-------+---------------------------------------------------------------------------------------------------------------------------------------------------------------------------------------------------------+
; Parameter Name ; Value ; Type                                                                                                                                                                                                    ;
+----------------+-------+---------------------------------------------------------------------------------------------------------------------------------------------------------------------------------------------------------+
; NCOMP          ; 20    ; Signed Integer                                                                                                                                                                                          ;
; NBITS          ; 8     ; Signed Integer                                                                                                                                                                                          ;
+----------------+-------+---------------------------------------------------------------------------------------------------------------------------------------------------------------------------------------------------------+
Note: In order to hide this table in the UI and the text report file, please set the "Show Parameter Settings in Synthesis Report" option in "Analysis and Synthesis Settings -> More Settings" to "Off".


+----------------------------------------------------------------------------------------------------------------------------------------------------------------------------------------------------------------------------------+
; Parameter Settings for User Entity Instance: top_level:top_level|top_proc_banco:top_proc_banco_inst|proc_banco:proc_banco_inst|processor:p_proc_banco|core:core|ula:ula|norm_mux:norm_mux|ula_norm:ula_norm|ula_nmux:norm[20].mm ;
+----------------+-------+---------------------------------------------------------------------------------------------------------------------------------------------------------------------------------------------------------+
; Parameter Name ; Value ; Type                                                                                                                                                                                                    ;
+----------------+-------+---------------------------------------------------------------------------------------------------------------------------------------------------------------------------------------------------------+
; NCOMP          ; 21    ; Signed Integer                                                                                                                                                                                          ;
; NBITS          ; 8     ; Signed Integer                                                                                                                                                                                          ;
+----------------+-------+---------------------------------------------------------------------------------------------------------------------------------------------------------------------------------------------------------+
Note: In order to hide this table in the UI and the text report file, please set the "Show Parameter Settings in Synthesis Report" option in "Analysis and Synthesis Settings -> More Settings" to "Off".


+----------------------------------------------------------------------------------------------------------------------------------------------------------------------------------------------------------------------------------+
; Parameter Settings for User Entity Instance: top_level:top_level|top_proc_banco:top_proc_banco_inst|proc_banco:proc_banco_inst|processor:p_proc_banco|core:core|ula:ula|norm_mux:norm_mux|ula_norm:ula_norm|ula_nmux:norm[21].mm ;
+----------------+-------+---------------------------------------------------------------------------------------------------------------------------------------------------------------------------------------------------------+
; Parameter Name ; Value ; Type                                                                                                                                                                                                    ;
+----------------+-------+---------------------------------------------------------------------------------------------------------------------------------------------------------------------------------------------------------+
; NCOMP          ; 22    ; Signed Integer                                                                                                                                                                                          ;
; NBITS          ; 8     ; Signed Integer                                                                                                                                                                                          ;
+----------------+-------+---------------------------------------------------------------------------------------------------------------------------------------------------------------------------------------------------------+
Note: In order to hide this table in the UI and the text report file, please set the "Show Parameter Settings in Synthesis Report" option in "Analysis and Synthesis Settings -> More Settings" to "Off".


+-----------------------------------------------------------------------------------------------------------------------------------------------------------------------------------------+
; Parameter Settings for User Entity Instance: top_level:top_level|top_proc_banco:top_proc_banco_inst|proc_banco:proc_banco_inst|processor:p_proc_banco|core:core|ula:ula|ula_mux:ula_mux ;
+----------------+-------+----------------------------------------------------------------------------------------------------------------------------------------------------------------+
; Parameter Name ; Value ; Type                                                                                                                                                           ;
+----------------+-------+----------------------------------------------------------------------------------------------------------------------------------------------------------------+
; NUBITS         ; 32    ; Signed Integer                                                                                                                                                 ;
+----------------+-------+----------------------------------------------------------------------------------------------------------------------------------------------------------------+
Note: In order to hide this table in the UI and the text report file, please set the "Show Parameter Settings in Synthesis Report" option in "Analysis and Synthesis Settings -> More Settings" to "Off".


+-----------------------------------------------------------------------------------------------------------------------------------------------------------------------------+
; Parameter Settings for User Entity Instance: top_level:top_level|top_proc_banco:top_proc_banco_inst|proc_banco:proc_banco_inst|processor:p_proc_banco|core:core|mem_ctrl:ac ;
+----------------+-------+----------------------------------------------------------------------------------------------------------------------------------------------------+
; Parameter Name ; Value ; Type                                                                                                                                               ;
+----------------+-------+----------------------------------------------------------------------------------------------------------------------------------------------------+
; NUBITS         ; 32    ; Signed Integer                                                                                                                                     ;
; MDATAW         ; 13    ; Signed Integer                                                                                                                                     ;
; FFTSIZ         ; 8     ; Signed Integer                                                                                                                                     ;
; ISI            ; 1     ; Signed Integer                                                                                                                                     ;
; ILI            ; 1     ; Signed Integer                                                                                                                                     ;
; LDA            ; 0     ; Signed Integer                                                                                                                                     ;
; STA            ; 0     ; Signed Integer                                                                                                                                     ;
+----------------+-------+----------------------------------------------------------------------------------------------------------------------------------------------------+
Note: In order to hide this table in the UI and the text report file, please set the "Show Parameter Settings in Synthesis Report" option in "Analysis and Synthesis Settings -> More Settings" to "Off".


+--------------------------------------------------------------------------------------------------------------------------------------------------------------------------------------------+
; Parameter Settings for User Entity Instance: top_level:top_level|top_proc_banco:top_proc_banco_inst|proc_banco:proc_banco_inst|processor:p_proc_banco|core:core|mem_ctrl:ac|rel_addr:ra_rd ;
+----------------+-------+-------------------------------------------------------------------------------------------------------------------------------------------------------------------+
; Parameter Name ; Value ; Type                                                                                                                                                              ;
+----------------+-------+-------------------------------------------------------------------------------------------------------------------------------------------------------------------+
; MDATAW         ; 13    ; Signed Integer                                                                                                                                                    ;
; FFTSIZ         ; 8     ; Signed Integer                                                                                                                                                    ;
; USEFFT         ; 1     ; Signed Integer                                                                                                                                                    ;
+----------------+-------+-------------------------------------------------------------------------------------------------------------------------------------------------------------------+
Note: In order to hide this table in the UI and the text report file, please set the "Show Parameter Settings in Synthesis Report" option in "Analysis and Synthesis Settings -> More Settings" to "Off".


+--------------------------------------------------------------------------------------------------------------------------------------------------------------------------------------------+
; Parameter Settings for User Entity Instance: top_level:top_level|top_proc_banco:top_proc_banco_inst|proc_banco:proc_banco_inst|processor:p_proc_banco|core:core|mem_ctrl:ac|rel_addr:ra_wr ;
+----------------+-------+-------------------------------------------------------------------------------------------------------------------------------------------------------------------+
; Parameter Name ; Value ; Type                                                                                                                                                              ;
+----------------+-------+-------------------------------------------------------------------------------------------------------------------------------------------------------------------+
; MDATAW         ; 13    ; Signed Integer                                                                                                                                                    ;
; FFTSIZ         ; 8     ; Signed Integer                                                                                                                                                    ;
; USEFFT         ; 1     ; Signed Integer                                                                                                                                                    ;
+----------------+-------+-------------------------------------------------------------------------------------------------------------------------------------------------------------------+
Note: In order to hide this table in the UI and the text report file, please set the "Show Parameter Settings in Synthesis Report" option in "Analysis and Synthesis Settings -> More Settings" to "Off".


+----------------------------------------------------------------------------------------------------------------------------------------------------------------------------+
; Parameter Settings for User Entity Instance: top_level:top_level|top_proc_banco:top_proc_banco_inst|proc_banco:proc_banco_inst|processor:p_proc_banco|core:core|io_ctrl:io ;
+----------------+-------+---------------------------------------------------------------------------------------------------------------------------------------------------+
; Parameter Name ; Value ; Type                                                                                                                                              ;
+----------------+-------+---------------------------------------------------------------------------------------------------------------------------------------------------+
; MDATAW         ; 13    ; Signed Integer                                                                                                                                    ;
; NBIOIN         ; 1     ; Signed Integer                                                                                                                                    ;
; NBIOOU         ; 2     ; Signed Integer                                                                                                                                    ;
; INN            ; 0     ; Signed Integer                                                                                                                                    ;
; F_INN          ; 0     ; Signed Integer                                                                                                                                    ;
; P_INN          ; 1     ; Signed Integer                                                                                                                                    ;
; PF_INN         ; 0     ; Signed Integer                                                                                                                                    ;
+----------------+-------+---------------------------------------------------------------------------------------------------------------------------------------------------+
Note: In order to hide this table in the UI and the text report file, please set the "Show Parameter Settings in Synthesis Report" option in "Analysis and Synthesis Settings -> More Settings" to "Off".


+------------------------------------------------------------------------------------------------------------------------------------------------------------------------+
; Parameter Settings for User Entity Instance: top_level:top_level|top_proc_banco:top_proc_banco_inst|proc_banco:proc_banco_inst|processor:p_proc_banco|mem_instr:minstr ;
+----------------+---------------------------------------------------------------------------------------+---------------------------------------------------------------+
; Parameter Name ; Value                                                                                 ; Type                                                          ;
+----------------+---------------------------------------------------------------------------------------+---------------------------------------------------------------+
; NADDRE         ; 369                                                                                   ; Signed Integer                                                ;
; NBDATA         ; 20                                                                                    ; Signed Integer                                                ;
; FNAME          ; C:/Users/Ricardo/Documents/Dissertacao/Aurora/proc_banco/Hardware/proc_banco_inst.mif ; String                                                        ;
+----------------+---------------------------------------------------------------------------------------+---------------------------------------------------------------+
Note: In order to hide this table in the UI and the text report file, please set the "Show Parameter Settings in Synthesis Report" option in "Analysis and Synthesis Settings -> More Settings" to "Off".


+----------------------------------------------------------------------------------------------------------------------------------------------------------------------+
; Parameter Settings for User Entity Instance: top_level:top_level|top_proc_banco:top_proc_banco_inst|proc_banco:proc_banco_inst|processor:p_proc_banco|mem_data:mdata ;
+----------------+---------------------------------------------------------------------------------------+-------------------------------------------------------------+
; Parameter Name ; Value                                                                                 ; Type                                                        ;
+----------------+---------------------------------------------------------------------------------------+-------------------------------------------------------------+
; NADDRE         ; 5669                                                                                  ; Signed Integer                                              ;
; NBDATA         ; 32                                                                                    ; Signed Integer                                              ;
; FNAME          ; C:/Users/Ricardo/Documents/Dissertacao/Aurora/proc_banco/Hardware/proc_banco_data.mif ; String                                                      ;
+----------------+---------------------------------------------------------------------------------------+-------------------------------------------------------------+
Note: In order to hide this table in the UI and the text report file, please set the "Show Parameter Settings in Synthesis Report" option in "Analysis and Synthesis Settings -> More Settings" to "Off".


+-------------------------------------------------------------------------------------------------------------------------------------------------+
; Parameter Settings for User Entity Instance: top_level:top_level|top_proc_banco:top_proc_banco_inst|proc_banco:proc_banco_inst|addr_dec:dec_out ;
+----------------+-------+------------------------------------------------------------------------------------------------------------------------+
; Parameter Name ; Value ; Type                                                                                                                   ;
+----------------+-------+------------------------------------------------------------------------------------------------------------------------+
; NPORT          ; 3     ; Signed Integer                                                                                                         ;
+----------------+-------+------------------------------------------------------------------------------------------------------------------------+
Note: In order to hide this table in the UI and the text report file, please set the "Show Parameter Settings in Synthesis Report" option in "Analysis and Synthesis Settings -> More Settings" to "Off".


+---------------------------------------------------------------------------------------------------------------------------------------------------------------------------------------------------------------------------------------------------------------------------+
; Parameter Settings for Inferred Entity Instance: sld_signaltap:auto_signaltap_0                                                                                                                                                                                           ;
+-------------------------------------------------+--------------------------------------------------------------------------------------------------------------------------------------------------------------------------------------------------------+----------------+
; Parameter Name                                  ; Value                                                                                                                                                                                                  ; Type           ;
+-------------------------------------------------+--------------------------------------------------------------------------------------------------------------------------------------------------------------------------------------------------------+----------------+
; lpm_type                                        ; sld_signaltap                                                                                                                                                                                          ; String         ;
; sld_node_info                                   ; 805334528                                                                                                                                                                                              ; Untyped        ;
; SLD_SECTION_ID                                  ; hdl_signaltap_0                                                                                                                                                                                        ; String         ;
; SLD_IP_VERSION                                  ; 6                                                                                                                                                                                                      ; Signed Integer ;
; SLD_IP_MINOR_VERSION                            ; 0                                                                                                                                                                                                      ; Signed Integer ;
; SLD_COMMON_IP_VERSION                           ; 0                                                                                                                                                                                                      ; Signed Integer ;
; sld_data_bits                                   ; 56                                                                                                                                                                                                     ; Untyped        ;
; sld_trigger_bits                                ; 56                                                                                                                                                                                                     ; Untyped        ;
; SLD_NODE_CRC_BITS                               ; 32                                                                                                                                                                                                     ; Signed Integer ;
; SLD_NODE_CRC_HIWORD                             ; 41394                                                                                                                                                                                                  ; Signed Integer ;
; SLD_NODE_CRC_LOWORD                             ; 50132                                                                                                                                                                                                  ; Signed Integer ;
; sld_incremental_routing                         ; 1                                                                                                                                                                                                      ; Untyped        ;
; sld_sample_depth                                ; 65536                                                                                                                                                                                                  ; Untyped        ;
; sld_segment_size                                ; 65536                                                                                                                                                                                                  ; Untyped        ;
; sld_ram_block_type                              ; AUTO                                                                                                                                                                                                   ; Untyped        ;
; sld_state_bits                                  ; 11                                                                                                                                                                                                     ; Untyped        ;
; sld_buffer_full_stop                            ; 1                                                                                                                                                                                                      ; Untyped        ;
; SLD_MEM_ADDRESS_BITS                            ; 7                                                                                                                                                                                                      ; Signed Integer ;
; SLD_DATA_BIT_CNTR_BITS                          ; 4                                                                                                                                                                                                      ; Signed Integer ;
; sld_trigger_level                               ; 1                                                                                                                                                                                                      ; Untyped        ;
; sld_trigger_in_enabled                          ; 0                                                                                                                                                                                                      ; Untyped        ;
; SLD_HPS_TRIGGER_IN_ENABLED                      ; 0                                                                                                                                                                                                      ; Signed Integer ;
; SLD_HPS_TRIGGER_OUT_ENABLED                     ; 0                                                                                                                                                                                                      ; Signed Integer ;
; SLD_HPS_EVENT_ENABLED                           ; 0                                                                                                                                                                                                      ; Signed Integer ;
; SLD_HPS_EVENT_ID                                ; 0                                                                                                                                                                                                      ; Signed Integer ;
; sld_advanced_trigger_entity                     ; basic,1,                                                                                                                                                                                               ; Untyped        ;
; sld_trigger_level_pipeline                      ; 1                                                                                                                                                                                                      ; Untyped        ;
; sld_trigger_pipeline                            ; 0                                                                                                                                                                                                      ; Untyped        ;
; sld_ram_pipeline                                ; 0                                                                                                                                                                                                      ; Untyped        ;
; sld_counter_pipeline                            ; 0                                                                                                                                                                                                      ; Untyped        ;
; sld_enable_advanced_trigger                     ; 0                                                                                                                                                                                                      ; Untyped        ;
; SLD_ADVANCED_TRIGGER_1                          ; NONE                                                                                                                                                                                                   ; String         ;
; SLD_ADVANCED_TRIGGER_2                          ; NONE                                                                                                                                                                                                   ; String         ;
; SLD_ADVANCED_TRIGGER_3                          ; NONE                                                                                                                                                                                                   ; String         ;
; SLD_ADVANCED_TRIGGER_4                          ; NONE                                                                                                                                                                                                   ; String         ;
; SLD_ADVANCED_TRIGGER_5                          ; NONE                                                                                                                                                                                                   ; String         ;
; SLD_ADVANCED_TRIGGER_6                          ; NONE                                                                                                                                                                                                   ; String         ;
; SLD_ADVANCED_TRIGGER_7                          ; NONE                                                                                                                                                                                                   ; String         ;
; SLD_ADVANCED_TRIGGER_8                          ; NONE                                                                                                                                                                                                   ; String         ;
; SLD_ADVANCED_TRIGGER_9                          ; NONE                                                                                                                                                                                                   ; String         ;
; SLD_ADVANCED_TRIGGER_10                         ; NONE                                                                                                                                                                                                   ; String         ;
; sld_inversion_mask_length                       ; 198                                                                                                                                                                                                    ; Untyped        ;
; sld_inversion_mask                              ; 000000000000000000000000000000000000000000000000000000000000000000000000000000000000000000000000000000000000000000000000000000000000000000000000000000000000000000000000000000000000000000000000000000 ; Untyped        ;
; sld_power_up_trigger                            ; 0                                                                                                                                                                                                      ; Untyped        ;
; SLD_STATE_FLOW_MGR_ENTITY                       ; state_flow_mgr_entity.vhd                                                                                                                                                                              ; String         ;
; sld_state_flow_use_generated                    ; 0                                                                                                                                                                                                      ; Untyped        ;
; sld_current_resource_width                      ; 1                                                                                                                                                                                                      ; Untyped        ;
; sld_attribute_mem_mode                          ; OFF                                                                                                                                                                                                    ; Untyped        ;
; sld_storage_qualifier_bits                      ; 56                                                                                                                                                                                                     ; Untyped        ;
; SLD_STORAGE_QUALIFIER_GAP_RECORD                ; 0                                                                                                                                                                                                      ; Signed Integer ;
; SLD_STORAGE_QUALIFIER_MODE                      ; OFF                                                                                                                                                                                                    ; String         ;
; SLD_STORAGE_QUALIFIER_ENABLE_ADVANCED_CONDITION ; 0                                                                                                                                                                                                      ; Signed Integer ;
; sld_storage_qualifier_inversion_mask_length     ; 0                                                                                                                                                                                                      ; Untyped        ;
; SLD_STORAGE_QUALIFIER_ADVANCED_CONDITION_ENTITY ; basic                                                                                                                                                                                                  ; String         ;
; SLD_STORAGE_QUALIFIER_PIPELINE                  ; 0                                                                                                                                                                                                      ; Signed Integer ;
; SLD_CREATE_MONITOR_INTERFACE                    ; 0                                                                                                                                                                                                      ; Signed Integer ;
; SLD_USE_JTAG_SIGNAL_ADAPTER                     ; 1                                                                                                                                                                                                      ; Signed Integer ;
+-------------------------------------------------+--------------------------------------------------------------------------------------------------------------------------------------------------------------------------------------------------------+----------------+
Note: In order to hide this table in the UI and the text report file, please set the "Show Parameter Settings in Synthesis Report" option in "Analysis and Synthesis Settings -> More Settings" to "Off".


+-----------------------------------------------------------------------------------------------------------------------------------------------------------------------------------------------+
; Parameter Settings for Inferred Entity Instance: top_level:top_level|top_proc_banco:top_proc_banco_inst|proc_banco:proc_banco_inst|processor:p_proc_banco|mem_data:mdata|altsyncram:mem_rtl_0 ;
+------------------------------------+---------------------------------------+------------------------------------------------------------------------------------------------------------------+
; Parameter Name                     ; Value                                 ; Type                                                                                                             ;
+------------------------------------+---------------------------------------+------------------------------------------------------------------------------------------------------------------+
; BYTE_SIZE_BLOCK                    ; 8                                     ; Untyped                                                                                                          ;
; AUTO_CARRY_CHAINS                  ; ON                                    ; AUTO_CARRY                                                                                                       ;
; IGNORE_CARRY_BUFFERS               ; OFF                                   ; IGNORE_CARRY                                                                                                     ;
; AUTO_CASCADE_CHAINS                ; ON                                    ; AUTO_CASCADE                                                                                                     ;
; IGNORE_CASCADE_BUFFERS             ; OFF                                   ; IGNORE_CASCADE                                                                                                   ;
; WIDTH_BYTEENA                      ; 1                                     ; Untyped                                                                                                          ;
; OPERATION_MODE                     ; DUAL_PORT                             ; Untyped                                                                                                          ;
; WIDTH_A                            ; 32                                    ; Untyped                                                                                                          ;
; WIDTHAD_A                          ; 13                                    ; Untyped                                                                                                          ;
; NUMWORDS_A                         ; 5669                                  ; Untyped                                                                                                          ;
; OUTDATA_REG_A                      ; UNREGISTERED                          ; Untyped                                                                                                          ;
; ADDRESS_ACLR_A                     ; NONE                                  ; Untyped                                                                                                          ;
; OUTDATA_ACLR_A                     ; NONE                                  ; Untyped                                                                                                          ;
; WRCONTROL_ACLR_A                   ; NONE                                  ; Untyped                                                                                                          ;
; INDATA_ACLR_A                      ; NONE                                  ; Untyped                                                                                                          ;
; BYTEENA_ACLR_A                     ; NONE                                  ; Untyped                                                                                                          ;
; WIDTH_B                            ; 32                                    ; Untyped                                                                                                          ;
; WIDTHAD_B                          ; 13                                    ; Untyped                                                                                                          ;
; NUMWORDS_B                         ; 5669                                  ; Untyped                                                                                                          ;
; INDATA_REG_B                       ; CLOCK1                                ; Untyped                                                                                                          ;
; WRCONTROL_WRADDRESS_REG_B          ; CLOCK1                                ; Untyped                                                                                                          ;
; RDCONTROL_REG_B                    ; CLOCK1                                ; Untyped                                                                                                          ;
; ADDRESS_REG_B                      ; CLOCK0                                ; Untyped                                                                                                          ;
; OUTDATA_REG_B                      ; UNREGISTERED                          ; Untyped                                                                                                          ;
; BYTEENA_REG_B                      ; CLOCK1                                ; Untyped                                                                                                          ;
; INDATA_ACLR_B                      ; NONE                                  ; Untyped                                                                                                          ;
; WRCONTROL_ACLR_B                   ; NONE                                  ; Untyped                                                                                                          ;
; ADDRESS_ACLR_B                     ; NONE                                  ; Untyped                                                                                                          ;
; OUTDATA_ACLR_B                     ; NONE                                  ; Untyped                                                                                                          ;
; RDCONTROL_ACLR_B                   ; NONE                                  ; Untyped                                                                                                          ;
; BYTEENA_ACLR_B                     ; NONE                                  ; Untyped                                                                                                          ;
; WIDTH_BYTEENA_A                    ; 1                                     ; Untyped                                                                                                          ;
; WIDTH_BYTEENA_B                    ; 1                                     ; Untyped                                                                                                          ;
; RAM_BLOCK_TYPE                     ; AUTO                                  ; Untyped                                                                                                          ;
; BYTE_SIZE                          ; 8                                     ; Untyped                                                                                                          ;
; READ_DURING_WRITE_MODE_MIXED_PORTS ; OLD_DATA                              ; Untyped                                                                                                          ;
; READ_DURING_WRITE_MODE_PORT_A      ; NEW_DATA_NO_NBE_READ                  ; Untyped                                                                                                          ;
; READ_DURING_WRITE_MODE_PORT_B      ; NEW_DATA_NO_NBE_READ                  ; Untyped                                                                                                          ;
; INIT_FILE                          ; db/hpe.ram0_mem_data_5212d04b.hdl.mif ; Untyped                                                                                                          ;
; INIT_FILE_LAYOUT                   ; PORT_A                                ; Untyped                                                                                                          ;
; MAXIMUM_DEPTH                      ; 0                                     ; Untyped                                                                                                          ;
; CLOCK_ENABLE_INPUT_A               ; NORMAL                                ; Untyped                                                                                                          ;
; CLOCK_ENABLE_INPUT_B               ; NORMAL                                ; Untyped                                                                                                          ;
; CLOCK_ENABLE_OUTPUT_A              ; NORMAL                                ; Untyped                                                                                                          ;
; CLOCK_ENABLE_OUTPUT_B              ; NORMAL                                ; Untyped                                                                                                          ;
; CLOCK_ENABLE_CORE_A                ; USE_INPUT_CLKEN                       ; Untyped                                                                                                          ;
; CLOCK_ENABLE_CORE_B                ; USE_INPUT_CLKEN                       ; Untyped                                                                                                          ;
; ENABLE_ECC                         ; FALSE                                 ; Untyped                                                                                                          ;
; ECC_PIPELINE_STAGE_ENABLED         ; FALSE                                 ; Untyped                                                                                                          ;
; WIDTH_ECCSTATUS                    ; 3                                     ; Untyped                                                                                                          ;
; DEVICE_FAMILY                      ; Cyclone V                             ; Untyped                                                                                                          ;
; CBXI_PARAMETER                     ; altsyncram_4kr1                       ; Untyped                                                                                                          ;
+------------------------------------+---------------------------------------+------------------------------------------------------------------------------------------------------------------+
Note: In order to hide this table in the UI and the text report file, please set the "Show Parameter Settings in Synthesis Report" option in "Analysis and Synthesis Settings -> More Settings" to "Off".


+-------------------------------------------------------------------------------------------------------------------------------------------------------------------------------------------------+
; Parameter Settings for Inferred Entity Instance: top_level:top_level|top_proc_banco:top_proc_banco_inst|proc_banco:proc_banco_inst|processor:p_proc_banco|mem_instr:minstr|altsyncram:mem_rtl_0 ;
+------------------------------------+----------------------------------------+-------------------------------------------------------------------------------------------------------------------+
; Parameter Name                     ; Value                                  ; Type                                                                                                              ;
+------------------------------------+----------------------------------------+-------------------------------------------------------------------------------------------------------------------+
; BYTE_SIZE_BLOCK                    ; 8                                      ; Untyped                                                                                                           ;
; AUTO_CARRY_CHAINS                  ; ON                                     ; AUTO_CARRY                                                                                                        ;
; IGNORE_CARRY_BUFFERS               ; OFF                                    ; IGNORE_CARRY                                                                                                      ;
; AUTO_CASCADE_CHAINS                ; ON                                     ; AUTO_CASCADE                                                                                                      ;
; IGNORE_CASCADE_BUFFERS             ; OFF                                    ; IGNORE_CASCADE                                                                                                    ;
; WIDTH_BYTEENA                      ; 1                                      ; Untyped                                                                                                           ;
; OPERATION_MODE                     ; ROM                                    ; Untyped                                                                                                           ;
; WIDTH_A                            ; 20                                     ; Untyped                                                                                                           ;
; WIDTHAD_A                          ; 9                                      ; Untyped                                                                                                           ;
; NUMWORDS_A                         ; 369                                    ; Untyped                                                                                                           ;
; OUTDATA_REG_A                      ; UNREGISTERED                           ; Untyped                                                                                                           ;
; ADDRESS_ACLR_A                     ; NONE                                   ; Untyped                                                                                                           ;
; OUTDATA_ACLR_A                     ; NONE                                   ; Untyped                                                                                                           ;
; WRCONTROL_ACLR_A                   ; NONE                                   ; Untyped                                                                                                           ;
; INDATA_ACLR_A                      ; NONE                                   ; Untyped                                                                                                           ;
; BYTEENA_ACLR_A                     ; NONE                                   ; Untyped                                                                                                           ;
; WIDTH_B                            ; 1                                      ; Untyped                                                                                                           ;
; WIDTHAD_B                          ; 1                                      ; Untyped                                                                                                           ;
; NUMWORDS_B                         ; 1                                      ; Untyped                                                                                                           ;
; INDATA_REG_B                       ; CLOCK1                                 ; Untyped                                                                                                           ;
; WRCONTROL_WRADDRESS_REG_B          ; CLOCK1                                 ; Untyped                                                                                                           ;
; RDCONTROL_REG_B                    ; CLOCK1                                 ; Untyped                                                                                                           ;
; ADDRESS_REG_B                      ; CLOCK1                                 ; Untyped                                                                                                           ;
; OUTDATA_REG_B                      ; UNREGISTERED                           ; Untyped                                                                                                           ;
; BYTEENA_REG_B                      ; CLOCK1                                 ; Untyped                                                                                                           ;
; INDATA_ACLR_B                      ; NONE                                   ; Untyped                                                                                                           ;
; WRCONTROL_ACLR_B                   ; NONE                                   ; Untyped                                                                                                           ;
; ADDRESS_ACLR_B                     ; NONE                                   ; Untyped                                                                                                           ;
; OUTDATA_ACLR_B                     ; NONE                                   ; Untyped                                                                                                           ;
; RDCONTROL_ACLR_B                   ; NONE                                   ; Untyped                                                                                                           ;
; BYTEENA_ACLR_B                     ; NONE                                   ; Untyped                                                                                                           ;
; WIDTH_BYTEENA_A                    ; 1                                      ; Untyped                                                                                                           ;
; WIDTH_BYTEENA_B                    ; 1                                      ; Untyped                                                                                                           ;
; RAM_BLOCK_TYPE                     ; AUTO                                   ; Untyped                                                                                                           ;
; BYTE_SIZE                          ; 8                                      ; Untyped                                                                                                           ;
; READ_DURING_WRITE_MODE_MIXED_PORTS ; DONT_CARE                              ; Untyped                                                                                                           ;
; READ_DURING_WRITE_MODE_PORT_A      ; NEW_DATA_NO_NBE_READ                   ; Untyped                                                                                                           ;
; READ_DURING_WRITE_MODE_PORT_B      ; NEW_DATA_NO_NBE_READ                   ; Untyped                                                                                                           ;
; INIT_FILE                          ; db/hpe.ram0_mem_instr_d55c1a92.hdl.mif ; Untyped                                                                                                           ;
; INIT_FILE_LAYOUT                   ; PORT_A                                 ; Untyped                                                                                                           ;
; MAXIMUM_DEPTH                      ; 0                                      ; Untyped                                                                                                           ;
; CLOCK_ENABLE_INPUT_A               ; NORMAL                                 ; Untyped                                                                                                           ;
; CLOCK_ENABLE_INPUT_B               ; NORMAL                                 ; Untyped                                                                                                           ;
; CLOCK_ENABLE_OUTPUT_A              ; NORMAL                                 ; Untyped                                                                                                           ;
; CLOCK_ENABLE_OUTPUT_B              ; NORMAL                                 ; Untyped                                                                                                           ;
; CLOCK_ENABLE_CORE_A                ; USE_INPUT_CLKEN                        ; Untyped                                                                                                           ;
; CLOCK_ENABLE_CORE_B                ; USE_INPUT_CLKEN                        ; Untyped                                                                                                           ;
; ENABLE_ECC                         ; FALSE                                  ; Untyped                                                                                                           ;
; ECC_PIPELINE_STAGE_ENABLED         ; FALSE                                  ; Untyped                                                                                                           ;
; WIDTH_ECCSTATUS                    ; 3                                      ; Untyped                                                                                                           ;
; DEVICE_FAMILY                      ; Cyclone V                              ; Untyped                                                                                                           ;
; CBXI_PARAMETER                     ; altsyncram_vvc1                        ; Untyped                                                                                                           ;
+------------------------------------+----------------------------------------+-------------------------------------------------------------------------------------------------------------------+
Note: In order to hide this table in the UI and the text report file, please set the "Show Parameter Settings in Synthesis Report" option in "Analysis and Synthesis Settings -> More Settings" to "Off".


+--------------------------------------------------------------------------------------------------------------------+
; Parameter Settings for Inferred Entity Instance: top_level:top_level|myFIFO:FIFO16x32_inst_my|altsyncram:mem_rtl_0 ;
+------------------------------------+----------------------+--------------------------------------------------------+
; Parameter Name                     ; Value                ; Type                                                   ;
+------------------------------------+----------------------+--------------------------------------------------------+
; BYTE_SIZE_BLOCK                    ; 8                    ; Untyped                                                ;
; AUTO_CARRY_CHAINS                  ; ON                   ; AUTO_CARRY                                             ;
; IGNORE_CARRY_BUFFERS               ; OFF                  ; IGNORE_CARRY                                           ;
; AUTO_CASCADE_CHAINS                ; ON                   ; AUTO_CASCADE                                           ;
; IGNORE_CASCADE_BUFFERS             ; OFF                  ; IGNORE_CASCADE                                         ;
; WIDTH_BYTEENA                      ; 1                    ; Untyped                                                ;
; OPERATION_MODE                     ; DUAL_PORT            ; Untyped                                                ;
; WIDTH_A                            ; 32                   ; Untyped                                                ;
; WIDTHAD_A                          ; 8                    ; Untyped                                                ;
; NUMWORDS_A                         ; 256                  ; Untyped                                                ;
; OUTDATA_REG_A                      ; UNREGISTERED         ; Untyped                                                ;
; ADDRESS_ACLR_A                     ; NONE                 ; Untyped                                                ;
; OUTDATA_ACLR_A                     ; NONE                 ; Untyped                                                ;
; WRCONTROL_ACLR_A                   ; NONE                 ; Untyped                                                ;
; INDATA_ACLR_A                      ; NONE                 ; Untyped                                                ;
; BYTEENA_ACLR_A                     ; NONE                 ; Untyped                                                ;
; WIDTH_B                            ; 32                   ; Untyped                                                ;
; WIDTHAD_B                          ; 8                    ; Untyped                                                ;
; NUMWORDS_B                         ; 256                  ; Untyped                                                ;
; INDATA_REG_B                       ; CLOCK1               ; Untyped                                                ;
; WRCONTROL_WRADDRESS_REG_B          ; CLOCK1               ; Untyped                                                ;
; RDCONTROL_REG_B                    ; CLOCK1               ; Untyped                                                ;
; ADDRESS_REG_B                      ; CLOCK0               ; Untyped                                                ;
; OUTDATA_REG_B                      ; UNREGISTERED         ; Untyped                                                ;
; BYTEENA_REG_B                      ; CLOCK1               ; Untyped                                                ;
; INDATA_ACLR_B                      ; NONE                 ; Untyped                                                ;
; WRCONTROL_ACLR_B                   ; NONE                 ; Untyped                                                ;
; ADDRESS_ACLR_B                     ; NONE                 ; Untyped                                                ;
; OUTDATA_ACLR_B                     ; NONE                 ; Untyped                                                ;
; RDCONTROL_ACLR_B                   ; NONE                 ; Untyped                                                ;
; BYTEENA_ACLR_B                     ; NONE                 ; Untyped                                                ;
; WIDTH_BYTEENA_A                    ; 1                    ; Untyped                                                ;
; WIDTH_BYTEENA_B                    ; 1                    ; Untyped                                                ;
; RAM_BLOCK_TYPE                     ; AUTO                 ; Untyped                                                ;
; BYTE_SIZE                          ; 8                    ; Untyped                                                ;
; READ_DURING_WRITE_MODE_MIXED_PORTS ; DONT_CARE            ; Untyped                                                ;
; READ_DURING_WRITE_MODE_PORT_A      ; NEW_DATA_NO_NBE_READ ; Untyped                                                ;
; READ_DURING_WRITE_MODE_PORT_B      ; NEW_DATA_NO_NBE_READ ; Untyped                                                ;
; INIT_FILE                          ; UNUSED               ; Untyped                                                ;
; INIT_FILE_LAYOUT                   ; PORT_A               ; Untyped                                                ;
; MAXIMUM_DEPTH                      ; 0                    ; Untyped                                                ;
; CLOCK_ENABLE_INPUT_A               ; NORMAL               ; Untyped                                                ;
; CLOCK_ENABLE_INPUT_B               ; NORMAL               ; Untyped                                                ;
; CLOCK_ENABLE_OUTPUT_A              ; NORMAL               ; Untyped                                                ;
; CLOCK_ENABLE_OUTPUT_B              ; NORMAL               ; Untyped                                                ;
; CLOCK_ENABLE_CORE_A                ; USE_INPUT_CLKEN      ; Untyped                                                ;
; CLOCK_ENABLE_CORE_B                ; USE_INPUT_CLKEN      ; Untyped                                                ;
; ENABLE_ECC                         ; FALSE                ; Untyped                                                ;
; ECC_PIPELINE_STAGE_ENABLED         ; FALSE                ; Untyped                                                ;
; WIDTH_ECCSTATUS                    ; 3                    ; Untyped                                                ;
; DEVICE_FAMILY                      ; Cyclone V            ; Untyped                                                ;
; CBXI_PARAMETER                     ; altsyncram_smi1      ; Untyped                                                ;
+------------------------------------+----------------------+--------------------------------------------------------+
Note: In order to hide this table in the UI and the text report file, please set the "Show Parameter Settings in Synthesis Report" option in "Analysis and Synthesis Settings -> More Settings" to "Off".


+----------------------------------------------------------------------------------------------------------------------------------------------------------------------------------------------------+
; Parameter Settings for Inferred Entity Instance: top_level:top_level|top_proc_interp:top_proc_interp_inst|proc_interp:proc_interp_inst|processor:p_proc_interp|mem_data:mdata|altsyncram:mem_rtl_0 ;
+------------------------------------+---------------------------------------+-----------------------------------------------------------------------------------------------------------------------+
; Parameter Name                     ; Value                                 ; Type                                                                                                                  ;
+------------------------------------+---------------------------------------+-----------------------------------------------------------------------------------------------------------------------+
; BYTE_SIZE_BLOCK                    ; 8                                     ; Untyped                                                                                                               ;
; AUTO_CARRY_CHAINS                  ; ON                                    ; AUTO_CARRY                                                                                                            ;
; IGNORE_CARRY_BUFFERS               ; OFF                                   ; IGNORE_CARRY                                                                                                          ;
; AUTO_CASCADE_CHAINS                ; ON                                    ; AUTO_CASCADE                                                                                                          ;
; IGNORE_CASCADE_BUFFERS             ; OFF                                   ; IGNORE_CASCADE                                                                                                        ;
; WIDTH_BYTEENA                      ; 1                                     ; Untyped                                                                                                               ;
; OPERATION_MODE                     ; DUAL_PORT                             ; Untyped                                                                                                               ;
; WIDTH_A                            ; 32                                    ; Untyped                                                                                                               ;
; WIDTHAD_A                          ; 10                                    ; Untyped                                                                                                               ;
; NUMWORDS_A                         ; 917                                   ; Untyped                                                                                                               ;
; OUTDATA_REG_A                      ; UNREGISTERED                          ; Untyped                                                                                                               ;
; ADDRESS_ACLR_A                     ; NONE                                  ; Untyped                                                                                                               ;
; OUTDATA_ACLR_A                     ; NONE                                  ; Untyped                                                                                                               ;
; WRCONTROL_ACLR_A                   ; NONE                                  ; Untyped                                                                                                               ;
; INDATA_ACLR_A                      ; NONE                                  ; Untyped                                                                                                               ;
; BYTEENA_ACLR_A                     ; NONE                                  ; Untyped                                                                                                               ;
; WIDTH_B                            ; 32                                    ; Untyped                                                                                                               ;
; WIDTHAD_B                          ; 10                                    ; Untyped                                                                                                               ;
; NUMWORDS_B                         ; 917                                   ; Untyped                                                                                                               ;
; INDATA_REG_B                       ; CLOCK1                                ; Untyped                                                                                                               ;
; WRCONTROL_WRADDRESS_REG_B          ; CLOCK1                                ; Untyped                                                                                                               ;
; RDCONTROL_REG_B                    ; CLOCK1                                ; Untyped                                                                                                               ;
; ADDRESS_REG_B                      ; CLOCK0                                ; Untyped                                                                                                               ;
; OUTDATA_REG_B                      ; UNREGISTERED                          ; Untyped                                                                                                               ;
; BYTEENA_REG_B                      ; CLOCK1                                ; Untyped                                                                                                               ;
; INDATA_ACLR_B                      ; NONE                                  ; Untyped                                                                                                               ;
; WRCONTROL_ACLR_B                   ; NONE                                  ; Untyped                                                                                                               ;
; ADDRESS_ACLR_B                     ; NONE                                  ; Untyped                                                                                                               ;
; OUTDATA_ACLR_B                     ; NONE                                  ; Untyped                                                                                                               ;
; RDCONTROL_ACLR_B                   ; NONE                                  ; Untyped                                                                                                               ;
; BYTEENA_ACLR_B                     ; NONE                                  ; Untyped                                                                                                               ;
; WIDTH_BYTEENA_A                    ; 1                                     ; Untyped                                                                                                               ;
; WIDTH_BYTEENA_B                    ; 1                                     ; Untyped                                                                                                               ;
; RAM_BLOCK_TYPE                     ; AUTO                                  ; Untyped                                                                                                               ;
; BYTE_SIZE                          ; 8                                     ; Untyped                                                                                                               ;
; READ_DURING_WRITE_MODE_MIXED_PORTS ; OLD_DATA                              ; Untyped                                                                                                               ;
; READ_DURING_WRITE_MODE_PORT_A      ; NEW_DATA_NO_NBE_READ                  ; Untyped                                                                                                               ;
; READ_DURING_WRITE_MODE_PORT_B      ; NEW_DATA_NO_NBE_READ                  ; Untyped                                                                                                               ;
; INIT_FILE                          ; db/hpe.ram0_mem_data_54405a1e.hdl.mif ; Untyped                                                                                                               ;
; INIT_FILE_LAYOUT                   ; PORT_A                                ; Untyped                                                                                                               ;
; MAXIMUM_DEPTH                      ; 0                                     ; Untyped                                                                                                               ;
; CLOCK_ENABLE_INPUT_A               ; NORMAL                                ; Untyped                                                                                                               ;
; CLOCK_ENABLE_INPUT_B               ; NORMAL                                ; Untyped                                                                                                               ;
; CLOCK_ENABLE_OUTPUT_A              ; NORMAL                                ; Untyped                                                                                                               ;
; CLOCK_ENABLE_OUTPUT_B              ; NORMAL                                ; Untyped                                                                                                               ;
; CLOCK_ENABLE_CORE_A                ; USE_INPUT_CLKEN                       ; Untyped                                                                                                               ;
; CLOCK_ENABLE_CORE_B                ; USE_INPUT_CLKEN                       ; Untyped                                                                                                               ;
; ENABLE_ECC                         ; FALSE                                 ; Untyped                                                                                                               ;
; ECC_PIPELINE_STAGE_ENABLED         ; FALSE                                 ; Untyped                                                                                                               ;
; WIDTH_ECCSTATUS                    ; 3                                     ; Untyped                                                                                                               ;
; DEVICE_FAMILY                      ; Cyclone V                             ; Untyped                                                                                                               ;
; CBXI_PARAMETER                     ; altsyncram_hgr1                       ; Untyped                                                                                                               ;
+------------------------------------+---------------------------------------+-----------------------------------------------------------------------------------------------------------------------+
Note: In order to hide this table in the UI and the text report file, please set the "Show Parameter Settings in Synthesis Report" option in "Analysis and Synthesis Settings -> More Settings" to "Off".


+------------------------------------------------------------------------------------------------------------------------------------------------------------------------------------------------------+
; Parameter Settings for Inferred Entity Instance: top_level:top_level|top_proc_interp:top_proc_interp_inst|proc_interp:proc_interp_inst|processor:p_proc_interp|mem_instr:minstr|altsyncram:mem_rtl_0 ;
+------------------------------------+---------------------------------------+-------------------------------------------------------------------------------------------------------------------------+
; Parameter Name                     ; Value                                 ; Type                                                                                                                    ;
+------------------------------------+---------------------------------------+-------------------------------------------------------------------------------------------------------------------------+
; BYTE_SIZE_BLOCK                    ; 8                                     ; Untyped                                                                                                                 ;
; AUTO_CARRY_CHAINS                  ; ON                                    ; AUTO_CARRY                                                                                                              ;
; IGNORE_CARRY_BUFFERS               ; OFF                                   ; IGNORE_CARRY                                                                                                            ;
; AUTO_CASCADE_CHAINS                ; ON                                    ; AUTO_CASCADE                                                                                                            ;
; IGNORE_CASCADE_BUFFERS             ; OFF                                   ; IGNORE_CASCADE                                                                                                          ;
; WIDTH_BYTEENA                      ; 1                                     ; Untyped                                                                                                                 ;
; OPERATION_MODE                     ; ROM                                   ; Untyped                                                                                                                 ;
; WIDTH_A                            ; 17                                    ; Untyped                                                                                                                 ;
; WIDTHAD_A                          ; 10                                    ; Untyped                                                                                                                 ;
; NUMWORDS_A                         ; 659                                   ; Untyped                                                                                                                 ;
; OUTDATA_REG_A                      ; UNREGISTERED                          ; Untyped                                                                                                                 ;
; ADDRESS_ACLR_A                     ; NONE                                  ; Untyped                                                                                                                 ;
; OUTDATA_ACLR_A                     ; NONE                                  ; Untyped                                                                                                                 ;
; WRCONTROL_ACLR_A                   ; NONE                                  ; Untyped                                                                                                                 ;
; INDATA_ACLR_A                      ; NONE                                  ; Untyped                                                                                                                 ;
; BYTEENA_ACLR_A                     ; NONE                                  ; Untyped                                                                                                                 ;
; WIDTH_B                            ; 1                                     ; Untyped                                                                                                                 ;
; WIDTHAD_B                          ; 1                                     ; Untyped                                                                                                                 ;
; NUMWORDS_B                         ; 1                                     ; Untyped                                                                                                                 ;
; INDATA_REG_B                       ; CLOCK1                                ; Untyped                                                                                                                 ;
; WRCONTROL_WRADDRESS_REG_B          ; CLOCK1                                ; Untyped                                                                                                                 ;
; RDCONTROL_REG_B                    ; CLOCK1                                ; Untyped                                                                                                                 ;
; ADDRESS_REG_B                      ; CLOCK1                                ; Untyped                                                                                                                 ;
; OUTDATA_REG_B                      ; UNREGISTERED                          ; Untyped                                                                                                                 ;
; BYTEENA_REG_B                      ; CLOCK1                                ; Untyped                                                                                                                 ;
; INDATA_ACLR_B                      ; NONE                                  ; Untyped                                                                                                                 ;
; WRCONTROL_ACLR_B                   ; NONE                                  ; Untyped                                                                                                                 ;
; ADDRESS_ACLR_B                     ; NONE                                  ; Untyped                                                                                                                 ;
; OUTDATA_ACLR_B                     ; NONE                                  ; Untyped                                                                                                                 ;
; RDCONTROL_ACLR_B                   ; NONE                                  ; Untyped                                                                                                                 ;
; BYTEENA_ACLR_B                     ; NONE                                  ; Untyped                                                                                                                 ;
; WIDTH_BYTEENA_A                    ; 1                                     ; Untyped                                                                                                                 ;
; WIDTH_BYTEENA_B                    ; 1                                     ; Untyped                                                                                                                 ;
; RAM_BLOCK_TYPE                     ; AUTO                                  ; Untyped                                                                                                                 ;
; BYTE_SIZE                          ; 8                                     ; Untyped                                                                                                                 ;
; READ_DURING_WRITE_MODE_MIXED_PORTS ; DONT_CARE                             ; Untyped                                                                                                                 ;
; READ_DURING_WRITE_MODE_PORT_A      ; NEW_DATA_NO_NBE_READ                  ; Untyped                                                                                                                 ;
; READ_DURING_WRITE_MODE_PORT_B      ; NEW_DATA_NO_NBE_READ                  ; Untyped                                                                                                                 ;
; INIT_FILE                          ; db/hpe.ram0_mem_instr_c91d1b5.hdl.mif ; Untyped                                                                                                                 ;
; INIT_FILE_LAYOUT                   ; PORT_A                                ; Untyped                                                                                                                 ;
; MAXIMUM_DEPTH                      ; 0                                     ; Untyped                                                                                                                 ;
; CLOCK_ENABLE_INPUT_A               ; NORMAL                                ; Untyped                                                                                                                 ;
; CLOCK_ENABLE_INPUT_B               ; NORMAL                                ; Untyped                                                                                                                 ;
; CLOCK_ENABLE_OUTPUT_A              ; NORMAL                                ; Untyped                                                                                                                 ;
; CLOCK_ENABLE_OUTPUT_B              ; NORMAL                                ; Untyped                                                                                                                 ;
; CLOCK_ENABLE_CORE_A                ; USE_INPUT_CLKEN                       ; Untyped                                                                                                                 ;
; CLOCK_ENABLE_CORE_B                ; USE_INPUT_CLKEN                       ; Untyped                                                                                                                 ;
; ENABLE_ECC                         ; FALSE                                 ; Untyped                                                                                                                 ;
; ECC_PIPELINE_STAGE_ENABLED         ; FALSE                                 ; Untyped                                                                                                                 ;
; WIDTH_ECCSTATUS                    ; 3                                     ; Untyped                                                                                                                 ;
; DEVICE_FAMILY                      ; Cyclone V                             ; Untyped                                                                                                                 ;
; CBXI_PARAMETER                     ; altsyncram_qvc1                       ; Untyped                                                                                                                 ;
+------------------------------------+---------------------------------------+-------------------------------------------------------------------------------------------------------------------------+
Note: In order to hide this table in the UI and the text report file, please set the "Show Parameter Settings in Synthesis Report" option in "Analysis and Synthesis Settings -> More Settings" to "Off".


+--------------------------------------------------------------------------------------------------+
; Parameter Settings for Inferred Entity Instance: sinal_memoria:comb_6|altsyncram:rom_rtl_0       ;
+------------------------------------+--------------------------------------------+----------------+
; Parameter Name                     ; Value                                      ; Type           ;
+------------------------------------+--------------------------------------------+----------------+
; BYTE_SIZE_BLOCK                    ; 8                                          ; Untyped        ;
; AUTO_CARRY_CHAINS                  ; ON                                         ; AUTO_CARRY     ;
; IGNORE_CARRY_BUFFERS               ; OFF                                        ; IGNORE_CARRY   ;
; AUTO_CASCADE_CHAINS                ; ON                                         ; AUTO_CASCADE   ;
; IGNORE_CASCADE_BUFFERS             ; OFF                                        ; IGNORE_CASCADE ;
; WIDTH_BYTEENA                      ; 1                                          ; Untyped        ;
; OPERATION_MODE                     ; ROM                                        ; Untyped        ;
; WIDTH_A                            ; 16                                         ; Untyped        ;
; WIDTHAD_A                          ; 8                                          ; Untyped        ;
; NUMWORDS_A                         ; 256                                        ; Untyped        ;
; OUTDATA_REG_A                      ; UNREGISTERED                               ; Untyped        ;
; ADDRESS_ACLR_A                     ; NONE                                       ; Untyped        ;
; OUTDATA_ACLR_A                     ; NONE                                       ; Untyped        ;
; WRCONTROL_ACLR_A                   ; NONE                                       ; Untyped        ;
; INDATA_ACLR_A                      ; NONE                                       ; Untyped        ;
; BYTEENA_ACLR_A                     ; NONE                                       ; Untyped        ;
; WIDTH_B                            ; 1                                          ; Untyped        ;
; WIDTHAD_B                          ; 1                                          ; Untyped        ;
; NUMWORDS_B                         ; 1                                          ; Untyped        ;
; INDATA_REG_B                       ; CLOCK1                                     ; Untyped        ;
; WRCONTROL_WRADDRESS_REG_B          ; CLOCK1                                     ; Untyped        ;
; RDCONTROL_REG_B                    ; CLOCK1                                     ; Untyped        ;
; ADDRESS_REG_B                      ; CLOCK1                                     ; Untyped        ;
; OUTDATA_REG_B                      ; UNREGISTERED                               ; Untyped        ;
; BYTEENA_REG_B                      ; CLOCK1                                     ; Untyped        ;
; INDATA_ACLR_B                      ; NONE                                       ; Untyped        ;
; WRCONTROL_ACLR_B                   ; NONE                                       ; Untyped        ;
; ADDRESS_ACLR_B                     ; NONE                                       ; Untyped        ;
; OUTDATA_ACLR_B                     ; NONE                                       ; Untyped        ;
; RDCONTROL_ACLR_B                   ; NONE                                       ; Untyped        ;
; BYTEENA_ACLR_B                     ; NONE                                       ; Untyped        ;
; WIDTH_BYTEENA_A                    ; 1                                          ; Untyped        ;
; WIDTH_BYTEENA_B                    ; 1                                          ; Untyped        ;
; RAM_BLOCK_TYPE                     ; AUTO                                       ; Untyped        ;
; BYTE_SIZE                          ; 8                                          ; Untyped        ;
; READ_DURING_WRITE_MODE_MIXED_PORTS ; DONT_CARE                                  ; Untyped        ;
; READ_DURING_WRITE_MODE_PORT_A      ; NEW_DATA_NO_NBE_READ                       ; Untyped        ;
; READ_DURING_WRITE_MODE_PORT_B      ; NEW_DATA_NO_NBE_READ                       ; Untyped        ;
; INIT_FILE                          ; db/hpe.ram0_sinal_memoria_51fa24f1.hdl.mif ; Untyped        ;
; INIT_FILE_LAYOUT                   ; PORT_A                                     ; Untyped        ;
; MAXIMUM_DEPTH                      ; 0                                          ; Untyped        ;
; CLOCK_ENABLE_INPUT_A               ; NORMAL                                     ; Untyped        ;
; CLOCK_ENABLE_INPUT_B               ; NORMAL                                     ; Untyped        ;
; CLOCK_ENABLE_OUTPUT_A              ; NORMAL                                     ; Untyped        ;
; CLOCK_ENABLE_OUTPUT_B              ; NORMAL                                     ; Untyped        ;
; CLOCK_ENABLE_CORE_A                ; USE_INPUT_CLKEN                            ; Untyped        ;
; CLOCK_ENABLE_CORE_B                ; USE_INPUT_CLKEN                            ; Untyped        ;
; ENABLE_ECC                         ; FALSE                                      ; Untyped        ;
; ECC_PIPELINE_STAGE_ENABLED         ; FALSE                                      ; Untyped        ;
; WIDTH_ECCSTATUS                    ; 3                                          ; Untyped        ;
; DEVICE_FAMILY                      ; Cyclone V                                  ; Untyped        ;
; CBXI_PARAMETER                     ; altsyncram_ccd1                            ; Untyped        ;
+------------------------------------+--------------------------------------------+----------------+
Note: In order to hide this table in the UI and the text report file, please set the "Show Parameter Settings in Synthesis Report" option in "Analysis and Synthesis Settings -> More Settings" to "Off".


+--------------------------------------------------------------------------------------------------------------------------------------------------------------------------------------------------------------+
; Parameter Settings for Inferred Entity Instance: top_level:top_level|top_proc_banco:top_proc_banco_inst|proc_banco:proc_banco_inst|processor:p_proc_banco|core:core|ula:ula|ula_fdiv:my_fdiv|lpm_divide:Div0 ;
+------------------------+----------------+--------------------------------------------------------------------------------------------------------------------------------------------------------------------+
; Parameter Name         ; Value          ; Type                                                                                                                                                               ;
+------------------------+----------------+--------------------------------------------------------------------------------------------------------------------------------------------------------------------+
; LPM_WIDTHN             ; 45             ; Untyped                                                                                                                                                            ;
; LPM_WIDTHD             ; 23             ; Untyped                                                                                                                                                            ;
; LPM_NREPRESENTATION    ; UNSIGNED       ; Untyped                                                                                                                                                            ;
; LPM_DREPRESENTATION    ; UNSIGNED       ; Untyped                                                                                                                                                            ;
; LPM_PIPELINE           ; 0              ; Untyped                                                                                                                                                            ;
; LPM_REMAINDERPOSITIVE  ; TRUE           ; Untyped                                                                                                                                                            ;
; MAXIMIZE_SPEED         ; 5              ; Untyped                                                                                                                                                            ;
; CBXI_PARAMETER         ; lpm_divide_7dm ; Untyped                                                                                                                                                            ;
; CARRY_CHAIN            ; MANUAL         ; Untyped                                                                                                                                                            ;
; OPTIMIZE_FOR_SPEED     ; 5              ; Untyped                                                                                                                                                            ;
; AUTO_CARRY_CHAINS      ; ON             ; AUTO_CARRY                                                                                                                                                         ;
; IGNORE_CARRY_BUFFERS   ; OFF            ; IGNORE_CARRY                                                                                                                                                       ;
; AUTO_CASCADE_CHAINS    ; ON             ; AUTO_CASCADE                                                                                                                                                       ;
; IGNORE_CASCADE_BUFFERS ; OFF            ; IGNORE_CASCADE                                                                                                                                                     ;
+------------------------+----------------+--------------------------------------------------------------------------------------------------------------------------------------------------------------------+
Note: In order to hide this table in the UI and the text report file, please set the "Show Parameter Settings in Synthesis Report" option in "Analysis and Synthesis Settings -> More Settings" to "Off".


+-------------------------------------------------------------------------------------------------------------------------------------------------------------------------------------------------------------------+
; Parameter Settings for Inferred Entity Instance: top_level:top_level|top_proc_interp:top_proc_interp_inst|proc_interp:proc_interp_inst|processor:p_proc_interp|core:core|ula:ula|ula_fdiv:my_fdiv|lpm_divide:Div0 ;
+------------------------+----------------+-------------------------------------------------------------------------------------------------------------------------------------------------------------------------+
; Parameter Name         ; Value          ; Type                                                                                                                                                                    ;
+------------------------+----------------+-------------------------------------------------------------------------------------------------------------------------------------------------------------------------+
; LPM_WIDTHN             ; 45             ; Untyped                                                                                                                                                                 ;
; LPM_WIDTHD             ; 23             ; Untyped                                                                                                                                                                 ;
; LPM_NREPRESENTATION    ; UNSIGNED       ; Untyped                                                                                                                                                                 ;
; LPM_DREPRESENTATION    ; UNSIGNED       ; Untyped                                                                                                                                                                 ;
; LPM_PIPELINE           ; 0              ; Untyped                                                                                                                                                                 ;
; LPM_REMAINDERPOSITIVE  ; TRUE           ; Untyped                                                                                                                                                                 ;
; MAXIMIZE_SPEED         ; 5              ; Untyped                                                                                                                                                                 ;
; CBXI_PARAMETER         ; lpm_divide_7dm ; Untyped                                                                                                                                                                 ;
; CARRY_CHAIN            ; MANUAL         ; Untyped                                                                                                                                                                 ;
; OPTIMIZE_FOR_SPEED     ; 5              ; Untyped                                                                                                                                                                 ;
; AUTO_CARRY_CHAINS      ; ON             ; AUTO_CARRY                                                                                                                                                              ;
; IGNORE_CARRY_BUFFERS   ; OFF            ; IGNORE_CARRY                                                                                                                                                            ;
; AUTO_CASCADE_CHAINS    ; ON             ; AUTO_CASCADE                                                                                                                                                            ;
; IGNORE_CASCADE_BUFFERS ; OFF            ; IGNORE_CASCADE                                                                                                                                                          ;
+------------------------+----------------+-------------------------------------------------------------------------------------------------------------------------------------------------------------------------+
Note: In order to hide this table in the UI and the text report file, please set the "Show Parameter Settings in Synthesis Report" option in "Analysis and Synthesis Settings -> More Settings" to "Off".


+-------------------------------------------------------------------------------------------------------------------------------------------------------------------------------------------------+
; altsyncram Parameter Settings by Entity Instance                                                                                                                                                ;
+-------------------------------------------+-----------------------------------------------------------------------------------------------------------------------------------------------------+
; Name                                      ; Value                                                                                                                                               ;
+-------------------------------------------+-----------------------------------------------------------------------------------------------------------------------------------------------------+
; Number of entity instances                ; 6                                                                                                                                                   ;
; Entity Instance                           ; top_level:top_level|top_proc_banco:top_proc_banco_inst|proc_banco:proc_banco_inst|processor:p_proc_banco|mem_data:mdata|altsyncram:mem_rtl_0        ;
;     -- OPERATION_MODE                     ; DUAL_PORT                                                                                                                                           ;
;     -- WIDTH_A                            ; 32                                                                                                                                                  ;
;     -- NUMWORDS_A                         ; 5669                                                                                                                                                ;
;     -- OUTDATA_REG_A                      ; UNREGISTERED                                                                                                                                        ;
;     -- WIDTH_B                            ; 32                                                                                                                                                  ;
;     -- NUMWORDS_B                         ; 5669                                                                                                                                                ;
;     -- ADDRESS_REG_B                      ; CLOCK0                                                                                                                                              ;
;     -- OUTDATA_REG_B                      ; UNREGISTERED                                                                                                                                        ;
;     -- RAM_BLOCK_TYPE                     ; AUTO                                                                                                                                                ;
;     -- READ_DURING_WRITE_MODE_MIXED_PORTS ; OLD_DATA                                                                                                                                            ;
; Entity Instance                           ; top_level:top_level|top_proc_banco:top_proc_banco_inst|proc_banco:proc_banco_inst|processor:p_proc_banco|mem_instr:minstr|altsyncram:mem_rtl_0      ;
;     -- OPERATION_MODE                     ; ROM                                                                                                                                                 ;
;     -- WIDTH_A                            ; 20                                                                                                                                                  ;
;     -- NUMWORDS_A                         ; 369                                                                                                                                                 ;
;     -- OUTDATA_REG_A                      ; UNREGISTERED                                                                                                                                        ;
;     -- WIDTH_B                            ; 1                                                                                                                                                   ;
;     -- NUMWORDS_B                         ; 1                                                                                                                                                   ;
;     -- ADDRESS_REG_B                      ; CLOCK1                                                                                                                                              ;
;     -- OUTDATA_REG_B                      ; UNREGISTERED                                                                                                                                        ;
;     -- RAM_BLOCK_TYPE                     ; AUTO                                                                                                                                                ;
;     -- READ_DURING_WRITE_MODE_MIXED_PORTS ; DONT_CARE                                                                                                                                           ;
; Entity Instance                           ; top_level:top_level|myFIFO:FIFO16x32_inst_my|altsyncram:mem_rtl_0                                                                                   ;
;     -- OPERATION_MODE                     ; DUAL_PORT                                                                                                                                           ;
;     -- WIDTH_A                            ; 32                                                                                                                                                  ;
;     -- NUMWORDS_A                         ; 256                                                                                                                                                 ;
;     -- OUTDATA_REG_A                      ; UNREGISTERED                                                                                                                                        ;
;     -- WIDTH_B                            ; 32                                                                                                                                                  ;
;     -- NUMWORDS_B                         ; 256                                                                                                                                                 ;
;     -- ADDRESS_REG_B                      ; CLOCK0                                                                                                                                              ;
;     -- OUTDATA_REG_B                      ; UNREGISTERED                                                                                                                                        ;
;     -- RAM_BLOCK_TYPE                     ; AUTO                                                                                                                                                ;
;     -- READ_DURING_WRITE_MODE_MIXED_PORTS ; DONT_CARE                                                                                                                                           ;
; Entity Instance                           ; top_level:top_level|top_proc_interp:top_proc_interp_inst|proc_interp:proc_interp_inst|processor:p_proc_interp|mem_data:mdata|altsyncram:mem_rtl_0   ;
;     -- OPERATION_MODE                     ; DUAL_PORT                                                                                                                                           ;
;     -- WIDTH_A                            ; 32                                                                                                                                                  ;
;     -- NUMWORDS_A                         ; 917                                                                                                                                                 ;
;     -- OUTDATA_REG_A                      ; UNREGISTERED                                                                                                                                        ;
;     -- WIDTH_B                            ; 32                                                                                                                                                  ;
;     -- NUMWORDS_B                         ; 917                                                                                                                                                 ;
;     -- ADDRESS_REG_B                      ; CLOCK0                                                                                                                                              ;
;     -- OUTDATA_REG_B                      ; UNREGISTERED                                                                                                                                        ;
;     -- RAM_BLOCK_TYPE                     ; AUTO                                                                                                                                                ;
;     -- READ_DURING_WRITE_MODE_MIXED_PORTS ; OLD_DATA                                                                                                                                            ;
; Entity Instance                           ; top_level:top_level|top_proc_interp:top_proc_interp_inst|proc_interp:proc_interp_inst|processor:p_proc_interp|mem_instr:minstr|altsyncram:mem_rtl_0 ;
;     -- OPERATION_MODE                     ; ROM                                                                                                                                                 ;
;     -- WIDTH_A                            ; 17                                                                                                                                                  ;
;     -- NUMWORDS_A                         ; 659                                                                                                                                                 ;
;     -- OUTDATA_REG_A                      ; UNREGISTERED                                                                                                                                        ;
;     -- WIDTH_B                            ; 1                                                                                                                                                   ;
;     -- NUMWORDS_B                         ; 1                                                                                                                                                   ;
;     -- ADDRESS_REG_B                      ; CLOCK1                                                                                                                                              ;
;     -- OUTDATA_REG_B                      ; UNREGISTERED                                                                                                                                        ;
;     -- RAM_BLOCK_TYPE                     ; AUTO                                                                                                                                                ;
;     -- READ_DURING_WRITE_MODE_MIXED_PORTS ; DONT_CARE                                                                                                                                           ;
; Entity Instance                           ; sinal_memoria:comb_6|altsyncram:rom_rtl_0                                                                                                           ;
;     -- OPERATION_MODE                     ; ROM                                                                                                                                                 ;
;     -- WIDTH_A                            ; 16                                                                                                                                                  ;
;     -- NUMWORDS_A                         ; 256                                                                                                                                                 ;
;     -- OUTDATA_REG_A                      ; UNREGISTERED                                                                                                                                        ;
;     -- WIDTH_B                            ; 1                                                                                                                                                   ;
;     -- NUMWORDS_B                         ; 1                                                                                                                                                   ;
;     -- ADDRESS_REG_B                      ; CLOCK1                                                                                                                                              ;
;     -- OUTDATA_REG_B                      ; UNREGISTERED                                                                                                                                        ;
;     -- RAM_BLOCK_TYPE                     ; AUTO                                                                                                                                                ;
;     -- READ_DURING_WRITE_MODE_MIXED_PORTS ; DONT_CARE                                                                                                                                           ;
+-------------------------------------------+-----------------------------------------------------------------------------------------------------------------------------------------------------+


+------------------------------------------------------------------------------------------------------------------------------------------------------------------------------------+
; Port Connectivity Checks: "top_level:top_level|top_proc_banco:top_proc_banco_inst|proc_banco:proc_banco_inst|processor:p_proc_banco|core:core|instr_fetch:instr_fetch|prefetch:pf" ;
+----------+--------+----------+-----------------------------------------------------------------------------------------------------------------------------------------------------+
; Port     ; Type   ; Severity ; Details                                                                                                                                             ;
+----------+--------+----------+-----------------------------------------------------------------------------------------------------------------------------------------------------+
; isp_push ; Output ; Info     ; Connected to dangling logic. Logic that only feeds a dangling port will be removed.                                                                 ;
; isp_pop  ; Output ; Info     ; Connected to dangling logic. Logic that only feeds a dangling port will be removed.                                                                 ;
+----------+--------+----------+-----------------------------------------------------------------------------------------------------------------------------------------------------+


+--------------------------------------------------------------------------------------------------------------------------------------+
; Port Connectivity Checks: "top_level:top_level|top_proc_banco:top_proc_banco_inst|proc_banco:proc_banco_inst|processor:p_proc_banco" ;
+---------+--------+----------+--------------------------------------------------------------------------------------------------------+
; Port    ; Type   ; Severity ; Details                                                                                                ;
+---------+--------+----------+--------------------------------------------------------------------------------------------------------+
; addr_in ; Output ; Info     ; Connected to dangling logic. Logic that only feeds a dangling port will be removed.                    ;
; cheguei ; Output ; Info     ; Connected to dangling logic. Logic that only feeds a dangling port will be removed.                    ;
+---------+--------+----------+--------------------------------------------------------------------------------------------------------+


+-----------------------------------------------------------------------------------------------------------------------+
; Port Connectivity Checks: "top_level:top_level|top_proc_banco:top_proc_banco_inst"                                    ;
+-------------+--------+----------+-------------------------------------------------------------------------------------+
; Port        ; Type   ; Severity ; Details                                                                             ;
+-------------+--------+----------+-------------------------------------------------------------------------------------+
; out1[31..1] ; Output ; Info     ; Connected to dangling logic. Logic that only feeds a dangling port will be removed. ;
; out2        ; Output ; Info     ; Connected to dangling logic. Logic that only feeds a dangling port will be removed. ;
+-------------+--------+----------+-------------------------------------------------------------------------------------+


+--------------------------------------------------------------------------+
; Port Connectivity Checks: "top_level:top_level|myFIFO:FIFO16x32_inst_my" ;
+--------------+--------+----------+---------------------------------------+
; Port         ; Type   ; Severity ; Details                               ;
+--------------+--------+----------+---------------------------------------+
; almost_empty ; Output ; Info     ; Explicitly unconnected                ;
; empty        ; Output ; Info     ; Explicitly unconnected                ;
; full         ; Output ; Info     ; Explicitly unconnected                ;
+--------------+--------+----------+---------------------------------------+


+----------------------------------------------------------------------------------------------------------------------------------------------------------------------------------------------------------------------+
; Port Connectivity Checks: "top_level:top_level|top_proc_interp:top_proc_interp_inst|proc_interp:proc_interp_inst|processor:p_proc_interp|core:core|ula:ula|norm_mux:norm_mux|ula_norm:ula_norm|ula_nmux:norm[21].mm" ;
+-----------+-------+----------+---------------------------------------------------------------------------------------------------------------------------------------------------------------------------------------+
; Port      ; Type  ; Severity ; Details                                                                                                                                                                               ;
+-----------+-------+----------+---------------------------------------------------------------------------------------------------------------------------------------------------------------------------------------+
; B         ; Input ; Info     ; Stuck at GND                                                                                                                                                                          ;
; in1[2..1] ; Input ; Info     ; Stuck at VCC                                                                                                                                                                          ;
; in1[7..5] ; Input ; Info     ; Stuck at GND                                                                                                                                                                          ;
; in1[4]    ; Input ; Info     ; Stuck at VCC                                                                                                                                                                          ;
; in1[3]    ; Input ; Info     ; Stuck at GND                                                                                                                                                                          ;
; in1[0]    ; Input ; Info     ; Stuck at GND                                                                                                                                                                          ;
+-----------+-------+----------+---------------------------------------------------------------------------------------------------------------------------------------------------------------------------------------+


+----------------------------------------------------------------------------------------------------------------------------------------------------------------------------------------------------------------------+
; Port Connectivity Checks: "top_level:top_level|top_proc_interp:top_proc_interp_inst|proc_interp:proc_interp_inst|processor:p_proc_interp|core:core|ula:ula|norm_mux:norm_mux|ula_norm:ula_norm|ula_nmux:norm[20].mm" ;
+-----------+-------+----------+---------------------------------------------------------------------------------------------------------------------------------------------------------------------------------------+
; Port      ; Type  ; Severity ; Details                                                                                                                                                                               ;
+-----------+-------+----------+---------------------------------------------------------------------------------------------------------------------------------------------------------------------------------------+
; B         ; Input ; Info     ; Stuck at GND                                                                                                                                                                          ;
; in1[7..5] ; Input ; Info     ; Stuck at GND                                                                                                                                                                          ;
; in1[4]    ; Input ; Info     ; Stuck at VCC                                                                                                                                                                          ;
; in1[3]    ; Input ; Info     ; Stuck at GND                                                                                                                                                                          ;
; in1[2]    ; Input ; Info     ; Stuck at VCC                                                                                                                                                                          ;
; in1[1]    ; Input ; Info     ; Stuck at GND                                                                                                                                                                          ;
; in1[0]    ; Input ; Info     ; Stuck at VCC                                                                                                                                                                          ;
+-----------+-------+----------+---------------------------------------------------------------------------------------------------------------------------------------------------------------------------------------+


+----------------------------------------------------------------------------------------------------------------------------------------------------------------------------------------------------------------------+
; Port Connectivity Checks: "top_level:top_level|top_proc_interp:top_proc_interp_inst|proc_interp:proc_interp_inst|processor:p_proc_interp|core:core|ula:ula|norm_mux:norm_mux|ula_norm:ula_norm|ula_nmux:norm[19].mm" ;
+-----------+-------+----------+---------------------------------------------------------------------------------------------------------------------------------------------------------------------------------------+
; Port      ; Type  ; Severity ; Details                                                                                                                                                                               ;
+-----------+-------+----------+---------------------------------------------------------------------------------------------------------------------------------------------------------------------------------------+
; B         ; Input ; Info     ; Stuck at GND                                                                                                                                                                          ;
; in1[7..5] ; Input ; Info     ; Stuck at GND                                                                                                                                                                          ;
; in1[1..0] ; Input ; Info     ; Stuck at GND                                                                                                                                                                          ;
; in1[4]    ; Input ; Info     ; Stuck at VCC                                                                                                                                                                          ;
; in1[3]    ; Input ; Info     ; Stuck at GND                                                                                                                                                                          ;
; in1[2]    ; Input ; Info     ; Stuck at VCC                                                                                                                                                                          ;
+-----------+-------+----------+---------------------------------------------------------------------------------------------------------------------------------------------------------------------------------------+


+----------------------------------------------------------------------------------------------------------------------------------------------------------------------------------------------------------------------+
; Port Connectivity Checks: "top_level:top_level|top_proc_interp:top_proc_interp_inst|proc_interp:proc_interp_inst|processor:p_proc_interp|core:core|ula:ula|norm_mux:norm_mux|ula_norm:ula_norm|ula_nmux:norm[18].mm" ;
+-----------+-------+----------+---------------------------------------------------------------------------------------------------------------------------------------------------------------------------------------+
; Port      ; Type  ; Severity ; Details                                                                                                                                                                               ;
+-----------+-------+----------+---------------------------------------------------------------------------------------------------------------------------------------------------------------------------------------+
; B         ; Input ; Info     ; Stuck at GND                                                                                                                                                                          ;
; in1[1..0] ; Input ; Info     ; Stuck at VCC                                                                                                                                                                          ;
; in1[7..5] ; Input ; Info     ; Stuck at GND                                                                                                                                                                          ;
; in1[3..2] ; Input ; Info     ; Stuck at GND                                                                                                                                                                          ;
; in1[4]    ; Input ; Info     ; Stuck at VCC                                                                                                                                                                          ;
+-----------+-------+----------+---------------------------------------------------------------------------------------------------------------------------------------------------------------------------------------+


+----------------------------------------------------------------------------------------------------------------------------------------------------------------------------------------------------------------------+
; Port Connectivity Checks: "top_level:top_level|top_proc_interp:top_proc_interp_inst|proc_interp:proc_interp_inst|processor:p_proc_interp|core:core|ula:ula|norm_mux:norm_mux|ula_norm:ula_norm|ula_nmux:norm[17].mm" ;
+-----------+-------+----------+---------------------------------------------------------------------------------------------------------------------------------------------------------------------------------------+
; Port      ; Type  ; Severity ; Details                                                                                                                                                                               ;
+-----------+-------+----------+---------------------------------------------------------------------------------------------------------------------------------------------------------------------------------------+
; B         ; Input ; Info     ; Stuck at GND                                                                                                                                                                          ;
; in1[7..5] ; Input ; Info     ; Stuck at GND                                                                                                                                                                          ;
; in1[3..2] ; Input ; Info     ; Stuck at GND                                                                                                                                                                          ;
; in1[4]    ; Input ; Info     ; Stuck at VCC                                                                                                                                                                          ;
; in1[1]    ; Input ; Info     ; Stuck at VCC                                                                                                                                                                          ;
; in1[0]    ; Input ; Info     ; Stuck at GND                                                                                                                                                                          ;
+-----------+-------+----------+---------------------------------------------------------------------------------------------------------------------------------------------------------------------------------------+


+----------------------------------------------------------------------------------------------------------------------------------------------------------------------------------------------------------------------+
; Port Connectivity Checks: "top_level:top_level|top_proc_interp:top_proc_interp_inst|proc_interp:proc_interp_inst|processor:p_proc_interp|core:core|ula:ula|norm_mux:norm_mux|ula_norm:ula_norm|ula_nmux:norm[16].mm" ;
+-----------+-------+----------+---------------------------------------------------------------------------------------------------------------------------------------------------------------------------------------+
; Port      ; Type  ; Severity ; Details                                                                                                                                                                               ;
+-----------+-------+----------+---------------------------------------------------------------------------------------------------------------------------------------------------------------------------------------+
; B         ; Input ; Info     ; Stuck at GND                                                                                                                                                                          ;
; in1[7..5] ; Input ; Info     ; Stuck at GND                                                                                                                                                                          ;
; in1[3..1] ; Input ; Info     ; Stuck at GND                                                                                                                                                                          ;
; in1[4]    ; Input ; Info     ; Stuck at VCC                                                                                                                                                                          ;
; in1[0]    ; Input ; Info     ; Stuck at VCC                                                                                                                                                                          ;
+-----------+-------+----------+---------------------------------------------------------------------------------------------------------------------------------------------------------------------------------------+


+----------------------------------------------------------------------------------------------------------------------------------------------------------------------------------------------------------------------+
; Port Connectivity Checks: "top_level:top_level|top_proc_interp:top_proc_interp_inst|proc_interp:proc_interp_inst|processor:p_proc_interp|core:core|ula:ula|norm_mux:norm_mux|ula_norm:ula_norm|ula_nmux:norm[15].mm" ;
+-----------+-------+----------+---------------------------------------------------------------------------------------------------------------------------------------------------------------------------------------+
; Port      ; Type  ; Severity ; Details                                                                                                                                                                               ;
+-----------+-------+----------+---------------------------------------------------------------------------------------------------------------------------------------------------------------------------------------+
; B         ; Input ; Info     ; Stuck at GND                                                                                                                                                                          ;
; in1[7..5] ; Input ; Info     ; Stuck at GND                                                                                                                                                                          ;
; in1[3..0] ; Input ; Info     ; Stuck at GND                                                                                                                                                                          ;
; in1[4]    ; Input ; Info     ; Stuck at VCC                                                                                                                                                                          ;
+-----------+-------+----------+---------------------------------------------------------------------------------------------------------------------------------------------------------------------------------------+


+----------------------------------------------------------------------------------------------------------------------------------------------------------------------------------------------------------------------+
; Port Connectivity Checks: "top_level:top_level|top_proc_interp:top_proc_interp_inst|proc_interp:proc_interp_inst|processor:p_proc_interp|core:core|ula:ula|norm_mux:norm_mux|ula_norm:ula_norm|ula_nmux:norm[14].mm" ;
+-----------+-------+----------+---------------------------------------------------------------------------------------------------------------------------------------------------------------------------------------+
; Port      ; Type  ; Severity ; Details                                                                                                                                                                               ;
+-----------+-------+----------+---------------------------------------------------------------------------------------------------------------------------------------------------------------------------------------+
; B         ; Input ; Info     ; Stuck at GND                                                                                                                                                                          ;
; in1[3..0] ; Input ; Info     ; Stuck at VCC                                                                                                                                                                          ;
; in1[7..4] ; Input ; Info     ; Stuck at GND                                                                                                                                                                          ;
+-----------+-------+----------+---------------------------------------------------------------------------------------------------------------------------------------------------------------------------------------+


+----------------------------------------------------------------------------------------------------------------------------------------------------------------------------------------------------------------------+
; Port Connectivity Checks: "top_level:top_level|top_proc_interp:top_proc_interp_inst|proc_interp:proc_interp_inst|processor:p_proc_interp|core:core|ula:ula|norm_mux:norm_mux|ula_norm:ula_norm|ula_nmux:norm[13].mm" ;
+-----------+-------+----------+---------------------------------------------------------------------------------------------------------------------------------------------------------------------------------------+
; Port      ; Type  ; Severity ; Details                                                                                                                                                                               ;
+-----------+-------+----------+---------------------------------------------------------------------------------------------------------------------------------------------------------------------------------------+
; B         ; Input ; Info     ; Stuck at GND                                                                                                                                                                          ;
; in1[3..1] ; Input ; Info     ; Stuck at VCC                                                                                                                                                                          ;
; in1[7..4] ; Input ; Info     ; Stuck at GND                                                                                                                                                                          ;
; in1[0]    ; Input ; Info     ; Stuck at GND                                                                                                                                                                          ;
+-----------+-------+----------+---------------------------------------------------------------------------------------------------------------------------------------------------------------------------------------+


+----------------------------------------------------------------------------------------------------------------------------------------------------------------------------------------------------------------------+
; Port Connectivity Checks: "top_level:top_level|top_proc_interp:top_proc_interp_inst|proc_interp:proc_interp_inst|processor:p_proc_interp|core:core|ula:ula|norm_mux:norm_mux|ula_norm:ula_norm|ula_nmux:norm[12].mm" ;
+-----------+-------+----------+---------------------------------------------------------------------------------------------------------------------------------------------------------------------------------------+
; Port      ; Type  ; Severity ; Details                                                                                                                                                                               ;
+-----------+-------+----------+---------------------------------------------------------------------------------------------------------------------------------------------------------------------------------------+
; B         ; Input ; Info     ; Stuck at GND                                                                                                                                                                          ;
; in1[3..2] ; Input ; Info     ; Stuck at VCC                                                                                                                                                                          ;
; in1[7..4] ; Input ; Info     ; Stuck at GND                                                                                                                                                                          ;
; in1[1]    ; Input ; Info     ; Stuck at GND                                                                                                                                                                          ;
; in1[0]    ; Input ; Info     ; Stuck at VCC                                                                                                                                                                          ;
+-----------+-------+----------+---------------------------------------------------------------------------------------------------------------------------------------------------------------------------------------+


+----------------------------------------------------------------------------------------------------------------------------------------------------------------------------------------------------------------------+
; Port Connectivity Checks: "top_level:top_level|top_proc_interp:top_proc_interp_inst|proc_interp:proc_interp_inst|processor:p_proc_interp|core:core|ula:ula|norm_mux:norm_mux|ula_norm:ula_norm|ula_nmux:norm[11].mm" ;
+-----------+-------+----------+---------------------------------------------------------------------------------------------------------------------------------------------------------------------------------------+
; Port      ; Type  ; Severity ; Details                                                                                                                                                                               ;
+-----------+-------+----------+---------------------------------------------------------------------------------------------------------------------------------------------------------------------------------------+
; B         ; Input ; Info     ; Stuck at GND                                                                                                                                                                          ;
; in1[3..2] ; Input ; Info     ; Stuck at VCC                                                                                                                                                                          ;
; in1[7..4] ; Input ; Info     ; Stuck at GND                                                                                                                                                                          ;
; in1[1..0] ; Input ; Info     ; Stuck at GND                                                                                                                                                                          ;
+-----------+-------+----------+---------------------------------------------------------------------------------------------------------------------------------------------------------------------------------------+


+----------------------------------------------------------------------------------------------------------------------------------------------------------------------------------------------------------------------+
; Port Connectivity Checks: "top_level:top_level|top_proc_interp:top_proc_interp_inst|proc_interp:proc_interp_inst|processor:p_proc_interp|core:core|ula:ula|norm_mux:norm_mux|ula_norm:ula_norm|ula_nmux:norm[10].mm" ;
+-----------+-------+----------+---------------------------------------------------------------------------------------------------------------------------------------------------------------------------------------+
; Port      ; Type  ; Severity ; Details                                                                                                                                                                               ;
+-----------+-------+----------+---------------------------------------------------------------------------------------------------------------------------------------------------------------------------------------+
; B         ; Input ; Info     ; Stuck at GND                                                                                                                                                                          ;
; in1[1..0] ; Input ; Info     ; Stuck at VCC                                                                                                                                                                          ;
; in1[7..4] ; Input ; Info     ; Stuck at GND                                                                                                                                                                          ;
; in1[3]    ; Input ; Info     ; Stuck at VCC                                                                                                                                                                          ;
; in1[2]    ; Input ; Info     ; Stuck at GND                                                                                                                                                                          ;
+-----------+-------+----------+---------------------------------------------------------------------------------------------------------------------------------------------------------------------------------------+


+---------------------------------------------------------------------------------------------------------------------------------------------------------------------------------------------------------------------+
; Port Connectivity Checks: "top_level:top_level|top_proc_interp:top_proc_interp_inst|proc_interp:proc_interp_inst|processor:p_proc_interp|core:core|ula:ula|norm_mux:norm_mux|ula_norm:ula_norm|ula_nmux:norm[9].mm" ;
+-----------+-------+----------+--------------------------------------------------------------------------------------------------------------------------------------------------------------------------------------+
; Port      ; Type  ; Severity ; Details                                                                                                                                                                              ;
+-----------+-------+----------+--------------------------------------------------------------------------------------------------------------------------------------------------------------------------------------+
; B         ; Input ; Info     ; Stuck at GND                                                                                                                                                                         ;
; in1[7..4] ; Input ; Info     ; Stuck at GND                                                                                                                                                                         ;
; in1[3]    ; Input ; Info     ; Stuck at VCC                                                                                                                                                                         ;
; in1[2]    ; Input ; Info     ; Stuck at GND                                                                                                                                                                         ;
; in1[1]    ; Input ; Info     ; Stuck at VCC                                                                                                                                                                         ;
; in1[0]    ; Input ; Info     ; Stuck at GND                                                                                                                                                                         ;
+-----------+-------+----------+--------------------------------------------------------------------------------------------------------------------------------------------------------------------------------------+


+---------------------------------------------------------------------------------------------------------------------------------------------------------------------------------------------------------------------+
; Port Connectivity Checks: "top_level:top_level|top_proc_interp:top_proc_interp_inst|proc_interp:proc_interp_inst|processor:p_proc_interp|core:core|ula:ula|norm_mux:norm_mux|ula_norm:ula_norm|ula_nmux:norm[8].mm" ;
+-----------+-------+----------+--------------------------------------------------------------------------------------------------------------------------------------------------------------------------------------+
; Port      ; Type  ; Severity ; Details                                                                                                                                                                              ;
+-----------+-------+----------+--------------------------------------------------------------------------------------------------------------------------------------------------------------------------------------+
; B         ; Input ; Info     ; Stuck at GND                                                                                                                                                                         ;
; in1[7..4] ; Input ; Info     ; Stuck at GND                                                                                                                                                                         ;
; in1[2..1] ; Input ; Info     ; Stuck at GND                                                                                                                                                                         ;
; in1[3]    ; Input ; Info     ; Stuck at VCC                                                                                                                                                                         ;
; in1[0]    ; Input ; Info     ; Stuck at VCC                                                                                                                                                                         ;
+-----------+-------+----------+--------------------------------------------------------------------------------------------------------------------------------------------------------------------------------------+


+---------------------------------------------------------------------------------------------------------------------------------------------------------------------------------------------------------------------+
; Port Connectivity Checks: "top_level:top_level|top_proc_interp:top_proc_interp_inst|proc_interp:proc_interp_inst|processor:p_proc_interp|core:core|ula:ula|norm_mux:norm_mux|ula_norm:ula_norm|ula_nmux:norm[7].mm" ;
+-----------+-------+----------+--------------------------------------------------------------------------------------------------------------------------------------------------------------------------------------+
; Port      ; Type  ; Severity ; Details                                                                                                                                                                              ;
+-----------+-------+----------+--------------------------------------------------------------------------------------------------------------------------------------------------------------------------------------+
; B         ; Input ; Info     ; Stuck at GND                                                                                                                                                                         ;
; in1[7..4] ; Input ; Info     ; Stuck at GND                                                                                                                                                                         ;
; in1[2..0] ; Input ; Info     ; Stuck at GND                                                                                                                                                                         ;
; in1[3]    ; Input ; Info     ; Stuck at VCC                                                                                                                                                                         ;
+-----------+-------+----------+--------------------------------------------------------------------------------------------------------------------------------------------------------------------------------------+


+---------------------------------------------------------------------------------------------------------------------------------------------------------------------------------------------------------------------+
; Port Connectivity Checks: "top_level:top_level|top_proc_interp:top_proc_interp_inst|proc_interp:proc_interp_inst|processor:p_proc_interp|core:core|ula:ula|norm_mux:norm_mux|ula_norm:ula_norm|ula_nmux:norm[6].mm" ;
+-----------+-------+----------+--------------------------------------------------------------------------------------------------------------------------------------------------------------------------------------+
; Port      ; Type  ; Severity ; Details                                                                                                                                                                              ;
+-----------+-------+----------+--------------------------------------------------------------------------------------------------------------------------------------------------------------------------------------+
; B         ; Input ; Info     ; Stuck at GND                                                                                                                                                                         ;
; in1[2..0] ; Input ; Info     ; Stuck at VCC                                                                                                                                                                         ;
; in1[7..3] ; Input ; Info     ; Stuck at GND                                                                                                                                                                         ;
+-----------+-------+----------+--------------------------------------------------------------------------------------------------------------------------------------------------------------------------------------+


+---------------------------------------------------------------------------------------------------------------------------------------------------------------------------------------------------------------------+
; Port Connectivity Checks: "top_level:top_level|top_proc_interp:top_proc_interp_inst|proc_interp:proc_interp_inst|processor:p_proc_interp|core:core|ula:ula|norm_mux:norm_mux|ula_norm:ula_norm|ula_nmux:norm[5].mm" ;
+-----------+-------+----------+--------------------------------------------------------------------------------------------------------------------------------------------------------------------------------------+
; Port      ; Type  ; Severity ; Details                                                                                                                                                                              ;
+-----------+-------+----------+--------------------------------------------------------------------------------------------------------------------------------------------------------------------------------------+
; B         ; Input ; Info     ; Stuck at GND                                                                                                                                                                         ;
; in1[2..1] ; Input ; Info     ; Stuck at VCC                                                                                                                                                                         ;
; in1[7..3] ; Input ; Info     ; Stuck at GND                                                                                                                                                                         ;
; in1[0]    ; Input ; Info     ; Stuck at GND                                                                                                                                                                         ;
+-----------+-------+----------+--------------------------------------------------------------------------------------------------------------------------------------------------------------------------------------+


+---------------------------------------------------------------------------------------------------------------------------------------------------------------------------------------------------------------------+
; Port Connectivity Checks: "top_level:top_level|top_proc_interp:top_proc_interp_inst|proc_interp:proc_interp_inst|processor:p_proc_interp|core:core|ula:ula|norm_mux:norm_mux|ula_norm:ula_norm|ula_nmux:norm[4].mm" ;
+-----------+-------+----------+--------------------------------------------------------------------------------------------------------------------------------------------------------------------------------------+
; Port      ; Type  ; Severity ; Details                                                                                                                                                                              ;
+-----------+-------+----------+--------------------------------------------------------------------------------------------------------------------------------------------------------------------------------------+
; B         ; Input ; Info     ; Stuck at GND                                                                                                                                                                         ;
; in1[7..3] ; Input ; Info     ; Stuck at GND                                                                                                                                                                         ;
; in1[2]    ; Input ; Info     ; Stuck at VCC                                                                                                                                                                         ;
; in1[1]    ; Input ; Info     ; Stuck at GND                                                                                                                                                                         ;
; in1[0]    ; Input ; Info     ; Stuck at VCC                                                                                                                                                                         ;
+-----------+-------+----------+--------------------------------------------------------------------------------------------------------------------------------------------------------------------------------------+


+---------------------------------------------------------------------------------------------------------------------------------------------------------------------------------------------------------------------+
; Port Connectivity Checks: "top_level:top_level|top_proc_interp:top_proc_interp_inst|proc_interp:proc_interp_inst|processor:p_proc_interp|core:core|ula:ula|norm_mux:norm_mux|ula_norm:ula_norm|ula_nmux:norm[3].mm" ;
+-----------+-------+----------+--------------------------------------------------------------------------------------------------------------------------------------------------------------------------------------+
; Port      ; Type  ; Severity ; Details                                                                                                                                                                              ;
+-----------+-------+----------+--------------------------------------------------------------------------------------------------------------------------------------------------------------------------------------+
; B         ; Input ; Info     ; Stuck at GND                                                                                                                                                                         ;
; in1[7..3] ; Input ; Info     ; Stuck at GND                                                                                                                                                                         ;
; in1[1..0] ; Input ; Info     ; Stuck at GND                                                                                                                                                                         ;
; in1[2]    ; Input ; Info     ; Stuck at VCC                                                                                                                                                                         ;
+-----------+-------+----------+--------------------------------------------------------------------------------------------------------------------------------------------------------------------------------------+


+---------------------------------------------------------------------------------------------------------------------------------------------------------------------------------------------------------------------+
; Port Connectivity Checks: "top_level:top_level|top_proc_interp:top_proc_interp_inst|proc_interp:proc_interp_inst|processor:p_proc_interp|core:core|ula:ula|norm_mux:norm_mux|ula_norm:ula_norm|ula_nmux:norm[2].mm" ;
+-----------+-------+----------+--------------------------------------------------------------------------------------------------------------------------------------------------------------------------------------+
; Port      ; Type  ; Severity ; Details                                                                                                                                                                              ;
+-----------+-------+----------+--------------------------------------------------------------------------------------------------------------------------------------------------------------------------------------+
; B         ; Input ; Info     ; Stuck at GND                                                                                                                                                                         ;
; in1[1..0] ; Input ; Info     ; Stuck at VCC                                                                                                                                                                         ;
; in1[7..2] ; Input ; Info     ; Stuck at GND                                                                                                                                                                         ;
+-----------+-------+----------+--------------------------------------------------------------------------------------------------------------------------------------------------------------------------------------+


+---------------------------------------------------------------------------------------------------------------------------------------------------------------------------------------------------------------------+
; Port Connectivity Checks: "top_level:top_level|top_proc_interp:top_proc_interp_inst|proc_interp:proc_interp_inst|processor:p_proc_interp|core:core|ula:ula|norm_mux:norm_mux|ula_norm:ula_norm|ula_nmux:norm[1].mm" ;
+-----------+-------+----------+--------------------------------------------------------------------------------------------------------------------------------------------------------------------------------------+
; Port      ; Type  ; Severity ; Details                                                                                                                                                                              ;
+-----------+-------+----------+--------------------------------------------------------------------------------------------------------------------------------------------------------------------------------------+
; B         ; Input ; Info     ; Stuck at GND                                                                                                                                                                         ;
; in1[7..2] ; Input ; Info     ; Stuck at GND                                                                                                                                                                         ;
; in1[1]    ; Input ; Info     ; Stuck at VCC                                                                                                                                                                         ;
; in1[0]    ; Input ; Info     ; Stuck at GND                                                                                                                                                                         ;
+-----------+-------+----------+--------------------------------------------------------------------------------------------------------------------------------------------------------------------------------------+


+--------------------------------------------------------------------------------------------------------------------------------------------------------------------------------------------------------------+
; Port Connectivity Checks: "top_level:top_level|top_proc_interp:top_proc_interp_inst|proc_interp:proc_interp_inst|processor:p_proc_interp|core:core|ula:ula|norm_mux:norm_mux|ula_norm:ula_norm|ula_nmux:mm1" ;
+-----------+-------+----------+-------------------------------------------------------------------------------------------------------------------------------------------------------------------------------+
; Port      ; Type  ; Severity ; Details                                                                                                                                                                       ;
+-----------+-------+----------+-------------------------------------------------------------------------------------------------------------------------------------------------------------------------------+
; B         ; Input ; Info     ; Stuck at GND                                                                                                                                                                  ;
; in1[7..1] ; Input ; Info     ; Stuck at GND                                                                                                                                                                  ;
; in1[0]    ; Input ; Info     ; Stuck at VCC                                                                                                                                                                  ;
; in2       ; Input ; Info     ; Stuck at GND                                                                                                                                                                  ;
+-----------+-------+----------+-------------------------------------------------------------------------------------------------------------------------------------------------------------------------------+


+-----------------------------------------------------------------------------------------------------------------------------------------------------------------------------------------+
; Port Connectivity Checks: "top_level:top_level|top_proc_interp:top_proc_interp_inst|proc_interp:proc_interp_inst|processor:p_proc_interp|core:core|instr_fetch:instr_fetch|prefetch:pf" ;
+----------+--------+----------+----------------------------------------------------------------------------------------------------------------------------------------------------------+
; Port     ; Type   ; Severity ; Details                                                                                                                                                  ;
+----------+--------+----------+----------------------------------------------------------------------------------------------------------------------------------------------------------+
; isp_push ; Output ; Info     ; Connected to dangling logic. Logic that only feeds a dangling port will be removed.                                                                      ;
; isp_pop  ; Output ; Info     ; Connected to dangling logic. Logic that only feeds a dangling port will be removed.                                                                      ;
+----------+--------+----------+----------------------------------------------------------------------------------------------------------------------------------------------------------+


+-------------------------------------------------------------------------------------------------------------------------------------------+
; Port Connectivity Checks: "top_level:top_level|top_proc_interp:top_proc_interp_inst|proc_interp:proc_interp_inst|processor:p_proc_interp" ;
+---------+--------+----------+-------------------------------------------------------------------------------------------------------------+
; Port    ; Type   ; Severity ; Details                                                                                                     ;
+---------+--------+----------+-------------------------------------------------------------------------------------------------------------+
; addr_in ; Output ; Info     ; Connected to dangling logic. Logic that only feeds a dangling port will be removed.                         ;
; cheguei ; Output ; Info     ; Connected to dangling logic. Logic that only feeds a dangling port will be removed.                         ;
+---------+--------+----------+-------------------------------------------------------------------------------------------------------------+


+------------------------------------------------------------------------------------------------------------------+
; Port Connectivity Checks: "top_level:top_level|top_proc_interp:top_proc_interp_inst"                             ;
+--------+--------+----------+-------------------------------------------------------------------------------------+
; Port   ; Type   ; Severity ; Details                                                                             ;
+--------+--------+----------+-------------------------------------------------------------------------------------+
; req_in ; Output ; Info     ; Connected to dangling logic. Logic that only feeds a dangling port will be removed. ;
+--------+--------+----------+-------------------------------------------------------------------------------------+


+----------------------------------------------------------------------------------------------------------------------------------------------+
; Port Connectivity Checks: "top_level:top_level"                                                                                              ;
+---------------+--------+----------+----------------------------------------------------------------------------------------------------------+
; Port          ; Type   ; Severity ; Details                                                                                                  ;
+---------------+--------+----------+----------------------------------------------------------------------------------------------------------+
; out_en_interp ; Output ; Warning  ; Declared by entity but not connected by instance. Logic that only feeds a dangling port will be removed. ;
; out_en_banco  ; Output ; Warning  ; Declared by entity but not connected by instance. Logic that only feeds a dangling port will be removed. ;
+---------------+--------+----------+----------------------------------------------------------------------------------------------------------+


+-------------------------------------------------------------------------------------------------------------------------------------------------------------------------------------------------------------------------------------------------------------------------+
; Signal Tap Logic Analyzer Settings                                                                                                                                                                                                                                      ;
+----------------+------------------+---------------------+------------------+--------------+----------+------------------------+----------------------+--------------------+-----------------------------+-----------------+------------------+--------------------------+
; Instance Index ; Instance Name    ; Trigger Input Width ; Data Input Width ; Sample Depth ; Segments ; Storage Qualifier Type ; Trigger Flow Control ; Trigger Conditions ; Advanced Trigger Conditions ; Trigger In Used ; Trigger Out Used ; Power-Up Trigger Enabled ;
+----------------+------------------+---------------------+------------------+--------------+----------+------------------------+----------------------+--------------------+-----------------------------+-----------------+------------------+--------------------------+
; 0              ; auto_signaltap_0 ; 56                  ; 56               ; 65536        ; 1        ; continuous             ; sequential           ; 1                  ; 0                           ; no              ; no               ; no                       ;
+----------------+------------------+---------------------+------------------+--------------+----------+------------------------+----------------------+--------------------+-----------------------------+-----------------+------------------+--------------------------+


+-----------------------------------------------------+
; Post-Synthesis Netlist Statistics for Top Partition ;
+-----------------------+-----------------------------+
; Type                  ; Count                       ;
+-----------------------+-----------------------------+
; arriav_ff             ; 847                         ;
;     CLR               ; 85                          ;
;     CLR SCLR          ; 32                          ;
;     CLR SLD           ; 8                           ;
;     ENA               ; 280                         ;
;     ENA CLR           ; 8                           ;
;     ENA SCLR          ; 200                         ;
;     ENA SLD           ; 40                          ;
;     SCLR              ; 17                          ;
;     SCLR SLD          ; 48                          ;
;     plain             ; 129                         ;
; arriav_lcell_comb     ; 6415                        ;
;     arith             ; 2489                        ;
;         0 data inputs ; 133                         ;
;         1 data inputs ; 235                         ;
;         2 data inputs ; 549                         ;
;         3 data inputs ; 248                         ;
;         4 data inputs ; 293                         ;
;         5 data inputs ; 1031                        ;
;     extend            ; 13                          ;
;         7 data inputs ; 13                          ;
;     normal            ; 3903                        ;
;         1 data inputs ; 1                           ;
;         2 data inputs ; 589                         ;
;         3 data inputs ; 445                         ;
;         4 data inputs ; 1170                        ;
;         5 data inputs ; 971                         ;
;         6 data inputs ; 727                         ;
;     shared            ; 10                          ;
;         0 data inputs ; 4                           ;
;         2 data inputs ; 4                           ;
;         4 data inputs ; 2                           ;
; arriav_mac            ; 4                           ;
; boundary_port         ; 60                          ;
; generic_pll           ; 1                           ;
; stratixv_ram_block    ; 149                         ;
;                       ;                             ;
; Max LUT depth         ; 154.00                      ;
; Average LUT depth     ; 99.06                       ;
+-----------------------+-----------------------------+


+--------------------------------------------------------------------------------+
; Post-Synthesis Netlist Statistics for Partition sld_signaltap:auto_signaltap_0 ;
+-----------------------+--------------------------------------------------------+
; Type                  ; Count                                                  ;
+-----------------------+--------------------------------------------------------+
; arriav_ff             ; 1121                                                   ;
;     CLR               ; 61                                                     ;
;     CLR SLD           ; 65                                                     ;
;     ENA               ; 98                                                     ;
;     ENA CLR           ; 221                                                    ;
;     ENA CLR SCLR      ; 49                                                     ;
;     ENA SCLR          ; 45                                                     ;
;     ENA SCLR SLD      ; 33                                                     ;
;     ENA SLD           ; 46                                                     ;
;     SCLR SLD          ; 12                                                     ;
;     plain             ; 491                                                    ;
; arriav_lcell_comb     ; 511                                                    ;
;     arith             ; 113                                                    ;
;         0 data inputs ; 4                                                      ;
;         1 data inputs ; 108                                                    ;
;         2 data inputs ; 1                                                      ;
;     extend            ; 2                                                      ;
;         7 data inputs ; 2                                                      ;
;     normal            ; 396                                                    ;
;         0 data inputs ; 2                                                      ;
;         1 data inputs ; 17                                                     ;
;         2 data inputs ; 7                                                      ;
;         3 data inputs ; 10                                                     ;
;         4 data inputs ; 30                                                     ;
;         5 data inputs ; 104                                                    ;
;         6 data inputs ; 226                                                    ;
; boundary_port         ; 364                                                    ;
; stratixv_ram_block    ; 448                                                    ;
;                       ;                                                        ;
; Max LUT depth         ; 4.40                                                   ;
; Average LUT depth     ; 1.46                                                   ;
+-----------------------+--------------------------------------------------------+


+------------------------------------------------------------------+
; Post-Synthesis Netlist Statistics for Partition sld_hub:auto_hub ;
+-----------------------+------------------------------------------+
; Type                  ; Count                                    ;
+-----------------------+------------------------------------------+
; arriav_ff             ; 90                                       ;
;     CLR               ; 5                                        ;
;     ENA               ; 30                                       ;
;     ENA CLR           ; 22                                       ;
;     ENA CLR SLD       ; 10                                       ;
;     SCLR              ; 7                                        ;
;     plain             ; 16                                       ;
; arriav_lcell_comb     ; 90                                       ;
;     extend            ; 1                                        ;
;         7 data inputs ; 1                                        ;
;     normal            ; 89                                       ;
;         0 data inputs ; 1                                        ;
;         1 data inputs ; 4                                        ;
;         2 data inputs ; 19                                       ;
;         3 data inputs ; 13                                       ;
;         4 data inputs ; 15                                       ;
;         5 data inputs ; 24                                       ;
;         6 data inputs ; 13                                       ;
; boundary_port         ; 107                                      ;
;                       ;                                          ;
; Max LUT depth         ; 3.00                                     ;
; Average LUT depth     ; 1.32                                     ;
+-----------------------+------------------------------------------+


+-----------------------------------------------+
; Elapsed Time Per Partition                    ;
+--------------------------------+--------------+
; Partition Name                 ; Elapsed Time ;
+--------------------------------+--------------+
; Top                            ; 00:00:57     ;
; sld_signaltap:auto_signaltap_0 ; 00:00:01     ;
; sld_hub:auto_hub               ; 00:00:00     ;
+--------------------------------+--------------+


+-------------------------------------------------------------------------------------------------------------------------------------------------------------------------------------------------------------------------+
; Connections to In-System Debugging Instance "auto_signaltap_0"                                                                                                                                                          ;
+-------------------------------------+---------------+-----------+--------------------------------+-------------------+----------------------------------------------------------------------------------------+---------+
; Name                                ; Type          ; Status    ; Partition Name                 ; Netlist Type Used ; Actual Connection                                                                      ; Details ;
+-------------------------------------+---------------+-----------+--------------------------------+-------------------+----------------------------------------------------------------------------------------+---------+
; rst_proc:rst_proc|sampling          ; pre-synthesis ; connected ; Top                            ; post-synthesis    ; rst_proc:rst_proc|Equal0~6                                                             ; N/A     ;
; sinal_memoria:comb_6|addr[0]        ; pre-synthesis ; connected ; Top                            ; post-synthesis    ; sinal_memoria:comb_6|addr[0]                                                           ; N/A     ;
; sinal_memoria:comb_6|addr[0]        ; pre-synthesis ; connected ; Top                            ; post-synthesis    ; sinal_memoria:comb_6|addr[0]                                                           ; N/A     ;
; sinal_memoria:comb_6|addr[1]        ; pre-synthesis ; connected ; Top                            ; post-synthesis    ; sinal_memoria:comb_6|addr[1]                                                           ; N/A     ;
; sinal_memoria:comb_6|addr[1]        ; pre-synthesis ; connected ; Top                            ; post-synthesis    ; sinal_memoria:comb_6|addr[1]                                                           ; N/A     ;
; sinal_memoria:comb_6|addr[2]        ; pre-synthesis ; connected ; Top                            ; post-synthesis    ; sinal_memoria:comb_6|addr[2]                                                           ; N/A     ;
; sinal_memoria:comb_6|addr[2]        ; pre-synthesis ; connected ; Top                            ; post-synthesis    ; sinal_memoria:comb_6|addr[2]                                                           ; N/A     ;
; sinal_memoria:comb_6|addr[3]        ; pre-synthesis ; connected ; Top                            ; post-synthesis    ; sinal_memoria:comb_6|addr[3]                                                           ; N/A     ;
; sinal_memoria:comb_6|addr[3]        ; pre-synthesis ; connected ; Top                            ; post-synthesis    ; sinal_memoria:comb_6|addr[3]                                                           ; N/A     ;
; sinal_memoria:comb_6|addr[4]        ; pre-synthesis ; connected ; Top                            ; post-synthesis    ; sinal_memoria:comb_6|addr[4]                                                           ; N/A     ;
; sinal_memoria:comb_6|addr[4]        ; pre-synthesis ; connected ; Top                            ; post-synthesis    ; sinal_memoria:comb_6|addr[4]                                                           ; N/A     ;
; sinal_memoria:comb_6|addr[5]        ; pre-synthesis ; connected ; Top                            ; post-synthesis    ; sinal_memoria:comb_6|addr[5]                                                           ; N/A     ;
; sinal_memoria:comb_6|addr[5]        ; pre-synthesis ; connected ; Top                            ; post-synthesis    ; sinal_memoria:comb_6|addr[5]                                                           ; N/A     ;
; sinal_memoria:comb_6|addr[6]        ; pre-synthesis ; connected ; Top                            ; post-synthesis    ; sinal_memoria:comb_6|addr[6]                                                           ; N/A     ;
; sinal_memoria:comb_6|addr[6]        ; pre-synthesis ; connected ; Top                            ; post-synthesis    ; sinal_memoria:comb_6|addr[6]                                                           ; N/A     ;
; sinal_memoria:comb_6|addr[7]        ; pre-synthesis ; connected ; Top                            ; post-synthesis    ; sinal_memoria:comb_6|addr[7]                                                           ; N/A     ;
; sinal_memoria:comb_6|addr[7]        ; pre-synthesis ; connected ; Top                            ; post-synthesis    ; sinal_memoria:comb_6|addr[7]                                                           ; N/A     ;
; sinal_memoria:comb_6|signal[0]      ; pre-synthesis ; connected ; Top                            ; post-synthesis    ; sinal_memoria:comb_6|altsyncram:rom_rtl_0|altsyncram_ccd1:auto_generated|ram_block1a0  ; N/A     ;
; sinal_memoria:comb_6|signal[0]      ; pre-synthesis ; connected ; Top                            ; post-synthesis    ; sinal_memoria:comb_6|altsyncram:rom_rtl_0|altsyncram_ccd1:auto_generated|ram_block1a0  ; N/A     ;
; sinal_memoria:comb_6|signal[10]     ; pre-synthesis ; connected ; Top                            ; post-synthesis    ; sinal_memoria:comb_6|altsyncram:rom_rtl_0|altsyncram_ccd1:auto_generated|ram_block1a10 ; N/A     ;
; sinal_memoria:comb_6|signal[10]     ; pre-synthesis ; connected ; Top                            ; post-synthesis    ; sinal_memoria:comb_6|altsyncram:rom_rtl_0|altsyncram_ccd1:auto_generated|ram_block1a10 ; N/A     ;
; sinal_memoria:comb_6|signal[11]     ; pre-synthesis ; connected ; Top                            ; post-synthesis    ; sinal_memoria:comb_6|altsyncram:rom_rtl_0|altsyncram_ccd1:auto_generated|ram_block1a11 ; N/A     ;
; sinal_memoria:comb_6|signal[11]     ; pre-synthesis ; connected ; Top                            ; post-synthesis    ; sinal_memoria:comb_6|altsyncram:rom_rtl_0|altsyncram_ccd1:auto_generated|ram_block1a11 ; N/A     ;
; sinal_memoria:comb_6|signal[12]     ; pre-synthesis ; connected ; Top                            ; post-synthesis    ; sinal_memoria:comb_6|altsyncram:rom_rtl_0|altsyncram_ccd1:auto_generated|ram_block1a12 ; N/A     ;
; sinal_memoria:comb_6|signal[12]     ; pre-synthesis ; connected ; Top                            ; post-synthesis    ; sinal_memoria:comb_6|altsyncram:rom_rtl_0|altsyncram_ccd1:auto_generated|ram_block1a12 ; N/A     ;
; sinal_memoria:comb_6|signal[13]     ; pre-synthesis ; connected ; Top                            ; post-synthesis    ; sinal_memoria:comb_6|altsyncram:rom_rtl_0|altsyncram_ccd1:auto_generated|ram_block1a13 ; N/A     ;
; sinal_memoria:comb_6|signal[13]     ; pre-synthesis ; connected ; Top                            ; post-synthesis    ; sinal_memoria:comb_6|altsyncram:rom_rtl_0|altsyncram_ccd1:auto_generated|ram_block1a13 ; N/A     ;
; sinal_memoria:comb_6|signal[14]     ; pre-synthesis ; connected ; Top                            ; post-synthesis    ; sinal_memoria:comb_6|altsyncram:rom_rtl_0|altsyncram_ccd1:auto_generated|ram_block1a14 ; N/A     ;
; sinal_memoria:comb_6|signal[14]     ; pre-synthesis ; connected ; Top                            ; post-synthesis    ; sinal_memoria:comb_6|altsyncram:rom_rtl_0|altsyncram_ccd1:auto_generated|ram_block1a14 ; N/A     ;
; sinal_memoria:comb_6|signal[15]     ; pre-synthesis ; connected ; Top                            ; post-synthesis    ; sinal_memoria:comb_6|altsyncram:rom_rtl_0|altsyncram_ccd1:auto_generated|ram_block1a15 ; N/A     ;
; sinal_memoria:comb_6|signal[15]     ; pre-synthesis ; connected ; Top                            ; post-synthesis    ; sinal_memoria:comb_6|altsyncram:rom_rtl_0|altsyncram_ccd1:auto_generated|ram_block1a15 ; N/A     ;
; sinal_memoria:comb_6|signal[1]      ; pre-synthesis ; connected ; Top                            ; post-synthesis    ; sinal_memoria:comb_6|altsyncram:rom_rtl_0|altsyncram_ccd1:auto_generated|ram_block1a1  ; N/A     ;
; sinal_memoria:comb_6|signal[1]      ; pre-synthesis ; connected ; Top                            ; post-synthesis    ; sinal_memoria:comb_6|altsyncram:rom_rtl_0|altsyncram_ccd1:auto_generated|ram_block1a1  ; N/A     ;
; sinal_memoria:comb_6|signal[2]      ; pre-synthesis ; connected ; Top                            ; post-synthesis    ; sinal_memoria:comb_6|altsyncram:rom_rtl_0|altsyncram_ccd1:auto_generated|ram_block1a2  ; N/A     ;
; sinal_memoria:comb_6|signal[2]      ; pre-synthesis ; connected ; Top                            ; post-synthesis    ; sinal_memoria:comb_6|altsyncram:rom_rtl_0|altsyncram_ccd1:auto_generated|ram_block1a2  ; N/A     ;
; sinal_memoria:comb_6|signal[3]      ; pre-synthesis ; connected ; Top                            ; post-synthesis    ; sinal_memoria:comb_6|altsyncram:rom_rtl_0|altsyncram_ccd1:auto_generated|ram_block1a3  ; N/A     ;
; sinal_memoria:comb_6|signal[3]      ; pre-synthesis ; connected ; Top                            ; post-synthesis    ; sinal_memoria:comb_6|altsyncram:rom_rtl_0|altsyncram_ccd1:auto_generated|ram_block1a3  ; N/A     ;
; sinal_memoria:comb_6|signal[4]      ; pre-synthesis ; connected ; Top                            ; post-synthesis    ; sinal_memoria:comb_6|altsyncram:rom_rtl_0|altsyncram_ccd1:auto_generated|ram_block1a4  ; N/A     ;
; sinal_memoria:comb_6|signal[4]      ; pre-synthesis ; connected ; Top                            ; post-synthesis    ; sinal_memoria:comb_6|altsyncram:rom_rtl_0|altsyncram_ccd1:auto_generated|ram_block1a4  ; N/A     ;
; sinal_memoria:comb_6|signal[5]      ; pre-synthesis ; connected ; Top                            ; post-synthesis    ; sinal_memoria:comb_6|altsyncram:rom_rtl_0|altsyncram_ccd1:auto_generated|ram_block1a5  ; N/A     ;
; sinal_memoria:comb_6|signal[5]      ; pre-synthesis ; connected ; Top                            ; post-synthesis    ; sinal_memoria:comb_6|altsyncram:rom_rtl_0|altsyncram_ccd1:auto_generated|ram_block1a5  ; N/A     ;
; sinal_memoria:comb_6|signal[6]      ; pre-synthesis ; connected ; Top                            ; post-synthesis    ; sinal_memoria:comb_6|altsyncram:rom_rtl_0|altsyncram_ccd1:auto_generated|ram_block1a6  ; N/A     ;
; sinal_memoria:comb_6|signal[6]      ; pre-synthesis ; connected ; Top                            ; post-synthesis    ; sinal_memoria:comb_6|altsyncram:rom_rtl_0|altsyncram_ccd1:auto_generated|ram_block1a6  ; N/A     ;
; sinal_memoria:comb_6|signal[7]      ; pre-synthesis ; connected ; Top                            ; post-synthesis    ; sinal_memoria:comb_6|altsyncram:rom_rtl_0|altsyncram_ccd1:auto_generated|ram_block1a7  ; N/A     ;
; sinal_memoria:comb_6|signal[7]      ; pre-synthesis ; connected ; Top                            ; post-synthesis    ; sinal_memoria:comb_6|altsyncram:rom_rtl_0|altsyncram_ccd1:auto_generated|ram_block1a7  ; N/A     ;
; sinal_memoria:comb_6|signal[8]      ; pre-synthesis ; connected ; Top                            ; post-synthesis    ; sinal_memoria:comb_6|altsyncram:rom_rtl_0|altsyncram_ccd1:auto_generated|ram_block1a8  ; N/A     ;
; sinal_memoria:comb_6|signal[8]      ; pre-synthesis ; connected ; Top                            ; post-synthesis    ; sinal_memoria:comb_6|altsyncram:rom_rtl_0|altsyncram_ccd1:auto_generated|ram_block1a8  ; N/A     ;
; sinal_memoria:comb_6|signal[9]      ; pre-synthesis ; connected ; Top                            ; post-synthesis    ; sinal_memoria:comb_6|altsyncram:rom_rtl_0|altsyncram_ccd1:auto_generated|ram_block1a9  ; N/A     ;
; sinal_memoria:comb_6|signal[9]      ; pre-synthesis ; connected ; Top                            ; post-synthesis    ; sinal_memoria:comb_6|altsyncram:rom_rtl_0|altsyncram_ccd1:auto_generated|ram_block1a9  ; N/A     ;
; top_level:top_level|out2_interp[0]  ; pre-synthesis ; connected ; Top                            ; post-synthesis    ; top_level:top_level|top_proc_interp:top_proc_interp_inst|out2[0]                       ; N/A     ;
; top_level:top_level|out2_interp[0]  ; pre-synthesis ; connected ; Top                            ; post-synthesis    ; top_level:top_level|top_proc_interp:top_proc_interp_inst|out2[0]                       ; N/A     ;
; top_level:top_level|out2_interp[10] ; pre-synthesis ; connected ; Top                            ; post-synthesis    ; top_level:top_level|top_proc_interp:top_proc_interp_inst|out2[10]                      ; N/A     ;
; top_level:top_level|out2_interp[10] ; pre-synthesis ; connected ; Top                            ; post-synthesis    ; top_level:top_level|top_proc_interp:top_proc_interp_inst|out2[10]                      ; N/A     ;
; top_level:top_level|out2_interp[11] ; pre-synthesis ; connected ; Top                            ; post-synthesis    ; top_level:top_level|top_proc_interp:top_proc_interp_inst|out2[11]                      ; N/A     ;
; top_level:top_level|out2_interp[11] ; pre-synthesis ; connected ; Top                            ; post-synthesis    ; top_level:top_level|top_proc_interp:top_proc_interp_inst|out2[11]                      ; N/A     ;
; top_level:top_level|out2_interp[12] ; pre-synthesis ; connected ; Top                            ; post-synthesis    ; top_level:top_level|top_proc_interp:top_proc_interp_inst|out2[12]                      ; N/A     ;
; top_level:top_level|out2_interp[12] ; pre-synthesis ; connected ; Top                            ; post-synthesis    ; top_level:top_level|top_proc_interp:top_proc_interp_inst|out2[12]                      ; N/A     ;
; top_level:top_level|out2_interp[13] ; pre-synthesis ; connected ; Top                            ; post-synthesis    ; top_level:top_level|top_proc_interp:top_proc_interp_inst|out2[13]                      ; N/A     ;
; top_level:top_level|out2_interp[13] ; pre-synthesis ; connected ; Top                            ; post-synthesis    ; top_level:top_level|top_proc_interp:top_proc_interp_inst|out2[13]                      ; N/A     ;
; top_level:top_level|out2_interp[14] ; pre-synthesis ; connected ; Top                            ; post-synthesis    ; top_level:top_level|top_proc_interp:top_proc_interp_inst|out2[14]                      ; N/A     ;
; top_level:top_level|out2_interp[14] ; pre-synthesis ; connected ; Top                            ; post-synthesis    ; top_level:top_level|top_proc_interp:top_proc_interp_inst|out2[14]                      ; N/A     ;
; top_level:top_level|out2_interp[15] ; pre-synthesis ; connected ; Top                            ; post-synthesis    ; top_level:top_level|top_proc_interp:top_proc_interp_inst|out2[15]                      ; N/A     ;
; top_level:top_level|out2_interp[15] ; pre-synthesis ; connected ; Top                            ; post-synthesis    ; top_level:top_level|top_proc_interp:top_proc_interp_inst|out2[15]                      ; N/A     ;
; top_level:top_level|out2_interp[16] ; pre-synthesis ; connected ; Top                            ; post-synthesis    ; top_level:top_level|top_proc_interp:top_proc_interp_inst|out2[16]                      ; N/A     ;
; top_level:top_level|out2_interp[16] ; pre-synthesis ; connected ; Top                            ; post-synthesis    ; top_level:top_level|top_proc_interp:top_proc_interp_inst|out2[16]                      ; N/A     ;
; top_level:top_level|out2_interp[17] ; pre-synthesis ; connected ; Top                            ; post-synthesis    ; top_level:top_level|top_proc_interp:top_proc_interp_inst|out2[17]                      ; N/A     ;
; top_level:top_level|out2_interp[17] ; pre-synthesis ; connected ; Top                            ; post-synthesis    ; top_level:top_level|top_proc_interp:top_proc_interp_inst|out2[17]                      ; N/A     ;
; top_level:top_level|out2_interp[18] ; pre-synthesis ; connected ; Top                            ; post-synthesis    ; top_level:top_level|top_proc_interp:top_proc_interp_inst|out2[18]                      ; N/A     ;
; top_level:top_level|out2_interp[18] ; pre-synthesis ; connected ; Top                            ; post-synthesis    ; top_level:top_level|top_proc_interp:top_proc_interp_inst|out2[18]                      ; N/A     ;
; top_level:top_level|out2_interp[19] ; pre-synthesis ; connected ; Top                            ; post-synthesis    ; top_level:top_level|top_proc_interp:top_proc_interp_inst|out2[19]                      ; N/A     ;
; top_level:top_level|out2_interp[19] ; pre-synthesis ; connected ; Top                            ; post-synthesis    ; top_level:top_level|top_proc_interp:top_proc_interp_inst|out2[19]                      ; N/A     ;
; top_level:top_level|out2_interp[1]  ; pre-synthesis ; connected ; Top                            ; post-synthesis    ; top_level:top_level|top_proc_interp:top_proc_interp_inst|out2[1]                       ; N/A     ;
; top_level:top_level|out2_interp[1]  ; pre-synthesis ; connected ; Top                            ; post-synthesis    ; top_level:top_level|top_proc_interp:top_proc_interp_inst|out2[1]                       ; N/A     ;
; top_level:top_level|out2_interp[20] ; pre-synthesis ; connected ; Top                            ; post-synthesis    ; top_level:top_level|top_proc_interp:top_proc_interp_inst|out2[20]                      ; N/A     ;
; top_level:top_level|out2_interp[20] ; pre-synthesis ; connected ; Top                            ; post-synthesis    ; top_level:top_level|top_proc_interp:top_proc_interp_inst|out2[20]                      ; N/A     ;
; top_level:top_level|out2_interp[21] ; pre-synthesis ; connected ; Top                            ; post-synthesis    ; top_level:top_level|top_proc_interp:top_proc_interp_inst|out2[21]                      ; N/A     ;
; top_level:top_level|out2_interp[21] ; pre-synthesis ; connected ; Top                            ; post-synthesis    ; top_level:top_level|top_proc_interp:top_proc_interp_inst|out2[21]                      ; N/A     ;
; top_level:top_level|out2_interp[22] ; pre-synthesis ; connected ; Top                            ; post-synthesis    ; top_level:top_level|top_proc_interp:top_proc_interp_inst|out2[22]                      ; N/A     ;
; top_level:top_level|out2_interp[22] ; pre-synthesis ; connected ; Top                            ; post-synthesis    ; top_level:top_level|top_proc_interp:top_proc_interp_inst|out2[22]                      ; N/A     ;
; top_level:top_level|out2_interp[23] ; pre-synthesis ; connected ; Top                            ; post-synthesis    ; top_level:top_level|top_proc_interp:top_proc_interp_inst|out2[23]                      ; N/A     ;
; top_level:top_level|out2_interp[23] ; pre-synthesis ; connected ; Top                            ; post-synthesis    ; top_level:top_level|top_proc_interp:top_proc_interp_inst|out2[23]                      ; N/A     ;
; top_level:top_level|out2_interp[24] ; pre-synthesis ; connected ; Top                            ; post-synthesis    ; top_level:top_level|top_proc_interp:top_proc_interp_inst|out2[24]                      ; N/A     ;
; top_level:top_level|out2_interp[24] ; pre-synthesis ; connected ; Top                            ; post-synthesis    ; top_level:top_level|top_proc_interp:top_proc_interp_inst|out2[24]                      ; N/A     ;
; top_level:top_level|out2_interp[25] ; pre-synthesis ; connected ; Top                            ; post-synthesis    ; top_level:top_level|top_proc_interp:top_proc_interp_inst|out2[25]                      ; N/A     ;
; top_level:top_level|out2_interp[25] ; pre-synthesis ; connected ; Top                            ; post-synthesis    ; top_level:top_level|top_proc_interp:top_proc_interp_inst|out2[25]                      ; N/A     ;
; top_level:top_level|out2_interp[26] ; pre-synthesis ; connected ; Top                            ; post-synthesis    ; top_level:top_level|top_proc_interp:top_proc_interp_inst|out2[26]                      ; N/A     ;
; top_level:top_level|out2_interp[26] ; pre-synthesis ; connected ; Top                            ; post-synthesis    ; top_level:top_level|top_proc_interp:top_proc_interp_inst|out2[26]                      ; N/A     ;
; top_level:top_level|out2_interp[27] ; pre-synthesis ; connected ; Top                            ; post-synthesis    ; top_level:top_level|top_proc_interp:top_proc_interp_inst|out2[27]                      ; N/A     ;
; top_level:top_level|out2_interp[27] ; pre-synthesis ; connected ; Top                            ; post-synthesis    ; top_level:top_level|top_proc_interp:top_proc_interp_inst|out2[27]                      ; N/A     ;
; top_level:top_level|out2_interp[28] ; pre-synthesis ; connected ; Top                            ; post-synthesis    ; top_level:top_level|top_proc_interp:top_proc_interp_inst|out2[28]                      ; N/A     ;
; top_level:top_level|out2_interp[28] ; pre-synthesis ; connected ; Top                            ; post-synthesis    ; top_level:top_level|top_proc_interp:top_proc_interp_inst|out2[28]                      ; N/A     ;
; top_level:top_level|out2_interp[29] ; pre-synthesis ; connected ; Top                            ; post-synthesis    ; top_level:top_level|top_proc_interp:top_proc_interp_inst|out2[29]                      ; N/A     ;
; top_level:top_level|out2_interp[29] ; pre-synthesis ; connected ; Top                            ; post-synthesis    ; top_level:top_level|top_proc_interp:top_proc_interp_inst|out2[29]                      ; N/A     ;
; top_level:top_level|out2_interp[2]  ; pre-synthesis ; connected ; Top                            ; post-synthesis    ; top_level:top_level|top_proc_interp:top_proc_interp_inst|out2[2]                       ; N/A     ;
; top_level:top_level|out2_interp[2]  ; pre-synthesis ; connected ; Top                            ; post-synthesis    ; top_level:top_level|top_proc_interp:top_proc_interp_inst|out2[2]                       ; N/A     ;
; top_level:top_level|out2_interp[30] ; pre-synthesis ; connected ; Top                            ; post-synthesis    ; top_level:top_level|top_proc_interp:top_proc_interp_inst|out2[30]                      ; N/A     ;
; top_level:top_level|out2_interp[30] ; pre-synthesis ; connected ; Top                            ; post-synthesis    ; top_level:top_level|top_proc_interp:top_proc_interp_inst|out2[30]                      ; N/A     ;
; top_level:top_level|out2_interp[31] ; pre-synthesis ; connected ; Top                            ; post-synthesis    ; top_level:top_level|top_proc_interp:top_proc_interp_inst|out2[31]                      ; N/A     ;
; top_level:top_level|out2_interp[31] ; pre-synthesis ; connected ; Top                            ; post-synthesis    ; top_level:top_level|top_proc_interp:top_proc_interp_inst|out2[31]                      ; N/A     ;
; top_level:top_level|out2_interp[3]  ; pre-synthesis ; connected ; Top                            ; post-synthesis    ; top_level:top_level|top_proc_interp:top_proc_interp_inst|out2[3]                       ; N/A     ;
; top_level:top_level|out2_interp[3]  ; pre-synthesis ; connected ; Top                            ; post-synthesis    ; top_level:top_level|top_proc_interp:top_proc_interp_inst|out2[3]                       ; N/A     ;
; top_level:top_level|out2_interp[4]  ; pre-synthesis ; connected ; Top                            ; post-synthesis    ; top_level:top_level|top_proc_interp:top_proc_interp_inst|out2[4]                       ; N/A     ;
; top_level:top_level|out2_interp[4]  ; pre-synthesis ; connected ; Top                            ; post-synthesis    ; top_level:top_level|top_proc_interp:top_proc_interp_inst|out2[4]                       ; N/A     ;
; top_level:top_level|out2_interp[5]  ; pre-synthesis ; connected ; Top                            ; post-synthesis    ; top_level:top_level|top_proc_interp:top_proc_interp_inst|out2[5]                       ; N/A     ;
; top_level:top_level|out2_interp[5]  ; pre-synthesis ; connected ; Top                            ; post-synthesis    ; top_level:top_level|top_proc_interp:top_proc_interp_inst|out2[5]                       ; N/A     ;
; top_level:top_level|out2_interp[6]  ; pre-synthesis ; connected ; Top                            ; post-synthesis    ; top_level:top_level|top_proc_interp:top_proc_interp_inst|out2[6]                       ; N/A     ;
; top_level:top_level|out2_interp[6]  ; pre-synthesis ; connected ; Top                            ; post-synthesis    ; top_level:top_level|top_proc_interp:top_proc_interp_inst|out2[6]                       ; N/A     ;
; top_level:top_level|out2_interp[7]  ; pre-synthesis ; connected ; Top                            ; post-synthesis    ; top_level:top_level|top_proc_interp:top_proc_interp_inst|out2[7]                       ; N/A     ;
; top_level:top_level|out2_interp[7]  ; pre-synthesis ; connected ; Top                            ; post-synthesis    ; top_level:top_level|top_proc_interp:top_proc_interp_inst|out2[7]                       ; N/A     ;
; top_level:top_level|out2_interp[8]  ; pre-synthesis ; connected ; Top                            ; post-synthesis    ; top_level:top_level|top_proc_interp:top_proc_interp_inst|out2[8]                       ; N/A     ;
; top_level:top_level|out2_interp[8]  ; pre-synthesis ; connected ; Top                            ; post-synthesis    ; top_level:top_level|top_proc_interp:top_proc_interp_inst|out2[8]                       ; N/A     ;
; top_level:top_level|out2_interp[9]  ; pre-synthesis ; connected ; Top                            ; post-synthesis    ; top_level:top_level|top_proc_interp:top_proc_interp_inst|out2[9]                       ; N/A     ;
; top_level:top_level|out2_interp[9]  ; pre-synthesis ; connected ; Top                            ; post-synthesis    ; top_level:top_level|top_proc_interp:top_proc_interp_inst|out2[9]                       ; N/A     ;
; auto_signaltap_0|gnd                ; post-fitting  ; connected ; sld_signaltap:auto_signaltap_0 ; post-synthesis    ; sld_signaltap:auto_signaltap_0|~GND                                                    ; N/A     ;
; auto_signaltap_0|gnd                ; post-fitting  ; connected ; sld_signaltap:auto_signaltap_0 ; post-synthesis    ; sld_signaltap:auto_signaltap_0|~GND                                                    ; N/A     ;
; auto_signaltap_0|gnd                ; post-fitting  ; connected ; sld_signaltap:auto_signaltap_0 ; post-synthesis    ; sld_signaltap:auto_signaltap_0|~GND                                                    ; N/A     ;
; auto_signaltap_0|gnd                ; post-fitting  ; connected ; sld_signaltap:auto_signaltap_0 ; post-synthesis    ; sld_signaltap:auto_signaltap_0|~GND                                                    ; N/A     ;
; auto_signaltap_0|gnd                ; post-fitting  ; connected ; sld_signaltap:auto_signaltap_0 ; post-synthesis    ; sld_signaltap:auto_signaltap_0|~GND                                                    ; N/A     ;
; auto_signaltap_0|gnd                ; post-fitting  ; connected ; sld_signaltap:auto_signaltap_0 ; post-synthesis    ; sld_signaltap:auto_signaltap_0|~GND                                                    ; N/A     ;
; auto_signaltap_0|gnd                ; post-fitting  ; connected ; sld_signaltap:auto_signaltap_0 ; post-synthesis    ; sld_signaltap:auto_signaltap_0|~GND                                                    ; N/A     ;
; auto_signaltap_0|gnd                ; post-fitting  ; connected ; sld_signaltap:auto_signaltap_0 ; post-synthesis    ; sld_signaltap:auto_signaltap_0|~GND                                                    ; N/A     ;
; auto_signaltap_0|gnd                ; post-fitting  ; connected ; sld_signaltap:auto_signaltap_0 ; post-synthesis    ; sld_signaltap:auto_signaltap_0|~GND                                                    ; N/A     ;
; auto_signaltap_0|gnd                ; post-fitting  ; connected ; sld_signaltap:auto_signaltap_0 ; post-synthesis    ; sld_signaltap:auto_signaltap_0|~GND                                                    ; N/A     ;
; auto_signaltap_0|gnd                ; post-fitting  ; connected ; sld_signaltap:auto_signaltap_0 ; post-synthesis    ; sld_signaltap:auto_signaltap_0|~GND                                                    ; N/A     ;
; auto_signaltap_0|gnd                ; post-fitting  ; connected ; sld_signaltap:auto_signaltap_0 ; post-synthesis    ; sld_signaltap:auto_signaltap_0|~GND                                                    ; N/A     ;
; auto_signaltap_0|gnd                ; post-fitting  ; connected ; sld_signaltap:auto_signaltap_0 ; post-synthesis    ; sld_signaltap:auto_signaltap_0|~GND                                                    ; N/A     ;
; auto_signaltap_0|gnd                ; post-fitting  ; connected ; sld_signaltap:auto_signaltap_0 ; post-synthesis    ; sld_signaltap:auto_signaltap_0|~GND                                                    ; N/A     ;
; auto_signaltap_0|gnd                ; post-fitting  ; connected ; sld_signaltap:auto_signaltap_0 ; post-synthesis    ; sld_signaltap:auto_signaltap_0|~GND                                                    ; N/A     ;
; auto_signaltap_0|gnd                ; post-fitting  ; connected ; sld_signaltap:auto_signaltap_0 ; post-synthesis    ; sld_signaltap:auto_signaltap_0|~GND                                                    ; N/A     ;
; auto_signaltap_0|gnd                ; post-fitting  ; connected ; sld_signaltap:auto_signaltap_0 ; post-synthesis    ; sld_signaltap:auto_signaltap_0|~GND                                                    ; N/A     ;
; auto_signaltap_0|gnd                ; post-fitting  ; connected ; sld_signaltap:auto_signaltap_0 ; post-synthesis    ; sld_signaltap:auto_signaltap_0|~GND                                                    ; N/A     ;
; auto_signaltap_0|gnd                ; post-fitting  ; connected ; sld_signaltap:auto_signaltap_0 ; post-synthesis    ; sld_signaltap:auto_signaltap_0|~GND                                                    ; N/A     ;
; auto_signaltap_0|gnd                ; post-fitting  ; connected ; sld_signaltap:auto_signaltap_0 ; post-synthesis    ; sld_signaltap:auto_signaltap_0|~GND                                                    ; N/A     ;
; auto_signaltap_0|vcc                ; post-fitting  ; connected ; sld_signaltap:auto_signaltap_0 ; post-synthesis    ; sld_signaltap:auto_signaltap_0|~VCC                                                    ; N/A     ;
; auto_signaltap_0|vcc                ; post-fitting  ; connected ; sld_signaltap:auto_signaltap_0 ; post-synthesis    ; sld_signaltap:auto_signaltap_0|~VCC                                                    ; N/A     ;
; auto_signaltap_0|vcc                ; post-fitting  ; connected ; sld_signaltap:auto_signaltap_0 ; post-synthesis    ; sld_signaltap:auto_signaltap_0|~VCC                                                    ; N/A     ;
; auto_signaltap_0|vcc                ; post-fitting  ; connected ; sld_signaltap:auto_signaltap_0 ; post-synthesis    ; sld_signaltap:auto_signaltap_0|~VCC                                                    ; N/A     ;
; auto_signaltap_0|vcc                ; post-fitting  ; connected ; sld_signaltap:auto_signaltap_0 ; post-synthesis    ; sld_signaltap:auto_signaltap_0|~VCC                                                    ; N/A     ;
; auto_signaltap_0|vcc                ; post-fitting  ; connected ; sld_signaltap:auto_signaltap_0 ; post-synthesis    ; sld_signaltap:auto_signaltap_0|~VCC                                                    ; N/A     ;
; auto_signaltap_0|vcc                ; post-fitting  ; connected ; sld_signaltap:auto_signaltap_0 ; post-synthesis    ; sld_signaltap:auto_signaltap_0|~VCC                                                    ; N/A     ;
; auto_signaltap_0|vcc                ; post-fitting  ; connected ; sld_signaltap:auto_signaltap_0 ; post-synthesis    ; sld_signaltap:auto_signaltap_0|~VCC                                                    ; N/A     ;
; auto_signaltap_0|vcc                ; post-fitting  ; connected ; sld_signaltap:auto_signaltap_0 ; post-synthesis    ; sld_signaltap:auto_signaltap_0|~VCC                                                    ; N/A     ;
; auto_signaltap_0|vcc                ; post-fitting  ; connected ; sld_signaltap:auto_signaltap_0 ; post-synthesis    ; sld_signaltap:auto_signaltap_0|~VCC                                                    ; N/A     ;
; auto_signaltap_0|vcc                ; post-fitting  ; connected ; sld_signaltap:auto_signaltap_0 ; post-synthesis    ; sld_signaltap:auto_signaltap_0|~VCC                                                    ; N/A     ;
; auto_signaltap_0|vcc                ; post-fitting  ; connected ; sld_signaltap:auto_signaltap_0 ; post-synthesis    ; sld_signaltap:auto_signaltap_0|~VCC                                                    ; N/A     ;
+-------------------------------------+---------------+-----------+--------------------------------+-------------------+----------------------------------------------------------------------------------------+---------+


+-------------------------------+
; Analysis & Synthesis Messages ;
+-------------------------------+
Info: *******************************************************************
Info: Running Quartus Prime Analysis & Synthesis
    Info: Version 20.1.1 Build 720 11/11/2020 Patches 1.02i SJ Lite Edition
    Info: Processing started: Tue Jun 02 16:22:20 2026
Info: Command: quartus_map --read_settings_files=on --write_settings_files=off hpe -c hpe
Warning (18236): Number of processors has not been specified which may cause overloading on shared machines.  Set the global assignment NUM_PARALLEL_PROCESSORS in your QSF to an appropriate value for best performance.
Info (20030): Parallel compilation is enabled and will use 4 of the 4 processors detected
Info (12021): Found 1 design units, including 1 entities, in source file /users/ricardo/documents/dissertacao/aurora/proc_banco/hardware/proc_banco.v
    Info (12023): Found entity 1: proc_banco File: C:/Users/Ricardo/Documents/Dissertacao/Aurora/proc_banco/Hardware/proc_banco.v Line: 1
Info (12021): Found 1 design units, including 1 entities, in source file /users/ricardo/documents/dissertacao/aurora/proc_interp/hardware/proc_interp.v
    Info (12023): Found entity 1: proc_interp File: C:/Users/Ricardo/Documents/Dissertacao/Aurora/proc_interp/Hardware/proc_interp.v Line: 1
Info (12021): Found 1 design units, including 1 entities, in source file /users/ricardo/documents/dissertacao/aurora/top_proc_interp.v
    Info (12023): Found entity 1: top_proc_interp File: C:/Users/Ricardo/Documents/Dissertacao/Aurora/top_proc_interp.v Line: 1
Info (12021): Found 1 design units, including 1 entities, in source file /users/ricardo/documents/dissertacao/aurora/top_proc_banco.v
    Info (12023): Found entity 1: top_proc_banco File: C:/Users/Ricardo/Documents/Dissertacao/Aurora/top_proc_banco.v Line: 1
Info (12021): Found 1 design units, including 1 entities, in source file /users/ricardo/documents/dissertacao/aurora/top_level.v
    Info (12023): Found entity 1: top_level File: C:/Users/Ricardo/Documents/Dissertacao/Aurora/top_level.v Line: 1
Info (12021): Found 1 design units, including 1 entities, in source file /users/ricardo/documents/dissertacao/aurora/maq_estados.v
    Info (12023): Found entity 1: maq_estados File: C:/Users/Ricardo/Documents/Dissertacao/Aurora/maq_estados.v Line: 1
Info (12021): Found 40 design units, including 40 entities, in source file /users/ricardo/documents/dissertacao/saphohdl/ula.v
    Info (12023): Found entity 1: ula_mux File: C:/Users/Ricardo/Documents/Dissertacao/SAPHOHDL/ula.v Line: 22
    Info (12023): Found entity 2: ula_denorm File: C:/Users/Ricardo/Documents/Dissertacao/SAPHOHDL/ula.v Line: 145
    Info (12023): Found entity 3: ula_nmux File: C:/Users/Ricardo/Documents/Dissertacao/SAPHOHDL/ula.v Line: 193
    Info (12023): Found entity 4: ula_norm File: C:/Users/Ricardo/Documents/Dissertacao/SAPHOHDL/ula.v Line: 210
    Info (12023): Found entity 5: norm_mux File: C:/Users/Ricardo/Documents/Dissertacao/SAPHOHDL/ula.v Line: 246
    Info (12023): Found entity 6: ula_add File: C:/Users/Ricardo/Documents/Dissertacao/SAPHOHDL/ula.v Line: 287
    Info (12023): Found entity 7: ula_fadd File: C:/Users/Ricardo/Documents/Dissertacao/SAPHOHDL/ula.v Line: 301
    Info (12023): Found entity 8: ula_mlt File: C:/Users/Ricardo/Documents/Dissertacao/SAPHOHDL/ula.v Line: 324
    Info (12023): Found entity 9: ula_fmlt File: C:/Users/Ricardo/Documents/Dissertacao/SAPHOHDL/ula.v Line: 338
    Info (12023): Found entity 10: ula_div File: C:/Users/Ricardo/Documents/Dissertacao/SAPHOHDL/ula.v Line: 377
    Info (12023): Found entity 11: ula_fdiv File: C:/Users/Ricardo/Documents/Dissertacao/SAPHOHDL/ula.v Line: 391
    Info (12023): Found entity 12: ula_mod File: C:/Users/Ricardo/Documents/Dissertacao/SAPHOHDL/ula.v Line: 420
    Info (12023): Found entity 13: ula_sgn File: C:/Users/Ricardo/Documents/Dissertacao/SAPHOHDL/ula.v Line: 434
    Info (12023): Found entity 14: ula_fsgn File: C:/Users/Ricardo/Documents/Dissertacao/SAPHOHDL/ula.v Line: 448
    Info (12023): Found entity 15: ula_neg File: C:/Users/Ricardo/Documents/Dissertacao/SAPHOHDL/ula.v Line: 471
    Info (12023): Found entity 16: ula_fneg File: C:/Users/Ricardo/Documents/Dissertacao/SAPHOHDL/ula.v Line: 485
    Info (12023): Found entity 17: ula_abs File: C:/Users/Ricardo/Documents/Dissertacao/SAPHOHDL/ula.v Line: 508
    Info (12023): Found entity 18: ula_fabs File: C:/Users/Ricardo/Documents/Dissertacao/SAPHOHDL/ula.v Line: 522
    Info (12023): Found entity 19: ula_pst File: C:/Users/Ricardo/Documents/Dissertacao/SAPHOHDL/ula.v Line: 541
    Info (12023): Found entity 20: ula_fpst File: C:/Users/Ricardo/Documents/Dissertacao/SAPHOHDL/ula.v Line: 555
    Info (12023): Found entity 21: ula_nrm File: C:/Users/Ricardo/Documents/Dissertacao/SAPHOHDL/ula.v Line: 570
    Info (12023): Found entity 22: ula_i2f File: C:/Users/Ricardo/Documents/Dissertacao/SAPHOHDL/ula.v Line: 585
    Info (12023): Found entity 23: ula_f2i File: C:/Users/Ricardo/Documents/Dissertacao/SAPHOHDL/ula.v Line: 604
    Info (12023): Found entity 24: ula_and File: C:/Users/Ricardo/Documents/Dissertacao/SAPHOHDL/ula.v Line: 635
    Info (12023): Found entity 25: ula_or File: C:/Users/Ricardo/Documents/Dissertacao/SAPHOHDL/ula.v Line: 649
    Info (12023): Found entity 26: ula_xor File: C:/Users/Ricardo/Documents/Dissertacao/SAPHOHDL/ula.v Line: 663
    Info (12023): Found entity 27: ula_inv File: C:/Users/Ricardo/Documents/Dissertacao/SAPHOHDL/ula.v Line: 681
    Info (12023): Found entity 28: ula_lan File: C:/Users/Ricardo/Documents/Dissertacao/SAPHOHDL/ula.v Line: 699
    Info (12023): Found entity 29: ula_lor File: C:/Users/Ricardo/Documents/Dissertacao/SAPHOHDL/ula.v Line: 713
    Info (12023): Found entity 30: ula_lin File: C:/Users/Ricardo/Documents/Dissertacao/SAPHOHDL/ula.v Line: 731
    Info (12023): Found entity 31: ula_les File: C:/Users/Ricardo/Documents/Dissertacao/SAPHOHDL/ula.v Line: 749
    Info (12023): Found entity 32: ula_fles File: C:/Users/Ricardo/Documents/Dissertacao/SAPHOHDL/ula.v Line: 766
    Info (12023): Found entity 33: ula_gre File: C:/Users/Ricardo/Documents/Dissertacao/SAPHOHDL/ula.v Line: 781
    Info (12023): Found entity 34: ula_fgre File: C:/Users/Ricardo/Documents/Dissertacao/SAPHOHDL/ula.v Line: 795
    Info (12023): Found entity 35: ula_equ File: C:/Users/Ricardo/Documents/Dissertacao/SAPHOHDL/ula.v Line: 810
    Info (12023): Found entity 36: ula_shl File: C:/Users/Ricardo/Documents/Dissertacao/SAPHOHDL/ula.v Line: 828
    Info (12023): Found entity 37: ula_shr File: C:/Users/Ricardo/Documents/Dissertacao/SAPHOHDL/ula.v Line: 842
    Info (12023): Found entity 38: ula_srs File: C:/Users/Ricardo/Documents/Dissertacao/SAPHOHDL/ula.v Line: 856
    Info (12023): Found entity 39: ula_frot File: C:/Users/Ricardo/Documents/Dissertacao/SAPHOHDL/ula.v Line: 875
    Info (12023): Found entity 40: ula File: C:/Users/Ricardo/Documents/Dissertacao/SAPHOHDL/ula.v Line: 900
Info (12021): Found 3 design units, including 3 entities, in source file /users/ricardo/documents/dissertacao/saphohdl/processor.v
    Info (12023): Found entity 1: mem_instr File: C:/Users/Ricardo/Documents/Dissertacao/SAPHOHDL/processor.v Line: 23
    Info (12023): Found entity 2: mem_data File: C:/Users/Ricardo/Documents/Dissertacao/SAPHOHDL/processor.v Line: 54
    Info (12023): Found entity 3: processor File: C:/Users/Ricardo/Documents/Dissertacao/SAPHOHDL/processor.v Line: 86
Info (12021): Found 1 design units, including 1 entities, in source file /users/ricardo/documents/dissertacao/saphohdl/myfifo.v
    Info (12023): Found entity 1: myFIFO File: C:/Users/Ricardo/Documents/Dissertacao/SAPHOHDL/myFIFO.v Line: 5
Info (12021): Found 1 design units, including 1 entities, in source file /users/ricardo/documents/dissertacao/saphohdl/instr_dec.v
    Info (12023): Found entity 1: instr_dec File: C:/Users/Ricardo/Documents/Dissertacao/SAPHOHDL/instr_dec.v Line: 1
Info (12021): Found 10 design units, including 10 entities, in source file /users/ricardo/documents/dissertacao/saphohdl/core.v
    Info (12023): Found entity 1: pc File: C:/Users/Ricardo/Documents/Dissertacao/SAPHOHDL/core.v Line: 25
    Info (12023): Found entity 2: prefetch File: C:/Users/Ricardo/Documents/Dissertacao/SAPHOHDL/core.v Line: 55
    Info (12023): Found entity 3: stack File: C:/Users/Ricardo/Documents/Dissertacao/SAPHOHDL/core.v Line: 137
    Info (12023): Found entity 4: instr_fetch File: C:/Users/Ricardo/Documents/Dissertacao/SAPHOHDL/core.v Line: 211
    Info (12023): Found entity 5: ula_in1_ctrl File: C:/Users/Ricardo/Documents/Dissertacao/SAPHOHDL/core.v Line: 302
    Info (12023): Found entity 6: ula_in2_ctrl File: C:/Users/Ricardo/Documents/Dissertacao/SAPHOHDL/core.v Line: 321
    Info (12023): Found entity 7: rel_addr File: C:/Users/Ricardo/Documents/Dissertacao/SAPHOHDL/core.v Line: 341
    Info (12023): Found entity 8: mem_ctrl File: C:/Users/Ricardo/Documents/Dissertacao/SAPHOHDL/core.v Line: 371
    Info (12023): Found entity 9: io_ctrl File: C:/Users/Ricardo/Documents/Dissertacao/SAPHOHDL/core.v Line: 419
    Info (12023): Found entity 10: core File: C:/Users/Ricardo/Documents/Dissertacao/SAPHOHDL/core.v Line: 452
Info (12021): Found 1 design units, including 1 entities, in source file /users/ricardo/documents/dissertacao/saphohdl/addr_dec.v
    Info (12023): Found entity 1: addr_dec File: C:/Users/Ricardo/Documents/Dissertacao/SAPHOHDL/addr_dec.v Line: 1
Info (12021): Found 1 design units, including 1 entities, in source file toplevel_placa.v
    Info (12023): Found entity 1: toplevel_placa File: C:/Users/Ricardo/Documents/Dissertacao/Quartus/toplevel_placa.v Line: 1
Info (12021): Found 1 design units, including 1 entities, in source file pll.v
    Info (12023): Found entity 1: pll File: C:/Users/Ricardo/Documents/Dissertacao/Quartus/pll.v Line: 8
Info (12021): Found 1 design units, including 1 entities, in source file pll/pll_0002.v
    Info (12023): Found entity 1: pll_0002 File: C:/Users/Ricardo/Documents/Dissertacao/Quartus/pll/pll_0002.v Line: 2
Info (12021): Found 1 design units, including 1 entities, in source file rst_proc.v
    Info (12023): Found entity 1: rst_proc File: C:/Users/Ricardo/Documents/Dissertacao/Quartus/rst_proc.v Line: 1
Info (12021): Found 1 design units, including 1 entities, in source file sinal_memoria.v
    Info (12023): Found entity 1: sinal_memoria File: C:/Users/Ricardo/Documents/Dissertacao/Quartus/sinal_memoria.v Line: 1
Critical Warning (10846): Verilog HDL Instantiation warning at toplevel_placa.v(39): instance has no name File: C:/Users/Ricardo/Documents/Dissertacao/Quartus/toplevel_placa.v Line: 39
Info (12127): Elaborating entity "toplevel_placa" for the top level hierarchy
Info (12128): Elaborating entity "pll" for hierarchy "pll:pll" File: C:/Users/Ricardo/Documents/Dissertacao/Quartus/toplevel_placa.v Line: 16
Info (12128): Elaborating entity "pll_0002" for hierarchy "pll:pll|pll_0002:pll_inst" File: C:/Users/Ricardo/Documents/Dissertacao/Quartus/pll.v Line: 20
Info (12128): Elaborating entity "altera_pll" for hierarchy "pll:pll|pll_0002:pll_inst|altera_pll:altera_pll_i" File: C:/Users/Ricardo/Documents/Dissertacao/Quartus/pll/pll_0002.v Line: 85
Info (10008): Verilog HDL or VHDL information: EDA Netlist Writer cannot regroup multidimensional array "wire_to_nowhere_64" into its bus
Info (12130): Elaborated megafunction instantiation "pll:pll|pll_0002:pll_inst|altera_pll:altera_pll_i" File: C:/Users/Ricardo/Documents/Dissertacao/Quartus/pll/pll_0002.v Line: 85
Info (12133): Instantiated megafunction "pll:pll|pll_0002:pll_inst|altera_pll:altera_pll_i" with the following parameter: File: C:/Users/Ricardo/Documents/Dissertacao/Quartus/pll/pll_0002.v Line: 85
    Info (12134): Parameter "fractional_vco_multiplier" = "false"
    Info (12134): Parameter "reference_clock_frequency" = "50.0 MHz"
    Info (12134): Parameter "operation_mode" = "direct"
    Info (12134): Parameter "number_of_clocks" = "1"
    Info (12134): Parameter "output_clock_frequency0" = "10.000000 MHz"
    Info (12134): Parameter "phase_shift0" = "0 ps"
    Info (12134): Parameter "duty_cycle0" = "50"
    Info (12134): Parameter "output_clock_frequency1" = "0 MHz"
    Info (12134): Parameter "phase_shift1" = "0 ps"
    Info (12134): Parameter "duty_cycle1" = "50"
    Info (12134): Parameter "output_clock_frequency2" = "0 MHz"
    Info (12134): Parameter "phase_shift2" = "0 ps"
    Info (12134): Parameter "duty_cycle2" = "50"
    Info (12134): Parameter "output_clock_frequency3" = "0 MHz"
    Info (12134): Parameter "phase_shift3" = "0 ps"
    Info (12134): Parameter "duty_cycle3" = "50"
    Info (12134): Parameter "output_clock_frequency4" = "0 MHz"
    Info (12134): Parameter "phase_shift4" = "0 ps"
    Info (12134): Parameter "duty_cycle4" = "50"
    Info (12134): Parameter "output_clock_frequency5" = "0 MHz"
    Info (12134): Parameter "phase_shift5" = "0 ps"
    Info (12134): Parameter "duty_cycle5" = "50"
    Info (12134): Parameter "output_clock_frequency6" = "0 MHz"
    Info (12134): Parameter "phase_shift6" = "0 ps"
    Info (12134): Parameter "duty_cycle6" = "50"
    Info (12134): Parameter "output_clock_frequency7" = "0 MHz"
    Info (12134): Parameter "phase_shift7" = "0 ps"
    Info (12134): Parameter "duty_cycle7" = "50"
    Info (12134): Parameter "output_clock_frequency8" = "0 MHz"
    Info (12134): Parameter "phase_shift8" = "0 ps"
    Info (12134): Parameter "duty_cycle8" = "50"
    Info (12134): Parameter "output_clock_frequency9" = "0 MHz"
    Info (12134): Parameter "phase_shift9" = "0 ps"
    Info (12134): Parameter "duty_cycle9" = "50"
    Info (12134): Parameter "output_clock_frequency10" = "0 MHz"
    Info (12134): Parameter "phase_shift10" = "0 ps"
    Info (12134): Parameter "duty_cycle10" = "50"
    Info (12134): Parameter "output_clock_frequency11" = "0 MHz"
    Info (12134): Parameter "phase_shift11" = "0 ps"
    Info (12134): Parameter "duty_cycle11" = "50"
    Info (12134): Parameter "output_clock_frequency12" = "0 MHz"
    Info (12134): Parameter "phase_shift12" = "0 ps"
    Info (12134): Parameter "duty_cycle12" = "50"
    Info (12134): Parameter "output_clock_frequency13" = "0 MHz"
    Info (12134): Parameter "phase_shift13" = "0 ps"
    Info (12134): Parameter "duty_cycle13" = "50"
    Info (12134): Parameter "output_clock_frequency14" = "0 MHz"
    Info (12134): Parameter "phase_shift14" = "0 ps"
    Info (12134): Parameter "duty_cycle14" = "50"
    Info (12134): Parameter "output_clock_frequency15" = "0 MHz"
    Info (12134): Parameter "phase_shift15" = "0 ps"
    Info (12134): Parameter "duty_cycle15" = "50"
    Info (12134): Parameter "output_clock_frequency16" = "0 MHz"
    Info (12134): Parameter "phase_shift16" = "0 ps"
    Info (12134): Parameter "duty_cycle16" = "50"
    Info (12134): Parameter "output_clock_frequency17" = "0 MHz"
    Info (12134): Parameter "phase_shift17" = "0 ps"
    Info (12134): Parameter "duty_cycle17" = "50"
    Info (12134): Parameter "pll_type" = "General"
    Info (12134): Parameter "pll_subtype" = "General"
Info (12128): Elaborating entity "rst_proc" for hierarchy "rst_proc:rst_proc" File: C:/Users/Ricardo/Documents/Dissertacao/Quartus/toplevel_placa.v Line: 27
Info (12128): Elaborating entity "sinal_memoria" for hierarchy "sinal_memoria:comb_6" File: C:/Users/Ricardo/Documents/Dissertacao/Quartus/toplevel_placa.v Line: 39
Warning (10030): Net "rom.data_a" at sinal_memoria.v(10) has no driver or initial value, using a default initial value '0' File: C:/Users/Ricardo/Documents/Dissertacao/Quartus/sinal_memoria.v Line: 10
Warning (10030): Net "rom.waddr_a" at sinal_memoria.v(10) has no driver or initial value, using a default initial value '0' File: C:/Users/Ricardo/Documents/Dissertacao/Quartus/sinal_memoria.v Line: 10
Warning (10030): Net "rom.we_a" at sinal_memoria.v(10) has no driver or initial value, using a default initial value '0' File: C:/Users/Ricardo/Documents/Dissertacao/Quartus/sinal_memoria.v Line: 10
Info (12128): Elaborating entity "top_level" for hierarchy "top_level:top_level" File: C:/Users/Ricardo/Documents/Dissertacao/Quartus/toplevel_placa.v Line: 60
Info (12128): Elaborating entity "top_proc_interp" for hierarchy "top_level:top_level|top_proc_interp:top_proc_interp_inst" File: C:/Users/Ricardo/Documents/Dissertacao/Aurora/top_level.v Line: 28
Info (12128): Elaborating entity "proc_interp" for hierarchy "top_level:top_level|top_proc_interp:top_proc_interp_inst|proc_interp:proc_interp_inst" File: C:/Users/Ricardo/Documents/Dissertacao/Aurora/top_proc_interp.v Line: 36
Info (12128): Elaborating entity "processor" for hierarchy "top_level:top_level|top_proc_interp:top_proc_interp_inst|proc_interp:proc_interp_inst|processor:p_proc_interp" File: C:/Users/Ricardo/Documents/Dissertacao/Aurora/proc_interp/Hardware/proc_interp.v Line: 69
Info (12128): Elaborating entity "core" for hierarchy "top_level:top_level|top_proc_interp:top_proc_interp_inst|proc_interp:proc_interp_inst|processor:p_proc_interp|core:core" File: C:/Users/Ricardo/Documents/Dissertacao/SAPHOHDL/processor.v Line: 443
Info (12128): Elaborating entity "instr_fetch" for hierarchy "top_level:top_level|top_proc_interp:top_proc_interp_inst|proc_interp:proc_interp_inst|processor:p_proc_interp|core:core|instr_fetch:instr_fetch" File: C:/Users/Ricardo/Documents/Dissertacao/SAPHOHDL/core.v Line: 691
Info (12128): Elaborating entity "pc" for hierarchy "top_level:top_level|top_proc_interp:top_proc_interp_inst|proc_interp:proc_interp_inst|processor:p_proc_interp|core:core|instr_fetch:instr_fetch|pc:pc" File: C:/Users/Ricardo/Documents/Dissertacao/SAPHOHDL/core.v Line: 255
Info (12128): Elaborating entity "prefetch" for hierarchy "top_level:top_level|top_proc_interp:top_proc_interp_inst|proc_interp:proc_interp_inst|processor:p_proc_interp|core:core|instr_fetch:instr_fetch|prefetch:pf" File: C:/Users/Ricardo/Documents/Dissertacao/SAPHOHDL/core.v Line: 275
Info (12128): Elaborating entity "instr_dec" for hierarchy "top_level:top_level|top_proc_interp:top_proc_interp_inst|proc_interp:proc_interp_inst|processor:p_proc_interp|core:core|instr_dec:id" File: C:/Users/Ricardo/Documents/Dissertacao/SAPHOHDL/core.v Line: 810
Info (12128): Elaborating entity "stack" for hierarchy "top_level:top_level|top_proc_interp:top_proc_interp_inst|proc_interp:proc_interp_inst|processor:p_proc_interp|core:core|stack:sp" File: C:/Users/Ricardo/Documents/Dissertacao/SAPHOHDL/core.v Line: 820
Info (12128): Elaborating entity "ula_in1_ctrl" for hierarchy "top_level:top_level|top_proc_interp:top_proc_interp_inst|proc_interp:proc_interp_inst|processor:p_proc_interp|core:core|ula_in1_ctrl:uic1" File: C:/Users/Ricardo/Documents/Dissertacao/SAPHOHDL/core.v Line: 829
Info (12128): Elaborating entity "ula_in2_ctrl" for hierarchy "top_level:top_level|top_proc_interp:top_proc_interp_inst|proc_interp:proc_interp_inst|processor:p_proc_interp|core:core|ula_in2_ctrl:uic2" File: C:/Users/Ricardo/Documents/Dissertacao/SAPHOHDL/core.v Line: 833
Info (12128): Elaborating entity "ula" for hierarchy "top_level:top_level|top_proc_interp:top_proc_interp_inst|proc_interp:proc_interp_inst|processor:p_proc_interp|core:core|ula:ula" File: C:/Users/Ricardo/Documents/Dissertacao/SAPHOHDL/core.v Line: 892
Info (12128): Elaborating entity "ula_denorm" for hierarchy "top_level:top_level|top_proc_interp:top_proc_interp_inst|proc_interp:proc_interp_inst|processor:p_proc_interp|core:core|ula:ula|ula_denorm:denorm" File: C:/Users/Ricardo/Documents/Dissertacao/SAPHOHDL/ula.v Line: 988
Info (12128): Elaborating entity "ula_add" for hierarchy "top_level:top_level|top_proc_interp:top_proc_interp_inst|proc_interp:proc_interp_inst|processor:p_proc_interp|core:core|ula:ula|ula_add:my_add" File: C:/Users/Ricardo/Documents/Dissertacao/SAPHOHDL/ula.v Line: 994
Info (12128): Elaborating entity "ula_fadd" for hierarchy "top_level:top_level|top_proc_interp:top_proc_interp_inst|proc_interp:proc_interp_inst|processor:p_proc_interp|core:core|ula:ula|ula_fadd:my_fadd" File: C:/Users/Ricardo/Documents/Dissertacao/SAPHOHDL/ula.v Line: 1000
Info (12128): Elaborating entity "ula_fmlt" for hierarchy "top_level:top_level|top_proc_interp:top_proc_interp_inst|proc_interp:proc_interp_inst|processor:p_proc_interp|core:core|ula:ula|ula_fmlt:my_fmlt" File: C:/Users/Ricardo/Documents/Dissertacao/SAPHOHDL/ula.v Line: 1012
Info (12128): Elaborating entity "ula_fdiv" for hierarchy "top_level:top_level|top_proc_interp:top_proc_interp_inst|proc_interp:proc_interp_inst|processor:p_proc_interp|core:core|ula:ula|ula_fdiv:my_fdiv" File: C:/Users/Ricardo/Documents/Dissertacao/SAPHOHDL/ula.v Line: 1024
Warning (10230): Verilog HDL assignment warning at ula.v(411): truncated value with size 32 to match size of target (8) File: C:/Users/Ricardo/Documents/Dissertacao/SAPHOHDL/ula.v Line: 411
Info (12128): Elaborating entity "ula_fneg" for hierarchy "top_level:top_level|top_proc_interp:top_proc_interp_inst|proc_interp:proc_interp_inst|processor:p_proc_interp|core:core|ula:ula|ula_fneg:my_fneg" File: C:/Users/Ricardo/Documents/Dissertacao/SAPHOHDL/ula.v Line: 1060
Info (12128): Elaborating entity "ula_i2f" for hierarchy "top_level:top_level|top_proc_interp:top_proc_interp_inst|proc_interp:proc_interp_inst|processor:p_proc_interp|core:core|ula:ula|ula_i2f:my_i2f" File: C:/Users/Ricardo/Documents/Dissertacao/SAPHOHDL/ula.v Line: 1132
Info (12128): Elaborating entity "ula_f2i" for hierarchy "top_level:top_level|top_proc_interp:top_proc_interp_inst|proc_interp:proc_interp_inst|processor:p_proc_interp|core:core|ula:ula|ula_f2i:my_f2i" File: C:/Users/Ricardo/Documents/Dissertacao/SAPHOHDL/ula.v Line: 1144
Info (12128): Elaborating entity "ula_lin" for hierarchy "top_level:top_level|top_proc_interp:top_proc_interp_inst|proc_interp:proc_interp_inst|processor:p_proc_interp|core:core|ula:ula|ula_lin:my_lin" File: C:/Users/Ricardo/Documents/Dissertacao/SAPHOHDL/ula.v Line: 1198
Info (12128): Elaborating entity "ula_les" for hierarchy "top_level:top_level|top_proc_interp:top_proc_interp_inst|proc_interp:proc_interp_inst|processor:p_proc_interp|core:core|ula:ula|ula_les:my_les" File: C:/Users/Ricardo/Documents/Dissertacao/SAPHOHDL/ula.v Line: 1210
Info (12128): Elaborating entity "ula_fles" for hierarchy "top_level:top_level|top_proc_interp:top_proc_interp_inst|proc_interp:proc_interp_inst|processor:p_proc_interp|core:core|ula:ula|ula_fles:my_fles" File: C:/Users/Ricardo/Documents/Dissertacao/SAPHOHDL/ula.v Line: 1216
Info (12128): Elaborating entity "ula_gre" for hierarchy "top_level:top_level|top_proc_interp:top_proc_interp_inst|proc_interp:proc_interp_inst|processor:p_proc_interp|core:core|ula:ula|ula_gre:my_gre" File: C:/Users/Ricardo/Documents/Dissertacao/SAPHOHDL/ula.v Line: 1222
Info (12128): Elaborating entity "ula_equ" for hierarchy "top_level:top_level|top_proc_interp:top_proc_interp_inst|proc_interp:proc_interp_inst|processor:p_proc_interp|core:core|ula:ula|ula_equ:my_equ" File: C:/Users/Ricardo/Documents/Dissertacao/SAPHOHDL/ula.v Line: 1234
Info (12128): Elaborating entity "norm_mux" for hierarchy "top_level:top_level|top_proc_interp:top_proc_interp_inst|proc_interp:proc_interp_inst|processor:p_proc_interp|core:core|ula:ula|norm_mux:norm_mux" File: C:/Users/Ricardo/Documents/Dissertacao/SAPHOHDL/ula.v Line: 1264
Info (12128): Elaborating entity "ula_norm" for hierarchy "top_level:top_level|top_proc_interp:top_proc_interp_inst|proc_interp:proc_interp_inst|processor:p_proc_interp|core:core|ula:ula|norm_mux:norm_mux|ula_norm:ula_norm" File: C:/Users/Ricardo/Documents/Dissertacao/SAPHOHDL/ula.v Line: 277
Info (12128): Elaborating entity "ula_nmux" for hierarchy "top_level:top_level|top_proc_interp:top_proc_interp_inst|proc_interp:proc_interp_inst|processor:p_proc_interp|core:core|ula:ula|norm_mux:norm_mux|ula_norm:ula_norm|ula_nmux:mm1" File: C:/Users/Ricardo/Documents/Dissertacao/SAPHOHDL/ula.v Line: 230
Info (12128): Elaborating entity "ula_nmux" for hierarchy "top_level:top_level|top_proc_interp:top_proc_interp_inst|proc_interp:proc_interp_inst|processor:p_proc_interp|core:core|ula:ula|norm_mux:norm_mux|ula_norm:ula_norm|ula_nmux:norm[1].mm" File: C:/Users/Ricardo/Documents/Dissertacao/SAPHOHDL/ula.v Line: 236
Info (12128): Elaborating entity "ula_nmux" for hierarchy "top_level:top_level|top_proc_interp:top_proc_interp_inst|proc_interp:proc_interp_inst|processor:p_proc_interp|core:core|ula:ula|norm_mux:norm_mux|ula_norm:ula_norm|ula_nmux:norm[2].mm" File: C:/Users/Ricardo/Documents/Dissertacao/SAPHOHDL/ula.v Line: 236
Info (12128): Elaborating entity "ula_nmux" for hierarchy "top_level:top_level|top_proc_interp:top_proc_interp_inst|proc_interp:proc_interp_inst|processor:p_proc_interp|core:core|ula:ula|norm_mux:norm_mux|ula_norm:ula_norm|ula_nmux:norm[3].mm" File: C:/Users/Ricardo/Documents/Dissertacao/SAPHOHDL/ula.v Line: 236
Info (12128): Elaborating entity "ula_nmux" for hierarchy "top_level:top_level|top_proc_interp:top_proc_interp_inst|proc_interp:proc_interp_inst|processor:p_proc_interp|core:core|ula:ula|norm_mux:norm_mux|ula_norm:ula_norm|ula_nmux:norm[4].mm" File: C:/Users/Ricardo/Documents/Dissertacao/SAPHOHDL/ula.v Line: 236
Info (12128): Elaborating entity "ula_nmux" for hierarchy "top_level:top_level|top_proc_interp:top_proc_interp_inst|proc_interp:proc_interp_inst|processor:p_proc_interp|core:core|ula:ula|norm_mux:norm_mux|ula_norm:ula_norm|ula_nmux:norm[5].mm" File: C:/Users/Ricardo/Documents/Dissertacao/SAPHOHDL/ula.v Line: 236
Info (12128): Elaborating entity "ula_nmux" for hierarchy "top_level:top_level|top_proc_interp:top_proc_interp_inst|proc_interp:proc_interp_inst|processor:p_proc_interp|core:core|ula:ula|norm_mux:norm_mux|ula_norm:ula_norm|ula_nmux:norm[6].mm" File: C:/Users/Ricardo/Documents/Dissertacao/SAPHOHDL/ula.v Line: 236
Info (12128): Elaborating entity "ula_nmux" for hierarchy "top_level:top_level|top_proc_interp:top_proc_interp_inst|proc_interp:proc_interp_inst|processor:p_proc_interp|core:core|ula:ula|norm_mux:norm_mux|ula_norm:ula_norm|ula_nmux:norm[7].mm" File: C:/Users/Ricardo/Documents/Dissertacao/SAPHOHDL/ula.v Line: 236
Info (12128): Elaborating entity "ula_nmux" for hierarchy "top_level:top_level|top_proc_interp:top_proc_interp_inst|proc_interp:proc_interp_inst|processor:p_proc_interp|core:core|ula:ula|norm_mux:norm_mux|ula_norm:ula_norm|ula_nmux:norm[8].mm" File: C:/Users/Ricardo/Documents/Dissertacao/SAPHOHDL/ula.v Line: 236
Info (12128): Elaborating entity "ula_nmux" for hierarchy "top_level:top_level|top_proc_interp:top_proc_interp_inst|proc_interp:proc_interp_inst|processor:p_proc_interp|core:core|ula:ula|norm_mux:norm_mux|ula_norm:ula_norm|ula_nmux:norm[9].mm" File: C:/Users/Ricardo/Documents/Dissertacao/SAPHOHDL/ula.v Line: 236
Info (12128): Elaborating entity "ula_nmux" for hierarchy "top_level:top_level|top_proc_interp:top_proc_interp_inst|proc_interp:proc_interp_inst|processor:p_proc_interp|core:core|ula:ula|norm_mux:norm_mux|ula_norm:ula_norm|ula_nmux:norm[10].mm" File: C:/Users/Ricardo/Documents/Dissertacao/SAPHOHDL/ula.v Line: 236
Info (12128): Elaborating entity "ula_nmux" for hierarchy "top_level:top_level|top_proc_interp:top_proc_interp_inst|proc_interp:proc_interp_inst|processor:p_proc_interp|core:core|ula:ula|norm_mux:norm_mux|ula_norm:ula_norm|ula_nmux:norm[11].mm" File: C:/Users/Ricardo/Documents/Dissertacao/SAPHOHDL/ula.v Line: 236
Info (12128): Elaborating entity "ula_nmux" for hierarchy "top_level:top_level|top_proc_interp:top_proc_interp_inst|proc_interp:proc_interp_inst|processor:p_proc_interp|core:core|ula:ula|norm_mux:norm_mux|ula_norm:ula_norm|ula_nmux:norm[12].mm" File: C:/Users/Ricardo/Documents/Dissertacao/SAPHOHDL/ula.v Line: 236
Info (12128): Elaborating entity "ula_nmux" for hierarchy "top_level:top_level|top_proc_interp:top_proc_interp_inst|proc_interp:proc_interp_inst|processor:p_proc_interp|core:core|ula:ula|norm_mux:norm_mux|ula_norm:ula_norm|ula_nmux:norm[13].mm" File: C:/Users/Ricardo/Documents/Dissertacao/SAPHOHDL/ula.v Line: 236
Info (12128): Elaborating entity "ula_nmux" for hierarchy "top_level:top_level|top_proc_interp:top_proc_interp_inst|proc_interp:proc_interp_inst|processor:p_proc_interp|core:core|ula:ula|norm_mux:norm_mux|ula_norm:ula_norm|ula_nmux:norm[14].mm" File: C:/Users/Ricardo/Documents/Dissertacao/SAPHOHDL/ula.v Line: 236
Info (12128): Elaborating entity "ula_nmux" for hierarchy "top_level:top_level|top_proc_interp:top_proc_interp_inst|proc_interp:proc_interp_inst|processor:p_proc_interp|core:core|ula:ula|norm_mux:norm_mux|ula_norm:ula_norm|ula_nmux:norm[15].mm" File: C:/Users/Ricardo/Documents/Dissertacao/SAPHOHDL/ula.v Line: 236
Info (12128): Elaborating entity "ula_nmux" for hierarchy "top_level:top_level|top_proc_interp:top_proc_interp_inst|proc_interp:proc_interp_inst|processor:p_proc_interp|core:core|ula:ula|norm_mux:norm_mux|ula_norm:ula_norm|ula_nmux:norm[16].mm" File: C:/Users/Ricardo/Documents/Dissertacao/SAPHOHDL/ula.v Line: 236
Info (12128): Elaborating entity "ula_nmux" for hierarchy "top_level:top_level|top_proc_interp:top_proc_interp_inst|proc_interp:proc_interp_inst|processor:p_proc_interp|core:core|ula:ula|norm_mux:norm_mux|ula_norm:ula_norm|ula_nmux:norm[17].mm" File: C:/Users/Ricardo/Documents/Dissertacao/SAPHOHDL/ula.v Line: 236
Info (12128): Elaborating entity "ula_nmux" for hierarchy "top_level:top_level|top_proc_interp:top_proc_interp_inst|proc_interp:proc_interp_inst|processor:p_proc_interp|core:core|ula:ula|norm_mux:norm_mux|ula_norm:ula_norm|ula_nmux:norm[18].mm" File: C:/Users/Ricardo/Documents/Dissertacao/SAPHOHDL/ula.v Line: 236
Info (12128): Elaborating entity "ula_nmux" for hierarchy "top_level:top_level|top_proc_interp:top_proc_interp_inst|proc_interp:proc_interp_inst|processor:p_proc_interp|core:core|ula:ula|norm_mux:norm_mux|ula_norm:ula_norm|ula_nmux:norm[19].mm" File: C:/Users/Ricardo/Documents/Dissertacao/SAPHOHDL/ula.v Line: 236
Info (12128): Elaborating entity "ula_nmux" for hierarchy "top_level:top_level|top_proc_interp:top_proc_interp_inst|proc_interp:proc_interp_inst|processor:p_proc_interp|core:core|ula:ula|norm_mux:norm_mux|ula_norm:ula_norm|ula_nmux:norm[20].mm" File: C:/Users/Ricardo/Documents/Dissertacao/SAPHOHDL/ula.v Line: 236
Info (12128): Elaborating entity "ula_nmux" for hierarchy "top_level:top_level|top_proc_interp:top_proc_interp_inst|proc_interp:proc_interp_inst|processor:p_proc_interp|core:core|ula:ula|norm_mux:norm_mux|ula_norm:ula_norm|ula_nmux:norm[21].mm" File: C:/Users/Ricardo/Documents/Dissertacao/SAPHOHDL/ula.v Line: 236
Info (12128): Elaborating entity "ula_mux" for hierarchy "top_level:top_level|top_proc_interp:top_proc_interp_inst|proc_interp:proc_interp_inst|processor:p_proc_interp|core:core|ula:ula|ula_mux:ula_mux" File: C:/Users/Ricardo/Documents/Dissertacao/SAPHOHDL/ula.v Line: 1294
Info (12128): Elaborating entity "mem_ctrl" for hierarchy "top_level:top_level|top_proc_interp:top_proc_interp_inst|proc_interp:proc_interp_inst|processor:p_proc_interp|core:core|mem_ctrl:ac" File: C:/Users/Ricardo/Documents/Dissertacao/SAPHOHDL/core.v Line: 923
Info (12128): Elaborating entity "rel_addr" for hierarchy "top_level:top_level|top_proc_interp:top_proc_interp_inst|proc_interp:proc_interp_inst|processor:p_proc_interp|core:core|mem_ctrl:ac|rel_addr:ra_rd" File: C:/Users/Ricardo/Documents/Dissertacao/SAPHOHDL/core.v Line: 397
Info (12128): Elaborating entity "io_ctrl" for hierarchy "top_level:top_level|top_proc_interp:top_proc_interp_inst|proc_interp:proc_interp_inst|processor:p_proc_interp|core:core|io_ctrl:io" File: C:/Users/Ricardo/Documents/Dissertacao/SAPHOHDL/core.v Line: 943
Info (12128): Elaborating entity "mem_instr" for hierarchy "top_level:top_level|top_proc_interp:top_proc_interp_inst|proc_interp:proc_interp_inst|processor:p_proc_interp|mem_instr:minstr" File: C:/Users/Ricardo/Documents/Dissertacao/SAPHOHDL/processor.v Line: 449
Info (12128): Elaborating entity "mem_data" for hierarchy "top_level:top_level|top_proc_interp:top_proc_interp_inst|proc_interp:proc_interp_inst|processor:p_proc_interp|mem_data:mdata" File: C:/Users/Ricardo/Documents/Dissertacao/SAPHOHDL/processor.v Line: 455
Info (12128): Elaborating entity "addr_dec" for hierarchy "top_level:top_level|top_proc_interp:top_proc_interp_inst|proc_interp:proc_interp_inst|addr_dec:dec_out" File: C:/Users/Ricardo/Documents/Dissertacao/Aurora/proc_interp/Hardware/proc_interp.v Line: 73
Info (12128): Elaborating entity "myFIFO" for hierarchy "top_level:top_level|myFIFO:FIFO16x32_inst_my" File: C:/Users/Ricardo/Documents/Dissertacao/Aurora/top_level.v Line: 50
Info (12128): Elaborating entity "maq_estados" for hierarchy "top_level:top_level|maq_estados:apelido_maq_estados" File: C:/Users/Ricardo/Documents/Dissertacao/Aurora/top_level.v Line: 60
Info (12128): Elaborating entity "top_proc_banco" for hierarchy "top_level:top_level|top_proc_banco:top_proc_banco_inst" File: C:/Users/Ricardo/Documents/Dissertacao/Aurora/top_level.v Line: 72
Info (12128): Elaborating entity "proc_banco" for hierarchy "top_level:top_level|top_proc_banco:top_proc_banco_inst|proc_banco:proc_banco_inst" File: C:/Users/Ricardo/Documents/Dissertacao/Aurora/top_proc_banco.v Line: 36
Info (12128): Elaborating entity "processor" for hierarchy "top_level:top_level|top_proc_banco:top_proc_banco_inst|proc_banco:proc_banco_inst|processor:p_proc_banco" File: C:/Users/Ricardo/Documents/Dissertacao/Aurora/proc_banco/Hardware/proc_banco.v Line: 70
Info (12128): Elaborating entity "core" for hierarchy "top_level:top_level|top_proc_banco:top_proc_banco_inst|proc_banco:proc_banco_inst|processor:p_proc_banco|core:core" File: C:/Users/Ricardo/Documents/Dissertacao/SAPHOHDL/processor.v Line: 443
Info (12128): Elaborating entity "instr_fetch" for hierarchy "top_level:top_level|top_proc_banco:top_proc_banco_inst|proc_banco:proc_banco_inst|processor:p_proc_banco|core:core|instr_fetch:instr_fetch" File: C:/Users/Ricardo/Documents/Dissertacao/SAPHOHDL/core.v Line: 691
Info (12128): Elaborating entity "pc" for hierarchy "top_level:top_level|top_proc_banco:top_proc_banco_inst|proc_banco:proc_banco_inst|processor:p_proc_banco|core:core|instr_fetch:instr_fetch|pc:pc" File: C:/Users/Ricardo/Documents/Dissertacao/SAPHOHDL/core.v Line: 255
Info (12128): Elaborating entity "prefetch" for hierarchy "top_level:top_level|top_proc_banco:top_proc_banco_inst|proc_banco:proc_banco_inst|processor:p_proc_banco|core:core|instr_fetch:instr_fetch|prefetch:pf" File: C:/Users/Ricardo/Documents/Dissertacao/SAPHOHDL/core.v Line: 275
Info (12128): Elaborating entity "instr_dec" for hierarchy "top_level:top_level|top_proc_banco:top_proc_banco_inst|proc_banco:proc_banco_inst|processor:p_proc_banco|core:core|instr_dec:id" File: C:/Users/Ricardo/Documents/Dissertacao/SAPHOHDL/core.v Line: 810
Info (12128): Elaborating entity "ula" for hierarchy "top_level:top_level|top_proc_banco:top_proc_banco_inst|proc_banco:proc_banco_inst|processor:p_proc_banco|core:core|ula:ula" File: C:/Users/Ricardo/Documents/Dissertacao/SAPHOHDL/core.v Line: 892
Info (12128): Elaborating entity "ula_mlt" for hierarchy "top_level:top_level|top_proc_banco:top_proc_banco_inst|proc_banco:proc_banco_inst|processor:p_proc_banco|core:core|ula:ula|ula_mlt:my_mlt" File: C:/Users/Ricardo/Documents/Dissertacao/SAPHOHDL/ula.v Line: 1006
Info (12128): Elaborating entity "ula_neg" for hierarchy "top_level:top_level|top_proc_banco:top_proc_banco_inst|proc_banco:proc_banco_inst|processor:p_proc_banco|core:core|ula:ula|ula_neg:my_negm" File: C:/Users/Ricardo/Documents/Dissertacao/SAPHOHDL/ula.v Line: 1054
Info (12128): Elaborating entity "ula_fgre" for hierarchy "top_level:top_level|top_proc_banco:top_proc_banco_inst|proc_banco:proc_banco_inst|processor:p_proc_banco|core:core|ula:ula|ula_fgre:my_fgre" File: C:/Users/Ricardo/Documents/Dissertacao/SAPHOHDL/ula.v Line: 1228
Info (12128): Elaborating entity "mem_ctrl" for hierarchy "top_level:top_level|top_proc_banco:top_proc_banco_inst|proc_banco:proc_banco_inst|processor:p_proc_banco|core:core|mem_ctrl:ac" File: C:/Users/Ricardo/Documents/Dissertacao/SAPHOHDL/core.v Line: 923
Info (12128): Elaborating entity "rel_addr" for hierarchy "top_level:top_level|top_proc_banco:top_proc_banco_inst|proc_banco:proc_banco_inst|processor:p_proc_banco|core:core|mem_ctrl:ac|rel_addr:ra_rd" File: C:/Users/Ricardo/Documents/Dissertacao/SAPHOHDL/core.v Line: 397
Info (12128): Elaborating entity "io_ctrl" for hierarchy "top_level:top_level|top_proc_banco:top_proc_banco_inst|proc_banco:proc_banco_inst|processor:p_proc_banco|core:core|io_ctrl:io" File: C:/Users/Ricardo/Documents/Dissertacao/SAPHOHDL/core.v Line: 943
Info (12128): Elaborating entity "mem_instr" for hierarchy "top_level:top_level|top_proc_banco:top_proc_banco_inst|proc_banco:proc_banco_inst|processor:p_proc_banco|mem_instr:minstr" File: C:/Users/Ricardo/Documents/Dissertacao/SAPHOHDL/processor.v Line: 449
Info (12128): Elaborating entity "mem_data" for hierarchy "top_level:top_level|top_proc_banco:top_proc_banco_inst|proc_banco:proc_banco_inst|processor:p_proc_banco|mem_data:mdata" File: C:/Users/Ricardo/Documents/Dissertacao/SAPHOHDL/processor.v Line: 455
Info (12128): Elaborating entity "addr_dec" for hierarchy "top_level:top_level|top_proc_banco:top_proc_banco_inst|proc_banco:proc_banco_inst|addr_dec:dec_out" File: C:/Users/Ricardo/Documents/Dissertacao/Aurora/proc_banco/Hardware/proc_banco.v Line: 74
Info (12021): Found 1 design units, including 1 entities, in source file db/altsyncram_ol84.tdf
    Info (12023): Found entity 1: altsyncram_ol84 File: C:/Users/Ricardo/Documents/Dissertacao/Quartus/db/altsyncram_ol84.tdf Line: 32
Info (12021): Found 1 design units, including 1 entities, in source file db/decode_dla.tdf
    Info (12023): Found entity 1: decode_dla File: C:/Users/Ricardo/Documents/Dissertacao/Quartus/db/decode_dla.tdf Line: 23
Info (12021): Found 1 design units, including 1 entities, in source file db/mux_ghb.tdf
    Info (12023): Found entity 1: mux_ghb File: C:/Users/Ricardo/Documents/Dissertacao/Quartus/db/mux_ghb.tdf Line: 23
Info (12021): Found 1 design units, including 1 entities, in source file db/mux_elc.tdf
    Info (12023): Found entity 1: mux_elc File: C:/Users/Ricardo/Documents/Dissertacao/Quartus/db/mux_elc.tdf Line: 23
Info (12021): Found 1 design units, including 1 entities, in source file db/decode_vnf.tdf
    Info (12023): Found entity 1: decode_vnf File: C:/Users/Ricardo/Documents/Dissertacao/Quartus/db/decode_vnf.tdf Line: 23
Info (12021): Found 1 design units, including 1 entities, in source file db/cntr_79i.tdf
    Info (12023): Found entity 1: cntr_79i File: C:/Users/Ricardo/Documents/Dissertacao/Quartus/db/cntr_79i.tdf Line: 28
Info (12021): Found 1 design units, including 1 entities, in source file db/cmpr_e9c.tdf
    Info (12023): Found entity 1: cmpr_e9c File: C:/Users/Ricardo/Documents/Dissertacao/Quartus/db/cmpr_e9c.tdf Line: 23
Info (12021): Found 1 design units, including 1 entities, in source file db/cntr_24j.tdf
    Info (12023): Found entity 1: cntr_24j File: C:/Users/Ricardo/Documents/Dissertacao/Quartus/db/cntr_24j.tdf Line: 26
Info (12021): Found 1 design units, including 1 entities, in source file db/cntr_29i.tdf
    Info (12023): Found entity 1: cntr_29i File: C:/Users/Ricardo/Documents/Dissertacao/Quartus/db/cntr_29i.tdf Line: 28
Info (12021): Found 1 design units, including 1 entities, in source file db/cntr_kri.tdf
    Info (12023): Found entity 1: cntr_kri File: C:/Users/Ricardo/Documents/Dissertacao/Quartus/db/cntr_kri.tdf Line: 28
Info (12021): Found 1 design units, including 1 entities, in source file db/cmpr_99c.tdf
    Info (12023): Found entity 1: cmpr_99c File: C:/Users/Ricardo/Documents/Dissertacao/Quartus/db/cmpr_99c.tdf Line: 23
Info (12033): Analysis and Synthesis generated Signal Tap or debug node instance "auto_signaltap_0"
Info (11170): Starting IP generation for the debug fabric: alt_sld_fab.
Info (11172): 2026.06.02.16:22:39 Progress: Loading sld9c8762f3/alt_sld_fab_wrapper_hw.tcl
Info (11172): Alt_sld_fab.alt_sld_fab: SLD fabric agents which did not specify prefer_host were connected to JTAG
Info (11172): Alt_sld_fab: Generating alt_sld_fab "alt_sld_fab" for QUARTUS_SYNTH
Info (11172): Alt_sld_fab: "alt_sld_fab" instantiated alt_sld_fab "alt_sld_fab"
Info (11172): Presplit: "alt_sld_fab" instantiated altera_super_splitter "presplit"
Info (11172): Splitter: "alt_sld_fab" instantiated altera_sld_splitter "splitter"
Info (11172): Sldfabric: "alt_sld_fab" instantiated altera_sld_jtag_hub "sldfabric"
Info (11172): Ident: "alt_sld_fab" instantiated altera_connection_identification_hub "ident"
Info (11172): Alt_sld_fab: Done "alt_sld_fab" with 6 modules, 6 files
Info (11171): Finished IP generation for the debug fabric: alt_sld_fab.
Info (12021): Found 1 design units, including 1 entities, in source file db/ip/sld9c8762f3/alt_sld_fab.v
    Info (12023): Found entity 1: alt_sld_fab File: C:/Users/Ricardo/Documents/Dissertacao/Quartus/db/ip/sld9c8762f3/alt_sld_fab.v Line: 9
Info (12021): Found 1 design units, including 1 entities, in source file db/ip/sld9c8762f3/submodules/alt_sld_fab_alt_sld_fab.v
    Info (12023): Found entity 1: alt_sld_fab_alt_sld_fab File: C:/Users/Ricardo/Documents/Dissertacao/Quartus/db/ip/sld9c8762f3/submodules/alt_sld_fab_alt_sld_fab.v Line: 9
Info (12021): Found 1 design units, including 1 entities, in source file db/ip/sld9c8762f3/submodules/alt_sld_fab_alt_sld_fab_ident.sv
    Info (12023): Found entity 1: alt_sld_fab_alt_sld_fab_ident File: C:/Users/Ricardo/Documents/Dissertacao/Quartus/db/ip/sld9c8762f3/submodules/alt_sld_fab_alt_sld_fab_ident.sv Line: 33
Info (12021): Found 1 design units, including 1 entities, in source file db/ip/sld9c8762f3/submodules/alt_sld_fab_alt_sld_fab_presplit.sv
    Info (12023): Found entity 1: alt_sld_fab_alt_sld_fab_presplit File: C:/Users/Ricardo/Documents/Dissertacao/Quartus/db/ip/sld9c8762f3/submodules/alt_sld_fab_alt_sld_fab_presplit.sv Line: 3
Info (12021): Found 2 design units, including 1 entities, in source file db/ip/sld9c8762f3/submodules/alt_sld_fab_alt_sld_fab_sldfabric.vhd
    Info (12022): Found design unit 1: alt_sld_fab_alt_sld_fab_sldfabric-rtl File: C:/Users/Ricardo/Documents/Dissertacao/Quartus/db/ip/sld9c8762f3/submodules/alt_sld_fab_alt_sld_fab_sldfabric.vhd Line: 102
    Info (12023): Found entity 1: alt_sld_fab_alt_sld_fab_sldfabric File: C:/Users/Ricardo/Documents/Dissertacao/Quartus/db/ip/sld9c8762f3/submodules/alt_sld_fab_alt_sld_fab_sldfabric.vhd Line: 11
Info (12021): Found 1 design units, including 1 entities, in source file db/ip/sld9c8762f3/submodules/alt_sld_fab_alt_sld_fab_splitter.sv
    Info (12023): Found entity 1: alt_sld_fab_alt_sld_fab_splitter File: C:/Users/Ricardo/Documents/Dissertacao/Quartus/db/ip/sld9c8762f3/submodules/alt_sld_fab_alt_sld_fab_splitter.sv Line: 3
Info (13014): Ignored 2016 buffer(s)
    Info (13019): Ignored 2016 SOFT buffer(s)
Warning (276020): Inferred RAM node "top_level:top_level|myFIFO:FIFO16x32_inst_my|mem_rtl_0" from synchronous design logic.  Pass-through logic has been added to match the read-during-write behavior of the original design.
Info (276014): Found 2 instances of uninferred RAM logic
    Info (276007): RAM logic "top_level:top_level|top_proc_banco:top_proc_banco_inst|proc_banco:proc_banco_inst|processor:p_proc_banco|core:core|stack:sp|mem" is uninferred due to asynchronous read logic File: C:/Users/Ricardo/Documents/Dissertacao/SAPHOHDL/core.v Line: 156
    Info (276007): RAM logic "top_level:top_level|top_proc_interp:top_proc_interp_inst|proc_interp:proc_interp_inst|processor:p_proc_interp|core:core|stack:sp|mem" is uninferred due to asynchronous read logic File: C:/Users/Ricardo/Documents/Dissertacao/SAPHOHDL/core.v Line: 156
Info (284007): State machine "|toplevel_placa|top_level:top_level|maq_estados:apelido_maq_estados|state" will be implemented as a safe state machine. File: C:/Users/Ricardo/Documents/Dissertacao/Aurora/maq_estados.v Line: 11
Info (19000): Inferred 6 megafunctions from design logic
    Info (276029): Inferred altsyncram megafunction from the following design logic: "top_level:top_level|top_proc_banco:top_proc_banco_inst|proc_banco:proc_banco_inst|processor:p_proc_banco|mem_data:mdata|mem_rtl_0" 
        Info (286033): Parameter OPERATION_MODE set to DUAL_PORT
        Info (286033): Parameter WIDTH_A set to 32
        Info (286033): Parameter WIDTHAD_A set to 13
        Info (286033): Parameter NUMWORDS_A set to 5669
        Info (286033): Parameter WIDTH_B set to 32
        Info (286033): Parameter WIDTHAD_B set to 13
        Info (286033): Parameter NUMWORDS_B set to 5669
        Info (286033): Parameter ADDRESS_ACLR_A set to NONE
        Info (286033): Parameter OUTDATA_REG_B set to UNREGISTERED
        Info (286033): Parameter ADDRESS_ACLR_B set to NONE
        Info (286033): Parameter OUTDATA_ACLR_B set to NONE
        Info (286033): Parameter ADDRESS_REG_B set to CLOCK0
        Info (286033): Parameter INDATA_ACLR_A set to NONE
        Info (286033): Parameter WRCONTROL_ACLR_A set to NONE
        Info (286033): Parameter INIT_FILE set to db/hpe.ram0_mem_data_5212d04b.hdl.mif
        Info (286033): Parameter READ_DURING_WRITE_MODE_MIXED_PORTS set to OLD_DATA
    Info (276029): Inferred altsyncram megafunction from the following design logic: "top_level:top_level|top_proc_banco:top_proc_banco_inst|proc_banco:proc_banco_inst|processor:p_proc_banco|mem_instr:minstr|mem_rtl_0" 
        Info (286033): Parameter OPERATION_MODE set to ROM
        Info (286033): Parameter WIDTH_A set to 20
        Info (286033): Parameter WIDTHAD_A set to 9
        Info (286033): Parameter NUMWORDS_A set to 369
        Info (286033): Parameter OUTDATA_REG_A set to UNREGISTERED
        Info (286033): Parameter ADDRESS_ACLR_A set to NONE
        Info (286033): Parameter OUTDATA_ACLR_A set to NONE
        Info (286033): Parameter INDATA_ACLR_A set to NONE
        Info (286033): Parameter WRCONTROL_ACLR_A set to NONE
        Info (286033): Parameter INIT_FILE set to db/hpe.ram0_mem_instr_d55c1a92.hdl.mif
    Info (276029): Inferred altsyncram megafunction from the following design logic: "top_level:top_level|myFIFO:FIFO16x32_inst_my|mem_rtl_0" 
        Info (286033): Parameter OPERATION_MODE set to DUAL_PORT
        Info (286033): Parameter WIDTH_A set to 32
        Info (286033): Parameter WIDTHAD_A set to 8
        Info (286033): Parameter NUMWORDS_A set to 256
        Info (286033): Parameter WIDTH_B set to 32
        Info (286033): Parameter WIDTHAD_B set to 8
        Info (286033): Parameter NUMWORDS_B set to 256
        Info (286033): Parameter ADDRESS_ACLR_A set to NONE
        Info (286033): Parameter OUTDATA_REG_B set to UNREGISTERED
        Info (286033): Parameter ADDRESS_ACLR_B set to NONE
        Info (286033): Parameter OUTDATA_ACLR_B set to NONE
        Info (286033): Parameter ADDRESS_REG_B set to CLOCK0
        Info (286033): Parameter INDATA_ACLR_A set to NONE
        Info (286033): Parameter WRCONTROL_ACLR_A set to NONE
    Info (276029): Inferred altsyncram megafunction from the following design logic: "top_level:top_level|top_proc_interp:top_proc_interp_inst|proc_interp:proc_interp_inst|processor:p_proc_interp|mem_data:mdata|mem_rtl_0" 
        Info (286033): Parameter OPERATION_MODE set to DUAL_PORT
        Info (286033): Parameter WIDTH_A set to 32
        Info (286033): Parameter WIDTHAD_A set to 10
        Info (286033): Parameter NUMWORDS_A set to 917
        Info (286033): Parameter WIDTH_B set to 32
        Info (286033): Parameter WIDTHAD_B set to 10
        Info (286033): Parameter NUMWORDS_B set to 917
        Info (286033): Parameter ADDRESS_ACLR_A set to NONE
        Info (286033): Parameter OUTDATA_REG_B set to UNREGISTERED
        Info (286033): Parameter ADDRESS_ACLR_B set to NONE
        Info (286033): Parameter OUTDATA_ACLR_B set to NONE
        Info (286033): Parameter ADDRESS_REG_B set to CLOCK0
        Info (286033): Parameter INDATA_ACLR_A set to NONE
        Info (286033): Parameter WRCONTROL_ACLR_A set to NONE
        Info (286033): Parameter INIT_FILE set to db/hpe.ram0_mem_data_54405a1e.hdl.mif
        Info (286033): Parameter READ_DURING_WRITE_MODE_MIXED_PORTS set to OLD_DATA
    Info (276029): Inferred altsyncram megafunction from the following design logic: "top_level:top_level|top_proc_interp:top_proc_interp_inst|proc_interp:proc_interp_inst|processor:p_proc_interp|mem_instr:minstr|mem_rtl_0" 
        Info (286033): Parameter OPERATION_MODE set to ROM
        Info (286033): Parameter WIDTH_A set to 17
        Info (286033): Parameter WIDTHAD_A set to 10
        Info (286033): Parameter NUMWORDS_A set to 659
        Info (286033): Parameter OUTDATA_REG_A set to UNREGISTERED
        Info (286033): Parameter ADDRESS_ACLR_A set to NONE
        Info (286033): Parameter OUTDATA_ACLR_A set to NONE
        Info (286033): Parameter INDATA_ACLR_A set to NONE
        Info (286033): Parameter WRCONTROL_ACLR_A set to NONE
        Info (286033): Parameter INIT_FILE set to db/hpe.ram0_mem_instr_c91d1b5.hdl.mif
    Info (276029): Inferred altsyncram megafunction from the following design logic: "sinal_memoria:comb_6|rom_rtl_0" 
        Info (286033): Parameter OPERATION_MODE set to ROM
        Info (286033): Parameter WIDTH_A set to 16
        Info (286033): Parameter WIDTHAD_A set to 8
        Info (286033): Parameter NUMWORDS_A set to 256
        Info (286033): Parameter OUTDATA_REG_A set to UNREGISTERED
        Info (286033): Parameter ADDRESS_ACLR_A set to NONE
        Info (286033): Parameter OUTDATA_ACLR_A set to NONE
        Info (286033): Parameter INDATA_ACLR_A set to NONE
        Info (286033): Parameter WRCONTROL_ACLR_A set to NONE
        Info (286033): Parameter INIT_FILE set to db/hpe.ram0_sinal_memoria_51fa24f1.hdl.mif
Info (278001): Inferred 2 megafunctions from design logic
    Info (278004): Inferred divider/modulo megafunction ("lpm_divide") from the following logic: "top_level:top_level|top_proc_banco:top_proc_banco_inst|proc_banco:proc_banco_inst|processor:p_proc_banco|core:core|ula:ula|ula_fdiv:my_fdiv|Div0" File: C:/Users/Ricardo/Documents/Dissertacao/SAPHOHDL/ula.v Line: 408
    Info (278004): Inferred divider/modulo megafunction ("lpm_divide") from the following logic: "top_level:top_level|top_proc_interp:top_proc_interp_inst|proc_interp:proc_interp_inst|processor:p_proc_interp|core:core|ula:ula|ula_fdiv:my_fdiv|Div0" File: C:/Users/Ricardo/Documents/Dissertacao/SAPHOHDL/ula.v Line: 408
Info (12130): Elaborated megafunction instantiation "top_level:top_level|top_proc_banco:top_proc_banco_inst|proc_banco:proc_banco_inst|processor:p_proc_banco|mem_data:mdata|altsyncram:mem_rtl_0"
Info (12133): Instantiated megafunction "top_level:top_level|top_proc_banco:top_proc_banco_inst|proc_banco:proc_banco_inst|processor:p_proc_banco|mem_data:mdata|altsyncram:mem_rtl_0" with the following parameter:
    Info (12134): Parameter "OPERATION_MODE" = "DUAL_PORT"
    Info (12134): Parameter "WIDTH_A" = "32"
    Info (12134): Parameter "WIDTHAD_A" = "13"
    Info (12134): Parameter "NUMWORDS_A" = "5669"
    Info (12134): Parameter "WIDTH_B" = "32"
    Info (12134): Parameter "WIDTHAD_B" = "13"
    Info (12134): Parameter "NUMWORDS_B" = "5669"
    Info (12134): Parameter "ADDRESS_ACLR_A" = "NONE"
    Info (12134): Parameter "OUTDATA_REG_B" = "UNREGISTERED"
    Info (12134): Parameter "ADDRESS_ACLR_B" = "NONE"
    Info (12134): Parameter "OUTDATA_ACLR_B" = "NONE"
    Info (12134): Parameter "ADDRESS_REG_B" = "CLOCK0"
    Info (12134): Parameter "INDATA_ACLR_A" = "NONE"
    Info (12134): Parameter "WRCONTROL_ACLR_A" = "NONE"
    Info (12134): Parameter "INIT_FILE" = "db/hpe.ram0_mem_data_5212d04b.hdl.mif"
    Info (12134): Parameter "READ_DURING_WRITE_MODE_MIXED_PORTS" = "OLD_DATA"
Info (12021): Found 1 design units, including 1 entities, in source file db/altsyncram_4kr1.tdf
    Info (12023): Found entity 1: altsyncram_4kr1 File: C:/Users/Ricardo/Documents/Dissertacao/Quartus/db/altsyncram_4kr1.tdf Line: 28
Info (12130): Elaborated megafunction instantiation "top_level:top_level|top_proc_banco:top_proc_banco_inst|proc_banco:proc_banco_inst|processor:p_proc_banco|mem_instr:minstr|altsyncram:mem_rtl_0"
Info (12133): Instantiated megafunction "top_level:top_level|top_proc_banco:top_proc_banco_inst|proc_banco:proc_banco_inst|processor:p_proc_banco|mem_instr:minstr|altsyncram:mem_rtl_0" with the following parameter:
    Info (12134): Parameter "OPERATION_MODE" = "ROM"
    Info (12134): Parameter "WIDTH_A" = "20"
    Info (12134): Parameter "WIDTHAD_A" = "9"
    Info (12134): Parameter "NUMWORDS_A" = "369"
    Info (12134): Parameter "OUTDATA_REG_A" = "UNREGISTERED"
    Info (12134): Parameter "ADDRESS_ACLR_A" = "NONE"
    Info (12134): Parameter "OUTDATA_ACLR_A" = "NONE"
    Info (12134): Parameter "INDATA_ACLR_A" = "NONE"
    Info (12134): Parameter "WRCONTROL_ACLR_A" = "NONE"
    Info (12134): Parameter "INIT_FILE" = "db/hpe.ram0_mem_instr_d55c1a92.hdl.mif"
Info (12021): Found 1 design units, including 1 entities, in source file db/altsyncram_vvc1.tdf
    Info (12023): Found entity 1: altsyncram_vvc1 File: C:/Users/Ricardo/Documents/Dissertacao/Quartus/db/altsyncram_vvc1.tdf Line: 28
Info (12130): Elaborated megafunction instantiation "top_level:top_level|myFIFO:FIFO16x32_inst_my|altsyncram:mem_rtl_0"
Info (12133): Instantiated megafunction "top_level:top_level|myFIFO:FIFO16x32_inst_my|altsyncram:mem_rtl_0" with the following parameter:
    Info (12134): Parameter "OPERATION_MODE" = "DUAL_PORT"
    Info (12134): Parameter "WIDTH_A" = "32"
    Info (12134): Parameter "WIDTHAD_A" = "8"
    Info (12134): Parameter "NUMWORDS_A" = "256"
    Info (12134): Parameter "WIDTH_B" = "32"
    Info (12134): Parameter "WIDTHAD_B" = "8"
    Info (12134): Parameter "NUMWORDS_B" = "256"
    Info (12134): Parameter "ADDRESS_ACLR_A" = "NONE"
    Info (12134): Parameter "OUTDATA_REG_B" = "UNREGISTERED"
    Info (12134): Parameter "ADDRESS_ACLR_B" = "NONE"
    Info (12134): Parameter "OUTDATA_ACLR_B" = "NONE"
    Info (12134): Parameter "ADDRESS_REG_B" = "CLOCK0"
    Info (12134): Parameter "INDATA_ACLR_A" = "NONE"
    Info (12134): Parameter "WRCONTROL_ACLR_A" = "NONE"
Info (12021): Found 1 design units, including 1 entities, in source file db/altsyncram_smi1.tdf
    Info (12023): Found entity 1: altsyncram_smi1 File: C:/Users/Ricardo/Documents/Dissertacao/Quartus/db/altsyncram_smi1.tdf Line: 28
Info (12130): Elaborated megafunction instantiation "top_level:top_level|top_proc_interp:top_proc_interp_inst|proc_interp:proc_interp_inst|processor:p_proc_interp|mem_data:mdata|altsyncram:mem_rtl_0"
Info (12133): Instantiated megafunction "top_level:top_level|top_proc_interp:top_proc_interp_inst|proc_interp:proc_interp_inst|processor:p_proc_interp|mem_data:mdata|altsyncram:mem_rtl_0" with the following parameter:
    Info (12134): Parameter "OPERATION_MODE" = "DUAL_PORT"
    Info (12134): Parameter "WIDTH_A" = "32"
    Info (12134): Parameter "WIDTHAD_A" = "10"
    Info (12134): Parameter "NUMWORDS_A" = "917"
    Info (12134): Parameter "WIDTH_B" = "32"
    Info (12134): Parameter "WIDTHAD_B" = "10"
    Info (12134): Parameter "NUMWORDS_B" = "917"
    Info (12134): Parameter "ADDRESS_ACLR_A" = "NONE"
    Info (12134): Parameter "OUTDATA_REG_B" = "UNREGISTERED"
    Info (12134): Parameter "ADDRESS_ACLR_B" = "NONE"
    Info (12134): Parameter "OUTDATA_ACLR_B" = "NONE"
    Info (12134): Parameter "ADDRESS_REG_B" = "CLOCK0"
    Info (12134): Parameter "INDATA_ACLR_A" = "NONE"
    Info (12134): Parameter "WRCONTROL_ACLR_A" = "NONE"
    Info (12134): Parameter "INIT_FILE" = "db/hpe.ram0_mem_data_54405a1e.hdl.mif"
    Info (12134): Parameter "READ_DURING_WRITE_MODE_MIXED_PORTS" = "OLD_DATA"
Info (12021): Found 1 design units, including 1 entities, in source file db/altsyncram_hgr1.tdf
    Info (12023): Found entity 1: altsyncram_hgr1 File: C:/Users/Ricardo/Documents/Dissertacao/Quartus/db/altsyncram_hgr1.tdf Line: 28
Info (12130): Elaborated megafunction instantiation "top_level:top_level|top_proc_interp:top_proc_interp_inst|proc_interp:proc_interp_inst|processor:p_proc_interp|mem_instr:minstr|altsyncram:mem_rtl_0"
Info (12133): Instantiated megafunction "top_level:top_level|top_proc_interp:top_proc_interp_inst|proc_interp:proc_interp_inst|processor:p_proc_interp|mem_instr:minstr|altsyncram:mem_rtl_0" with the following parameter:
    Info (12134): Parameter "OPERATION_MODE" = "ROM"
    Info (12134): Parameter "WIDTH_A" = "17"
    Info (12134): Parameter "WIDTHAD_A" = "10"
    Info (12134): Parameter "NUMWORDS_A" = "659"
    Info (12134): Parameter "OUTDATA_REG_A" = "UNREGISTERED"
    Info (12134): Parameter "ADDRESS_ACLR_A" = "NONE"
    Info (12134): Parameter "OUTDATA_ACLR_A" = "NONE"
    Info (12134): Parameter "INDATA_ACLR_A" = "NONE"
    Info (12134): Parameter "WRCONTROL_ACLR_A" = "NONE"
    Info (12134): Parameter "INIT_FILE" = "db/hpe.ram0_mem_instr_c91d1b5.hdl.mif"
Info (12021): Found 1 design units, including 1 entities, in source file db/altsyncram_qvc1.tdf
    Info (12023): Found entity 1: altsyncram_qvc1 File: C:/Users/Ricardo/Documents/Dissertacao/Quartus/db/altsyncram_qvc1.tdf Line: 28
Info (12130): Elaborated megafunction instantiation "sinal_memoria:comb_6|altsyncram:rom_rtl_0"
Info (12133): Instantiated megafunction "sinal_memoria:comb_6|altsyncram:rom_rtl_0" with the following parameter:
    Info (12134): Parameter "OPERATION_MODE" = "ROM"
    Info (12134): Parameter "WIDTH_A" = "16"
    Info (12134): Parameter "WIDTHAD_A" = "8"
    Info (12134): Parameter "NUMWORDS_A" = "256"
    Info (12134): Parameter "OUTDATA_REG_A" = "UNREGISTERED"
    Info (12134): Parameter "ADDRESS_ACLR_A" = "NONE"
    Info (12134): Parameter "OUTDATA_ACLR_A" = "NONE"
    Info (12134): Parameter "INDATA_ACLR_A" = "NONE"
    Info (12134): Parameter "WRCONTROL_ACLR_A" = "NONE"
    Info (12134): Parameter "INIT_FILE" = "db/hpe.ram0_sinal_memoria_51fa24f1.hdl.mif"
Info (12021): Found 1 design units, including 1 entities, in source file db/altsyncram_ccd1.tdf
    Info (12023): Found entity 1: altsyncram_ccd1 File: C:/Users/Ricardo/Documents/Dissertacao/Quartus/db/altsyncram_ccd1.tdf Line: 28
Info (12130): Elaborated megafunction instantiation "top_level:top_level|top_proc_banco:top_proc_banco_inst|proc_banco:proc_banco_inst|processor:p_proc_banco|core:core|ula:ula|ula_fdiv:my_fdiv|lpm_divide:Div0" File: C:/Users/Ricardo/Documents/Dissertacao/SAPHOHDL/ula.v Line: 408
Info (12133): Instantiated megafunction "top_level:top_level|top_proc_banco:top_proc_banco_inst|proc_banco:proc_banco_inst|processor:p_proc_banco|core:core|ula:ula|ula_fdiv:my_fdiv|lpm_divide:Div0" with the following parameter: File: C:/Users/Ricardo/Documents/Dissertacao/SAPHOHDL/ula.v Line: 408
    Info (12134): Parameter "LPM_WIDTHN" = "45"
    Info (12134): Parameter "LPM_WIDTHD" = "23"
    Info (12134): Parameter "LPM_NREPRESENTATION" = "UNSIGNED"
    Info (12134): Parameter "LPM_DREPRESENTATION" = "UNSIGNED"
Info (12021): Found 1 design units, including 1 entities, in source file db/lpm_divide_7dm.tdf
    Info (12023): Found entity 1: lpm_divide_7dm File: C:/Users/Ricardo/Documents/Dissertacao/Quartus/db/lpm_divide_7dm.tdf Line: 25
Info (12021): Found 1 design units, including 1 entities, in source file db/sign_div_unsign_dnh.tdf
    Info (12023): Found entity 1: sign_div_unsign_dnh File: C:/Users/Ricardo/Documents/Dissertacao/Quartus/db/sign_div_unsign_dnh.tdf Line: 25
Info (12021): Found 1 design units, including 1 entities, in source file db/alt_u_div_03f.tdf
    Info (12023): Found entity 1: alt_u_div_03f File: C:/Users/Ricardo/Documents/Dissertacao/Quartus/db/alt_u_div_03f.tdf Line: 23
Warning (12241): 1 hierarchies have connectivity warnings - see the Connectivity Checks report folder
Info (286031): Timing-Driven Synthesis is running on partition "Top"
Info (17049): 3 registers lost all their fanouts during netlist optimizations.
Info (286031): Timing-Driven Synthesis is running on partition "sld_signaltap:auto_signaltap_0"
Info (286031): Timing-Driven Synthesis is running on partition "sld_hub:auto_hub"
Info (144001): Generated suppressed messages file C:/Users/Ricardo/Documents/Dissertacao/Quartus/output_files/hpe.map.smsg
Info (35024): Successfully connected in-system debug instance "auto_signaltap_0" to all 145 required data inputs, trigger inputs, acquisition clocks, and dynamic pins
Info (16010): Generating hard_block partition "hard_block:auto_generated_inst"
    Info (16011): Adding 14 node(s), including 0 DDIO, 1 PLL, 0 transceiver and 0 LCELL
Info (21057): Implemented 9244 device resources after synthesis - the final resource count might be different
    Info (21058): Implemented 5 input pins
    Info (21059): Implemented 2 output pins
    Info (21061): Implemented 8634 logic cells
    Info (21064): Implemented 597 RAM segments
    Info (21065): Implemented 1 PLLs
    Info (21062): Implemented 4 DSP elements
Info: Quartus Prime Analysis & Synthesis was successful. 0 errors, 8 warnings
    Info: Peak virtual memory: 5044 megabytes
    Info: Processing ended: Tue Jun 02 16:23:49 2026
    Info: Elapsed time: 00:01:29
    Info: Total CPU time (on all processors): 00:01:50


+------------------------------------------+
; Analysis & Synthesis Suppressed Messages ;
+------------------------------------------+
The suppressed messages can be found in C:/Users/Ricardo/Documents/Dissertacao/Quartus/output_files/hpe.map.smsg.


