Fitter report for hpe
Tue Jun 02 16:27:08 2026
Quartus Prime Version 20.1.1 Build 720 11/11/2020 Patches 1.02i SJ Lite Edition


---------------------
; Table of Contents ;
---------------------
  1. Legal Notice
  2. Fitter Summary
  3. Fitter Settings
  4. Parallel Compilation
  5. Fitter Netlist Optimizations
  6. Incremental Compilation Preservation Summary
  7. Incremental Compilation Partition Settings
  8. Incremental Compilation Placement Preservation
  9. Pin-Out File
 10. Fitter Resource Usage Summary
 11. Fitter Partition Statistics
 12. Input Pins
 13. Output Pins
 14. I/O Bank Usage
 15. All Package Pins
 16. I/O Assignment Warnings
 17. PLL Usage Summary
 18. Fitter Resource Utilization by Entity
 19. Delay Chain Summary
 20. Pad To Core Delay Chain Fanout
 21. Control Signals
 22. Global & Other Fast Signals
 23. Non-Global High Fan-Out Signals
 24. Fitter RAM Summary
 25. Fitter DSP Block Usage Summary
 26. DSP Block Details
 27. Routing Usage Summary
 28. I/O Rules Summary
 29. I/O Rules Details
 30. I/O Rules Matrix
 31. Fitter Device Options
 32. Operating Settings and Conditions
 33. Estimated Delay Added for Hold Timing Summary
 34. Estimated Delay Added for Hold Timing Details
 35. Fitter Messages
 36. Fitter Suppressed Messages



----------------
; Legal Notice ;
----------------
Copyright (C) 2020  Intel Corporation. All rights reserved.
Your use of Intel Corporation's design tools, logic functions 
and other software and tools, and any partner logic 
functions, and any output files from any of the foregoing 
(including device programming or simulation files), and any 
associated documentation or information are expressly subject 
to the terms and conditions of the Intel Program License 
Subscription Agreement, the Intel Quartus Prime License Agreement,
the Intel FPGA IP License Agreement, or other applicable license
agreement, including, without limitation, that your use is for
the sole purpose of programming logic devices manufactured by
Intel and sold by Intel or its authorized distributors.  Please
refer to the applicable agreement for further details, at
https://fpgasoftware.intel.com/eula.



+---------------------------------------------------------------------------------------------+
; Fitter Summary                                                                              ;
+---------------------------------+-----------------------------------------------------------+
; Fitter Status                   ; Successful - Tue Jun 02 16:27:08 2026                     ;
; Quartus Prime Version           ; 20.1.1 Build 720 11/11/2020 Patches 1.02i SJ Lite Edition ;
; Revision Name                   ; hpe                                                       ;
; Top-level Entity Name           ; toplevel_placa                                            ;
; Family                          ; Cyclone V                                                 ;
; Device                          ; 5CSEBA6U23I7                                              ;
; Timing Models                   ; Final                                                     ;
; Logic utilization (in ALMs)     ; 4,196 / 41,910 ( 10 % )                                   ;
; Total registers                 ; 2098                                                      ;
; Total pins                      ; 3 / 314 ( < 1 % )                                         ;
; Total virtual pins              ; 0                                                         ;
; Total block memory bits         ; 3,911,639 / 5,662,720 ( 69 % )                            ;
; Total RAM Blocks                ; 489 / 553 ( 88 % )                                        ;
; Total DSP Blocks                ; 4 / 112 ( 4 % )                                           ;
; Total HSSI RX PCSs              ; 0                                                         ;
; Total HSSI PMA RX Deserializers ; 0                                                         ;
; Total HSSI TX PCSs              ; 0                                                         ;
; Total HSSI PMA TX Serializers   ; 0                                                         ;
; Total PLLs                      ; 1 / 6 ( 17 % )                                            ;
; Total DLLs                      ; 0 / 4 ( 0 % )                                             ;
+---------------------------------+-----------------------------------------------------------+


+----------------------------------------------------------------------------------------------------------------------------------------------------+
; Fitter Settings                                                                                                                                    ;
+--------------------------------------------------------------------+---------------------------------------+---------------------------------------+
; Option                                                             ; Setting                               ; Default Value                         ;
+--------------------------------------------------------------------+---------------------------------------+---------------------------------------+
; Device                                                             ; 5CSEBA6U23I7                          ;                                       ;
; Minimum Core Junction Temperature                                  ; -40                                   ;                                       ;
; Maximum Core Junction Temperature                                  ; 100                                   ;                                       ;
; Use smart compilation                                              ; Off                                   ; Off                                   ;
; Enable parallel Assembler and Timing Analyzer during compilation   ; On                                    ; On                                    ;
; Enable compact report table                                        ; Off                                   ; Off                                   ;
; Router Timing Optimization Level                                   ; Normal                                ; Normal                                ;
; Perform Clocking Topology Analysis During Routing                  ; Off                                   ; Off                                   ;
; Placement Effort Multiplier                                        ; 1.0                                   ; 1.0                                   ;
; Device initialization clock source                                 ; INIT_INTOSC                           ; INIT_INTOSC                           ;
; Optimize Hold Timing                                               ; All Paths                             ; All Paths                             ;
; Optimize Multi-Corner Timing                                       ; On                                    ; On                                    ;
; Auto RAM to MLAB Conversion                                        ; On                                    ; On                                    ;
; Equivalent RAM and MLAB Power Up                                   ; Auto                                  ; Auto                                  ;
; Equivalent RAM and MLAB Paused Read Capabilities                   ; Care                                  ; Care                                  ;
; Power Optimization During Fitting                                  ; Normal compilation                    ; Normal compilation                    ;
; SSN Optimization                                                   ; Off                                   ; Off                                   ;
; Optimize Timing                                                    ; Normal compilation                    ; Normal compilation                    ;
; Optimize Timing for ECOs                                           ; Off                                   ; Off                                   ;
; Regenerate Full Fit Report During ECO Compiles                     ; Off                                   ; Off                                   ;
; Optimize IOC Register Placement for Timing                         ; Normal                                ; Normal                                ;
; Final Placement Optimizations                                      ; Automatically                         ; Automatically                         ;
; Fitter Aggressive Routability Optimizations                        ; Automatically                         ; Automatically                         ;
; Fitter Initial Placement Seed                                      ; 1                                     ; 1                                     ;
; Periphery to Core Placement and Routing Optimization               ; Off                                   ; Off                                   ;
; Weak Pull-Up Resistor                                              ; Off                                   ; Off                                   ;
; Enable Bus-Hold Circuitry                                          ; Off                                   ; Off                                   ;
; Auto Packed Registers                                              ; Auto                                  ; Auto                                  ;
; Auto Delay Chains                                                  ; On                                    ; On                                    ;
; Auto Delay Chains for High Fanout Input Pins                       ; Off                                   ; Off                                   ;
; Treat Bidirectional Pin as Output Pin                              ; Off                                   ; Off                                   ;
; Perform Physical Synthesis for Combinational Logic for Fitting     ; Off                                   ; Off                                   ;
; Perform Physical Synthesis for Combinational Logic for Performance ; Off                                   ; Off                                   ;
; Perform Register Duplication for Performance                       ; Off                                   ; Off                                   ;
; Perform Register Retiming for Performance                          ; Off                                   ; Off                                   ;
; Perform Asynchronous Signal Pipelining                             ; Off                                   ; Off                                   ;
; Fitter Effort                                                      ; Auto Fit                              ; Auto Fit                              ;
; Physical Synthesis Effort Level                                    ; Normal                                ; Normal                                ;
; Logic Cell Insertion - Logic Duplication                           ; Auto                                  ; Auto                                  ;
; Auto Register Duplication                                          ; Auto                                  ; Auto                                  ;
; Auto Global Clock                                                  ; On                                    ; On                                    ;
; Auto Global Register Control Signals                               ; On                                    ; On                                    ;
; Reserve all unused pins                                            ; As input tri-stated with weak pull-up ; As input tri-stated with weak pull-up ;
; Synchronizer Identification                                        ; Auto                                  ; Auto                                  ;
; Enable Beneficial Skew Optimization                                ; On                                    ; On                                    ;
; Optimize Design for Metastability                                  ; On                                    ; On                                    ;
; Active Serial clock source                                         ; FREQ_100MHz                           ; FREQ_100MHz                           ;
; Force Fitter to Avoid Periphery Placement Warnings                 ; Off                                   ; Off                                   ;
; Clamping Diode                                                     ; Off                                   ; Off                                   ;
; Enable input tri-state on active configuration pins in user mode   ; Off                                   ; Off                                   ;
; Advanced Physical Optimization                                     ; On                                    ; On                                    ;
+--------------------------------------------------------------------+---------------------------------------+---------------------------------------+


+------------------------------------------+
; Parallel Compilation                     ;
+----------------------------+-------------+
; Processors                 ; Number      ;
+----------------------------+-------------+
; Number detected on machine ; 8           ;
; Maximum allowed            ; 4           ;
;                            ;             ;
; Average used               ; 1.33        ;
; Maximum used               ; 4           ;
;                            ;             ;
; Usage by Processor         ; % Time Used ;
;     Processor 1            ; 100.0%      ;
;     Processor 2            ;  11.2%      ;
;     Processor 3            ;  11.1%      ;
;     Processor 4            ;  11.1%      ;
+----------------------------+-------------+


+-----------------------------------------------------------------------------------------------------------------------------------------------------------------------------------------------------------------------------------------------------------------------------------------------------------------------------------------------------------------------------------------------------------------------------------------------------------------------------------------------------------------------------------------------------------------------------------------------------------------------------------------------------------------------------------------------------------------------------------------------------------------------------------------------------------------------------------------------------------------------------------------------------+
; Fitter Netlist Optimizations                                                                                                                                                                                                                                                                                                                                                                                                                                                                                                                                                                                                                                                                                                                                                                                                                                                                        ;
+----------------------------------------------------------------------------------------------------------------------------------------------------------------------------------------------------------------------------------------------------------------------------------------------------------------------------------------------------------+------------+---------------------------------------------------+----------------------------+-----------+----------------+--------------------------------------------------------------------------------------------------------------------------------------------------------------------------------------------------------------------------------------------------------------------------------------------------------------------------------------------------------------------+------------------+-----------------------+
; Node                                                                                                                                                                                                                                                                                                                                                     ; Action     ; Operation                                         ; Reason                     ; Node Port ; Node Port Name ; Destination Node                                                                                                                                                                                                                                                                                                                                                   ; Destination Port ; Destination Port Name ;
+----------------------------------------------------------------------------------------------------------------------------------------------------------------------------------------------------------------------------------------------------------------------------------------------------------------------------------------------------------+------------+---------------------------------------------------+----------------------------+-----------+----------------+--------------------------------------------------------------------------------------------------------------------------------------------------------------------------------------------------------------------------------------------------------------------------------------------------------------------------------------------------------------------+------------------+-----------------------+
; pll:pll|pll_0002:pll_inst|altera_pll:altera_pll_i|outclk_wire[0]~CLKENA0                                                                                                                                                                                                                                                                                 ; Created    ; Placement                                         ; Fitter Periphery Placement ;           ;                ;                                                                                                                                                                                                                                                                                                                                                                    ;                  ;                       ;
; sld_hub:auto_hub|alt_sld_fab_with_jtag_input:\instrumentation_fabric_with_node_gen:fabric_gen_new_way:with_jtag_input_gen:instrumentation_fabric|alt_sld_fab:instrumentation_fabric|alt_sld_fab_alt_sld_fab:alt_sld_fab|alt_sld_fab_alt_sld_fab_sldfabric:sldfabric|sld_jtag_hub:\jtag_hub_gen:real_sld_jtag_hub|irsr_reg[3]                             ; Duplicated ; Router Logic Cell Insertion and Logic Duplication ; Routability optimization   ;           ;                ; sld_hub:auto_hub|alt_sld_fab_with_jtag_input:\instrumentation_fabric_with_node_gen:fabric_gen_new_way:with_jtag_input_gen:instrumentation_fabric|alt_sld_fab:instrumentation_fabric|alt_sld_fab_alt_sld_fab:alt_sld_fab|alt_sld_fab_alt_sld_fab_sldfabric:sldfabric|sld_jtag_hub:\jtag_hub_gen:real_sld_jtag_hub|irsr_reg[3]~DUPLICATE                             ;                  ;                       ;
; sld_hub:auto_hub|alt_sld_fab_with_jtag_input:\instrumentation_fabric_with_node_gen:fabric_gen_new_way:with_jtag_input_gen:instrumentation_fabric|alt_sld_fab:instrumentation_fabric|alt_sld_fab_alt_sld_fab:alt_sld_fab|alt_sld_fab_alt_sld_fab_sldfabric:sldfabric|sld_jtag_hub:\jtag_hub_gen:real_sld_jtag_hub|jtag_ir_reg[6]                          ; Duplicated ; Router Logic Cell Insertion and Logic Duplication ; Routability optimization   ;           ;                ; sld_hub:auto_hub|alt_sld_fab_with_jtag_input:\instrumentation_fabric_with_node_gen:fabric_gen_new_way:with_jtag_input_gen:instrumentation_fabric|alt_sld_fab:instrumentation_fabric|alt_sld_fab_alt_sld_fab:alt_sld_fab|alt_sld_fab_alt_sld_fab_sldfabric:sldfabric|sld_jtag_hub:\jtag_hub_gen:real_sld_jtag_hub|jtag_ir_reg[6]~DUPLICATE                          ;                  ;                       ;
; sld_hub:auto_hub|alt_sld_fab_with_jtag_input:\instrumentation_fabric_with_node_gen:fabric_gen_new_way:with_jtag_input_gen:instrumentation_fabric|alt_sld_fab:instrumentation_fabric|alt_sld_fab_alt_sld_fab:alt_sld_fab|alt_sld_fab_alt_sld_fab_sldfabric:sldfabric|sld_jtag_hub:\jtag_hub_gen:real_sld_jtag_hub|jtag_ir_reg[7]                          ; Duplicated ; Router Logic Cell Insertion and Logic Duplication ; Routability optimization   ;           ;                ; sld_hub:auto_hub|alt_sld_fab_with_jtag_input:\instrumentation_fabric_with_node_gen:fabric_gen_new_way:with_jtag_input_gen:instrumentation_fabric|alt_sld_fab:instrumentation_fabric|alt_sld_fab_alt_sld_fab:alt_sld_fab|alt_sld_fab_alt_sld_fab_sldfabric:sldfabric|sld_jtag_hub:\jtag_hub_gen:real_sld_jtag_hub|jtag_ir_reg[7]~DUPLICATE                          ;                  ;                       ;
; sld_hub:auto_hub|alt_sld_fab_with_jtag_input:\instrumentation_fabric_with_node_gen:fabric_gen_new_way:with_jtag_input_gen:instrumentation_fabric|alt_sld_fab:instrumentation_fabric|alt_sld_fab_alt_sld_fab:alt_sld_fab|alt_sld_fab_alt_sld_fab_sldfabric:sldfabric|sld_jtag_hub:\jtag_hub_gen:real_sld_jtag_hub|mixer_addr_reg_internal[1]              ; Duplicated ; Router Logic Cell Insertion and Logic Duplication ; Routability optimization   ;           ;                ; sld_hub:auto_hub|alt_sld_fab_with_jtag_input:\instrumentation_fabric_with_node_gen:fabric_gen_new_way:with_jtag_input_gen:instrumentation_fabric|alt_sld_fab:instrumentation_fabric|alt_sld_fab_alt_sld_fab:alt_sld_fab|alt_sld_fab_alt_sld_fab_sldfabric:sldfabric|sld_jtag_hub:\jtag_hub_gen:real_sld_jtag_hub|mixer_addr_reg_internal[1]~DUPLICATE              ;                  ;                       ;
; sld_hub:auto_hub|alt_sld_fab_with_jtag_input:\instrumentation_fabric_with_node_gen:fabric_gen_new_way:with_jtag_input_gen:instrumentation_fabric|alt_sld_fab:instrumentation_fabric|alt_sld_fab_alt_sld_fab:alt_sld_fab|alt_sld_fab_alt_sld_fab_sldfabric:sldfabric|sld_jtag_hub:\jtag_hub_gen:real_sld_jtag_hub|sld_rom_sr:hub_info_reg|word_counter[1] ; Duplicated ; Router Logic Cell Insertion and Logic Duplication ; Routability optimization   ;           ;                ; sld_hub:auto_hub|alt_sld_fab_with_jtag_input:\instrumentation_fabric_with_node_gen:fabric_gen_new_way:with_jtag_input_gen:instrumentation_fabric|alt_sld_fab:instrumentation_fabric|alt_sld_fab_alt_sld_fab:alt_sld_fab|alt_sld_fab_alt_sld_fab_sldfabric:sldfabric|sld_jtag_hub:\jtag_hub_gen:real_sld_jtag_hub|sld_rom_sr:hub_info_reg|word_counter[1]~DUPLICATE ;                  ;                       ;
; sld_hub:auto_hub|alt_sld_fab_with_jtag_input:\instrumentation_fabric_with_node_gen:fabric_gen_new_way:with_jtag_input_gen:instrumentation_fabric|alt_sld_fab:instrumentation_fabric|alt_sld_fab_alt_sld_fab:alt_sld_fab|alt_sld_fab_alt_sld_fab_sldfabric:sldfabric|sld_jtag_hub:\jtag_hub_gen:real_sld_jtag_hub|sld_rom_sr:hub_info_reg|word_counter[3] ; Duplicated ; Router Logic Cell Insertion and Logic Duplication ; Routability optimization   ;           ;                ; sld_hub:auto_hub|alt_sld_fab_with_jtag_input:\instrumentation_fabric_with_node_gen:fabric_gen_new_way:with_jtag_input_gen:instrumentation_fabric|alt_sld_fab:instrumentation_fabric|alt_sld_fab_alt_sld_fab:alt_sld_fab|alt_sld_fab_alt_sld_fab_sldfabric:sldfabric|sld_jtag_hub:\jtag_hub_gen:real_sld_jtag_hub|sld_rom_sr:hub_info_reg|word_counter[3]~DUPLICATE ;                  ;                       ;
; sld_signaltap:auto_signaltap_0|sld_signaltap_impl:sld_signaltap_body|sld_signaltap_implb:sld_signaltap_body|buffer_write_address_delayed[15]                                                                                                                                                                                                             ; Duplicated ; Router Logic Cell Insertion and Logic Duplication ; Routability optimization   ;           ;                ; sld_signaltap:auto_signaltap_0|sld_signaltap_impl:sld_signaltap_body|sld_signaltap_implb:sld_signaltap_body|buffer_write_address_delayed[15]~DUPLICATE                                                                                                                                                                                                             ;                  ;                       ;
; sld_signaltap:auto_signaltap_0|sld_signaltap_impl:sld_signaltap_body|sld_signaltap_implb:sld_signaltap_body|buffer_write_enable_delayed                                                                                                                                                                                                                  ; Duplicated ; Router Logic Cell Insertion and Logic Duplication ; Routability optimization   ;           ;                ; sld_signaltap:auto_signaltap_0|sld_signaltap_impl:sld_signaltap_body|sld_signaltap_implb:sld_signaltap_body|buffer_write_enable_delayed~DUPLICATE                                                                                                                                                                                                                  ;                  ;                       ;
; sld_signaltap:auto_signaltap_0|sld_signaltap_impl:sld_signaltap_body|sld_signaltap_implb:sld_signaltap_body|sld_buffer_manager:sld_buffer_manager_inst|counter[0]                                                                                                                                                                                        ; Duplicated ; Router Logic Cell Insertion and Logic Duplication ; Routability optimization   ;           ;                ; sld_signaltap:auto_signaltap_0|sld_signaltap_impl:sld_signaltap_body|sld_signaltap_implb:sld_signaltap_body|sld_buffer_manager:sld_buffer_manager_inst|counter[0]~DUPLICATE                                                                                                                                                                                        ;                  ;                       ;
; sld_signaltap:auto_signaltap_0|sld_signaltap_impl:sld_signaltap_body|sld_signaltap_implb:sld_signaltap_body|sld_buffer_manager:sld_buffer_manager_inst|counter[2]                                                                                                                                                                                        ; Duplicated ; Router Logic Cell Insertion and Logic Duplication ; Routability optimization   ;           ;                ; sld_signaltap:auto_signaltap_0|sld_signaltap_impl:sld_signaltap_body|sld_signaltap_implb:sld_signaltap_body|sld_buffer_manager:sld_buffer_manager_inst|counter[2]~DUPLICATE                                                                                                                                                                                        ;                  ;                       ;
; sld_signaltap:auto_signaltap_0|sld_signaltap_impl:sld_signaltap_body|sld_signaltap_implb:sld_signaltap_body|sld_ela_control:ela_control|sld_ela_basic_multi_level_trigger:\basic_multi_level_mbpm_trigger_gen:multi_level_mbpm|lpm_shiftreg:trigger_condition_deserialize|dffs[12]                                                                       ; Duplicated ; Router Logic Cell Insertion and Logic Duplication ; Routability optimization   ;           ;                ; sld_signaltap:auto_signaltap_0|sld_signaltap_impl:sld_signaltap_body|sld_signaltap_implb:sld_signaltap_body|sld_ela_control:ela_control|sld_ela_basic_multi_level_trigger:\basic_multi_level_mbpm_trigger_gen:multi_level_mbpm|lpm_shiftreg:trigger_condition_deserialize|dffs[12]~DUPLICATE                                                                       ;                  ;                       ;
; sld_signaltap:auto_signaltap_0|sld_signaltap_impl:sld_signaltap_body|sld_signaltap_implb:sld_signaltap_body|sld_ela_control:ela_control|sld_ela_basic_multi_level_trigger:\basic_multi_level_mbpm_trigger_gen:multi_level_mbpm|lpm_shiftreg:trigger_condition_deserialize|dffs[19]                                                                       ; Duplicated ; Router Logic Cell Insertion and Logic Duplication ; Routability optimization   ;           ;                ; sld_signaltap:auto_signaltap_0|sld_signaltap_impl:sld_signaltap_body|sld_signaltap_implb:sld_signaltap_body|sld_ela_control:ela_control|sld_ela_basic_multi_level_trigger:\basic_multi_level_mbpm_trigger_gen:multi_level_mbpm|lpm_shiftreg:trigger_condition_deserialize|dffs[19]~DUPLICATE                                                                       ;                  ;                       ;
; sld_signaltap:auto_signaltap_0|sld_signaltap_impl:sld_signaltap_body|sld_signaltap_implb:sld_signaltap_body|sld_ela_control:ela_control|sld_ela_basic_multi_level_trigger:\basic_multi_level_mbpm_trigger_gen:multi_level_mbpm|lpm_shiftreg:trigger_condition_deserialize|dffs[28]                                                                       ; Duplicated ; Router Logic Cell Insertion and Logic Duplication ; Routability optimization   ;           ;                ; sld_signaltap:auto_signaltap_0|sld_signaltap_impl:sld_signaltap_body|sld_signaltap_implb:sld_signaltap_body|sld_ela_control:ela_control|sld_ela_basic_multi_level_trigger:\basic_multi_level_mbpm_trigger_gen:multi_level_mbpm|lpm_shiftreg:trigger_condition_deserialize|dffs[28]~DUPLICATE                                                                       ;                  ;                       ;
; sld_signaltap:auto_signaltap_0|sld_signaltap_impl:sld_signaltap_body|sld_signaltap_implb:sld_signaltap_body|sld_ela_control:ela_control|sld_ela_basic_multi_level_trigger:\basic_multi_level_mbpm_trigger_gen:multi_level_mbpm|lpm_shiftreg:trigger_condition_deserialize|dffs[57]                                                                       ; Duplicated ; Router Logic Cell Insertion and Logic Duplication ; Routability optimization   ;           ;                ; sld_signaltap:auto_signaltap_0|sld_signaltap_impl:sld_signaltap_body|sld_signaltap_implb:sld_signaltap_body|sld_ela_control:ela_control|sld_ela_basic_multi_level_trigger:\basic_multi_level_mbpm_trigger_gen:multi_level_mbpm|lpm_shiftreg:trigger_condition_deserialize|dffs[57]~DUPLICATE                                                                       ;                  ;                       ;
; sld_signaltap:auto_signaltap_0|sld_signaltap_impl:sld_signaltap_body|sld_signaltap_implb:sld_signaltap_body|sld_ela_control:ela_control|sld_ela_basic_multi_level_trigger:\basic_multi_level_mbpm_trigger_gen:multi_level_mbpm|lpm_shiftreg:trigger_condition_deserialize|dffs[67]                                                                       ; Duplicated ; Router Logic Cell Insertion and Logic Duplication ; Routability optimization   ;           ;                ; sld_signaltap:auto_signaltap_0|sld_signaltap_impl:sld_signaltap_body|sld_signaltap_implb:sld_signaltap_body|sld_ela_control:ela_control|sld_ela_basic_multi_level_trigger:\basic_multi_level_mbpm_trigger_gen:multi_level_mbpm|lpm_shiftreg:trigger_condition_deserialize|dffs[67]~DUPLICATE                                                                       ;                  ;                       ;
; sld_signaltap:auto_signaltap_0|sld_signaltap_impl:sld_signaltap_body|sld_signaltap_implb:sld_signaltap_body|sld_ela_control:ela_control|sld_ela_basic_multi_level_trigger:\basic_multi_level_mbpm_trigger_gen:multi_level_mbpm|lpm_shiftreg:trigger_condition_deserialize|dffs[90]                                                                       ; Duplicated ; Router Logic Cell Insertion and Logic Duplication ; Routability optimization   ;           ;                ; sld_signaltap:auto_signaltap_0|sld_signaltap_impl:sld_signaltap_body|sld_signaltap_implb:sld_signaltap_body|sld_ela_control:ela_control|sld_ela_basic_multi_level_trigger:\basic_multi_level_mbpm_trigger_gen:multi_level_mbpm|lpm_shiftreg:trigger_condition_deserialize|dffs[90]~DUPLICATE                                                                       ;                  ;                       ;
; sld_signaltap:auto_signaltap_0|sld_signaltap_impl:sld_signaltap_body|sld_signaltap_implb:sld_signaltap_body|sld_ela_control:ela_control|sld_ela_basic_multi_level_trigger:\basic_multi_level_mbpm_trigger_gen:multi_level_mbpm|lpm_shiftreg:trigger_condition_deserialize|dffs[99]                                                                       ; Duplicated ; Router Logic Cell Insertion and Logic Duplication ; Routability optimization   ;           ;                ; sld_signaltap:auto_signaltap_0|sld_signaltap_impl:sld_signaltap_body|sld_signaltap_implb:sld_signaltap_body|sld_ela_control:ela_control|sld_ela_basic_multi_level_trigger:\basic_multi_level_mbpm_trigger_gen:multi_level_mbpm|lpm_shiftreg:trigger_condition_deserialize|dffs[99]~DUPLICATE                                                                       ;                  ;                       ;
; sld_signaltap:auto_signaltap_0|sld_signaltap_impl:sld_signaltap_body|sld_signaltap_implb:sld_signaltap_body|sld_offload_buffer_mgr:\stp_non_zero_depth_offload_gen:stp_offload_buff_mgr_inst|lpm_counter:\adv_point_3_and_more:advance_pointer_counter|cntr_79i:auto_generated|counter_reg_bit[0]                                                        ; Duplicated ; Router Logic Cell Insertion and Logic Duplication ; Routability optimization   ;           ;                ; sld_signaltap:auto_signaltap_0|sld_signaltap_impl:sld_signaltap_body|sld_signaltap_implb:sld_signaltap_body|sld_offload_buffer_mgr:\stp_non_zero_depth_offload_gen:stp_offload_buff_mgr_inst|lpm_counter:\adv_point_3_and_more:advance_pointer_counter|cntr_79i:auto_generated|counter_reg_bit[0]~DUPLICATE                                                        ;                  ;                       ;
; sld_signaltap:auto_signaltap_0|sld_signaltap_impl:sld_signaltap_body|sld_signaltap_implb:sld_signaltap_body|sld_offload_buffer_mgr:\stp_non_zero_depth_offload_gen:stp_offload_buff_mgr_inst|lpm_counter:\adv_point_3_and_more:advance_pointer_counter|cntr_79i:auto_generated|counter_reg_bit[3]                                                        ; Duplicated ; Router Logic Cell Insertion and Logic Duplication ; Routability optimization   ;           ;                ; sld_signaltap:auto_signaltap_0|sld_signaltap_impl:sld_signaltap_body|sld_signaltap_implb:sld_signaltap_body|sld_offload_buffer_mgr:\stp_non_zero_depth_offload_gen:stp_offload_buff_mgr_inst|lpm_counter:\adv_point_3_and_more:advance_pointer_counter|cntr_79i:auto_generated|counter_reg_bit[3]~DUPLICATE                                                        ;                  ;                       ;
; sld_signaltap:auto_signaltap_0|sld_signaltap_impl:sld_signaltap_body|sld_signaltap_implb:sld_signaltap_body|sld_offload_buffer_mgr:\stp_non_zero_depth_offload_gen:stp_offload_buff_mgr_inst|lpm_counter:status_read_pointer_counter|cntr_kri:auto_generated|counter_reg_bit[0]                                                                          ; Duplicated ; Router Logic Cell Insertion and Logic Duplication ; Routability optimization   ;           ;                ; sld_signaltap:auto_signaltap_0|sld_signaltap_impl:sld_signaltap_body|sld_signaltap_implb:sld_signaltap_body|sld_offload_buffer_mgr:\stp_non_zero_depth_offload_gen:stp_offload_buff_mgr_inst|lpm_counter:status_read_pointer_counter|cntr_kri:auto_generated|counter_reg_bit[0]~DUPLICATE                                                                          ;                  ;                       ;
; sld_signaltap:auto_signaltap_0|sld_signaltap_impl:sld_signaltap_body|sld_signaltap_implb:sld_signaltap_body|sld_rom_sr:crc_rom_sr|word_counter[1]                                                                                                                                                                                                        ; Duplicated ; Router Logic Cell Insertion and Logic Duplication ; Routability optimization   ;           ;                ; sld_signaltap:auto_signaltap_0|sld_signaltap_impl:sld_signaltap_body|sld_signaltap_implb:sld_signaltap_body|sld_rom_sr:crc_rom_sr|word_counter[1]~DUPLICATE                                                                                                                                                                                                        ;                  ;                       ;
; sld_signaltap:auto_signaltap_0|sld_signaltap_impl:sld_signaltap_body|sld_signaltap_implb:sld_signaltap_body|tdo_crc_len_reg[23]                                                                                                                                                                                                                          ; Duplicated ; Router Logic Cell Insertion and Logic Duplication ; Routability optimization   ;           ;                ; sld_signaltap:auto_signaltap_0|sld_signaltap_impl:sld_signaltap_body|sld_signaltap_implb:sld_signaltap_body|tdo_crc_len_reg[23]~DUPLICATE                                                                                                                                                                                                                          ;                  ;                       ;
; top_level:top_level|top_proc_banco:top_proc_banco_inst|proc_banco:proc_banco_inst|processor:p_proc_banco|core:core|racc[5]                                                                                                                                                                                                                               ; Duplicated ; Router Logic Cell Insertion and Logic Duplication ; Routability optimization   ;           ;                ; top_level:top_level|top_proc_banco:top_proc_banco_inst|proc_banco:proc_banco_inst|processor:p_proc_banco|core:core|racc[5]~DUPLICATE                                                                                                                                                                                                                               ;                  ;                       ;
; top_level:top_level|top_proc_banco:top_proc_banco_inst|proc_banco:proc_banco_inst|processor:p_proc_banco|core:core|racc[6]                                                                                                                                                                                                                               ; Duplicated ; Router Logic Cell Insertion and Logic Duplication ; Routability optimization   ;           ;                ; top_level:top_level|top_proc_banco:top_proc_banco_inst|proc_banco:proc_banco_inst|processor:p_proc_banco|core:core|racc[6]~DUPLICATE                                                                                                                                                                                                                               ;                  ;                       ;
; top_level:top_level|top_proc_banco:top_proc_banco_inst|proc_banco:proc_banco_inst|processor:p_proc_banco|core:core|racc[18]                                                                                                                                                                                                                              ; Duplicated ; Router Logic Cell Insertion and Logic Duplication ; Routability optimization   ;           ;                ; top_level:top_level|top_proc_banco:top_proc_banco_inst|proc_banco:proc_banco_inst|processor:p_proc_banco|core:core|racc[18]~DUPLICATE                                                                                                                                                                                                                              ;                  ;                       ;
; top_level:top_level|top_proc_banco:top_proc_banco_inst|proc_banco:proc_banco_inst|processor:p_proc_banco|core:core|racc[23]                                                                                                                                                                                                                              ; Duplicated ; Router Logic Cell Insertion and Logic Duplication ; Routability optimization   ;           ;                ; top_level:top_level|top_proc_banco:top_proc_banco_inst|proc_banco:proc_banco_inst|processor:p_proc_banco|core:core|racc[23]~DUPLICATE                                                                                                                                                                                                                              ;                  ;                       ;
; top_level:top_level|top_proc_banco:top_proc_banco_inst|proc_banco:proc_banco_inst|processor:p_proc_banco|core:core|ula_in2_ctrl:uic2|req_inr                                                                                                                                                                                                             ; Duplicated ; Router Logic Cell Insertion and Logic Duplication ; Routability optimization   ;           ;                ; top_level:top_level|top_proc_banco:top_proc_banco_inst|proc_banco:proc_banco_inst|processor:p_proc_banco|core:core|ula_in2_ctrl:uic2|req_inr~DUPLICATE                                                                                                                                                                                                             ;                  ;                       ;
; top_level:top_level|top_proc_interp:top_proc_interp_inst|proc_interp:proc_interp_inst|processor:p_proc_interp|core:core|instr_fetch:instr_fetch|pc:pc|addr[0]                                                                                                                                                                                            ; Duplicated ; Router Logic Cell Insertion and Logic Duplication ; Routability optimization   ;           ;                ; top_level:top_level|top_proc_interp:top_proc_interp_inst|proc_interp:proc_interp_inst|processor:p_proc_interp|core:core|instr_fetch:instr_fetch|pc:pc|addr[0]~DUPLICATE                                                                                                                                                                                            ;                  ;                       ;
; top_level:top_level|top_proc_interp:top_proc_interp_inst|proc_interp:proc_interp_inst|processor:p_proc_interp|core:core|racc[8]                                                                                                                                                                                                                          ; Duplicated ; Router Logic Cell Insertion and Logic Duplication ; Routability optimization   ;           ;                ; top_level:top_level|top_proc_interp:top_proc_interp_inst|proc_interp:proc_interp_inst|processor:p_proc_interp|core:core|racc[8]~DUPLICATE                                                                                                                                                                                                                          ;                  ;                       ;
; top_level:top_level|top_proc_interp:top_proc_interp_inst|proc_interp:proc_interp_inst|processor:p_proc_interp|core:core|racc[9]                                                                                                                                                                                                                          ; Duplicated ; Router Logic Cell Insertion and Logic Duplication ; Routability optimization   ;           ;                ; top_level:top_level|top_proc_interp:top_proc_interp_inst|proc_interp:proc_interp_inst|processor:p_proc_interp|core:core|racc[9]~DUPLICATE                                                                                                                                                                                                                          ;                  ;                       ;
; top_level:top_level|top_proc_interp:top_proc_interp_inst|proc_interp:proc_interp_inst|processor:p_proc_interp|core:core|racc[10]                                                                                                                                                                                                                         ; Duplicated ; Router Logic Cell Insertion and Logic Duplication ; Routability optimization   ;           ;                ; top_level:top_level|top_proc_interp:top_proc_interp_inst|proc_interp:proc_interp_inst|processor:p_proc_interp|core:core|racc[10]~DUPLICATE                                                                                                                                                                                                                         ;                  ;                       ;
; top_level:top_level|top_proc_interp:top_proc_interp_inst|proc_interp:proc_interp_inst|processor:p_proc_interp|core:core|racc[20]                                                                                                                                                                                                                         ; Duplicated ; Router Logic Cell Insertion and Logic Duplication ; Routability optimization   ;           ;                ; top_level:top_level|top_proc_interp:top_proc_interp_inst|proc_interp:proc_interp_inst|processor:p_proc_interp|core:core|racc[20]~DUPLICATE                                                                                                                                                                                                                         ;                  ;                       ;
; top_level:top_level|top_proc_interp:top_proc_interp_inst|proc_interp:proc_interp_inst|processor:p_proc_interp|core:core|racc[26]                                                                                                                                                                                                                         ; Duplicated ; Router Logic Cell Insertion and Logic Duplication ; Routability optimization   ;           ;                ; top_level:top_level|top_proc_interp:top_proc_interp_inst|proc_interp:proc_interp_inst|processor:p_proc_interp|core:core|racc[26]~DUPLICATE                                                                                                                                                                                                                         ;                  ;                       ;
; top_level:top_level|top_proc_interp:top_proc_interp_inst|proc_interp:proc_interp_inst|processor:p_proc_interp|core:core|ula_in1_ctrl:uic1|stkr[17]                                                                                                                                                                                                       ; Duplicated ; Router Logic Cell Insertion and Logic Duplication ; Routability optimization   ;           ;                ; top_level:top_level|top_proc_interp:top_proc_interp_inst|proc_interp:proc_interp_inst|processor:p_proc_interp|core:core|ula_in1_ctrl:uic1|stkr[17]~DUPLICATE                                                                                                                                                                                                       ;                  ;                       ;
; top_level:top_level|top_proc_interp:top_proc_interp_inst|proc_interp:proc_interp_inst|processor:p_proc_interp|core:core|ula_in1_ctrl:uic1|stkr[18]                                                                                                                                                                                                       ; Duplicated ; Router Logic Cell Insertion and Logic Duplication ; Routability optimization   ;           ;                ; top_level:top_level|top_proc_interp:top_proc_interp_inst|proc_interp:proc_interp_inst|processor:p_proc_interp|core:core|ula_in1_ctrl:uic1|stkr[18]~DUPLICATE                                                                                                                                                                                                       ;                  ;                       ;
; top_level:top_level|top_proc_interp:top_proc_interp_inst|proc_interp:proc_interp_inst|processor:p_proc_interp|core:core|ula_in2_ctrl:uic2|ior[3]                                                                                                                                                                                                         ; Duplicated ; Router Logic Cell Insertion and Logic Duplication ; Routability optimization   ;           ;                ; top_level:top_level|top_proc_interp:top_proc_interp_inst|proc_interp:proc_interp_inst|processor:p_proc_interp|core:core|ula_in2_ctrl:uic2|ior[3]~DUPLICATE                                                                                                                                                                                                         ;                  ;                       ;
; top_level:top_level|top_proc_interp:top_proc_interp_inst|proc_interp:proc_interp_inst|processor:p_proc_interp|core:core|ula_in2_ctrl:uic2|ior[7]                                                                                                                                                                                                         ; Duplicated ; Router Logic Cell Insertion and Logic Duplication ; Routability optimization   ;           ;                ; top_level:top_level|top_proc_interp:top_proc_interp_inst|proc_interp:proc_interp_inst|processor:p_proc_interp|core:core|ula_in2_ctrl:uic2|ior[7]~DUPLICATE                                                                                                                                                                                                         ;                  ;                       ;
; top_level:top_level|top_proc_interp:top_proc_interp_inst|proc_interp:proc_interp_inst|processor:p_proc_interp|core:core|ula_in2_ctrl:uic2|ior[8]                                                                                                                                                                                                         ; Duplicated ; Router Logic Cell Insertion and Logic Duplication ; Routability optimization   ;           ;                ; top_level:top_level|top_proc_interp:top_proc_interp_inst|proc_interp:proc_interp_inst|processor:p_proc_interp|core:core|ula_in2_ctrl:uic2|ior[8]~DUPLICATE                                                                                                                                                                                                         ;                  ;                       ;
; top_level:top_level|top_proc_interp:top_proc_interp_inst|proc_interp:proc_interp_inst|processor:p_proc_interp|core:core|ula_in2_ctrl:uic2|ior[12]                                                                                                                                                                                                        ; Duplicated ; Router Logic Cell Insertion and Logic Duplication ; Routability optimization   ;           ;                ; top_level:top_level|top_proc_interp:top_proc_interp_inst|proc_interp:proc_interp_inst|processor:p_proc_interp|core:core|ula_in2_ctrl:uic2|ior[12]~DUPLICATE                                                                                                                                                                                                        ;                  ;                       ;
; top_level:top_level|top_proc_interp:top_proc_interp_inst|proc_interp:proc_interp_inst|processor:p_proc_interp|core:core|ula_in2_ctrl:uic2|ior[13]                                                                                                                                                                                                        ; Duplicated ; Router Logic Cell Insertion and Logic Duplication ; Routability optimization   ;           ;                ; top_level:top_level|top_proc_interp:top_proc_interp_inst|proc_interp:proc_interp_inst|processor:p_proc_interp|core:core|ula_in2_ctrl:uic2|ior[13]~DUPLICATE                                                                                                                                                                                                        ;                  ;                       ;
+----------------------------------------------------------------------------------------------------------------------------------------------------------------------------------------------------------------------------------------------------------------------------------------------------------------------------------------------------------+------------+---------------------------------------------------+----------------------------+-----------+----------------+--------------------------------------------------------------------------------------------------------------------------------------------------------------------------------------------------------------------------------------------------------------------------------------------------------------------------------------------------------------------+------------------+-----------------------+


+---------------------------------------------------------------------------------------------------+
; Incremental Compilation Preservation Summary                                                      ;
+---------------------+---------------------+----------------------------+--------------------------+
; Type                ; Total [A + B]       ; From Design Partitions [A] ; From Rapid Recompile [B] ;
+---------------------+---------------------+----------------------------+--------------------------+
; Placement (by node) ;                     ;                            ;                          ;
;     -- Requested    ; 0.00 % ( 0 / 9696 ) ; 0.00 % ( 0 / 9696 )        ; 0.00 % ( 0 / 9696 )      ;
;     -- Achieved     ; 0.00 % ( 0 / 9696 ) ; 0.00 % ( 0 / 9696 )        ; 0.00 % ( 0 / 9696 )      ;
;                     ;                     ;                            ;                          ;
; Routing (by net)    ;                     ;                            ;                          ;
;     -- Requested    ; 0.00 % ( 0 / 0 )    ; 0.00 % ( 0 / 0 )           ; 0.00 % ( 0 / 0 )         ;
;     -- Achieved     ; 0.00 % ( 0 / 0 )    ; 0.00 % ( 0 / 0 )           ; 0.00 % ( 0 / 0 )         ;
+---------------------+---------------------+----------------------------+--------------------------+


+----------------------------------------------------------------------------------------------------------------------------------------------------------------------------------------+
; Incremental Compilation Partition Settings                                                                                                                                             ;
+--------------------------------+----------------+-------------------+-------------------------+------------------------+------------------------------+--------------------------------+
; Partition Name                 ; Partition Type ; Netlist Type Used ; Preservation Level Used ; Netlist Type Requested ; Preservation Level Requested ; Contents                       ;
+--------------------------------+----------------+-------------------+-------------------------+------------------------+------------------------------+--------------------------------+
; Top                            ; User-created   ; Source File       ; N/A                     ; Source File            ; N/A                          ;                                ;
; sld_hub:auto_hub               ; Auto-generated ; Post-Synthesis    ; N/A                     ; Post-Synthesis         ; N/A                          ; sld_hub:auto_hub               ;
; sld_signaltap:auto_signaltap_0 ; Auto-generated ; Post-Synthesis    ; N/A                     ; Post-Synthesis         ; N/A                          ; sld_signaltap:auto_signaltap_0 ;
; hard_block:auto_generated_inst ; Auto-generated ; Source File       ; N/A                     ; Source File            ; N/A                          ; hard_block:auto_generated_inst ;
+--------------------------------+----------------+-------------------+-------------------------+------------------------+------------------------------+--------------------------------+


+------------------------------------------------------------------------------------------------------------------------------------+
; Incremental Compilation Placement Preservation                                                                                     ;
+--------------------------------+-----------------------+-------------------------+-------------------+---------------------+-------+
; Partition Name                 ; Preservation Achieved ; Preservation Level Used ; Netlist Type Used ; Preservation Method ; Notes ;
+--------------------------------+-----------------------+-------------------------+-------------------+---------------------+-------+
; Top                            ; 0.00 % ( 0 / 7418 )   ; N/A                     ; Source File       ; N/A                 ;       ;
; sld_hub:auto_hub               ; 0.00 % ( 0 / 180 )    ; N/A                     ; Post-Synthesis    ; N/A                 ;       ;
; sld_signaltap:auto_signaltap_0 ; 0.00 % ( 0 / 2080 )   ; N/A                     ; Post-Synthesis    ; N/A                 ;       ;
; hard_block:auto_generated_inst ; 0.00 % ( 0 / 18 )     ; N/A                     ; Source File       ; N/A                 ;       ;
+--------------------------------+-----------------------+-------------------------+-------------------+---------------------+-------+


+--------------+
; Pin-Out File ;
+--------------+
The pin-out file can be found in C:/Users/Ricardo/Documents/Dissertacao/Quartus/output_files/hpe.pin.


+---------------------------------------------------------------------------------------------+
; Fitter Resource Usage Summary                                                               ;
+-------------------------------------------------------------+-----------------------+-------+
; Resource                                                    ; Usage                 ; %     ;
+-------------------------------------------------------------+-----------------------+-------+
; Logic utilization (ALMs needed / total ALMs on device)      ; 4,196 / 41,910        ; 10 %  ;
; ALMs needed [=A-B+C]                                        ; 4,196                 ;       ;
;     [A] ALMs used in final placement [=a+b+c+d]             ; 4,674 / 41,910        ; 11 %  ;
;         [a] ALMs used for LUT logic and registers           ; 294                   ;       ;
;         [b] ALMs used for LUT logic                         ; 3,697                 ;       ;
;         [c] ALMs used for registers                         ; 683                   ;       ;
;         [d] ALMs used for memory (up to half of total ALMs) ; 0                     ;       ;
;     [B] Estimate of ALMs recoverable by dense packing       ; 598 / 41,910          ; 1 %   ;
;     [C] Estimate of ALMs unavailable [=a+b+c+d]             ; 120 / 41,910          ; < 1 % ;
;         [a] Due to location constrained logic               ; 0                     ;       ;
;         [b] Due to LAB-wide signal conflicts                ; 0                     ;       ;
;         [c] Due to LAB input limits                         ; 120                   ;       ;
;         [d] Due to virtual I/Os                             ; 0                     ;       ;
;                                                             ;                       ;       ;
; Difficulty packing design                                   ; Low                   ;       ;
;                                                             ;                       ;       ;
; Total LABs:  partially or completely used                   ; 652 / 4,191           ; 16 %  ;
;     -- Logic LABs                                           ; 652                   ;       ;
;     -- Memory LABs (up to half of total LABs)               ; 0                     ;       ;
;                                                             ;                       ;       ;
; Combinational ALUT usage for logic                          ; 7,019                 ;       ;
;     -- 7 input functions                                    ; 16                    ;       ;
;     -- 6 input functions                                    ; 966                   ;       ;
;     -- 5 input functions                                    ; 2,130                 ;       ;
;     -- 4 input functions                                    ; 1,510                 ;       ;
;     -- <=3 input functions                                  ; 2,397                 ;       ;
; Combinational ALUT usage for route-throughs                 ; 823                   ;       ;
;                                                             ;                       ;       ;
; Dedicated logic registers                                   ; 2,098                 ;       ;
;     -- By type:                                             ;                       ;       ;
;         -- Primary logic registers                          ; 1,952 / 83,820        ; 2 %   ;
;         -- Secondary logic registers                        ; 146 / 83,820          ; < 1 % ;
;     -- By function:                                         ;                       ;       ;
;         -- Design implementation registers                  ; 2,058                 ;       ;
;         -- Routing optimization registers                   ; 40                    ;       ;
;                                                             ;                       ;       ;
; Virtual pins                                                ; 0                     ;       ;
; I/O pins                                                    ; 3 / 314               ; < 1 % ;
;     -- Clock pins                                           ; 2 / 8                 ; 25 %  ;
;     -- Dedicated input pins                                 ; 3 / 21                ; 14 %  ;
;                                                             ;                       ;       ;
; Hard processor system peripheral utilization                ;                       ;       ;
;     -- Boot from FPGA                                       ; 0 / 1 ( 0 % )         ;       ;
;     -- Clock resets                                         ; 0 / 1 ( 0 % )         ;       ;
;     -- Cross trigger                                        ; 0 / 1 ( 0 % )         ;       ;
;     -- S2F AXI                                              ; 0 / 1 ( 0 % )         ;       ;
;     -- F2S AXI                                              ; 0 / 1 ( 0 % )         ;       ;
;     -- AXI Lightweight                                      ; 0 / 1 ( 0 % )         ;       ;
;     -- SDRAM                                                ; 0 / 1 ( 0 % )         ;       ;
;     -- Interrupts                                           ; 0 / 1 ( 0 % )         ;       ;
;     -- JTAG                                                 ; 0 / 1 ( 0 % )         ;       ;
;     -- Loan I/O                                             ; 0 / 1 ( 0 % )         ;       ;
;     -- MPU event standby                                    ; 0 / 1 ( 0 % )         ;       ;
;     -- MPU general purpose                                  ; 0 / 1 ( 0 % )         ;       ;
;     -- STM event                                            ; 0 / 1 ( 0 % )         ;       ;
;     -- TPIU trace                                           ; 0 / 1 ( 0 % )         ;       ;
;     -- DMA                                                  ; 0 / 1 ( 0 % )         ;       ;
;     -- CAN                                                  ; 0 / 2 ( 0 % )         ;       ;
;     -- EMAC                                                 ; 0 / 2 ( 0 % )         ;       ;
;     -- I2C                                                  ; 0 / 4 ( 0 % )         ;       ;
;     -- NAND Flash                                           ; 0 / 1 ( 0 % )         ;       ;
;     -- QSPI                                                 ; 0 / 1 ( 0 % )         ;       ;
;     -- SDMMC                                                ; 0 / 1 ( 0 % )         ;       ;
;     -- SPI Master                                           ; 0 / 2 ( 0 % )         ;       ;
;     -- SPI Slave                                            ; 0 / 2 ( 0 % )         ;       ;
;     -- UART                                                 ; 0 / 2 ( 0 % )         ;       ;
;     -- USB                                                  ; 0 / 2 ( 0 % )         ;       ;
;                                                             ;                       ;       ;
; M10K blocks                                                 ; 489 / 553             ; 88 %  ;
; Total MLAB memory bits                                      ; 0                     ;       ;
; Total block memory bits                                     ; 3,911,639 / 5,662,720 ; 69 %  ;
; Total block memory implementation bits                      ; 5,007,360 / 5,662,720 ; 88 %  ;
;                                                             ;                       ;       ;
; Total DSP Blocks                                            ; 4 / 112               ; 4 %   ;
;                                                             ;                       ;       ;
; Fractional PLLs                                             ; 1 / 6                 ; 17 %  ;
; Global signals                                              ; 1                     ;       ;
;     -- Global clocks                                        ; 1 / 16                ; 6 %   ;
;     -- Quadrant clocks                                      ; 0 / 66                ; 0 %   ;
;     -- Horizontal periphery clocks                          ; 0 / 18                ; 0 %   ;
; SERDES Transmitters                                         ; 0 / 100               ; 0 %   ;
; SERDES Receivers                                            ; 0 / 100               ; 0 %   ;
; JTAGs                                                       ; 1 / 1                 ; 100 % ;
; ASMI blocks                                                 ; 0 / 1                 ; 0 %   ;
; CRC blocks                                                  ; 0 / 1                 ; 0 %   ;
; Remote update blocks                                        ; 0 / 1                 ; 0 %   ;
; Oscillator blocks                                           ; 0 / 1                 ; 0 %   ;
; Impedance control blocks                                    ; 0 / 4                 ; 0 %   ;
; Hard Memory Controllers                                     ; 0 / 1                 ; 0 %   ;
; Average interconnect usage (total/H/V)                      ; 8.8% / 8.8% / 8.5%    ;       ;
; Peak interconnect usage (total/H/V)                         ; 36.1% / 36.8% / 34.2% ;       ;
; Maximum fan-out                                             ; 1127                  ;       ;
; Highest non-global fan-out                                  ; 1127                  ;       ;
; Total fan-out                                               ; 52604                 ;       ;
; Average fan-out                                             ; 5.03                  ;       ;
+-------------------------------------------------------------+-----------------------+-------+


+------------------------------------------------------------------------------------------------------------------------------------------------------------------------------+
; Fitter Partition Statistics                                                                                                                                                  ;
+-------------------------------------------------------------+-----------------------+----------------------+--------------------------------+--------------------------------+
; Statistic                                                   ; Top                   ; sld_hub:auto_hub     ; sld_signaltap:auto_signaltap_0 ; hard_block:auto_generated_inst ;
+-------------------------------------------------------------+-----------------------+----------------------+--------------------------------+--------------------------------+
; Logic utilization (ALMs needed / total ALMs on device)      ; 3702 / 41910 ( 9 % )  ; 58 / 41910 ( < 1 % ) ; 436 / 41910 ( 1 % )            ; 0 / 41910 ( 0 % )              ;
; ALMs needed [=A-B+C]                                        ; 3702                  ; 58                   ; 436                            ; 0                              ;
;     [A] ALMs used in final placement [=a+b+c+d]             ; 3855 / 41910 ( 9 % )  ; 74 / 41910 ( < 1 % ) ; 745 / 41910 ( 2 % )            ; 0 / 41910 ( 0 % )              ;
;         [a] ALMs used for LUT logic and registers           ; 142                   ; 21                   ; 131                            ; 0                              ;
;         [b] ALMs used for LUT logic                         ; 3448                  ; 29                   ; 220                            ; 0                              ;
;         [c] ALMs used for registers                         ; 265                   ; 24                   ; 394                            ; 0                              ;
;         [d] ALMs used for memory (up to half of total ALMs) ; 0                     ; 0                    ; 0                              ; 0                              ;
;     [B] Estimate of ALMs recoverable by dense packing       ; 263 / 41910 ( < 1 % ) ; 16 / 41910 ( < 1 % ) ; 319 / 41910 ( < 1 % )          ; 0 / 41910 ( 0 % )              ;
;     [C] Estimate of ALMs unavailable [=a+b+c+d]             ; 110 / 41910 ( < 1 % ) ; 0 / 41910 ( 0 % )    ; 10 / 41910 ( < 1 % )           ; 0 / 41910 ( 0 % )              ;
;         [a] Due to location constrained logic               ; 0                     ; 0                    ; 0                              ; 0                              ;
;         [b] Due to LAB-wide signal conflicts                ; 0                     ; 0                    ; 0                              ; 0                              ;
;         [c] Due to LAB input limits                         ; 110                   ; 0                    ; 10                             ; 0                              ;
;         [d] Due to virtual I/Os                             ; 0                     ; 0                    ; 0                              ; 0                              ;
;                                                             ;                       ;                      ;                                ;                                ;
; Difficulty packing design                                   ; Low                   ; Low                  ; Low                            ; Low                            ;
;                                                             ;                       ;                      ;                                ;                                ;
; Total LABs:  partially or completely used                   ; 503 / 4191 ( 12 % )   ; 13 / 4191 ( < 1 % )  ; 141 / 4191 ( 3 % )             ; 0 / 4191 ( 0 % )               ;
;     -- Logic LABs                                           ; 503                   ; 13                   ; 141                            ; 0                              ;
;     -- Memory LABs (up to half of total LABs)               ; 0                     ; 0                    ; 0                              ; 0                              ;
;                                                             ;                       ;                      ;                                ;                                ;
; Combinational ALUT usage for logic                          ; 6416                  ; 90                   ; 513                            ; 0                              ;
;     -- 7 input functions                                    ; 13                    ; 1                    ; 2                              ; 0                              ;
;     -- 6 input functions                                    ; 727                   ; 13                   ; 226                            ; 0                              ;
;     -- 5 input functions                                    ; 2002                  ; 24                   ; 104                            ; 0                              ;
;     -- 4 input functions                                    ; 1465                  ; 15                   ; 30                             ; 0                              ;
;     -- <=3 input functions                                  ; 2209                  ; 37                   ; 151                            ; 0                              ;
; Combinational ALUT usage for route-throughs                 ; 268                   ; 25                   ; 530                            ; 0                              ;
; Memory ALUT usage                                           ; 0                     ; 0                    ; 0                              ; 0                              ;
;     -- 64-address deep                                      ; 0                     ; 0                    ; 0                              ; 0                              ;
;     -- 32-address deep                                      ; 0                     ; 0                    ; 0                              ; 0                              ;
;                                                             ;                       ;                      ;                                ;                                ;
; Dedicated logic registers                                   ; 0                     ; 0                    ; 0                              ; 0                              ;
;     -- By type:                                             ;                       ;                      ;                                ;                                ;
;         -- Primary logic registers                          ; 813 / 83820 ( < 1 % ) ; 90 / 83820 ( < 1 % ) ; 1049 / 83820 ( 1 % )           ; 0 / 83820 ( 0 % )              ;
;         -- Secondary logic registers                        ; 52 / 83820 ( < 1 % )  ; 6 / 83820 ( < 1 % )  ; 88 / 83820 ( < 1 % )           ; 0 / 83820 ( 0 % )              ;
;     -- By function:                                         ;                       ;                      ;                                ;                                ;
;         -- Design implementation registers                  ; 847                   ; 90                   ; 1121                           ; 0                              ;
;         -- Routing optimization registers                   ; 18                    ; 6                    ; 16                             ; 0                              ;
;                                                             ;                       ;                      ;                                ;                                ;
;                                                             ;                       ;                      ;                                ;                                ;
; Virtual pins                                                ; 0                     ; 0                    ; 0                              ; 0                              ;
; I/O pins                                                    ; 1                     ; 0                    ; 0                              ; 2                              ;
; I/O registers                                               ; 0                     ; 0                    ; 0                              ; 0                              ;
; Total block memory bits                                     ; 241623                ; 0                    ; 3670016                        ; 0                              ;
; Total block memory implementation bits                      ; 419840                ; 0                    ; 4587520                        ; 0                              ;
; JTAG                                                        ; 0 / 1 ( 0 % )         ; 0 / 1 ( 0 % )        ; 0 / 1 ( 0 % )                  ; 1 / 1 ( 100 % )                ;
; M10K block                                                  ; 41 / 553 ( 7 % )      ; 0 / 553 ( 0 % )      ; 448 / 553 ( 81 % )             ; 0 / 553 ( 0 % )                ;
; DSP block                                                   ; 4 / 112 ( 3 % )       ; 0 / 112 ( 0 % )      ; 0 / 112 ( 0 % )                ; 0 / 112 ( 0 % )                ;
; Clock enable block                                          ; 0 / 116 ( 0 % )       ; 0 / 116 ( 0 % )      ; 0 / 116 ( 0 % )                ; 1 / 116 ( < 1 % )              ;
; Fractional PLL                                              ; 0 / 6 ( 0 % )         ; 0 / 6 ( 0 % )        ; 0 / 6 ( 0 % )                  ; 1 / 6 ( 16 % )                 ;
; PLL Output Counter                                          ; 0 / 54 ( 0 % )        ; 0 / 54 ( 0 % )       ; 0 / 54 ( 0 % )                 ; 1 / 54 ( 1 % )                 ;
; PLL Reconfiguration Block                                   ; 0 / 6 ( 0 % )         ; 0 / 6 ( 0 % )        ; 0 / 6 ( 0 % )                  ; 1 / 6 ( 16 % )                 ;
; PLL Reference Clock Select Block                            ; 0 / 6 ( 0 % )         ; 0 / 6 ( 0 % )        ; 0 / 6 ( 0 % )                  ; 1 / 6 ( 16 % )                 ;
;                                                             ;                       ;                      ;                                ;                                ;
; Connections                                                 ;                       ;                      ;                                ;                                ;
;     -- Input Connections                                    ; 925                   ; 139                  ; 2866                           ; 1                              ;
;     -- Registered Input Connections                         ; 865                   ; 105                  ; 1225                           ; 0                              ;
;     -- Output Connections                                   ; 1211                  ; 694                  ; 34                             ; 1992                           ;
;     -- Registered Output Connections                        ; 80                    ; 694                  ; 0                              ; 0                              ;
;                                                             ;                       ;                      ;                                ;                                ;
; Internal Connections                                        ;                       ;                      ;                                ;                                ;
;     -- Total Connections                                    ; 33518                 ; 1381                 ; 27522                          ; 2035                           ;
;     -- Registered Connections                               ; 3816                  ; 1170                 ; 22439                          ; 0                              ;
;                                                             ;                       ;                      ;                                ;                                ;
; External Connections                                        ;                       ;                      ;                                ;                                ;
;     -- Top                                                  ; 0                     ; 0                    ; 1211                           ; 925                            ;
;     -- sld_hub:auto_hub                                     ; 0                     ; 20                   ; 685                            ; 128                            ;
;     -- sld_signaltap:auto_signaltap_0                       ; 1211                  ; 685                  ; 64                             ; 940                            ;
;     -- hard_block:auto_generated_inst                       ; 925                   ; 128                  ; 940                            ; 0                              ;
;                                                             ;                       ;                      ;                                ;                                ;
; Partition Interface                                         ;                       ;                      ;                                ;                                ;
;     -- Input Ports                                          ; 5                     ; 45                   ; 237                            ; 6                              ;
;     -- Output Ports                                         ; 59                    ; 62                   ; 127                            ; 12                             ;
;     -- Bidir Ports                                          ; 0                     ; 0                    ; 0                              ; 0                              ;
;                                                             ;                       ;                      ;                                ;                                ;
; Registered Ports                                            ;                       ;                      ;                                ;                                ;
;     -- Registered Input Ports                               ; 0                     ; 4                    ; 54                             ; 0                              ;
;     -- Registered Output Ports                              ; 0                     ; 29                   ; 113                            ; 0                              ;
;                                                             ;                       ;                      ;                                ;                                ;
; Port Connectivity                                           ;                       ;                      ;                                ;                                ;
;     -- Input Ports driven by GND                            ; 0                     ; 0                    ; 20                             ; 0                              ;
;     -- Output Ports driven by GND                           ; 0                     ; 28                   ; 2                              ; 0                              ;
;     -- Input Ports driven by VCC                            ; 0                     ; 0                    ; 12                             ; 0                              ;
;     -- Output Ports driven by VCC                           ; 0                     ; 0                    ; 1                              ; 0                              ;
;     -- Input Ports with no Source                           ; 0                     ; 25                   ; 60                             ; 0                              ;
;     -- Output Ports with no Source                          ; 0                     ; 0                    ; 0                              ; 0                              ;
;     -- Input Ports with no Fanout                           ; 0                     ; 30                   ; 74                             ; 0                              ;
;     -- Output Ports with no Fanout                          ; 0                     ; 29                   ; 115                            ; 0                              ;
+-------------------------------------------------------------+-----------------------+----------------------+--------------------------------+--------------------------------+


+---------------------------------------------------------------------------------------------------------------------------------------------------------------------------------------------------------------------------------------------------------------------------------------+
; Input Pins                                                                                                                                                                                                                                                                            ;
+--------+-------+----------+--------------+--------------+--------------+-----------------------+--------------------+--------+----------------+-----------------+----------+--------------+--------------+-------------+---------------------------+----------------------+-----------+
; Name   ; Pin # ; I/O Bank ; X coordinate ; Y coordinate ; Z coordinate ; Combinational Fan-Out ; Registered Fan-Out ; Global ; Input Register ; PCI I/O Enabled ; Bus Hold ; Weak Pull Up ; I/O Standard ; Termination ; Termination Control Block ; Location assigned by ; Slew Rate ;
+--------+-------+----------+--------------+--------------+--------------+-----------------------+--------------------+--------+----------------+-----------------+----------+--------------+--------------+-------------+---------------------------+----------------------+-----------+
; clk_50 ; V11   ; 3B       ; 32           ; 0            ; 0            ; 1                     ; 0                  ; no     ; no             ; no              ; no       ; Off          ; 2.5 V        ; Off         ; --                        ; User                 ; no        ;
; rst_n  ; AH17  ; 4A       ; 64           ; 0            ; 34           ; 10                    ; 0                  ; no     ; no             ; no              ; no       ; Off          ; 2.5 V        ; Off         ; --                        ; User                 ; no        ;
+--------+-------+----------+--------------+--------------+--------------+-----------------------+--------------------+--------+----------------+-----------------+----------+--------------+--------------+-------------+---------------------------+----------------------+-----------+


+--------------------------------------------------------------------------------------------------------------------------------------------------------------------------------------------------------------------------------------------------------------------------------------------------------------------------------------------------------------------------------------------------------------------------------------------------------------------------------------------+
; Output Pins                                                                                                                                                                                                                                                                                                                                                                                                                                                                                ;
+-------+-------+----------+--------------+--------------+--------------+-----------------+------------------------+-----------+-----------------+------------+---------------+----------+--------------+--------------+------------------+-----------------------------------+---------------------------+----------------------------+-----------------------------+---------------------+-----------------------------+----------------------+----------------------+---------------------+
; Name  ; Pin # ; I/O Bank ; X coordinate ; Y coordinate ; Z coordinate ; Output Register ; Output Enable Register ; Slew Rate ; PCI I/O Enabled ; Open Drain ; TRI Primitive ; Bus Hold ; Weak Pull Up ; I/O Standard ; Current Strength ; Termination                       ; Termination Control Block ; Output Buffer Pre-emphasis ; Voltage Output Differential ; Output Buffer Delay ; Output Buffer Delay Control ; Location assigned by ; Output Enable Source ; Output Enable Group ;
+-------+-------+----------+--------------+--------------+--------------+-----------------+------------------------+-----------+-----------------+------------+---------------+----------+--------------+--------------+------------------+-----------------------------------+---------------------------+----------------------------+-----------------------------+---------------------+-----------------------------+----------------------+----------------------+---------------------+
; teste ; V12   ; 3B       ; 40           ; 0            ; 0            ; no              ; no                     ; 1         ; no              ; no         ; no            ; no       ; Off          ; 2.5 V        ; Default          ; Series 50 Ohm without Calibration ; --                        ; no                         ; no                          ; 0                   ; Off                         ; User                 ; -                    ; -                   ;
+-------+-------+----------+--------------+--------------+--------------+-----------------+------------------------+-----------+-----------------+------------+---------------+----------+--------------+--------------+------------------+-----------------------------------+---------------------------+----------------------------+-----------------------------+---------------------+-----------------------------+----------------------+----------------------+---------------------+


+--------------------------------------------------------------------------+
; I/O Bank Usage                                                           ;
+----------+----------------+---------------+--------------+---------------+
; I/O Bank ; Usage          ; VCCIO Voltage ; VREF Voltage ; VCCPD Voltage ;
+----------+----------------+---------------+--------------+---------------+
; B2L      ; 0 / 0 ( -- )   ; --            ; --           ; --            ;
; B1L      ; 0 / 0 ( -- )   ; --            ; --           ; --            ;
; 3A       ; 0 / 16 ( 0 % ) ; 2.5V          ; --           ; 2.5V          ;
; 3B       ; 2 / 32 ( 6 % ) ; 2.5V          ; --           ; 2.5V          ;
; 4A       ; 1 / 68 ( 1 % ) ; 2.5V          ; --           ; 2.5V          ;
; 5A       ; 0 / 16 ( 0 % ) ; 2.5V          ; --           ; 2.5V          ;
; 5B       ; 0 / 7 ( 0 % )  ; 2.5V          ; --           ; 2.5V          ;
; 6B       ; 0 / 44 ( 0 % ) ; 2.5V          ; --           ; 2.5V          ;
; 6A       ; 0 / 56 ( 0 % ) ; 2.5V          ; --           ; 2.5V          ;
; 7A       ; 0 / 19 ( 0 % ) ; 2.5V          ; --           ; 2.5V          ;
; 7B       ; 0 / 22 ( 0 % ) ; 2.5V          ; --           ; 2.5V          ;
; 7C       ; 0 / 12 ( 0 % ) ; 2.5V          ; --           ; 2.5V          ;
; 7D       ; 0 / 14 ( 0 % ) ; 2.5V          ; --           ; 2.5V          ;
; 8A       ; 0 / 6 ( 0 % )  ; 2.5V          ; --           ; 2.5V          ;
+----------+----------------+---------------+--------------+---------------+


+-----------------------------------------------------------------------------------------------------------------------------------------------------------------------------------+
; All Package Pins                                                                                                                                                                  ;
+----------+------------+----------------+---------------------------------+--------+--------------+---------------------+--------------+-----------------+----------+--------------+
; Location ; Pad Number ; I/O Bank       ; Pin Name/Usage                  ; Dir.   ; I/O Standard ; Voltage             ; I/O Type     ; User Assignment ; Bus Hold ; Weak Pull Up ;
+----------+------------+----------------+---------------------------------+--------+--------------+---------------------+--------------+-----------------+----------+--------------+
; A2       ;            ;                ; DNU                             ;        ;              ;                     ; --           ;                 ; --       ; --           ;
; A3       ;            ;                ; GND                             ; gnd    ;              ;                     ; --           ;                 ; --       ; --           ;
; A4       ; 435        ; 7C             ; RESERVED_INPUT_WITH_WEAK_PULLUP ;        ;              ;                     ; Column I/O   ;                 ; no       ; On           ;
; A5       ; 431        ; 7C             ; RESERVED_INPUT_WITH_WEAK_PULLUP ;        ;              ;                     ; Column I/O   ;                 ; no       ; On           ;
; A6       ; 425        ; 7B             ; RESERVED_INPUT_WITH_WEAK_PULLUP ;        ;              ;                     ; Column I/O   ;                 ; no       ; On           ;
; A7       ; 423        ; 7B             ; RESERVED_INPUT_WITH_WEAK_PULLUP ;        ;              ;                     ; Column I/O   ;                 ; no       ; On           ;
; A8       ; 421        ; 7B             ; RESERVED_INPUT_WITH_WEAK_PULLUP ;        ;              ;                     ; Column I/O   ;                 ; no       ; On           ;
; A9       ; 419        ; 7B             ; RESERVED_INPUT_WITH_WEAK_PULLUP ;        ;              ;                     ; Column I/O   ;                 ; no       ; On           ;
; A10      ;            ;                ; GND                             ; gnd    ;              ;                     ; --           ;                 ; --       ; --           ;
; A11      ; 417        ; 7B             ; RESERVED_INPUT_WITH_WEAK_PULLUP ;        ;              ;                     ; Column I/O   ;                 ; no       ; On           ;
; A12      ; 415        ; 7B             ; RESERVED_INPUT_WITH_WEAK_PULLUP ;        ;              ;                     ; Column I/O   ;                 ; no       ; On           ;
; A13      ; 413        ; 7B             ; RESERVED_INPUT_WITH_WEAK_PULLUP ;        ;              ;                     ; Column I/O   ;                 ; no       ; On           ;
; A14      ; 411        ; 7B             ; RESERVED_INPUT_WITH_WEAK_PULLUP ;        ;              ;                     ; Column I/O   ;                 ; no       ; On           ;
; A15      ; 409        ; 7B             ; RESERVED_INPUT_WITH_WEAK_PULLUP ;        ;              ;                     ; Column I/O   ;                 ; no       ; On           ;
; A16      ; 407        ; 7B             ; RESERVED_INPUT_WITH_WEAK_PULLUP ;        ;              ;                     ; Column I/O   ;                 ; no       ; On           ;
; A17      ; 399        ; 7A             ; RESERVED_INPUT_WITH_WEAK_PULLUP ;        ;              ;                     ; Column I/O   ;                 ; no       ; On           ;
; A18      ; 395        ; 7A             ; RESERVED_INPUT_WITH_WEAK_PULLUP ;        ;              ;                     ; Column I/O   ;                 ; no       ; On           ;
; A19      ; 393        ; 7A             ; RESERVED_INPUT_WITH_WEAK_PULLUP ;        ;              ;                     ; Column I/O   ;                 ; no       ; On           ;
; A20      ; 391        ; 7A             ; RESERVED_INPUT_WITH_WEAK_PULLUP ;        ;              ;                     ; Column I/O   ;                 ; no       ; On           ;
; A21      ; 389        ; 7A             ; RESERVED_INPUT_WITH_WEAK_PULLUP ;        ;              ;                     ; Column I/O   ;                 ; no       ; On           ;
; A22      ; 387        ; 7A             ; RESERVED_INPUT_WITH_WEAK_PULLUP ;        ;              ;                     ; Column I/O   ;                 ; no       ; On           ;
; A23      ; 374        ; 7A             ; ^HPS_nRST                       ;        ;              ;                     ; --           ;                 ; --       ; --           ;
; A24      ; 361        ; 6A             ; RESERVED_INPUT_WITH_WEAK_PULLUP ;        ;              ;                     ; Row I/O      ;                 ; no       ; On           ;
; A25      ; 359        ; 6A             ; RESERVED_INPUT_WITH_WEAK_PULLUP ;        ;              ;                     ; Row I/O      ;                 ; no       ; On           ;
; A26      ; 357        ; 6A             ; RESERVED_INPUT_WITH_WEAK_PULLUP ;        ;              ;                     ; Row I/O      ;                 ; no       ; On           ;
; A27      ; 353        ; 6A             ; RESERVED_INPUT_WITH_WEAK_PULLUP ;        ;              ;                     ; Row I/O      ;                 ; no       ; On           ;
; AA1      ;            ;                ; GND                             ; gnd    ;              ;                     ; --           ;                 ; --       ; --           ;
; AA2      ;            ;                ; GND                             ; gnd    ;              ;                     ; --           ;                 ; --       ; --           ;
; AA3      ;            ;                ; GND                             ; gnd    ;              ;                     ; --           ;                 ; --       ; --           ;
; AA4      ; 59         ; 3A             ; RESERVED_INPUT_WITH_WEAK_PULLUP ;        ;              ;                     ; Column I/O   ;                 ; no       ; On           ;
; AA5      ;            ; 3A             ; VCCIO3A                         ; power  ;              ; 2.5V                ; --           ;                 ; --       ; --           ;
; AA6      ; 43         ; 3A             ; ^nCSO, DATA4                    ;        ;              ;                     ; Weak Pull Up ;                 ; --       ; On           ;
; AA8      ; 50         ; 3A             ; ^DCLK                           ;        ;              ;                     ; Weak Pull Up ;                 ; --       ; On           ;
; AA9      ;            ;                ; GND                             ; gnd    ;              ;                     ; --           ;                 ; --       ; --           ;
; AA10     ;            ; 3A             ; VCCPD3A                         ; power  ;              ; 2.5V                ; --           ;                 ; --       ; --           ;
; AA11     ; 64         ; 3A             ; RESERVED_INPUT_WITH_WEAK_PULLUP ;        ;              ;                     ; Column I/O   ;                 ; no       ; On           ;
; AA12     ;            ; 3B             ; VCCIO3B                         ; power  ;              ; 2.5V                ; --           ;                 ; --       ; --           ;
; AA13     ; 144        ; 4A             ; RESERVED_INPUT_WITH_WEAK_PULLUP ;        ;              ;                     ; Column I/O   ;                 ; no       ; On           ;
; AA14     ;            ; 3B, 4A         ; VCCPD3B4A                       ; power  ;              ; 2.5V                ; --           ;                 ; --       ; --           ;
; AA15     ; 160        ; 4A             ; RESERVED_INPUT_WITH_WEAK_PULLUP ;        ;              ;                     ; Column I/O   ;                 ; no       ; On           ;
; AA16     ;            ; 4A             ; VCCIO4A                         ; power  ;              ; 2.5V                ; --           ;                 ; --       ; --           ;
; AA17     ;            ;                ; GND                             ; gnd    ;              ;                     ; --           ;                 ; --       ; --           ;
; AA18     ; 168        ; 4A             ; RESERVED_INPUT_WITH_WEAK_PULLUP ;        ;              ;                     ; Column I/O   ;                 ; no       ; On           ;
; AA19     ; 170        ; 4A             ; RESERVED_INPUT_WITH_WEAK_PULLUP ;        ;              ;                     ; Column I/O   ;                 ; no       ; On           ;
; AA20     ; 213        ; 5A             ; RESERVED_INPUT_WITH_WEAK_PULLUP ;        ;              ;                     ; Row I/O      ;                 ; no       ; On           ;
; AA21     ;            ; --             ; VCCA_FPLL                       ; power  ;              ; 2.5V                ; --           ;                 ; --       ; --           ;
; AA23     ; 226        ; 5A             ; RESERVED_INPUT_WITH_WEAK_PULLUP ;        ;              ;                     ; Row I/O      ;                 ; no       ; On           ;
; AA24     ; 224        ; 5A             ; RESERVED_INPUT_WITH_WEAK_PULLUP ;        ;              ;                     ; Row I/O      ;                 ; no       ; On           ;
; AA25     ;            ; 5B             ; VREFB5BN0                       ; power  ;              ;                     ; --           ;                 ; --       ; --           ;
; AA26     ; 255        ; 5B             ; RESERVED_INPUT_WITH_WEAK_PULLUP ;        ;              ;                     ; Row I/O      ;                 ; no       ; On           ;
; AA27     ; 279        ; 6B             ; RESERVED_INPUT_WITH_WEAK_PULLUP ;        ;              ;                     ; Row I/O      ;                 ; no       ; On           ;
; AA28     ; 289        ; 6B             ; RESERVED_INPUT_WITH_WEAK_PULLUP ;        ;              ;                     ; Row I/O      ;                 ; no       ; On           ;
; AB1      ;            ;                ; GND                             ; gnd    ;              ;                     ; --           ;                 ; --       ; --           ;
; AB2      ;            ;                ; GND                             ; gnd    ;              ;                     ; --           ;                 ; --       ; --           ;
; AB3      ;            ;                ; GND                             ; gnd    ;              ;                     ; --           ;                 ; --       ; --           ;
; AB4      ; 57         ; 3A             ; RESERVED_INPUT_WITH_WEAK_PULLUP ;        ;              ;                     ; Column I/O   ;                 ; no       ; On           ;
; AB5      ; 46         ; 3A             ; altera_reserved_tck             ; input  ; 2.5 V        ;                     ; --           ; N               ; no       ; Off          ;
; AB6      ; 45         ; 3A             ; ^AS_DATA3, DATA3                ;        ;              ;                     ; Weak Pull Up ;                 ; --       ; On           ;
; AB23     ; 222        ; 5A             ; RESERVED_INPUT_WITH_WEAK_PULLUP ;        ;              ;                     ; Row I/O      ;                 ; no       ; On           ;
; AB24     ;            ;                ; GND                             ; gnd    ;              ;                     ; --           ;                 ; --       ; --           ;
; AB25     ; 259        ; 5B             ; RESERVED_INPUT_WITH_WEAK_PULLUP ;        ;              ;                     ; Row I/O      ;                 ; no       ; On           ;
; AB26     ; 253        ; 5B             ; RESERVED_INPUT_WITH_WEAK_PULLUP ;        ;              ;                     ; Row I/O      ;                 ; no       ; On           ;
; AB27     ;            ;                ; GND                             ; gnd    ;              ;                     ; --           ;                 ; --       ; --           ;
; AB28     ; 277        ; 6B             ; RESERVED_INPUT_WITH_WEAK_PULLUP ;        ;              ;                     ; Row I/O      ;                 ; no       ; On           ;
; AC1      ;            ;                ; GND                             ; gnd    ;              ;                     ; --           ;                 ; --       ; --           ;
; AC2      ;            ;                ; GND                             ; gnd    ;              ;                     ; --           ;                 ; --       ; --           ;
; AC3      ;            ;                ; GND                             ; gnd    ;              ;                     ; --           ;                 ; --       ; --           ;
; AC4      ; 63         ; 3A             ; RESERVED_INPUT_WITH_WEAK_PULLUP ;        ;              ;                     ; Column I/O   ;                 ; no       ; On           ;
; AC5      ; 47         ; 3A             ; ^AS_DATA2, DATA2                ;        ;              ;                     ; Weak Pull Up ;                 ; --       ; On           ;
; AC6      ; 49         ; 3A             ; ^AS_DATA1, DATA1                ;        ;              ;                     ; Weak Pull Up ;                 ; --       ; On           ;
; AC7      ; 44         ; 3A             ; altera_reserved_tms             ; input  ; 2.5 V        ;                     ; --           ; N               ; no       ; Off          ;
; AC8      ;            ; --             ; VCC_AUX                         ; power  ;              ; 2.5V                ; --           ;                 ; --       ; --           ;
; AC21     ;            ; --             ; VCC_AUX                         ; power  ;              ; 2.5V                ; --           ;                 ; --       ; --           ;
; AC22     ; 202        ; 4A             ; RESERVED_INPUT_WITH_WEAK_PULLUP ;        ;              ;                     ; Column I/O   ;                 ; no       ; On           ;
; AC23     ; 200        ; 4A             ; RESERVED_INPUT_WITH_WEAK_PULLUP ;        ;              ;                     ; Column I/O   ;                 ; no       ; On           ;
; AC24     ; 220        ; 5A             ; RESERVED_INPUT_WITH_WEAK_PULLUP ;        ;              ;                     ; Row I/O      ;                 ; no       ; On           ;
; AC25     ;            ; 5A             ; VCCIO5A                         ; power  ;              ; 2.5V                ; --           ;                 ; --       ; --           ;
; AC26     ;            ; 5A             ; VREFB5AN0                       ; power  ;              ;                     ; --           ;                 ; --       ; --           ;
; AC27     ; 275        ; 6B             ; RESERVED_INPUT_WITH_WEAK_PULLUP ;        ;              ;                     ; Row I/O      ;                 ; no       ; On           ;
; AC28     ; 273        ; 6B             ; RESERVED_INPUT_WITH_WEAK_PULLUP ;        ;              ;                     ; Row I/O      ;                 ; no       ; On           ;
; AD1      ;            ;                ; DNU                             ;        ;              ;                     ; --           ;                 ; --       ; --           ;
; AD2      ;            ;                ; DNU                             ;        ;              ;                     ; --           ;                 ; --       ; --           ;
; AD3      ;            ;                ; GND                             ; gnd    ;              ;                     ; --           ;                 ; --       ; --           ;
; AD4      ; 61         ; 3A             ; RESERVED_INPUT_WITH_WEAK_PULLUP ;        ;              ;                     ; Column I/O   ;                 ; no       ; On           ;
; AD5      ; 67         ; 3A             ; RESERVED_INPUT_WITH_WEAK_PULLUP ;        ;              ;                     ; Column I/O   ;                 ; no       ; On           ;
; AD6      ;            ;                ; GND                             ; gnd    ;              ;                     ; --           ;                 ; --       ; --           ;
; AD7      ; 51         ; 3A             ; ^AS_DATA0, ASDO, DATA0          ;        ;              ;                     ; Weak Pull Up ;                 ; --       ; On           ;
; AD8      ;            ;                ; GND                             ; gnd    ;              ;                     ; --           ;                 ; --       ; --           ;
; AD9      ;            ; 3B, 4A         ; VCCPD3B4A                       ; power  ;              ; 2.5V                ; --           ;                 ; --       ; --           ;
; AD10     ; 103        ; 3B             ; RESERVED_INPUT_WITH_WEAK_PULLUP ;        ;              ;                     ; Column I/O   ;                 ; no       ; On           ;
; AD11     ; 111        ; 3B             ; RESERVED_INPUT_WITH_WEAK_PULLUP ;        ;              ;                     ; Column I/O   ;                 ; no       ; On           ;
; AD12     ; 125        ; 3B             ; RESERVED_INPUT_WITH_WEAK_PULLUP ;        ;              ;                     ; Column I/O   ;                 ; no       ; On           ;
; AD13     ;            ; 3B, 4A         ; VCCPD3B4A                       ; power  ;              ; 2.5V                ; --           ;                 ; --       ; --           ;
; AD14     ;            ;                ; GND                             ; gnd    ;              ;                     ; --           ;                 ; --       ; --           ;
; AD15     ;            ; --             ; VCC_AUX                         ; power  ;              ; 2.5V                ; --           ;                 ; --       ; --           ;
; AD16     ;            ; 3B, 4A         ; VCCPD3B4A                       ; power  ;              ; 2.5V                ; --           ;                 ; --       ; --           ;
; AD17     ; 159        ; 4A             ; RESERVED_INPUT_WITH_WEAK_PULLUP ;        ;              ;                     ; Column I/O   ;                 ; no       ; On           ;
; AD18     ;            ; 3B, 4A         ; VCCPD3B4A                       ; power  ;              ; 2.5V                ; --           ;                 ; --       ; --           ;
; AD19     ; 165        ; 4A             ; RESERVED_INPUT_WITH_WEAK_PULLUP ;        ;              ;                     ; Column I/O   ;                 ; no       ; On           ;
; AD20     ; 173        ; 4A             ; RESERVED_INPUT_WITH_WEAK_PULLUP ;        ;              ;                     ; Column I/O   ;                 ; no       ; On           ;
; AD21     ;            ; 3B, 4A         ; VCCPD3B4A                       ; power  ;              ; 2.5V                ; --           ;                 ; --       ; --           ;
; AD22     ;            ;                ; GND                             ; gnd    ;              ;                     ; --           ;                 ; --       ; --           ;
; AD23     ; 186        ; 4A             ; RESERVED_INPUT_WITH_WEAK_PULLUP ;        ;              ;                     ; Column I/O   ;                 ; no       ; On           ;
; AD24     ;            ; --             ; VCCPGM                          ; power  ;              ; 1.8V/2.5V/3.0V/3.3V ; --           ;                 ; --       ; --           ;
; AD25     ;            ;                ; GND                             ; gnd    ;              ;                     ; --           ;                 ; --       ; --           ;
; AD26     ; 218        ; 5A             ; RESERVED_INPUT_WITH_WEAK_PULLUP ;        ;              ;                     ; Row I/O      ;                 ; no       ; On           ;
; AD27     ;            ; 6B             ; VCCIO6B_HPS                     ; power  ;              ; 2.5V                ; --           ;                 ; --       ; --           ;
; AD28     ; 263        ; 6B             ; RESERVED_INPUT_WITH_WEAK_PULLUP ;        ;              ;                     ; Row I/O      ;                 ; no       ; On           ;
; AE1      ;            ;                ; GND                             ; gnd    ;              ;                     ; --           ;                 ; --       ; --           ;
; AE2      ;            ;                ; GND                             ; gnd    ;              ;                     ; --           ;                 ; --       ; --           ;
; AE3      ;            ;                ; GND                             ; gnd    ;              ;                     ; --           ;                 ; --       ; --           ;
; AE4      ; 102        ; 3B             ; RESERVED_INPUT_WITH_WEAK_PULLUP ;        ;              ;                     ; Column I/O   ;                 ; no       ; On           ;
; AE5      ;            ; 3A             ; VREFB3AN0                       ; power  ;              ;                     ; --           ;                 ; --       ; --           ;
; AE6      ; 65         ; 3A             ; RESERVED_INPUT_WITH_WEAK_PULLUP ;        ;              ;                     ; Column I/O   ;                 ; no       ; On           ;
; AE7      ; 107        ; 3B             ; RESERVED_INPUT_WITH_WEAK_PULLUP ;        ;              ;                     ; Column I/O   ;                 ; no       ; On           ;
; AE8      ; 110        ; 3B             ; RESERVED_INPUT_WITH_WEAK_PULLUP ;        ;              ;                     ; Column I/O   ;                 ; no       ; On           ;
; AE9      ; 101        ; 3B             ; RESERVED_INPUT_WITH_WEAK_PULLUP ;        ;              ;                     ; Column I/O   ;                 ; no       ; On           ;
; AE10     ;            ; 3B             ; VCCIO3B                         ; power  ;              ; 2.5V                ; --           ;                 ; --       ; --           ;
; AE11     ; 109        ; 3B             ; RESERVED_INPUT_WITH_WEAK_PULLUP ;        ;              ;                     ; Column I/O   ;                 ; no       ; On           ;
; AE12     ; 127        ; 3B             ; RESERVED_INPUT_WITH_WEAK_PULLUP ;        ;              ;                     ; Column I/O   ;                 ; no       ; On           ;
; AE13     ;            ; 3B             ; VCCIO3B                         ; power  ;              ; 2.5V                ; --           ;                 ; --       ; --           ;
; AE14     ;            ;                ; DNU                             ;        ;              ;                     ; --           ;                 ; --       ; --           ;
; AE15     ; 141        ; 4A             ; RESERVED_INPUT_WITH_WEAK_PULLUP ;        ;              ;                     ; Column I/O   ;                 ; no       ; On           ;
; AE16     ;            ;                ; GND                             ; gnd    ;              ;                     ; --           ;                 ; --       ; --           ;
; AE17     ; 157        ; 4A             ; RESERVED_INPUT_WITH_WEAK_PULLUP ;        ;              ;                     ; Column I/O   ;                 ; no       ; On           ;
; AE18     ;            ;                ; GND                             ; gnd    ;              ;                     ; --           ;                 ; --       ; --           ;
; AE19     ; 167        ; 4A             ; RESERVED_INPUT_WITH_WEAK_PULLUP ;        ;              ;                     ; Column I/O   ;                 ; no       ; On           ;
; AE20     ; 175        ; 4A             ; RESERVED_INPUT_WITH_WEAK_PULLUP ;        ;              ;                     ; Column I/O   ;                 ; no       ; On           ;
; AE21     ;            ; 4A             ; VCCIO4A                         ; power  ;              ; 2.5V                ; --           ;                 ; --       ; --           ;
; AE22     ; 184        ; 4A             ; RESERVED_INPUT_WITH_WEAK_PULLUP ;        ;              ;                     ; Column I/O   ;                 ; no       ; On           ;
; AE23     ; 197        ; 4A             ; RESERVED_INPUT_WITH_WEAK_PULLUP ;        ;              ;                     ; Column I/O   ;                 ; no       ; On           ;
; AE24     ; 199        ; 4A             ; RESERVED_INPUT_WITH_WEAK_PULLUP ;        ;              ;                     ; Column I/O   ;                 ; no       ; On           ;
; AE25     ; 216        ; 5A             ; RESERVED_INPUT_WITH_WEAK_PULLUP ;        ;              ;                     ; Row I/O      ;                 ; no       ; On           ;
; AE26     ; 214        ; 5A             ; RESERVED_INPUT_WITH_WEAK_PULLUP ;        ;              ;                     ; Row I/O      ;                 ; no       ; On           ;
; AE27     ; 265        ; 6B             ; RESERVED_INPUT_WITH_WEAK_PULLUP ;        ;              ;                     ; Row I/O      ;                 ; no       ; On           ;
; AE28     ; 261        ; 6B             ; RESERVED_INPUT_WITH_WEAK_PULLUP ;        ;              ;                     ; Row I/O      ;                 ; no       ; On           ;
; AF1      ;            ;                ; GND                             ; gnd    ;              ;                     ; --           ;                 ; --       ; --           ;
; AF2      ;            ;                ; GND                             ; gnd    ;              ;                     ; --           ;                 ; --       ; --           ;
; AF3      ;            ;                ; GND                             ; gnd    ;              ;                     ; --           ;                 ; --       ; --           ;
; AF4      ; 100        ; 3B             ; RESERVED_INPUT_WITH_WEAK_PULLUP ;        ;              ;                     ; Column I/O   ;                 ; no       ; On           ;
; AF5      ; 115        ; 3B             ; RESERVED_INPUT_WITH_WEAK_PULLUP ;        ;              ;                     ; Column I/O   ;                 ; no       ; On           ;
; AF6      ; 113        ; 3B             ; RESERVED_INPUT_WITH_WEAK_PULLUP ;        ;              ;                     ; Column I/O   ;                 ; no       ; On           ;
; AF7      ; 118        ; 3B             ; RESERVED_INPUT_WITH_WEAK_PULLUP ;        ;              ;                     ; Column I/O   ;                 ; no       ; On           ;
; AF8      ; 105        ; 3B             ; RESERVED_INPUT_WITH_WEAK_PULLUP ;        ;              ;                     ; Column I/O   ;                 ; no       ; On           ;
; AF9      ; 108        ; 3B             ; RESERVED_INPUT_WITH_WEAK_PULLUP ;        ;              ;                     ; Column I/O   ;                 ; no       ; On           ;
; AF10     ; 117        ; 3B             ; RESERVED_INPUT_WITH_WEAK_PULLUP ;        ;              ;                     ; Column I/O   ;                 ; no       ; On           ;
; AF11     ; 119        ; 3B             ; RESERVED_INPUT_WITH_WEAK_PULLUP ;        ;              ;                     ; Column I/O   ;                 ; no       ; On           ;
; AF12     ;            ; 3B             ; VREFB3BN0                       ; power  ;              ;                     ; --           ;                 ; --       ; --           ;
; AF13     ; 133        ; 4A             ; RESERVED_INPUT_WITH_WEAK_PULLUP ;        ;              ;                     ; Column I/O   ;                 ; no       ; On           ;
; AF14     ;            ; 4A             ; VCCIO4A                         ; power  ;              ; 2.5V                ; --           ;                 ; --       ; --           ;
; AF15     ; 143        ; 4A             ; RESERVED_INPUT_WITH_WEAK_PULLUP ;        ;              ;                     ; Column I/O   ;                 ; no       ; On           ;
; AF16     ;            ; 4A             ; VREFB4AN0                       ; power  ;              ;                     ; --           ;                 ; --       ; --           ;
; AF17     ; 151        ; 4A             ; RESERVED_INPUT_WITH_WEAK_PULLUP ;        ;              ;                     ; Column I/O   ;                 ; no       ; On           ;
; AF18     ; 166        ; 4A             ; RESERVED_INPUT_WITH_WEAK_PULLUP ;        ;              ;                     ; Column I/O   ;                 ; no       ; On           ;
; AF19     ;            ; 4A             ; VCCIO4A                         ; power  ;              ; 2.5V                ; --           ;                 ; --       ; --           ;
; AF20     ; 179        ; 4A             ; RESERVED_INPUT_WITH_WEAK_PULLUP ;        ;              ;                     ; Column I/O   ;                 ; no       ; On           ;
; AF21     ; 181        ; 4A             ; RESERVED_INPUT_WITH_WEAK_PULLUP ;        ;              ;                     ; Column I/O   ;                 ; no       ; On           ;
; AF22     ; 183        ; 4A             ; RESERVED_INPUT_WITH_WEAK_PULLUP ;        ;              ;                     ; Column I/O   ;                 ; no       ; On           ;
; AF23     ; 189        ; 4A             ; RESERVED_INPUT_WITH_WEAK_PULLUP ;        ;              ;                     ; Column I/O   ;                 ; no       ; On           ;
; AF24     ;            ;                ; GND                             ; gnd    ;              ;                     ; --           ;                 ; --       ; --           ;
; AF25     ; 207        ; 4A             ; RESERVED_INPUT_WITH_WEAK_PULLUP ;        ;              ;                     ; Column I/O   ;                 ; no       ; On           ;
; AF26     ; 212        ; 5A             ; RESERVED_INPUT_WITH_WEAK_PULLUP ;        ;              ;                     ; Row I/O      ;                 ; no       ; On           ;
; AF27     ; 211        ; 4A             ; RESERVED_INPUT_WITH_WEAK_PULLUP ;        ;              ;                     ; Column I/O   ;                 ; no       ; On           ;
; AF28     ; 209        ; 4A             ; RESERVED_INPUT_WITH_WEAK_PULLUP ;        ;              ;                     ; Column I/O   ;                 ; no       ; On           ;
; AG1      ;            ;                ; GND                             ; gnd    ;              ;                     ; --           ;                 ; --       ; --           ;
; AG2      ;            ;                ; GND                             ; gnd    ;              ;                     ; --           ;                 ; --       ; --           ;
; AG3      ;            ;                ; GND                             ; gnd    ;              ;                     ; --           ;                 ; --       ; --           ;
; AG4      ;            ; 3B             ; VCCIO3B                         ; power  ;              ; 2.5V                ; --           ;                 ; --       ; --           ;
; AG5      ; 126        ; 3B             ; RESERVED_INPUT_WITH_WEAK_PULLUP ;        ;              ;                     ; Column I/O   ;                 ; no       ; On           ;
; AG6      ; 116        ; 3B             ; RESERVED_INPUT_WITH_WEAK_PULLUP ;        ;              ;                     ; Column I/O   ;                 ; no       ; On           ;
; AG7      ;            ;                ; GND                             ; gnd    ;              ;                     ; --           ;                 ; --       ; --           ;
; AG8      ; 134        ; 4A             ; RESERVED_INPUT_WITH_WEAK_PULLUP ;        ;              ;                     ; Column I/O   ;                 ; no       ; On           ;
; AG9      ; 139        ; 4A             ; RESERVED_INPUT_WITH_WEAK_PULLUP ;        ;              ;                     ; Column I/O   ;                 ; no       ; On           ;
; AG10     ; 142        ; 4A             ; RESERVED_INPUT_WITH_WEAK_PULLUP ;        ;              ;                     ; Column I/O   ;                 ; no       ; On           ;
; AG11     ; 147        ; 4A             ; RESERVED_INPUT_WITH_WEAK_PULLUP ;        ;              ;                     ; Column I/O   ;                 ; no       ; On           ;
; AG12     ;            ; 4A             ; VCCIO4A                         ; power  ;              ; 2.5V                ; --           ;                 ; --       ; --           ;
; AG13     ; 135        ; 4A             ; RESERVED_INPUT_WITH_WEAK_PULLUP ;        ;              ;                     ; Column I/O   ;                 ; no       ; On           ;
; AG14     ; 155        ; 4A             ; RESERVED_INPUT_WITH_WEAK_PULLUP ;        ;              ;                     ; Column I/O   ;                 ; no       ; On           ;
; AG15     ; 158        ; 4A             ; RESERVED_INPUT_WITH_WEAK_PULLUP ;        ;              ;                     ; Column I/O   ;                 ; no       ; On           ;
; AG16     ; 149        ; 4A             ; RESERVED_INPUT_WITH_WEAK_PULLUP ;        ;              ;                     ; Column I/O   ;                 ; no       ; On           ;
; AG17     ;            ;                ; GND                             ; gnd    ;              ;                     ; --           ;                 ; --       ; --           ;
; AG18     ; 171        ; 4A             ; RESERVED_INPUT_WITH_WEAK_PULLUP ;        ;              ;                     ; Column I/O   ;                 ; no       ; On           ;
; AG19     ; 174        ; 4A             ; RESERVED_INPUT_WITH_WEAK_PULLUP ;        ;              ;                     ; Column I/O   ;                 ; no       ; On           ;
; AG20     ; 177        ; 4A             ; RESERVED_INPUT_WITH_WEAK_PULLUP ;        ;              ;                     ; Column I/O   ;                 ; no       ; On           ;
; AG21     ; 182        ; 4A             ; RESERVED_INPUT_WITH_WEAK_PULLUP ;        ;              ;                     ; Column I/O   ;                 ; no       ; On           ;
; AG22     ;            ; 4A             ; VCCIO4A                         ; power  ;              ; 2.5V                ; --           ;                 ; --       ; --           ;
; AG23     ; 191        ; 4A             ; RESERVED_INPUT_WITH_WEAK_PULLUP ;        ;              ;                     ; Column I/O   ;                 ; no       ; On           ;
; AG24     ; 195        ; 4A             ; RESERVED_INPUT_WITH_WEAK_PULLUP ;        ;              ;                     ; Column I/O   ;                 ; no       ; On           ;
; AG25     ; 205        ; 4A             ; RESERVED_INPUT_WITH_WEAK_PULLUP ;        ;              ;                     ; Column I/O   ;                 ; no       ; On           ;
; AG26     ; 198        ; 4A             ; RESERVED_INPUT_WITH_WEAK_PULLUP ;        ;              ;                     ; Column I/O   ;                 ; no       ; On           ;
; AG27     ;            ;                ; GND                             ; gnd    ;              ;                     ; --           ;                 ; --       ; --           ;
; AG28     ; 206        ; 4A             ; RESERVED_INPUT_WITH_WEAK_PULLUP ;        ;              ;                     ; Column I/O   ;                 ; no       ; On           ;
; AH2      ; 121        ; 3B             ; RESERVED_INPUT_WITH_WEAK_PULLUP ;        ;              ;                     ; Column I/O   ;                 ; no       ; On           ;
; AH3      ; 123        ; 3B             ; RESERVED_INPUT_WITH_WEAK_PULLUP ;        ;              ;                     ; Column I/O   ;                 ; no       ; On           ;
; AH4      ; 124        ; 3B             ; RESERVED_INPUT_WITH_WEAK_PULLUP ;        ;              ;                     ; Column I/O   ;                 ; no       ; On           ;
; AH5      ; 129        ; 3B             ; RESERVED_INPUT_WITH_WEAK_PULLUP ;        ;              ;                     ; Column I/O   ;                 ; no       ; On           ;
; AH6      ; 131        ; 3B             ; RESERVED_INPUT_WITH_WEAK_PULLUP ;        ;              ;                     ; Column I/O   ;                 ; no       ; On           ;
; AH7      ; 132        ; 4A             ; RESERVED_INPUT_WITH_WEAK_PULLUP ;        ;              ;                     ; Column I/O   ;                 ; no       ; On           ;
; AH8      ; 137        ; 4A             ; RESERVED_INPUT_WITH_WEAK_PULLUP ;        ;              ;                     ; Column I/O   ;                 ; no       ; On           ;
; AH9      ; 140        ; 4A             ; RESERVED_INPUT_WITH_WEAK_PULLUP ;        ;              ;                     ; Column I/O   ;                 ; no       ; On           ;
; AH10     ;            ;                ; GND                             ; gnd    ;              ;                     ; --           ;                 ; --       ; --           ;
; AH11     ; 145        ; 4A             ; RESERVED_INPUT_WITH_WEAK_PULLUP ;        ;              ;                     ; Column I/O   ;                 ; no       ; On           ;
; AH12     ; 150        ; 4A             ; RESERVED_INPUT_WITH_WEAK_PULLUP ;        ;              ;                     ; Column I/O   ;                 ; no       ; On           ;
; AH13     ; 153        ; 4A             ; RESERVED_INPUT_WITH_WEAK_PULLUP ;        ;              ;                     ; Column I/O   ;                 ; no       ; On           ;
; AH14     ; 156        ; 4A             ; RESERVED_INPUT_WITH_WEAK_PULLUP ;        ;              ;                     ; Column I/O   ;                 ; no       ; On           ;
; AH15     ;            ; 4A             ; VCCIO4A                         ; power  ;              ; 2.5V                ; --           ;                 ; --       ; --           ;
; AH16     ; 161        ; 4A             ; RESERVED_INPUT_WITH_WEAK_PULLUP ;        ;              ;                     ; Column I/O   ;                 ; no       ; On           ;
; AH17     ; 163        ; 4A             ; rst_n                           ; input  ; 2.5 V        ;                     ; Column I/O   ; Y               ; no       ; Off          ;
; AH18     ; 169        ; 4A             ; RESERVED_INPUT_WITH_WEAK_PULLUP ;        ;              ;                     ; Column I/O   ;                 ; no       ; On           ;
; AH19     ; 172        ; 4A             ; RESERVED_INPUT_WITH_WEAK_PULLUP ;        ;              ;                     ; Column I/O   ;                 ; no       ; On           ;
; AH20     ;            ;                ; GND                             ; gnd    ;              ;                     ; --           ;                 ; --       ; --           ;
; AH21     ; 185        ; 4A             ; RESERVED_INPUT_WITH_WEAK_PULLUP ;        ;              ;                     ; Column I/O   ;                 ; no       ; On           ;
; AH22     ; 188        ; 4A             ; RESERVED_INPUT_WITH_WEAK_PULLUP ;        ;              ;                     ; Column I/O   ;                 ; no       ; On           ;
; AH23     ; 190        ; 4A             ; RESERVED_INPUT_WITH_WEAK_PULLUP ;        ;              ;                     ; Column I/O   ;                 ; no       ; On           ;
; AH24     ; 193        ; 4A             ; RESERVED_INPUT_WITH_WEAK_PULLUP ;        ;              ;                     ; Column I/O   ;                 ; no       ; On           ;
; AH25     ;            ; 4A             ; VCCIO4A                         ; power  ;              ; 2.5V                ; --           ;                 ; --       ; --           ;
; AH26     ; 201        ; 4A             ; RESERVED_INPUT_WITH_WEAK_PULLUP ;        ;              ;                     ; Column I/O   ;                 ; no       ; On           ;
; AH27     ; 204        ; 4A             ; RESERVED_INPUT_WITH_WEAK_PULLUP ;        ;              ;                     ; Column I/O   ;                 ; no       ; On           ;
; B1       ;            ;                ; RREF                            ;        ;              ;                     ; --           ;                 ; --       ; --           ;
; B2       ;            ;                ; DNU                             ;        ;              ;                     ; --           ;                 ; --       ; --           ;
; B3       ;            ;                ; GND                             ; gnd    ;              ;                     ; --           ;                 ; --       ; --           ;
; B4       ; 437        ; 7C             ; RESERVED_INPUT_WITH_WEAK_PULLUP ;        ;              ;                     ; Column I/O   ;                 ; no       ; On           ;
; B5       ;            ;                ; GND                             ; gnd    ;              ;                     ; --           ;                 ; --       ; --           ;
; B6       ; 433        ; 7C             ; RESERVED_INPUT_WITH_WEAK_PULLUP ;        ;              ;                     ; Column I/O   ;                 ; no       ; On           ;
; B7       ;            ;                ; GND                             ; gnd    ;              ;                     ; --           ;                 ; --       ; --           ;
; B8       ; 439        ; 7C             ; RESERVED_INPUT_WITH_WEAK_PULLUP ;        ;              ;                     ; Column I/O   ;                 ; no       ; On           ;
; B9       ; 441        ; 7C             ; RESERVED_INPUT_WITH_WEAK_PULLUP ;        ;              ;                     ; Column I/O   ;                 ; no       ; On           ;
; B10      ;            ; 7C             ; VCCIO7C_HPS                     ; power  ;              ; 2.5V                ; --           ;                 ; --       ; --           ;
; B11      ; 440        ; 7C             ; RESERVED_INPUT_WITH_WEAK_PULLUP ;        ;              ;                     ; Column I/O   ;                 ; no       ; On           ;
; B12      ; 438        ; 7C             ; RESERVED_INPUT_WITH_WEAK_PULLUP ;        ;              ;                     ; Column I/O   ;                 ; no       ; On           ;
; B13      ;            ; 7B             ; VCCIO7B_HPS                     ; power  ;              ; 2.5V                ; --           ;                 ; --       ; --           ;
; B14      ; 427        ; 7B             ; RESERVED_INPUT_WITH_WEAK_PULLUP ;        ;              ;                     ; Column I/O   ;                 ; no       ; On           ;
; B15      ;            ;                ; GND                             ; gnd    ;              ;                     ; --           ;                 ; --       ; --           ;
; B16      ; 402        ; 7A             ; RESERVED_INPUT_WITH_WEAK_PULLUP ;        ;              ;                     ; Column I/O   ;                 ; no       ; On           ;
; B17      ;            ;                ; GND                             ; gnd    ;              ;                     ; --           ;                 ; --       ; --           ;
; B18      ; 397        ; 7A             ; RESERVED_INPUT_WITH_WEAK_PULLUP ;        ;              ;                     ; Column I/O   ;                 ; no       ; On           ;
; B19      ; 403        ; 7A             ; RESERVED_INPUT_WITH_WEAK_PULLUP ;        ;              ;                     ; Column I/O   ;                 ; no       ; On           ;
; B20      ;            ;                ; GND                             ; gnd    ;              ;                     ; --           ;                 ; --       ; --           ;
; B21      ; 388        ; 7A             ; RESERVED_INPUT_WITH_WEAK_PULLUP ;        ;              ;                     ; Column I/O   ;                 ; no       ; On           ;
; B22      ;            ;                ; GND                             ; gnd    ;              ;                     ; --           ;                 ; --       ; --           ;
; B23      ; 376        ; 7A             ; ^HPS_TDO                        ;        ;              ;                     ; --           ;                 ; --       ; --           ;
; B24      ; 363        ; 6A             ; RESERVED_INPUT_WITH_WEAK_PULLUP ;        ;              ;                     ; Row I/O      ;                 ; no       ; On           ;
; B25      ;            ;                ; GND                             ; gnd    ;              ;                     ; --           ;                 ; --       ; --           ;
; B26      ; 351        ; 6A             ; RESERVED_INPUT_WITH_WEAK_PULLUP ;        ;              ;                     ; Row I/O      ;                 ; no       ; On           ;
; B27      ;            ;                ; GND                             ; gnd    ;              ;                     ; --           ;                 ; --       ; --           ;
; B28      ; 343        ; 6A             ; RESERVED_INPUT_WITH_WEAK_PULLUP ;        ;              ;                     ; Row I/O      ;                 ; no       ; On           ;
; C1       ;            ;                ; GND                             ; gnd    ;              ;                     ; --           ;                 ; --       ; --           ;
; C2       ;            ;                ; GND                             ; gnd    ;              ;                     ; --           ;                 ; --       ; --           ;
; C3       ;            ;                ; GND                             ; gnd    ;              ;                     ; --           ;                 ; --       ; --           ;
; C4       ; 446        ; 7D             ; RESERVED_INPUT_WITH_WEAK_PULLUP ;        ;              ;                     ; Column I/O   ;                 ; no       ; On           ;
; C5       ; 453        ; 7D             ; RESERVED_INPUT_WITH_WEAK_PULLUP ;        ;              ;                     ; Column I/O   ;                 ; no       ; On           ;
; C6       ; 451        ; 7D             ; RESERVED_INPUT_WITH_WEAK_PULLUP ;        ;              ;                     ; Column I/O   ;                 ; no       ; On           ;
; C7       ; 449        ; 7D             ; RESERVED_INPUT_WITH_WEAK_PULLUP ;        ;              ;                     ; Column I/O   ;                 ; no       ; On           ;
; C8       ; 447        ; 7D             ; RESERVED_INPUT_WITH_WEAK_PULLUP ;        ;              ;                     ; Column I/O   ;                 ; no       ; On           ;
; C9       ; 445        ; 7D             ; RESERVED_INPUT_WITH_WEAK_PULLUP ;        ;              ;                     ; Column I/O   ;                 ; no       ; On           ;
; C10      ; 443        ; 7D             ; RESERVED_INPUT_WITH_WEAK_PULLUP ;        ;              ;                     ; Column I/O   ;                 ; no       ; On           ;
; C11      ;            ;                ; GND                             ; gnd    ;              ;                     ; --           ;                 ; --       ; --           ;
; C12      ; 460        ; 8A             ; RESERVED_INPUT_WITH_WEAK_PULLUP ;        ;              ;                     ; Column I/O   ;                 ; no       ; On           ;
; C13      ; 432        ; 7C             ; RESERVED_INPUT_WITH_WEAK_PULLUP ;        ;              ;                     ; Column I/O   ;                 ; no       ; On           ;
; C14      ; 426        ; 7B             ; RESERVED_INPUT_WITH_WEAK_PULLUP ;        ;              ;                     ; Column I/O   ;                 ; no       ; On           ;
; C15      ; 418        ; 7B             ; RESERVED_INPUT_WITH_WEAK_PULLUP ;        ;              ;                     ; Column I/O   ;                 ; no       ; On           ;
; C16      ; 404        ; 7A             ; RESERVED_INPUT_WITH_WEAK_PULLUP ;        ;              ;                     ; Column I/O   ;                 ; no       ; On           ;
; C17      ; 396        ; 7A             ; RESERVED_INPUT_WITH_WEAK_PULLUP ;        ;              ;                     ; Column I/O   ;                 ; no       ; On           ;
; C18      ; 394        ; 7A             ; RESERVED_INPUT_WITH_WEAK_PULLUP ;        ;              ;                     ; Column I/O   ;                 ; no       ; On           ;
; C19      ; 401        ; 7A             ; RESERVED_INPUT_WITH_WEAK_PULLUP ;        ;              ;                     ; Column I/O   ;                 ; no       ; On           ;
; C20      ;            ; 7A             ; VCCIO7A_HPS                     ; power  ;              ; 2.5V                ; --           ;                 ; --       ; --           ;
; C21      ; 386        ; 7A             ; RESERVED_INPUT_WITH_WEAK_PULLUP ;        ;              ;                     ; Column I/O   ;                 ; no       ; On           ;
; C22      ; 380        ; 7A             ; ^HPS_TRST                       ;        ;              ;                     ; --           ;                 ; --       ; --           ;
; C23      ; 378        ; 7A             ; ^HPS_TMS                        ;        ;              ;                     ; --           ;                 ; --       ; --           ;
; C24      ; 367        ; 6A             ; RESERVED_INPUT_WITH_WEAK_PULLUP ;        ;              ;                     ; Row I/O      ;                 ; no       ; On           ;
; C25      ;            ; 6A             ; VCCIO6A_HPS                     ; power  ;              ; 2.5V                ; --           ;                 ; --       ; --           ;
; C26      ; 349        ; 6A             ; RESERVED_INPUT_WITH_WEAK_PULLUP ;        ;              ;                     ; Row I/O      ;                 ; no       ; On           ;
; C27      ;            ; 6A             ; VCCIO6A_HPS                     ; power  ;              ; 2.5V                ; --           ;                 ; --       ; --           ;
; C28      ; 341        ; 6A             ; RESERVED_INPUT_WITH_WEAK_PULLUP ;        ;              ;                     ; Row I/O      ;                 ; no       ; On           ;
; D1       ;            ;                ; DNU                             ;        ;              ;                     ; --           ;                 ; --       ; --           ;
; D2       ;            ;                ; DNU                             ;        ;              ;                     ; --           ;                 ; --       ; --           ;
; D3       ;            ;                ; GND                             ; gnd    ;              ;                     ; --           ;                 ; --       ; --           ;
; D4       ; 448        ; 7D             ; RESERVED_INPUT_WITH_WEAK_PULLUP ;        ;              ;                     ; Column I/O   ;                 ; no       ; On           ;
; D5       ; 455        ; 7D             ; RESERVED_INPUT_WITH_WEAK_PULLUP ;        ;              ;                     ; Column I/O   ;                 ; no       ; On           ;
; D6       ;            ; 7D             ; VCCIO7D_HPS                     ; power  ;              ; 2.5V                ; --           ;                 ; --       ; --           ;
; D7       ;            ; --             ; VCCBAT                          ; power  ;              ; 1.2V                ; --           ;                 ; --       ; --           ;
; D8       ; 465        ; 8A             ; RESERVED_INPUT_WITH_WEAK_PULLUP ;        ;              ;                     ; Column I/O   ;                 ; no       ; On           ;
; D9       ;            ; 8A             ; VREFB8AN0                       ; power  ;              ;                     ; --           ;                 ; --       ; --           ;
; D10      ;            ;                ; GND                             ; gnd    ;              ;                     ; --           ;                 ; --       ; --           ;
; D11      ; 476        ; 8A             ; RESERVED_INPUT_WITH_WEAK_PULLUP ;        ;              ;                     ; Column I/O   ;                 ; no       ; On           ;
; D12      ; 458        ; 8A             ; RESERVED_INPUT_WITH_WEAK_PULLUP ;        ;              ;                     ; Column I/O   ;                 ; no       ; On           ;
; D13      ;            ;                ; GND                             ; gnd    ;              ;                     ; --           ;                 ; --       ; --           ;
; D14      ; 430        ; 7C             ; RESERVED_INPUT_WITH_WEAK_PULLUP ;        ;              ;                     ; Column I/O   ;                 ; no       ; On           ;
; D15      ; 420        ; 7B             ; RESERVED_INPUT_WITH_WEAK_PULLUP ;        ;              ;                     ; Column I/O   ;                 ; no       ; On           ;
; D16      ;            ;                ; GND                             ; gnd    ;              ;                     ; --           ;                 ; --       ; --           ;
; D17      ; 410        ; 7B             ; RESERVED_INPUT_WITH_WEAK_PULLUP ;        ;              ;                     ; Column I/O   ;                 ; no       ; On           ;
; D18      ;            ; 7A             ; VCCIO7A_HPS                     ; power  ;              ; 2.5V                ; --           ;                 ; --       ; --           ;
; D19      ;            ; 7A, 7B, 7C, 7D ; VREFB7A7B7C7DN0_HPS             ; power  ;              ;                     ; --           ;                 ; --       ; --           ;
; D20      ; 385        ; 7A             ; ^HPS_CLK2                       ;        ;              ;                     ; --           ;                 ; --       ; --           ;
; D21      ; 382        ; 7A             ; ^GND                            ;        ;              ;                     ; --           ;                 ; --       ; --           ;
; D22      ; 381        ; 7A             ; ^HPS_TDI                        ;        ;              ;                     ; --           ;                 ; --       ; --           ;
; D23      ;            ;                ; DNU                             ;        ;              ;                     ; --           ;                 ; --       ; --           ;
; D24      ; 365        ; 6A             ; RESERVED_INPUT_WITH_WEAK_PULLUP ;        ;              ;                     ; Row I/O      ;                 ; no       ; On           ;
; D25      ; 371        ; 6A             ; HPS_RZQ_0                       ;        ;              ;                     ; --           ;                 ; no       ; On           ;
; D26      ; 347        ; 6A             ; RESERVED_INPUT_WITH_WEAK_PULLUP ;        ;              ;                     ; Row I/O      ;                 ; no       ; On           ;
; D27      ; 335        ; 6A             ; RESERVED_INPUT_WITH_WEAK_PULLUP ;        ;              ;                     ; Row I/O      ;                 ; no       ; On           ;
; D28      ; 333        ; 6A             ; RESERVED_INPUT_WITH_WEAK_PULLUP ;        ;              ;                     ; Row I/O      ;                 ; no       ; On           ;
; E1       ;            ;                ; GND                             ; gnd    ;              ;                     ; --           ;                 ; --       ; --           ;
; E2       ;            ;                ; GND                             ; gnd    ;              ;                     ; --           ;                 ; --       ; --           ;
; E3       ;            ;                ; GND                             ; gnd    ;              ;                     ; --           ;                 ; --       ; --           ;
; E4       ; 442        ; 7D             ; RESERVED_INPUT_WITH_WEAK_PULLUP ;        ;              ;                     ; Column I/O   ;                 ; no       ; On           ;
; E5       ; 454        ; 7D             ; RESERVED_INPUT_WITH_WEAK_PULLUP ;        ;              ;                     ; Column I/O   ;                 ; no       ; On           ;
; E6       ; 542        ; 9A             ; ^nCE                            ;        ;              ;                     ; --           ;                 ; --       ; --           ;
; E7       ;            ; 8A             ; VCCIO8A                         ; power  ;              ; 2.5V                ; --           ;                 ; --       ; --           ;
; E8       ; 463        ; 8A             ; RESERVED_INPUT_WITH_WEAK_PULLUP ;        ;              ;                     ; Column I/O   ;                 ; no       ; On           ;
; E9       ;            ;                ; GND                             ; gnd    ;              ;                     ; --           ;                 ; --       ; --           ;
; E10      ;            ; 8A             ; VCCPD8A                         ; power  ;              ; 2.5V                ; --           ;                 ; --       ; --           ;
; E11      ; 474        ; 8A             ; RESERVED_INPUT_WITH_WEAK_PULLUP ;        ;              ;                     ; Column I/O   ;                 ; no       ; On           ;
; E12      ;            ;                ; DNU                             ;        ;              ;                     ; --           ;                 ; --       ; --           ;
; E13      ;            ; 7D             ; VCCPD7D_HPS                     ; power  ;              ; 2.5V                ; --           ;                 ; --       ; --           ;
; E14      ;            ; 7C             ; VCCPD7C_HPS                     ; power  ;              ; 2.5V                ; --           ;                 ; --       ; --           ;
; E15      ;            ; --             ; VCC_AUX                         ; power  ;              ; 2.5V                ; --           ;                 ; --       ; --           ;
; E16      ; 412        ; 7B             ; RESERVED_INPUT_WITH_WEAK_PULLUP ;        ;              ;                     ; Column I/O   ;                 ; no       ; On           ;
; E17      ;            ; 7B             ; VCCPD7B_HPS                     ; power  ;              ; 2.5V                ; --           ;                 ; --       ; --           ;
; E18      ; 383        ; 7A             ; ^HPS_PORSEL                     ;        ;              ;                     ; --           ;                 ; --       ; --           ;
; E19      ;            ;                ; GND                             ; gnd    ;              ;                     ; --           ;                 ; --       ; --           ;
; E20      ; 384        ; 7A             ; ^HPS_CLK1                       ;        ;              ;                     ; --           ;                 ; --       ; --           ;
; E21      ;            ; 7A             ; VCCPD7A_HPS                     ; power  ;              ; 2.5V                ; --           ;                 ; --       ; --           ;
; E22      ;            ;                ; GND                             ; gnd    ;              ;                     ; --           ;                 ; --       ; --           ;
; E23      ; 373        ; 7A             ; ^GND                            ;        ;              ;                     ; --           ;                 ; --       ; --           ;
; E24      ;            ;                ; GND                             ; gnd    ;              ;                     ; --           ;                 ; --       ; --           ;
; E25      ; 369        ; 6A             ; RESERVED_INPUT_WITH_WEAK_PULLUP ;        ;              ;                     ; Row I/O      ;                 ; no       ; On           ;
; E26      ; 345        ; 6A             ; RESERVED_INPUT_WITH_WEAK_PULLUP ;        ;              ;                     ; Row I/O      ;                 ; no       ; On           ;
; E27      ;            ;                ; GND                             ; gnd    ;              ;                     ; --           ;                 ; --       ; --           ;
; E28      ; 337        ; 6A             ; RESERVED_INPUT_WITH_WEAK_PULLUP ;        ;              ;                     ; Row I/O      ;                 ; no       ; On           ;
; F1       ;            ;                ; GND                             ; gnd    ;              ;                     ; --           ;                 ; --       ; --           ;
; F2       ;            ;                ; GND                             ; gnd    ;              ;                     ; --           ;                 ; --       ; --           ;
; F3       ;            ;                ; GND                             ; gnd    ;              ;                     ; --           ;                 ; --       ; --           ;
; F4       ; 450        ; 7D             ; RESERVED_INPUT_WITH_WEAK_PULLUP ;        ;              ;                     ; Column I/O   ;                 ; no       ; On           ;
; F5       ; 444        ; 7D             ; RESERVED_INPUT_WITH_WEAK_PULLUP ;        ;              ;                     ; Column I/O   ;                 ; no       ; On           ;
; F6       ; 547        ; 9A             ; ^GND                            ;        ;              ;                     ; --           ;                 ; --       ; --           ;
; F7       ; 545        ; 9A             ; ^nCONFIG                        ;        ;              ;                     ; --           ;                 ; --       ; --           ;
; F8       ;            ; --             ; VCC_AUX                         ; power  ;              ; 2.5V                ; --           ;                 ; --       ; --           ;
; F21      ;            ; --             ; VCC_AUX_SHARED                  ; power  ;              ; 2.5V                ; --           ;                 ; --       ; --           ;
; F22      ;            ; --             ; VCCRSTCLK_HPS                   ; power  ;              ; 1.8V/2.5V/3.0V/3.3V ; --           ;                 ; --       ; --           ;
; F23      ; 372        ; 7A             ; ^GND                            ;        ;              ;                     ; --           ;                 ; --       ; --           ;
; F24      ; 370        ; 6A             ; RESERVED_INPUT_WITH_WEAK_PULLUP ;        ;              ;                     ; Row I/O      ;                 ; no       ; On           ;
; F25      ; 362        ; 6A             ; RESERVED_INPUT_WITH_WEAK_PULLUP ;        ;              ;                     ; Row I/O      ;                 ; no       ; On           ;
; F26      ; 360        ; 6A             ; RESERVED_INPUT_WITH_WEAK_PULLUP ;        ;              ;                     ; Row I/O      ;                 ; no       ; On           ;
; F27      ;            ; 6A             ; VCCIO6A_HPS                     ; power  ;              ; 2.5V                ; --           ;                 ; --       ; --           ;
; F28      ; 327        ; 6A             ; RESERVED_INPUT_WITH_WEAK_PULLUP ;        ;              ;                     ; Row I/O      ;                 ; no       ; On           ;
; G1       ;            ;                ; GND                             ; gnd    ;              ;                     ; --           ;                 ; --       ; --           ;
; G2       ;            ;                ; GND                             ; gnd    ;              ;                     ; --           ;                 ; --       ; --           ;
; G3       ;            ;                ; GND                             ; gnd    ;              ;                     ; --           ;                 ; --       ; --           ;
; G4       ; 452        ; 7D             ; RESERVED_INPUT_WITH_WEAK_PULLUP ;        ;              ;                     ; Column I/O   ;                 ; no       ; On           ;
; G5       ;            ; 7D             ; VCCIO7D_HPS                     ; power  ;              ; 2.5V                ; --           ;                 ; --       ; --           ;
; G6       ; 543        ; 9A             ; ^MSEL2                          ;        ;              ;                     ; --           ;                 ; --       ; --           ;
; G23      ; 368        ; 6A             ; RESERVED_INPUT_WITH_WEAK_PULLUP ;        ;              ;                     ; Row I/O      ;                 ; no       ; On           ;
; G24      ;            ; 6A             ; VCCIO6A_HPS                     ; power  ;              ; 2.5V                ; --           ;                 ; --       ; --           ;
; G25      ; 354        ; 6A             ; RESERVED_INPUT_WITH_WEAK_PULLUP ;        ;              ;                     ; Row I/O      ;                 ; no       ; On           ;
; G26      ; 331        ; 6A             ; RESERVED_INPUT_WITH_WEAK_PULLUP ;        ;              ;                     ; Row I/O      ;                 ; no       ; On           ;
; G27      ; 329        ; 6A             ; RESERVED_INPUT_WITH_WEAK_PULLUP ;        ;              ;                     ; Row I/O      ;                 ; no       ; On           ;
; G28      ; 325        ; 6A             ; RESERVED_INPUT_WITH_WEAK_PULLUP ;        ;              ;                     ; Row I/O      ;                 ; no       ; On           ;
; H1       ;            ;                ; DNU                             ;        ;              ;                     ; --           ;                 ; --       ; --           ;
; H2       ;            ;                ; DNU                             ;        ;              ;                     ; --           ;                 ; --       ; --           ;
; H3       ;            ;                ; GND                             ; gnd    ;              ;                     ; --           ;                 ; --       ; --           ;
; H4       ;            ;                ; GND                             ; gnd    ;              ;                     ; --           ;                 ; --       ; --           ;
; H5       ;            ;                ; GND                             ; gnd    ;              ;                     ; --           ;                 ; --       ; --           ;
; H6       ;            ;                ; GND                             ; gnd    ;              ;                     ; --           ;                 ; --       ; --           ;
; H8       ; 541        ; 9A             ; ^nSTATUS                        ;        ;              ;                     ; --           ;                 ; --       ; --           ;
; H9       ; 540        ; 9A             ; ^MSEL1                          ;        ;              ;                     ; --           ;                 ; --       ; --           ;
; H10      ;            ; --             ; VCCPGM                          ; power  ;              ; 1.8V/2.5V/3.0V/3.3V ; --           ;                 ; --       ; --           ;
; H11      ;            ;                ; GND                             ; gnd    ;              ;                     ; --           ;                 ; --       ; --           ;
; H12      ; 436        ; 7C             ; RESERVED_INPUT_WITH_WEAK_PULLUP ;        ;              ;                     ; Column I/O   ;                 ; no       ; On           ;
; H13      ; 434        ; 7C             ; RESERVED_INPUT_WITH_WEAK_PULLUP ;        ;              ;                     ; Column I/O   ;                 ; no       ; On           ;
; H14      ;            ; 7B             ; VCCIO7B_HPS                     ; power  ;              ; 2.5V                ; --           ;                 ; --       ; --           ;
; H15      ;            ;                ; GND                             ; gnd    ;              ;                     ; --           ;                 ; --       ; --           ;
; H16      ; 422        ; 7B             ; RESERVED_INPUT_WITH_WEAK_PULLUP ;        ;              ;                     ; Column I/O   ;                 ; no       ; On           ;
; H17      ; 400        ; 7A             ; RESERVED_INPUT_WITH_WEAK_PULLUP ;        ;              ;                     ; Column I/O   ;                 ; no       ; On           ;
; H18      ;            ;                ; GND                             ; gnd    ;              ;                     ; --           ;                 ; --       ; --           ;
; H19      ; 375        ; 7A             ; ^HPS_nPOR                       ;        ;              ;                     ; --           ;                 ; --       ; --           ;
; H20      ;            ;                ; GND                             ; gnd    ;              ;                     ; --           ;                 ; --       ; --           ;
; H21      ;            ; 6A             ; VCCIO6A_HPS                     ; power  ;              ; 2.5V                ; --           ;                 ; --       ; --           ;
; H23      ;            ; --             ; VCCPLL_HPS                      ; power  ;              ; 2.5V                ; --           ;                 ; --       ; --           ;
; H24      ;            ;                ; GND                             ; gnd    ;              ;                     ; --           ;                 ; --       ; --           ;
; H25      ; 352        ; 6A             ; RESERVED_INPUT_WITH_WEAK_PULLUP ;        ;              ;                     ; Row I/O      ;                 ; no       ; On           ;
; H26      ;            ; 6A             ; VCCIO6A_HPS                     ; power  ;              ; 2.5V                ; --           ;                 ; --       ; --           ;
; H27      ;            ;                ; GND                             ; gnd    ;              ;                     ; --           ;                 ; --       ; --           ;
; H28      ; 339        ; 6A             ; RESERVED_INPUT_WITH_WEAK_PULLUP ;        ;              ;                     ; Row I/O      ;                 ; --       ; --           ;
; J1       ;            ;                ; GND                             ; gnd    ;              ;                     ; --           ;                 ; --       ; --           ;
; J2       ;            ;                ; GND                             ; gnd    ;              ;                     ; --           ;                 ; --       ; --           ;
; J3       ;            ;                ; GND                             ; gnd    ;              ;                     ; --           ;                 ; --       ; --           ;
; J4       ;            ; --             ; VCCA_FPLL                       ; power  ;              ; 2.5V                ; --           ;                 ; --       ; --           ;
; J5       ;            ;                ; GND                             ; gnd    ;              ;                     ; --           ;                 ; --       ; --           ;
; J8       ; 539        ; 9A             ; ^CONF_DONE                      ;        ;              ;                     ; --           ;                 ; --       ; --           ;
; J9       ;            ;                ; GND                             ; gnd    ;              ;                     ; --           ;                 ; --       ; --           ;
; J10      ; 538        ; 9A             ; ^MSEL0                          ;        ;              ;                     ; --           ;                 ; --       ; --           ;
; J11      ;            ; --             ; VCC                             ; power  ;              ; 1.1V                ; --           ;                 ; --       ; --           ;
; J12      ; 416        ; 7B             ; RESERVED_INPUT_WITH_WEAK_PULLUP ;        ;              ;                     ; Column I/O   ;                 ; no       ; On           ;
; J13      ; 414        ; 7B             ; RESERVED_INPUT_WITH_WEAK_PULLUP ;        ;              ;                     ; Column I/O   ;                 ; no       ; On           ;
; J14      ; 408        ; 7B             ; RESERVED_INPUT_WITH_WEAK_PULLUP ;        ;              ;                     ; Column I/O   ;                 ; no       ; On           ;
; J15      ; 406        ; 7B             ; RESERVED_INPUT_WITH_WEAK_PULLUP ;        ;              ;                     ; Column I/O   ;                 ; no       ; On           ;
; J16      ; 424        ; 7B             ; RESERVED_INPUT_WITH_WEAK_PULLUP ;        ;              ;                     ; Column I/O   ;                 ; no       ; On           ;
; J17      ; 398        ; 7A             ; RESERVED_INPUT_WITH_WEAK_PULLUP ;        ;              ;                     ; Column I/O   ;                 ; no       ; On           ;
; J18      ; 392        ; 7A             ; RESERVED_INPUT_WITH_WEAK_PULLUP ;        ;              ;                     ; Column I/O   ;                 ; no       ; On           ;
; J19      ; 377        ; 7A             ; ^VCCRSTCLK_HPS                  ;        ;              ;                     ; --           ;                 ; --       ; --           ;
; J20      ; 346        ; 6A             ; RESERVED_INPUT_WITH_WEAK_PULLUP ;        ;              ;                     ; Row I/O      ;                 ; no       ; On           ;
; J21      ; 344        ; 6A             ; RESERVED_INPUT_WITH_WEAK_PULLUP ;        ;              ;                     ; Row I/O      ;                 ; no       ; On           ;
; J24      ; 336        ; 6A             ; RESERVED_INPUT_WITH_WEAK_PULLUP ;        ;              ;                     ; Row I/O      ;                 ; no       ; On           ;
; J25      ; 338        ; 6A             ; RESERVED_INPUT_WITH_WEAK_PULLUP ;        ;              ;                     ; Row I/O      ;                 ; no       ; On           ;
; J26      ; 330        ; 6A             ; RESERVED_INPUT_WITH_WEAK_PULLUP ;        ;              ;                     ; Row I/O      ;                 ; no       ; On           ;
; J27      ; 321        ; 6A             ; RESERVED_INPUT_WITH_WEAK_PULLUP ;        ;              ;                     ; Row I/O      ;                 ; no       ; On           ;
; J28      ; 319        ; 6A             ; RESERVED_INPUT_WITH_WEAK_PULLUP ;        ;              ;                     ; Row I/O      ;                 ; no       ; On           ;
; K1       ;            ;                ; GND                             ; gnd    ;              ;                     ; --           ;                 ; --       ; --           ;
; K2       ;            ;                ; GND                             ; gnd    ;              ;                     ; --           ;                 ; --       ; --           ;
; K3       ;            ;                ; GND                             ; gnd    ;              ;                     ; --           ;                 ; --       ; --           ;
; K4       ;            ;                ; GND                             ; gnd    ;              ;                     ; --           ;                 ; --       ; --           ;
; K5       ;            ; --             ; VCCA_FPLL                       ; power  ;              ; 2.5V                ; --           ;                 ; --       ; --           ;
; K8       ;            ;                ; GND                             ; gnd    ;              ;                     ; --           ;                 ; --       ; --           ;
; K9       ; 546        ; 9A             ; ^MSEL4                          ;        ;              ;                     ; --           ;                 ; --       ; --           ;
; K10      ; 544        ; 9A             ; ^MSEL3                          ;        ;              ;                     ; --           ;                 ; --       ; --           ;
; K11      ;            ;                ; GND                             ; gnd    ;              ;                     ; --           ;                 ; --       ; --           ;
; K12      ;            ;                ; GND                             ; gnd    ;              ;                     ; --           ;                 ; --       ; --           ;
; K13      ;            ; --             ; VCC                             ; power  ;              ; 1.1V                ; --           ;                 ; --       ; --           ;
; K14      ;            ;                ; GND                             ; gnd    ;              ;                     ; --           ;                 ; --       ; --           ;
; K15      ;            ; --             ; VCC                             ; power  ;              ; 1.1V                ; --           ;                 ; --       ; --           ;
; K16      ;            ;                ; GND                             ; gnd    ;              ;                     ; --           ;                 ; --       ; --           ;
; K17      ;            ; --             ; VCC_HPS                         ; power  ;              ; 1.1V                ; --           ;                 ; --       ; --           ;
; K18      ; 390        ; 7A             ; RESERVED_INPUT_WITH_WEAK_PULLUP ;        ;              ;                     ; Column I/O   ;                 ; no       ; On           ;
; K19      ; 379        ; 7A             ; ^HPS_TCK                        ;        ;              ;                     ; --           ;                 ; --       ; --           ;
; K20      ;            ;                ; GND                             ; gnd    ;              ;                     ; --           ;                 ; --       ; --           ;
; K21      ;            ; 6A, 6B         ; VCCPD6A6B_HPS                   ; power  ;              ; 2.5V                ; --           ;                 ; --       ; --           ;
; K24      ;            ; 6A, 6B         ; VCCPD6A6B_HPS                   ; power  ;              ; 2.5V                ; --           ;                 ; --       ; --           ;
; K25      ; 322        ; 6A             ; RESERVED_INPUT_WITH_WEAK_PULLUP ;        ;              ;                     ; Row I/O      ;                 ; no       ; On           ;
; K26      ; 328        ; 6A             ; RESERVED_INPUT_WITH_WEAK_PULLUP ;        ;              ;                     ; Row I/O      ;                 ; no       ; On           ;
; K27      ; 323        ; 6A             ; RESERVED_INPUT_WITH_WEAK_PULLUP ;        ;              ;                     ; Row I/O      ;                 ; no       ; On           ;
; K28      ; 317        ; 6A             ; RESERVED_INPUT_WITH_WEAK_PULLUP ;        ;              ;                     ; Row I/O      ;                 ; no       ; On           ;
; L1       ;            ;                ; GND                             ; gnd    ;              ;                     ; --           ;                 ; --       ; --           ;
; L2       ;            ;                ; GND                             ; gnd    ;              ;                     ; --           ;                 ; --       ; --           ;
; L3       ;            ;                ; GND                             ; gnd    ;              ;                     ; --           ;                 ; --       ; --           ;
; L4       ;            ; --             ; VCC                             ; power  ;              ; 1.1V                ; --           ;                 ; --       ; --           ;
; L5       ;            ;                ; GND                             ; gnd    ;              ;                     ; --           ;                 ; --       ; --           ;
; L8       ;            ;                ; GND                             ; gnd    ;              ;                     ; --           ;                 ; --       ; --           ;
; L9       ;            ;                ; GND                             ; gnd    ;              ;                     ; --           ;                 ; --       ; --           ;
; L10      ;            ;                ; GND                             ; gnd    ;              ;                     ; --           ;                 ; --       ; --           ;
; L11      ;            ; --             ; VCC                             ; power  ;              ; 1.1V                ; --           ;                 ; --       ; --           ;
; L12      ;            ; --             ; VCC                             ; power  ;              ; 1.1V                ; --           ;                 ; --       ; --           ;
; L13      ;            ;                ; GND                             ; gnd    ;              ;                     ; --           ;                 ; --       ; --           ;
; L14      ;            ; --             ; VCC                             ; power  ;              ; 1.1V                ; --           ;                 ; --       ; --           ;
; L15      ;            ;                ; GND                             ; gnd    ;              ;                     ; --           ;                 ; --       ; --           ;
; L16      ;            ; --             ; VCC_HPS                         ; power  ;              ; 1.1V                ; --           ;                 ; --       ; --           ;
; L17      ;            ;                ; GND                             ; gnd    ;              ;                     ; --           ;                 ; --       ; --           ;
; L18      ;            ; --             ; VCC_HPS                         ; power  ;              ; 1.1V                ; --           ;                 ; --       ; --           ;
; L19      ;            ;                ; GND                             ; gnd    ;              ;                     ; --           ;                 ; --       ; --           ;
; L20      ; 366        ; 6A             ; RESERVED_INPUT_WITH_WEAK_PULLUP ;        ;              ;                     ; Row I/O      ;                 ; no       ; On           ;
; L21      ; 364        ; 6A             ; RESERVED_INPUT_WITH_WEAK_PULLUP ;        ;              ;                     ; Row I/O      ;                 ; no       ; On           ;
; L24      ;            ;                ; GND                             ; gnd    ;              ;                     ; --           ;                 ; --       ; --           ;
; L25      ; 320        ; 6A             ; RESERVED_INPUT_WITH_WEAK_PULLUP ;        ;              ;                     ; Row I/O      ;                 ; no       ; On           ;
; L26      ;            ; 6A             ; VCCIO6A_HPS                     ; power  ;              ; 2.5V                ; --           ;                 ; --       ; --           ;
; L27      ;            ;                ; GND                             ; gnd    ;              ;                     ; --           ;                 ; --       ; --           ;
; L28      ; 315        ; 6A             ; RESERVED_INPUT_WITH_WEAK_PULLUP ;        ;              ;                     ; Row I/O      ;                 ; no       ; On           ;
; M1       ;            ;                ; DNU                             ;        ;              ;                     ; --           ;                 ; --       ; --           ;
; M2       ;            ;                ; DNU                             ;        ;              ;                     ; --           ;                 ; --       ; --           ;
; M3       ;            ;                ; GND                             ; gnd    ;              ;                     ; --           ;                 ; --       ; --           ;
; M4       ;            ; --             ; VCCA_FPLL                       ; power  ;              ; 2.5V                ; --           ;                 ; --       ; --           ;
; M5       ;            ; --             ; VCC                             ; power  ;              ; 1.1V                ; --           ;                 ; --       ; --           ;
; M8       ;            ;                ; GND                             ; gnd    ;              ;                     ; --           ;                 ; --       ; --           ;
; M9       ;            ; --             ; VCC                             ; power  ;              ; 1.1V                ; --           ;                 ; --       ; --           ;
; M10      ;            ;                ; GND                             ; gnd    ;              ;                     ; --           ;                 ; --       ; --           ;
; M11      ;            ;                ; GND                             ; gnd    ;              ;                     ; --           ;                 ; --       ; --           ;
; M12      ;            ; --             ; VCC                             ; power  ;              ; 1.1V                ; --           ;                 ; --       ; --           ;
; M13      ;            ; --             ; VCC                             ; power  ;              ; 1.1V                ; --           ;                 ; --       ; --           ;
; M14      ;            ;                ; GND                             ; gnd    ;              ;                     ; --           ;                 ; --       ; --           ;
; M15      ;            ; --             ; VCC                             ; power  ;              ; 1.1V                ; --           ;                 ; --       ; --           ;
; M16      ;            ;                ; GND                             ; gnd    ;              ;                     ; --           ;                 ; --       ; --           ;
; M17      ;            ; --             ; VCC_HPS                         ; power  ;              ; 1.1V                ; --           ;                 ; --       ; --           ;
; M18      ;            ; --             ; VCC_HPS                         ; power  ;              ; 1.1V                ; --           ;                 ; --       ; --           ;
; M19      ;            ; --             ; VCC_HPS                         ; power  ;              ; 1.1V                ; --           ;                 ; --       ; --           ;
; M20      ;            ;                ; GND                             ; gnd    ;              ;                     ; --           ;                 ; --       ; --           ;
; M21      ;            ; 6A             ; VCCIO6A_HPS                     ; power  ;              ; 2.5V                ; --           ;                 ; --       ; --           ;
; M24      ;            ; 6A, 6B         ; VCCPD6A6B_HPS                   ; power  ;              ; 2.5V                ; --           ;                 ; --       ; --           ;
; M25      ; 324        ; 6A             ; RESERVED_INPUT_WITH_WEAK_PULLUP ;        ;              ;                     ; Row I/O      ;                 ; no       ; On           ;
; M26      ; 312        ; 6A             ; RESERVED_INPUT_WITH_WEAK_PULLUP ;        ;              ;                     ; Row I/O      ;                 ; no       ; On           ;
; M27      ; 314        ; 6A             ; RESERVED_INPUT_WITH_WEAK_PULLUP ;        ;              ;                     ; Row I/O      ;                 ; no       ; On           ;
; M28      ; 313        ; 6A             ; RESERVED_INPUT_WITH_WEAK_PULLUP ;        ;              ;                     ; Row I/O      ;                 ; no       ; On           ;
; N1       ;            ;                ; GND                             ; gnd    ;              ;                     ; --           ;                 ; --       ; --           ;
; N2       ;            ;                ; GND                             ; gnd    ;              ;                     ; --           ;                 ; --       ; --           ;
; N3       ;            ;                ; GND                             ; gnd    ;              ;                     ; --           ;                 ; --       ; --           ;
; N4       ;            ;                ; GND                             ; gnd    ;              ;                     ; --           ;                 ; --       ; --           ;
; N5       ;            ; --             ; VCC                             ; power  ;              ; 1.1V                ; --           ;                 ; --       ; --           ;
; N8       ;            ;                ; GND                             ; gnd    ;              ;                     ; --           ;                 ; --       ; --           ;
; N9       ;            ; --             ; VCC                             ; power  ;              ; 1.1V                ; --           ;                 ; --       ; --           ;
; N10      ;            ; --             ; VCC                             ; power  ;              ; 1.1V                ; --           ;                 ; --       ; --           ;
; N11      ;            ; --             ; VCC                             ; power  ;              ; 1.1V                ; --           ;                 ; --       ; --           ;
; N12      ;            ; --             ; VCC                             ; power  ;              ; 1.1V                ; --           ;                 ; --       ; --           ;
; N13      ;            ;                ; GND                             ; gnd    ;              ;                     ; --           ;                 ; --       ; --           ;
; N14      ;            ; --             ; VCC                             ; power  ;              ; 1.1V                ; --           ;                 ; --       ; --           ;
; N15      ;            ;                ; GND                             ; gnd    ;              ;                     ; --           ;                 ; --       ; --           ;
; N16      ;            ; --             ; VCC_HPS                         ; power  ;              ; 1.1V                ; --           ;                 ; --       ; --           ;
; N17      ;            ;                ; GND                             ; gnd    ;              ;                     ; --           ;                 ; --       ; --           ;
; N18      ;            ; --             ; VCC_HPS                         ; power  ;              ; 1.1V                ; --           ;                 ; --       ; --           ;
; N19      ;            ;                ; GND                             ; gnd    ;              ;                     ; --           ;                 ; --       ; --           ;
; N20      ; 350        ; 6A             ; RESERVED_INPUT_WITH_WEAK_PULLUP ;        ;              ;                     ; Row I/O      ;                 ; no       ; On           ;
; N21      ; 348        ; 6A             ; RESERVED_INPUT_WITH_WEAK_PULLUP ;        ;              ;                     ; Row I/O      ;                 ; no       ; On           ;
; N24      ; 306        ; 6B             ; RESERVED_INPUT_WITH_WEAK_PULLUP ;        ;              ;                     ; Row I/O      ;                 ; no       ; On           ;
; N25      ; 304        ; 6B             ; RESERVED_INPUT_WITH_WEAK_PULLUP ;        ;              ;                     ; Row I/O      ;                 ; no       ; On           ;
; N26      ; 298        ; 6B             ; RESERVED_INPUT_WITH_WEAK_PULLUP ;        ;              ;                     ; Row I/O      ;                 ; no       ; On           ;
; N27      ; 296        ; 6B             ; RESERVED_INPUT_WITH_WEAK_PULLUP ;        ;              ;                     ; Row I/O      ;                 ; no       ; On           ;
; N28      ; 311        ; 6A             ; RESERVED_INPUT_WITH_WEAK_PULLUP ;        ;              ;                     ; Row I/O      ;                 ; no       ; On           ;
; P1       ;            ;                ; GND                             ; gnd    ;              ;                     ; --           ;                 ; --       ; --           ;
; P2       ;            ;                ; GND                             ; gnd    ;              ;                     ; --           ;                 ; --       ; --           ;
; P3       ;            ;                ; GND                             ; gnd    ;              ;                     ; --           ;                 ; --       ; --           ;
; P4       ;            ; --             ; VCCA_FPLL                       ; power  ;              ; 2.5V                ; --           ;                 ; --       ; --           ;
; P5       ;            ;                ; GND                             ; gnd    ;              ;                     ; --           ;                 ; --       ; --           ;
; P8       ;            ;                ; GND                             ; gnd    ;              ;                     ; --           ;                 ; --       ; --           ;
; P9       ;            ;                ; GND                             ; gnd    ;              ;                     ; --           ;                 ; --       ; --           ;
; P10      ;            ;                ; GND                             ; gnd    ;              ;                     ; --           ;                 ; --       ; --           ;
; P11      ;            ; --             ; VCC                             ; power  ;              ; 1.1V                ; --           ;                 ; --       ; --           ;
; P12      ;            ;                ; GND                             ; gnd    ;              ;                     ; --           ;                 ; --       ; --           ;
; P13      ;            ; --             ; VCC                             ; power  ;              ; 1.1V                ; --           ;                 ; --       ; --           ;
; P14      ;            ; --             ; VCC                             ; power  ;              ; 1.1V                ; --           ;                 ; --       ; --           ;
; P15      ;            ; --             ; VCC                             ; power  ;              ; 1.1V                ; --           ;                 ; --       ; --           ;
; P16      ;            ;                ; GND                             ; gnd    ;              ;                     ; --           ;                 ; --       ; --           ;
; P17      ;            ; --             ; VCC_HPS                         ; power  ;              ; 1.1V                ; --           ;                 ; --       ; --           ;
; P18      ;            ;                ; GND                             ; gnd    ;              ;                     ; --           ;                 ; --       ; --           ;
; P19      ;            ; --             ; VCC_HPS                         ; power  ;              ; 1.1V                ; --           ;                 ; --       ; --           ;
; P20      ;            ;                ; GND                             ; gnd    ;              ;                     ; --           ;                 ; --       ; --           ;
; P21      ;            ; 6A, 6B         ; VCCPD6A6B_HPS                   ; power  ;              ; 2.5V                ; --           ;                 ; --       ; --           ;
; P24      ;            ; 6A, 6B         ; VCCPD6A6B_HPS                   ; power  ;              ; 2.5V                ; --           ;                 ; --       ; --           ;
; P25      ;            ;                ; GND                             ; gnd    ;              ;                     ; --           ;                 ; --       ; --           ;
; P26      ; 299        ; 6B             ; RESERVED_INPUT_WITH_WEAK_PULLUP ;        ;              ;                     ; Row I/O      ;                 ; no       ; On           ;
; P27      ;            ; 6B             ; VCCIO6B_HPS                     ; power  ;              ; 2.5V                ; --           ;                 ; --       ; --           ;
; P28      ; 309        ; 6A             ; RESERVED_INPUT_WITH_WEAK_PULLUP ;        ;              ;                     ; Row I/O      ;                 ; no       ; On           ;
; R1       ;            ;                ; GND                             ; gnd    ;              ;                     ; --           ;                 ; --       ; --           ;
; R2       ;            ;                ; GND                             ; gnd    ;              ;                     ; --           ;                 ; --       ; --           ;
; R3       ;            ;                ; GND                             ; gnd    ;              ;                     ; --           ;                 ; --       ; --           ;
; R4       ;            ; --             ; VCCA_FPLL                       ; power  ;              ; 2.5V                ; --           ;                 ; --       ; --           ;
; R5       ;            ; --             ; VCC                             ; power  ;              ; 1.1V                ; --           ;                 ; --       ; --           ;
; R8       ;            ;                ; GND                             ; gnd    ;              ;                     ; --           ;                 ; --       ; --           ;
; R9       ;            ; --             ; VCC                             ; power  ;              ; 1.1V                ; --           ;                 ; --       ; --           ;
; R10      ;            ; --             ; VCC                             ; power  ;              ; 1.1V                ; --           ;                 ; --       ; --           ;
; R11      ;            ;                ; GND                             ; gnd    ;              ;                     ; --           ;                 ; --       ; --           ;
; R12      ;            ; --             ; VCC                             ; power  ;              ; 1.1V                ; --           ;                 ; --       ; --           ;
; R13      ;            ;                ; GND                             ; gnd    ;              ;                     ; --           ;                 ; --       ; --           ;
; R14      ;            ; --             ; VCC                             ; power  ;              ; 1.1V                ; --           ;                 ; --       ; --           ;
; R15      ;            ;                ; GND                             ; gnd    ;              ;                     ; --           ;                 ; --       ; --           ;
; R16      ; 334        ; 6A             ; RESERVED_INPUT_WITH_WEAK_PULLUP ;        ;              ;                     ; Row I/O      ;                 ; no       ; On           ;
; R17      ; 332        ; 6A             ; RESERVED_INPUT_WITH_WEAK_PULLUP ;        ;              ;                     ; Row I/O      ;                 ; no       ; On           ;
; R18      ; 318        ; 6A             ; RESERVED_INPUT_WITH_WEAK_PULLUP ;        ;              ;                     ; Row I/O      ;                 ; no       ; On           ;
; R19      ; 316        ; 6A             ; RESERVED_INPUT_WITH_WEAK_PULLUP ;        ;              ;                     ; Row I/O      ;                 ; no       ; On           ;
; R20      ; 310        ; 6A             ; RESERVED_INPUT_WITH_WEAK_PULLUP ;        ;              ;                     ; Row I/O      ;                 ; no       ; On           ;
; R21      ; 308        ; 6A             ; RESERVED_INPUT_WITH_WEAK_PULLUP ;        ;              ;                     ; Row I/O      ;                 ; no       ; On           ;
; R24      ; 282        ; 6B             ; RESERVED_INPUT_WITH_WEAK_PULLUP ;        ;              ;                     ; Row I/O      ;                 ; no       ; On           ;
; R25      ; 288        ; 6B             ; RESERVED_INPUT_WITH_WEAK_PULLUP ;        ;              ;                     ; Row I/O      ;                 ; no       ; On           ;
; R26      ; 290        ; 6B             ; RESERVED_INPUT_WITH_WEAK_PULLUP ;        ;              ;                     ; Row I/O      ;                 ; no       ; On           ;
; R27      ; 297        ; 6B             ; RESERVED_INPUT_WITH_WEAK_PULLUP ;        ;              ;                     ; Row I/O      ;                 ; no       ; On           ;
; R28      ; 307        ; 6B             ; RESERVED_INPUT_WITH_WEAK_PULLUP ;        ;              ;                     ; Row I/O      ;                 ; no       ; On           ;
; T1       ;            ;                ; DNU                             ;        ;              ;                     ; --           ;                 ; --       ; --           ;
; T2       ;            ;                ; DNU                             ;        ;              ;                     ; --           ;                 ; --       ; --           ;
; T3       ;            ;                ; GND                             ; gnd    ;              ;                     ; --           ;                 ; --       ; --           ;
; T4       ;            ; --             ; VCC                             ; power  ;              ; 1.1V                ; --           ;                 ; --       ; --           ;
; T5       ;            ; --             ; VCC                             ; power  ;              ; 1.1V                ; --           ;                 ; --       ; --           ;
; T8       ; 56         ; 3A             ; RESERVED_INPUT_WITH_WEAK_PULLUP ;        ;              ;                     ; Column I/O   ;                 ; no       ; On           ;
; T9       ;            ; --             ; VCC                             ; power  ;              ; 1.1V                ; --           ;                 ; --       ; --           ;
; T10      ;            ;                ; GND                             ; gnd    ;              ;                     ; --           ;                 ; --       ; --           ;
; T11      ; 106        ; 3B             ; RESERVED_INPUT_WITH_WEAK_PULLUP ;        ;              ;                     ; Column I/O   ;                 ; no       ; On           ;
; T12      ; 120        ; 3B             ; RESERVED_INPUT_WITH_WEAK_PULLUP ;        ;              ;                     ; Column I/O   ;                 ; no       ; On           ;
; T13      ; 122        ; 3B             ; RESERVED_INPUT_WITH_WEAK_PULLUP ;        ;              ;                     ; Column I/O   ;                 ; no       ; On           ;
; T14      ;            ;                ; GND                             ; gnd    ;              ;                     ; --           ;                 ; --       ; --           ;
; T15      ;            ; --             ; VCC                             ; power  ;              ; 1.1V                ; --           ;                 ; --       ; --           ;
; T16      ; 292        ; 6B             ; RESERVED_INPUT_WITH_WEAK_PULLUP ;        ;              ;                     ; Row I/O      ;                 ; no       ; On           ;
; T17      ; 294        ; 6B             ; RESERVED_INPUT_WITH_WEAK_PULLUP ;        ;              ;                     ; Row I/O      ;                 ; no       ; On           ;
; T18      ; 302        ; 6B             ; RESERVED_INPUT_WITH_WEAK_PULLUP ;        ;              ;                     ; Row I/O      ;                 ; no       ; On           ;
; T19      ; 300        ; 6B             ; RESERVED_INPUT_WITH_WEAK_PULLUP ;        ;              ;                     ; Row I/O      ;                 ; no       ; On           ;
; T20      ; 286        ; 6B             ; RESERVED_INPUT_WITH_WEAK_PULLUP ;        ;              ;                     ; Row I/O      ;                 ; no       ; On           ;
; T21      ;            ; 6B             ; VCCIO6B_HPS                     ; power  ;              ; 2.5V                ; --           ;                 ; --       ; --           ;
; T24      ; 280        ; 6B             ; RESERVED_INPUT_WITH_WEAK_PULLUP ;        ;              ;                     ; Row I/O      ;                 ; no       ; On           ;
; T25      ;            ; 6B             ; VCCIO6B_HPS                     ; power  ;              ; 2.5V                ; --           ;                 ; --       ; --           ;
; T26      ; 274        ; 6B             ; RESERVED_INPUT_WITH_WEAK_PULLUP ;        ;              ;                     ; Row I/O      ;                 ; no       ; On           ;
; T27      ; 283        ; 6B             ; RESERVED_INPUT_WITH_WEAK_PULLUP ;        ;              ;                     ; Row I/O      ;                 ; --       ; --           ;
; T28      ; 305        ; 6B             ; RESERVED_INPUT_WITH_WEAK_PULLUP ;        ;              ;                     ; Row I/O      ;                 ; no       ; On           ;
; U1       ;            ;                ; GND                             ; gnd    ;              ;                     ; --           ;                 ; --       ; --           ;
; U2       ;            ;                ; GND                             ; gnd    ;              ;                     ; --           ;                 ; --       ; --           ;
; U3       ;            ;                ; GND                             ; gnd    ;              ;                     ; --           ;                 ; --       ; --           ;
; U4       ;            ; --             ; VCCA_FPLL                       ; power  ;              ; 2.5V                ; --           ;                 ; --       ; --           ;
; U5       ;            ;                ; GND                             ; gnd    ;              ;                     ; --           ;                 ; --       ; --           ;
; U8       ;            ;                ; DNU                             ;        ;              ;                     ; --           ;                 ; --       ; --           ;
; U9       ; 58         ; 3A             ; RESERVED_INPUT_WITH_WEAK_PULLUP ;        ;              ;                     ; Column I/O   ;                 ; no       ; On           ;
; U10      ; 62         ; 3A             ; RESERVED_INPUT_WITH_WEAK_PULLUP ;        ;              ;                     ; Column I/O   ;                 ; no       ; On           ;
; U11      ; 104        ; 3B             ; RESERVED_INPUT_WITH_WEAK_PULLUP ;        ;              ;                     ; Column I/O   ;                 ; no       ; On           ;
; U12      ;            ;                ; GND                             ; gnd    ;              ;                     ; --           ;                 ; --       ; --           ;
; U13      ; 136        ; 4A             ; RESERVED_INPUT_WITH_WEAK_PULLUP ;        ;              ;                     ; Column I/O   ;                 ; no       ; On           ;
; U14      ; 138        ; 4A             ; RESERVED_INPUT_WITH_WEAK_PULLUP ;        ;              ;                     ; Column I/O   ;                 ; no       ; On           ;
; U15      ; 278        ; 6B             ; RESERVED_INPUT_WITH_WEAK_PULLUP ;        ;              ;                     ; Row I/O      ;                 ; no       ; On           ;
; U16      ; 276        ; 6B             ; RESERVED_INPUT_WITH_WEAK_PULLUP ;        ;              ;                     ; Row I/O      ;                 ; no       ; On           ;
; U17      ;            ;                ; GND                             ; gnd    ;              ;                     ; --           ;                 ; --       ; --           ;
; U18      ;            ; 6B             ; VCCIO6B_HPS                     ; power  ;              ; 2.5V                ; --           ;                 ; --       ; --           ;
; U19      ; 284        ; 6B             ; RESERVED_INPUT_WITH_WEAK_PULLUP ;        ;              ;                     ; Row I/O      ;                 ; no       ; On           ;
; U20      ;            ;                ; GND                             ; gnd    ;              ;                     ; --           ;                 ; --       ; --           ;
; U21      ;            ; --             ; VCC_HPS                         ; power  ;              ; 1.1V                ; --           ;                 ; --       ; --           ;
; U24      ;            ;                ; GND                             ; gnd    ;              ;                     ; --           ;                 ; --       ; --           ;
; U25      ; 272        ; 6B             ; RESERVED_INPUT_WITH_WEAK_PULLUP ;        ;              ;                     ; Row I/O      ;                 ; no       ; On           ;
; U26      ;            ; --             ; VCC                             ; power  ;              ; 1.1V                ; --           ;                 ; --       ; --           ;
; U27      ;            ;                ; GND                             ; gnd    ;              ;                     ; --           ;                 ; --       ; --           ;
; U28      ; 303        ; 6B             ; RESERVED_INPUT_WITH_WEAK_PULLUP ;        ;              ;                     ; Row I/O      ;                 ; no       ; On           ;
; V1       ;            ;                ; GND                             ; gnd    ;              ;                     ; --           ;                 ; --       ; --           ;
; V2       ;            ;                ; GND                             ; gnd    ;              ;                     ; --           ;                 ; --       ; --           ;
; V3       ;            ;                ; GND                             ; gnd    ;              ;                     ; --           ;                 ; --       ; --           ;
; V4       ;            ;                ; GND                             ; gnd    ;              ;                     ; --           ;                 ; --       ; --           ;
; V5       ;            ;                ; GND                             ; gnd    ;              ;                     ; --           ;                 ; --       ; --           ;
; V8       ;            ;                ; GND                             ; gnd    ;              ;                     ; --           ;                 ; --       ; --           ;
; V9       ;            ;                ; GND                             ; gnd    ;              ;                     ; --           ;                 ; --       ; --           ;
; V10      ; 60         ; 3A             ; RESERVED_INPUT_WITH_WEAK_PULLUP ;        ;              ;                     ; Column I/O   ;                 ; no       ; On           ;
; V11      ; 114        ; 3B             ; clk_50                          ; input  ; 2.5 V        ;                     ; Column I/O   ; Y               ; no       ; Off          ;
; V12      ; 130        ; 3B             ; teste                           ; output ; 2.5 V        ;                     ; Column I/O   ; Y               ; no       ; Off          ;
; V13      ; 152        ; 4A             ; RESERVED_INPUT_WITH_WEAK_PULLUP ;        ;              ;                     ; Column I/O   ;                 ; no       ; On           ;
; V14      ;            ;                ; GND                             ; gnd    ;              ;                     ; --           ;                 ; --       ; --           ;
; V15      ; 227        ; 5A             ; RESERVED_INPUT_WITH_WEAK_PULLUP ;        ;              ;                     ; Row I/O      ;                 ; no       ; On           ;
; V16      ; 225        ; 5A             ; RESERVED_INPUT_WITH_WEAK_PULLUP ;        ;              ;                     ; Row I/O      ;                 ; no       ; On           ;
; V17      ; 270        ; 6B             ; RESERVED_INPUT_WITH_WEAK_PULLUP ;        ;              ;                     ; Row I/O      ;                 ; no       ; On           ;
; V18      ; 268        ; 6B             ; RESERVED_INPUT_WITH_WEAK_PULLUP ;        ;              ;                     ; Row I/O      ;                 ; no       ; On           ;
; V19      ; 266        ; 6B             ; RESERVED_INPUT_WITH_WEAK_PULLUP ;        ;              ;                     ; Row I/O      ;                 ; no       ; On           ;
; V20      ; 264        ; 6B             ; RESERVED_INPUT_WITH_WEAK_PULLUP ;        ;              ;                     ; Row I/O      ;                 ; no       ; On           ;
; V21      ;            ;                ; GND                             ; gnd    ;              ;                     ; --           ;                 ; --       ; --           ;
; V24      ; 269        ; 6B             ; RESERVED_INPUT_WITH_WEAK_PULLUP ;        ;              ;                     ; Row I/O      ;                 ; no       ; On           ;
; V25      ; 271        ; 6B             ; RESERVED_INPUT_WITH_WEAK_PULLUP ;        ;              ;                     ; Row I/O      ;                 ; no       ; On           ;
; V26      ;            ;                ; GND                             ; gnd    ;              ;                     ; --           ;                 ; --       ; --           ;
; V27      ; 295        ; 6B             ; RESERVED_INPUT_WITH_WEAK_PULLUP ;        ;              ;                     ; Row I/O      ;                 ; no       ; On           ;
; V28      ; 301        ; 6B             ; RESERVED_INPUT_WITH_WEAK_PULLUP ;        ;              ;                     ; Row I/O      ;                 ; no       ; On           ;
; W1       ;            ;                ; GND                             ; gnd    ;              ;                     ; --           ;                 ; --       ; --           ;
; W2       ;            ;                ; GND                             ; gnd    ;              ;                     ; --           ;                 ; --       ; --           ;
; W3       ;            ;                ; GND                             ; gnd    ;              ;                     ; --           ;                 ; --       ; --           ;
; W4       ;            ;                ; GND                             ; gnd    ;              ;                     ; --           ;                 ; --       ; --           ;
; W5       ;            ; --             ; VCCA_FPLL                       ; power  ;              ; 2.5V                ; --           ;                 ; --       ; --           ;
; W8       ; 54         ; 3A             ; RESERVED_INPUT_WITH_WEAK_PULLUP ;        ;              ;                     ; Column I/O   ;                 ; no       ; On           ;
; W9       ;            ; 3A             ; VCCIO3A                         ; power  ;              ; 2.5V                ; --           ;                 ; --       ; --           ;
; W10      ; 48         ; 3A             ; altera_reserved_tdi             ; input  ; 2.5 V        ;                     ; --           ; N               ; no       ; Off          ;
; W11      ; 112        ; 3B             ; RESERVED_INPUT_WITH_WEAK_PULLUP ;        ;              ;                     ; Column I/O   ;                 ; no       ; On           ;
; W12      ; 128        ; 3B             ; RESERVED_INPUT_WITH_WEAK_PULLUP ;        ;              ;                     ; Column I/O   ;                 ; no       ; On           ;
; W13      ;            ; 4A             ; VCCIO4A                         ; power  ;              ; 2.5V                ; --           ;                 ; --       ; --           ;
; W14      ; 154        ; 4A             ; RESERVED_INPUT_WITH_WEAK_PULLUP ;        ;              ;                     ; Column I/O   ;                 ; no       ; On           ;
; W15      ; 223        ; 5A             ; RESERVED_INPUT_WITH_WEAK_PULLUP ;        ;              ;                     ; Row I/O      ;                 ; no       ; On           ;
; W16      ;            ;                ; GND                             ; gnd    ;              ;                     ; --           ;                 ; --       ; --           ;
; W17      ;            ; 5A             ; VCCIO5A                         ; power  ;              ; 2.5V                ; --           ;                 ; --       ; --           ;
; W18      ;            ;                ; GND                             ; gnd    ;              ;                     ; --           ;                 ; --       ; --           ;
; W19      ;            ; 5B             ; VCCPD5B                         ; power  ;              ; 2.5V                ; --           ;                 ; --       ; --           ;
; W20      ; 254        ; 5B             ; RESERVED_INPUT_WITH_WEAK_PULLUP ;        ;              ;                     ; Row I/O      ;                 ; no       ; On           ;
; W21      ; 252        ; 5B             ; RESERVED_INPUT_WITH_WEAK_PULLUP ;        ;              ;                     ; Row I/O      ;                 ; no       ; On           ;
; W24      ; 258        ; 5B             ; RESERVED_INPUT_WITH_WEAK_PULLUP ;        ;              ;                     ; Row I/O      ;                 ; no       ; On           ;
; W25      ;            ; 5B             ; VCCIO5B                         ; power  ;              ; 2.5V                ; --           ;                 ; --       ; --           ;
; W26      ; 287        ; 6B             ; RESERVED_INPUT_WITH_WEAK_PULLUP ;        ;              ;                     ; Row I/O      ;                 ; no       ; On           ;
; W27      ;            ; 6B             ; VCCIO6B_HPS                     ; power  ;              ; 2.5V                ; --           ;                 ; --       ; --           ;
; W28      ; 293        ; 6B             ; RESERVED_INPUT_WITH_WEAK_PULLUP ;        ;              ;                     ; Row I/O      ;                 ; no       ; On           ;
; Y1       ;            ;                ; DNU                             ;        ;              ;                     ; --           ;                 ; --       ; --           ;
; Y2       ;            ;                ; DNU                             ;        ;              ;                     ; --           ;                 ; --       ; --           ;
; Y3       ;            ;                ; GND                             ; gnd    ;              ;                     ; --           ;                 ; --       ; --           ;
; Y4       ; 53         ; 3A             ; RESERVED_INPUT_WITH_WEAK_PULLUP ;        ;              ;                     ; Column I/O   ;                 ; no       ; On           ;
; Y5       ; 55         ; 3A             ; RESERVED_INPUT_WITH_WEAK_PULLUP ;        ;              ;                     ; Column I/O   ;                 ; no       ; On           ;
; Y8       ; 52         ; 3A             ; RESERVED_INPUT_WITH_WEAK_PULLUP ;        ;              ;                     ; Column I/O   ;                 ; no       ; On           ;
; Y9       ; 42         ; 3A             ; altera_reserved_tdo             ; output ; 2.5 V        ;                     ; --           ; N               ; no       ; Off          ;
; Y10      ;            ; --             ; VCCPGM                          ; power  ;              ; 1.8V/2.5V/3.0V/3.3V ; --           ;                 ; --       ; --           ;
; Y11      ; 66         ; 3A             ; RESERVED_INPUT_WITH_WEAK_PULLUP ;        ;              ;                     ; Column I/O   ;                 ; no       ; On           ;
; Y12      ;            ;                ; GND                             ; gnd    ;              ;                     ; --           ;                 ; --       ; --           ;
; Y13      ; 146        ; 4A             ; RESERVED_INPUT_WITH_WEAK_PULLUP ;        ;              ;                     ; Column I/O   ;                 ; no       ; On           ;
; Y14      ;            ;                ; GND                             ; gnd    ;              ;                     ; --           ;                 ; --       ; --           ;
; Y15      ; 162        ; 4A             ; RESERVED_INPUT_WITH_WEAK_PULLUP ;        ;              ;                     ; Column I/O   ;                 ; no       ; On           ;
; Y16      ; 221        ; 5A             ; RESERVED_INPUT_WITH_WEAK_PULLUP ;        ;              ;                     ; Row I/O      ;                 ; no       ; On           ;
; Y17      ; 217        ; 5A             ; RESERVED_INPUT_WITH_WEAK_PULLUP ;        ;              ;                     ; Row I/O      ;                 ; no       ; On           ;
; Y18      ; 219        ; 5A             ; RESERVED_INPUT_WITH_WEAK_PULLUP ;        ;              ;                     ; Row I/O      ;                 ; no       ; On           ;
; Y19      ; 215        ; 5A             ; RESERVED_INPUT_WITH_WEAK_PULLUP ;        ;              ;                     ; Row I/O      ;                 ; no       ; On           ;
; Y20      ;            ;                ; GND                             ; gnd    ;              ;                     ; --           ;                 ; --       ; --           ;
; Y21      ;            ; 5A             ; VCCPD5A                         ; power  ;              ; 2.5V                ; --           ;                 ; --       ; --           ;
; Y24      ; 256        ; 5B             ; RESERVED_INPUT_WITH_WEAK_PULLUP ;        ;              ;                     ; Row I/O      ;                 ; no       ; On           ;
; Y25      ;            ;                ; GND                             ; gnd    ;              ;                     ; --           ;                 ; --       ; --           ;
; Y26      ; 285        ; 6B             ; RESERVED_INPUT_WITH_WEAK_PULLUP ;        ;              ;                     ; Row I/O      ;                 ; no       ; On           ;
; Y27      ; 281        ; 6B             ; RESERVED_INPUT_WITH_WEAK_PULLUP ;        ;              ;                     ; Row I/O      ;                 ; no       ; On           ;
; Y28      ; 291        ; 6B             ; RESERVED_INPUT_WITH_WEAK_PULLUP ;        ;              ;                     ; Row I/O      ;                 ; no       ; On           ;
+----------+------------+----------------+---------------------------------+--------+--------------+---------------------+--------------+-----------------+----------+--------------+
Note: Pin directions (input, output or bidir) are based on device operating in user mode.


+------------------------------------------+
; I/O Assignment Warnings                  ;
+----------+-------------------------------+
; Pin Name ; Reason                        ;
+----------+-------------------------------+
; teste    ; Incomplete set of assignments ;
; rst_n    ; Incomplete set of assignments ;
; clk_50   ; Incomplete set of assignments ;
+----------+-------------------------------+


+------------------------------------------------------------------------------------------------------------------------------+
; PLL Usage Summary                                                                                                            ;
+-------------------------------------------------------------------------------------------------+----------------------------+
;                                                                                                 ;                            ;
+-------------------------------------------------------------------------------------------------+----------------------------+
; pll:pll|pll_0002:pll_inst|altera_pll:altera_pll_i|general[0].gpll~FRACTIONAL_PLL                ;                            ;
;     -- PLL Type                                                                                 ; Integer PLL                ;
;     -- PLL Location                                                                             ; FRACTIONALPLL_X0_Y15_N0    ;
;     -- PLL Feedback clock type                                                                  ; none                       ;
;     -- PLL Bandwidth                                                                            ; Auto                       ;
;         -- PLL Bandwidth Range                                                                  ; 2100000 to 1400000 Hz      ;
;     -- Reference Clock Frequency                                                                ; 50.0 MHz                   ;
;     -- Reference Clock Sourced by                                                               ; Dedicated Pin              ;
;     -- PLL VCO Frequency                                                                        ; 300.0 MHz                  ;
;     -- PLL Operation Mode                                                                       ; Direct                     ;
;     -- PLL Freq Min Lock                                                                        ; 50.000000 MHz              ;
;     -- PLL Freq Max Lock                                                                        ; 133.333333 MHz             ;
;     -- PLL Enable                                                                               ; On                         ;
;     -- PLL Fractional Division                                                                  ; N/A                        ;
;     -- M Counter                                                                                ; 12                         ;
;     -- N Counter                                                                                ; 2                          ;
;     -- PLL Refclk Select                                                                        ;                            ;
;             -- PLL Refclk Select Location                                                       ; PLLREFCLKSELECT_X0_Y21_N0  ;
;             -- PLL Reference Clock Input 0 source                                               ; clk_0                      ;
;             -- PLL Reference Clock Input 1 source                                               ; ref_clk1                   ;
;             -- ADJPLLIN source                                                                  ; N/A                        ;
;             -- CORECLKIN source                                                                 ; N/A                        ;
;             -- IQTXRXCLKIN source                                                               ; N/A                        ;
;             -- PLLIQCLKIN source                                                                ; N/A                        ;
;             -- RXIQCLKIN source                                                                 ; N/A                        ;
;             -- CLKIN(0) source                                                                  ; clk_50~input               ;
;             -- CLKIN(1) source                                                                  ; N/A                        ;
;             -- CLKIN(2) source                                                                  ; N/A                        ;
;             -- CLKIN(3) source                                                                  ; N/A                        ;
;     -- PLL Output Counter                                                                       ;                            ;
;         -- pll:pll|pll_0002:pll_inst|altera_pll:altera_pll_i|general[0].gpll~PLL_OUTPUT_COUNTER ;                            ;
;             -- Output Clock Frequency                                                           ; 10.0 MHz                   ;
;             -- Output Clock Location                                                            ; PLLOUTPUTCOUNTER_X0_Y20_N1 ;
;             -- C Counter Odd Divider Even Duty Enable                                           ; Off                        ;
;             -- Duty Cycle                                                                       ; 50.0000                    ;
;             -- Phase Shift                                                                      ; 0.000000 degrees           ;
;             -- C Counter                                                                        ; 30                         ;
;             -- C Counter PH Mux PRST                                                            ; 0                          ;
;             -- C Counter PRST                                                                   ; 1                          ;
;                                                                                                 ;                            ;
+-------------------------------------------------------------------------------------------------+----------------------------+


+------------------------------------------------------------------------------------------------------------------------------------------------------------------------------------------------------------------------------------------------------------------------------------------------------------------------------------------------------------------------------------------------------------------------------------------------------------------------------------------------------------------------------------------------------------------------------------------------------------------------------------------------------------------------------------------------------------------------------------------------------------------------------------------------------------------------------------------------------------------+
; Fitter Resource Utilization by Entity                                                                                                                                                                                                                                                                                                                                                                                                                                                                                                                                                                                                                                                                                                                                                                                                                            ;
+-----------------------------------------------------------------------------------------------------------------------------------------+----------------------+----------------------------------+---------------------------------------------------+----------------------------------+----------------------+---------------------+---------------------------+---------------+-------------------+-------+------------+------+--------------+------------------------------------------------------------------------------------------------------------------------------------------------------------------------------------------------------------------------------------------------------------------------------------------------------------------------------------------------------------+-----------------------------------+--------------+
; Compilation Hierarchy Node                                                                                                              ; ALMs needed [=A-B+C] ; [A] ALMs used in final placement ; [B] Estimate of ALMs recoverable by dense packing ; [C] Estimate of ALMs unavailable ; ALMs used for memory ; Combinational ALUTs ; Dedicated Logic Registers ; I/O Registers ; Block Memory Bits ; M10Ks ; DSP Blocks ; Pins ; Virtual Pins ; Full Hierarchy Name                                                                                                                                                                                                                                                                                                                                        ; Entity Name                       ; Library Name ;
+-----------------------------------------------------------------------------------------------------------------------------------------+----------------------+----------------------------------+---------------------------------------------------+----------------------------------+----------------------+---------------------+---------------------------+---------------+-------------------+-------+------------+------+--------------+------------------------------------------------------------------------------------------------------------------------------------------------------------------------------------------------------------------------------------------------------------------------------------------------------------------------------------------------------------+-----------------------------------+--------------+
; |toplevel_placa                                                                                                                         ; 4196.0 (24.0)        ; 4672.5 (23.7)                    ; 596.0 (0.0)                                       ; 119.5 (0.3)                      ; 0.0 (0.0)            ; 7019 (42)           ; 2098 (0)                  ; 0 (0)         ; 3911639           ; 489   ; 4          ; 3    ; 0            ; |toplevel_placa                                                                                                                                                                                                                                                                                                                                            ; toplevel_placa                    ; work         ;
;    |pll:pll|                                                                                                                            ; 0.0 (0.0)            ; 0.0 (0.0)                        ; 0.0 (0.0)                                         ; 0.0 (0.0)                        ; 0.0 (0.0)            ; 0 (0)               ; 0 (0)                     ; 0 (0)         ; 0                 ; 0     ; 0          ; 0    ; 0            ; |toplevel_placa|pll:pll                                                                                                                                                                                                                                                                                                                                    ; pll                               ; pll          ;
;       |pll_0002:pll_inst|                                                                                                               ; 0.0 (0.0)            ; 0.0 (0.0)                        ; 0.0 (0.0)                                         ; 0.0 (0.0)                        ; 0.0 (0.0)            ; 0 (0)               ; 0 (0)                     ; 0 (0)         ; 0                 ; 0     ; 0          ; 0    ; 0            ; |toplevel_placa|pll:pll|pll_0002:pll_inst                                                                                                                                                                                                                                                                                                                  ; pll_0002                          ; pll          ;
;          |altera_pll:altera_pll_i|                                                                                                      ; 0.0 (0.0)            ; 0.0 (0.0)                        ; 0.0 (0.0)                                         ; 0.0 (0.0)                        ; 0.0 (0.0)            ; 0 (0)               ; 0 (0)                     ; 0 (0)         ; 0                 ; 0     ; 0          ; 0    ; 0            ; |toplevel_placa|pll:pll|pll_0002:pll_inst|altera_pll:altera_pll_i                                                                                                                                                                                                                                                                                          ; altera_pll                        ; work         ;
;    |rst_proc:rst_proc|                                                                                                                  ; 25.0 (25.0)          ; 25.0 (25.0)                      ; 0.0 (0.0)                                         ; 0.0 (0.0)                        ; 0.0 (0.0)            ; 42 (42)             ; 32 (32)                   ; 0 (0)         ; 0                 ; 0     ; 0          ; 0    ; 0            ; |toplevel_placa|rst_proc:rst_proc                                                                                                                                                                                                                                                                                                                          ; rst_proc                          ; work         ;
;    |sinal_memoria:comb_6|                                                                                                               ; 4.0 (4.0)            ; 8.0 (8.0)                        ; 4.0 (4.0)                                         ; 0.0 (0.0)                        ; 0.0 (0.0)            ; 8 (8)               ; 8 (8)                     ; 0 (0)         ; 4096              ; 1     ; 0          ; 0    ; 0            ; |toplevel_placa|sinal_memoria:comb_6                                                                                                                                                                                                                                                                                                                       ; sinal_memoria                     ; work         ;
;       |altsyncram:rom_rtl_0|                                                                                                            ; 0.0 (0.0)            ; 0.0 (0.0)                        ; 0.0 (0.0)                                         ; 0.0 (0.0)                        ; 0.0 (0.0)            ; 0 (0)               ; 0 (0)                     ; 0 (0)         ; 4096              ; 1     ; 0          ; 0    ; 0            ; |toplevel_placa|sinal_memoria:comb_6|altsyncram:rom_rtl_0                                                                                                                                                                                                                                                                                                  ; altsyncram                        ; work         ;
;          |altsyncram_ccd1:auto_generated|                                                                                               ; 0.0 (0.0)            ; 0.0 (0.0)                        ; 0.0 (0.0)                                         ; 0.0 (0.0)                        ; 0.0 (0.0)            ; 0 (0)               ; 0 (0)                     ; 0 (0)         ; 4096              ; 1     ; 0          ; 0    ; 0            ; |toplevel_placa|sinal_memoria:comb_6|altsyncram:rom_rtl_0|altsyncram_ccd1:auto_generated                                                                                                                                                                                                                                                                   ; altsyncram_ccd1                   ; work         ;
;    |sld_hub:auto_hub|                                                                                                                   ; 58.0 (0.5)           ; 74.0 (0.5)                       ; 16.0 (0.0)                                        ; 0.0 (0.0)                        ; 0.0 (0.0)            ; 90 (1)              ; 96 (0)                    ; 0 (0)         ; 0                 ; 0     ; 0          ; 0    ; 0            ; |toplevel_placa|sld_hub:auto_hub                                                                                                                                                                                                                                                                                                                           ; sld_hub                           ; altera_sld   ;
;       |alt_sld_fab_with_jtag_input:\instrumentation_fabric_with_node_gen:fabric_gen_new_way:with_jtag_input_gen:instrumentation_fabric| ; 57.5 (0.0)           ; 73.5 (0.0)                       ; 16.0 (0.0)                                        ; 0.0 (0.0)                        ; 0.0 (0.0)            ; 89 (0)              ; 96 (0)                    ; 0 (0)         ; 0                 ; 0     ; 0          ; 0    ; 0            ; |toplevel_placa|sld_hub:auto_hub|alt_sld_fab_with_jtag_input:\instrumentation_fabric_with_node_gen:fabric_gen_new_way:with_jtag_input_gen:instrumentation_fabric                                                                                                                                                                                           ; alt_sld_fab_with_jtag_input       ; altera_sld   ;
;          |alt_sld_fab:instrumentation_fabric|                                                                                           ; 57.5 (0.0)           ; 73.5 (0.0)                       ; 16.0 (0.0)                                        ; 0.0 (0.0)                        ; 0.0 (0.0)            ; 89 (0)              ; 96 (0)                    ; 0 (0)         ; 0                 ; 0     ; 0          ; 0    ; 0            ; |toplevel_placa|sld_hub:auto_hub|alt_sld_fab_with_jtag_input:\instrumentation_fabric_with_node_gen:fabric_gen_new_way:with_jtag_input_gen:instrumentation_fabric|alt_sld_fab:instrumentation_fabric                                                                                                                                                        ; alt_sld_fab                       ; alt_sld_fab  ;
;             |alt_sld_fab_alt_sld_fab:alt_sld_fab|                                                                                       ; 57.5 (0.6)           ; 73.5 (2.3)                       ; 16.0 (1.8)                                        ; 0.0 (0.0)                        ; 0.0 (0.0)            ; 89 (1)              ; 96 (5)                    ; 0 (0)         ; 0                 ; 0     ; 0          ; 0    ; 0            ; |toplevel_placa|sld_hub:auto_hub|alt_sld_fab_with_jtag_input:\instrumentation_fabric_with_node_gen:fabric_gen_new_way:with_jtag_input_gen:instrumentation_fabric|alt_sld_fab:instrumentation_fabric|alt_sld_fab_alt_sld_fab:alt_sld_fab                                                                                                                    ; alt_sld_fab_alt_sld_fab           ; alt_sld_fab  ;
;                |alt_sld_fab_alt_sld_fab_sldfabric:sldfabric|                                                                            ; 56.9 (0.0)           ; 71.2 (0.0)                       ; 14.2 (0.0)                                        ; 0.0 (0.0)                        ; 0.0 (0.0)            ; 88 (0)              ; 91 (0)                    ; 0 (0)         ; 0                 ; 0     ; 0          ; 0    ; 0            ; |toplevel_placa|sld_hub:auto_hub|alt_sld_fab_with_jtag_input:\instrumentation_fabric_with_node_gen:fabric_gen_new_way:with_jtag_input_gen:instrumentation_fabric|alt_sld_fab:instrumentation_fabric|alt_sld_fab_alt_sld_fab:alt_sld_fab|alt_sld_fab_alt_sld_fab_sldfabric:sldfabric                                                                        ; alt_sld_fab_alt_sld_fab_sldfabric ; alt_sld_fab  ;
;                   |sld_jtag_hub:\jtag_hub_gen:real_sld_jtag_hub|                                                                        ; 56.9 (37.0)          ; 71.2 (48.7)                      ; 14.2 (11.7)                                       ; 0.0 (0.0)                        ; 0.0 (0.0)            ; 88 (55)             ; 91 (61)                   ; 0 (0)         ; 0                 ; 0     ; 0          ; 0    ; 0            ; |toplevel_placa|sld_hub:auto_hub|alt_sld_fab_with_jtag_input:\instrumentation_fabric_with_node_gen:fabric_gen_new_way:with_jtag_input_gen:instrumentation_fabric|alt_sld_fab:instrumentation_fabric|alt_sld_fab_alt_sld_fab:alt_sld_fab|alt_sld_fab_alt_sld_fab_sldfabric:sldfabric|sld_jtag_hub:\jtag_hub_gen:real_sld_jtag_hub                           ; sld_jtag_hub                      ; work         ;
;                      |sld_rom_sr:hub_info_reg|                                                                                          ; 9.2 (9.2)            ; 10.5 (10.5)                      ; 1.3 (1.3)                                         ; 0.0 (0.0)                        ; 0.0 (0.0)            ; 15 (15)             ; 11 (11)                   ; 0 (0)         ; 0                 ; 0     ; 0          ; 0    ; 0            ; |toplevel_placa|sld_hub:auto_hub|alt_sld_fab_with_jtag_input:\instrumentation_fabric_with_node_gen:fabric_gen_new_way:with_jtag_input_gen:instrumentation_fabric|alt_sld_fab:instrumentation_fabric|alt_sld_fab_alt_sld_fab:alt_sld_fab|alt_sld_fab_alt_sld_fab_sldfabric:sldfabric|sld_jtag_hub:\jtag_hub_gen:real_sld_jtag_hub|sld_rom_sr:hub_info_reg   ; sld_rom_sr                        ; work         ;
;                      |sld_shadow_jsm:shadow_jsm|                                                                                        ; 10.8 (10.8)          ; 12.0 (12.0)                      ; 1.3 (1.3)                                         ; 0.0 (0.0)                        ; 0.0 (0.0)            ; 18 (18)             ; 19 (19)                   ; 0 (0)         ; 0                 ; 0     ; 0          ; 0    ; 0            ; |toplevel_placa|sld_hub:auto_hub|alt_sld_fab_with_jtag_input:\instrumentation_fabric_with_node_gen:fabric_gen_new_way:with_jtag_input_gen:instrumentation_fabric|alt_sld_fab:instrumentation_fabric|alt_sld_fab_alt_sld_fab:alt_sld_fab|alt_sld_fab_alt_sld_fab_sldfabric:sldfabric|sld_jtag_hub:\jtag_hub_gen:real_sld_jtag_hub|sld_shadow_jsm:shadow_jsm ; sld_shadow_jsm                    ; altera_sld   ;
;    |sld_signaltap:auto_signaltap_0|                                                                                                     ; 436.0 (-3.5)         ; 744.5 (48.2)                     ; 318.5 (51.7)                                      ; 10.0 (0.0)                       ; 0.0 (0.0)            ; 513 (2)             ; 1137 (112)                ; 0 (0)         ; 3670016           ; 448   ; 0          ; 0    ; 0            ; |toplevel_placa|sld_signaltap:auto_signaltap_0                                                                                                                                                                                                                                                                                                             ; sld_signaltap                     ; work         ;
;       |sld_signaltap_impl:sld_signaltap_body|                                                                                           ; 439.5 (0.0)          ; 696.3 (0.0)                      ; 266.8 (0.0)                                       ; 10.0 (0.0)                       ; 0.0 (0.0)            ; 511 (0)             ; 1025 (0)                  ; 0 (0)         ; 3670016           ; 448   ; 0          ; 0    ; 0            ; |toplevel_placa|sld_signaltap:auto_signaltap_0|sld_signaltap_impl:sld_signaltap_body                                                                                                                                                                                                                                                                       ; sld_signaltap_impl                ; work         ;
;          |sld_signaltap_implb:sld_signaltap_body|                                                                                       ; 439.5 (53.9)         ; 696.3 (162.6)                    ; 266.8 (108.8)                                     ; 10.0 (0.0)                       ; 0.0 (0.0)            ; 511 (68)            ; 1025 (319)                ; 0 (0)         ; 3670016           ; 448   ; 0          ; 0    ; 0            ; |toplevel_placa|sld_signaltap:auto_signaltap_0|sld_signaltap_impl:sld_signaltap_body|sld_signaltap_implb:sld_signaltap_body                                                                                                                                                                                                                                ; sld_signaltap_implb               ; work         ;
;             |altdpram:\stp_non_zero_ram_gen:attribute_mem_gen:attribute_mem|                                                            ; 18.1 (17.5)          ; 48.6 (48.2)                      ; 30.5 (30.7)                                       ; 0.0 (0.0)                        ; 0.0 (0.0)            ; 2 (0)               ; 100 (100)                 ; 0 (0)         ; 0                 ; 0     ; 0          ; 0    ; 0            ; |toplevel_placa|sld_signaltap:auto_signaltap_0|sld_signaltap_impl:sld_signaltap_body|sld_signaltap_implb:sld_signaltap_body|altdpram:\stp_non_zero_ram_gen:attribute_mem_gen:attribute_mem                                                                                                                                                                 ; altdpram                          ; work         ;
;                |lpm_decode:wdecoder|                                                                                                    ; 0.4 (0.0)            ; 0.4 (0.0)                        ; 0.0 (0.0)                                         ; 0.0 (0.0)                        ; 0.0 (0.0)            ; 2 (0)               ; 0 (0)                     ; 0 (0)         ; 0                 ; 0     ; 0          ; 0    ; 0            ; |toplevel_placa|sld_signaltap:auto_signaltap_0|sld_signaltap_impl:sld_signaltap_body|sld_signaltap_implb:sld_signaltap_body|altdpram:\stp_non_zero_ram_gen:attribute_mem_gen:attribute_mem|lpm_decode:wdecoder                                                                                                                                             ; lpm_decode                        ; work         ;
;                   |decode_vnf:auto_generated|                                                                                           ; 0.4 (0.4)            ; 0.4 (0.4)                        ; 0.0 (0.0)                                         ; 0.0 (0.0)                        ; 0.0 (0.0)            ; 2 (2)               ; 0 (0)                     ; 0 (0)         ; 0                 ; 0     ; 0          ; 0    ; 0            ; |toplevel_placa|sld_signaltap:auto_signaltap_0|sld_signaltap_impl:sld_signaltap_body|sld_signaltap_implb:sld_signaltap_body|altdpram:\stp_non_zero_ram_gen:attribute_mem_gen:attribute_mem|lpm_decode:wdecoder|decode_vnf:auto_generated                                                                                                                   ; decode_vnf                        ; work         ;
;             |altsyncram:\stp_non_zero_ram_gen:stp_buffer_ram|                                                                           ; 5.7 (0.0)            ; 7.0 (0.0)                        ; 1.3 (0.0)                                         ; 0.0 (0.0)                        ; 0.0 (0.0)            ; 10 (0)              ; 3 (0)                     ; 0 (0)         ; 3670016           ; 448   ; 0          ; 0    ; 0            ; |toplevel_placa|sld_signaltap:auto_signaltap_0|sld_signaltap_impl:sld_signaltap_body|sld_signaltap_implb:sld_signaltap_body|altsyncram:\stp_non_zero_ram_gen:stp_buffer_ram                                                                                                                                                                                ; altsyncram                        ; work         ;
;                |altsyncram_ol84:auto_generated|                                                                                         ; 5.7 (1.0)            ; 7.0 (1.0)                        ; 1.3 (0.0)                                         ; 0.0 (0.0)                        ; 0.0 (0.0)            ; 10 (0)              ; 3 (3)                     ; 0 (0)         ; 3670016           ; 448   ; 0          ; 0    ; 0            ; |toplevel_placa|sld_signaltap:auto_signaltap_0|sld_signaltap_impl:sld_signaltap_body|sld_signaltap_implb:sld_signaltap_body|altsyncram:\stp_non_zero_ram_gen:stp_buffer_ram|altsyncram_ol84:auto_generated                                                                                                                                                 ; altsyncram_ol84                   ; work         ;
;                   |decode_dla:decode2|                                                                                                  ; 3.3 (3.3)            ; 4.0 (4.0)                        ; 0.7 (0.7)                                         ; 0.0 (0.0)                        ; 0.0 (0.0)            ; 8 (8)               ; 0 (0)                     ; 0 (0)         ; 0                 ; 0     ; 0          ; 0    ; 0            ; |toplevel_placa|sld_signaltap:auto_signaltap_0|sld_signaltap_impl:sld_signaltap_body|sld_signaltap_implb:sld_signaltap_body|altsyncram:\stp_non_zero_ram_gen:stp_buffer_ram|altsyncram_ol84:auto_generated|decode_dla:decode2                                                                                                                              ; decode_dla                        ; work         ;
;                   |mux_ghb:mux3|                                                                                                        ; 1.3 (1.3)            ; 2.0 (2.0)                        ; 0.7 (0.7)                                         ; 0.0 (0.0)                        ; 0.0 (0.0)            ; 2 (2)               ; 0 (0)                     ; 0 (0)         ; 0                 ; 0     ; 0          ; 0    ; 0            ; |toplevel_placa|sld_signaltap:auto_signaltap_0|sld_signaltap_impl:sld_signaltap_body|sld_signaltap_implb:sld_signaltap_body|altsyncram:\stp_non_zero_ram_gen:stp_buffer_ram|altsyncram_ol84:auto_generated|mux_ghb:mux3                                                                                                                                    ; mux_ghb                           ; work         ;
;             |lpm_shiftreg:segment_offset_config_deserialize|                                                                            ; 3.8 (3.8)            ; 4.0 (4.0)                        ; 0.2 (0.2)                                         ; 0.0 (0.0)                        ; 0.0 (0.0)            ; 0 (0)               ; 16 (16)                   ; 0 (0)         ; 0                 ; 0     ; 0          ; 0    ; 0            ; |toplevel_placa|sld_signaltap:auto_signaltap_0|sld_signaltap_impl:sld_signaltap_body|sld_signaltap_implb:sld_signaltap_body|lpm_shiftreg:segment_offset_config_deserialize                                                                                                                                                                                 ; lpm_shiftreg                      ; work         ;
;             |lpm_shiftreg:status_register|                                                                                              ; 9.2 (9.2)            ; 9.2 (9.2)                        ; 0.0 (0.0)                                         ; 0.0 (0.0)                        ; 0.0 (0.0)            ; 17 (17)             ; 17 (17)                   ; 0 (0)         ; 0                 ; 0     ; 0          ; 0    ; 0            ; |toplevel_placa|sld_signaltap:auto_signaltap_0|sld_signaltap_impl:sld_signaltap_body|sld_signaltap_implb:sld_signaltap_body|lpm_shiftreg:status_register                                                                                                                                                                                                   ; lpm_shiftreg                      ; work         ;
;             |serial_crc_16:\tdo_crc_gen:tdo_crc_calc|                                                                                   ; 3.5 (3.5)            ; 6.7 (6.7)                        ; 3.2 (3.2)                                         ; 0.0 (0.0)                        ; 0.0 (0.0)            ; 4 (4)               ; 13 (13)                   ; 0 (0)         ; 0                 ; 0     ; 0          ; 0    ; 0            ; |toplevel_placa|sld_signaltap:auto_signaltap_0|sld_signaltap_impl:sld_signaltap_body|sld_signaltap_implb:sld_signaltap_body|serial_crc_16:\tdo_crc_gen:tdo_crc_calc                                                                                                                                                                                        ; serial_crc_16                     ; work         ;
;             |sld_buffer_manager:sld_buffer_manager_inst|                                                                                ; 54.5 (54.5)          ; 72.9 (72.9)                      ; 18.4 (18.4)                                       ; 0.0 (0.0)                        ; 0.0 (0.0)            ; 108 (108)           ; 91 (91)                   ; 0 (0)         ; 0                 ; 0     ; 0          ; 0    ; 0            ; |toplevel_placa|sld_signaltap:auto_signaltap_0|sld_signaltap_impl:sld_signaltap_body|sld_signaltap_implb:sld_signaltap_body|sld_buffer_manager:sld_buffer_manager_inst                                                                                                                                                                                     ; sld_buffer_manager                ; work         ;
;             |sld_ela_control:ela_control|                                                                                               ; 43.4 (0.3)           ; 140.6 (0.3)                      ; 97.2 (0.0)                                        ; 0.0 (0.0)                        ; 0.0 (0.0)            ; 70 (1)              ; 303 (1)                   ; 0 (0)         ; 0                 ; 0     ; 0          ; 0    ; 0            ; |toplevel_placa|sld_signaltap:auto_signaltap_0|sld_signaltap_impl:sld_signaltap_body|sld_signaltap_implb:sld_signaltap_body|sld_ela_control:ela_control                                                                                                                                                                                                    ; sld_ela_control                   ; work         ;
;                |lpm_shiftreg:trigger_config_deserialize|                                                                                ; 0.3 (0.3)            ; 1.4 (1.4)                        ; 1.1 (1.1)                                         ; 0.0 (0.0)                        ; 0.0 (0.0)            ; 0 (0)               ; 4 (4)                     ; 0 (0)         ; 0                 ; 0     ; 0          ; 0    ; 0            ; |toplevel_placa|sld_signaltap:auto_signaltap_0|sld_signaltap_impl:sld_signaltap_body|sld_signaltap_implb:sld_signaltap_body|sld_ela_control:ela_control|lpm_shiftreg:trigger_config_deserialize                                                                                                                                                            ; lpm_shiftreg                      ; work         ;
;                |sld_ela_basic_multi_level_trigger:\basic_multi_level_mbpm_trigger_gen:multi_level_mbpm|                                 ; 33.5 (0.0)           ; 125.8 (0.0)                      ; 92.2 (0.0)                                        ; 0.0 (0.0)                        ; 0.0 (0.0)            ; 56 (0)              ; 287 (0)                   ; 0 (0)         ; 0                 ; 0     ; 0          ; 0    ; 0            ; |toplevel_placa|sld_signaltap:auto_signaltap_0|sld_signaltap_impl:sld_signaltap_body|sld_signaltap_implb:sld_signaltap_body|sld_ela_control:ela_control|sld_ela_basic_multi_level_trigger:\basic_multi_level_mbpm_trigger_gen:multi_level_mbpm                                                                                                             ; sld_ela_basic_multi_level_trigger ; work         ;
;                   |lpm_shiftreg:trigger_condition_deserialize|                                                                          ; 1.3 (1.3)            ; 65.2 (65.2)                      ; 63.8 (63.8)                                       ; 0.0 (0.0)                        ; 0.0 (0.0)            ; 0 (0)               ; 175 (175)                 ; 0 (0)         ; 0                 ; 0     ; 0          ; 0    ; 0            ; |toplevel_placa|sld_signaltap:auto_signaltap_0|sld_signaltap_impl:sld_signaltap_body|sld_signaltap_implb:sld_signaltap_body|sld_ela_control:ela_control|sld_ela_basic_multi_level_trigger:\basic_multi_level_mbpm_trigger_gen:multi_level_mbpm|lpm_shiftreg:trigger_condition_deserialize                                                                  ; lpm_shiftreg                      ; work         ;
;                   |sld_mbpmg:\trigger_modules_gen:0:trigger_match|                                                                      ; 32.2 (0.0)           ; 60.6 (0.0)                       ; 28.4 (0.0)                                        ; 0.0 (0.0)                        ; 0.0 (0.0)            ; 56 (0)              ; 112 (0)                   ; 0 (0)         ; 0                 ; 0     ; 0          ; 0    ; 0            ; |toplevel_placa|sld_signaltap:auto_signaltap_0|sld_signaltap_impl:sld_signaltap_body|sld_signaltap_implb:sld_signaltap_body|sld_ela_control:ela_control|sld_ela_basic_multi_level_trigger:\basic_multi_level_mbpm_trigger_gen:multi_level_mbpm|sld_mbpmg:\trigger_modules_gen:0:trigger_match                                                              ; sld_mbpmg                         ; work         ;
;                      |sld_sbpmg:\gen_sbpmg_pipeline_less_than_two:sm0:0:sm1|                                                            ; 0.5 (0.5)            ; 1.0 (1.0)                        ; 0.5 (0.5)                                         ; 0.0 (0.0)                        ; 0.0 (0.0)            ; 1 (1)               ; 2 (2)                     ; 0 (0)         ; 0                 ; 0     ; 0          ; 0    ; 0            ; |toplevel_placa|sld_signaltap:auto_signaltap_0|sld_signaltap_impl:sld_signaltap_body|sld_signaltap_implb:sld_signaltap_body|sld_ela_control:ela_control|sld_ela_basic_multi_level_trigger:\basic_multi_level_mbpm_trigger_gen:multi_level_mbpm|sld_mbpmg:\trigger_modules_gen:0:trigger_match|sld_sbpmg:\gen_sbpmg_pipeline_less_than_two:sm0:0:sm1        ; sld_sbpmg                         ; work         ;
;                      |sld_sbpmg:\gen_sbpmg_pipeline_less_than_two:sm0:10:sm1|                                                           ; 0.5 (0.5)            ; 1.5 (1.5)                        ; 1.0 (1.0)                                         ; 0.0 (0.0)                        ; 0.0 (0.0)            ; 1 (1)               ; 2 (2)                     ; 0 (0)         ; 0                 ; 0     ; 0          ; 0    ; 0            ; |toplevel_placa|sld_signaltap:auto_signaltap_0|sld_signaltap_impl:sld_signaltap_body|sld_signaltap_implb:sld_signaltap_body|sld_ela_control:ela_control|sld_ela_basic_multi_level_trigger:\basic_multi_level_mbpm_trigger_gen:multi_level_mbpm|sld_mbpmg:\trigger_modules_gen:0:trigger_match|sld_sbpmg:\gen_sbpmg_pipeline_less_than_two:sm0:10:sm1       ; sld_sbpmg                         ; work         ;
;                      |sld_sbpmg:\gen_sbpmg_pipeline_less_than_two:sm0:11:sm1|                                                           ; 0.8 (0.8)            ; 1.3 (1.3)                        ; 0.5 (0.5)                                         ; 0.0 (0.0)                        ; 0.0 (0.0)            ; 1 (1)               ; 2 (2)                     ; 0 (0)         ; 0                 ; 0     ; 0          ; 0    ; 0            ; |toplevel_placa|sld_signaltap:auto_signaltap_0|sld_signaltap_impl:sld_signaltap_body|sld_signaltap_implb:sld_signaltap_body|sld_ela_control:ela_control|sld_ela_basic_multi_level_trigger:\basic_multi_level_mbpm_trigger_gen:multi_level_mbpm|sld_mbpmg:\trigger_modules_gen:0:trigger_match|sld_sbpmg:\gen_sbpmg_pipeline_less_than_two:sm0:11:sm1       ; sld_sbpmg                         ; work         ;
;                      |sld_sbpmg:\gen_sbpmg_pipeline_less_than_two:sm0:12:sm1|                                                           ; 0.5 (0.5)            ; 1.0 (1.0)                        ; 0.5 (0.5)                                         ; 0.0 (0.0)                        ; 0.0 (0.0)            ; 1 (1)               ; 2 (2)                     ; 0 (0)         ; 0                 ; 0     ; 0          ; 0    ; 0            ; |toplevel_placa|sld_signaltap:auto_signaltap_0|sld_signaltap_impl:sld_signaltap_body|sld_signaltap_implb:sld_signaltap_body|sld_ela_control:ela_control|sld_ela_basic_multi_level_trigger:\basic_multi_level_mbpm_trigger_gen:multi_level_mbpm|sld_mbpmg:\trigger_modules_gen:0:trigger_match|sld_sbpmg:\gen_sbpmg_pipeline_less_than_two:sm0:12:sm1       ; sld_sbpmg                         ; work         ;
;                      |sld_sbpmg:\gen_sbpmg_pipeline_less_than_two:sm0:13:sm1|                                                           ; 0.8 (0.8)            ; 1.3 (1.3)                        ; 0.5 (0.5)                                         ; 0.0 (0.0)                        ; 0.0 (0.0)            ; 1 (1)               ; 2 (2)                     ; 0 (0)         ; 0                 ; 0     ; 0          ; 0    ; 0            ; |toplevel_placa|sld_signaltap:auto_signaltap_0|sld_signaltap_impl:sld_signaltap_body|sld_signaltap_implb:sld_signaltap_body|sld_ela_control:ela_control|sld_ela_basic_multi_level_trigger:\basic_multi_level_mbpm_trigger_gen:multi_level_mbpm|sld_mbpmg:\trigger_modules_gen:0:trigger_match|sld_sbpmg:\gen_sbpmg_pipeline_less_than_two:sm0:13:sm1       ; sld_sbpmg                         ; work         ;
;                      |sld_sbpmg:\gen_sbpmg_pipeline_less_than_two:sm0:14:sm1|                                                           ; 0.8 (0.8)            ; 1.5 (1.5)                        ; 0.8 (0.8)                                         ; 0.0 (0.0)                        ; 0.0 (0.0)            ; 1 (1)               ; 2 (2)                     ; 0 (0)         ; 0                 ; 0     ; 0          ; 0    ; 0            ; |toplevel_placa|sld_signaltap:auto_signaltap_0|sld_signaltap_impl:sld_signaltap_body|sld_signaltap_implb:sld_signaltap_body|sld_ela_control:ela_control|sld_ela_basic_multi_level_trigger:\basic_multi_level_mbpm_trigger_gen:multi_level_mbpm|sld_mbpmg:\trigger_modules_gen:0:trigger_match|sld_sbpmg:\gen_sbpmg_pipeline_less_than_two:sm0:14:sm1       ; sld_sbpmg                         ; work         ;
;                      |sld_sbpmg:\gen_sbpmg_pipeline_less_than_two:sm0:15:sm1|                                                           ; 0.5 (0.5)            ; 1.0 (1.0)                        ; 0.5 (0.5)                                         ; 0.0 (0.0)                        ; 0.0 (0.0)            ; 1 (1)               ; 2 (2)                     ; 0 (0)         ; 0                 ; 0     ; 0          ; 0    ; 0            ; |toplevel_placa|sld_signaltap:auto_signaltap_0|sld_signaltap_impl:sld_signaltap_body|sld_signaltap_implb:sld_signaltap_body|sld_ela_control:ela_control|sld_ela_basic_multi_level_trigger:\basic_multi_level_mbpm_trigger_gen:multi_level_mbpm|sld_mbpmg:\trigger_modules_gen:0:trigger_match|sld_sbpmg:\gen_sbpmg_pipeline_less_than_two:sm0:15:sm1       ; sld_sbpmg                         ; work         ;
;                      |sld_sbpmg:\gen_sbpmg_pipeline_less_than_two:sm0:16:sm1|                                                           ; 0.8 (0.8)            ; 1.1 (1.1)                        ; 0.4 (0.4)                                         ; 0.0 (0.0)                        ; 0.0 (0.0)            ; 1 (1)               ; 2 (2)                     ; 0 (0)         ; 0                 ; 0     ; 0          ; 0    ; 0            ; |toplevel_placa|sld_signaltap:auto_signaltap_0|sld_signaltap_impl:sld_signaltap_body|sld_signaltap_implb:sld_signaltap_body|sld_ela_control:ela_control|sld_ela_basic_multi_level_trigger:\basic_multi_level_mbpm_trigger_gen:multi_level_mbpm|sld_mbpmg:\trigger_modules_gen:0:trigger_match|sld_sbpmg:\gen_sbpmg_pipeline_less_than_two:sm0:16:sm1       ; sld_sbpmg                         ; work         ;
;                      |sld_sbpmg:\gen_sbpmg_pipeline_less_than_two:sm0:17:sm1|                                                           ; 0.5 (0.5)            ; 1.0 (1.0)                        ; 0.5 (0.5)                                         ; 0.0 (0.0)                        ; 0.0 (0.0)            ; 1 (1)               ; 2 (2)                     ; 0 (0)         ; 0                 ; 0     ; 0          ; 0    ; 0            ; |toplevel_placa|sld_signaltap:auto_signaltap_0|sld_signaltap_impl:sld_signaltap_body|sld_signaltap_implb:sld_signaltap_body|sld_ela_control:ela_control|sld_ela_basic_multi_level_trigger:\basic_multi_level_mbpm_trigger_gen:multi_level_mbpm|sld_mbpmg:\trigger_modules_gen:0:trigger_match|sld_sbpmg:\gen_sbpmg_pipeline_less_than_two:sm0:17:sm1       ; sld_sbpmg                         ; work         ;
;                      |sld_sbpmg:\gen_sbpmg_pipeline_less_than_two:sm0:18:sm1|                                                           ; 0.5 (0.5)            ; 1.0 (1.0)                        ; 0.5 (0.5)                                         ; 0.0 (0.0)                        ; 0.0 (0.0)            ; 1 (1)               ; 2 (2)                     ; 0 (0)         ; 0                 ; 0     ; 0          ; 0    ; 0            ; |toplevel_placa|sld_signaltap:auto_signaltap_0|sld_signaltap_impl:sld_signaltap_body|sld_signaltap_implb:sld_signaltap_body|sld_ela_control:ela_control|sld_ela_basic_multi_level_trigger:\basic_multi_level_mbpm_trigger_gen:multi_level_mbpm|sld_mbpmg:\trigger_modules_gen:0:trigger_match|sld_sbpmg:\gen_sbpmg_pipeline_less_than_two:sm0:18:sm1       ; sld_sbpmg                         ; work         ;
;                      |sld_sbpmg:\gen_sbpmg_pipeline_less_than_two:sm0:19:sm1|                                                           ; 0.5 (0.5)            ; 1.3 (1.3)                        ; 0.8 (0.8)                                         ; 0.0 (0.0)                        ; 0.0 (0.0)            ; 1 (1)               ; 2 (2)                     ; 0 (0)         ; 0                 ; 0     ; 0          ; 0    ; 0            ; |toplevel_placa|sld_signaltap:auto_signaltap_0|sld_signaltap_impl:sld_signaltap_body|sld_signaltap_implb:sld_signaltap_body|sld_ela_control:ela_control|sld_ela_basic_multi_level_trigger:\basic_multi_level_mbpm_trigger_gen:multi_level_mbpm|sld_mbpmg:\trigger_modules_gen:0:trigger_match|sld_sbpmg:\gen_sbpmg_pipeline_less_than_two:sm0:19:sm1       ; sld_sbpmg                         ; work         ;
;                      |sld_sbpmg:\gen_sbpmg_pipeline_less_than_two:sm0:1:sm1|                                                            ; 0.8 (0.8)            ; 1.3 (1.3)                        ; 0.5 (0.5)                                         ; 0.0 (0.0)                        ; 0.0 (0.0)            ; 1 (1)               ; 2 (2)                     ; 0 (0)         ; 0                 ; 0     ; 0          ; 0    ; 0            ; |toplevel_placa|sld_signaltap:auto_signaltap_0|sld_signaltap_impl:sld_signaltap_body|sld_signaltap_implb:sld_signaltap_body|sld_ela_control:ela_control|sld_ela_basic_multi_level_trigger:\basic_multi_level_mbpm_trigger_gen:multi_level_mbpm|sld_mbpmg:\trigger_modules_gen:0:trigger_match|sld_sbpmg:\gen_sbpmg_pipeline_less_than_two:sm0:1:sm1        ; sld_sbpmg                         ; work         ;
;                      |sld_sbpmg:\gen_sbpmg_pipeline_less_than_two:sm0:20:sm1|                                                           ; 0.8 (0.8)            ; 1.3 (1.3)                        ; 0.5 (0.5)                                         ; 0.0 (0.0)                        ; 0.0 (0.0)            ; 1 (1)               ; 2 (2)                     ; 0 (0)         ; 0                 ; 0     ; 0          ; 0    ; 0            ; |toplevel_placa|sld_signaltap:auto_signaltap_0|sld_signaltap_impl:sld_signaltap_body|sld_signaltap_implb:sld_signaltap_body|sld_ela_control:ela_control|sld_ela_basic_multi_level_trigger:\basic_multi_level_mbpm_trigger_gen:multi_level_mbpm|sld_mbpmg:\trigger_modules_gen:0:trigger_match|sld_sbpmg:\gen_sbpmg_pipeline_less_than_two:sm0:20:sm1       ; sld_sbpmg                         ; work         ;
;                      |sld_sbpmg:\gen_sbpmg_pipeline_less_than_two:sm0:21:sm1|                                                           ; 0.3 (0.3)            ; 1.0 (1.0)                        ; 0.7 (0.7)                                         ; 0.0 (0.0)                        ; 0.0 (0.0)            ; 1 (1)               ; 2 (2)                     ; 0 (0)         ; 0                 ; 0     ; 0          ; 0    ; 0            ; |toplevel_placa|sld_signaltap:auto_signaltap_0|sld_signaltap_impl:sld_signaltap_body|sld_signaltap_implb:sld_signaltap_body|sld_ela_control:ela_control|sld_ela_basic_multi_level_trigger:\basic_multi_level_mbpm_trigger_gen:multi_level_mbpm|sld_mbpmg:\trigger_modules_gen:0:trigger_match|sld_sbpmg:\gen_sbpmg_pipeline_less_than_two:sm0:21:sm1       ; sld_sbpmg                         ; work         ;
;                      |sld_sbpmg:\gen_sbpmg_pipeline_less_than_two:sm0:22:sm1|                                                           ; 0.5 (0.5)            ; 1.0 (1.0)                        ; 0.5 (0.5)                                         ; 0.0 (0.0)                        ; 0.0 (0.0)            ; 1 (1)               ; 2 (2)                     ; 0 (0)         ; 0                 ; 0     ; 0          ; 0    ; 0            ; |toplevel_placa|sld_signaltap:auto_signaltap_0|sld_signaltap_impl:sld_signaltap_body|sld_signaltap_implb:sld_signaltap_body|sld_ela_control:ela_control|sld_ela_basic_multi_level_trigger:\basic_multi_level_mbpm_trigger_gen:multi_level_mbpm|sld_mbpmg:\trigger_modules_gen:0:trigger_match|sld_sbpmg:\gen_sbpmg_pipeline_less_than_two:sm0:22:sm1       ; sld_sbpmg                         ; work         ;
;                      |sld_sbpmg:\gen_sbpmg_pipeline_less_than_two:sm0:23:sm1|                                                           ; 0.5 (0.5)            ; 1.0 (1.0)                        ; 0.5 (0.5)                                         ; 0.0 (0.0)                        ; 0.0 (0.0)            ; 1 (1)               ; 2 (2)                     ; 0 (0)         ; 0                 ; 0     ; 0          ; 0    ; 0            ; |toplevel_placa|sld_signaltap:auto_signaltap_0|sld_signaltap_impl:sld_signaltap_body|sld_signaltap_implb:sld_signaltap_body|sld_ela_control:ela_control|sld_ela_basic_multi_level_trigger:\basic_multi_level_mbpm_trigger_gen:multi_level_mbpm|sld_mbpmg:\trigger_modules_gen:0:trigger_match|sld_sbpmg:\gen_sbpmg_pipeline_less_than_two:sm0:23:sm1       ; sld_sbpmg                         ; work         ;
;                      |sld_sbpmg:\gen_sbpmg_pipeline_less_than_two:sm0:24:sm1|                                                           ; 0.5 (0.5)            ; 1.0 (1.0)                        ; 0.5 (0.5)                                         ; 0.0 (0.0)                        ; 0.0 (0.0)            ; 1 (1)               ; 2 (2)                     ; 0 (0)         ; 0                 ; 0     ; 0          ; 0    ; 0            ; |toplevel_placa|sld_signaltap:auto_signaltap_0|sld_signaltap_impl:sld_signaltap_body|sld_signaltap_implb:sld_signaltap_body|sld_ela_control:ela_control|sld_ela_basic_multi_level_trigger:\basic_multi_level_mbpm_trigger_gen:multi_level_mbpm|sld_mbpmg:\trigger_modules_gen:0:trigger_match|sld_sbpmg:\gen_sbpmg_pipeline_less_than_two:sm0:24:sm1       ; sld_sbpmg                         ; work         ;
;                      |sld_sbpmg:\gen_sbpmg_pipeline_less_than_two:sm0:25:sm1|                                                           ; 0.8 (0.8)            ; 1.3 (1.3)                        ; 0.5 (0.5)                                         ; 0.0 (0.0)                        ; 0.0 (0.0)            ; 1 (1)               ; 2 (2)                     ; 0 (0)         ; 0                 ; 0     ; 0          ; 0    ; 0            ; |toplevel_placa|sld_signaltap:auto_signaltap_0|sld_signaltap_impl:sld_signaltap_body|sld_signaltap_implb:sld_signaltap_body|sld_ela_control:ela_control|sld_ela_basic_multi_level_trigger:\basic_multi_level_mbpm_trigger_gen:multi_level_mbpm|sld_mbpmg:\trigger_modules_gen:0:trigger_match|sld_sbpmg:\gen_sbpmg_pipeline_less_than_two:sm0:25:sm1       ; sld_sbpmg                         ; work         ;
;                      |sld_sbpmg:\gen_sbpmg_pipeline_less_than_two:sm0:26:sm1|                                                           ; 0.5 (0.5)            ; 1.0 (1.0)                        ; 0.5 (0.5)                                         ; 0.0 (0.0)                        ; 0.0 (0.0)            ; 1 (1)               ; 2 (2)                     ; 0 (0)         ; 0                 ; 0     ; 0          ; 0    ; 0            ; |toplevel_placa|sld_signaltap:auto_signaltap_0|sld_signaltap_impl:sld_signaltap_body|sld_signaltap_implb:sld_signaltap_body|sld_ela_control:ela_control|sld_ela_basic_multi_level_trigger:\basic_multi_level_mbpm_trigger_gen:multi_level_mbpm|sld_mbpmg:\trigger_modules_gen:0:trigger_match|sld_sbpmg:\gen_sbpmg_pipeline_less_than_two:sm0:26:sm1       ; sld_sbpmg                         ; work         ;
;                      |sld_sbpmg:\gen_sbpmg_pipeline_less_than_two:sm0:27:sm1|                                                           ; 0.8 (0.8)            ; 1.5 (1.5)                        ; 0.8 (0.8)                                         ; 0.0 (0.0)                        ; 0.0 (0.0)            ; 1 (1)               ; 2 (2)                     ; 0 (0)         ; 0                 ; 0     ; 0          ; 0    ; 0            ; |toplevel_placa|sld_signaltap:auto_signaltap_0|sld_signaltap_impl:sld_signaltap_body|sld_signaltap_implb:sld_signaltap_body|sld_ela_control:ela_control|sld_ela_basic_multi_level_trigger:\basic_multi_level_mbpm_trigger_gen:multi_level_mbpm|sld_mbpmg:\trigger_modules_gen:0:trigger_match|sld_sbpmg:\gen_sbpmg_pipeline_less_than_two:sm0:27:sm1       ; sld_sbpmg                         ; work         ;
;                      |sld_sbpmg:\gen_sbpmg_pipeline_less_than_two:sm0:28:sm1|                                                           ; 0.5 (0.5)            ; 1.0 (1.0)                        ; 0.5 (0.5)                                         ; 0.0 (0.0)                        ; 0.0 (0.0)            ; 1 (1)               ; 2 (2)                     ; 0 (0)         ; 0                 ; 0     ; 0          ; 0    ; 0            ; |toplevel_placa|sld_signaltap:auto_signaltap_0|sld_signaltap_impl:sld_signaltap_body|sld_signaltap_implb:sld_signaltap_body|sld_ela_control:ela_control|sld_ela_basic_multi_level_trigger:\basic_multi_level_mbpm_trigger_gen:multi_level_mbpm|sld_mbpmg:\trigger_modules_gen:0:trigger_match|sld_sbpmg:\gen_sbpmg_pipeline_less_than_two:sm0:28:sm1       ; sld_sbpmg                         ; work         ;
;                      |sld_sbpmg:\gen_sbpmg_pipeline_less_than_two:sm0:29:sm1|                                                           ; 0.3 (0.3)            ; 0.8 (0.8)                        ; 0.5 (0.5)                                         ; 0.0 (0.0)                        ; 0.0 (0.0)            ; 1 (1)               ; 2 (2)                     ; 0 (0)         ; 0                 ; 0     ; 0          ; 0    ; 0            ; |toplevel_placa|sld_signaltap:auto_signaltap_0|sld_signaltap_impl:sld_signaltap_body|sld_signaltap_implb:sld_signaltap_body|sld_ela_control:ela_control|sld_ela_basic_multi_level_trigger:\basic_multi_level_mbpm_trigger_gen:multi_level_mbpm|sld_mbpmg:\trigger_modules_gen:0:trigger_match|sld_sbpmg:\gen_sbpmg_pipeline_less_than_two:sm0:29:sm1       ; sld_sbpmg                         ; work         ;
;                      |sld_sbpmg:\gen_sbpmg_pipeline_less_than_two:sm0:2:sm1|                                                            ; 0.5 (0.5)            ; 1.0 (1.0)                        ; 0.5 (0.5)                                         ; 0.0 (0.0)                        ; 0.0 (0.0)            ; 1 (1)               ; 2 (2)                     ; 0 (0)         ; 0                 ; 0     ; 0          ; 0    ; 0            ; |toplevel_placa|sld_signaltap:auto_signaltap_0|sld_signaltap_impl:sld_signaltap_body|sld_signaltap_implb:sld_signaltap_body|sld_ela_control:ela_control|sld_ela_basic_multi_level_trigger:\basic_multi_level_mbpm_trigger_gen:multi_level_mbpm|sld_mbpmg:\trigger_modules_gen:0:trigger_match|sld_sbpmg:\gen_sbpmg_pipeline_less_than_two:sm0:2:sm1        ; sld_sbpmg                         ; work         ;
;                      |sld_sbpmg:\gen_sbpmg_pipeline_less_than_two:sm0:30:sm1|                                                           ; 0.5 (0.5)            ; 1.1 (1.1)                        ; 0.6 (0.6)                                         ; 0.0 (0.0)                        ; 0.0 (0.0)            ; 1 (1)               ; 2 (2)                     ; 0 (0)         ; 0                 ; 0     ; 0          ; 0    ; 0            ; |toplevel_placa|sld_signaltap:auto_signaltap_0|sld_signaltap_impl:sld_signaltap_body|sld_signaltap_implb:sld_signaltap_body|sld_ela_control:ela_control|sld_ela_basic_multi_level_trigger:\basic_multi_level_mbpm_trigger_gen:multi_level_mbpm|sld_mbpmg:\trigger_modules_gen:0:trigger_match|sld_sbpmg:\gen_sbpmg_pipeline_less_than_two:sm0:30:sm1       ; sld_sbpmg                         ; work         ;
;                      |sld_sbpmg:\gen_sbpmg_pipeline_less_than_two:sm0:31:sm1|                                                           ; 0.8 (0.8)            ; 1.3 (1.3)                        ; 0.5 (0.5)                                         ; 0.0 (0.0)                        ; 0.0 (0.0)            ; 1 (1)               ; 2 (2)                     ; 0 (0)         ; 0                 ; 0     ; 0          ; 0    ; 0            ; |toplevel_placa|sld_signaltap:auto_signaltap_0|sld_signaltap_impl:sld_signaltap_body|sld_signaltap_implb:sld_signaltap_body|sld_ela_control:ela_control|sld_ela_basic_multi_level_trigger:\basic_multi_level_mbpm_trigger_gen:multi_level_mbpm|sld_mbpmg:\trigger_modules_gen:0:trigger_match|sld_sbpmg:\gen_sbpmg_pipeline_less_than_two:sm0:31:sm1       ; sld_sbpmg                         ; work         ;
;                      |sld_sbpmg:\gen_sbpmg_pipeline_less_than_two:sm0:32:sm1|                                                           ; 0.5 (0.5)            ; 1.0 (1.0)                        ; 0.5 (0.5)                                         ; 0.0 (0.0)                        ; 0.0 (0.0)            ; 1 (1)               ; 2 (2)                     ; 0 (0)         ; 0                 ; 0     ; 0          ; 0    ; 0            ; |toplevel_placa|sld_signaltap:auto_signaltap_0|sld_signaltap_impl:sld_signaltap_body|sld_signaltap_implb:sld_signaltap_body|sld_ela_control:ela_control|sld_ela_basic_multi_level_trigger:\basic_multi_level_mbpm_trigger_gen:multi_level_mbpm|sld_mbpmg:\trigger_modules_gen:0:trigger_match|sld_sbpmg:\gen_sbpmg_pipeline_less_than_two:sm0:32:sm1       ; sld_sbpmg                         ; work         ;
;                      |sld_sbpmg:\gen_sbpmg_pipeline_less_than_two:sm0:33:sm1|                                                           ; 0.8 (0.8)            ; 1.3 (1.3)                        ; 0.5 (0.5)                                         ; 0.0 (0.0)                        ; 0.0 (0.0)            ; 1 (1)               ; 2 (2)                     ; 0 (0)         ; 0                 ; 0     ; 0          ; 0    ; 0            ; |toplevel_placa|sld_signaltap:auto_signaltap_0|sld_signaltap_impl:sld_signaltap_body|sld_signaltap_implb:sld_signaltap_body|sld_ela_control:ela_control|sld_ela_basic_multi_level_trigger:\basic_multi_level_mbpm_trigger_gen:multi_level_mbpm|sld_mbpmg:\trigger_modules_gen:0:trigger_match|sld_sbpmg:\gen_sbpmg_pipeline_less_than_two:sm0:33:sm1       ; sld_sbpmg                         ; work         ;
;                      |sld_sbpmg:\gen_sbpmg_pipeline_less_than_two:sm0:34:sm1|                                                           ; 0.3 (0.3)            ; 1.3 (1.3)                        ; 0.9 (0.9)                                         ; 0.0 (0.0)                        ; 0.0 (0.0)            ; 1 (1)               ; 2 (2)                     ; 0 (0)         ; 0                 ; 0     ; 0          ; 0    ; 0            ; |toplevel_placa|sld_signaltap:auto_signaltap_0|sld_signaltap_impl:sld_signaltap_body|sld_signaltap_implb:sld_signaltap_body|sld_ela_control:ela_control|sld_ela_basic_multi_level_trigger:\basic_multi_level_mbpm_trigger_gen:multi_level_mbpm|sld_mbpmg:\trigger_modules_gen:0:trigger_match|sld_sbpmg:\gen_sbpmg_pipeline_less_than_two:sm0:34:sm1       ; sld_sbpmg                         ; work         ;
;                      |sld_sbpmg:\gen_sbpmg_pipeline_less_than_two:sm0:35:sm1|                                                           ; 0.5 (0.5)            ; 1.0 (1.0)                        ; 0.5 (0.5)                                         ; 0.0 (0.0)                        ; 0.0 (0.0)            ; 1 (1)               ; 2 (2)                     ; 0 (0)         ; 0                 ; 0     ; 0          ; 0    ; 0            ; |toplevel_placa|sld_signaltap:auto_signaltap_0|sld_signaltap_impl:sld_signaltap_body|sld_signaltap_implb:sld_signaltap_body|sld_ela_control:ela_control|sld_ela_basic_multi_level_trigger:\basic_multi_level_mbpm_trigger_gen:multi_level_mbpm|sld_mbpmg:\trigger_modules_gen:0:trigger_match|sld_sbpmg:\gen_sbpmg_pipeline_less_than_two:sm0:35:sm1       ; sld_sbpmg                         ; work         ;
;                      |sld_sbpmg:\gen_sbpmg_pipeline_less_than_two:sm0:36:sm1|                                                           ; 0.5 (0.5)            ; 1.5 (1.5)                        ; 1.0 (1.0)                                         ; 0.0 (0.0)                        ; 0.0 (0.0)            ; 1 (1)               ; 2 (2)                     ; 0 (0)         ; 0                 ; 0     ; 0          ; 0    ; 0            ; |toplevel_placa|sld_signaltap:auto_signaltap_0|sld_signaltap_impl:sld_signaltap_body|sld_signaltap_implb:sld_signaltap_body|sld_ela_control:ela_control|sld_ela_basic_multi_level_trigger:\basic_multi_level_mbpm_trigger_gen:multi_level_mbpm|sld_mbpmg:\trigger_modules_gen:0:trigger_match|sld_sbpmg:\gen_sbpmg_pipeline_less_than_two:sm0:36:sm1       ; sld_sbpmg                         ; work         ;
;                      |sld_sbpmg:\gen_sbpmg_pipeline_less_than_two:sm0:37:sm1|                                                           ; 0.8 (0.8)            ; 1.0 (1.0)                        ; 0.3 (0.3)                                         ; 0.0 (0.0)                        ; 0.0 (0.0)            ; 1 (1)               ; 2 (2)                     ; 0 (0)         ; 0                 ; 0     ; 0          ; 0    ; 0            ; |toplevel_placa|sld_signaltap:auto_signaltap_0|sld_signaltap_impl:sld_signaltap_body|sld_signaltap_implb:sld_signaltap_body|sld_ela_control:ela_control|sld_ela_basic_multi_level_trigger:\basic_multi_level_mbpm_trigger_gen:multi_level_mbpm|sld_mbpmg:\trigger_modules_gen:0:trigger_match|sld_sbpmg:\gen_sbpmg_pipeline_less_than_two:sm0:37:sm1       ; sld_sbpmg                         ; work         ;
;                      |sld_sbpmg:\gen_sbpmg_pipeline_less_than_two:sm0:38:sm1|                                                           ; 0.5 (0.5)            ; 1.0 (1.0)                        ; 0.5 (0.5)                                         ; 0.0 (0.0)                        ; 0.0 (0.0)            ; 1 (1)               ; 2 (2)                     ; 0 (0)         ; 0                 ; 0     ; 0          ; 0    ; 0            ; |toplevel_placa|sld_signaltap:auto_signaltap_0|sld_signaltap_impl:sld_signaltap_body|sld_signaltap_implb:sld_signaltap_body|sld_ela_control:ela_control|sld_ela_basic_multi_level_trigger:\basic_multi_level_mbpm_trigger_gen:multi_level_mbpm|sld_mbpmg:\trigger_modules_gen:0:trigger_match|sld_sbpmg:\gen_sbpmg_pipeline_less_than_two:sm0:38:sm1       ; sld_sbpmg                         ; work         ;
;                      |sld_sbpmg:\gen_sbpmg_pipeline_less_than_two:sm0:39:sm1|                                                           ; 0.5 (0.5)            ; 0.9 (0.9)                        ; 0.4 (0.4)                                         ; 0.0 (0.0)                        ; 0.0 (0.0)            ; 1 (1)               ; 2 (2)                     ; 0 (0)         ; 0                 ; 0     ; 0          ; 0    ; 0            ; |toplevel_placa|sld_signaltap:auto_signaltap_0|sld_signaltap_impl:sld_signaltap_body|sld_signaltap_implb:sld_signaltap_body|sld_ela_control:ela_control|sld_ela_basic_multi_level_trigger:\basic_multi_level_mbpm_trigger_gen:multi_level_mbpm|sld_mbpmg:\trigger_modules_gen:0:trigger_match|sld_sbpmg:\gen_sbpmg_pipeline_less_than_two:sm0:39:sm1       ; sld_sbpmg                         ; work         ;
;                      |sld_sbpmg:\gen_sbpmg_pipeline_less_than_two:sm0:3:sm1|                                                            ; 0.8 (0.8)            ; 1.5 (1.5)                        ; 0.8 (0.8)                                         ; 0.0 (0.0)                        ; 0.0 (0.0)            ; 1 (1)               ; 2 (2)                     ; 0 (0)         ; 0                 ; 0     ; 0          ; 0    ; 0            ; |toplevel_placa|sld_signaltap:auto_signaltap_0|sld_signaltap_impl:sld_signaltap_body|sld_signaltap_implb:sld_signaltap_body|sld_ela_control:ela_control|sld_ela_basic_multi_level_trigger:\basic_multi_level_mbpm_trigger_gen:multi_level_mbpm|sld_mbpmg:\trigger_modules_gen:0:trigger_match|sld_sbpmg:\gen_sbpmg_pipeline_less_than_two:sm0:3:sm1        ; sld_sbpmg                         ; work         ;
;                      |sld_sbpmg:\gen_sbpmg_pipeline_less_than_two:sm0:40:sm1|                                                           ; 0.7 (0.7)            ; 0.7 (0.7)                        ; 0.0 (0.0)                                         ; 0.0 (0.0)                        ; 0.0 (0.0)            ; 1 (1)               ; 2 (2)                     ; 0 (0)         ; 0                 ; 0     ; 0          ; 0    ; 0            ; |toplevel_placa|sld_signaltap:auto_signaltap_0|sld_signaltap_impl:sld_signaltap_body|sld_signaltap_implb:sld_signaltap_body|sld_ela_control:ela_control|sld_ela_basic_multi_level_trigger:\basic_multi_level_mbpm_trigger_gen:multi_level_mbpm|sld_mbpmg:\trigger_modules_gen:0:trigger_match|sld_sbpmg:\gen_sbpmg_pipeline_less_than_two:sm0:40:sm1       ; sld_sbpmg                         ; work         ;
;                      |sld_sbpmg:\gen_sbpmg_pipeline_less_than_two:sm0:41:sm1|                                                           ; 0.8 (0.8)            ; 1.3 (1.3)                        ; 0.5 (0.5)                                         ; 0.0 (0.0)                        ; 0.0 (0.0)            ; 1 (1)               ; 2 (2)                     ; 0 (0)         ; 0                 ; 0     ; 0          ; 0    ; 0            ; |toplevel_placa|sld_signaltap:auto_signaltap_0|sld_signaltap_impl:sld_signaltap_body|sld_signaltap_implb:sld_signaltap_body|sld_ela_control:ela_control|sld_ela_basic_multi_level_trigger:\basic_multi_level_mbpm_trigger_gen:multi_level_mbpm|sld_mbpmg:\trigger_modules_gen:0:trigger_match|sld_sbpmg:\gen_sbpmg_pipeline_less_than_two:sm0:41:sm1       ; sld_sbpmg                         ; work         ;
;                      |sld_sbpmg:\gen_sbpmg_pipeline_less_than_two:sm0:42:sm1|                                                           ; 0.5 (0.5)            ; 1.0 (1.0)                        ; 0.5 (0.5)                                         ; 0.0 (0.0)                        ; 0.0 (0.0)            ; 1 (1)               ; 2 (2)                     ; 0 (0)         ; 0                 ; 0     ; 0          ; 0    ; 0            ; |toplevel_placa|sld_signaltap:auto_signaltap_0|sld_signaltap_impl:sld_signaltap_body|sld_signaltap_implb:sld_signaltap_body|sld_ela_control:ela_control|sld_ela_basic_multi_level_trigger:\basic_multi_level_mbpm_trigger_gen:multi_level_mbpm|sld_mbpmg:\trigger_modules_gen:0:trigger_match|sld_sbpmg:\gen_sbpmg_pipeline_less_than_two:sm0:42:sm1       ; sld_sbpmg                         ; work         ;
;                      |sld_sbpmg:\gen_sbpmg_pipeline_less_than_two:sm0:43:sm1|                                                           ; 0.5 (0.5)            ; 1.0 (1.0)                        ; 0.5 (0.5)                                         ; 0.0 (0.0)                        ; 0.0 (0.0)            ; 1 (1)               ; 2 (2)                     ; 0 (0)         ; 0                 ; 0     ; 0          ; 0    ; 0            ; |toplevel_placa|sld_signaltap:auto_signaltap_0|sld_signaltap_impl:sld_signaltap_body|sld_signaltap_implb:sld_signaltap_body|sld_ela_control:ela_control|sld_ela_basic_multi_level_trigger:\basic_multi_level_mbpm_trigger_gen:multi_level_mbpm|sld_mbpmg:\trigger_modules_gen:0:trigger_match|sld_sbpmg:\gen_sbpmg_pipeline_less_than_two:sm0:43:sm1       ; sld_sbpmg                         ; work         ;
;                      |sld_sbpmg:\gen_sbpmg_pipeline_less_than_two:sm0:44:sm1|                                                           ; 0.5 (0.5)            ; 1.0 (1.0)                        ; 0.5 (0.5)                                         ; 0.0 (0.0)                        ; 0.0 (0.0)            ; 1 (1)               ; 2 (2)                     ; 0 (0)         ; 0                 ; 0     ; 0          ; 0    ; 0            ; |toplevel_placa|sld_signaltap:auto_signaltap_0|sld_signaltap_impl:sld_signaltap_body|sld_signaltap_implb:sld_signaltap_body|sld_ela_control:ela_control|sld_ela_basic_multi_level_trigger:\basic_multi_level_mbpm_trigger_gen:multi_level_mbpm|sld_mbpmg:\trigger_modules_gen:0:trigger_match|sld_sbpmg:\gen_sbpmg_pipeline_less_than_two:sm0:44:sm1       ; sld_sbpmg                         ; work         ;
;                      |sld_sbpmg:\gen_sbpmg_pipeline_less_than_two:sm0:45:sm1|                                                           ; 0.5 (0.5)            ; 1.0 (1.0)                        ; 0.5 (0.5)                                         ; 0.0 (0.0)                        ; 0.0 (0.0)            ; 1 (1)               ; 2 (2)                     ; 0 (0)         ; 0                 ; 0     ; 0          ; 0    ; 0            ; |toplevel_placa|sld_signaltap:auto_signaltap_0|sld_signaltap_impl:sld_signaltap_body|sld_signaltap_implb:sld_signaltap_body|sld_ela_control:ela_control|sld_ela_basic_multi_level_trigger:\basic_multi_level_mbpm_trigger_gen:multi_level_mbpm|sld_mbpmg:\trigger_modules_gen:0:trigger_match|sld_sbpmg:\gen_sbpmg_pipeline_less_than_two:sm0:45:sm1       ; sld_sbpmg                         ; work         ;
;                      |sld_sbpmg:\gen_sbpmg_pipeline_less_than_two:sm0:46:sm1|                                                           ; 0.3 (0.3)            ; 0.8 (0.8)                        ; 0.5 (0.5)                                         ; 0.0 (0.0)                        ; 0.0 (0.0)            ; 1 (1)               ; 2 (2)                     ; 0 (0)         ; 0                 ; 0     ; 0          ; 0    ; 0            ; |toplevel_placa|sld_signaltap:auto_signaltap_0|sld_signaltap_impl:sld_signaltap_body|sld_signaltap_implb:sld_signaltap_body|sld_ela_control:ela_control|sld_ela_basic_multi_level_trigger:\basic_multi_level_mbpm_trigger_gen:multi_level_mbpm|sld_mbpmg:\trigger_modules_gen:0:trigger_match|sld_sbpmg:\gen_sbpmg_pipeline_less_than_two:sm0:46:sm1       ; sld_sbpmg                         ; work         ;
;                      |sld_sbpmg:\gen_sbpmg_pipeline_less_than_two:sm0:47:sm1|                                                           ; 0.5 (0.5)            ; 1.0 (1.0)                        ; 0.5 (0.5)                                         ; 0.0 (0.0)                        ; 0.0 (0.0)            ; 1 (1)               ; 2 (2)                     ; 0 (0)         ; 0                 ; 0     ; 0          ; 0    ; 0            ; |toplevel_placa|sld_signaltap:auto_signaltap_0|sld_signaltap_impl:sld_signaltap_body|sld_signaltap_implb:sld_signaltap_body|sld_ela_control:ela_control|sld_ela_basic_multi_level_trigger:\basic_multi_level_mbpm_trigger_gen:multi_level_mbpm|sld_mbpmg:\trigger_modules_gen:0:trigger_match|sld_sbpmg:\gen_sbpmg_pipeline_less_than_two:sm0:47:sm1       ; sld_sbpmg                         ; work         ;
;                      |sld_sbpmg:\gen_sbpmg_pipeline_less_than_two:sm0:48:sm1|                                                           ; 0.7 (0.7)            ; 0.7 (0.7)                        ; 0.0 (0.0)                                         ; 0.0 (0.0)                        ; 0.0 (0.0)            ; 1 (1)               ; 2 (2)                     ; 0 (0)         ; 0                 ; 0     ; 0          ; 0    ; 0            ; |toplevel_placa|sld_signaltap:auto_signaltap_0|sld_signaltap_impl:sld_signaltap_body|sld_signaltap_implb:sld_signaltap_body|sld_ela_control:ela_control|sld_ela_basic_multi_level_trigger:\basic_multi_level_mbpm_trigger_gen:multi_level_mbpm|sld_mbpmg:\trigger_modules_gen:0:trigger_match|sld_sbpmg:\gen_sbpmg_pipeline_less_than_two:sm0:48:sm1       ; sld_sbpmg                         ; work         ;
;                      |sld_sbpmg:\gen_sbpmg_pipeline_less_than_two:sm0:49:sm1|                                                           ; 0.5 (0.5)            ; 1.0 (1.0)                        ; 0.5 (0.5)                                         ; 0.0 (0.0)                        ; 0.0 (0.0)            ; 1 (1)               ; 2 (2)                     ; 0 (0)         ; 0                 ; 0     ; 0          ; 0    ; 0            ; |toplevel_placa|sld_signaltap:auto_signaltap_0|sld_signaltap_impl:sld_signaltap_body|sld_signaltap_implb:sld_signaltap_body|sld_ela_control:ela_control|sld_ela_basic_multi_level_trigger:\basic_multi_level_mbpm_trigger_gen:multi_level_mbpm|sld_mbpmg:\trigger_modules_gen:0:trigger_match|sld_sbpmg:\gen_sbpmg_pipeline_less_than_two:sm0:49:sm1       ; sld_sbpmg                         ; work         ;
;                      |sld_sbpmg:\gen_sbpmg_pipeline_less_than_two:sm0:4:sm1|                                                            ; 0.3 (0.3)            ; 0.9 (0.9)                        ; 0.6 (0.6)                                         ; 0.0 (0.0)                        ; 0.0 (0.0)            ; 1 (1)               ; 2 (2)                     ; 0 (0)         ; 0                 ; 0     ; 0          ; 0    ; 0            ; |toplevel_placa|sld_signaltap:auto_signaltap_0|sld_signaltap_impl:sld_signaltap_body|sld_signaltap_implb:sld_signaltap_body|sld_ela_control:ela_control|sld_ela_basic_multi_level_trigger:\basic_multi_level_mbpm_trigger_gen:multi_level_mbpm|sld_mbpmg:\trigger_modules_gen:0:trigger_match|sld_sbpmg:\gen_sbpmg_pipeline_less_than_two:sm0:4:sm1        ; sld_sbpmg                         ; work         ;
;                      |sld_sbpmg:\gen_sbpmg_pipeline_less_than_two:sm0:50:sm1|                                                           ; 0.8 (0.8)            ; 1.3 (1.3)                        ; 0.5 (0.5)                                         ; 0.0 (0.0)                        ; 0.0 (0.0)            ; 1 (1)               ; 2 (2)                     ; 0 (0)         ; 0                 ; 0     ; 0          ; 0    ; 0            ; |toplevel_placa|sld_signaltap:auto_signaltap_0|sld_signaltap_impl:sld_signaltap_body|sld_signaltap_implb:sld_signaltap_body|sld_ela_control:ela_control|sld_ela_basic_multi_level_trigger:\basic_multi_level_mbpm_trigger_gen:multi_level_mbpm|sld_mbpmg:\trigger_modules_gen:0:trigger_match|sld_sbpmg:\gen_sbpmg_pipeline_less_than_two:sm0:50:sm1       ; sld_sbpmg                         ; work         ;
;                      |sld_sbpmg:\gen_sbpmg_pipeline_less_than_two:sm0:51:sm1|                                                           ; 0.5 (0.5)            ; 1.0 (1.0)                        ; 0.5 (0.5)                                         ; 0.0 (0.0)                        ; 0.0 (0.0)            ; 1 (1)               ; 2 (2)                     ; 0 (0)         ; 0                 ; 0     ; 0          ; 0    ; 0            ; |toplevel_placa|sld_signaltap:auto_signaltap_0|sld_signaltap_impl:sld_signaltap_body|sld_signaltap_implb:sld_signaltap_body|sld_ela_control:ela_control|sld_ela_basic_multi_level_trigger:\basic_multi_level_mbpm_trigger_gen:multi_level_mbpm|sld_mbpmg:\trigger_modules_gen:0:trigger_match|sld_sbpmg:\gen_sbpmg_pipeline_less_than_two:sm0:51:sm1       ; sld_sbpmg                         ; work         ;
;                      |sld_sbpmg:\gen_sbpmg_pipeline_less_than_two:sm0:52:sm1|                                                           ; 0.3 (0.3)            ; 0.8 (0.8)                        ; 0.5 (0.5)                                         ; 0.0 (0.0)                        ; 0.0 (0.0)            ; 1 (1)               ; 2 (2)                     ; 0 (0)         ; 0                 ; 0     ; 0          ; 0    ; 0            ; |toplevel_placa|sld_signaltap:auto_signaltap_0|sld_signaltap_impl:sld_signaltap_body|sld_signaltap_implb:sld_signaltap_body|sld_ela_control:ela_control|sld_ela_basic_multi_level_trigger:\basic_multi_level_mbpm_trigger_gen:multi_level_mbpm|sld_mbpmg:\trigger_modules_gen:0:trigger_match|sld_sbpmg:\gen_sbpmg_pipeline_less_than_two:sm0:52:sm1       ; sld_sbpmg                         ; work         ;
;                      |sld_sbpmg:\gen_sbpmg_pipeline_less_than_two:sm0:53:sm1|                                                           ; 0.5 (0.5)            ; 1.0 (1.0)                        ; 0.5 (0.5)                                         ; 0.0 (0.0)                        ; 0.0 (0.0)            ; 1 (1)               ; 2 (2)                     ; 0 (0)         ; 0                 ; 0     ; 0          ; 0    ; 0            ; |toplevel_placa|sld_signaltap:auto_signaltap_0|sld_signaltap_impl:sld_signaltap_body|sld_signaltap_implb:sld_signaltap_body|sld_ela_control:ela_control|sld_ela_basic_multi_level_trigger:\basic_multi_level_mbpm_trigger_gen:multi_level_mbpm|sld_mbpmg:\trigger_modules_gen:0:trigger_match|sld_sbpmg:\gen_sbpmg_pipeline_less_than_two:sm0:53:sm1       ; sld_sbpmg                         ; work         ;
;                      |sld_sbpmg:\gen_sbpmg_pipeline_less_than_two:sm0:54:sm1|                                                           ; 0.8 (0.8)            ; 1.3 (1.3)                        ; 0.5 (0.5)                                         ; 0.0 (0.0)                        ; 0.0 (0.0)            ; 1 (1)               ; 2 (2)                     ; 0 (0)         ; 0                 ; 0     ; 0          ; 0    ; 0            ; |toplevel_placa|sld_signaltap:auto_signaltap_0|sld_signaltap_impl:sld_signaltap_body|sld_signaltap_implb:sld_signaltap_body|sld_ela_control:ela_control|sld_ela_basic_multi_level_trigger:\basic_multi_level_mbpm_trigger_gen:multi_level_mbpm|sld_mbpmg:\trigger_modules_gen:0:trigger_match|sld_sbpmg:\gen_sbpmg_pipeline_less_than_two:sm0:54:sm1       ; sld_sbpmg                         ; work         ;
;                      |sld_sbpmg:\gen_sbpmg_pipeline_less_than_two:sm0:55:sm1|                                                           ; 0.5 (0.5)            ; 1.0 (1.0)                        ; 0.5 (0.5)                                         ; 0.0 (0.0)                        ; 0.0 (0.0)            ; 1 (1)               ; 2 (2)                     ; 0 (0)         ; 0                 ; 0     ; 0          ; 0    ; 0            ; |toplevel_placa|sld_signaltap:auto_signaltap_0|sld_signaltap_impl:sld_signaltap_body|sld_signaltap_implb:sld_signaltap_body|sld_ela_control:ela_control|sld_ela_basic_multi_level_trigger:\basic_multi_level_mbpm_trigger_gen:multi_level_mbpm|sld_mbpmg:\trigger_modules_gen:0:trigger_match|sld_sbpmg:\gen_sbpmg_pipeline_less_than_two:sm0:55:sm1       ; sld_sbpmg                         ; work         ;
;                      |sld_sbpmg:\gen_sbpmg_pipeline_less_than_two:sm0:5:sm1|                                                            ; 0.8 (0.8)            ; 1.3 (1.3)                        ; 0.5 (0.5)                                         ; 0.0 (0.0)                        ; 0.0 (0.0)            ; 1 (1)               ; 2 (2)                     ; 0 (0)         ; 0                 ; 0     ; 0          ; 0    ; 0            ; |toplevel_placa|sld_signaltap:auto_signaltap_0|sld_signaltap_impl:sld_signaltap_body|sld_signaltap_implb:sld_signaltap_body|sld_ela_control:ela_control|sld_ela_basic_multi_level_trigger:\basic_multi_level_mbpm_trigger_gen:multi_level_mbpm|sld_mbpmg:\trigger_modules_gen:0:trigger_match|sld_sbpmg:\gen_sbpmg_pipeline_less_than_two:sm0:5:sm1        ; sld_sbpmg                         ; work         ;
;                      |sld_sbpmg:\gen_sbpmg_pipeline_less_than_two:sm0:6:sm1|                                                            ; 0.5 (0.5)            ; 1.0 (1.0)                        ; 0.5 (0.5)                                         ; 0.0 (0.0)                        ; 0.0 (0.0)            ; 1 (1)               ; 2 (2)                     ; 0 (0)         ; 0                 ; 0     ; 0          ; 0    ; 0            ; |toplevel_placa|sld_signaltap:auto_signaltap_0|sld_signaltap_impl:sld_signaltap_body|sld_signaltap_implb:sld_signaltap_body|sld_ela_control:ela_control|sld_ela_basic_multi_level_trigger:\basic_multi_level_mbpm_trigger_gen:multi_level_mbpm|sld_mbpmg:\trigger_modules_gen:0:trigger_match|sld_sbpmg:\gen_sbpmg_pipeline_less_than_two:sm0:6:sm1        ; sld_sbpmg                         ; work         ;
;                      |sld_sbpmg:\gen_sbpmg_pipeline_less_than_two:sm0:7:sm1|                                                            ; 0.8 (0.8)            ; 1.1 (1.1)                        ; 0.3 (0.3)                                         ; 0.0 (0.0)                        ; 0.0 (0.0)            ; 1 (1)               ; 2 (2)                     ; 0 (0)         ; 0                 ; 0     ; 0          ; 0    ; 0            ; |toplevel_placa|sld_signaltap:auto_signaltap_0|sld_signaltap_impl:sld_signaltap_body|sld_signaltap_implb:sld_signaltap_body|sld_ela_control:ela_control|sld_ela_basic_multi_level_trigger:\basic_multi_level_mbpm_trigger_gen:multi_level_mbpm|sld_mbpmg:\trigger_modules_gen:0:trigger_match|sld_sbpmg:\gen_sbpmg_pipeline_less_than_two:sm0:7:sm1        ; sld_sbpmg                         ; work         ;
;                      |sld_sbpmg:\gen_sbpmg_pipeline_less_than_two:sm0:8:sm1|                                                            ; 0.5 (0.5)            ; 1.0 (1.0)                        ; 0.5 (0.5)                                         ; 0.0 (0.0)                        ; 0.0 (0.0)            ; 1 (1)               ; 2 (2)                     ; 0 (0)         ; 0                 ; 0     ; 0          ; 0    ; 0            ; |toplevel_placa|sld_signaltap:auto_signaltap_0|sld_signaltap_impl:sld_signaltap_body|sld_signaltap_implb:sld_signaltap_body|sld_ela_control:ela_control|sld_ela_basic_multi_level_trigger:\basic_multi_level_mbpm_trigger_gen:multi_level_mbpm|sld_mbpmg:\trigger_modules_gen:0:trigger_match|sld_sbpmg:\gen_sbpmg_pipeline_less_than_two:sm0:8:sm1        ; sld_sbpmg                         ; work         ;
;                      |sld_sbpmg:\gen_sbpmg_pipeline_less_than_two:sm0:9:sm1|                                                            ; 0.7 (0.7)            ; 1.0 (1.0)                        ; 0.3 (0.3)                                         ; 0.0 (0.0)                        ; 0.0 (0.0)            ; 1 (1)               ; 2 (2)                     ; 0 (0)         ; 0                 ; 0     ; 0          ; 0    ; 0            ; |toplevel_placa|sld_signaltap:auto_signaltap_0|sld_signaltap_impl:sld_signaltap_body|sld_signaltap_implb:sld_signaltap_body|sld_ela_control:ela_control|sld_ela_basic_multi_level_trigger:\basic_multi_level_mbpm_trigger_gen:multi_level_mbpm|sld_mbpmg:\trigger_modules_gen:0:trigger_match|sld_sbpmg:\gen_sbpmg_pipeline_less_than_two:sm0:9:sm1        ; sld_sbpmg                         ; work         ;
;                |sld_ela_trigger_flow_mgr:\builtin:ela_trigger_flow_mgr_entity|                                                          ; 9.3 (8.6)            ; 13.2 (8.8)                       ; 3.9 (0.2)                                         ; 0.0 (0.0)                        ; 0.0 (0.0)            ; 13 (13)             ; 11 (1)                    ; 0 (0)         ; 0                 ; 0     ; 0          ; 0    ; 0            ; |toplevel_placa|sld_signaltap:auto_signaltap_0|sld_signaltap_impl:sld_signaltap_body|sld_signaltap_implb:sld_signaltap_body|sld_ela_control:ela_control|sld_ela_trigger_flow_mgr:\builtin:ela_trigger_flow_mgr_entity                                                                                                                                      ; sld_ela_trigger_flow_mgr          ; work         ;
;                   |lpm_shiftreg:trigger_config_deserialize|                                                                             ; 0.7 (0.7)            ; 4.4 (4.4)                        ; 3.8 (3.8)                                         ; 0.0 (0.0)                        ; 0.0 (0.0)            ; 0 (0)               ; 10 (10)                   ; 0 (0)         ; 0                 ; 0     ; 0          ; 0    ; 0            ; |toplevel_placa|sld_signaltap:auto_signaltap_0|sld_signaltap_impl:sld_signaltap_body|sld_signaltap_implb:sld_signaltap_body|sld_ela_control:ela_control|sld_ela_trigger_flow_mgr:\builtin:ela_trigger_flow_mgr_entity|lpm_shiftreg:trigger_config_deserialize                                                                                              ; lpm_shiftreg                      ; work         ;
;             |sld_offload_buffer_mgr:\stp_non_zero_depth_offload_gen:stp_offload_buff_mgr_inst|                                          ; 234.0 (6.3)          ; 229.7 (6.3)                      ; 5.7 (0.0)                                         ; 10.0 (0.0)                       ; 0.0 (0.0)            ; 212 (10)            ; 154 (0)                   ; 0 (0)         ; 0                 ; 0     ; 0          ; 0    ; 0            ; |toplevel_placa|sld_signaltap:auto_signaltap_0|sld_signaltap_impl:sld_signaltap_body|sld_signaltap_implb:sld_signaltap_body|sld_offload_buffer_mgr:\stp_non_zero_depth_offload_gen:stp_offload_buff_mgr_inst                                                                                                                                               ; sld_offload_buffer_mgr            ; work         ;
;                |lpm_counter:\adv_point_3_and_more:advance_pointer_counter|                                                              ; 6.8 (0.0)            ; 7.0 (0.0)                        ; 0.2 (0.0)                                         ; 0.0 (0.0)                        ; 0.0 (0.0)            ; 8 (0)               ; 8 (0)                     ; 0 (0)         ; 0                 ; 0     ; 0          ; 0    ; 0            ; |toplevel_placa|sld_signaltap:auto_signaltap_0|sld_signaltap_impl:sld_signaltap_body|sld_signaltap_implb:sld_signaltap_body|sld_offload_buffer_mgr:\stp_non_zero_depth_offload_gen:stp_offload_buff_mgr_inst|lpm_counter:\adv_point_3_and_more:advance_pointer_counter                                                                                     ; lpm_counter                       ; work         ;
;                   |cntr_79i:auto_generated|                                                                                             ; 6.8 (6.8)            ; 7.0 (7.0)                        ; 0.2 (0.2)                                         ; 0.0 (0.0)                        ; 0.0 (0.0)            ; 8 (8)               ; 8 (8)                     ; 0 (0)         ; 0                 ; 0     ; 0          ; 0    ; 0            ; |toplevel_placa|sld_signaltap:auto_signaltap_0|sld_signaltap_impl:sld_signaltap_body|sld_signaltap_implb:sld_signaltap_body|sld_offload_buffer_mgr:\stp_non_zero_depth_offload_gen:stp_offload_buff_mgr_inst|lpm_counter:\adv_point_3_and_more:advance_pointer_counter|cntr_79i:auto_generated                                                             ; cntr_79i                          ; work         ;
;                |lpm_counter:read_pointer_counter|                                                                                       ; 8.0 (0.0)            ; 8.0 (0.0)                        ; 0.0 (0.0)                                         ; 0.0 (0.0)                        ; 0.0 (0.0)            ; 16 (0)              ; 16 (0)                    ; 0 (0)         ; 0                 ; 0     ; 0          ; 0    ; 0            ; |toplevel_placa|sld_signaltap:auto_signaltap_0|sld_signaltap_impl:sld_signaltap_body|sld_signaltap_implb:sld_signaltap_body|sld_offload_buffer_mgr:\stp_non_zero_depth_offload_gen:stp_offload_buff_mgr_inst|lpm_counter:read_pointer_counter                                                                                                              ; lpm_counter                       ; work         ;
;                   |cntr_24j:auto_generated|                                                                                             ; 8.0 (8.0)            ; 8.0 (8.0)                        ; 0.0 (0.0)                                         ; 0.0 (0.0)                        ; 0.0 (0.0)            ; 16 (16)             ; 16 (16)                   ; 0 (0)         ; 0                 ; 0     ; 0          ; 0    ; 0            ; |toplevel_placa|sld_signaltap:auto_signaltap_0|sld_signaltap_impl:sld_signaltap_body|sld_signaltap_implb:sld_signaltap_body|sld_offload_buffer_mgr:\stp_non_zero_depth_offload_gen:stp_offload_buff_mgr_inst|lpm_counter:read_pointer_counter|cntr_24j:auto_generated                                                                                      ; cntr_24j                          ; work         ;
;                |lpm_counter:status_advance_pointer_counter|                                                                             ; 7.0 (0.0)            ; 7.0 (0.0)                        ; 0.0 (0.0)                                         ; 0.0 (0.0)                        ; 0.0 (0.0)            ; 8 (0)               ; 6 (0)                     ; 0 (0)         ; 0                 ; 0     ; 0          ; 0    ; 0            ; |toplevel_placa|sld_signaltap:auto_signaltap_0|sld_signaltap_impl:sld_signaltap_body|sld_signaltap_implb:sld_signaltap_body|sld_offload_buffer_mgr:\stp_non_zero_depth_offload_gen:stp_offload_buff_mgr_inst|lpm_counter:status_advance_pointer_counter                                                                                                    ; lpm_counter                       ; work         ;
;                   |cntr_29i:auto_generated|                                                                                             ; 7.0 (7.0)            ; 7.0 (7.0)                        ; 0.0 (0.0)                                         ; 0.0 (0.0)                        ; 0.0 (0.0)            ; 8 (8)               ; 6 (6)                     ; 0 (0)         ; 0                 ; 0     ; 0          ; 0    ; 0            ; |toplevel_placa|sld_signaltap:auto_signaltap_0|sld_signaltap_impl:sld_signaltap_body|sld_signaltap_implb:sld_signaltap_body|sld_offload_buffer_mgr:\stp_non_zero_depth_offload_gen:stp_offload_buff_mgr_inst|lpm_counter:status_advance_pointer_counter|cntr_29i:auto_generated                                                                            ; cntr_29i                          ; work         ;
;                |lpm_counter:status_read_pointer_counter|                                                                                ; 2.0 (0.0)            ; 2.0 (0.0)                        ; 0.0 (0.0)                                         ; 0.0 (0.0)                        ; 0.0 (0.0)            ; 3 (0)               ; 2 (0)                     ; 0 (0)         ; 0                 ; 0     ; 0          ; 0    ; 0            ; |toplevel_placa|sld_signaltap:auto_signaltap_0|sld_signaltap_impl:sld_signaltap_body|sld_signaltap_implb:sld_signaltap_body|sld_offload_buffer_mgr:\stp_non_zero_depth_offload_gen:stp_offload_buff_mgr_inst|lpm_counter:status_read_pointer_counter                                                                                                       ; lpm_counter                       ; work         ;
;                   |cntr_kri:auto_generated|                                                                                             ; 2.0 (2.0)            ; 2.0 (2.0)                        ; 0.0 (0.0)                                         ; 0.0 (0.0)                        ; 0.0 (0.0)            ; 3 (3)               ; 2 (2)                     ; 0 (0)         ; 0                 ; 0     ; 0          ; 0    ; 0            ; |toplevel_placa|sld_signaltap:auto_signaltap_0|sld_signaltap_impl:sld_signaltap_body|sld_signaltap_implb:sld_signaltap_body|sld_offload_buffer_mgr:\stp_non_zero_depth_offload_gen:stp_offload_buff_mgr_inst|lpm_counter:status_read_pointer_counter|cntr_kri:auto_generated                                                                               ; cntr_kri                          ; work         ;
;                |lpm_shiftreg:info_data_shift_out|                                                                                       ; 16.3 (16.3)          ; 16.5 (16.5)                      ; 0.2 (0.2)                                         ; 0.0 (0.0)                        ; 0.0 (0.0)            ; 0 (0)               ; 33 (33)                   ; 0 (0)         ; 0                 ; 0     ; 0          ; 0    ; 0            ; |toplevel_placa|sld_signaltap:auto_signaltap_0|sld_signaltap_impl:sld_signaltap_body|sld_signaltap_implb:sld_signaltap_body|sld_offload_buffer_mgr:\stp_non_zero_depth_offload_gen:stp_offload_buff_mgr_inst|lpm_shiftreg:info_data_shift_out                                                                                                              ; lpm_shiftreg                      ; work         ;
;                |lpm_shiftreg:ram_data_shift_out|                                                                                        ; 170.3 (170.3)        ; 166.1 (166.1)                    ; 5.8 (5.8)                                         ; 10.0 (10.0)                      ; 0.0 (0.0)            ; 166 (166)           ; 56 (56)                   ; 0 (0)         ; 0                 ; 0     ; 0          ; 0    ; 0            ; |toplevel_placa|sld_signaltap:auto_signaltap_0|sld_signaltap_impl:sld_signaltap_body|sld_signaltap_implb:sld_signaltap_body|sld_offload_buffer_mgr:\stp_non_zero_depth_offload_gen:stp_offload_buff_mgr_inst|lpm_shiftreg:ram_data_shift_out                                                                                                               ; lpm_shiftreg                      ; work         ;
;                |lpm_shiftreg:status_data_shift_out|                                                                                     ; 16.8 (16.8)          ; 16.8 (16.8)                      ; 0.0 (0.0)                                         ; 0.0 (0.0)                        ; 0.0 (0.0)            ; 1 (1)               ; 33 (33)                   ; 0 (0)         ; 0                 ; 0     ; 0          ; 0    ; 0            ; |toplevel_placa|sld_signaltap:auto_signaltap_0|sld_signaltap_impl:sld_signaltap_body|sld_signaltap_implb:sld_signaltap_body|sld_offload_buffer_mgr:\stp_non_zero_depth_offload_gen:stp_offload_buff_mgr_inst|lpm_shiftreg:status_data_shift_out                                                                                                            ; lpm_shiftreg                      ; work         ;
;             |sld_rom_sr:crc_rom_sr|                                                                                                     ; 13.3 (13.3)          ; 15.0 (15.0)                      ; 1.7 (1.7)                                         ; 0.0 (0.0)                        ; 0.0 (0.0)            ; 20 (20)             ; 9 (9)                     ; 0 (0)         ; 0                 ; 0     ; 0          ; 0    ; 0            ; |toplevel_placa|sld_signaltap:auto_signaltap_0|sld_signaltap_impl:sld_signaltap_body|sld_signaltap_implb:sld_signaltap_body|sld_rom_sr:crc_rom_sr                                                                                                                                                                                                          ; sld_rom_sr                        ; work         ;
;    |top_level:top_level|                                                                                                                ; 3647.9 (0.0)         ; 3797.3 (0.0)                     ; 258.7 (0.0)                                       ; 109.2 (0.0)                      ; 0.0 (0.0)            ; 6324 (0)            ; 825 (0)                   ; 0 (0)         ; 237527            ; 40    ; 4          ; 0    ; 0            ; |toplevel_placa|top_level:top_level                                                                                                                                                                                                                                                                                                                        ; top_level                         ; work         ;
;       |maq_estados:apelido_maq_estados|                                                                                                 ; 5.5 (5.5)            ; 6.2 (6.2)                        ; 0.7 (0.7)                                         ; 0.0 (0.0)                        ; 0.0 (0.0)            ; 9 (9)               ; 4 (4)                     ; 0 (0)         ; 0                 ; 0     ; 0          ; 0    ; 0            ; |toplevel_placa|top_level:top_level|maq_estados:apelido_maq_estados                                                                                                                                                                                                                                                                                        ; maq_estados                       ; work         ;
;       |myFIFO:FIFO16x32_inst_my|                                                                                                        ; 38.7 (38.7)          ; 56.7 (56.7)                      ; 17.9 (17.9)                                       ; 0.0 (0.0)                        ; 0.0 (0.0)            ; 61 (61)             ; 66 (66)                   ; 0 (0)         ; 8192              ; 1     ; 0          ; 0    ; 0            ; |toplevel_placa|top_level:top_level|myFIFO:FIFO16x32_inst_my                                                                                                                                                                                                                                                                                               ; myFIFO                            ; work         ;
;          |altsyncram:mem_rtl_0|                                                                                                         ; 0.0 (0.0)            ; 0.0 (0.0)                        ; 0.0 (0.0)                                         ; 0.0 (0.0)                        ; 0.0 (0.0)            ; 0 (0)               ; 0 (0)                     ; 0 (0)         ; 8192              ; 1     ; 0          ; 0    ; 0            ; |toplevel_placa|top_level:top_level|myFIFO:FIFO16x32_inst_my|altsyncram:mem_rtl_0                                                                                                                                                                                                                                                                          ; altsyncram                        ; work         ;
;             |altsyncram_smi1:auto_generated|                                                                                            ; 0.0 (0.0)            ; 0.0 (0.0)                        ; 0.0 (0.0)                                         ; 0.0 (0.0)                        ; 0.0 (0.0)            ; 0 (0)               ; 0 (0)                     ; 0 (0)         ; 8192              ; 1     ; 0          ; 0    ; 0            ; |toplevel_placa|top_level:top_level|myFIFO:FIFO16x32_inst_my|altsyncram:mem_rtl_0|altsyncram_smi1:auto_generated                                                                                                                                                                                                                                           ; altsyncram_smi1                   ; work         ;
;       |top_proc_banco:top_proc_banco_inst|                                                                                              ; 1807.8 (9.0)         ; 1854.7 (12.8)                    ; 105.9 (3.8)                                       ; 59.1 (0.1)                       ; 0.0 (0.0)            ; 3145 (2)            ; 317 (33)                  ; 0 (0)         ; 188788            ; 33    ; 3          ; 0    ; 0            ; |toplevel_placa|top_level:top_level|top_proc_banco:top_proc_banco_inst                                                                                                                                                                                                                                                                                     ; top_proc_banco                    ; work         ;
;          |proc_banco:proc_banco_inst|                                                                                                   ; 1798.8 (0.0)         ; 1841.9 (0.0)                     ; 102.1 (0.0)                                       ; 59.0 (0.0)                       ; 0.0 (0.0)            ; 3143 (0)            ; 284 (0)                   ; 0 (0)         ; 188788            ; 33    ; 3          ; 0    ; 0            ; |toplevel_placa|top_level:top_level|top_proc_banco:top_proc_banco_inst|proc_banco:proc_banco_inst                                                                                                                                                                                                                                                          ; proc_banco                        ; work         ;
;             |processor:p_proc_banco|                                                                                                    ; 1798.8 (0.0)         ; 1841.9 (0.0)                     ; 102.1 (0.0)                                       ; 59.0 (0.0)                       ; 0.0 (0.0)            ; 3143 (0)            ; 284 (0)                   ; 0 (0)         ; 188788            ; 33    ; 3          ; 0    ; 0            ; |toplevel_placa|top_level:top_level|top_proc_banco:top_proc_banco_inst|proc_banco:proc_banco_inst|processor:p_proc_banco                                                                                                                                                                                                                                   ; processor                         ; work         ;
;                |core:core|                                                                                                              ; 1798.8 (8.9)         ; 1841.9 (11.4)                    ; 102.1 (3.0)                                       ; 59.0 (0.5)                       ; 0.0 (0.0)            ; 3143 (0)            ; 284 (36)                  ; 0 (0)         ; 0                 ; 0     ; 3          ; 0    ; 0            ; |toplevel_placa|top_level:top_level|top_proc_banco:top_proc_banco_inst|proc_banco:proc_banco_inst|processor:p_proc_banco|core:core                                                                                                                                                                                                                         ; core                              ; work         ;
;                   |instr_dec:id|                                                                                                        ; 23.0 (23.0)          ; 23.5 (23.5)                      ; 0.7 (0.7)                                         ; 0.2 (0.2)                        ; 0.0 (0.0)            ; 40 (40)             ; 6 (6)                     ; 0 (0)         ; 0                 ; 0     ; 0          ; 0    ; 0            ; |toplevel_placa|top_level:top_level|top_proc_banco:top_proc_banco_inst|proc_banco:proc_banco_inst|processor:p_proc_banco|core:core|instr_dec:id                                                                                                                                                                                                            ; instr_dec                         ; work         ;
;                   |instr_fetch:instr_fetch|                                                                                             ; 19.8 (0.0)           ; 20.7 (0.0)                       ; 0.8 (0.0)                                         ; 0.0 (0.0)                        ; 0.0 (0.0)            ; 36 (0)              ; 9 (0)                     ; 0 (0)         ; 0                 ; 0     ; 0          ; 0    ; 0            ; |toplevel_placa|top_level:top_level|top_proc_banco:top_proc_banco_inst|proc_banco:proc_banco_inst|processor:p_proc_banco|core:core|instr_fetch:instr_fetch                                                                                                                                                                                                 ; instr_fetch                       ; work         ;
;                      |pc:pc|                                                                                                            ; 5.0 (5.0)            ; 5.3 (5.3)                        ; 0.3 (0.3)                                         ; 0.0 (0.0)                        ; 0.0 (0.0)            ; 10 (10)             ; 9 (9)                     ; 0 (0)         ; 0                 ; 0     ; 0          ; 0    ; 0            ; |toplevel_placa|top_level:top_level|top_proc_banco:top_proc_banco_inst|proc_banco:proc_banco_inst|processor:p_proc_banco|core:core|instr_fetch:instr_fetch|pc:pc                                                                                                                                                                                           ; pc                                ; work         ;
;                      |prefetch:pf|                                                                                                      ; 14.8 (14.8)          ; 15.3 (15.3)                      ; 0.5 (0.5)                                         ; 0.0 (0.0)                        ; 0.0 (0.0)            ; 26 (26)             ; 0 (0)                     ; 0 (0)         ; 0                 ; 0     ; 0          ; 0    ; 0            ; |toplevel_placa|top_level:top_level|top_proc_banco:top_proc_banco_inst|proc_banco:proc_banco_inst|processor:p_proc_banco|core:core|instr_fetch:instr_fetch|prefetch:pf                                                                                                                                                                                     ; prefetch                          ; work         ;
;                   |io_ctrl:io|                                                                                                          ; 0.9 (0.9)            ; 0.9 (0.9)                        ; 0.0 (0.0)                                         ; 0.0 (0.0)                        ; 0.0 (0.0)            ; 0 (0)               ; 3 (3)                     ; 0 (0)         ; 0                 ; 0     ; 0          ; 0    ; 0            ; |toplevel_placa|top_level:top_level|top_proc_banco:top_proc_banco_inst|proc_banco:proc_banco_inst|processor:p_proc_banco|core:core|io_ctrl:io                                                                                                                                                                                                              ; io_ctrl                           ; work         ;
;                   |mem_ctrl:ac|                                                                                                         ; 30.0 (0.0)           ; 25.3 (0.0)                       ; 0.0 (0.0)                                         ; 4.7 (0.0)                        ; 0.0 (0.0)            ; 52 (0)              ; 0 (0)                     ; 0 (0)         ; 0                 ; 0     ; 0          ; 0    ; 0            ; |toplevel_placa|top_level:top_level|top_proc_banco:top_proc_banco_inst|proc_banco:proc_banco_inst|processor:p_proc_banco|core:core|mem_ctrl:ac                                                                                                                                                                                                             ; mem_ctrl                          ; work         ;
;                      |rel_addr:ra_rd|                                                                                                   ; 15.6 (15.6)          ; 13.0 (13.0)                      ; 0.2 (0.2)                                         ; 2.8 (2.8)                        ; 0.0 (0.0)            ; 26 (26)             ; 0 (0)                     ; 0 (0)         ; 0                 ; 0     ; 0          ; 0    ; 0            ; |toplevel_placa|top_level:top_level|top_proc_banco:top_proc_banco_inst|proc_banco:proc_banco_inst|processor:p_proc_banco|core:core|mem_ctrl:ac|rel_addr:ra_rd                                                                                                                                                                                              ; rel_addr                          ; work         ;
;                      |rel_addr:ra_wr|                                                                                                   ; 14.2 (14.2)          ; 12.3 (12.3)                      ; 0.0 (0.0)                                         ; 1.9 (1.9)                        ; 0.0 (0.0)            ; 26 (26)             ; 0 (0)                     ; 0 (0)         ; 0                 ; 0     ; 0          ; 0    ; 0            ; |toplevel_placa|top_level:top_level|top_proc_banco:top_proc_banco_inst|proc_banco:proc_banco_inst|processor:p_proc_banco|core:core|mem_ctrl:ac|rel_addr:ra_wr                                                                                                                                                                                              ; rel_addr                          ; work         ;
;                   |stack:sp|                                                                                                            ; 73.8 (73.8)          ; 98.4 (98.4)                      ; 26.1 (26.1)                                       ; 1.5 (1.5)                        ; 0.0 (0.0)            ; 74 (74)             ; 163 (163)                 ; 0 (0)         ; 0                 ; 0     ; 0          ; 0    ; 0            ; |toplevel_placa|top_level:top_level|top_proc_banco:top_proc_banco_inst|proc_banco:proc_banco_inst|processor:p_proc_banco|core:core|stack:sp                                                                                                                                                                                                                ; stack                             ; work         ;
;                   |ula:ula|                                                                                                             ; 1592.1 (2.3)         ; 1607.6 (2.5)                     ; 66.5 (0.7)                                        ; 51.1 (0.5)                       ; 0.0 (0.0)            ; 2877 (4)            ; 0 (0)                     ; 0 (0)         ; 0                 ; 0     ; 3          ; 0    ; 0            ; |toplevel_placa|top_level:top_level|top_proc_banco:top_proc_banco_inst|proc_banco:proc_banco_inst|processor:p_proc_banco|core:core|ula:ula                                                                                                                                                                                                                 ; ula                               ; work         ;
;                      |norm_mux:norm_mux|                                                                                                ; 111.4 (63.4)         ; 121.2 (69.5)                     ; 12.0 (8.0)                                        ; 2.2 (1.9)                        ; 0.0 (0.0)            ; 171 (96)            ; 0 (0)                     ; 0 (0)         ; 0                 ; 0     ; 0          ; 0    ; 0            ; |toplevel_placa|top_level:top_level|top_proc_banco:top_proc_banco_inst|proc_banco:proc_banco_inst|processor:p_proc_banco|core:core|ula:ula|norm_mux:norm_mux                                                                                                                                                                                               ; norm_mux                          ; work         ;
;                         |ula_norm:ula_norm|                                                                                             ; 47.9 (26.8)          ; 51.7 (29.0)                      ; 4.0 (2.3)                                         ; 0.3 (0.2)                        ; 0.0 (0.0)            ; 75 (39)             ; 0 (0)                     ; 0 (0)         ; 0                 ; 0     ; 0          ; 0    ; 0            ; |toplevel_placa|top_level:top_level|top_proc_banco:top_proc_banco_inst|proc_banco:proc_banco_inst|processor:p_proc_banco|core:core|ula:ula|norm_mux:norm_mux|ula_norm:ula_norm                                                                                                                                                                             ; ula_norm                          ; work         ;
;                            |ula_nmux:norm[11].mm|                                                                                       ; 2.7 (2.7)            ; 3.0 (3.0)                        ; 0.3 (0.3)                                         ; 0.0 (0.0)                        ; 0.0 (0.0)            ; 4 (4)               ; 0 (0)                     ; 0 (0)         ; 0                 ; 0     ; 0          ; 0    ; 0            ; |toplevel_placa|top_level:top_level|top_proc_banco:top_proc_banco_inst|proc_banco:proc_banco_inst|processor:p_proc_banco|core:core|ula:ula|norm_mux:norm_mux|ula_norm:ula_norm|ula_nmux:norm[11].mm                                                                                                                                                        ; ula_nmux                          ; work         ;
;                            |ula_nmux:norm[15].mm|                                                                                       ; 3.8 (3.8)            ; 3.7 (3.7)                        ; 0.0 (0.0)                                         ; 0.1 (0.1)                        ; 0.0 (0.0)            ; 6 (6)               ; 0 (0)                     ; 0 (0)         ; 0                 ; 0     ; 0          ; 0    ; 0            ; |toplevel_placa|top_level:top_level|top_proc_banco:top_proc_banco_inst|proc_banco:proc_banco_inst|processor:p_proc_banco|core:core|ula:ula|norm_mux:norm_mux|ula_norm:ula_norm|ula_nmux:norm[15].mm                                                                                                                                                        ; ula_nmux                          ; work         ;
;                            |ula_nmux:norm[17].mm|                                                                                       ; 1.2 (1.2)            ; 1.5 (1.5)                        ; 0.3 (0.3)                                         ; 0.0 (0.0)                        ; 0.0 (0.0)            ; 2 (2)               ; 0 (0)                     ; 0 (0)         ; 0                 ; 0     ; 0          ; 0    ; 0            ; |toplevel_placa|top_level:top_level|top_proc_banco:top_proc_banco_inst|proc_banco:proc_banco_inst|processor:p_proc_banco|core:core|ula:ula|norm_mux:norm_mux|ula_norm:ula_norm|ula_nmux:norm[17].mm                                                                                                                                                        ; ula_nmux                          ; work         ;
;                            |ula_nmux:norm[18].mm|                                                                                       ; 6.2 (6.2)            ; 6.5 (6.5)                        ; 0.3 (0.3)                                         ; 0.0 (0.0)                        ; 0.0 (0.0)            ; 12 (12)             ; 0 (0)                     ; 0 (0)         ; 0                 ; 0     ; 0          ; 0    ; 0            ; |toplevel_placa|top_level:top_level|top_proc_banco:top_proc_banco_inst|proc_banco:proc_banco_inst|processor:p_proc_banco|core:core|ula:ula|norm_mux:norm_mux|ula_norm:ula_norm|ula_nmux:norm[18].mm                                                                                                                                                        ; ula_nmux                          ; work         ;
;                            |ula_nmux:norm[19].mm|                                                                                       ; 0.5 (0.5)            ; 0.5 (0.5)                        ; 0.0 (0.0)                                         ; 0.0 (0.0)                        ; 0.0 (0.0)            ; 1 (1)               ; 0 (0)                     ; 0 (0)         ; 0                 ; 0     ; 0          ; 0    ; 0            ; |toplevel_placa|top_level:top_level|top_proc_banco:top_proc_banco_inst|proc_banco:proc_banco_inst|processor:p_proc_banco|core:core|ula:ula|norm_mux:norm_mux|ula_norm:ula_norm|ula_nmux:norm[19].mm                                                                                                                                                        ; ula_nmux                          ; work         ;
;                            |ula_nmux:norm[20].mm|                                                                                       ; 1.0 (1.0)            ; 1.0 (1.0)                        ; 0.0 (0.0)                                         ; 0.0 (0.0)                        ; 0.0 (0.0)            ; 1 (1)               ; 0 (0)                     ; 0 (0)         ; 0                 ; 0     ; 0          ; 0    ; 0            ; |toplevel_placa|top_level:top_level|top_proc_banco:top_proc_banco_inst|proc_banco:proc_banco_inst|processor:p_proc_banco|core:core|ula:ula|norm_mux:norm_mux|ula_norm:ula_norm|ula_nmux:norm[20].mm                                                                                                                                                        ; ula_nmux                          ; work         ;
;                            |ula_nmux:norm[21].mm|                                                                                       ; 5.3 (5.3)            ; 6.0 (6.0)                        ; 0.7 (0.7)                                         ; 0.0 (0.0)                        ; 0.0 (0.0)            ; 9 (9)               ; 0 (0)                     ; 0 (0)         ; 0                 ; 0     ; 0          ; 0    ; 0            ; |toplevel_placa|top_level:top_level|top_proc_banco:top_proc_banco_inst|proc_banco:proc_banco_inst|processor:p_proc_banco|core:core|ula:ula|norm_mux:norm_mux|ula_norm:ula_norm|ula_nmux:norm[21].mm                                                                                                                                                        ; ula_nmux                          ; work         ;
;                            |ula_nmux:norm[7].mm|                                                                                        ; 0.5 (0.5)            ; 0.5 (0.5)                        ; 0.0 (0.0)                                         ; 0.0 (0.0)                        ; 0.0 (0.0)            ; 1 (1)               ; 0 (0)                     ; 0 (0)         ; 0                 ; 0     ; 0          ; 0    ; 0            ; |toplevel_placa|top_level:top_level|top_proc_banco:top_proc_banco_inst|proc_banco:proc_banco_inst|processor:p_proc_banco|core:core|ula:ula|norm_mux:norm_mux|ula_norm:ula_norm|ula_nmux:norm[7].mm                                                                                                                                                         ; ula_nmux                          ; work         ;
;                      |ula_add:my_add|                                                                                                   ; 21.3 (21.3)          ; 16.0 (16.0)                      ; 0.0 (0.0)                                         ; 5.3 (5.3)                        ; 0.0 (0.0)            ; 32 (32)             ; 0 (0)                     ; 0 (0)         ; 0                 ; 0     ; 0          ; 0    ; 0            ; |toplevel_placa|top_level:top_level|top_proc_banco:top_proc_banco_inst|proc_banco:proc_banco_inst|processor:p_proc_banco|core:core|ula:ula|ula_add:my_add                                                                                                                                                                                                  ; ula_add                           ; work         ;
;                      |ula_denorm:denorm|                                                                                                ; 106.7 (106.7)        ; 113.7 (113.7)                    ; 7.0 (7.0)                                         ; 0.0 (0.0)                        ; 0.0 (0.0)            ; 195 (195)           ; 0 (0)                     ; 0 (0)         ; 0                 ; 0     ; 0          ; 0    ; 0            ; |toplevel_placa|top_level:top_level|top_proc_banco:top_proc_banco_inst|proc_banco:proc_banco_inst|processor:p_proc_banco|core:core|ula:ula|ula_denorm:denorm                                                                                                                                                                                               ; ula_denorm                        ; work         ;
;                      |ula_f2i:my_f2i|                                                                                                   ; 127.5 (127.5)        ; 128.2 (128.2)                    ; 0.7 (0.7)                                         ; 0.0 (0.0)                        ; 0.0 (0.0)            ; 192 (192)           ; 0 (0)                     ; 0 (0)         ; 0                 ; 0     ; 0          ; 0    ; 0            ; |toplevel_placa|top_level:top_level|top_proc_banco:top_proc_banco_inst|proc_banco:proc_banco_inst|processor:p_proc_banco|core:core|ula:ula|ula_f2i:my_f2i                                                                                                                                                                                                  ; ula_f2i                           ; work         ;
;                      |ula_fadd:my_fadd|                                                                                                 ; 28.1 (28.1)          ; 28.5 (28.5)                      ; 0.5 (0.5)                                         ; 0.1 (0.1)                        ; 0.0 (0.0)            ; 57 (57)             ; 0 (0)                     ; 0 (0)         ; 0                 ; 0     ; 0          ; 0    ; 0            ; |toplevel_placa|top_level:top_level|top_proc_banco:top_proc_banco_inst|proc_banco:proc_banco_inst|processor:p_proc_banco|core:core|ula:ula|ula_fadd:my_fadd                                                                                                                                                                                                ; ula_fadd                          ; work         ;
;                      |ula_fdiv:my_fdiv|                                                                                                 ; 981.8 (11.5)         ; 963.5 (11.5)                     ; 18.0 (0.0)                                        ; 36.3 (0.0)                       ; 0.0 (0.0)            ; 1871 (23)           ; 0 (0)                     ; 0 (0)         ; 0                 ; 0     ; 0          ; 0    ; 0            ; |toplevel_placa|top_level:top_level|top_proc_banco:top_proc_banco_inst|proc_banco:proc_banco_inst|processor:p_proc_banco|core:core|ula:ula|ula_fdiv:my_fdiv                                                                                                                                                                                                ; ula_fdiv                          ; work         ;
;                         |lpm_divide:Div0|                                                                                               ; 970.3 (0.0)          ; 952.0 (0.0)                      ; 18.0 (0.0)                                        ; 36.3 (0.0)                       ; 0.0 (0.0)            ; 1848 (0)            ; 0 (0)                     ; 0 (0)         ; 0                 ; 0     ; 0          ; 0    ; 0            ; |toplevel_placa|top_level:top_level|top_proc_banco:top_proc_banco_inst|proc_banco:proc_banco_inst|processor:p_proc_banco|core:core|ula:ula|ula_fdiv:my_fdiv|lpm_divide:Div0                                                                                                                                                                                ; lpm_divide                        ; work         ;
;                            |lpm_divide_7dm:auto_generated|                                                                              ; 970.3 (0.0)          ; 952.0 (0.0)                      ; 18.0 (0.0)                                        ; 36.3 (0.0)                       ; 0.0 (0.0)            ; 1848 (0)            ; 0 (0)                     ; 0 (0)         ; 0                 ; 0     ; 0          ; 0    ; 0            ; |toplevel_placa|top_level:top_level|top_proc_banco:top_proc_banco_inst|proc_banco:proc_banco_inst|processor:p_proc_banco|core:core|ula:ula|ula_fdiv:my_fdiv|lpm_divide:Div0|lpm_divide_7dm:auto_generated                                                                                                                                                  ; lpm_divide_7dm                    ; work         ;
;                               |sign_div_unsign_dnh:divider|                                                                             ; 970.3 (0.0)          ; 952.0 (0.0)                      ; 18.0 (0.0)                                        ; 36.3 (0.0)                       ; 0.0 (0.0)            ; 1848 (0)            ; 0 (0)                     ; 0 (0)         ; 0                 ; 0     ; 0          ; 0    ; 0            ; |toplevel_placa|top_level:top_level|top_proc_banco:top_proc_banco_inst|proc_banco:proc_banco_inst|processor:p_proc_banco|core:core|ula:ula|ula_fdiv:my_fdiv|lpm_divide:Div0|lpm_divide_7dm:auto_generated|sign_div_unsign_dnh:divider                                                                                                                      ; sign_div_unsign_dnh               ; work         ;
;                                  |alt_u_div_03f:divider|                                                                                ; 970.3 (970.3)        ; 952.0 (952.0)                    ; 18.0 (18.0)                                       ; 36.3 (36.3)                      ; 0.0 (0.0)            ; 1848 (1848)         ; 0 (0)                     ; 0 (0)         ; 0                 ; 0     ; 0          ; 0    ; 0            ; |toplevel_placa|top_level:top_level|top_proc_banco:top_proc_banco_inst|proc_banco:proc_banco_inst|processor:p_proc_banco|core:core|ula:ula|ula_fdiv:my_fdiv|lpm_divide:Div0|lpm_divide_7dm:auto_generated|sign_div_unsign_dnh:divider|alt_u_div_03f:divider                                                                                                ; alt_u_div_03f                     ; work         ;
;                      |ula_fgre:my_fgre|                                                                                                 ; 7.5 (7.5)            ; 10.5 (10.5)                      ; 3.0 (3.0)                                         ; 0.0 (0.0)                        ; 0.0 (0.0)            ; 11 (11)             ; 0 (0)                     ; 0 (0)         ; 0                 ; 0     ; 0          ; 0    ; 0            ; |toplevel_placa|top_level:top_level|top_proc_banco:top_proc_banco_inst|proc_banco:proc_banco_inst|processor:p_proc_banco|core:core|ula:ula|ula_fgre:my_fgre                                                                                                                                                                                                ; ula_fgre                          ; work         ;
;                      |ula_fmlt:my_fmlt|                                                                                                 ; 13.4 (13.4)          ; 13.0 (13.0)                      ; 0.0 (0.0)                                         ; 0.4 (0.4)                        ; 0.0 (0.0)            ; 22 (22)             ; 0 (0)                     ; 0 (0)         ; 0                 ; 0     ; 1          ; 0    ; 0            ; |toplevel_placa|top_level:top_level|top_proc_banco:top_proc_banco_inst|proc_banco:proc_banco_inst|processor:p_proc_banco|core:core|ula:ula|ula_fmlt:my_fmlt                                                                                                                                                                                                ; ula_fmlt                          ; work         ;
;                      |ula_i2f:my_i2f|                                                                                                   ; 11.5 (11.5)          ; 11.5 (11.5)                      ; 0.0 (0.0)                                         ; 0.0 (0.0)                        ; 0.0 (0.0)            ; 23 (23)             ; 0 (0)                     ; 0 (0)         ; 0                 ; 0     ; 0          ; 0    ; 0            ; |toplevel_placa|top_level:top_level|top_proc_banco:top_proc_banco_inst|proc_banco:proc_banco_inst|processor:p_proc_banco|core:core|ula:ula|ula_i2f:my_i2f                                                                                                                                                                                                  ; ula_i2f                           ; work         ;
;                      |ula_i2f:my_i2fm|                                                                                                  ; 11.5 (11.5)          ; 11.5 (11.5)                      ; 0.0 (0.0)                                         ; 0.0 (0.0)                        ; 0.0 (0.0)            ; 23 (23)             ; 0 (0)                     ; 0 (0)         ; 0                 ; 0     ; 0          ; 0    ; 0            ; |toplevel_placa|top_level:top_level|top_proc_banco:top_proc_banco_inst|proc_banco:proc_banco_inst|processor:p_proc_banco|core:core|ula:ula|ula_i2f:my_i2fm                                                                                                                                                                                                 ; ula_i2f                           ; work         ;
;                      |ula_les:my_les|                                                                                                   ; 9.4 (9.4)            ; 11.5 (11.5)                      ; 2.2 (2.2)                                         ; 0.1 (0.1)                        ; 0.0 (0.0)            ; 15 (15)             ; 0 (0)                     ; 0 (0)         ; 0                 ; 0     ; 0          ; 0    ; 0            ; |toplevel_placa|top_level:top_level|top_proc_banco:top_proc_banco_inst|proc_banco:proc_banco_inst|processor:p_proc_banco|core:core|ula:ula|ula_les:my_les                                                                                                                                                                                                  ; ula_les                           ; work         ;
;                      |ula_mlt:my_mlt|                                                                                                   ; 7.0 (7.0)            ; 7.0 (7.0)                        ; 0.0 (0.0)                                         ; 0.0 (0.0)                        ; 0.0 (0.0)            ; 14 (14)             ; 0 (0)                     ; 0 (0)         ; 0                 ; 0     ; 2          ; 0    ; 0            ; |toplevel_placa|top_level:top_level|top_proc_banco:top_proc_banco_inst|proc_banco:proc_banco_inst|processor:p_proc_banco|core:core|ula:ula|ula_mlt:my_mlt                                                                                                                                                                                                  ; ula_mlt                           ; work         ;
;                      |ula_mux:ula_mux|                                                                                                  ; 136.7 (136.7)        ; 153.1 (153.1)                    ; 22.5 (22.5)                                       ; 6.2 (6.2)                        ; 0.0 (0.0)            ; 215 (215)           ; 0 (0)                     ; 0 (0)         ; 0                 ; 0     ; 0          ; 0    ; 0            ; |toplevel_placa|top_level:top_level|top_proc_banco:top_proc_banco_inst|proc_banco:proc_banco_inst|processor:p_proc_banco|core:core|ula:ula|ula_mux:ula_mux                                                                                                                                                                                                 ; ula_mux                           ; work         ;
;                      |ula_neg:my_negm|                                                                                                  ; 16.0 (16.0)          ; 16.0 (16.0)                      ; 0.0 (0.0)                                         ; 0.0 (0.0)                        ; 0.0 (0.0)            ; 32 (32)             ; 0 (0)                     ; 0 (0)         ; 0                 ; 0     ; 0          ; 0    ; 0            ; |toplevel_placa|top_level:top_level|top_proc_banco:top_proc_banco_inst|proc_banco:proc_banco_inst|processor:p_proc_banco|core:core|ula:ula|ula_neg:my_negm                                                                                                                                                                                                 ; ula_neg                           ; work         ;
;                   |ula_in1_ctrl:uic1|                                                                                                   ; 24.8 (24.8)          ; 26.2 (26.2)                      ; 1.9 (1.9)                                         ; 0.6 (0.6)                        ; 0.0 (0.0)            ; 32 (32)             ; 33 (33)                   ; 0 (0)         ; 0                 ; 0     ; 0          ; 0    ; 0            ; |toplevel_placa|top_level:top_level|top_proc_banco:top_proc_banco_inst|proc_banco:proc_banco_inst|processor:p_proc_banco|core:core|ula_in1_ctrl:uic1                                                                                                                                                                                                       ; ula_in1_ctrl                      ; work         ;
;                   |ula_in2_ctrl:uic2|                                                                                                   ; 24.7 (24.7)          ; 28.0 (28.0)                      ; 3.8 (3.8)                                         ; 0.5 (0.5)                        ; 0.0 (0.0)            ; 32 (32)             ; 34 (34)                   ; 0 (0)         ; 0                 ; 0     ; 0          ; 0    ; 0            ; |toplevel_placa|top_level:top_level|top_proc_banco:top_proc_banco_inst|proc_banco:proc_banco_inst|processor:p_proc_banco|core:core|ula_in2_ctrl:uic2                                                                                                                                                                                                       ; ula_in2_ctrl                      ; work         ;
;                |mem_data:mdata|                                                                                                         ; 0.0 (0.0)            ; 0.0 (0.0)                        ; 0.0 (0.0)                                         ; 0.0 (0.0)                        ; 0.0 (0.0)            ; 0 (0)               ; 0 (0)                     ; 0 (0)         ; 181408            ; 32    ; 0          ; 0    ; 0            ; |toplevel_placa|top_level:top_level|top_proc_banco:top_proc_banco_inst|proc_banco:proc_banco_inst|processor:p_proc_banco|mem_data:mdata                                                                                                                                                                                                                    ; mem_data                          ; work         ;
;                   |altsyncram:mem_rtl_0|                                                                                                ; 0.0 (0.0)            ; 0.0 (0.0)                        ; 0.0 (0.0)                                         ; 0.0 (0.0)                        ; 0.0 (0.0)            ; 0 (0)               ; 0 (0)                     ; 0 (0)         ; 181408            ; 32    ; 0          ; 0    ; 0            ; |toplevel_placa|top_level:top_level|top_proc_banco:top_proc_banco_inst|proc_banco:proc_banco_inst|processor:p_proc_banco|mem_data:mdata|altsyncram:mem_rtl_0                                                                                                                                                                                               ; altsyncram                        ; work         ;
;                      |altsyncram_4kr1:auto_generated|                                                                                   ; 0.0 (0.0)            ; 0.0 (0.0)                        ; 0.0 (0.0)                                         ; 0.0 (0.0)                        ; 0.0 (0.0)            ; 0 (0)               ; 0 (0)                     ; 0 (0)         ; 181408            ; 32    ; 0          ; 0    ; 0            ; |toplevel_placa|top_level:top_level|top_proc_banco:top_proc_banco_inst|proc_banco:proc_banco_inst|processor:p_proc_banco|mem_data:mdata|altsyncram:mem_rtl_0|altsyncram_4kr1:auto_generated                                                                                                                                                                ; altsyncram_4kr1                   ; work         ;
;                |mem_instr:minstr|                                                                                                       ; 0.0 (0.0)            ; 0.0 (0.0)                        ; 0.0 (0.0)                                         ; 0.0 (0.0)                        ; 0.0 (0.0)            ; 0 (0)               ; 0 (0)                     ; 0 (0)         ; 7380              ; 1     ; 0          ; 0    ; 0            ; |toplevel_placa|top_level:top_level|top_proc_banco:top_proc_banco_inst|proc_banco:proc_banco_inst|processor:p_proc_banco|mem_instr:minstr                                                                                                                                                                                                                  ; mem_instr                         ; work         ;
;                   |altsyncram:mem_rtl_0|                                                                                                ; 0.0 (0.0)            ; 0.0 (0.0)                        ; 0.0 (0.0)                                         ; 0.0 (0.0)                        ; 0.0 (0.0)            ; 0 (0)               ; 0 (0)                     ; 0 (0)         ; 7380              ; 1     ; 0          ; 0    ; 0            ; |toplevel_placa|top_level:top_level|top_proc_banco:top_proc_banco_inst|proc_banco:proc_banco_inst|processor:p_proc_banco|mem_instr:minstr|altsyncram:mem_rtl_0                                                                                                                                                                                             ; altsyncram                        ; work         ;
;                      |altsyncram_vvc1:auto_generated|                                                                                   ; 0.0 (0.0)            ; 0.0 (0.0)                        ; 0.0 (0.0)                                         ; 0.0 (0.0)                        ; 0.0 (0.0)            ; 0 (0)               ; 0 (0)                     ; 0 (0)         ; 7380              ; 1     ; 0          ; 0    ; 0            ; |toplevel_placa|top_level:top_level|top_proc_banco:top_proc_banco_inst|proc_banco:proc_banco_inst|processor:p_proc_banco|mem_instr:minstr|altsyncram:mem_rtl_0|altsyncram_vvc1:auto_generated                                                                                                                                                              ; altsyncram_vvc1                   ; work         ;
;       |top_proc_interp:top_proc_interp_inst|                                                                                            ; 1795.8 (27.8)        ; 1879.8 (66.5)                    ; 134.2 (39.3)                                      ; 50.1 (0.7)                       ; 0.0 (0.0)            ; 3109 (5)            ; 438 (160)                 ; 0 (0)         ; 40547             ; 6     ; 1          ; 0    ; 0            ; |toplevel_placa|top_level:top_level|top_proc_interp:top_proc_interp_inst                                                                                                                                                                                                                                                                                   ; top_proc_interp                   ; work         ;
;          |proc_interp:proc_interp_inst|                                                                                                 ; 1768.0 (0.0)         ; 1813.3 (0.0)                     ; 94.8 (0.0)                                        ; 49.5 (0.0)                       ; 0.0 (0.0)            ; 3104 (0)            ; 278 (0)                   ; 0 (0)         ; 40547             ; 6     ; 1          ; 0    ; 0            ; |toplevel_placa|top_level:top_level|top_proc_interp:top_proc_interp_inst|proc_interp:proc_interp_inst                                                                                                                                                                                                                                                      ; proc_interp                       ; work         ;
;             |addr_dec:dec_out|                                                                                                          ; 0.3 (0.3)            ; 0.3 (0.3)                        ; 0.0 (0.0)                                         ; 0.0 (0.0)                        ; 0.0 (0.0)            ; 1 (1)               ; 0 (0)                     ; 0 (0)         ; 0                 ; 0     ; 0          ; 0    ; 0            ; |toplevel_placa|top_level:top_level|top_proc_interp:top_proc_interp_inst|proc_interp:proc_interp_inst|addr_dec:dec_out                                                                                                                                                                                                                                     ; addr_dec                          ; work         ;
;             |processor:p_proc_interp|                                                                                                   ; 1767.6 (0.0)         ; 1813.0 (0.0)                     ; 94.8 (0.0)                                        ; 49.5 (0.0)                       ; 0.0 (0.0)            ; 3103 (0)            ; 278 (0)                   ; 0 (0)         ; 40547             ; 6     ; 1          ; 0    ; 0            ; |toplevel_placa|top_level:top_level|top_proc_interp:top_proc_interp_inst|proc_interp:proc_interp_inst|processor:p_proc_interp                                                                                                                                                                                                                              ; processor                         ; work         ;
;                |core:core|                                                                                                              ; 1767.6 (10.6)        ; 1813.0 (14.0)                    ; 94.8 (3.8)                                        ; 49.5 (0.5)                       ; 0.0 (0.0)            ; 3103 (0)            ; 278 (37)                  ; 0 (0)         ; 0                 ; 0     ; 1          ; 0    ; 0            ; |toplevel_placa|top_level:top_level|top_proc_interp:top_proc_interp_inst|proc_interp:proc_interp_inst|processor:p_proc_interp|core:core                                                                                                                                                                                                                    ; core                              ; work         ;
;                   |instr_dec:id|                                                                                                        ; 25.3 (25.3)          ; 25.6 (25.6)                      ; 0.3 (0.3)                                         ; 0.0 (0.0)                        ; 0.0 (0.0)            ; 46 (46)             ; 6 (6)                     ; 0 (0)         ; 0                 ; 0     ; 0          ; 0    ; 0            ; |toplevel_placa|top_level:top_level|top_proc_interp:top_proc_interp_inst|proc_interp:proc_interp_inst|processor:p_proc_interp|core:core|instr_dec:id                                                                                                                                                                                                       ; instr_dec                         ; work         ;
;                   |instr_fetch:instr_fetch|                                                                                             ; 21.1 (0.0)           ; 22.3 (0.0)                       ; 1.3 (0.0)                                         ; 0.1 (0.0)                        ; 0.0 (0.0)            ; 37 (0)              ; 11 (0)                    ; 0 (0)         ; 0                 ; 0     ; 0          ; 0    ; 0            ; |toplevel_placa|top_level:top_level|top_proc_interp:top_proc_interp_inst|proc_interp:proc_interp_inst|processor:p_proc_interp|core:core|instr_fetch:instr_fetch                                                                                                                                                                                            ; instr_fetch                       ; work         ;
;                      |pc:pc|                                                                                                            ; 5.2 (5.2)            ; 5.3 (5.3)                        ; 0.1 (0.1)                                         ; 0.0 (0.0)                        ; 0.0 (0.0)            ; 11 (11)             ; 11 (11)                   ; 0 (0)         ; 0                 ; 0     ; 0          ; 0    ; 0            ; |toplevel_placa|top_level:top_level|top_proc_interp:top_proc_interp_inst|proc_interp:proc_interp_inst|processor:p_proc_interp|core:core|instr_fetch:instr_fetch|pc:pc                                                                                                                                                                                      ; pc                                ; work         ;
;                      |prefetch:pf|                                                                                                      ; 15.9 (15.9)          ; 17.0 (17.0)                      ; 1.2 (1.2)                                         ; 0.1 (0.1)                        ; 0.0 (0.0)            ; 26 (26)             ; 0 (0)                     ; 0 (0)         ; 0                 ; 0     ; 0          ; 0    ; 0            ; |toplevel_placa|top_level:top_level|top_proc_interp:top_proc_interp_inst|proc_interp:proc_interp_inst|processor:p_proc_interp|core:core|instr_fetch:instr_fetch|prefetch:pf                                                                                                                                                                                ; prefetch                          ; work         ;
;                   |io_ctrl:io|                                                                                                          ; 1.1 (1.1)            ; 1.5 (1.5)                        ; 0.4 (0.4)                                         ; 0.0 (0.0)                        ; 0.0 (0.0)            ; 0 (0)               ; 4 (4)                     ; 0 (0)         ; 0                 ; 0     ; 0          ; 0    ; 0            ; |toplevel_placa|top_level:top_level|top_proc_interp:top_proc_interp_inst|proc_interp:proc_interp_inst|processor:p_proc_interp|core:core|io_ctrl:io                                                                                                                                                                                                         ; io_ctrl                           ; work         ;
;                   |mem_ctrl:ac|                                                                                                         ; 20.3 (0.0)           ; 20.0 (0.0)                       ; 0.2 (0.0)                                         ; 0.5 (0.0)                        ; 0.0 (0.0)            ; 40 (0)              ; 0 (0)                     ; 0 (0)         ; 0                 ; 0     ; 0          ; 0    ; 0            ; |toplevel_placa|top_level:top_level|top_proc_interp:top_proc_interp_inst|proc_interp:proc_interp_inst|processor:p_proc_interp|core:core|mem_ctrl:ac                                                                                                                                                                                                        ; mem_ctrl                          ; work         ;
;                      |rel_addr:ra_rd|                                                                                                   ; 9.9 (9.9)            ; 10.0 (10.0)                      ; 0.2 (0.2)                                         ; 0.1 (0.1)                        ; 0.0 (0.0)            ; 20 (20)             ; 0 (0)                     ; 0 (0)         ; 0                 ; 0     ; 0          ; 0    ; 0            ; |toplevel_placa|top_level:top_level|top_proc_interp:top_proc_interp_inst|proc_interp:proc_interp_inst|processor:p_proc_interp|core:core|mem_ctrl:ac|rel_addr:ra_rd                                                                                                                                                                                         ; rel_addr                          ; work         ;
;                      |rel_addr:ra_wr|                                                                                                   ; 10.4 (10.4)          ; 10.0 (10.0)                      ; 0.0 (0.0)                                         ; 0.4 (0.4)                        ; 0.0 (0.0)            ; 20 (20)             ; 0 (0)                     ; 0 (0)         ; 0                 ; 0     ; 0          ; 0    ; 0            ; |toplevel_placa|top_level:top_level|top_proc_interp:top_proc_interp_inst|proc_interp:proc_interp_inst|processor:p_proc_interp|core:core|mem_ctrl:ac|rel_addr:ra_wr                                                                                                                                                                                         ; rel_addr                          ; work         ;
;                   |stack:sp|                                                                                                            ; 79.0 (79.0)          ; 100.3 (100.3)                    ; 21.9 (21.9)                                       ; 0.6 (0.6)                        ; 0.0 (0.0)            ; 74 (74)             ; 163 (163)                 ; 0 (0)         ; 0                 ; 0     ; 0          ; 0    ; 0            ; |toplevel_placa|top_level:top_level|top_proc_interp:top_proc_interp_inst|proc_interp:proc_interp_inst|processor:p_proc_interp|core:core|stack:sp                                                                                                                                                                                                           ; stack                             ; work         ;
;                   |ula:ula|                                                                                                             ; 1571.5 (2.2)         ; 1584.6 (2.0)                     ; 60.0 (0.0)                                        ; 47.0 (0.2)                       ; 0.0 (0.0)            ; 2842 (4)            ; 0 (0)                     ; 0 (0)         ; 0                 ; 0     ; 1          ; 0    ; 0            ; |toplevel_placa|top_level:top_level|top_proc_interp:top_proc_interp_inst|proc_interp:proc_interp_inst|processor:p_proc_interp|core:core|ula:ula                                                                                                                                                                                                            ; ula                               ; work         ;
;                      |norm_mux:norm_mux|                                                                                                ; 119.6 (68.1)         ; 124.7 (72.0)                     ; 5.3 (4.2)                                         ; 0.3 (0.3)                        ; 0.0 (0.0)            ; 177 (99)            ; 0 (0)                     ; 0 (0)         ; 0                 ; 0     ; 0          ; 0    ; 0            ; |toplevel_placa|top_level:top_level|top_proc_interp:top_proc_interp_inst|proc_interp:proc_interp_inst|processor:p_proc_interp|core:core|ula:ula|norm_mux:norm_mux                                                                                                                                                                                          ; norm_mux                          ; work         ;
;                         |ula_norm:ula_norm|                                                                                             ; 51.5 (33.8)          ; 52.7 (35.2)                      ; 1.2 (1.3)                                         ; 0.0 (0.0)                        ; 0.0 (0.0)            ; 78 (48)             ; 0 (0)                     ; 0 (0)         ; 0                 ; 0     ; 0          ; 0    ; 0            ; |toplevel_placa|top_level:top_level|top_proc_interp:top_proc_interp_inst|proc_interp:proc_interp_inst|processor:p_proc_interp|core:core|ula:ula|norm_mux:norm_mux|ula_norm:ula_norm                                                                                                                                                                        ; ula_norm                          ; work         ;
;                            |ula_nmux:norm[11].mm|                                                                                       ; 3.0 (3.0)            ; 3.0 (3.0)                        ; 0.0 (0.0)                                         ; 0.0 (0.0)                        ; 0.0 (0.0)            ; 4 (4)               ; 0 (0)                     ; 0 (0)         ; 0                 ; 0     ; 0          ; 0    ; 0            ; |toplevel_placa|top_level:top_level|top_proc_interp:top_proc_interp_inst|proc_interp:proc_interp_inst|processor:p_proc_interp|core:core|ula:ula|norm_mux:norm_mux|ula_norm:ula_norm|ula_nmux:norm[11].mm                                                                                                                                                   ; ula_nmux                          ; work         ;
;                            |ula_nmux:norm[15].mm|                                                                                       ; 3.8 (3.8)            ; 3.8 (3.8)                        ; 0.0 (0.0)                                         ; 0.0 (0.0)                        ; 0.0 (0.0)            ; 6 (6)               ; 0 (0)                     ; 0 (0)         ; 0                 ; 0     ; 0          ; 0    ; 0            ; |toplevel_placa|top_level:top_level|top_proc_interp:top_proc_interp_inst|proc_interp:proc_interp_inst|processor:p_proc_interp|core:core|ula:ula|norm_mux:norm_mux|ula_norm:ula_norm|ula_nmux:norm[15].mm                                                                                                                                                   ; ula_nmux                          ; work         ;
;                            |ula_nmux:norm[17].mm|                                                                                       ; 1.5 (1.5)            ; 1.5 (1.5)                        ; 0.0 (0.0)                                         ; 0.0 (0.0)                        ; 0.0 (0.0)            ; 2 (2)               ; 0 (0)                     ; 0 (0)         ; 0                 ; 0     ; 0          ; 0    ; 0            ; |toplevel_placa|top_level:top_level|top_proc_interp:top_proc_interp_inst|proc_interp:proc_interp_inst|processor:p_proc_interp|core:core|ula:ula|norm_mux:norm_mux|ula_norm:ula_norm|ula_nmux:norm[17].mm                                                                                                                                                   ; ula_nmux                          ; work         ;
;                            |ula_nmux:norm[18].mm|                                                                                       ; 5.7 (5.7)            ; 6.2 (6.2)                        ; 0.5 (0.5)                                         ; 0.0 (0.0)                        ; 0.0 (0.0)            ; 12 (12)             ; 0 (0)                     ; 0 (0)         ; 0                 ; 0     ; 0          ; 0    ; 0            ; |toplevel_placa|top_level:top_level|top_proc_interp:top_proc_interp_inst|proc_interp:proc_interp_inst|processor:p_proc_interp|core:core|ula:ula|norm_mux:norm_mux|ula_norm:ula_norm|ula_nmux:norm[18].mm                                                                                                                                                   ; ula_nmux                          ; work         ;
;                            |ula_nmux:norm[19].mm|                                                                                       ; 0.5 (0.5)            ; 0.5 (0.5)                        ; 0.0 (0.0)                                         ; 0.0 (0.0)                        ; 0.0 (0.0)            ; 1 (1)               ; 0 (0)                     ; 0 (0)         ; 0                 ; 0     ; 0          ; 0    ; 0            ; |toplevel_placa|top_level:top_level|top_proc_interp:top_proc_interp_inst|proc_interp:proc_interp_inst|processor:p_proc_interp|core:core|ula:ula|norm_mux:norm_mux|ula_norm:ula_norm|ula_nmux:norm[19].mm                                                                                                                                                   ; ula_nmux                          ; work         ;
;                            |ula_nmux:norm[20].mm|                                                                                       ; 1.0 (1.0)            ; 1.0 (1.0)                        ; 0.0 (0.0)                                         ; 0.0 (0.0)                        ; 0.0 (0.0)            ; 1 (1)               ; 0 (0)                     ; 0 (0)         ; 0                 ; 0     ; 0          ; 0    ; 0            ; |toplevel_placa|top_level:top_level|top_proc_interp:top_proc_interp_inst|proc_interp:proc_interp_inst|processor:p_proc_interp|core:core|ula:ula|norm_mux:norm_mux|ula_norm:ula_norm|ula_nmux:norm[20].mm                                                                                                                                                   ; ula_nmux                          ; work         ;
;                            |ula_nmux:norm[21].mm|                                                                                       ; 1.5 (1.5)            ; 1.5 (1.5)                        ; 0.0 (0.0)                                         ; 0.0 (0.0)                        ; 0.0 (0.0)            ; 3 (3)               ; 0 (0)                     ; 0 (0)         ; 0                 ; 0     ; 0          ; 0    ; 0            ; |toplevel_placa|top_level:top_level|top_proc_interp:top_proc_interp_inst|proc_interp:proc_interp_inst|processor:p_proc_interp|core:core|ula:ula|norm_mux:norm_mux|ula_norm:ula_norm|ula_nmux:norm[21].mm                                                                                                                                                   ; ula_nmux                          ; work         ;
;                            |ula_nmux:norm[7].mm|                                                                                        ; 0.0 (0.0)            ; 0.0 (0.0)                        ; 0.0 (0.0)                                         ; 0.0 (0.0)                        ; 0.0 (0.0)            ; 1 (1)               ; 0 (0)                     ; 0 (0)         ; 0                 ; 0     ; 0          ; 0    ; 0            ; |toplevel_placa|top_level:top_level|top_proc_interp:top_proc_interp_inst|proc_interp:proc_interp_inst|processor:p_proc_interp|core:core|ula:ula|norm_mux:norm_mux|ula_norm:ula_norm|ula_nmux:norm[7].mm                                                                                                                                                    ; ula_nmux                          ; work         ;
;                      |ula_add:my_add|                                                                                                   ; 17.0 (17.0)          ; 15.7 (15.7)                      ; 0.0 (0.0)                                         ; 1.3 (1.3)                        ; 0.0 (0.0)            ; 32 (32)             ; 0 (0)                     ; 0 (0)         ; 0                 ; 0     ; 0          ; 0    ; 0            ; |toplevel_placa|top_level:top_level|top_proc_interp:top_proc_interp_inst|proc_interp:proc_interp_inst|processor:p_proc_interp|core:core|ula:ula|ula_add:my_add                                                                                                                                                                                             ; ula_add                           ; work         ;
;                      |ula_denorm:denorm|                                                                                                ; 110.7 (110.7)        ; 119.2 (119.2)                    ; 8.5 (8.5)                                         ; 0.0 (0.0)                        ; 0.0 (0.0)            ; 195 (195)           ; 0 (0)                     ; 0 (0)         ; 0                 ; 0     ; 0          ; 0    ; 0            ; |toplevel_placa|top_level:top_level|top_proc_interp:top_proc_interp_inst|proc_interp:proc_interp_inst|processor:p_proc_interp|core:core|ula:ula|ula_denorm:denorm                                                                                                                                                                                          ; ula_denorm                        ; work         ;
;                      |ula_f2i:my_f2i|                                                                                                   ; 132.1 (132.1)        ; 132.5 (132.5)                    ; 1.7 (1.7)                                         ; 1.2 (1.2)                        ; 0.0 (0.0)            ; 193 (193)           ; 0 (0)                     ; 0 (0)         ; 0                 ; 0     ; 0          ; 0    ; 0            ; |toplevel_placa|top_level:top_level|top_proc_interp:top_proc_interp_inst|proc_interp:proc_interp_inst|processor:p_proc_interp|core:core|ula:ula|ula_f2i:my_f2i                                                                                                                                                                                             ; ula_f2i                           ; work         ;
;                      |ula_fadd:my_fadd|                                                                                                 ; 28.2 (28.2)          ; 28.2 (28.2)                      ; 0.0 (0.0)                                         ; 0.0 (0.0)                        ; 0.0 (0.0)            ; 57 (57)             ; 0 (0)                     ; 0 (0)         ; 0                 ; 0     ; 0          ; 0    ; 0            ; |toplevel_placa|top_level:top_level|top_proc_interp:top_proc_interp_inst|proc_interp:proc_interp_inst|processor:p_proc_interp|core:core|ula:ula|ula_fadd:my_fadd                                                                                                                                                                                           ; ula_fadd                          ; work         ;
;                      |ula_fdiv:my_fdiv|                                                                                                 ; 981.0 (11.5)         ; 960.5 (11.5)                     ; 15.5 (0.0)                                        ; 36.0 (0.0)                       ; 0.0 (0.0)            ; 1871 (23)           ; 0 (0)                     ; 0 (0)         ; 0                 ; 0     ; 0          ; 0    ; 0            ; |toplevel_placa|top_level:top_level|top_proc_interp:top_proc_interp_inst|proc_interp:proc_interp_inst|processor:p_proc_interp|core:core|ula:ula|ula_fdiv:my_fdiv                                                                                                                                                                                           ; ula_fdiv                          ; work         ;
;                         |lpm_divide:Div0|                                                                                               ; 969.5 (0.0)          ; 949.0 (0.0)                      ; 15.5 (0.0)                                        ; 36.0 (0.0)                       ; 0.0 (0.0)            ; 1848 (0)            ; 0 (0)                     ; 0 (0)         ; 0                 ; 0     ; 0          ; 0    ; 0            ; |toplevel_placa|top_level:top_level|top_proc_interp:top_proc_interp_inst|proc_interp:proc_interp_inst|processor:p_proc_interp|core:core|ula:ula|ula_fdiv:my_fdiv|lpm_divide:Div0                                                                                                                                                                           ; lpm_divide                        ; work         ;
;                            |lpm_divide_7dm:auto_generated|                                                                              ; 969.5 (0.0)          ; 949.0 (0.0)                      ; 15.5 (0.0)                                        ; 36.0 (0.0)                       ; 0.0 (0.0)            ; 1848 (0)            ; 0 (0)                     ; 0 (0)         ; 0                 ; 0     ; 0          ; 0    ; 0            ; |toplevel_placa|top_level:top_level|top_proc_interp:top_proc_interp_inst|proc_interp:proc_interp_inst|processor:p_proc_interp|core:core|ula:ula|ula_fdiv:my_fdiv|lpm_divide:Div0|lpm_divide_7dm:auto_generated                                                                                                                                             ; lpm_divide_7dm                    ; work         ;
;                               |sign_div_unsign_dnh:divider|                                                                             ; 969.5 (0.0)          ; 949.0 (0.0)                      ; 15.5 (0.0)                                        ; 36.0 (0.0)                       ; 0.0 (0.0)            ; 1848 (0)            ; 0 (0)                     ; 0 (0)         ; 0                 ; 0     ; 0          ; 0    ; 0            ; |toplevel_placa|top_level:top_level|top_proc_interp:top_proc_interp_inst|proc_interp:proc_interp_inst|processor:p_proc_interp|core:core|ula:ula|ula_fdiv:my_fdiv|lpm_divide:Div0|lpm_divide_7dm:auto_generated|sign_div_unsign_dnh:divider                                                                                                                 ; sign_div_unsign_dnh               ; work         ;
;                                  |alt_u_div_03f:divider|                                                                                ; 969.5 (969.5)        ; 949.0 (949.0)                    ; 15.5 (15.5)                                       ; 36.0 (36.0)                      ; 0.0 (0.0)            ; 1848 (1848)         ; 0 (0)                     ; 0 (0)         ; 0                 ; 0     ; 0          ; 0    ; 0            ; |toplevel_placa|top_level:top_level|top_proc_interp:top_proc_interp_inst|proc_interp:proc_interp_inst|processor:p_proc_interp|core:core|ula:ula|ula_fdiv:my_fdiv|lpm_divide:Div0|lpm_divide_7dm:auto_generated|sign_div_unsign_dnh:divider|alt_u_div_03f:divider                                                                                           ; alt_u_div_03f                     ; work         ;
;                      |ula_fles:my_fles|                                                                                                 ; 8.0 (8.0)            ; 9.5 (9.5)                        ; 1.5 (1.5)                                         ; 0.0 (0.0)                        ; 0.0 (0.0)            ; 11 (11)             ; 0 (0)                     ; 0 (0)         ; 0                 ; 0     ; 0          ; 0    ; 0            ; |toplevel_placa|top_level:top_level|top_proc_interp:top_proc_interp_inst|proc_interp:proc_interp_inst|processor:p_proc_interp|core:core|ula:ula|ula_fles:my_fles                                                                                                                                                                                           ; ula_fles                          ; work         ;
;                      |ula_fmlt:my_fmlt|                                                                                                 ; 13.0 (13.0)          ; 13.0 (13.0)                      ; 0.0 (0.0)                                         ; 0.0 (0.0)                        ; 0.0 (0.0)            ; 22 (22)             ; 0 (0)                     ; 0 (0)         ; 0                 ; 0     ; 1          ; 0    ; 0            ; |toplevel_placa|top_level:top_level|top_proc_interp:top_proc_interp_inst|proc_interp:proc_interp_inst|processor:p_proc_interp|core:core|ula:ula|ula_fmlt:my_fmlt                                                                                                                                                                                           ; ula_fmlt                          ; work         ;
;                      |ula_gre:my_gre|                                                                                                   ; 8.5 (8.5)            ; 9.5 (9.5)                        ; 1.0 (1.0)                                         ; 0.0 (0.0)                        ; 0.0 (0.0)            ; 15 (15)             ; 0 (0)                     ; 0 (0)         ; 0                 ; 0     ; 0          ; 0    ; 0            ; |toplevel_placa|top_level:top_level|top_proc_interp:top_proc_interp_inst|proc_interp:proc_interp_inst|processor:p_proc_interp|core:core|ula:ula|ula_gre:my_gre                                                                                                                                                                                             ; ula_gre                           ; work         ;
;                      |ula_i2f:my_i2f|                                                                                                   ; 10.8 (10.8)          ; 10.8 (10.8)                      ; 0.0 (0.0)                                         ; 0.0 (0.0)                        ; 0.0 (0.0)            ; 23 (23)             ; 0 (0)                     ; 0 (0)         ; 0                 ; 0     ; 0          ; 0    ; 0            ; |toplevel_placa|top_level:top_level|top_proc_interp:top_proc_interp_inst|proc_interp:proc_interp_inst|processor:p_proc_interp|core:core|ula:ula|ula_i2f:my_i2f                                                                                                                                                                                             ; ula_i2f                           ; work         ;
;                      |ula_i2f:my_i2fm|                                                                                                  ; 11.5 (11.5)          ; 11.5 (11.5)                      ; 0.0 (0.0)                                         ; 0.0 (0.0)                        ; 0.0 (0.0)            ; 23 (23)             ; 0 (0)                     ; 0 (0)         ; 0                 ; 0     ; 0          ; 0    ; 0            ; |toplevel_placa|top_level:top_level|top_proc_interp:top_proc_interp_inst|proc_interp:proc_interp_inst|processor:p_proc_interp|core:core|ula:ula|ula_i2f:my_i2fm                                                                                                                                                                                            ; ula_i2f                           ; work         ;
;                      |ula_les:my_les|                                                                                                   ; 8.0 (8.0)            ; 8.5 (8.5)                        ; 0.5 (0.5)                                         ; 0.0 (0.0)                        ; 0.0 (0.0)            ; 15 (15)             ; 0 (0)                     ; 0 (0)         ; 0                 ; 0     ; 0          ; 0    ; 0            ; |toplevel_placa|top_level:top_level|top_proc_interp:top_proc_interp_inst|proc_interp:proc_interp_inst|processor:p_proc_interp|core:core|ula:ula|ula_les:my_les                                                                                                                                                                                             ; ula_les                           ; work         ;
;                      |ula_mux:ula_mux|                                                                                                  ; 120.0 (120.0)        ; 139.1 (139.1)                    ; 27.0 (27.0)                                       ; 7.9 (7.9)                        ; 0.0 (0.0)            ; 204 (204)           ; 0 (0)                     ; 0 (0)         ; 0                 ; 0     ; 0          ; 0    ; 0            ; |toplevel_placa|top_level:top_level|top_proc_interp:top_proc_interp_inst|proc_interp:proc_interp_inst|processor:p_proc_interp|core:core|ula:ula|ula_mux:ula_mux                                                                                                                                                                                            ; ula_mux                           ; work         ;
;                   |ula_in1_ctrl:uic1|                                                                                                   ; 23.7 (23.7)          ; 23.4 (23.4)                      ; 0.0 (0.0)                                         ; 0.3 (0.3)                        ; 0.0 (0.0)            ; 32 (32)             ; 35 (35)                   ; 0 (0)         ; 0                 ; 0     ; 0          ; 0    ; 0            ; |toplevel_placa|top_level:top_level|top_proc_interp:top_proc_interp_inst|proc_interp:proc_interp_inst|processor:p_proc_interp|core:core|ula_in1_ctrl:uic1                                                                                                                                                                                                  ; ula_in1_ctrl                      ; work         ;
;                   |ula_in2_ctrl:uic2|                                                                                                   ; 15.0 (15.0)          ; 21.4 (21.4)                      ; 7.0 (7.0)                                         ; 0.6 (0.6)                        ; 0.0 (0.0)            ; 32 (32)             ; 22 (22)                   ; 0 (0)         ; 0                 ; 0     ; 0          ; 0    ; 0            ; |toplevel_placa|top_level:top_level|top_proc_interp:top_proc_interp_inst|proc_interp:proc_interp_inst|processor:p_proc_interp|core:core|ula_in2_ctrl:uic2                                                                                                                                                                                                  ; ula_in2_ctrl                      ; work         ;
;                |mem_data:mdata|                                                                                                         ; 0.0 (0.0)            ; 0.0 (0.0)                        ; 0.0 (0.0)                                         ; 0.0 (0.0)                        ; 0.0 (0.0)            ; 0 (0)               ; 0 (0)                     ; 0 (0)         ; 29344             ; 4     ; 0          ; 0    ; 0            ; |toplevel_placa|top_level:top_level|top_proc_interp:top_proc_interp_inst|proc_interp:proc_interp_inst|processor:p_proc_interp|mem_data:mdata                                                                                                                                                                                                               ; mem_data                          ; work         ;
;                   |altsyncram:mem_rtl_0|                                                                                                ; 0.0 (0.0)            ; 0.0 (0.0)                        ; 0.0 (0.0)                                         ; 0.0 (0.0)                        ; 0.0 (0.0)            ; 0 (0)               ; 0 (0)                     ; 0 (0)         ; 29344             ; 4     ; 0          ; 0    ; 0            ; |toplevel_placa|top_level:top_level|top_proc_interp:top_proc_interp_inst|proc_interp:proc_interp_inst|processor:p_proc_interp|mem_data:mdata|altsyncram:mem_rtl_0                                                                                                                                                                                          ; altsyncram                        ; work         ;
;                      |altsyncram_hgr1:auto_generated|                                                                                   ; 0.0 (0.0)            ; 0.0 (0.0)                        ; 0.0 (0.0)                                         ; 0.0 (0.0)                        ; 0.0 (0.0)            ; 0 (0)               ; 0 (0)                     ; 0 (0)         ; 29344             ; 4     ; 0          ; 0    ; 0            ; |toplevel_placa|top_level:top_level|top_proc_interp:top_proc_interp_inst|proc_interp:proc_interp_inst|processor:p_proc_interp|mem_data:mdata|altsyncram:mem_rtl_0|altsyncram_hgr1:auto_generated                                                                                                                                                           ; altsyncram_hgr1                   ; work         ;
;                |mem_instr:minstr|                                                                                                       ; 0.0 (0.0)            ; 0.0 (0.0)                        ; 0.0 (0.0)                                         ; 0.0 (0.0)                        ; 0.0 (0.0)            ; 0 (0)               ; 0 (0)                     ; 0 (0)         ; 11203             ; 2     ; 0          ; 0    ; 0            ; |toplevel_placa|top_level:top_level|top_proc_interp:top_proc_interp_inst|proc_interp:proc_interp_inst|processor:p_proc_interp|mem_instr:minstr                                                                                                                                                                                                             ; mem_instr                         ; work         ;
;                   |altsyncram:mem_rtl_0|                                                                                                ; 0.0 (0.0)            ; 0.0 (0.0)                        ; 0.0 (0.0)                                         ; 0.0 (0.0)                        ; 0.0 (0.0)            ; 0 (0)               ; 0 (0)                     ; 0 (0)         ; 11203             ; 2     ; 0          ; 0    ; 0            ; |toplevel_placa|top_level:top_level|top_proc_interp:top_proc_interp_inst|proc_interp:proc_interp_inst|processor:p_proc_interp|mem_instr:minstr|altsyncram:mem_rtl_0                                                                                                                                                                                        ; altsyncram                        ; work         ;
;                      |altsyncram_qvc1:auto_generated|                                                                                   ; 0.0 (0.0)            ; 0.0 (0.0)                        ; 0.0 (0.0)                                         ; 0.0 (0.0)                        ; 0.0 (0.0)            ; 0 (0)               ; 0 (0)                     ; 0 (0)         ; 11203             ; 2     ; 0          ; 0    ; 0            ; |toplevel_placa|top_level:top_level|top_proc_interp:top_proc_interp_inst|proc_interp:proc_interp_inst|processor:p_proc_interp|mem_instr:minstr|altsyncram:mem_rtl_0|altsyncram_qvc1:auto_generated                                                                                                                                                         ; altsyncram_qvc1                   ; work         ;
+-----------------------------------------------------------------------------------------------------------------------------------------+----------------------+----------------------------------+---------------------------------------------------+----------------------------------+----------------------+---------------------+---------------------------+---------------+-------------------+-------+------------+------+--------------+------------------------------------------------------------------------------------------------------------------------------------------------------------------------------------------------------------------------------------------------------------------------------------------------------------------------------------------------------------+-----------------------------------+--------------+
Note: For table entries with two numbers listed, the numbers in parentheses indicate the number of resources of the given type used by the specific entity alone. The numbers listed outside of parentheses indicate the total resources of the given type used by the specific entity and all of its sub-entities in the hierarchy.


+-----------------------------------------------------------------------------------------------------------------------+
; Delay Chain Summary                                                                                                   ;
+--------+----------+----+------+------+----+------+-------+--------+------------------------+--------------------------+
; Name   ; Pin Type ; D1 ; D3_0 ; D3_1 ; D4 ; D5   ; D5 OE ; D5 OCT ; T11 (Postamble Gating) ; T11 (Postamble Ungating) ;
+--------+----------+----+------+------+----+------+-------+--------+------------------------+--------------------------+
; teste  ; Output   ; -- ; --   ; --   ; -- ; (0)  ; (31)  ; --     ; --                     ; --                       ;
; rst_n  ; Input    ; -- ; (0)  ; --   ; -- ; --   ; --    ; --     ; --                     ; --                       ;
; clk_50 ; Input    ; -- ; (0)  ; --   ; -- ; --   ; --    ; --     ; --                     ; --                       ;
+--------+----------+----+------+------+----+------+-------+--------+------------------------+--------------------------+


+-----------------------------------------------------------------------------------------------------------------------+
; Pad To Core Delay Chain Fanout                                                                                        ;
+-----------------------------------------------------------------------------------------+-------------------+---------+
; Source Pin / Fanout                                                                     ; Pad To Core Index ; Setting ;
+-----------------------------------------------------------------------------------------+-------------------+---------+
; rst_n                                                                                   ;                   ;         ;
;      - comb~0                                                                           ; 0                 ; 0       ;
;      - top_level:top_level|top_proc_interp:top_proc_interp_inst|out0[4]~0               ; 0                 ; 0       ;
;      - top_level:top_level|top_proc_interp:top_proc_interp_inst|out4[25]~0              ; 0                 ; 0       ;
;      - top_level:top_level|top_proc_interp:top_proc_interp_inst|out3[29]~0              ; 0                 ; 0       ;
;      - top_level:top_level|top_proc_interp:top_proc_interp_inst|out2[18]~0              ; 0                 ; 0       ;
;      - top_level:top_level|top_proc_interp:top_proc_interp_inst|out1[8]~0               ; 0                 ; 0       ;
;      - top_level:top_level|top_proc_banco:top_proc_banco_inst|out0[12]~0                ; 0                 ; 0       ;
;      - top_level:top_level|myFIFO:FIFO16x32_inst_my|mem~5                               ; 0                 ; 0       ;
;      - top_level:top_level|myFIFO:FIFO16x32_inst_my|addr_w[2]~0                         ; 0                 ; 0       ;
;      - pll:pll|pll_0002:pll_inst|altera_pll:altera_pll_i|general[0].gpll~FRACTIONAL_PLL ; 0                 ; 0       ;
; clk_50                                                                                  ;                   ;         ;
+-----------------------------------------------------------------------------------------+-------------------+---------+


+---------------------------------------------------------------------------------------------------------------------------------------------------------------------------------------------------------------------------------------------------------------------------------------------------------------------------------------------------------------------------------------------------------------------------------------------------------------------------------------------------------------+
; Control Signals                                                                                                                                                                                                                                                                                                                                                                                                                                                                                               ;
+------------------------------------------------------------------------------------------------------------------------------------------------------------------------------------------------------------------------------------------------------------------------------------------------------------------------------------------------------------+----------------------------+---------+----------------------------+--------+----------------------+------------------+---------------------------+
; Name                                                                                                                                                                                                                                                                                                                                                       ; Location                   ; Fan-Out ; Usage                      ; Global ; Global Resource Used ; Global Line Name ; Enable Signal Source Name ;
+------------------------------------------------------------------------------------------------------------------------------------------------------------------------------------------------------------------------------------------------------------------------------------------------------------------------------------------------------------+----------------------------+---------+----------------------------+--------+----------------------+------------------+---------------------------+
; altera_internal_jtag~TCKUTAP                                                                                                                                                                                                                                                                                                                               ; JTAG_X0_Y2_N3              ; 1030    ; Clock                      ; no     ; --                   ; --               ; --                        ;
; altera_internal_jtag~TMSUTAP                                                                                                                                                                                                                                                                                                                               ; JTAG_X0_Y2_N3              ; 23      ; Sync. clear                ; no     ; --                   ; --               ; --                        ;
; comb~0                                                                                                                                                                                                                                                                                                                                                     ; LABCELL_X57_Y30_N51        ; 387     ; Async. clear, Sync. clear  ; no     ; --                   ; --               ; --                        ;
; pll:pll|pll_0002:pll_inst|altera_pll:altera_pll_i|outclk_wire[0]                                                                                                                                                                                                                                                                                           ; PLLOUTPUTCOUNTER_X0_Y20_N1 ; 906     ; Clock                      ; yes    ; Global Clock         ; GCLK0            ; --                        ;
; rst_proc:rst_proc|Equal0~6                                                                                                                                                                                                                                                                                                                                 ; LABCELL_X40_Y23_N24        ; 1127    ; Clock, Clock enable        ; no     ; --                   ; --               ; --                        ;
; rst_proc:rst_proc|LessThan0~2                                                                                                                                                                                                                                                                                                                              ; LABCELL_X40_Y23_N42        ; 32      ; Sync. clear                ; no     ; --                   ; --               ; --                        ;
; sld_hub:auto_hub|alt_sld_fab_with_jtag_input:\instrumentation_fabric_with_node_gen:fabric_gen_new_way:with_jtag_input_gen:instrumentation_fabric|alt_sld_fab:instrumentation_fabric|alt_sld_fab_alt_sld_fab:alt_sld_fab|alt_sld_fab_alt_sld_fab_sldfabric:sldfabric|sld_jtag_hub:\jtag_hub_gen:real_sld_jtag_hub|clr_reg                                   ; FF_X3_Y1_N2                ; 27      ; Async. clear               ; no     ; --                   ; --               ; --                        ;
; sld_hub:auto_hub|alt_sld_fab_with_jtag_input:\instrumentation_fabric_with_node_gen:fabric_gen_new_way:with_jtag_input_gen:instrumentation_fabric|alt_sld_fab:instrumentation_fabric|alt_sld_fab_alt_sld_fab:alt_sld_fab|alt_sld_fab_alt_sld_fab_sldfabric:sldfabric|sld_jtag_hub:\jtag_hub_gen:real_sld_jtag_hub|design_hash_reg[0]~3                      ; MLABCELL_X6_Y2_N21         ; 4       ; Clock enable               ; no     ; --                   ; --               ; --                        ;
; sld_hub:auto_hub|alt_sld_fab_with_jtag_input:\instrumentation_fabric_with_node_gen:fabric_gen_new_way:with_jtag_input_gen:instrumentation_fabric|alt_sld_fab:instrumentation_fabric|alt_sld_fab_alt_sld_fab:alt_sld_fab|alt_sld_fab_alt_sld_fab_sldfabric:sldfabric|sld_jtag_hub:\jtag_hub_gen:real_sld_jtag_hub|identity_contrib_shift_reg[0]~0           ; MLABCELL_X3_Y1_N6          ; 4       ; Clock enable               ; no     ; --                   ; --               ; --                        ;
; sld_hub:auto_hub|alt_sld_fab_with_jtag_input:\instrumentation_fabric_with_node_gen:fabric_gen_new_way:with_jtag_input_gen:instrumentation_fabric|alt_sld_fab:instrumentation_fabric|alt_sld_fab_alt_sld_fab:alt_sld_fab|alt_sld_fab_alt_sld_fab_sldfabric:sldfabric|sld_jtag_hub:\jtag_hub_gen:real_sld_jtag_hub|irf_reg[1][0]~0                           ; MLABCELL_X3_Y1_N33         ; 10      ; Clock enable               ; no     ; --                   ; --               ; --                        ;
; sld_hub:auto_hub|alt_sld_fab_with_jtag_input:\instrumentation_fabric_with_node_gen:fabric_gen_new_way:with_jtag_input_gen:instrumentation_fabric|alt_sld_fab:instrumentation_fabric|alt_sld_fab_alt_sld_fab:alt_sld_fab|alt_sld_fab_alt_sld_fab_sldfabric:sldfabric|sld_jtag_hub:\jtag_hub_gen:real_sld_jtag_hub|irf_reg[1][4]                             ; FF_X3_Y2_N26               ; 458     ; Clock enable               ; no     ; --                   ; --               ; --                        ;
; sld_hub:auto_hub|alt_sld_fab_with_jtag_input:\instrumentation_fabric_with_node_gen:fabric_gen_new_way:with_jtag_input_gen:instrumentation_fabric|alt_sld_fab:instrumentation_fabric|alt_sld_fab_alt_sld_fab:alt_sld_fab|alt_sld_fab_alt_sld_fab_sldfabric:sldfabric|sld_jtag_hub:\jtag_hub_gen:real_sld_jtag_hub|irf_reg[1][7]                             ; FF_X3_Y2_N50               ; 41      ; Clock enable               ; no     ; --                   ; --               ; --                        ;
; sld_hub:auto_hub|alt_sld_fab_with_jtag_input:\instrumentation_fabric_with_node_gen:fabric_gen_new_way:with_jtag_input_gen:instrumentation_fabric|alt_sld_fab:instrumentation_fabric|alt_sld_fab_alt_sld_fab:alt_sld_fab|alt_sld_fab_alt_sld_fab_sldfabric:sldfabric|sld_jtag_hub:\jtag_hub_gen:real_sld_jtag_hub|irsr_reg[2]~1                             ; LABCELL_X4_Y2_N6           ; 9       ; Clock enable               ; no     ; --                   ; --               ; --                        ;
; sld_hub:auto_hub|alt_sld_fab_with_jtag_input:\instrumentation_fabric_with_node_gen:fabric_gen_new_way:with_jtag_input_gen:instrumentation_fabric|alt_sld_fab:instrumentation_fabric|alt_sld_fab_alt_sld_fab:alt_sld_fab|alt_sld_fab_alt_sld_fab_sldfabric:sldfabric|sld_jtag_hub:\jtag_hub_gen:real_sld_jtag_hub|irsr_reg[3]~0                             ; MLABCELL_X6_Y1_N48         ; 5       ; Clock enable               ; no     ; --                   ; --               ; --                        ;
; sld_hub:auto_hub|alt_sld_fab_with_jtag_input:\instrumentation_fabric_with_node_gen:fabric_gen_new_way:with_jtag_input_gen:instrumentation_fabric|alt_sld_fab:instrumentation_fabric|alt_sld_fab_alt_sld_fab:alt_sld_fab|alt_sld_fab_alt_sld_fab_sldfabric:sldfabric|sld_jtag_hub:\jtag_hub_gen:real_sld_jtag_hub|mixer_addr_reg_internal[2]~1              ; LABCELL_X1_Y4_N45          ; 6       ; Clock enable               ; no     ; --                   ; --               ; --                        ;
; sld_hub:auto_hub|alt_sld_fab_with_jtag_input:\instrumentation_fabric_with_node_gen:fabric_gen_new_way:with_jtag_input_gen:instrumentation_fabric|alt_sld_fab:instrumentation_fabric|alt_sld_fab_alt_sld_fab:alt_sld_fab|alt_sld_fab_alt_sld_fab_sldfabric:sldfabric|sld_jtag_hub:\jtag_hub_gen:real_sld_jtag_hub|sld_rom_sr:hub_info_reg|WORD_SR[0]~2      ; MLABCELL_X3_Y1_N51         ; 4       ; Clock enable               ; no     ; --                   ; --               ; --                        ;
; sld_hub:auto_hub|alt_sld_fab_with_jtag_input:\instrumentation_fabric_with_node_gen:fabric_gen_new_way:with_jtag_input_gen:instrumentation_fabric|alt_sld_fab:instrumentation_fabric|alt_sld_fab_alt_sld_fab:alt_sld_fab|alt_sld_fab_alt_sld_fab_sldfabric:sldfabric|sld_jtag_hub:\jtag_hub_gen:real_sld_jtag_hub|sld_rom_sr:hub_info_reg|word_counter[0]~1 ; MLABCELL_X6_Y1_N39         ; 7       ; Clock enable               ; no     ; --                   ; --               ; --                        ;
; sld_hub:auto_hub|alt_sld_fab_with_jtag_input:\instrumentation_fabric_with_node_gen:fabric_gen_new_way:with_jtag_input_gen:instrumentation_fabric|alt_sld_fab:instrumentation_fabric|alt_sld_fab_alt_sld_fab:alt_sld_fab|alt_sld_fab_alt_sld_fab_sldfabric:sldfabric|sld_jtag_hub:\jtag_hub_gen:real_sld_jtag_hub|sld_shadow_jsm:shadow_jsm|state[0]        ; FF_X2_Y1_N17               ; 17      ; Async. clear               ; no     ; --                   ; --               ; --                        ;
; sld_hub:auto_hub|alt_sld_fab_with_jtag_input:\instrumentation_fabric_with_node_gen:fabric_gen_new_way:with_jtag_input_gen:instrumentation_fabric|alt_sld_fab:instrumentation_fabric|alt_sld_fab_alt_sld_fab:alt_sld_fab|alt_sld_fab_alt_sld_fab_sldfabric:sldfabric|sld_jtag_hub:\jtag_hub_gen:real_sld_jtag_hub|sld_shadow_jsm:shadow_jsm|state[11]       ; FF_X2_Y1_N22               ; 14      ; Clock enable               ; no     ; --                   ; --               ; --                        ;
; sld_hub:auto_hub|alt_sld_fab_with_jtag_input:\instrumentation_fabric_with_node_gen:fabric_gen_new_way:with_jtag_input_gen:instrumentation_fabric|alt_sld_fab:instrumentation_fabric|alt_sld_fab_alt_sld_fab:alt_sld_fab|alt_sld_fab_alt_sld_fab_sldfabric:sldfabric|sld_jtag_hub:\jtag_hub_gen:real_sld_jtag_hub|sld_shadow_jsm:shadow_jsm|state[3]        ; FF_X2_Y1_N2                ; 55      ; Sync. load                 ; no     ; --                   ; --               ; --                        ;
; sld_hub:auto_hub|alt_sld_fab_with_jtag_input:\instrumentation_fabric_with_node_gen:fabric_gen_new_way:with_jtag_input_gen:instrumentation_fabric|alt_sld_fab:instrumentation_fabric|alt_sld_fab_alt_sld_fab:alt_sld_fab|alt_sld_fab_alt_sld_fab_sldfabric:sldfabric|sld_jtag_hub:\jtag_hub_gen:real_sld_jtag_hub|virtual_ir_dr_scan_proc~0                 ; LABCELL_X2_Y1_N45          ; 3       ; Clock enable               ; no     ; --                   ; --               ; --                        ;
; sld_hub:auto_hub|alt_sld_fab_with_jtag_input:\instrumentation_fabric_with_node_gen:fabric_gen_new_way:with_jtag_input_gen:instrumentation_fabric|alt_sld_fab:instrumentation_fabric|alt_sld_fab_alt_sld_fab:alt_sld_fab|alt_sld_fab_alt_sld_fab_sldfabric:sldfabric|sld_jtag_hub:\jtag_hub_gen:real_sld_jtag_hub|virtual_ir_scan_reg                       ; FF_X2_Y1_N50               ; 57      ; Async. clear, Clock enable ; no     ; --                   ; --               ; --                        ;
; sld_hub:auto_hub|alt_sld_fab_with_jtag_input:\instrumentation_fabric_with_node_gen:fabric_gen_new_way:with_jtag_input_gen:instrumentation_fabric|alt_sld_fab:instrumentation_fabric|alt_sld_fab_alt_sld_fab:alt_sld_fab|sldfabric_ident_writedata[0]~0                                                                                                     ; MLABCELL_X3_Y1_N42         ; 4       ; Clock enable               ; no     ; --                   ; --               ; --                        ;
; sld_signaltap:auto_signaltap_0|sld_signaltap_impl:sld_signaltap_body|sld_signaltap_implb:sld_signaltap_body|altdpram:\stp_non_zero_ram_gen:attribute_mem_gen:attribute_mem|lpm_decode:wdecoder|decode_vnf:auto_generated|eq_node[0]~1                                                                                                                      ; MLABCELL_X8_Y7_N54         ; 33      ; Clock enable               ; no     ; --                   ; --               ; --                        ;
; sld_signaltap:auto_signaltap_0|sld_signaltap_impl:sld_signaltap_body|sld_signaltap_implb:sld_signaltap_body|altdpram:\stp_non_zero_ram_gen:attribute_mem_gen:attribute_mem|lpm_decode:wdecoder|decode_vnf:auto_generated|eq_node[1]~0                                                                                                                      ; MLABCELL_X8_Y2_N18         ; 33      ; Clock enable               ; no     ; --                   ; --               ; --                        ;
; sld_signaltap:auto_signaltap_0|sld_signaltap_impl:sld_signaltap_body|sld_signaltap_implb:sld_signaltap_body|altdpram:\stp_non_zero_ram_gen:attribute_mem_gen:attribute_mem|xraddr[0]                                                                                                                                                                       ; FF_X3_Y4_N53               ; 33      ; Sync. load                 ; no     ; --                   ; --               ; --                        ;
; sld_signaltap:auto_signaltap_0|sld_signaltap_impl:sld_signaltap_body|sld_signaltap_implb:sld_signaltap_body|altsyncram:\stp_non_zero_ram_gen:stp_buffer_ram|altsyncram_ol84:auto_generated|decode_dla:decode2|w_anode3680w[3]                                                                                                                              ; LABCELL_X9_Y8_N0           ; 56      ; Clock enable, Write enable ; no     ; --                   ; --               ; --                        ;
; sld_signaltap:auto_signaltap_0|sld_signaltap_impl:sld_signaltap_body|sld_signaltap_implb:sld_signaltap_body|altsyncram:\stp_non_zero_ram_gen:stp_buffer_ram|altsyncram_ol84:auto_generated|decode_dla:decode2|w_anode3697w[3]                                                                                                                              ; LABCELL_X9_Y8_N30          ; 56      ; Clock enable, Write enable ; no     ; --                   ; --               ; --                        ;
; sld_signaltap:auto_signaltap_0|sld_signaltap_impl:sld_signaltap_body|sld_signaltap_implb:sld_signaltap_body|altsyncram:\stp_non_zero_ram_gen:stp_buffer_ram|altsyncram_ol84:auto_generated|decode_dla:decode2|w_anode3707w[3]                                                                                                                              ; LABCELL_X9_Y8_N33          ; 56      ; Clock enable, Write enable ; no     ; --                   ; --               ; --                        ;
; sld_signaltap:auto_signaltap_0|sld_signaltap_impl:sld_signaltap_body|sld_signaltap_implb:sld_signaltap_body|altsyncram:\stp_non_zero_ram_gen:stp_buffer_ram|altsyncram_ol84:auto_generated|decode_dla:decode2|w_anode3717w[3]                                                                                                                              ; LABCELL_X9_Y8_N12          ; 56      ; Clock enable, Write enable ; no     ; --                   ; --               ; --                        ;
; sld_signaltap:auto_signaltap_0|sld_signaltap_impl:sld_signaltap_body|sld_signaltap_implb:sld_signaltap_body|altsyncram:\stp_non_zero_ram_gen:stp_buffer_ram|altsyncram_ol84:auto_generated|decode_dla:decode2|w_anode3727w[3]                                                                                                                              ; LABCELL_X9_Y8_N18          ; 56      ; Clock enable, Write enable ; no     ; --                   ; --               ; --                        ;
; sld_signaltap:auto_signaltap_0|sld_signaltap_impl:sld_signaltap_body|sld_signaltap_implb:sld_signaltap_body|altsyncram:\stp_non_zero_ram_gen:stp_buffer_ram|altsyncram_ol84:auto_generated|decode_dla:decode2|w_anode3737w[3]                                                                                                                              ; LABCELL_X9_Y8_N39          ; 56      ; Clock enable, Write enable ; no     ; --                   ; --               ; --                        ;
; sld_signaltap:auto_signaltap_0|sld_signaltap_impl:sld_signaltap_body|sld_signaltap_implb:sld_signaltap_body|altsyncram:\stp_non_zero_ram_gen:stp_buffer_ram|altsyncram_ol84:auto_generated|decode_dla:decode2|w_anode3747w[3]                                                                                                                              ; LABCELL_X9_Y8_N6           ; 56      ; Clock enable, Write enable ; no     ; --                   ; --               ; --                        ;
; sld_signaltap:auto_signaltap_0|sld_signaltap_impl:sld_signaltap_body|sld_signaltap_implb:sld_signaltap_body|altsyncram:\stp_non_zero_ram_gen:stp_buffer_ram|altsyncram_ol84:auto_generated|decode_dla:decode2|w_anode3757w[3]                                                                                                                              ; LABCELL_X9_Y8_N9           ; 56      ; Clock enable, Write enable ; no     ; --                   ; --               ; --                        ;
; sld_signaltap:auto_signaltap_0|sld_signaltap_impl:sld_signaltap_body|sld_signaltap_implb:sld_signaltap_body|cdr~0                                                                                                                                                                                                                                          ; LABCELL_X1_Y3_N9           ; 13      ; Sync. load                 ; no     ; --                   ; --               ; --                        ;
; sld_signaltap:auto_signaltap_0|sld_signaltap_impl:sld_signaltap_body|sld_signaltap_implb:sld_signaltap_body|collect_data                                                                                                                                                                                                                                   ; LABCELL_X7_Y4_N39          ; 41      ; Clock enable               ; no     ; --                   ; --               ; --                        ;
; sld_signaltap:auto_signaltap_0|sld_signaltap_impl:sld_signaltap_body|sld_signaltap_implb:sld_signaltap_body|process_0~0                                                                                                                                                                                                                                    ; LABCELL_X7_Y2_N36          ; 33      ; Sync. clear                ; no     ; --                   ; --               ; --                        ;
; sld_signaltap:auto_signaltap_0|sld_signaltap_impl:sld_signaltap_body|sld_signaltap_implb:sld_signaltap_body|process_0~1                                                                                                                                                                                                                                    ; LABCELL_X1_Y5_N48          ; 33      ; Sync. load                 ; no     ; --                   ; --               ; --                        ;
; sld_signaltap:auto_signaltap_0|sld_signaltap_impl:sld_signaltap_body|sld_signaltap_implb:sld_signaltap_body|reset_all                                                                                                                                                                                                                                      ; FF_X3_Y7_N20               ; 409     ; Async. clear               ; no     ; --                   ; --               ; --                        ;
; sld_signaltap:auto_signaltap_0|sld_signaltap_impl:sld_signaltap_body|sld_signaltap_implb:sld_signaltap_body|sdr                                                                                                                                                                                                                                            ; MLABCELL_X3_Y7_N21         ; 33      ; Sync. load                 ; no     ; --                   ; --               ; --                        ;
; sld_signaltap:auto_signaltap_0|sld_signaltap_impl:sld_signaltap_body|sld_signaltap_implb:sld_signaltap_body|serial_crc_16:\tdo_crc_gen:tdo_crc_calc|lfsr[10]~1                                                                                                                                                                                             ; LABCELL_X1_Y3_N24          ; 13      ; Clock enable               ; no     ; --                   ; --               ; --                        ;
; sld_signaltap:auto_signaltap_0|sld_signaltap_impl:sld_signaltap_body|sld_signaltap_implb:sld_signaltap_body|sld_buffer_manager:sld_buffer_manager_inst|counter[6]~1                                                                                                                                                                                        ; MLABCELL_X8_Y5_N36         ; 19      ; Sync. clear                ; no     ; --                   ; --               ; --                        ;
; sld_signaltap:auto_signaltap_0|sld_signaltap_impl:sld_signaltap_body|sld_signaltap_implb:sld_signaltap_body|sld_buffer_manager:sld_buffer_manager_inst|final_trigger_set~0                                                                                                                                                                                 ; LABCELL_X7_Y4_N6           ; 34      ; Clock enable               ; no     ; --                   ; --               ; --                        ;
; sld_signaltap:auto_signaltap_0|sld_signaltap_impl:sld_signaltap_body|sld_signaltap_implb:sld_signaltap_body|sld_buffer_manager:sld_buffer_manager_inst|last_buffer_write_address_sig[0]~0                                                                                                                                                                  ; LABCELL_X7_Y4_N21          ; 16      ; Clock enable               ; no     ; --                   ; --               ; --                        ;
; sld_signaltap:auto_signaltap_0|sld_signaltap_impl:sld_signaltap_body|sld_signaltap_implb:sld_signaltap_body|sld_buffer_manager:sld_buffer_manager_inst|segment_shift_var~0                                                                                                                                                                                 ; MLABCELL_X8_Y5_N27         ; 50      ; Sync. clear                ; no     ; --                   ; --               ; --                        ;
; sld_signaltap:auto_signaltap_0|sld_signaltap_impl:sld_signaltap_body|sld_signaltap_implb:sld_signaltap_body|sld_offload_buffer_mgr:\stp_non_zero_depth_offload_gen:stp_offload_buff_mgr_inst|Equal2~0                                                                                                                                                      ; MLABCELL_X3_Y4_N6          ; 2       ; Clock enable               ; no     ; --                   ; --               ; --                        ;
; sld_signaltap:auto_signaltap_0|sld_signaltap_impl:sld_signaltap_body|sld_signaltap_implb:sld_signaltap_body|sld_offload_buffer_mgr:\stp_non_zero_depth_offload_gen:stp_offload_buff_mgr_inst|acq_buf_read_reset                                                                                                                                            ; LABCELL_X1_Y3_N21          ; 16      ; Sync. clear                ; no     ; --                   ; --               ; --                        ;
; sld_signaltap:auto_signaltap_0|sld_signaltap_impl:sld_signaltap_body|sld_signaltap_implb:sld_signaltap_body|sld_offload_buffer_mgr:\stp_non_zero_depth_offload_gen:stp_offload_buff_mgr_inst|lpm_counter:\adv_point_3_and_more:advance_pointer_counter|cntr_79i:auto_generated|cout_actual                                                                 ; LABCELL_X7_Y3_N45          ; 8       ; Sync. load                 ; no     ; --                   ; --               ; --                        ;
; sld_signaltap:auto_signaltap_0|sld_signaltap_impl:sld_signaltap_body|sld_signaltap_implb:sld_signaltap_body|sld_offload_buffer_mgr:\stp_non_zero_depth_offload_gen:stp_offload_buff_mgr_inst|lpm_counter:status_advance_pointer_counter|cntr_29i:auto_generated|cout_actual                                                                                ; MLABCELL_X3_Y4_N0          ; 6       ; Sync. load                 ; no     ; --                   ; --               ; --                        ;
; sld_signaltap:auto_signaltap_0|sld_signaltap_impl:sld_signaltap_body|sld_signaltap_implb:sld_signaltap_body|sld_offload_buffer_mgr:\stp_non_zero_depth_offload_gen:stp_offload_buff_mgr_inst|lpm_counter:status_read_pointer_counter|cntr_kri:auto_generated|cout_actual                                                                                   ; LABCELL_X1_Y3_N36          ; 2       ; Sync. load                 ; no     ; --                   ; --               ; --                        ;
; sld_signaltap:auto_signaltap_0|sld_signaltap_impl:sld_signaltap_body|sld_signaltap_implb:sld_signaltap_body|sld_offload_buffer_mgr:\stp_non_zero_depth_offload_gen:stp_offload_buff_mgr_inst|offload_shift_ena                                                                                                                                             ; LABCELL_X1_Y3_N57          ; 63      ; Sync. clear                ; no     ; --                   ; --               ; --                        ;
; sld_signaltap:auto_signaltap_0|sld_signaltap_impl:sld_signaltap_body|sld_signaltap_implb:sld_signaltap_body|sld_offload_buffer_mgr:\stp_non_zero_depth_offload_gen:stp_offload_buff_mgr_inst|read_pointer_counter_clk_ena                                                                                                                                  ; LABCELL_X7_Y3_N30          ; 16      ; Clock enable               ; no     ; --                   ; --               ; --                        ;
; sld_signaltap:auto_signaltap_0|sld_signaltap_impl:sld_signaltap_body|sld_signaltap_implb:sld_signaltap_body|sld_offload_buffer_mgr:\stp_non_zero_depth_offload_gen:stp_offload_buff_mgr_inst|status_buf_read_reset                                                                                                                                         ; LABCELL_X1_Y3_N18          ; 2       ; Sync. clear                ; no     ; --                   ; --               ; --                        ;
; sld_signaltap:auto_signaltap_0|sld_signaltap_impl:sld_signaltap_body|sld_signaltap_implb:sld_signaltap_body|sld_offload_buffer_mgr:\stp_non_zero_depth_offload_gen:stp_offload_buff_mgr_inst|status_offload_shift_ena                                                                                                                                      ; MLABCELL_X3_Y4_N57         ; 6       ; Sync. clear                ; no     ; --                   ; --               ; --                        ;
; sld_signaltap:auto_signaltap_0|sld_signaltap_impl:sld_signaltap_body|sld_signaltap_implb:sld_signaltap_body|sld_offload_buffer_mgr:\stp_non_zero_depth_offload_gen:stp_offload_buff_mgr_inst|status_ram_shift_load                                                                                                                                         ; LABCELL_X1_Y3_N54          ; 32      ; Sync. load                 ; no     ; --                   ; --               ; --                        ;
; sld_signaltap:auto_signaltap_0|sld_signaltap_impl:sld_signaltap_body|sld_signaltap_implb:sld_signaltap_body|sld_rom_sr:crc_rom_sr|WORD_SR[3]~5                                                                                                                                                                                                             ; LABCELL_X2_Y4_N36          ; 4       ; Clock enable               ; no     ; --                   ; --               ; --                        ;
; sld_signaltap:auto_signaltap_0|sld_signaltap_impl:sld_signaltap_body|sld_signaltap_implb:sld_signaltap_body|sld_rom_sr:crc_rom_sr|word_counter[3]~1                                                                                                                                                                                                        ; LABCELL_X1_Y4_N39          ; 5       ; Clock enable               ; no     ; --                   ; --               ; --                        ;
; sld_signaltap:auto_signaltap_0|sld_signaltap_impl:sld_signaltap_body|sld_signaltap_implb:sld_signaltap_body|status_shift_enable~0                                                                                                                                                                                                                          ; LABCELL_X1_Y3_N42          ; 19      ; Clock enable               ; no     ; --                   ; --               ; --                        ;
; sld_signaltap:auto_signaltap_0|sld_signaltap_impl:sld_signaltap_body|sld_signaltap_implb:sld_signaltap_body|tdo_crc_len_reg[10]~0                                                                                                                                                                                                                          ; LABCELL_X1_Y3_N12          ; 33      ; Clock enable               ; no     ; --                   ; --               ; --                        ;
; sld_signaltap:auto_signaltap_0|sld_signaltap_impl:sld_signaltap_body|sld_signaltap_implb:sld_signaltap_body|tdo_crc_val_calc_reset                                                                                                                                                                                                                         ; LABCELL_X1_Y3_N48          ; 13      ; Sync. clear                ; no     ; --                   ; --               ; --                        ;
; sld_signaltap:auto_signaltap_0|sld_signaltap_impl:sld_signaltap_body|sld_signaltap_implb:sld_signaltap_body|tdo_crc_val_shift_reg[0]~0                                                                                                                                                                                                                     ; LABCELL_X1_Y3_N6           ; 16      ; Clock enable               ; no     ; --                   ; --               ; --                        ;
; sld_signaltap:auto_signaltap_0|sld_signaltap_impl:sld_signaltap_body|sld_signaltap_implb:sld_signaltap_body|trigger_setup_ena                                                                                                                                                                                                                              ; LABCELL_X7_Y6_N54          ; 205     ; Clock enable               ; no     ; --                   ; --               ; --                        ;
; top_level:top_level|myFIFO:FIFO16x32_inst_my|addr_w[2]~0                                                                                                                                                                                                                                                                                                   ; LABCELL_X55_Y27_N54        ; 8       ; Clock enable               ; no     ; --                   ; --               ; --                        ;
; top_level:top_level|myFIFO:FIFO16x32_inst_my|always2~0                                                                                                                                                                                                                                                                                                     ; LABCELL_X56_Y27_N51        ; 16      ; Sync. load                 ; no     ; --                   ; --               ; --                        ;
; top_level:top_level|myFIFO:FIFO16x32_inst_my|mem~4                                                                                                                                                                                                                                                                                                         ; MLABCELL_X59_Y27_N36       ; 32      ; Sync. load                 ; no     ; --                   ; --               ; --                        ;
; top_level:top_level|myFIFO:FIFO16x32_inst_my|mem~5                                                                                                                                                                                                                                                                                                         ; LABCELL_X55_Y27_N27        ; 2       ; Clock enable, Write enable ; no     ; --                   ; --               ; --                        ;
; top_level:top_level|top_proc_banco:top_proc_banco_inst|out0[12]~0                                                                                                                                                                                                                                                                                          ; LABCELL_X61_Y31_N27        ; 32      ; Clock enable               ; no     ; --                   ; --               ; --                        ;
; top_level:top_level|top_proc_banco:top_proc_banco_inst|proc_banco:proc_banco_inst|processor:p_proc_banco|core:core|instr_dec:id|Equal9~1                                                                                                                                                                                                                   ; LABCELL_X70_Y29_N27        ; 35      ; Sync. clear                ; no     ; --                   ; --               ; --                        ;
; top_level:top_level|top_proc_banco:top_proc_banco_inst|proc_banco:proc_banco_inst|processor:p_proc_banco|core:core|instr_dec:id|mem_wr~0                                                                                                                                                                                                                   ; LABCELL_X61_Y31_N45        ; 32      ; Write enable               ; no     ; --                   ; --               ; --                        ;
; top_level:top_level|top_proc_banco:top_proc_banco_inst|proc_banco:proc_banco_inst|processor:p_proc_banco|core:core|stack:sp|mem~225                                                                                                                                                                                                                        ; LABCELL_X66_Y30_N3         ; 32      ; Clock enable               ; no     ; --                   ; --               ; --                        ;
; top_level:top_level|top_proc_banco:top_proc_banco_inst|proc_banco:proc_banco_inst|processor:p_proc_banco|core:core|stack:sp|mem~226                                                                                                                                                                                                                        ; LABCELL_X66_Y30_N42        ; 32      ; Clock enable               ; no     ; --                   ; --               ; --                        ;
; top_level:top_level|top_proc_banco:top_proc_banco_inst|proc_banco:proc_banco_inst|processor:p_proc_banco|core:core|stack:sp|mem~227                                                                                                                                                                                                                        ; LABCELL_X66_Y30_N45        ; 32      ; Clock enable               ; no     ; --                   ; --               ; --                        ;
; top_level:top_level|top_proc_banco:top_proc_banco_inst|proc_banco:proc_banco_inst|processor:p_proc_banco|core:core|stack:sp|mem~228                                                                                                                                                                                                                        ; LABCELL_X66_Y30_N48        ; 32      ; Clock enable               ; no     ; --                   ; --               ; --                        ;
; top_level:top_level|top_proc_banco:top_proc_banco_inst|proc_banco:proc_banco_inst|processor:p_proc_banco|core:core|stack:sp|mem~229                                                                                                                                                                                                                        ; LABCELL_X66_Y30_N18        ; 32      ; Clock enable               ; no     ; --                   ; --               ; --                        ;
; top_level:top_level|top_proc_interp:top_proc_interp_inst|out0[4]~0                                                                                                                                                                                                                                                                                         ; LABCELL_X57_Y30_N12        ; 32      ; Clock enable               ; no     ; --                   ; --               ; --                        ;
; top_level:top_level|top_proc_interp:top_proc_interp_inst|out1[8]~0                                                                                                                                                                                                                                                                                         ; LABCELL_X57_Y30_N30        ; 32      ; Clock enable               ; no     ; --                   ; --               ; --                        ;
; top_level:top_level|top_proc_interp:top_proc_interp_inst|out2[18]~0                                                                                                                                                                                                                                                                                        ; LABCELL_X57_Y30_N33        ; 32      ; Clock enable               ; no     ; --                   ; --               ; --                        ;
; top_level:top_level|top_proc_interp:top_proc_interp_inst|out3[29]~0                                                                                                                                                                                                                                                                                        ; LABCELL_X57_Y30_N9         ; 32      ; Clock enable               ; no     ; --                   ; --               ; --                        ;
; top_level:top_level|top_proc_interp:top_proc_interp_inst|out4[25]~0                                                                                                                                                                                                                                                                                        ; LABCELL_X57_Y30_N45        ; 32      ; Clock enable               ; no     ; --                   ; --               ; --                        ;
; top_level:top_level|top_proc_interp:top_proc_interp_inst|proc_interp:proc_interp_inst|processor:p_proc_interp|core:core|instr_dec:id|Equal5~0                                                                                                                                                                                                              ; MLABCELL_X52_Y34_N15       ; 22      ; Sync. clear                ; no     ; --                   ; --               ; --                        ;
; top_level:top_level|top_proc_interp:top_proc_interp_inst|proc_interp:proc_interp_inst|processor:p_proc_interp|core:core|instr_dec:id|mem_wr~0                                                                                                                                                                                                              ; MLABCELL_X52_Y34_N0        ; 4       ; Write enable               ; no     ; --                   ; --               ; --                        ;
; top_level:top_level|top_proc_interp:top_proc_interp_inst|proc_interp:proc_interp_inst|processor:p_proc_interp|core:core|stack:sp|mem~225                                                                                                                                                                                                                   ; LABCELL_X53_Y33_N6         ; 32      ; Clock enable               ; no     ; --                   ; --               ; --                        ;
; top_level:top_level|top_proc_interp:top_proc_interp_inst|proc_interp:proc_interp_inst|processor:p_proc_interp|core:core|stack:sp|mem~226                                                                                                                                                                                                                   ; LABCELL_X53_Y33_N21        ; 32      ; Clock enable               ; no     ; --                   ; --               ; --                        ;
; top_level:top_level|top_proc_interp:top_proc_interp_inst|proc_interp:proc_interp_inst|processor:p_proc_interp|core:core|stack:sp|mem~227                                                                                                                                                                                                                   ; LABCELL_X53_Y33_N3         ; 32      ; Clock enable               ; no     ; --                   ; --               ; --                        ;
; top_level:top_level|top_proc_interp:top_proc_interp_inst|proc_interp:proc_interp_inst|processor:p_proc_interp|core:core|stack:sp|mem~228                                                                                                                                                                                                                   ; LABCELL_X53_Y33_N27        ; 32      ; Clock enable               ; no     ; --                   ; --               ; --                        ;
; top_level:top_level|top_proc_interp:top_proc_interp_inst|proc_interp:proc_interp_inst|processor:p_proc_interp|core:core|stack:sp|mem~229                                                                                                                                                                                                                   ; LABCELL_X53_Y33_N9         ; 32      ; Clock enable               ; no     ; --                   ; --               ; --                        ;
; top_level:top_level|top_proc_interp:top_proc_interp_inst|proc_interp:proc_interp_inst|processor:p_proc_interp|core:core|ula:ula|ula_mux:ula_mux|Mux6~0                                                                                                                                                                                                     ; LABCELL_X51_Y34_N30        ; 60      ; Sync. load                 ; no     ; --                   ; --               ; --                        ;
+------------------------------------------------------------------------------------------------------------------------------------------------------------------------------------------------------------------------------------------------------------------------------------------------------------------------------------------------------------+----------------------------+---------+----------------------------+--------+----------------------+------------------+---------------------------+


+-------------------------------------------------------------------------------------------------------------------------------------------------------------------------------+
; Global & Other Fast Signals                                                                                                                                                   ;
+------------------------------------------------------------------+----------------------------+---------+----------------------+------------------+---------------------------+
; Name                                                             ; Location                   ; Fan-Out ; Global Resource Used ; Global Line Name ; Enable Signal Source Name ;
+------------------------------------------------------------------+----------------------------+---------+----------------------+------------------+---------------------------+
; pll:pll|pll_0002:pll_inst|altera_pll:altera_pll_i|outclk_wire[0] ; PLLOUTPUTCOUNTER_X0_Y20_N1 ; 906     ; Global Clock         ; GCLK0            ; --                        ;
+------------------------------------------------------------------+----------------------------+---------+----------------------+------------------+---------------------------+


+----------------------------------------+
; Non-Global High Fan-Out Signals        ;
+------------------------------+---------+
; Name                         ; Fan-Out ;
+------------------------------+---------+
; rst_proc:rst_proc|Equal0~6   ; 1127    ;
; altera_internal_jtag~TCKUTAP ; 1030    ;
+------------------------------+---------+


+-------------------------------------------------------------------------------------------------------------------------------------------------------------------------------------------------------------------------------------------------------------------------------------------------------------------------------------------------------------------------------------------------------------------------------------------------------------------------------------------------------------------------------------------------------------------------------------------------------------------------------------------------------------------------------------------------------------------------------------------------------------------------------------------------------------------------------------------------------------------------------------------------------------------------------------------------------------------------------------------------------------------------------------------------------------------------------------------------------------------------------------------------------------------------------------------------------------------------------------------------------------------------------------------------------------------------------------------------------------------------------------------------------------------------------------------------------------------------------------------------------------------------------------------------------------------------------------------------------------------------------------------------------------------------------------------------------------------------------------------------------------------------------------------------------------------------------------------------------------------------------------------------------------------------------------------------------------------------------------------------------------------------------------------------------------------------------------------------------------------------------------------------------------------------------------------------------------------------------------------------------------------------------------------------------------------------------------------------------------------------------------------------------------------------------------------------------------------------------------------------------------------------------------------------------------------------------------------------------------------------------------------------------------------------------------------------------------------------------------------------------------------------------------------------------------------------------------------------------------------------------------------------------------------------------------------------------------------------------------------------------------------------------------------------------------------------------------------------------------------------------------------------------------------------------------------------------------------------------------------------------------------------------------------------------------------------------------------------------------------------------------------------------------------------------------------------------------------------------------------------------------------------------------------------------------------------------------------------------------------------------------------------------------------------------------------------------------------------------------------------------------------------------------------------------------------------------------------------------------------------------------------------------------------------------------------------------------------------------------------------------------------------------------------------------------------------------------------------------------------------------------------------------------------------------------------------------------------------------------------------------------------------------------------------------------------------------------------------------------------------------------------------------------------------------------------------------------------------------------------------------------------------------------------------------------------------------------------------------------------------------------------------------------------------------------------------------------------------------------------------------------------------------------------------------------------------------------------------------------------------------------------------------------------------------------------------------------------------------------------------------------------------------------------------------------------------------------------------------------------------------------------------------------------------------------------------------------------------------------------------------------------------------------------------------------------------------------------------------------------------------------------------------------------------------------------------------------------------------------------------------------------------------------------------------------------------------------------------------------------------------------------------------------------------------------------------------------------------------------------------------------------------------------------------------------------------------------------------------------------------------------------------------------------------------------------------------------------------------------------------------------------------------------------------------------------------------------------------------------------------------------------------------------------------------------------------------------------------------------------------------------------------------------------------------------------------------------------------------------------------------------------------------------------------------------------------------------------------------------------------------------------------------------------------------------------------------------------------------------------------------------------------------------------------------------------------------------------------------------------------------------------------------------------------------------------------------------------------------------------------------------------------------------------------------------------------------------------------------------------------------------------------------------------------------------------------------------------------------------------------------------------------------------------------------------------------------------------------------------------------------------------------------------------------------------------------------------------------------------------------------------------------------------------------------------------------------------------------------------------------------------------------------------------------------------------------------------------------------------------------------------------------------------------------------------------------------------------------------------------------------------------------------------------------------------------------------------------------------------------------------------------------------------------------------------------------------------------------------------------------------------------------------------------------------------------------------------------------------------------------------------------------------------------------------------------------------------------------------------------------------------------------------------------------------------------------------------------------------------------------------------------------------------------------------------------------------------------------------------------------------------------------------------------------------------------------------+
; Fitter RAM Summary                                                                                                                                                                                                                                                                                                                                                                                                                                                                                                                                                                                                                                                                                                                                                                                                                                                                                                                                                                                                                                                                                                                                                                                                                                                                                                                                                                                                                                                                                                                                                                                                                                                                                                                                                                                                                                                                                                                                                                                                                                                                                                                                                                                                                                                                                                                                                                                                                                                                                                                                                                                                                                                                                                                                                                                                                                                                                                                                                                                                                                                                                                                                                                                                                                                                                                                                                                                                                                                                                                                                                                                                                                                                                                                                                                                                                                                                                                                                                                                                                                                                                                                                                                                                                                                                                                                                                                                                                                                                                                                                                                                                                                                                                                                                                                                                                                                                                                                                                                                                                                                                                                                                                                                                                                                                                                                                                                                                                                                                                                                                                                                                                                                                                                                                                                                                                                                                                                                                                                                                                                                                                                                                                                                                                                                                                                                                                                                                                                                                                                                                                                                                                                                                                                                                                                                                                                                                                                                                                                                                                                                                                                                                                                                                                                                                                                                                                                                                                                                                                                                                                                                                                                                                                                                                                                                                                                                                                                                                                                                                                                                                                                                                                                                                                                                                                                                                                                                                                                                                                                                                                            ;
+-------------------------------------------------------------------------------------------------------------------------------------------------------------------------------------------------------+------+------------------+--------------+--------------+--------------+--------------+--------------+------------------------+-------------------------+------------------------+-------------------------+---------+-----------------------------+-----------------------------+-----------------------------+-----------------------------+---------------------+-------------+-------+--------------------------------------------+---------------------------------------------------------------------------------------------------------------------------------------------------------------------------------------------------------------------------------------------------------------------------------------------------------------------------------------------------------------------------------------------------------------------------------------------------------------------------------------------------------------------------------------------------------------------------------------------------------------------------------------------------------------------------------------------------------------------------------------------------------------------------------------------------------------------------------------------------------------------------------------------------------------------------------------------------------------------------------------------------------------------------------------------------------------------------------------------------------------------------------------------------------------------------------------------------------------------------------------------------------------------------------------------------------------------------------------------------------------------------------------------------------------------------------------------------------------------------------------------------------------------------------------------------------------------------------------------------------------------------------------------------------------------------------------------------------------------------------------------------------------------------------------------------------------------------------------------------------------------------------------------------------------------------------------------------------------------------------------------------------------------------------------------------------------------------------------------------------------------------------------------------------------------------------------------------------------------------------------------------------------------------------------------------------------------------------------------------------------------------------------------------------------------------------------------------------------------------------------------------------------------------------------------------------------------------------------------------------------------------------------------------------------------------------------------------------------------------------------------------------------------------------------------------------------------------------------------------------------------------------------------------------------------------------------------------------------------------------------------------------------------------------------------------------------------------------------------------------------------------------------------------------------------------------------------------------------------------------------------------------------------------------------------------------------------------------------------------------------------------------------------------------------------------------------------------------------------------------------------------------------------------------------------------------------------------------------------------------------------------------------------------------------------------------------------------------------------------------------------------------------------------------------------------------------------------------------------------------------------------------------------------------------------------------------------------------------------------------------------------------------------------------------------------------------------------------------------------------------------------------------------------------------------------------------------------------------------------------------------------------------------------------------------------------------------------------------------------------------------------------------------------------------------------------------------------------------------------------------------------------------------------------------------------------------------------------------------------------------------------------------------------------------------------------------------------------------------------------------------------------------------------------------------------------------------------------------------------------------------------------------------------------------------------------------------------------------------------------------------------------------------------------------------------------------------------------------------------------------------------------------------------------------------------------------------------------------------------------------------------------------------------------------------------------------------------------------------------------------------------------------------------------------------------------------------------------------------------------------------------------------------------------------------------------------------------------------------------------------------------------------------------------------------------------------------------------------------------------------------------------------------------------------------------------------------------------------------------------------------------------------------------------------------------------------------------------------------------------------------------------------------------------------------------------------------------------------------------------------------------------------------------------------------------------------------------------------------------------------------------------------------------------------------------------------------------------------------------------------------------------------------------------------------------------------------------------------------------------------------------------------------------------------------------------------------------------------------------------------------------------------------------------------------------------------------------------------------------------------------------------------------------------------------------------------------------------------------------------------------------------------------------------------------------------------------------------------------------------------------------------------------------------------------------------------------------------------------------------------------------------------------------------------------------------------------------------------------------------------------------------------------------------------------------------------------------------------------------------------------------------------------------------------------------------------------------------------------------------------------------------------------------------------------------------------------------------------------------------------------------------------------------------------------------------------------------------------------------------------------------------------------------------------------------------+----------------------+-----------------+-----------------+----------+------------------------+------------------------+
; Name                                                                                                                                                                                                  ; Type ; Mode             ; Clock Mode   ; Port A Depth ; Port A Width ; Port B Depth ; Port B Width ; Port A Input Registers ; Port A Output Registers ; Port B Input Registers ; Port B Output Registers ; Size    ; Implementation Port A Depth ; Implementation Port A Width ; Implementation Port B Depth ; Implementation Port B Width ; Implementation Bits ; M10K blocks ; MLABs ; MIF                                        ; Location                                                                                                                                                                                                                                                                                                                                                                                                                                                                                                                                                                                                                                                                                                                                                                                                                                                                                                                                                                                                                                                                                                                                                                                                                                                                                                                                                                                                                                                                                                                                                                                                                                                                                                                                                                                                                                                                                                                                                                                                                                                                                                                                                                                                                                                                                                                                                                                                                                                                                                                                                                                                                                                                                                                                                                                                                                                                                                                                                                                                                                                                                                                                                                                                                                                                                                                                                                                                                                                                                                                                                                                                                                                                                                                                                                                                                                                                                                                                                                                                                                                                                                                                                                                                                                                                                                                                                                                                                                                                                                                                                                                                                                                                                                                                                                                                                                                                                                                                                                                                                                                                                                                                                                                                                                                                                                                                                                                                                                                                                                                                                                                                                                                                                                                                                                                                                                                                                                                                                                                                                                                                                                                                                                                                                                                                                                                                                                                                                                                                                                                                                                                                                                                                                                                                                                                                                                                                                                                                                                                                                                                                                                                                                                                                                                                                                                                                                                                                                                                                                                                                                                                                                                                                                                                                                                                                ; Mixed Width RDW Mode ; Port A RDW Mode ; Port B RDW Mode ; ECC Mode ; ECC Pipeline Registers ; Fits in MLABs          ;
+-------------------------------------------------------------------------------------------------------------------------------------------------------------------------------------------------------+------+------------------+--------------+--------------+--------------+--------------+--------------+------------------------+-------------------------+------------------------+-------------------------+---------+-----------------------------+-----------------------------+-----------------------------+-----------------------------+---------------------+-------------+-------+--------------------------------------------+---------------------------------------------------------------------------------------------------------------------------------------------------------------------------------------------------------------------------------------------------------------------------------------------------------------------------------------------------------------------------------------------------------------------------------------------------------------------------------------------------------------------------------------------------------------------------------------------------------------------------------------------------------------------------------------------------------------------------------------------------------------------------------------------------------------------------------------------------------------------------------------------------------------------------------------------------------------------------------------------------------------------------------------------------------------------------------------------------------------------------------------------------------------------------------------------------------------------------------------------------------------------------------------------------------------------------------------------------------------------------------------------------------------------------------------------------------------------------------------------------------------------------------------------------------------------------------------------------------------------------------------------------------------------------------------------------------------------------------------------------------------------------------------------------------------------------------------------------------------------------------------------------------------------------------------------------------------------------------------------------------------------------------------------------------------------------------------------------------------------------------------------------------------------------------------------------------------------------------------------------------------------------------------------------------------------------------------------------------------------------------------------------------------------------------------------------------------------------------------------------------------------------------------------------------------------------------------------------------------------------------------------------------------------------------------------------------------------------------------------------------------------------------------------------------------------------------------------------------------------------------------------------------------------------------------------------------------------------------------------------------------------------------------------------------------------------------------------------------------------------------------------------------------------------------------------------------------------------------------------------------------------------------------------------------------------------------------------------------------------------------------------------------------------------------------------------------------------------------------------------------------------------------------------------------------------------------------------------------------------------------------------------------------------------------------------------------------------------------------------------------------------------------------------------------------------------------------------------------------------------------------------------------------------------------------------------------------------------------------------------------------------------------------------------------------------------------------------------------------------------------------------------------------------------------------------------------------------------------------------------------------------------------------------------------------------------------------------------------------------------------------------------------------------------------------------------------------------------------------------------------------------------------------------------------------------------------------------------------------------------------------------------------------------------------------------------------------------------------------------------------------------------------------------------------------------------------------------------------------------------------------------------------------------------------------------------------------------------------------------------------------------------------------------------------------------------------------------------------------------------------------------------------------------------------------------------------------------------------------------------------------------------------------------------------------------------------------------------------------------------------------------------------------------------------------------------------------------------------------------------------------------------------------------------------------------------------------------------------------------------------------------------------------------------------------------------------------------------------------------------------------------------------------------------------------------------------------------------------------------------------------------------------------------------------------------------------------------------------------------------------------------------------------------------------------------------------------------------------------------------------------------------------------------------------------------------------------------------------------------------------------------------------------------------------------------------------------------------------------------------------------------------------------------------------------------------------------------------------------------------------------------------------------------------------------------------------------------------------------------------------------------------------------------------------------------------------------------------------------------------------------------------------------------------------------------------------------------------------------------------------------------------------------------------------------------------------------------------------------------------------------------------------------------------------------------------------------------------------------------------------------------------------------------------------------------------------------------------------------------------------------------------------------------------------------------------------------------------------------------------------------------------------------------------------------------------------------------------------------------------------------------------------------------------------------------------------------------------------------------------------------------------------------------------------------------------------------------------------------------------------------------------------------------------------+----------------------+-----------------+-----------------+----------+------------------------+------------------------+
; sinal_memoria:comb_6|altsyncram:rom_rtl_0|altsyncram_ccd1:auto_generated|ALTSYNCRAM                                                                                                                   ; AUTO ; ROM              ; Single Clock ; 256          ; 16           ; --           ; --           ; yes                    ; no                      ; --                     ; --                      ; 4096    ; 256                         ; 16                          ; --                          ; --                          ; 4096                ; 1           ; 0     ; db/hpe.ram0_sinal_memoria_51fa24f1.hdl.mif ; M10K_X49_Y40_N0                                                                                                                                                                                                                                                                                                                                                                                                                                                                                                                                                                                                                                                                                                                                                                                                                                                                                                                                                                                                                                                                                                                                                                                                                                                                                                                                                                                                                                                                                                                                                                                                                                                                                                                                                                                                                                                                                                                                                                                                                                                                                                                                                                                                                                                                                                                                                                                                                                                                                                                                                                                                                                                                                                                                                                                                                                                                                                                                                                                                                                                                                                                                                                                                                                                                                                                                                                                                                                                                                                                                                                                                                                                                                                                                                                                                                                                                                                                                                                                                                                                                                                                                                                                                                                                                                                                                                                                                                                                                                                                                                                                                                                                                                                                                                                                                                                                                                                                                                                                                                                                                                                                                                                                                                                                                                                                                                                                                                                                                                                                                                                                                                                                                                                                                                                                                                                                                                                                                                                                                                                                                                                                                                                                                                                                                                                                                                                                                                                                                                                                                                                                                                                                                                                                                                                                                                                                                                                                                                                                                                                                                                                                                                                                                                                                                                                                                                                                                                                                                                                                                                                                                                                                                                                                                                                                         ; Don't care           ; New data        ; New data        ; Off      ; No                     ; No - Unsupported Depth ;
; sld_signaltap:auto_signaltap_0|sld_signaltap_impl:sld_signaltap_body|sld_signaltap_implb:sld_signaltap_body|altsyncram:\stp_non_zero_ram_gen:stp_buffer_ram|altsyncram_ol84:auto_generated|ALTSYNCRAM ; AUTO ; Simple Dual Port ; Dual Clocks  ; 65536        ; 56           ; 65536        ; 56           ; yes                    ; no                      ; yes                    ; no                      ; 3670016 ; 65536                       ; 56                          ; 65536                       ; 56                          ; 3670016             ; 448         ; 0     ; None                                       ; M10K_X58_Y18_N0, M10K_X76_Y8_N0, M10K_X41_Y18_N0, M10K_X76_Y10_N0, M10K_X49_Y8_N0, M10K_X41_Y19_N0, M10K_X41_Y17_N0, M10K_X69_Y20_N0, M10K_X14_Y52_N0, M10K_X5_Y44_N0, M10K_X5_Y47_N0, M10K_X5_Y48_N0, M10K_X14_Y51_N0, M10K_X5_Y53_N0, M10K_X26_Y45_N0, M10K_X5_Y51_N0, M10K_X49_Y35_N0, M10K_X41_Y32_N0, M10K_X38_Y31_N0, M10K_X38_Y42_N0, M10K_X49_Y36_N0, M10K_X38_Y29_N0, M10K_X26_Y29_N0, M10K_X41_Y29_N0, M10K_X38_Y66_N0, M10K_X38_Y49_N0, M10K_X41_Y55_N0, M10K_X26_Y60_N0, M10K_X41_Y65_N0, M10K_X26_Y66_N0, M10K_X38_Y51_N0, M10K_X41_Y51_N0, M10K_X69_Y12_N0, M10K_X58_Y13_N0, M10K_X49_Y3_N0, M10K_X49_Y13_N0, M10K_X38_Y1_N0, M10K_X38_Y2_N0, M10K_X58_Y2_N0, M10K_X69_Y3_N0, M10K_X41_Y26_N0, M10K_X41_Y22_N0, M10K_X49_Y28_N0, M10K_X49_Y22_N0, M10K_X49_Y23_N0, M10K_X38_Y23_N0, M10K_X41_Y27_N0, M10K_X49_Y27_N0, M10K_X26_Y65_N0, M10K_X26_Y61_N0, M10K_X26_Y68_N0, M10K_X14_Y69_N0, M10K_X14_Y71_N0, M10K_X26_Y67_N0, M10K_X26_Y70_N0, M10K_X14_Y64_N0, M10K_X38_Y18_N0, M10K_X41_Y21_N0, M10K_X49_Y30_N0, M10K_X41_Y23_N0, M10K_X41_Y30_N0, M10K_X49_Y29_N0, M10K_X49_Y19_N0, M10K_X49_Y17_N0, M10K_X58_Y12_N0, M10K_X41_Y12_N0, M10K_X69_Y10_N0, M10K_X76_Y4_N0, M10K_X49_Y12_N0, M10K_X49_Y10_N0, M10K_X76_Y5_N0, M10K_X69_Y11_N0, M10K_X41_Y20_N0, M10K_X26_Y21_N0, M10K_X38_Y20_N0, M10K_X26_Y20_N0, M10K_X14_Y19_N0, M10K_X41_Y14_N0, M10K_X38_Y19_N0, M10K_X14_Y22_N0, M10K_X41_Y60_N0, M10K_X38_Y61_N0, M10K_X41_Y57_N0, M10K_X41_Y62_N0, M10K_X41_Y63_N0, M10K_X38_Y57_N0, M10K_X26_Y55_N0, M10K_X41_Y64_N0, M10K_X76_Y12_N0, M10K_X58_Y20_N0, M10K_X69_Y21_N0, M10K_X49_Y21_N0, M10K_X49_Y20_N0, M10K_X49_Y18_N0, M10K_X76_Y20_N0, M10K_X58_Y21_N0, M10K_X49_Y42_N0, M10K_X38_Y40_N0, M10K_X41_Y40_N0, M10K_X26_Y46_N0, M10K_X26_Y47_N0, M10K_X49_Y47_N0, M10K_X26_Y48_N0, M10K_X49_Y45_N0, M10K_X41_Y46_N0, M10K_X5_Y52_N0, M10K_X38_Y46_N0, M10K_X38_Y52_N0, M10K_X14_Y50_N0, M10K_X14_Y49_N0, M10K_X5_Y49_N0, M10K_X5_Y50_N0, M10K_X14_Y59_N0, M10K_X26_Y58_N0, M10K_X26_Y64_N0, M10K_X38_Y60_N0, M10K_X41_Y66_N0, M10K_X14_Y58_N0, M10K_X26_Y57_N0, M10K_X38_Y58_N0, M10K_X41_Y44_N0, M10K_X38_Y44_N0, M10K_X49_Y44_N0, M10K_X49_Y50_N0, M10K_X41_Y50_N0, M10K_X38_Y45_N0, M10K_X41_Y47_N0, M10K_X41_Y42_N0, M10K_X38_Y24_N0, M10K_X58_Y24_N0, M10K_X38_Y22_N0, M10K_X41_Y24_N0, M10K_X58_Y27_N0, M10K_X49_Y24_N0, M10K_X58_Y23_N0, M10K_X38_Y27_N0, M10K_X41_Y58_N0, M10K_X38_Y56_N0, M10K_X49_Y58_N0, M10K_X38_Y54_N0, M10K_X38_Y50_N0, M10K_X26_Y59_N0, M10K_X26_Y50_N0, M10K_X49_Y57_N0, M10K_X49_Y6_N0, M10K_X76_Y3_N0, M10K_X58_Y1_N0, M10K_X76_Y1_N0, M10K_X69_Y1_N0, M10K_X69_Y2_N0, M10K_X58_Y3_N0, M10K_X58_Y4_N0, M10K_X41_Y7_N0, M10K_X38_Y5_N0, M10K_X41_Y4_N0, M10K_X41_Y8_N0, M10K_X38_Y8_N0, M10K_X41_Y5_N0, M10K_X38_Y7_N0, M10K_X41_Y6_N0, M10K_X14_Y36_N0, M10K_X5_Y36_N0, M10K_X5_Y35_N0, M10K_X14_Y28_N0, M10K_X14_Y35_N0, M10K_X26_Y30_N0, M10K_X14_Y29_N0, M10K_X14_Y31_N0, M10K_X14_Y62_N0, M10K_X26_Y52_N0, M10K_X41_Y33_N0, M10K_X41_Y52_N0, M10K_X14_Y60_N0, M10K_X5_Y55_N0, M10K_X5_Y38_N0, M10K_X5_Y33_N0, M10K_X26_Y9_N0, M10K_X26_Y8_N0, M10K_X26_Y5_N0, M10K_X14_Y6_N0, M10K_X41_Y9_N0, M10K_X41_Y10_N0, M10K_X49_Y4_N0, M10K_X38_Y9_N0, M10K_X14_Y48_N0, M10K_X5_Y43_N0, M10K_X14_Y45_N0, M10K_X14_Y47_N0, M10K_X14_Y44_N0, M10K_X5_Y45_N0, M10K_X14_Y46_N0, M10K_X5_Y46_N0, M10K_X58_Y6_N0, M10K_X38_Y14_N0, M10K_X41_Y1_N0, M10K_X49_Y1_N0, M10K_X49_Y14_N0, M10K_X49_Y2_N0, M10K_X26_Y14_N0, M10K_X69_Y6_N0, M10K_X14_Y41_N0, M10K_X14_Y39_N0, M10K_X14_Y38_N0, M10K_X5_Y39_N0, M10K_X14_Y40_N0, M10K_X5_Y42_N0, M10K_X5_Y41_N0, M10K_X5_Y40_N0, M10K_X26_Y44_N0, M10K_X41_Y34_N0, M10K_X26_Y49_N0, M10K_X49_Y34_N0, M10K_X26_Y56_N0, M10K_X49_Y55_N0, M10K_X41_Y56_N0, M10K_X49_Y56_N0, M10K_X26_Y63_N0, M10K_X14_Y61_N0, M10K_X38_Y67_N0, M10K_X14_Y65_N0, M10K_X26_Y71_N0, M10K_X14_Y66_N0, M10K_X26_Y69_N0, M10K_X38_Y64_N0, M10K_X49_Y9_N0, M10K_X49_Y7_N0, M10K_X69_Y8_N0, M10K_X58_Y9_N0, M10K_X58_Y7_N0, M10K_X69_Y9_N0, M10K_X76_Y6_N0, M10K_X76_Y9_N0, M10K_X14_Y63_N0, M10K_X49_Y49_N0, M10K_X14_Y67_N0, M10K_X38_Y68_N0, M10K_X49_Y48_N0, M10K_X49_Y46_N0, M10K_X14_Y68_N0, M10K_X49_Y64_N0, M10K_X26_Y42_N0, M10K_X38_Y43_N0, M10K_X49_Y41_N0, M10K_X41_Y43_N0, M10K_X49_Y38_N0, M10K_X41_Y39_N0, M10K_X49_Y43_N0, M10K_X49_Y39_N0, M10K_X41_Y49_N0, M10K_X38_Y48_N0, M10K_X41_Y48_N0, M10K_X38_Y47_N0, M10K_X41_Y45_N0, M10K_X41_Y38_N0, M10K_X38_Y39_N0, M10K_X41_Y37_N0, M10K_X76_Y14_N0, M10K_X58_Y22_N0, M10K_X58_Y16_N0, M10K_X76_Y16_N0, M10K_X76_Y13_N0, M10K_X58_Y19_N0, M10K_X69_Y22_N0, M10K_X69_Y13_N0, M10K_X58_Y26_N0, M10K_X69_Y23_N0, M10K_X76_Y23_N0, M10K_X49_Y25_N0, M10K_X76_Y22_N0, M10K_X58_Y25_N0, M10K_X49_Y26_N0, M10K_X76_Y21_N0, M10K_X26_Y23_N0, M10K_X14_Y21_N0, M10K_X26_Y19_N0, M10K_X26_Y3_N0, M10K_X26_Y12_N0, M10K_X14_Y23_N0, M10K_X14_Y20_N0, M10K_X26_Y13_N0, M10K_X14_Y18_N0, M10K_X14_Y12_N0, M10K_X5_Y10_N0, M10K_X5_Y6_N0, M10K_X14_Y15_N0, M10K_X14_Y16_N0, M10K_X14_Y17_N0, M10K_X14_Y13_N0, M10K_X14_Y32_N0, M10K_X14_Y34_N0, M10K_X38_Y36_N0, M10K_X26_Y34_N0, M10K_X26_Y36_N0, M10K_X38_Y34_N0, M10K_X26_Y31_N0, M10K_X38_Y35_N0, M10K_X5_Y12_N0, M10K_X14_Y30_N0, M10K_X5_Y14_N0, M10K_X14_Y10_N0, M10K_X14_Y7_N0, M10K_X5_Y4_N0, M10K_X5_Y7_N0, M10K_X5_Y5_N0, M10K_X26_Y35_N0, M10K_X14_Y43_N0, M10K_X38_Y33_N0, M10K_X14_Y33_N0, M10K_X26_Y38_N0, M10K_X38_Y38_N0, M10K_X41_Y36_N0, M10K_X14_Y42_N0, M10K_X26_Y7_N0, M10K_X5_Y8_N0, M10K_X5_Y13_N0, M10K_X14_Y9_N0, M10K_X41_Y11_N0, M10K_X38_Y13_N0, M10K_X49_Y11_N0, M10K_X38_Y11_N0, M10K_X38_Y37_N0, M10K_X26_Y32_N0, M10K_X14_Y37_N0, M10K_X26_Y33_N0, M10K_X38_Y32_N0, M10K_X26_Y37_N0, M10K_X41_Y35_N0, M10K_X26_Y40_N0, M10K_X69_Y7_N0, M10K_X69_Y5_N0, M10K_X41_Y2_N0, M10K_X76_Y7_N0, M10K_X76_Y2_N0, M10K_X41_Y3_N0, M10K_X69_Y4_N0, M10K_X38_Y6_N0, M10K_X58_Y8_N0, M10K_X26_Y17_N0, M10K_X58_Y11_N0, M10K_X38_Y15_N0, M10K_X38_Y17_N0, M10K_X58_Y14_N0, M10K_X26_Y18_N0, M10K_X14_Y14_N0, M10K_X41_Y61_N0, M10K_X49_Y60_N0, M10K_X41_Y59_N0, M10K_X49_Y62_N0, M10K_X38_Y62_N0, M10K_X49_Y53_N0, M10K_X49_Y54_N0, M10K_X49_Y52_N0, M10K_X14_Y57_N0, M10K_X14_Y56_N0, M10K_X5_Y54_N0, M10K_X14_Y54_N0, M10K_X14_Y53_N0, M10K_X26_Y53_N0, M10K_X26_Y54_N0, M10K_X14_Y55_N0, M10K_X14_Y8_N0, M10K_X5_Y9_N0, M10K_X5_Y11_N0, M10K_X49_Y5_N0, M10K_X58_Y10_N0, M10K_X58_Y5_N0, M10K_X38_Y10_N0, M10K_X41_Y13_N0, M10K_X26_Y6_N0, M10K_X5_Y3_N0, M10K_X5_Y2_N0, M10K_X5_Y1_N0, M10K_X26_Y1_N0, M10K_X38_Y12_N0, M10K_X26_Y4_N0, M10K_X38_Y16_N0, M10K_X69_Y19_N0, M10K_X76_Y19_N0, M10K_X69_Y18_N0, M10K_X76_Y18_N0, M10K_X76_Y15_N0, M10K_X69_Y14_N0, M10K_X76_Y11_N0, M10K_X76_Y17_N0, M10K_X26_Y62_N0, M10K_X41_Y54_N0, M10K_X41_Y53_N0, M10K_X38_Y63_N0, M10K_X49_Y59_N0, M10K_X49_Y51_N0, M10K_X38_Y53_N0, M10K_X38_Y55_N0, M10K_X14_Y25_N0, M10K_X14_Y24_N0, M10K_X26_Y24_N0, M10K_X26_Y22_N0, M10K_X38_Y25_N0, M10K_X26_Y26_N0, M10K_X38_Y26_N0, M10K_X41_Y25_N0, M10K_X38_Y65_N0, M10K_X38_Y59_N0, M10K_X41_Y68_N0, M10K_X38_Y69_N0, M10K_X38_Y70_N0, M10K_X41_Y67_N0, M10K_X14_Y70_N0, M10K_X26_Y51_N0, M10K_X41_Y28_N0, M10K_X26_Y25_N0, M10K_X26_Y10_N0, M10K_X38_Y21_N0, M10K_X38_Y41_N0, M10K_X41_Y41_N0, M10K_X26_Y43_N0, M10K_X26_Y41_N0, M10K_X26_Y15_N0, M10K_X38_Y4_N0, M10K_X26_Y16_N0, M10K_X41_Y16_N0, M10K_X14_Y1_N0, M10K_X14_Y2_N0, M10K_X26_Y2_N0, M10K_X38_Y3_N0, M10K_X49_Y15_N0, M10K_X41_Y15_N0, M10K_X69_Y15_N0, M10K_X58_Y15_N0, M10K_X58_Y17_N0, M10K_X69_Y16_N0, M10K_X49_Y16_N0, M10K_X69_Y17_N0, M10K_X38_Y28_N0, M10K_X14_Y26_N0, M10K_X5_Y37_N0, M10K_X5_Y34_N0, M10K_X38_Y30_N0, M10K_X5_Y32_N0, M10K_X41_Y31_N0, M10K_X26_Y28_N0, M10K_X14_Y11_N0, M10K_X26_Y11_N0, M10K_X26_Y39_N0, M10K_X14_Y27_N0, M10K_X14_Y4_N0, M10K_X14_Y3_N0, M10K_X26_Y27_N0, M10K_X14_Y5_N0 ; Don't care           ; New data        ; New data        ; Off      ; No                     ; No - Address Too Wide  ;
; top_level:top_level|myFIFO:FIFO16x32_inst_my|altsyncram:mem_rtl_0|altsyncram_smi1:auto_generated|ALTSYNCRAM                                                                                           ; AUTO ; Simple Dual Port ; Single Clock ; 256          ; 32           ; 256          ; 32           ; yes                    ; no                      ; yes                    ; no                      ; 8192    ; 256                         ; 32                          ; 256                         ; 32                          ; 8192                ; 1           ; 0     ; None                                       ; M10K_X58_Y29_N0                                                                                                                                                                                                                                                                                                                                                                                                                                                                                                                                                                                                                                                                                                                                                                                                                                                                                                                                                                                                                                                                                                                                                                                                                                                                                                                                                                                                                                                                                                                                                                                                                                                                                                                                                                                                                                                                                                                                                                                                                                                                                                                                                                                                                                                                                                                                                                                                                                                                                                                                                                                                                                                                                                                                                                                                                                                                                                                                                                                                                                                                                                                                                                                                                                                                                                                                                                                                                                                                                                                                                                                                                                                                                                                                                                                                                                                                                                                                                                                                                                                                                                                                                                                                                                                                                                                                                                                                                                                                                                                                                                                                                                                                                                                                                                                                                                                                                                                                                                                                                                                                                                                                                                                                                                                                                                                                                                                                                                                                                                                                                                                                                                                                                                                                                                                                                                                                                                                                                                                                                                                                                                                                                                                                                                                                                                                                                                                                                                                                                                                                                                                                                                                                                                                                                                                                                                                                                                                                                                                                                                                                                                                                                                                                                                                                                                                                                                                                                                                                                                                                                                                                                                                                                                                                                                                         ; Don't care           ; New data        ; New data        ; Off      ; No                     ; No - Unsupported Depth ;
; top_level:top_level|top_proc_banco:top_proc_banco_inst|proc_banco:proc_banco_inst|processor:p_proc_banco|mem_data:mdata|altsyncram:mem_rtl_0|altsyncram_4kr1:auto_generated|ALTSYNCRAM                ; AUTO ; Simple Dual Port ; Single Clock ; 5669         ; 32           ; 5669         ; 32           ; yes                    ; no                      ; yes                    ; no                      ; 181408  ; 5669                        ; 32                          ; 5669                        ; 32                          ; 181408              ; 32          ; 0     ; db/hpe.ram0_mem_data_5212d04b.hdl.mif      ; M10K_X69_Y33_N0, M10K_X69_Y30_N0, M10K_X58_Y34_N0, M10K_X58_Y35_N0, M10K_X76_Y36_N0, M10K_X76_Y29_N0, M10K_X69_Y36_N0, M10K_X69_Y34_N0, M10K_X76_Y33_N0, M10K_X69_Y29_N0, M10K_X69_Y32_N0, M10K_X76_Y34_N0, M10K_X76_Y32_N0, M10K_X76_Y30_N0, M10K_X58_Y30_N0, M10K_X69_Y28_N0, M10K_X69_Y27_N0, M10K_X76_Y25_N0, M10K_X69_Y31_N0, M10K_X76_Y31_N0, M10K_X69_Y35_N0, M10K_X76_Y35_N0, M10K_X69_Y24_N0, M10K_X69_Y25_N0, M10K_X58_Y32_N0, M10K_X58_Y36_N0, M10K_X76_Y28_N0, M10K_X58_Y28_N0, M10K_X69_Y26_N0, M10K_X76_Y27_N0, M10K_X76_Y26_N0, M10K_X76_Y24_N0                                                                                                                                                                                                                                                                                                                                                                                                                                                                                                                                                                                                                                                                                                                                                                                                                                                                                                                                                                                                                                                                                                                                                                                                                                                                                                                                                                                                                                                                                                                                                                                                                                                                                                                                                                                                                                                                                                                                                                                                                                                                                                                                                                                                                                                                                                                                                                                                                                                                                                                                                                                                                                                                                                                                                                                                                                                                                                                                                                                                                                                                                                                                                                                                                                                                                                                                                                                                                                                                                                                                                                                                                                                                                                                                                                                                                                                                                                                                                                                                                                                                                                                                                                                                                                                                                                                                                                                                                                                                                                                                                                                                                                                                                                                                                                                                                                                                                                                                                                                                                                                                                                                                                                                                                                                                                                                                                                                                                                                                                                                                                                                                                                                                                                                                                                                                                                                                                                                                                                                                                                                                                                                                                                                                                                                                                                                                                                                                                                                                                                                                                                                                                                                                                                                                                                                                                                                                                                                                                                                                                                                                                                                                                                                                                                          ; Old data             ; New data        ; New data        ; Off      ; No                     ; No - Address Too Wide  ;
; top_level:top_level|top_proc_banco:top_proc_banco_inst|proc_banco:proc_banco_inst|processor:p_proc_banco|mem_instr:minstr|altsyncram:mem_rtl_0|altsyncram_vvc1:auto_generated|ALTSYNCRAM              ; AUTO ; ROM              ; Single Clock ; 369          ; 20           ; --           ; --           ; yes                    ; no                      ; --                     ; --                      ; 7380    ; 369                         ; 20                          ; --                          ; --                          ; 7380                ; 1           ; 0     ; db/hpe.ram0_mem_instr_d55c1a92.hdl.mif     ; M10K_X58_Y33_N0                                                                                                                                                                                                                                                                                                                                                                                                                                                                                                                                                                                                                                                                                                                                                                                                                                                                                                                                                                                                                                                                                                                                                                                                                                                                                                                                                                                                                                                                                                                                                                                                                                                                                                                                                                                                                                                                                                                                                                                                                                                                                                                                                                                                                                                                                                                                                                                                                                                                                                                                                                                                                                                                                                                                                                                                                                                                                                                                                                                                                                                                                                                                                                                                                                                                                                                                                                                                                                                                                                                                                                                                                                                                                                                                                                                                                                                                                                                                                                                                                                                                                                                                                                                                                                                                                                                                                                                                                                                                                                                                                                                                                                                                                                                                                                                                                                                                                                                                                                                                                                                                                                                                                                                                                                                                                                                                                                                                                                                                                                                                                                                                                                                                                                                                                                                                                                                                                                                                                                                                                                                                                                                                                                                                                                                                                                                                                                                                                                                                                                                                                                                                                                                                                                                                                                                                                                                                                                                                                                                                                                                                                                                                                                                                                                                                                                                                                                                                                                                                                                                                                                                                                                                                                                                                                                                         ; Don't care           ; New data        ; New data        ; Off      ; No                     ; No - Address Too Wide  ;
; top_level:top_level|top_proc_interp:top_proc_interp_inst|proc_interp:proc_interp_inst|processor:p_proc_interp|mem_data:mdata|altsyncram:mem_rtl_0|altsyncram_hgr1:auto_generated|ALTSYNCRAM           ; AUTO ; Simple Dual Port ; Single Clock ; 917          ; 32           ; 917          ; 32           ; yes                    ; no                      ; yes                    ; no                      ; 29344   ; 917                         ; 32                          ; 917                         ; 32                          ; 29344               ; 4           ; 0     ; db/hpe.ram0_mem_data_54405a1e.hdl.mif      ; M10K_X49_Y33_N0, M10K_X49_Y31_N0, M10K_X49_Y32_N0, M10K_X58_Y31_N0                                                                                                                                                                                                                                                                                                                                                                                                                                                                                                                                                                                                                                                                                                                                                                                                                                                                                                                                                                                                                                                                                                                                                                                                                                                                                                                                                                                                                                                                                                                                                                                                                                                                                                                                                                                                                                                                                                                                                                                                                                                                                                                                                                                                                                                                                                                                                                                                                                                                                                                                                                                                                                                                                                                                                                                                                                                                                                                                                                                                                                                                                                                                                                                                                                                                                                                                                                                                                                                                                                                                                                                                                                                                                                                                                                                                                                                                                                                                                                                                                                                                                                                                                                                                                                                                                                                                                                                                                                                                                                                                                                                                                                                                                                                                                                                                                                                                                                                                                                                                                                                                                                                                                                                                                                                                                                                                                                                                                                                                                                                                                                                                                                                                                                                                                                                                                                                                                                                                                                                                                                                                                                                                                                                                                                                                                                                                                                                                                                                                                                                                                                                                                                                                                                                                                                                                                                                                                                                                                                                                                                                                                                                                                                                                                                                                                                                                                                                                                                                                                                                                                                                                                                                                                                                                      ; Old data             ; New data        ; New data        ; Off      ; No                     ; No - Address Too Wide  ;
; top_level:top_level|top_proc_interp:top_proc_interp_inst|proc_interp:proc_interp_inst|processor:p_proc_interp|mem_instr:minstr|altsyncram:mem_rtl_0|altsyncram_qvc1:auto_generated|ALTSYNCRAM         ; AUTO ; ROM              ; Single Clock ; 659          ; 17           ; --           ; --           ; yes                    ; no                      ; --                     ; --                      ; 11203   ; 659                         ; 17                          ; --                          ; --                          ; 11203               ; 2           ; 0     ; db/hpe.ram0_mem_instr_c91d1b5.hdl.mif      ; M10K_X49_Y61_N0, M10K_X49_Y63_N0                                                                                                                                                                                                                                                                                                                                                                                                                                                                                                                                                                                                                                                                                                                                                                                                                                                                                                                                                                                                                                                                                                                                                                                                                                                                                                                                                                                                                                                                                                                                                                                                                                                                                                                                                                                                                                                                                                                                                                                                                                                                                                                                                                                                                                                                                                                                                                                                                                                                                                                                                                                                                                                                                                                                                                                                                                                                                                                                                                                                                                                                                                                                                                                                                                                                                                                                                                                                                                                                                                                                                                                                                                                                                                                                                                                                                                                                                                                                                                                                                                                                                                                                                                                                                                                                                                                                                                                                                                                                                                                                                                                                                                                                                                                                                                                                                                                                                                                                                                                                                                                                                                                                                                                                                                                                                                                                                                                                                                                                                                                                                                                                                                                                                                                                                                                                                                                                                                                                                                                                                                                                                                                                                                                                                                                                                                                                                                                                                                                                                                                                                                                                                                                                                                                                                                                                                                                                                                                                                                                                                                                                                                                                                                                                                                                                                                                                                                                                                                                                                                                                                                                                                                                                                                                                                                        ; Don't care           ; New data        ; New data        ; Off      ; No                     ; No - Address Too Wide  ;
+-------------------------------------------------------------------------------------------------------------------------------------------------------------------------------------------------------+------+------------------+--------------+--------------+--------------+--------------+--------------+------------------------+-------------------------+------------------------+-------------------------+---------+-----------------------------+-----------------------------+-----------------------------+-----------------------------+---------------------+-------------+-------+--------------------------------------------+---------------------------------------------------------------------------------------------------------------------------------------------------------------------------------------------------------------------------------------------------------------------------------------------------------------------------------------------------------------------------------------------------------------------------------------------------------------------------------------------------------------------------------------------------------------------------------------------------------------------------------------------------------------------------------------------------------------------------------------------------------------------------------------------------------------------------------------------------------------------------------------------------------------------------------------------------------------------------------------------------------------------------------------------------------------------------------------------------------------------------------------------------------------------------------------------------------------------------------------------------------------------------------------------------------------------------------------------------------------------------------------------------------------------------------------------------------------------------------------------------------------------------------------------------------------------------------------------------------------------------------------------------------------------------------------------------------------------------------------------------------------------------------------------------------------------------------------------------------------------------------------------------------------------------------------------------------------------------------------------------------------------------------------------------------------------------------------------------------------------------------------------------------------------------------------------------------------------------------------------------------------------------------------------------------------------------------------------------------------------------------------------------------------------------------------------------------------------------------------------------------------------------------------------------------------------------------------------------------------------------------------------------------------------------------------------------------------------------------------------------------------------------------------------------------------------------------------------------------------------------------------------------------------------------------------------------------------------------------------------------------------------------------------------------------------------------------------------------------------------------------------------------------------------------------------------------------------------------------------------------------------------------------------------------------------------------------------------------------------------------------------------------------------------------------------------------------------------------------------------------------------------------------------------------------------------------------------------------------------------------------------------------------------------------------------------------------------------------------------------------------------------------------------------------------------------------------------------------------------------------------------------------------------------------------------------------------------------------------------------------------------------------------------------------------------------------------------------------------------------------------------------------------------------------------------------------------------------------------------------------------------------------------------------------------------------------------------------------------------------------------------------------------------------------------------------------------------------------------------------------------------------------------------------------------------------------------------------------------------------------------------------------------------------------------------------------------------------------------------------------------------------------------------------------------------------------------------------------------------------------------------------------------------------------------------------------------------------------------------------------------------------------------------------------------------------------------------------------------------------------------------------------------------------------------------------------------------------------------------------------------------------------------------------------------------------------------------------------------------------------------------------------------------------------------------------------------------------------------------------------------------------------------------------------------------------------------------------------------------------------------------------------------------------------------------------------------------------------------------------------------------------------------------------------------------------------------------------------------------------------------------------------------------------------------------------------------------------------------------------------------------------------------------------------------------------------------------------------------------------------------------------------------------------------------------------------------------------------------------------------------------------------------------------------------------------------------------------------------------------------------------------------------------------------------------------------------------------------------------------------------------------------------------------------------------------------------------------------------------------------------------------------------------------------------------------------------------------------------------------------------------------------------------------------------------------------------------------------------------------------------------------------------------------------------------------------------------------------------------------------------------------------------------------------------------------------------------------------------------------------------------------------------------------------------------------------------------------------------------------------------------------------------------------------------------------------------------------------------------------------------------------------------------------------------------------------------------------------------------------------------------------------------------------------------------------------------------------------------------------------------------------------------------------------------------------------------------------------------------------------------------------------------------------------------+----------------------+-----------------+-----------------+----------+------------------------+------------------------+
Note: Fitter may spread logical memories into multiple blocks to improve timing. The actual required RAM blocks can be found in the Fitter Resource Usage section.


+-------------------------------------------------+
; Fitter DSP Block Usage Summary                  ;
+-----------------------------------+-------------+
; Statistic                         ; Number Used ;
+-----------------------------------+-------------+
; Two Independent 18x18             ; 1           ;
; Sum of two 18x18                  ; 1           ;
; Independent 27x27                 ; 2           ;
; Total number of DSP blocks        ; 4           ;
;                                   ;             ;
; Fixed Point Unsigned Multiplier   ; 3           ;
; Fixed Point Mixed Sign Multiplier ; 2           ;
+-----------------------------------+-------------+


+--------------------------------------------------------------------------------------------------------------------------------------------------------------------------------------------------------------------------------------------------------------------------------------------------------------------------------------------------------------------------------------------------------------------------------------------------------------------------------------------------------------------------------------------------------+
; DSP Block Details                                                                                                                                                                                                                                                                                                                                                                                                                                                                                                                                      ;
+------------------------------------------------------------------------------------------------------------------------------------------------------------+-----------------------+----------------+---------------------+------------------------+------------------------+------------------------+------------------------+------------------------+------------------------+-----------------+--------------------------------+---------------------+-------------------------------+------------------------------+------------------------------+
; Name                                                                                                                                                       ; Mode                  ; Location       ; Sign Representation ; Data AX Input Register ; Data AY Input Register ; Data AZ Input Register ; Data BX Input Register ; Data BY Input Register ; Data BZ Input Register ; Output Register ; Dedicated Shift Register Chain ; Dedicated Pre-Adder ; Dedicated Coefficient Storage ; Dedicated Output Adder Chain ; Dedicated Output Accumulator ;
+------------------------------------------------------------------------------------------------------------------------------------------------------------+-----------------------+----------------+---------------------+------------------------+------------------------+------------------------+------------------------+------------------------+------------------------+-----------------+--------------------------------+---------------------+-------------------------------+------------------------------+------------------------------+
; top_level:top_level|top_proc_interp:top_proc_interp_inst|proc_interp:proc_interp_inst|processor:p_proc_interp|core:core|ula:ula|ula_fmlt:my_fmlt|Mult0~8   ; Independent 27x27     ; DSP_X32_Y30_N0 ; Unsigned            ; no                     ; no                     ; --                     ; --                     ; --                     ; --                     ; no              ; no                             ; no                  ; no                            ; no                           ; no                           ;
; top_level:top_level|top_proc_banco:top_proc_banco_inst|proc_banco:proc_banco_inst|processor:p_proc_banco|core:core|ula:ula|ula_fmlt:my_fmlt|Mult0~8        ; Independent 27x27     ; DSP_X86_Y26_N0 ; Unsigned            ; no                     ; no                     ; --                     ; --                     ; --                     ; --                     ; no              ; no                             ; no                  ; no                            ; no                           ; no                           ;
; top_level:top_level|top_proc_banco:top_proc_banco_inst|proc_banco:proc_banco_inst|processor:p_proc_banco|core:core|ula:ula|ula_mlt:my_mlt|Mult0~mult_llmac ; Two Independent 18x18 ; DSP_X86_Y30_N0 ; Unsigned            ; no                     ; no                     ; --                     ; --                     ; --                     ; --                     ; no              ; no                             ; no                  ; no                            ; no                           ; no                           ;
; top_level:top_level|top_proc_banco:top_proc_banco_inst|proc_banco:proc_banco_inst|processor:p_proc_banco|core:core|ula:ula|ula_mlt:my_mlt|Mult0~387        ; Sum of two 18x18      ; DSP_X86_Y28_N0 ; Mixed               ; no                     ; no                     ; --                     ; no                     ; no                     ; --                     ; no              ; no                             ; no                  ; no                            ; no                           ; no                           ;
+------------------------------------------------------------------------------------------------------------------------------------------------------------+-----------------------+----------------+---------------------+------------------------+------------------------+------------------------+------------------------+------------------------+------------------------+-----------------+--------------------------------+---------------------+-------------------------------+------------------------------+------------------------------+


+-------------------------------------------------------------------------+
; Routing Usage Summary                                                   ;
+---------------------------------------------+---------------------------+
; Routing Resource Type                       ; Usage                     ;
+---------------------------------------------+---------------------------+
; Block interconnects                         ; 30,486 / 289,320 ( 11 % ) ;
; C12 interconnects                           ; 768 / 13,420 ( 6 % )      ;
; C2 interconnects                            ; 8,491 / 119,108 ( 7 % )   ;
; C4 interconnects                            ; 5,869 / 56,300 ( 10 % )   ;
; DQS bus muxes                               ; 0 / 25 ( 0 % )            ;
; DQS-18 I/O buses                            ; 0 / 25 ( 0 % )            ;
; DQS-9 I/O buses                             ; 0 / 25 ( 0 % )            ;
; Direct links                                ; 1,173 / 289,320 ( < 1 % ) ;
; Global clocks                               ; 1 / 16 ( 6 % )            ;
; HPS SDRAM PLL inputs                        ; 0 / 1 ( 0 % )             ;
; HPS SDRAM PLL outputs                       ; 0 / 1 ( 0 % )             ;
; HPS_INTERFACE_BOOT_FROM_FPGA_INPUTs         ; 0 / 9 ( 0 % )             ;
; HPS_INTERFACE_CLOCKS_RESETS_INPUTs          ; 0 / 7 ( 0 % )             ;
; HPS_INTERFACE_CLOCKS_RESETS_OUTPUTs         ; 0 / 6 ( 0 % )             ;
; HPS_INTERFACE_CROSS_TRIGGER_INPUTs          ; 0 / 18 ( 0 % )            ;
; HPS_INTERFACE_CROSS_TRIGGER_OUTPUTs         ; 0 / 24 ( 0 % )            ;
; HPS_INTERFACE_DBG_APB_INPUTs                ; 0 / 37 ( 0 % )            ;
; HPS_INTERFACE_DBG_APB_OUTPUTs               ; 0 / 55 ( 0 % )            ;
; HPS_INTERFACE_DMA_INPUTs                    ; 0 / 16 ( 0 % )            ;
; HPS_INTERFACE_DMA_OUTPUTs                   ; 0 / 8 ( 0 % )             ;
; HPS_INTERFACE_FPGA2HPS_INPUTs               ; 0 / 287 ( 0 % )           ;
; HPS_INTERFACE_FPGA2HPS_OUTPUTs              ; 0 / 154 ( 0 % )           ;
; HPS_INTERFACE_FPGA2SDRAM_INPUTs             ; 0 / 852 ( 0 % )           ;
; HPS_INTERFACE_FPGA2SDRAM_OUTPUTs            ; 0 / 408 ( 0 % )           ;
; HPS_INTERFACE_HPS2FPGA_INPUTs               ; 0 / 165 ( 0 % )           ;
; HPS_INTERFACE_HPS2FPGA_LIGHT_WEIGHT_INPUTs  ; 0 / 67 ( 0 % )            ;
; HPS_INTERFACE_HPS2FPGA_LIGHT_WEIGHT_OUTPUTs ; 0 / 156 ( 0 % )           ;
; HPS_INTERFACE_HPS2FPGA_OUTPUTs              ; 0 / 282 ( 0 % )           ;
; HPS_INTERFACE_INTERRUPTS_INPUTs             ; 0 / 64 ( 0 % )            ;
; HPS_INTERFACE_INTERRUPTS_OUTPUTs            ; 0 / 42 ( 0 % )            ;
; HPS_INTERFACE_JTAG_OUTPUTs                  ; 0 / 5 ( 0 % )             ;
; HPS_INTERFACE_LOAN_IO_INPUTs                ; 0 / 142 ( 0 % )           ;
; HPS_INTERFACE_LOAN_IO_OUTPUTs               ; 0 / 85 ( 0 % )            ;
; HPS_INTERFACE_MPU_EVENT_STANDBY_INPUTs      ; 0 / 1 ( 0 % )             ;
; HPS_INTERFACE_MPU_EVENT_STANDBY_OUTPUTs     ; 0 / 5 ( 0 % )             ;
; HPS_INTERFACE_MPU_GENERAL_PURPOSE_INPUTs    ; 0 / 32 ( 0 % )            ;
; HPS_INTERFACE_MPU_GENERAL_PURPOSE_OUTPUTs   ; 0 / 32 ( 0 % )            ;
; HPS_INTERFACE_PERIPHERAL_CAN_INPUTs         ; 0 / 2 ( 0 % )             ;
; HPS_INTERFACE_PERIPHERAL_CAN_OUTPUTs        ; 0 / 2 ( 0 % )             ;
; HPS_INTERFACE_PERIPHERAL_EMAC_INPUTs        ; 0 / 32 ( 0 % )            ;
; HPS_INTERFACE_PERIPHERAL_EMAC_OUTPUTs       ; 0 / 34 ( 0 % )            ;
; HPS_INTERFACE_PERIPHERAL_I2C_INPUTs         ; 0 / 8 ( 0 % )             ;
; HPS_INTERFACE_PERIPHERAL_I2C_OUTPUTs        ; 0 / 8 ( 0 % )             ;
; HPS_INTERFACE_PERIPHERAL_NAND_INPUTs        ; 0 / 12 ( 0 % )            ;
; HPS_INTERFACE_PERIPHERAL_NAND_OUTPUTs       ; 0 / 18 ( 0 % )            ;
; HPS_INTERFACE_PERIPHERAL_QSPI_INPUTs        ; 0 / 4 ( 0 % )             ;
; HPS_INTERFACE_PERIPHERAL_QSPI_OUTPUTs       ; 0 / 13 ( 0 % )            ;
; HPS_INTERFACE_PERIPHERAL_SDMMC_INPUTs       ; 0 / 13 ( 0 % )            ;
; HPS_INTERFACE_PERIPHERAL_SDMMC_OUTPUTs      ; 0 / 22 ( 0 % )            ;
; HPS_INTERFACE_PERIPHERAL_SPI_MASTER_INPUTs  ; 0 / 4 ( 0 % )             ;
; HPS_INTERFACE_PERIPHERAL_SPI_MASTER_OUTPUTs ; 0 / 14 ( 0 % )            ;
; HPS_INTERFACE_PERIPHERAL_SPI_SLAVE_INPUTs   ; 0 / 6 ( 0 % )             ;
; HPS_INTERFACE_PERIPHERAL_SPI_SLAVE_OUTPUTs  ; 0 / 4 ( 0 % )             ;
; HPS_INTERFACE_PERIPHERAL_UART_INPUTs        ; 0 / 10 ( 0 % )            ;
; HPS_INTERFACE_PERIPHERAL_UART_OUTPUTs       ; 0 / 10 ( 0 % )            ;
; HPS_INTERFACE_PERIPHERAL_USB_INPUTs         ; 0 / 22 ( 0 % )            ;
; HPS_INTERFACE_PERIPHERAL_USB_OUTPUTs        ; 0 / 34 ( 0 % )            ;
; HPS_INTERFACE_STM_EVENT_INPUTs              ; 0 / 28 ( 0 % )            ;
; HPS_INTERFACE_TEST_INPUTs                   ; 0 / 610 ( 0 % )           ;
; HPS_INTERFACE_TEST_OUTPUTs                  ; 0 / 513 ( 0 % )           ;
; HPS_INTERFACE_TPIU_TRACE_INPUTs             ; 0 / 2 ( 0 % )             ;
; HPS_INTERFACE_TPIU_TRACE_OUTPUTs            ; 0 / 33 ( 0 % )            ;
; Horizontal periphery clocks                 ; 0 / 72 ( 0 % )            ;
; Local interconnects                         ; 1,918 / 84,580 ( 2 % )    ;
; Quadrant clocks                             ; 0 / 66 ( 0 % )            ;
; R14 interconnects                           ; 885 / 12,676 ( 7 % )      ;
; R14/C12 interconnect drivers                ; 1,274 / 20,720 ( 6 % )    ;
; R3 interconnects                            ; 11,083 / 130,992 ( 8 % )  ;
; R6 interconnects                            ; 20,111 / 266,960 ( 8 % )  ;
; Spine clocks                                ; 6 / 360 ( 2 % )           ;
; Wire stub REs                               ; 0 / 15,858 ( 0 % )        ;
+---------------------------------------------+---------------------------+


+------------------------------------------+
; I/O Rules Summary                        ;
+----------------------------------+-------+
; I/O Rules Statistic              ; Total ;
+----------------------------------+-------+
; Total I/O Rules                  ; 28    ;
; Number of I/O Rules Passed       ; 9     ;
; Number of I/O Rules Failed       ; 0     ;
; Number of I/O Rules Unchecked    ; 0     ;
; Number of I/O Rules Inapplicable ; 19    ;
+----------------------------------+-------+


+-----------------------------------------------------------------------------------------------------------------------------------------------------------------------------------------------------------------------------------------------------------------------------------+
; I/O Rules Details                                                                                                                                                                                                                                                                 ;
+--------------+-----------+-----------------------------------+------------------------------------------------------------------------------------+----------+--------------------------------------------------------------------------+---------------------+-------------------+
; Status       ; ID        ; Category                          ; Rule Description                                                                   ; Severity ; Information                                                              ; Area                ; Extra Information ;
+--------------+-----------+-----------------------------------+------------------------------------------------------------------------------------+----------+--------------------------------------------------------------------------+---------------------+-------------------+
; Pass         ; IO_000001 ; Capacity Checks                   ; Number of pins in an I/O bank should not exceed the number of locations available. ; Critical ; 0 such failures found.                                                   ; I/O                 ;                   ;
; Inapplicable ; IO_000002 ; Capacity Checks                   ; Number of clocks in an I/O bank should not exceed the number of clocks available.  ; Critical ; No Global Signal assignments found.                                      ; I/O                 ;                   ;
; Pass         ; IO_000003 ; Capacity Checks                   ; Number of pins in a Vrefgroup should not exceed the number of locations available. ; Critical ; 0 such failures found.                                                   ; I/O                 ;                   ;
; Inapplicable ; IO_000004 ; Voltage Compatibility Checks      ; The I/O bank should support the requested VCCIO.                                   ; Critical ; No IOBANK_VCCIO assignments found.                                       ; I/O                 ;                   ;
; Inapplicable ; IO_000005 ; Voltage Compatibility Checks      ; The I/O bank should not have competing VREF values.                                ; Critical ; No VREF I/O Standard assignments found.                                  ; I/O                 ;                   ;
; Pass         ; IO_000006 ; Voltage Compatibility Checks      ; The I/O bank should not have competing VCCIO values.                               ; Critical ; 0 such failures found.                                                   ; I/O                 ;                   ;
; Pass         ; IO_000007 ; Valid Location Checks             ; Checks for unavailable locations.                                                  ; Critical ; 0 such failures found.                                                   ; I/O                 ;                   ;
; Inapplicable ; IO_000008 ; Valid Location Checks             ; Checks for reserved locations.                                                     ; Critical ; No reserved LogicLock region found.                                      ; I/O                 ;                   ;
; Pass         ; IO_000009 ; I/O Properties Checks for One I/O ; The location should support the requested I/O standard.                            ; Critical ; 0 such failures found.                                                   ; I/O                 ;                   ;
; Pass         ; IO_000010 ; I/O Properties Checks for One I/O ; The location should support the requested I/O direction.                           ; Critical ; 0 such failures found.                                                   ; I/O                 ;                   ;
; Inapplicable ; IO_000011 ; I/O Properties Checks for One I/O ; The location should support the requested Current Strength.                        ; Critical ; No Current Strength assignments found.                                   ; I/O                 ;                   ;
; Pass         ; IO_000012 ; I/O Properties Checks for One I/O ; The location should support the requested On Chip Termination value.               ; Critical ; 0 such failures found.                                                   ; I/O                 ;                   ;
; Inapplicable ; IO_000013 ; I/O Properties Checks for One I/O ; The location should support the requested Bus Hold value.                          ; Critical ; No Enable Bus-Hold Circuitry assignments found.                          ; I/O                 ;                   ;
; Inapplicable ; IO_000014 ; I/O Properties Checks for One I/O ; The location should support the requested Weak Pull Up value.                      ; Critical ; No Weak Pull-Up Resistor assignments found.                              ; I/O                 ;                   ;
; Inapplicable ; IO_000015 ; I/O Properties Checks for One I/O ; The location should support the requested PCI Clamp Diode.                         ; Critical ; No Clamping Diode assignments found.                                     ; I/O                 ;                   ;
; Inapplicable ; IO_000018 ; I/O Properties Checks for One I/O ; The I/O standard should support the requested Current Strength.                    ; Critical ; No Current Strength assignments found.                                   ; I/O                 ;                   ;
; Pass         ; IO_000019 ; I/O Properties Checks for One I/O ; The I/O standard should support the requested On Chip Termination value.           ; Critical ; 0 such failures found.                                                   ; I/O                 ;                   ;
; Inapplicable ; IO_000020 ; I/O Properties Checks for One I/O ; The I/O standard should support the requested PCI Clamp Diode.                     ; Critical ; No Clamping Diode assignments found.                                     ; I/O                 ;                   ;
; Inapplicable ; IO_000021 ; I/O Properties Checks for One I/O ; The I/O standard should support the requested Weak Pull Up value.                  ; Critical ; No Weak Pull-Up Resistor assignments found.                              ; I/O                 ;                   ;
; Inapplicable ; IO_000022 ; I/O Properties Checks for One I/O ; The I/O standard should support the requested Bus Hold value.                      ; Critical ; No Enable Bus-Hold Circuitry assignments found.                          ; I/O                 ;                   ;
; Inapplicable ; IO_000023 ; I/O Properties Checks for One I/O ; The I/O standard should support the Open Drain value.                              ; Critical ; No open drain assignments found.                                         ; I/O                 ;                   ;
; Pass         ; IO_000024 ; I/O Properties Checks for One I/O ; The I/O direction should support the On Chip Termination value.                    ; Critical ; 0 such failures found.                                                   ; I/O                 ;                   ;
; Inapplicable ; IO_000026 ; I/O Properties Checks for One I/O ; On Chip Termination and Current Strength should not be used at the same time.      ; Critical ; No Current Strength assignments found.                                   ; I/O                 ;                   ;
; Inapplicable ; IO_000027 ; I/O Properties Checks for One I/O ; Weak Pull Up and Bus Hold should not be used at the same time.                     ; Critical ; No Enable Bus-Hold Circuitry or Weak Pull-Up Resistor assignments found. ; I/O                 ;                   ;
; Inapplicable ; IO_000045 ; I/O Properties Checks for One I/O ; The I/O standard should support the requested Slew Rate value.                     ; Critical ; No Slew Rate assignments found.                                          ; I/O                 ;                   ;
; Inapplicable ; IO_000046 ; I/O Properties Checks for One I/O ; The location should support the requested Slew Rate value.                         ; Critical ; No Slew Rate assignments found.                                          ; I/O                 ;                   ;
; Inapplicable ; IO_000047 ; I/O Properties Checks for One I/O ; On Chip Termination and Slew Rate should not be used at the same time.             ; Critical ; No Slew Rate assignments found.                                          ; I/O                 ;                   ;
; Inapplicable ; IO_000034 ; SI Related Distance Checks        ; Single-ended outputs should be 0 LAB row(s) away from a differential I/O.          ; High     ; No Differential I/O Standard assignments found.                          ; I/O                 ;                   ;
; ----         ; ----      ; Disclaimer                        ; OCT rules are checked but not reported.                                            ; None     ; ----                                                                     ; On Chip Termination ;                   ;
+--------------+-----------+-----------------------------------+------------------------------------------------------------------------------------+----------+--------------------------------------------------------------------------+---------------------+-------------------+


+------------------------------------------------------------------------------------------------------------------------------------------------------------------------------------------------------------------------------------------------------------------------------------------------------------------------------------------------------------------------------------------------------------------------------------------------+
; I/O Rules Matrix                                                                                                                                                                                                                                                                                                                                                                                                                               ;
+---------------------+--------------+--------------+--------------+--------------+--------------+-----------+--------------+--------------+-----------+-----------+--------------+--------------+--------------+--------------+--------------+--------------+--------------+--------------+--------------+--------------+--------------+--------------+--------------+--------------+--------------+--------------+--------------+--------------+
; Pin/Rules           ; IO_000001    ; IO_000002    ; IO_000003    ; IO_000004    ; IO_000005    ; IO_000006 ; IO_000007    ; IO_000008    ; IO_000009 ; IO_000010 ; IO_000011    ; IO_000012    ; IO_000013    ; IO_000014    ; IO_000015    ; IO_000018    ; IO_000019    ; IO_000020    ; IO_000021    ; IO_000022    ; IO_000023    ; IO_000024    ; IO_000026    ; IO_000027    ; IO_000045    ; IO_000046    ; IO_000047    ; IO_000034    ;
+---------------------+--------------+--------------+--------------+--------------+--------------+-----------+--------------+--------------+-----------+-----------+--------------+--------------+--------------+--------------+--------------+--------------+--------------+--------------+--------------+--------------+--------------+--------------+--------------+--------------+--------------+--------------+--------------+--------------+
; Total Pass          ; 3            ; 0            ; 3            ; 0            ; 0            ; 7         ; 3            ; 0            ; 7         ; 7         ; 0            ; 1            ; 0            ; 0            ; 0            ; 0            ; 1            ; 0            ; 0            ; 0            ; 0            ; 1            ; 0            ; 0            ; 0            ; 0            ; 0            ; 0            ;
; Total Unchecked     ; 0            ; 0            ; 0            ; 0            ; 0            ; 0         ; 0            ; 0            ; 0         ; 0         ; 0            ; 0            ; 0            ; 0            ; 0            ; 0            ; 0            ; 0            ; 0            ; 0            ; 0            ; 0            ; 0            ; 0            ; 0            ; 0            ; 0            ; 0            ;
; Total Inapplicable  ; 4            ; 7            ; 4            ; 7            ; 7            ; 0         ; 4            ; 7            ; 0         ; 0         ; 7            ; 6            ; 7            ; 7            ; 7            ; 7            ; 6            ; 7            ; 7            ; 7            ; 7            ; 6            ; 7            ; 7            ; 7            ; 7            ; 7            ; 7            ;
; Total Fail          ; 0            ; 0            ; 0            ; 0            ; 0            ; 0         ; 0            ; 0            ; 0         ; 0         ; 0            ; 0            ; 0            ; 0            ; 0            ; 0            ; 0            ; 0            ; 0            ; 0            ; 0            ; 0            ; 0            ; 0            ; 0            ; 0            ; 0            ; 0            ;
; teste               ; Pass         ; Inapplicable ; Pass         ; Inapplicable ; Inapplicable ; Pass      ; Pass         ; Inapplicable ; Pass      ; Pass      ; Inapplicable ; Pass         ; Inapplicable ; Inapplicable ; Inapplicable ; Inapplicable ; Pass         ; Inapplicable ; Inapplicable ; Inapplicable ; Inapplicable ; Pass         ; Inapplicable ; Inapplicable ; Inapplicable ; Inapplicable ; Inapplicable ; Inapplicable ;
; rst_n               ; Pass         ; Inapplicable ; Pass         ; Inapplicable ; Inapplicable ; Pass      ; Pass         ; Inapplicable ; Pass      ; Pass      ; Inapplicable ; Inapplicable ; Inapplicable ; Inapplicable ; Inapplicable ; Inapplicable ; Inapplicable ; Inapplicable ; Inapplicable ; Inapplicable ; Inapplicable ; Inapplicable ; Inapplicable ; Inapplicable ; Inapplicable ; Inapplicable ; Inapplicable ; Inapplicable ;
; clk_50              ; Pass         ; Inapplicable ; Pass         ; Inapplicable ; Inapplicable ; Pass      ; Pass         ; Inapplicable ; Pass      ; Pass      ; Inapplicable ; Inapplicable ; Inapplicable ; Inapplicable ; Inapplicable ; Inapplicable ; Inapplicable ; Inapplicable ; Inapplicable ; Inapplicable ; Inapplicable ; Inapplicable ; Inapplicable ; Inapplicable ; Inapplicable ; Inapplicable ; Inapplicable ; Inapplicable ;
; altera_reserved_tms ; Inapplicable ; Inapplicable ; Inapplicable ; Inapplicable ; Inapplicable ; Pass      ; Inapplicable ; Inapplicable ; Pass      ; Pass      ; Inapplicable ; Inapplicable ; Inapplicable ; Inapplicable ; Inapplicable ; Inapplicable ; Inapplicable ; Inapplicable ; Inapplicable ; Inapplicable ; Inapplicable ; Inapplicable ; Inapplicable ; Inapplicable ; Inapplicable ; Inapplicable ; Inapplicable ; Inapplicable ;
; altera_reserved_tck ; Inapplicable ; Inapplicable ; Inapplicable ; Inapplicable ; Inapplicable ; Pass      ; Inapplicable ; Inapplicable ; Pass      ; Pass      ; Inapplicable ; Inapplicable ; Inapplicable ; Inapplicable ; Inapplicable ; Inapplicable ; Inapplicable ; Inapplicable ; Inapplicable ; Inapplicable ; Inapplicable ; Inapplicable ; Inapplicable ; Inapplicable ; Inapplicable ; Inapplicable ; Inapplicable ; Inapplicable ;
; altera_reserved_tdi ; Inapplicable ; Inapplicable ; Inapplicable ; Inapplicable ; Inapplicable ; Pass      ; Inapplicable ; Inapplicable ; Pass      ; Pass      ; Inapplicable ; Inapplicable ; Inapplicable ; Inapplicable ; Inapplicable ; Inapplicable ; Inapplicable ; Inapplicable ; Inapplicable ; Inapplicable ; Inapplicable ; Inapplicable ; Inapplicable ; Inapplicable ; Inapplicable ; Inapplicable ; Inapplicable ; Inapplicable ;
; altera_reserved_tdo ; Inapplicable ; Inapplicable ; Inapplicable ; Inapplicable ; Inapplicable ; Pass      ; Inapplicable ; Inapplicable ; Pass      ; Pass      ; Inapplicable ; Inapplicable ; Inapplicable ; Inapplicable ; Inapplicable ; Inapplicable ; Inapplicable ; Inapplicable ; Inapplicable ; Inapplicable ; Inapplicable ; Inapplicable ; Inapplicable ; Inapplicable ; Inapplicable ; Inapplicable ; Inapplicable ; Inapplicable ;
+---------------------+--------------+--------------+--------------+--------------+--------------+-----------+--------------+--------------+-----------+-----------+--------------+--------------+--------------+--------------+--------------+--------------+--------------+--------------+--------------+--------------+--------------+--------------+--------------+--------------+--------------+--------------+--------------+--------------+


+------------------------------------------------------------------------------------------------+
; Fitter Device Options                                                                          ;
+------------------------------------------------------------------+-----------------------------+
; Option                                                           ; Setting                     ;
+------------------------------------------------------------------+-----------------------------+
; Enable user-supplied start-up clock (CLKUSR)                     ; Off                         ;
; Enable device-wide reset (DEV_CLRn)                              ; Off                         ;
; Enable device-wide output enable (DEV_OE)                        ; Off                         ;
; Enable INIT_DONE output                                          ; Off                         ;
; Configuration scheme                                             ; Passive Serial              ;
; Enable Error Detection CRC_ERROR pin                             ; Off                         ;
; Enable CvP_CONFDONE pin                                          ; Off                         ;
; Enable open drain on CRC_ERROR pin                               ; On                          ;
; Enable open drain on CvP_CONFDONE pin                            ; On                          ;
; Enable open drain on INIT_DONE pin                               ; On                          ;
; Enable open drain on Partial Reconfiguration pins                ; Off                         ;
; Enable open drain on nCEO pin                                    ; On                          ;
; Enable Partial Reconfiguration pins                              ; Off                         ;
; Enable input tri-state on active configuration pins in user mode ; Off                         ;
; Enable internal scrubbing                                        ; Off                         ;
; Active Serial clock source                                       ; 100 MHz Internal Oscillator ;
; Device initialization clock source                               ; Internal Oscillator         ;
; Configuration via Protocol                                       ; Off                         ;
; Configuration Voltage Level                                      ; Auto                        ;
; Force Configuration Voltage Level                                ; Off                         ;
; Enable nCEO output                                               ; Off                         ;
; Data[15..8]                                                      ; Unreserved                  ;
; Data[7..5]                                                       ; Unreserved                  ;
; Base pin-out file on sameframe device                            ; Off                         ;
+------------------------------------------------------------------+-----------------------------+


+------------------------------------+
; Operating Settings and Conditions  ;
+---------------------------+--------+
; Setting                   ; Value  ;
+---------------------------+--------+
; Nominal Core Voltage      ; 1.10 V ;
; Low Junction Temperature  ; -40 °C ;
; High Junction Temperature ; 100 °C ;
+---------------------------+--------+


+----------------------------------------------------------------+
; Estimated Delay Added for Hold Timing Summary                  ;
+---------------------+----------------------+-------------------+
; Source Clock(s)     ; Destination Clock(s) ; Delay Added in ns ;
+---------------------+----------------------+-------------------+
; altera_reserved_tck ; altera_reserved_tck  ; 4952.6            ;
+---------------------+----------------------+-------------------+
Note: For more information on problematic transfers, consider running the Fitter again with the Optimize hold timing option (Settings Menu) turned off.
This will disable optimization of problematic paths and expose them for further analysis using the Timing Analyzer.


+-----------------------------------------------------------------------------------------------------------------------------------------------------------------------------------------------------------------------------------------------------------------------------------------------------------------------------------------------------------------------------------------------------------------------------------------------------------------------------------------------------------------------------------------------------------------------------------------------------------------------------------------------------------------------------------------------------------------------------------------+
; Estimated Delay Added for Hold Timing Details                                                                                                                                                                                                                                                                                                                                                                                                                                                                                                                                                                                                                                                                                           ;
+----------------------------------------------------------------------------------------------------------------------------------------------------------------------------------------------------------------------------------------------------------------------------------------------------------------------------------------------------------+----------------------------------------------------------------------------------------------------------------------------------------------------------------------------------------------------------------------------------------------------------------------------------------------------------------------------------------------------------+-------------------+
; Source Register                                                                                                                                                                                                                                                                                                                                          ; Destination Register                                                                                                                                                                                                                                                                                                                                     ; Delay Added in ns ;
+----------------------------------------------------------------------------------------------------------------------------------------------------------------------------------------------------------------------------------------------------------------------------------------------------------------------------------------------------------+----------------------------------------------------------------------------------------------------------------------------------------------------------------------------------------------------------------------------------------------------------------------------------------------------------------------------------------------------------+-------------------+
; sld_hub:auto_hub|alt_sld_fab_with_jtag_input:\instrumentation_fabric_with_node_gen:fabric_gen_new_way:with_jtag_input_gen:instrumentation_fabric|alt_sld_fab:instrumentation_fabric|alt_sld_fab_alt_sld_fab:alt_sld_fab|alt_sld_fab_alt_sld_fab_sldfabric:sldfabric|sld_jtag_hub:\jtag_hub_gen:real_sld_jtag_hub|virtual_ir_scan_reg                     ; sld_hub:auto_hub|alt_sld_fab_with_jtag_input:\instrumentation_fabric_with_node_gen:fabric_gen_new_way:with_jtag_input_gen:instrumentation_fabric|alt_sld_fab:instrumentation_fabric|alt_sld_fab_alt_sld_fab:alt_sld_fab|alt_sld_fab_alt_sld_fab_sldfabric:sldfabric|sld_jtag_hub:\jtag_hub_gen:real_sld_jtag_hub|hub_mode_reg[0]                         ; 2.639             ;
; sld_hub:auto_hub|alt_sld_fab_with_jtag_input:\instrumentation_fabric_with_node_gen:fabric_gen_new_way:with_jtag_input_gen:instrumentation_fabric|alt_sld_fab:instrumentation_fabric|alt_sld_fab_alt_sld_fab:alt_sld_fab|alt_sld_fab_alt_sld_fab_sldfabric:sldfabric|sld_jtag_hub:\jtag_hub_gen:real_sld_jtag_hub|sld_shadow_jsm:shadow_jsm|state[5]      ; sld_hub:auto_hub|alt_sld_fab_with_jtag_input:\instrumentation_fabric_with_node_gen:fabric_gen_new_way:with_jtag_input_gen:instrumentation_fabric|alt_sld_fab:instrumentation_fabric|alt_sld_fab_alt_sld_fab:alt_sld_fab|alt_sld_fab_alt_sld_fab_sldfabric:sldfabric|sld_jtag_hub:\jtag_hub_gen:real_sld_jtag_hub|hub_mode_reg[0]                         ; 2.624             ;
; sld_hub:auto_hub|alt_sld_fab_with_jtag_input:\instrumentation_fabric_with_node_gen:fabric_gen_new_way:with_jtag_input_gen:instrumentation_fabric|alt_sld_fab:instrumentation_fabric|alt_sld_fab_alt_sld_fab:alt_sld_fab|alt_sld_fab_alt_sld_fab_sldfabric:sldfabric|sld_jtag_hub:\jtag_hub_gen:real_sld_jtag_hub|sld_shadow_jsm:shadow_jsm|state[7]      ; sld_hub:auto_hub|alt_sld_fab_with_jtag_input:\instrumentation_fabric_with_node_gen:fabric_gen_new_way:with_jtag_input_gen:instrumentation_fabric|alt_sld_fab:instrumentation_fabric|alt_sld_fab_alt_sld_fab:alt_sld_fab|alt_sld_fab_alt_sld_fab_sldfabric:sldfabric|sld_jtag_hub:\jtag_hub_gen:real_sld_jtag_hub|hub_mode_reg[0]                         ; 2.237             ;
; sld_hub:auto_hub|alt_sld_fab_with_jtag_input:\instrumentation_fabric_with_node_gen:fabric_gen_new_way:with_jtag_input_gen:instrumentation_fabric|alt_sld_fab:instrumentation_fabric|alt_sld_fab_alt_sld_fab:alt_sld_fab|alt_sld_fab_alt_sld_fab_sldfabric:sldfabric|sld_jtag_hub:\jtag_hub_gen:real_sld_jtag_hub|sld_shadow_jsm:shadow_jsm|state[8]      ; sld_hub:auto_hub|alt_sld_fab_with_jtag_input:\instrumentation_fabric_with_node_gen:fabric_gen_new_way:with_jtag_input_gen:instrumentation_fabric|alt_sld_fab:instrumentation_fabric|alt_sld_fab_alt_sld_fab:alt_sld_fab|alt_sld_fab_alt_sld_fab_sldfabric:sldfabric|sld_jtag_hub:\jtag_hub_gen:real_sld_jtag_hub|sld_rom_sr:hub_info_reg|word_counter[0] ; 2.226             ;
; sld_hub:auto_hub|alt_sld_fab_with_jtag_input:\instrumentation_fabric_with_node_gen:fabric_gen_new_way:with_jtag_input_gen:instrumentation_fabric|alt_sld_fab:instrumentation_fabric|alt_sld_fab_alt_sld_fab:alt_sld_fab|alt_sld_fab_alt_sld_fab_sldfabric:sldfabric|sld_jtag_hub:\jtag_hub_gen:real_sld_jtag_hub|sld_shadow_jsm:shadow_jsm|state[2]      ; sld_hub:auto_hub|alt_sld_fab_with_jtag_input:\instrumentation_fabric_with_node_gen:fabric_gen_new_way:with_jtag_input_gen:instrumentation_fabric|alt_sld_fab:instrumentation_fabric|alt_sld_fab_alt_sld_fab:alt_sld_fab|splitter_nodes_receive_0[3]                                                                                                      ; 2.185             ;
; sld_hub:auto_hub|alt_sld_fab_with_jtag_input:\instrumentation_fabric_with_node_gen:fabric_gen_new_way:with_jtag_input_gen:instrumentation_fabric|alt_sld_fab:instrumentation_fabric|alt_sld_fab_alt_sld_fab:alt_sld_fab|alt_sld_fab_alt_sld_fab_sldfabric:sldfabric|sld_jtag_hub:\jtag_hub_gen:real_sld_jtag_hub|sld_shadow_jsm:shadow_jsm|state[3]      ; sld_signaltap:auto_signaltap_0|sld_signaltap_impl:sld_signaltap_body|sld_signaltap_implb:sld_signaltap_body|serial_crc_16:\tdo_crc_gen:tdo_crc_calc|lfsr[0]                                                                                                                                                                                              ; 2.113             ;
; sld_signaltap:auto_signaltap_0|sld_signaltap_impl:sld_signaltap_body|sld_signaltap_implb:sld_signaltap_body|bypass_reg_out                                                                                                                                                                                                                               ; sld_signaltap:auto_signaltap_0|sld_signaltap_impl:sld_signaltap_body|sld_signaltap_implb:sld_signaltap_body|serial_crc_16:\tdo_crc_gen:tdo_crc_calc|lfsr[0]                                                                                                                                                                                              ; 2.107             ;
; sld_signaltap:auto_signaltap_0|sld_signaltap_impl:sld_signaltap_body|sld_signaltap_implb:sld_signaltap_body|lpm_shiftreg:status_register|dffs[0]                                                                                                                                                                                                         ; sld_signaltap:auto_signaltap_0|sld_signaltap_impl:sld_signaltap_body|sld_signaltap_implb:sld_signaltap_body|serial_crc_16:\tdo_crc_gen:tdo_crc_calc|lfsr[0]                                                                                                                                                                                              ; 2.075             ;
; sld_signaltap:auto_signaltap_0|sld_signaltap_impl:sld_signaltap_body|sld_signaltap_implb:sld_signaltap_body|sld_rom_sr:crc_rom_sr|WORD_SR[0]                                                                                                                                                                                                             ; sld_signaltap:auto_signaltap_0|sld_signaltap_impl:sld_signaltap_body|sld_signaltap_implb:sld_signaltap_body|serial_crc_16:\tdo_crc_gen:tdo_crc_calc|lfsr[0]                                                                                                                                                                                              ; 2.075             ;
; sld_signaltap:auto_signaltap_0|sld_signaltap_impl:sld_signaltap_body|sld_signaltap_implb:sld_signaltap_body|sld_offload_buffer_mgr:\stp_non_zero_depth_offload_gen:stp_offload_buff_mgr_inst|lpm_shiftreg:info_data_shift_out|dffs[0]                                                                                                                    ; sld_signaltap:auto_signaltap_0|sld_signaltap_impl:sld_signaltap_body|sld_signaltap_implb:sld_signaltap_body|serial_crc_16:\tdo_crc_gen:tdo_crc_calc|lfsr[0]                                                                                                                                                                                              ; 2.075             ;
; sld_hub:auto_hub|alt_sld_fab_with_jtag_input:\instrumentation_fabric_with_node_gen:fabric_gen_new_way:with_jtag_input_gen:instrumentation_fabric|alt_sld_fab:instrumentation_fabric|alt_sld_fab_alt_sld_fab:alt_sld_fab|splitter_nodes_receive_0[3]                                                                                                      ; sld_signaltap:auto_signaltap_0|sld_signaltap_impl:sld_signaltap_body|sld_signaltap_implb:sld_signaltap_body|serial_crc_16:\tdo_crc_gen:tdo_crc_calc|lfsr[0]                                                                                                                                                                                              ; 2.075             ;
; sld_hub:auto_hub|alt_sld_fab_with_jtag_input:\instrumentation_fabric_with_node_gen:fabric_gen_new_way:with_jtag_input_gen:instrumentation_fabric|alt_sld_fab:instrumentation_fabric|alt_sld_fab_alt_sld_fab:alt_sld_fab|alt_sld_fab_alt_sld_fab_sldfabric:sldfabric|sld_jtag_hub:\jtag_hub_gen:real_sld_jtag_hub|irf_reg[1][3]                           ; sld_signaltap:auto_signaltap_0|sld_signaltap_impl:sld_signaltap_body|sld_signaltap_implb:sld_signaltap_body|serial_crc_16:\tdo_crc_gen:tdo_crc_calc|lfsr[0]                                                                                                                                                                                              ; 2.075             ;
; sld_hub:auto_hub|alt_sld_fab_with_jtag_input:\instrumentation_fabric_with_node_gen:fabric_gen_new_way:with_jtag_input_gen:instrumentation_fabric|alt_sld_fab:instrumentation_fabric|alt_sld_fab_alt_sld_fab:alt_sld_fab|alt_sld_fab_alt_sld_fab_sldfabric:sldfabric|sld_jtag_hub:\jtag_hub_gen:real_sld_jtag_hub|irf_reg[1][4]                           ; sld_signaltap:auto_signaltap_0|sld_signaltap_impl:sld_signaltap_body|sld_signaltap_implb:sld_signaltap_body|serial_crc_16:\tdo_crc_gen:tdo_crc_calc|lfsr[0]                                                                                                                                                                                              ; 2.075             ;
; sld_hub:auto_hub|alt_sld_fab_with_jtag_input:\instrumentation_fabric_with_node_gen:fabric_gen_new_way:with_jtag_input_gen:instrumentation_fabric|alt_sld_fab:instrumentation_fabric|alt_sld_fab_alt_sld_fab:alt_sld_fab|alt_sld_fab_alt_sld_fab_sldfabric:sldfabric|sld_jtag_hub:\jtag_hub_gen:real_sld_jtag_hub|irf_reg[1][5]                           ; sld_signaltap:auto_signaltap_0|sld_signaltap_impl:sld_signaltap_body|sld_signaltap_implb:sld_signaltap_body|serial_crc_16:\tdo_crc_gen:tdo_crc_calc|lfsr[0]                                                                                                                                                                                              ; 2.075             ;
; sld_hub:auto_hub|alt_sld_fab_with_jtag_input:\instrumentation_fabric_with_node_gen:fabric_gen_new_way:with_jtag_input_gen:instrumentation_fabric|alt_sld_fab:instrumentation_fabric|alt_sld_fab_alt_sld_fab:alt_sld_fab|alt_sld_fab_alt_sld_fab_sldfabric:sldfabric|sld_jtag_hub:\jtag_hub_gen:real_sld_jtag_hub|irf_reg[1][6]                           ; sld_signaltap:auto_signaltap_0|sld_signaltap_impl:sld_signaltap_body|sld_signaltap_implb:sld_signaltap_body|serial_crc_16:\tdo_crc_gen:tdo_crc_calc|lfsr[0]                                                                                                                                                                                              ; 2.075             ;
; sld_hub:auto_hub|alt_sld_fab_with_jtag_input:\instrumentation_fabric_with_node_gen:fabric_gen_new_way:with_jtag_input_gen:instrumentation_fabric|alt_sld_fab:instrumentation_fabric|alt_sld_fab_alt_sld_fab:alt_sld_fab|alt_sld_fab_alt_sld_fab_sldfabric:sldfabric|sld_jtag_hub:\jtag_hub_gen:real_sld_jtag_hub|irf_reg[1][7]                           ; sld_signaltap:auto_signaltap_0|sld_signaltap_impl:sld_signaltap_body|sld_signaltap_implb:sld_signaltap_body|serial_crc_16:\tdo_crc_gen:tdo_crc_calc|lfsr[0]                                                                                                                                                                                              ; 2.075             ;
; sld_hub:auto_hub|alt_sld_fab_with_jtag_input:\instrumentation_fabric_with_node_gen:fabric_gen_new_way:with_jtag_input_gen:instrumentation_fabric|alt_sld_fab:instrumentation_fabric|alt_sld_fab_alt_sld_fab:alt_sld_fab|alt_sld_fab_alt_sld_fab_sldfabric:sldfabric|sld_jtag_hub:\jtag_hub_gen:real_sld_jtag_hub|irf_reg[1][8]                           ; sld_signaltap:auto_signaltap_0|sld_signaltap_impl:sld_signaltap_body|sld_signaltap_implb:sld_signaltap_body|serial_crc_16:\tdo_crc_gen:tdo_crc_calc|lfsr[0]                                                                                                                                                                                              ; 2.075             ;
; sld_hub:auto_hub|alt_sld_fab_with_jtag_input:\instrumentation_fabric_with_node_gen:fabric_gen_new_way:with_jtag_input_gen:instrumentation_fabric|alt_sld_fab:instrumentation_fabric|alt_sld_fab_alt_sld_fab:alt_sld_fab|alt_sld_fab_alt_sld_fab_sldfabric:sldfabric|sld_jtag_hub:\jtag_hub_gen:real_sld_jtag_hub|irf_reg[1][1]                           ; sld_signaltap:auto_signaltap_0|sld_signaltap_impl:sld_signaltap_body|sld_signaltap_implb:sld_signaltap_body|serial_crc_16:\tdo_crc_gen:tdo_crc_calc|lfsr[0]                                                                                                                                                                                              ; 2.075             ;
; sld_hub:auto_hub|alt_sld_fab_with_jtag_input:\instrumentation_fabric_with_node_gen:fabric_gen_new_way:with_jtag_input_gen:instrumentation_fabric|alt_sld_fab:instrumentation_fabric|alt_sld_fab_alt_sld_fab:alt_sld_fab|alt_sld_fab_alt_sld_fab_sldfabric:sldfabric|sld_jtag_hub:\jtag_hub_gen:real_sld_jtag_hub|sld_shadow_jsm:shadow_jsm|state[4]      ; sld_signaltap:auto_signaltap_0|sld_signaltap_impl:sld_signaltap_body|sld_signaltap_implb:sld_signaltap_body|serial_crc_16:\tdo_crc_gen:tdo_crc_calc|lfsr[0]                                                                                                                                                                                              ; 2.075             ;
; sld_signaltap:auto_signaltap_0|sld_signaltap_impl:sld_signaltap_body|sld_signaltap_implb:sld_signaltap_body|tdo_crc_val_shift_reg[0]                                                                                                                                                                                                                     ; sld_signaltap:auto_signaltap_0|sld_signaltap_impl:sld_signaltap_body|sld_signaltap_implb:sld_signaltap_body|serial_crc_16:\tdo_crc_gen:tdo_crc_calc|lfsr[0]                                                                                                                                                                                              ; 1.912             ;
; altera_reserved_tms                                                                                                                                                                                                                                                                                                                                      ; sld_hub:auto_hub|alt_sld_fab_with_jtag_input:\instrumentation_fabric_with_node_gen:fabric_gen_new_way:with_jtag_input_gen:instrumentation_fabric|alt_sld_fab:instrumentation_fabric|alt_sld_fab_alt_sld_fab:alt_sld_fab|alt_sld_fab_alt_sld_fab_sldfabric:sldfabric|sld_jtag_hub:\jtag_hub_gen:real_sld_jtag_hub|hub_mode_reg[0]                         ; 1.860             ;
; altera_internal_jtag~FF_17                                                                                                                                                                                                                                                                                                                               ; sld_hub:auto_hub|alt_sld_fab_with_jtag_input:\instrumentation_fabric_with_node_gen:fabric_gen_new_way:with_jtag_input_gen:instrumentation_fabric|alt_sld_fab:instrumentation_fabric|alt_sld_fab_alt_sld_fab:alt_sld_fab|alt_sld_fab_alt_sld_fab_sldfabric:sldfabric|sld_jtag_hub:\jtag_hub_gen:real_sld_jtag_hub|hub_mode_reg[0]                         ; 1.860             ;
; altera_internal_jtag~FF_36                                                                                                                                                                                                                                                                                                                               ; sld_hub:auto_hub|alt_sld_fab_with_jtag_input:\instrumentation_fabric_with_node_gen:fabric_gen_new_way:with_jtag_input_gen:instrumentation_fabric|alt_sld_fab:instrumentation_fabric|alt_sld_fab_alt_sld_fab:alt_sld_fab|alt_sld_fab_alt_sld_fab_sldfabric:sldfabric|sld_jtag_hub:\jtag_hub_gen:real_sld_jtag_hub|hub_mode_reg[0]                         ; 1.860             ;
; sld_signaltap:auto_signaltap_0|sld_signaltap_impl:sld_signaltap_body|sld_signaltap_implb:sld_signaltap_body|sld_offload_buffer_mgr:\stp_non_zero_depth_offload_gen:stp_offload_buff_mgr_inst|lpm_counter:\adv_point_3_and_more:advance_pointer_counter|cntr_79i:auto_generated|counter_reg_bit[4]                                                        ; sld_signaltap:auto_signaltap_0|sld_signaltap_impl:sld_signaltap_body|sld_signaltap_implb:sld_signaltap_body|sld_offload_buffer_mgr:\stp_non_zero_depth_offload_gen:stp_offload_buff_mgr_inst|lpm_shiftreg:ram_data_shift_out|dffs[22]                                                                                                                    ; 1.606             ;
; sld_hub:auto_hub|alt_sld_fab_with_jtag_input:\instrumentation_fabric_with_node_gen:fabric_gen_new_way:with_jtag_input_gen:instrumentation_fabric|alt_sld_fab:instrumentation_fabric|alt_sld_fab_alt_sld_fab:alt_sld_fab|alt_sld_fab_alt_sld_fab_sldfabric:sldfabric|sld_jtag_hub:\jtag_hub_gen:real_sld_jtag_hub|irf_reg[1][9]                           ; sld_signaltap:auto_signaltap_0|sld_signaltap_impl:sld_signaltap_body|sld_signaltap_implb:sld_signaltap_body|serial_crc_16:\tdo_crc_gen:tdo_crc_calc|lfsr[0]                                                                                                                                                                                              ; 1.590             ;
; sld_signaltap:auto_signaltap_0|sld_signaltap_impl:sld_signaltap_body|sld_signaltap_implb:sld_signaltap_body|sld_offload_buffer_mgr:\stp_non_zero_depth_offload_gen:stp_offload_buff_mgr_inst|lpm_counter:\adv_point_3_and_more:advance_pointer_counter|cntr_79i:auto_generated|counter_reg_bit[0]                                                        ; sld_signaltap:auto_signaltap_0|sld_signaltap_impl:sld_signaltap_body|sld_signaltap_implb:sld_signaltap_body|sld_offload_buffer_mgr:\stp_non_zero_depth_offload_gen:stp_offload_buff_mgr_inst|lpm_shiftreg:ram_data_shift_out|dffs[22]                                                                                                                    ; 1.583             ;
; sld_signaltap:auto_signaltap_0|sld_signaltap_impl:sld_signaltap_body|sld_signaltap_implb:sld_signaltap_body|sld_offload_buffer_mgr:\stp_non_zero_depth_offload_gen:stp_offload_buff_mgr_inst|lpm_counter:\adv_point_3_and_more:advance_pointer_counter|cntr_79i:auto_generated|counter_reg_bit[3]                                                        ; sld_signaltap:auto_signaltap_0|sld_signaltap_impl:sld_signaltap_body|sld_signaltap_implb:sld_signaltap_body|sld_offload_buffer_mgr:\stp_non_zero_depth_offload_gen:stp_offload_buff_mgr_inst|lpm_shiftreg:ram_data_shift_out|dffs[22]                                                                                                                    ; 1.560             ;
; sld_signaltap:auto_signaltap_0|sld_signaltap_impl:sld_signaltap_body|sld_signaltap_implb:sld_signaltap_body|sld_offload_buffer_mgr:\stp_non_zero_depth_offload_gen:stp_offload_buff_mgr_inst|lpm_shiftreg:ram_data_shift_out|dffs[24]                                                                                                                    ; sld_signaltap:auto_signaltap_0|sld_signaltap_impl:sld_signaltap_body|sld_signaltap_implb:sld_signaltap_body|sld_offload_buffer_mgr:\stp_non_zero_depth_offload_gen:stp_offload_buff_mgr_inst|lpm_shiftreg:ram_data_shift_out|dffs[23]                                                                                                                    ; 1.558             ;
; sld_signaltap:auto_signaltap_0|sld_signaltap_impl:sld_signaltap_body|sld_signaltap_implb:sld_signaltap_body|sld_offload_buffer_mgr:\stp_non_zero_depth_offload_gen:stp_offload_buff_mgr_inst|lpm_shiftreg:ram_data_shift_out|dffs[22]                                                                                                                    ; sld_signaltap:auto_signaltap_0|sld_signaltap_impl:sld_signaltap_body|sld_signaltap_implb:sld_signaltap_body|sld_offload_buffer_mgr:\stp_non_zero_depth_offload_gen:stp_offload_buff_mgr_inst|lpm_shiftreg:ram_data_shift_out|dffs[21]                                                                                                                    ; 1.558             ;
; sld_signaltap:auto_signaltap_0|sld_signaltap_impl:sld_signaltap_body|sld_signaltap_implb:sld_signaltap_body|sld_offload_buffer_mgr:\stp_non_zero_depth_offload_gen:stp_offload_buff_mgr_inst|lpm_counter:\adv_point_3_and_more:advance_pointer_counter|cntr_79i:auto_generated|counter_reg_bit[5]                                                        ; sld_signaltap:auto_signaltap_0|sld_signaltap_impl:sld_signaltap_body|sld_signaltap_implb:sld_signaltap_body|sld_offload_buffer_mgr:\stp_non_zero_depth_offload_gen:stp_offload_buff_mgr_inst|lpm_shiftreg:ram_data_shift_out|dffs[22]                                                                                                                    ; 1.546             ;
; sld_hub:auto_hub|alt_sld_fab_with_jtag_input:\instrumentation_fabric_with_node_gen:fabric_gen_new_way:with_jtag_input_gen:instrumentation_fabric|alt_sld_fab:instrumentation_fabric|alt_sld_fab_alt_sld_fab:alt_sld_fab|alt_sld_fab_alt_sld_fab_sldfabric:sldfabric|sld_jtag_hub:\jtag_hub_gen:real_sld_jtag_hub|sld_rom_sr:hub_info_reg|word_counter[2] ; sld_hub:auto_hub|alt_sld_fab_with_jtag_input:\instrumentation_fabric_with_node_gen:fabric_gen_new_way:with_jtag_input_gen:instrumentation_fabric|alt_sld_fab:instrumentation_fabric|alt_sld_fab_alt_sld_fab:alt_sld_fab|alt_sld_fab_alt_sld_fab_sldfabric:sldfabric|sld_jtag_hub:\jtag_hub_gen:real_sld_jtag_hub|sld_rom_sr:hub_info_reg|WORD_SR[2]      ; 1.534             ;
; sld_hub:auto_hub|alt_sld_fab_with_jtag_input:\instrumentation_fabric_with_node_gen:fabric_gen_new_way:with_jtag_input_gen:instrumentation_fabric|alt_sld_fab:instrumentation_fabric|alt_sld_fab_alt_sld_fab:alt_sld_fab|alt_sld_fab_alt_sld_fab_sldfabric:sldfabric|sld_jtag_hub:\jtag_hub_gen:real_sld_jtag_hub|sld_rom_sr:hub_info_reg|word_counter[0] ; sld_hub:auto_hub|alt_sld_fab_with_jtag_input:\instrumentation_fabric_with_node_gen:fabric_gen_new_way:with_jtag_input_gen:instrumentation_fabric|alt_sld_fab:instrumentation_fabric|alt_sld_fab_alt_sld_fab:alt_sld_fab|alt_sld_fab_alt_sld_fab_sldfabric:sldfabric|sld_jtag_hub:\jtag_hub_gen:real_sld_jtag_hub|sld_rom_sr:hub_info_reg|WORD_SR[3]      ; 1.534             ;
; sld_signaltap:auto_signaltap_0|sld_signaltap_impl:sld_signaltap_body|sld_signaltap_implb:sld_signaltap_body|sld_offload_buffer_mgr:\stp_non_zero_depth_offload_gen:stp_offload_buff_mgr_inst|lpm_shiftreg:ram_data_shift_out|dffs[46]                                                                                                                    ; sld_signaltap:auto_signaltap_0|sld_signaltap_impl:sld_signaltap_body|sld_signaltap_implb:sld_signaltap_body|sld_offload_buffer_mgr:\stp_non_zero_depth_offload_gen:stp_offload_buff_mgr_inst|lpm_shiftreg:ram_data_shift_out|dffs[45]                                                                                                                    ; 1.522             ;
; sld_hub:auto_hub|alt_sld_fab_with_jtag_input:\instrumentation_fabric_with_node_gen:fabric_gen_new_way:with_jtag_input_gen:instrumentation_fabric|alt_sld_fab:instrumentation_fabric|alt_sld_fab_alt_sld_fab:alt_sld_fab|alt_sld_fab_alt_sld_fab_sldfabric:sldfabric|sld_jtag_hub:\jtag_hub_gen:real_sld_jtag_hub|jtag_ir_reg[1]                          ; sld_hub:auto_hub|alt_sld_fab_with_jtag_input:\instrumentation_fabric_with_node_gen:fabric_gen_new_way:with_jtag_input_gen:instrumentation_fabric|alt_sld_fab:instrumentation_fabric|alt_sld_fab_alt_sld_fab:alt_sld_fab|alt_sld_fab_alt_sld_fab_sldfabric:sldfabric|sld_jtag_hub:\jtag_hub_gen:real_sld_jtag_hub|jtag_ir_reg[0]                          ; 1.521             ;
; sld_signaltap:auto_signaltap_0|sld_signaltap_impl:sld_signaltap_body|sld_signaltap_implb:sld_signaltap_body|sld_offload_buffer_mgr:\stp_non_zero_depth_offload_gen:stp_offload_buff_mgr_inst|lpm_shiftreg:ram_data_shift_out|dffs[38]                                                                                                                    ; sld_signaltap:auto_signaltap_0|sld_signaltap_impl:sld_signaltap_body|sld_signaltap_implb:sld_signaltap_body|sld_offload_buffer_mgr:\stp_non_zero_depth_offload_gen:stp_offload_buff_mgr_inst|lpm_shiftreg:ram_data_shift_out|dffs[37]                                                                                                                    ; 1.514             ;
; sld_hub:auto_hub|alt_sld_fab_with_jtag_input:\instrumentation_fabric_with_node_gen:fabric_gen_new_way:with_jtag_input_gen:instrumentation_fabric|alt_sld_fab:instrumentation_fabric|alt_sld_fab_alt_sld_fab:alt_sld_fab|alt_sld_fab_alt_sld_fab_sldfabric:sldfabric|sld_jtag_hub:\jtag_hub_gen:real_sld_jtag_hub|jtag_ir_reg[3]                          ; sld_hub:auto_hub|alt_sld_fab_with_jtag_input:\instrumentation_fabric_with_node_gen:fabric_gen_new_way:with_jtag_input_gen:instrumentation_fabric|alt_sld_fab:instrumentation_fabric|alt_sld_fab_alt_sld_fab:alt_sld_fab|alt_sld_fab_alt_sld_fab_sldfabric:sldfabric|sld_jtag_hub:\jtag_hub_gen:real_sld_jtag_hub|jtag_ir_reg[2]                          ; 1.510             ;
; sld_signaltap:auto_signaltap_0|sld_signaltap_impl:sld_signaltap_body|sld_signaltap_implb:sld_signaltap_body|sld_offload_buffer_mgr:\stp_non_zero_depth_offload_gen:stp_offload_buff_mgr_inst|lpm_counter:\adv_point_3_and_more:advance_pointer_counter|cntr_79i:auto_generated|counter_reg_bit[2]                                                        ; sld_signaltap:auto_signaltap_0|sld_signaltap_impl:sld_signaltap_body|sld_signaltap_implb:sld_signaltap_body|sld_offload_buffer_mgr:\stp_non_zero_depth_offload_gen:stp_offload_buff_mgr_inst|lpm_shiftreg:ram_data_shift_out|dffs[22]                                                                                                                    ; 1.494             ;
; sld_signaltap:auto_signaltap_0|sld_signaltap_impl:sld_signaltap_body|sld_signaltap_implb:sld_signaltap_body|sld_ela_control:ela_control|sld_ela_basic_multi_level_trigger:\basic_multi_level_mbpm_trigger_gen:multi_level_mbpm|lpm_shiftreg:trigger_condition_deserialize|dffs[47]                                                                       ; sld_signaltap:auto_signaltap_0|sld_signaltap_impl:sld_signaltap_body|sld_signaltap_implb:sld_signaltap_body|sld_ela_control:ela_control|sld_ela_basic_multi_level_trigger:\basic_multi_level_mbpm_trigger_gen:multi_level_mbpm|lpm_shiftreg:trigger_condition_deserialize|dffs[46]                                                                       ; 1.492             ;
; sld_signaltap:auto_signaltap_0|sld_signaltap_impl:sld_signaltap_body|sld_signaltap_implb:sld_signaltap_body|sld_offload_buffer_mgr:\stp_non_zero_depth_offload_gen:stp_offload_buff_mgr_inst|lpm_shiftreg:ram_data_shift_out|dffs[29]                                                                                                                    ; sld_signaltap:auto_signaltap_0|sld_signaltap_impl:sld_signaltap_body|sld_signaltap_implb:sld_signaltap_body|sld_offload_buffer_mgr:\stp_non_zero_depth_offload_gen:stp_offload_buff_mgr_inst|lpm_shiftreg:ram_data_shift_out|dffs[28]                                                                                                                    ; 1.490             ;
; sld_hub:auto_hub|alt_sld_fab_with_jtag_input:\instrumentation_fabric_with_node_gen:fabric_gen_new_way:with_jtag_input_gen:instrumentation_fabric|alt_sld_fab:instrumentation_fabric|alt_sld_fab_alt_sld_fab:alt_sld_fab|sldfabric_ident_writedata[0]                                                                                                     ; sld_hub:auto_hub|alt_sld_fab_with_jtag_input:\instrumentation_fabric_with_node_gen:fabric_gen_new_way:with_jtag_input_gen:instrumentation_fabric|alt_sld_fab:instrumentation_fabric|alt_sld_fab_alt_sld_fab:alt_sld_fab|alt_sld_fab_alt_sld_fab_sldfabric:sldfabric|sld_jtag_hub:\jtag_hub_gen:real_sld_jtag_hub|design_hash_reg[0]                      ; 1.483             ;
; sld_signaltap:auto_signaltap_0|sld_signaltap_impl:sld_signaltap_body|sld_signaltap_implb:sld_signaltap_body|sld_offload_buffer_mgr:\stp_non_zero_depth_offload_gen:stp_offload_buff_mgr_inst|lpm_shiftreg:ram_data_shift_out|dffs[48]                                                                                                                    ; sld_signaltap:auto_signaltap_0|sld_signaltap_impl:sld_signaltap_body|sld_signaltap_implb:sld_signaltap_body|sld_offload_buffer_mgr:\stp_non_zero_depth_offload_gen:stp_offload_buff_mgr_inst|lpm_shiftreg:ram_data_shift_out|dffs[47]                                                                                                                    ; 1.481             ;
; sld_signaltap:auto_signaltap_0|sld_signaltap_impl:sld_signaltap_body|sld_signaltap_implb:sld_signaltap_body|sld_offload_buffer_mgr:\stp_non_zero_depth_offload_gen:stp_offload_buff_mgr_inst|lpm_shiftreg:ram_data_shift_out|dffs[52]                                                                                                                    ; sld_signaltap:auto_signaltap_0|sld_signaltap_impl:sld_signaltap_body|sld_signaltap_implb:sld_signaltap_body|sld_offload_buffer_mgr:\stp_non_zero_depth_offload_gen:stp_offload_buff_mgr_inst|lpm_shiftreg:ram_data_shift_out|dffs[51]                                                                                                                    ; 1.478             ;
; sld_signaltap:auto_signaltap_0|sld_signaltap_impl:sld_signaltap_body|sld_signaltap_implb:sld_signaltap_body|sld_offload_buffer_mgr:\stp_non_zero_depth_offload_gen:stp_offload_buff_mgr_inst|lpm_shiftreg:ram_data_shift_out|dffs[20]                                                                                                                    ; sld_signaltap:auto_signaltap_0|sld_signaltap_impl:sld_signaltap_body|sld_signaltap_implb:sld_signaltap_body|sld_offload_buffer_mgr:\stp_non_zero_depth_offload_gen:stp_offload_buff_mgr_inst|lpm_shiftreg:ram_data_shift_out|dffs[19]                                                                                                                    ; 1.470             ;
; sld_hub:auto_hub|alt_sld_fab_with_jtag_input:\instrumentation_fabric_with_node_gen:fabric_gen_new_way:with_jtag_input_gen:instrumentation_fabric|alt_sld_fab:instrumentation_fabric|alt_sld_fab_alt_sld_fab:alt_sld_fab|sldfabric_ident_writedata[1]                                                                                                     ; sld_hub:auto_hub|alt_sld_fab_with_jtag_input:\instrumentation_fabric_with_node_gen:fabric_gen_new_way:with_jtag_input_gen:instrumentation_fabric|alt_sld_fab:instrumentation_fabric|alt_sld_fab_alt_sld_fab:alt_sld_fab|alt_sld_fab_alt_sld_fab_sldfabric:sldfabric|sld_jtag_hub:\jtag_hub_gen:real_sld_jtag_hub|design_hash_reg[1]                      ; 1.468             ;
; sld_signaltap:auto_signaltap_0|sld_signaltap_impl:sld_signaltap_body|sld_signaltap_implb:sld_signaltap_body|sld_offload_buffer_mgr:\stp_non_zero_depth_offload_gen:stp_offload_buff_mgr_inst|lpm_shiftreg:ram_data_shift_out|dffs[12]                                                                                                                    ; sld_signaltap:auto_signaltap_0|sld_signaltap_impl:sld_signaltap_body|sld_signaltap_implb:sld_signaltap_body|sld_offload_buffer_mgr:\stp_non_zero_depth_offload_gen:stp_offload_buff_mgr_inst|lpm_shiftreg:ram_data_shift_out|dffs[11]                                                                                                                    ; 1.468             ;
; sld_signaltap:auto_signaltap_0|sld_signaltap_impl:sld_signaltap_body|sld_signaltap_implb:sld_signaltap_body|sld_offload_buffer_mgr:\stp_non_zero_depth_offload_gen:stp_offload_buff_mgr_inst|lpm_shiftreg:ram_data_shift_out|dffs[7]                                                                                                                     ; sld_signaltap:auto_signaltap_0|sld_signaltap_impl:sld_signaltap_body|sld_signaltap_implb:sld_signaltap_body|sld_offload_buffer_mgr:\stp_non_zero_depth_offload_gen:stp_offload_buff_mgr_inst|lpm_shiftreg:ram_data_shift_out|dffs[6]                                                                                                                     ; 1.468             ;
; sld_signaltap:auto_signaltap_0|sld_signaltap_impl:sld_signaltap_body|sld_signaltap_implb:sld_signaltap_body|sld_offload_buffer_mgr:\stp_non_zero_depth_offload_gen:stp_offload_buff_mgr_inst|lpm_shiftreg:ram_data_shift_out|dffs[6]                                                                                                                     ; sld_signaltap:auto_signaltap_0|sld_signaltap_impl:sld_signaltap_body|sld_signaltap_implb:sld_signaltap_body|sld_offload_buffer_mgr:\stp_non_zero_depth_offload_gen:stp_offload_buff_mgr_inst|lpm_shiftreg:ram_data_shift_out|dffs[5]                                                                                                                     ; 1.468             ;
; sld_signaltap:auto_signaltap_0|sld_signaltap_impl:sld_signaltap_body|sld_signaltap_implb:sld_signaltap_body|sld_offload_buffer_mgr:\stp_non_zero_depth_offload_gen:stp_offload_buff_mgr_inst|lpm_shiftreg:ram_data_shift_out|dffs[45]                                                                                                                    ; sld_signaltap:auto_signaltap_0|sld_signaltap_impl:sld_signaltap_body|sld_signaltap_implb:sld_signaltap_body|sld_offload_buffer_mgr:\stp_non_zero_depth_offload_gen:stp_offload_buff_mgr_inst|lpm_shiftreg:ram_data_shift_out|dffs[44]                                                                                                                    ; 1.466             ;
; sld_signaltap:auto_signaltap_0|sld_signaltap_impl:sld_signaltap_body|sld_signaltap_implb:sld_signaltap_body|sld_offload_buffer_mgr:\stp_non_zero_depth_offload_gen:stp_offload_buff_mgr_inst|lpm_shiftreg:ram_data_shift_out|dffs[44]                                                                                                                    ; sld_signaltap:auto_signaltap_0|sld_signaltap_impl:sld_signaltap_body|sld_signaltap_implb:sld_signaltap_body|sld_offload_buffer_mgr:\stp_non_zero_depth_offload_gen:stp_offload_buff_mgr_inst|lpm_shiftreg:ram_data_shift_out|dffs[43]                                                                                                                    ; 1.466             ;
; sld_signaltap:auto_signaltap_0|sld_signaltap_impl:sld_signaltap_body|sld_signaltap_implb:sld_signaltap_body|sld_offload_buffer_mgr:\stp_non_zero_depth_offload_gen:stp_offload_buff_mgr_inst|lpm_shiftreg:ram_data_shift_out|dffs[43]                                                                                                                    ; sld_signaltap:auto_signaltap_0|sld_signaltap_impl:sld_signaltap_body|sld_signaltap_implb:sld_signaltap_body|sld_offload_buffer_mgr:\stp_non_zero_depth_offload_gen:stp_offload_buff_mgr_inst|lpm_shiftreg:ram_data_shift_out|dffs[42]                                                                                                                    ; 1.466             ;
; sld_signaltap:auto_signaltap_0|sld_signaltap_impl:sld_signaltap_body|sld_signaltap_implb:sld_signaltap_body|sld_offload_buffer_mgr:\stp_non_zero_depth_offload_gen:stp_offload_buff_mgr_inst|lpm_shiftreg:ram_data_shift_out|dffs[42]                                                                                                                    ; sld_signaltap:auto_signaltap_0|sld_signaltap_impl:sld_signaltap_body|sld_signaltap_implb:sld_signaltap_body|sld_offload_buffer_mgr:\stp_non_zero_depth_offload_gen:stp_offload_buff_mgr_inst|lpm_shiftreg:ram_data_shift_out|dffs[41]                                                                                                                    ; 1.466             ;
; sld_signaltap:auto_signaltap_0|sld_signaltap_impl:sld_signaltap_body|sld_signaltap_implb:sld_signaltap_body|sld_offload_buffer_mgr:\stp_non_zero_depth_offload_gen:stp_offload_buff_mgr_inst|lpm_shiftreg:ram_data_shift_out|dffs[51]                                                                                                                    ; sld_signaltap:auto_signaltap_0|sld_signaltap_impl:sld_signaltap_body|sld_signaltap_implb:sld_signaltap_body|sld_offload_buffer_mgr:\stp_non_zero_depth_offload_gen:stp_offload_buff_mgr_inst|lpm_shiftreg:ram_data_shift_out|dffs[50]                                                                                                                    ; 1.465             ;
; sld_signaltap:auto_signaltap_0|sld_signaltap_impl:sld_signaltap_body|sld_signaltap_implb:sld_signaltap_body|sld_offload_buffer_mgr:\stp_non_zero_depth_offload_gen:stp_offload_buff_mgr_inst|lpm_shiftreg:ram_data_shift_out|dffs[18]                                                                                                                    ; sld_signaltap:auto_signaltap_0|sld_signaltap_impl:sld_signaltap_body|sld_signaltap_implb:sld_signaltap_body|sld_offload_buffer_mgr:\stp_non_zero_depth_offload_gen:stp_offload_buff_mgr_inst|lpm_shiftreg:ram_data_shift_out|dffs[17]                                                                                                                    ; 1.462             ;
; sld_signaltap:auto_signaltap_0|sld_signaltap_impl:sld_signaltap_body|sld_signaltap_implb:sld_signaltap_body|sld_offload_buffer_mgr:\stp_non_zero_depth_offload_gen:stp_offload_buff_mgr_inst|lpm_shiftreg:ram_data_shift_out|dffs[17]                                                                                                                    ; sld_signaltap:auto_signaltap_0|sld_signaltap_impl:sld_signaltap_body|sld_signaltap_implb:sld_signaltap_body|sld_offload_buffer_mgr:\stp_non_zero_depth_offload_gen:stp_offload_buff_mgr_inst|lpm_shiftreg:ram_data_shift_out|dffs[16]                                                                                                                    ; 1.462             ;
; sld_signaltap:auto_signaltap_0|sld_signaltap_impl:sld_signaltap_body|sld_signaltap_implb:sld_signaltap_body|sld_offload_buffer_mgr:\stp_non_zero_depth_offload_gen:stp_offload_buff_mgr_inst|lpm_shiftreg:ram_data_shift_out|dffs[16]                                                                                                                    ; sld_signaltap:auto_signaltap_0|sld_signaltap_impl:sld_signaltap_body|sld_signaltap_implb:sld_signaltap_body|sld_offload_buffer_mgr:\stp_non_zero_depth_offload_gen:stp_offload_buff_mgr_inst|lpm_shiftreg:ram_data_shift_out|dffs[15]                                                                                                                    ; 1.462             ;
; sld_signaltap:auto_signaltap_0|sld_signaltap_impl:sld_signaltap_body|sld_signaltap_implb:sld_signaltap_body|sld_offload_buffer_mgr:\stp_non_zero_depth_offload_gen:stp_offload_buff_mgr_inst|lpm_shiftreg:ram_data_shift_out|dffs[15]                                                                                                                    ; sld_signaltap:auto_signaltap_0|sld_signaltap_impl:sld_signaltap_body|sld_signaltap_implb:sld_signaltap_body|sld_offload_buffer_mgr:\stp_non_zero_depth_offload_gen:stp_offload_buff_mgr_inst|lpm_shiftreg:ram_data_shift_out|dffs[14]                                                                                                                    ; 1.462             ;
; sld_hub:auto_hub|alt_sld_fab_with_jtag_input:\instrumentation_fabric_with_node_gen:fabric_gen_new_way:with_jtag_input_gen:instrumentation_fabric|alt_sld_fab:instrumentation_fabric|alt_sld_fab_alt_sld_fab:alt_sld_fab|sldfabric_ident_writedata[2]                                                                                                     ; sld_hub:auto_hub|alt_sld_fab_with_jtag_input:\instrumentation_fabric_with_node_gen:fabric_gen_new_way:with_jtag_input_gen:instrumentation_fabric|alt_sld_fab:instrumentation_fabric|alt_sld_fab_alt_sld_fab:alt_sld_fab|alt_sld_fab_alt_sld_fab_sldfabric:sldfabric|sld_jtag_hub:\jtag_hub_gen:real_sld_jtag_hub|design_hash_reg[2]                      ; 1.460             ;
; sld_signaltap:auto_signaltap_0|sld_signaltap_impl:sld_signaltap_body|sld_signaltap_implb:sld_signaltap_body|sld_offload_buffer_mgr:\stp_non_zero_depth_offload_gen:stp_offload_buff_mgr_inst|lpm_shiftreg:ram_data_shift_out|dffs[53]                                                                                                                    ; sld_signaltap:auto_signaltap_0|sld_signaltap_impl:sld_signaltap_body|sld_signaltap_implb:sld_signaltap_body|sld_offload_buffer_mgr:\stp_non_zero_depth_offload_gen:stp_offload_buff_mgr_inst|lpm_shiftreg:ram_data_shift_out|dffs[52]                                                                                                                    ; 1.460             ;
; sld_signaltap:auto_signaltap_0|sld_signaltap_impl:sld_signaltap_body|sld_signaltap_implb:sld_signaltap_body|sld_offload_buffer_mgr:\stp_non_zero_depth_offload_gen:stp_offload_buff_mgr_inst|lpm_shiftreg:ram_data_shift_out|dffs[28]                                                                                                                    ; sld_signaltap:auto_signaltap_0|sld_signaltap_impl:sld_signaltap_body|sld_signaltap_implb:sld_signaltap_body|sld_offload_buffer_mgr:\stp_non_zero_depth_offload_gen:stp_offload_buff_mgr_inst|lpm_shiftreg:ram_data_shift_out|dffs[27]                                                                                                                    ; 1.460             ;
; sld_signaltap:auto_signaltap_0|sld_signaltap_impl:sld_signaltap_body|sld_signaltap_implb:sld_signaltap_body|sld_offload_buffer_mgr:\stp_non_zero_depth_offload_gen:stp_offload_buff_mgr_inst|lpm_shiftreg:ram_data_shift_out|dffs[27]                                                                                                                    ; sld_signaltap:auto_signaltap_0|sld_signaltap_impl:sld_signaltap_body|sld_signaltap_implb:sld_signaltap_body|sld_offload_buffer_mgr:\stp_non_zero_depth_offload_gen:stp_offload_buff_mgr_inst|lpm_shiftreg:ram_data_shift_out|dffs[26]                                                                                                                    ; 1.460             ;
; sld_signaltap:auto_signaltap_0|sld_signaltap_impl:sld_signaltap_body|sld_signaltap_implb:sld_signaltap_body|sld_offload_buffer_mgr:\stp_non_zero_depth_offload_gen:stp_offload_buff_mgr_inst|lpm_shiftreg:ram_data_shift_out|dffs[26]                                                                                                                    ; sld_signaltap:auto_signaltap_0|sld_signaltap_impl:sld_signaltap_body|sld_signaltap_implb:sld_signaltap_body|sld_offload_buffer_mgr:\stp_non_zero_depth_offload_gen:stp_offload_buff_mgr_inst|lpm_shiftreg:ram_data_shift_out|dffs[25]                                                                                                                    ; 1.460             ;
; sld_signaltap:auto_signaltap_0|sld_signaltap_impl:sld_signaltap_body|sld_signaltap_implb:sld_signaltap_body|sld_offload_buffer_mgr:\stp_non_zero_depth_offload_gen:stp_offload_buff_mgr_inst|lpm_shiftreg:ram_data_shift_out|dffs[25]                                                                                                                    ; sld_signaltap:auto_signaltap_0|sld_signaltap_impl:sld_signaltap_body|sld_signaltap_implb:sld_signaltap_body|sld_offload_buffer_mgr:\stp_non_zero_depth_offload_gen:stp_offload_buff_mgr_inst|lpm_shiftreg:ram_data_shift_out|dffs[24]                                                                                                                    ; 1.460             ;
; sld_signaltap:auto_signaltap_0|sld_signaltap_impl:sld_signaltap_body|sld_signaltap_implb:sld_signaltap_body|sld_offload_buffer_mgr:\stp_non_zero_depth_offload_gen:stp_offload_buff_mgr_inst|lpm_shiftreg:ram_data_shift_out|dffs[21]                                                                                                                    ; sld_signaltap:auto_signaltap_0|sld_signaltap_impl:sld_signaltap_body|sld_signaltap_implb:sld_signaltap_body|sld_offload_buffer_mgr:\stp_non_zero_depth_offload_gen:stp_offload_buff_mgr_inst|lpm_shiftreg:ram_data_shift_out|dffs[20]                                                                                                                    ; 1.449             ;
; sld_hub:auto_hub|alt_sld_fab_with_jtag_input:\instrumentation_fabric_with_node_gen:fabric_gen_new_way:with_jtag_input_gen:instrumentation_fabric|alt_sld_fab:instrumentation_fabric|alt_sld_fab_alt_sld_fab:alt_sld_fab|alt_sld_fab_alt_sld_fab_sldfabric:sldfabric|sld_jtag_hub:\jtag_hub_gen:real_sld_jtag_hub|sld_rom_sr:hub_info_reg|word_counter[1] ; sld_hub:auto_hub|alt_sld_fab_with_jtag_input:\instrumentation_fabric_with_node_gen:fabric_gen_new_way:with_jtag_input_gen:instrumentation_fabric|alt_sld_fab:instrumentation_fabric|alt_sld_fab_alt_sld_fab:alt_sld_fab|alt_sld_fab_alt_sld_fab_sldfabric:sldfabric|sld_jtag_hub:\jtag_hub_gen:real_sld_jtag_hub|sld_rom_sr:hub_info_reg|WORD_SR[2]      ; 1.448             ;
; sld_signaltap:auto_signaltap_0|sld_signaltap_impl:sld_signaltap_body|sld_signaltap_implb:sld_signaltap_body|tdo_crc_val_shift_reg[14]                                                                                                                                                                                                                    ; sld_signaltap:auto_signaltap_0|sld_signaltap_impl:sld_signaltap_body|sld_signaltap_implb:sld_signaltap_body|tdo_crc_val_shift_reg[13]                                                                                                                                                                                                                    ; 1.441             ;
; sld_hub:auto_hub|alt_sld_fab_with_jtag_input:\instrumentation_fabric_with_node_gen:fabric_gen_new_way:with_jtag_input_gen:instrumentation_fabric|alt_sld_fab:instrumentation_fabric|alt_sld_fab_alt_sld_fab:alt_sld_fab|alt_sld_fab_alt_sld_fab_sldfabric:sldfabric|sld_jtag_hub:\jtag_hub_gen:real_sld_jtag_hub|sld_rom_sr:hub_info_reg|word_counter[3] ; sld_hub:auto_hub|alt_sld_fab_with_jtag_input:\instrumentation_fabric_with_node_gen:fabric_gen_new_way:with_jtag_input_gen:instrumentation_fabric|alt_sld_fab:instrumentation_fabric|alt_sld_fab_alt_sld_fab:alt_sld_fab|alt_sld_fab_alt_sld_fab_sldfabric:sldfabric|sld_jtag_hub:\jtag_hub_gen:real_sld_jtag_hub|sld_rom_sr:hub_info_reg|WORD_SR[1]      ; 1.431             ;
; sld_hub:auto_hub|alt_sld_fab_with_jtag_input:\instrumentation_fabric_with_node_gen:fabric_gen_new_way:with_jtag_input_gen:instrumentation_fabric|alt_sld_fab:instrumentation_fabric|alt_sld_fab_alt_sld_fab:alt_sld_fab|alt_sld_fab_alt_sld_fab_sldfabric:sldfabric|sld_jtag_hub:\jtag_hub_gen:real_sld_jtag_hub|sld_rom_sr:hub_info_reg|word_counter[4] ; sld_hub:auto_hub|alt_sld_fab_with_jtag_input:\instrumentation_fabric_with_node_gen:fabric_gen_new_way:with_jtag_input_gen:instrumentation_fabric|alt_sld_fab:instrumentation_fabric|alt_sld_fab_alt_sld_fab:alt_sld_fab|alt_sld_fab_alt_sld_fab_sldfabric:sldfabric|sld_jtag_hub:\jtag_hub_gen:real_sld_jtag_hub|sld_rom_sr:hub_info_reg|WORD_SR[1]      ; 1.431             ;
; sld_hub:auto_hub|alt_sld_fab_with_jtag_input:\instrumentation_fabric_with_node_gen:fabric_gen_new_way:with_jtag_input_gen:instrumentation_fabric|alt_sld_fab:instrumentation_fabric|alt_sld_fab_alt_sld_fab:alt_sld_fab|sldfabric_ident_writedata[3]                                                                                                     ; sld_hub:auto_hub|alt_sld_fab_with_jtag_input:\instrumentation_fabric_with_node_gen:fabric_gen_new_way:with_jtag_input_gen:instrumentation_fabric|alt_sld_fab:instrumentation_fabric|alt_sld_fab_alt_sld_fab:alt_sld_fab|alt_sld_fab_alt_sld_fab_sldfabric:sldfabric|sld_jtag_hub:\jtag_hub_gen:real_sld_jtag_hub|design_hash_reg[3]                      ; 1.428             ;
; sld_signaltap:auto_signaltap_0|sld_signaltap_impl:sld_signaltap_body|sld_signaltap_implb:sld_signaltap_body|tdo_crc_val_shift_reg[15]                                                                                                                                                                                                                    ; sld_signaltap:auto_signaltap_0|sld_signaltap_impl:sld_signaltap_body|sld_signaltap_implb:sld_signaltap_body|tdo_crc_val_shift_reg[14]                                                                                                                                                                                                                    ; 1.424             ;
; sld_hub:auto_hub|alt_sld_fab_with_jtag_input:\instrumentation_fabric_with_node_gen:fabric_gen_new_way:with_jtag_input_gen:instrumentation_fabric|alt_sld_fab:instrumentation_fabric|alt_sld_fab_alt_sld_fab:alt_sld_fab|alt_sld_fab_alt_sld_fab_sldfabric:sldfabric|sld_jtag_hub:\jtag_hub_gen:real_sld_jtag_hub|mixer_addr_reg_internal[1]              ; sld_hub:auto_hub|alt_sld_fab_with_jtag_input:\instrumentation_fabric_with_node_gen:fabric_gen_new_way:with_jtag_input_gen:instrumentation_fabric|alt_sld_fab:instrumentation_fabric|alt_sld_fab_alt_sld_fab:alt_sld_fab|alt_sld_fab_alt_sld_fab_sldfabric:sldfabric|sld_jtag_hub:\jtag_hub_gen:real_sld_jtag_hub|design_hash_reg[3]                      ; 1.414             ;
; sld_hub:auto_hub|alt_sld_fab_with_jtag_input:\instrumentation_fabric_with_node_gen:fabric_gen_new_way:with_jtag_input_gen:instrumentation_fabric|alt_sld_fab:instrumentation_fabric|alt_sld_fab_alt_sld_fab:alt_sld_fab|alt_sld_fab_alt_sld_fab_sldfabric:sldfabric|sld_jtag_hub:\jtag_hub_gen:real_sld_jtag_hub|mixer_addr_reg_internal[2]              ; sld_hub:auto_hub|alt_sld_fab_with_jtag_input:\instrumentation_fabric_with_node_gen:fabric_gen_new_way:with_jtag_input_gen:instrumentation_fabric|alt_sld_fab:instrumentation_fabric|alt_sld_fab_alt_sld_fab:alt_sld_fab|alt_sld_fab_alt_sld_fab_sldfabric:sldfabric|sld_jtag_hub:\jtag_hub_gen:real_sld_jtag_hub|design_hash_reg[3]                      ; 1.414             ;
; sld_hub:auto_hub|alt_sld_fab_with_jtag_input:\instrumentation_fabric_with_node_gen:fabric_gen_new_way:with_jtag_input_gen:instrumentation_fabric|alt_sld_fab:instrumentation_fabric|alt_sld_fab_alt_sld_fab:alt_sld_fab|alt_sld_fab_alt_sld_fab_sldfabric:sldfabric|sld_jtag_hub:\jtag_hub_gen:real_sld_jtag_hub|mixer_addr_reg_internal[3]              ; sld_hub:auto_hub|alt_sld_fab_with_jtag_input:\instrumentation_fabric_with_node_gen:fabric_gen_new_way:with_jtag_input_gen:instrumentation_fabric|alt_sld_fab:instrumentation_fabric|alt_sld_fab_alt_sld_fab:alt_sld_fab|alt_sld_fab_alt_sld_fab_sldfabric:sldfabric|sld_jtag_hub:\jtag_hub_gen:real_sld_jtag_hub|design_hash_reg[3]                      ; 1.414             ;
; sld_hub:auto_hub|alt_sld_fab_with_jtag_input:\instrumentation_fabric_with_node_gen:fabric_gen_new_way:with_jtag_input_gen:instrumentation_fabric|alt_sld_fab:instrumentation_fabric|alt_sld_fab_alt_sld_fab:alt_sld_fab|alt_sld_fab_alt_sld_fab_sldfabric:sldfabric|sld_jtag_hub:\jtag_hub_gen:real_sld_jtag_hub|mixer_addr_reg_internal[0]              ; sld_hub:auto_hub|alt_sld_fab_with_jtag_input:\instrumentation_fabric_with_node_gen:fabric_gen_new_way:with_jtag_input_gen:instrumentation_fabric|alt_sld_fab:instrumentation_fabric|alt_sld_fab_alt_sld_fab:alt_sld_fab|alt_sld_fab_alt_sld_fab_sldfabric:sldfabric|sld_jtag_hub:\jtag_hub_gen:real_sld_jtag_hub|design_hash_reg[3]                      ; 1.414             ;
; sld_hub:auto_hub|alt_sld_fab_with_jtag_input:\instrumentation_fabric_with_node_gen:fabric_gen_new_way:with_jtag_input_gen:instrumentation_fabric|alt_sld_fab:instrumentation_fabric|alt_sld_fab_alt_sld_fab:alt_sld_fab|alt_sld_fab_alt_sld_fab_sldfabric:sldfabric|sld_jtag_hub:\jtag_hub_gen:real_sld_jtag_hub|mixer_addr_reg_internal[4]              ; sld_hub:auto_hub|alt_sld_fab_with_jtag_input:\instrumentation_fabric_with_node_gen:fabric_gen_new_way:with_jtag_input_gen:instrumentation_fabric|alt_sld_fab:instrumentation_fabric|alt_sld_fab_alt_sld_fab:alt_sld_fab|alt_sld_fab_alt_sld_fab_sldfabric:sldfabric|sld_jtag_hub:\jtag_hub_gen:real_sld_jtag_hub|design_hash_reg[3]                      ; 1.414             ;
; sld_signaltap:auto_signaltap_0|sld_signaltap_impl:sld_signaltap_body|sld_signaltap_implb:sld_signaltap_body|lpm_shiftreg:status_register|dffs[1]                                                                                                                                                                                                         ; sld_signaltap:auto_signaltap_0|sld_signaltap_impl:sld_signaltap_body|sld_signaltap_implb:sld_signaltap_body|lpm_shiftreg:status_register|dffs[0]                                                                                                                                                                                                         ; 1.410             ;
; sld_signaltap:auto_signaltap_0|sld_signaltap_impl:sld_signaltap_body|sld_signaltap_implb:sld_signaltap_body|sld_rom_sr:crc_rom_sr|WORD_SR[3]                                                                                                                                                                                                             ; sld_signaltap:auto_signaltap_0|sld_signaltap_impl:sld_signaltap_body|sld_signaltap_implb:sld_signaltap_body|sld_rom_sr:crc_rom_sr|WORD_SR[2]                                                                                                                                                                                                             ; 1.406             ;
; sld_signaltap:auto_signaltap_0|sld_signaltap_impl:sld_signaltap_body|sld_signaltap_implb:sld_signaltap_body|sld_rom_sr:crc_rom_sr|WORD_SR[1]                                                                                                                                                                                                             ; sld_signaltap:auto_signaltap_0|sld_signaltap_impl:sld_signaltap_body|sld_signaltap_implb:sld_signaltap_body|sld_rom_sr:crc_rom_sr|WORD_SR[0]                                                                                                                                                                                                             ; 1.406             ;
; sld_signaltap:auto_signaltap_0|sld_signaltap_impl:sld_signaltap_body|sld_signaltap_implb:sld_signaltap_body|tdo_crc_len_reg[0]                                                                                                                                                                                                                           ; sld_signaltap:auto_signaltap_0|sld_signaltap_impl:sld_signaltap_body|sld_signaltap_implb:sld_signaltap_body|serial_crc_16:\tdo_crc_gen:tdo_crc_calc|lfsr[0]                                                                                                                                                                                              ; 1.404             ;
; sld_signaltap:auto_signaltap_0|sld_signaltap_impl:sld_signaltap_body|sld_signaltap_implb:sld_signaltap_body|lpm_shiftreg:segment_offset_config_deserialize|dffs[0]                                                                                                                                                                                       ; sld_signaltap:auto_signaltap_0|sld_signaltap_impl:sld_signaltap_body|sld_signaltap_implb:sld_signaltap_body|serial_crc_16:\tdo_crc_gen:tdo_crc_calc|lfsr[0]                                                                                                                                                                                              ; 1.404             ;
; sld_signaltap:auto_signaltap_0|sld_signaltap_impl:sld_signaltap_body|sld_signaltap_implb:sld_signaltap_body|sld_offload_buffer_mgr:\stp_non_zero_depth_offload_gen:stp_offload_buff_mgr_inst|lpm_shiftreg:status_data_shift_out|dffs[0]                                                                                                                  ; sld_signaltap:auto_signaltap_0|sld_signaltap_impl:sld_signaltap_body|sld_signaltap_implb:sld_signaltap_body|serial_crc_16:\tdo_crc_gen:tdo_crc_calc|lfsr[0]                                                                                                                                                                                              ; 1.404             ;
; sld_hub:auto_hub|alt_sld_fab_with_jtag_input:\instrumentation_fabric_with_node_gen:fabric_gen_new_way:with_jtag_input_gen:instrumentation_fabric|alt_sld_fab:instrumentation_fabric|alt_sld_fab_alt_sld_fab:alt_sld_fab|alt_sld_fab_alt_sld_fab_sldfabric:sldfabric|sld_jtag_hub:\jtag_hub_gen:real_sld_jtag_hub|sld_shadow_jsm:shadow_jsm|state[15]     ; sld_hub:auto_hub|alt_sld_fab_with_jtag_input:\instrumentation_fabric_with_node_gen:fabric_gen_new_way:with_jtag_input_gen:instrumentation_fabric|alt_sld_fab:instrumentation_fabric|alt_sld_fab_alt_sld_fab:alt_sld_fab|alt_sld_fab_alt_sld_fab_sldfabric:sldfabric|sld_jtag_hub:\jtag_hub_gen:real_sld_jtag_hub|sld_shadow_jsm:shadow_jsm|state[2]      ; 1.404             ;
; sld_signaltap:auto_signaltap_0|sld_signaltap_impl:sld_signaltap_body|sld_signaltap_implb:sld_signaltap_body|sld_offload_buffer_mgr:\stp_non_zero_depth_offload_gen:stp_offload_buff_mgr_inst|lpm_counter:read_pointer_counter|cntr_24j:auto_generated|counter_reg_bit[6]                                                                                 ; sld_signaltap:auto_signaltap_0|sld_signaltap_impl:sld_signaltap_body|sld_signaltap_implb:sld_signaltap_body|altsyncram:\stp_non_zero_ram_gen:stp_buffer_ram|altsyncram_ol84:auto_generated|ram_block1a350~portb_address_reg0                                                                                                                             ; 1.403             ;
; sld_hub:auto_hub|alt_sld_fab_with_jtag_input:\instrumentation_fabric_with_node_gen:fabric_gen_new_way:with_jtag_input_gen:instrumentation_fabric|alt_sld_fab:instrumentation_fabric|alt_sld_fab_alt_sld_fab:alt_sld_fab|alt_sld_fab_alt_sld_fab_sldfabric:sldfabric|sld_jtag_hub:\jtag_hub_gen:real_sld_jtag_hub|sld_shadow_jsm:shadow_jsm|state[10]     ; sld_hub:auto_hub|alt_sld_fab_with_jtag_input:\instrumentation_fabric_with_node_gen:fabric_gen_new_way:with_jtag_input_gen:instrumentation_fabric|alt_sld_fab:instrumentation_fabric|alt_sld_fab_alt_sld_fab:alt_sld_fab|alt_sld_fab_alt_sld_fab_sldfabric:sldfabric|sld_jtag_hub:\jtag_hub_gen:real_sld_jtag_hub|sld_shadow_jsm:shadow_jsm|state[12]     ; 1.397             ;
; sld_hub:auto_hub|alt_sld_fab_with_jtag_input:\instrumentation_fabric_with_node_gen:fabric_gen_new_way:with_jtag_input_gen:instrumentation_fabric|alt_sld_fab:instrumentation_fabric|alt_sld_fab_alt_sld_fab:alt_sld_fab|alt_sld_fab_alt_sld_fab_sldfabric:sldfabric|sld_jtag_hub:\jtag_hub_gen:real_sld_jtag_hub|hub_minor_ver_reg[3]                    ; sld_hub:auto_hub|alt_sld_fab_with_jtag_input:\instrumentation_fabric_with_node_gen:fabric_gen_new_way:with_jtag_input_gen:instrumentation_fabric|alt_sld_fab:instrumentation_fabric|alt_sld_fab_alt_sld_fab:alt_sld_fab|alt_sld_fab_alt_sld_fab_sldfabric:sldfabric|sld_jtag_hub:\jtag_hub_gen:real_sld_jtag_hub|hub_minor_ver_reg[2]                    ; 1.395             ;
; sld_hub:auto_hub|alt_sld_fab_with_jtag_input:\instrumentation_fabric_with_node_gen:fabric_gen_new_way:with_jtag_input_gen:instrumentation_fabric|alt_sld_fab:instrumentation_fabric|alt_sld_fab_alt_sld_fab:alt_sld_fab|alt_sld_fab_alt_sld_fab_sldfabric:sldfabric|sld_jtag_hub:\jtag_hub_gen:real_sld_jtag_hub|sld_rom_sr:hub_info_reg|WORD_SR[1]      ; sld_hub:auto_hub|alt_sld_fab_with_jtag_input:\instrumentation_fabric_with_node_gen:fabric_gen_new_way:with_jtag_input_gen:instrumentation_fabric|alt_sld_fab:instrumentation_fabric|alt_sld_fab_alt_sld_fab:alt_sld_fab|alt_sld_fab_alt_sld_fab_sldfabric:sldfabric|sld_jtag_hub:\jtag_hub_gen:real_sld_jtag_hub|sld_rom_sr:hub_info_reg|WORD_SR[0]      ; 1.395             ;
; sld_hub:auto_hub|alt_sld_fab_with_jtag_input:\instrumentation_fabric_with_node_gen:fabric_gen_new_way:with_jtag_input_gen:instrumentation_fabric|alt_sld_fab:instrumentation_fabric|alt_sld_fab_alt_sld_fab:alt_sld_fab|alt_sld_fab_alt_sld_fab_sldfabric:sldfabric|sld_jtag_hub:\jtag_hub_gen:real_sld_jtag_hub|hub_minor_ver_reg[1]                    ; sld_hub:auto_hub|alt_sld_fab_with_jtag_input:\instrumentation_fabric_with_node_gen:fabric_gen_new_way:with_jtag_input_gen:instrumentation_fabric|alt_sld_fab:instrumentation_fabric|alt_sld_fab_alt_sld_fab:alt_sld_fab|alt_sld_fab_alt_sld_fab_sldfabric:sldfabric|sld_jtag_hub:\jtag_hub_gen:real_sld_jtag_hub|hub_minor_ver_reg[0]                    ; 1.392             ;
; sld_signaltap:auto_signaltap_0|sld_signaltap_impl:sld_signaltap_body|sld_signaltap_implb:sld_signaltap_body|sld_rom_sr:crc_rom_sr|WORD_SR[2]                                                                                                                                                                                                             ; sld_signaltap:auto_signaltap_0|sld_signaltap_impl:sld_signaltap_body|sld_signaltap_implb:sld_signaltap_body|sld_rom_sr:crc_rom_sr|WORD_SR[1]                                                                                                                                                                                                             ; 1.388             ;
; sld_hub:auto_hub|alt_sld_fab_with_jtag_input:\instrumentation_fabric_with_node_gen:fabric_gen_new_way:with_jtag_input_gen:instrumentation_fabric|alt_sld_fab:instrumentation_fabric|alt_sld_fab_alt_sld_fab:alt_sld_fab|alt_sld_fab_alt_sld_fab_sldfabric:sldfabric|sld_jtag_hub:\jtag_hub_gen:real_sld_jtag_hub|sld_shadow_jsm:shadow_jsm|state[1]      ; sld_hub:auto_hub|alt_sld_fab_with_jtag_input:\instrumentation_fabric_with_node_gen:fabric_gen_new_way:with_jtag_input_gen:instrumentation_fabric|alt_sld_fab:instrumentation_fabric|alt_sld_fab_alt_sld_fab:alt_sld_fab|alt_sld_fab_alt_sld_fab_sldfabric:sldfabric|sld_jtag_hub:\jtag_hub_gen:real_sld_jtag_hub|sld_shadow_jsm:shadow_jsm|state[2]      ; 1.387             ;
; sld_signaltap:auto_signaltap_0|sld_signaltap_impl:sld_signaltap_body|sld_signaltap_implb:sld_signaltap_body|sld_offload_buffer_mgr:\stp_non_zero_depth_offload_gen:stp_offload_buff_mgr_inst|lpm_counter:read_pointer_counter|cntr_24j:auto_generated|counter_reg_bit[7]                                                                                 ; sld_signaltap:auto_signaltap_0|sld_signaltap_impl:sld_signaltap_body|sld_signaltap_implb:sld_signaltap_body|altsyncram:\stp_non_zero_ram_gen:stp_buffer_ram|altsyncram_ol84:auto_generated|ram_block1a350~portb_address_reg0                                                                                                                             ; 1.385             ;
; sld_hub:auto_hub|alt_sld_fab_with_jtag_input:\instrumentation_fabric_with_node_gen:fabric_gen_new_way:with_jtag_input_gen:instrumentation_fabric|alt_sld_fab:instrumentation_fabric|alt_sld_fab_alt_sld_fab:alt_sld_fab|alt_sld_fab_alt_sld_fab_sldfabric:sldfabric|sld_jtag_hub:\jtag_hub_gen:real_sld_jtag_hub|design_hash_reg[1]                      ; sld_hub:auto_hub|alt_sld_fab_with_jtag_input:\instrumentation_fabric_with_node_gen:fabric_gen_new_way:with_jtag_input_gen:instrumentation_fabric|alt_sld_fab:instrumentation_fabric|alt_sld_fab_alt_sld_fab:alt_sld_fab|alt_sld_fab_alt_sld_fab_sldfabric:sldfabric|sld_jtag_hub:\jtag_hub_gen:real_sld_jtag_hub|design_hash_reg[0]                      ; 1.379             ;
; sld_signaltap:auto_signaltap_0|sld_signaltap_impl:sld_signaltap_body|sld_signaltap_implb:sld_signaltap_body|serial_crc_16:\tdo_crc_gen:tdo_crc_calc|lfsr[0]                                                                                                                                                                                              ; sld_signaltap:auto_signaltap_0|sld_signaltap_impl:sld_signaltap_body|sld_signaltap_implb:sld_signaltap_body|serial_crc_16:\tdo_crc_gen:tdo_crc_calc|lfsr[12]                                                                                                                                                                                             ; 1.378             ;
; sld_hub:auto_hub|alt_sld_fab_with_jtag_input:\instrumentation_fabric_with_node_gen:fabric_gen_new_way:with_jtag_input_gen:instrumentation_fabric|alt_sld_fab:instrumentation_fabric|alt_sld_fab_alt_sld_fab:alt_sld_fab|alt_sld_fab_alt_sld_fab_sldfabric:sldfabric|sld_jtag_hub:\jtag_hub_gen:real_sld_jtag_hub|sld_shadow_jsm:shadow_jsm|state[9]      ; sld_hub:auto_hub|alt_sld_fab_with_jtag_input:\instrumentation_fabric_with_node_gen:fabric_gen_new_way:with_jtag_input_gen:instrumentation_fabric|alt_sld_fab:instrumentation_fabric|alt_sld_fab_alt_sld_fab:alt_sld_fab|alt_sld_fab_alt_sld_fab_sldfabric:sldfabric|sld_jtag_hub:\jtag_hub_gen:real_sld_jtag_hub|sld_shadow_jsm:shadow_jsm|state[10]     ; 1.371             ;
; sld_signaltap:auto_signaltap_0|sld_signaltap_impl:sld_signaltap_body|sld_signaltap_implb:sld_signaltap_body|sld_ela_control:ela_control|sld_ela_basic_multi_level_trigger:\basic_multi_level_mbpm_trigger_gen:multi_level_mbpm|lpm_shiftreg:trigger_condition_deserialize|dffs[134]                                                                      ; sld_signaltap:auto_signaltap_0|sld_signaltap_impl:sld_signaltap_body|sld_signaltap_implb:sld_signaltap_body|sld_ela_control:ela_control|sld_ela_basic_multi_level_trigger:\basic_multi_level_mbpm_trigger_gen:multi_level_mbpm|lpm_shiftreg:trigger_condition_deserialize|dffs[133]                                                                      ; 1.370             ;
; sld_hub:auto_hub|alt_sld_fab_with_jtag_input:\instrumentation_fabric_with_node_gen:fabric_gen_new_way:with_jtag_input_gen:instrumentation_fabric|alt_sld_fab:instrumentation_fabric|alt_sld_fab_alt_sld_fab:alt_sld_fab|alt_sld_fab_alt_sld_fab_sldfabric:sldfabric|sld_jtag_hub:\jtag_hub_gen:real_sld_jtag_hub|sld_rom_sr:hub_info_reg|WORD_SR[2]      ; sld_hub:auto_hub|alt_sld_fab_with_jtag_input:\instrumentation_fabric_with_node_gen:fabric_gen_new_way:with_jtag_input_gen:instrumentation_fabric|alt_sld_fab:instrumentation_fabric|alt_sld_fab_alt_sld_fab:alt_sld_fab|alt_sld_fab_alt_sld_fab_sldfabric:sldfabric|sld_jtag_hub:\jtag_hub_gen:real_sld_jtag_hub|sld_rom_sr:hub_info_reg|WORD_SR[1]      ; 1.370             ;
; sld_hub:auto_hub|alt_sld_fab_with_jtag_input:\instrumentation_fabric_with_node_gen:fabric_gen_new_way:with_jtag_input_gen:instrumentation_fabric|alt_sld_fab:instrumentation_fabric|alt_sld_fab_alt_sld_fab:alt_sld_fab|alt_sld_fab_alt_sld_fab_sldfabric:sldfabric|sld_jtag_hub:\jtag_hub_gen:real_sld_jtag_hub|design_hash_reg[3]                      ; sld_hub:auto_hub|alt_sld_fab_with_jtag_input:\instrumentation_fabric_with_node_gen:fabric_gen_new_way:with_jtag_input_gen:instrumentation_fabric|alt_sld_fab:instrumentation_fabric|alt_sld_fab_alt_sld_fab:alt_sld_fab|alt_sld_fab_alt_sld_fab_sldfabric:sldfabric|sld_jtag_hub:\jtag_hub_gen:real_sld_jtag_hub|design_hash_reg[2]                      ; 1.363             ;
; sld_signaltap:auto_signaltap_0|sld_signaltap_impl:sld_signaltap_body|sld_signaltap_implb:sld_signaltap_body|sld_ela_control:ela_control|sld_ela_basic_multi_level_trigger:\basic_multi_level_mbpm_trigger_gen:multi_level_mbpm|lpm_shiftreg:trigger_condition_deserialize|dffs[159]                                                                      ; sld_signaltap:auto_signaltap_0|sld_signaltap_impl:sld_signaltap_body|sld_signaltap_implb:sld_signaltap_body|sld_ela_control:ela_control|sld_ela_basic_multi_level_trigger:\basic_multi_level_mbpm_trigger_gen:multi_level_mbpm|lpm_shiftreg:trigger_condition_deserialize|dffs[158]                                                                      ; 1.363             ;
; sld_signaltap:auto_signaltap_0|sld_signaltap_impl:sld_signaltap_body|sld_signaltap_implb:sld_signaltap_body|sld_offload_buffer_mgr:\stp_non_zero_depth_offload_gen:stp_offload_buff_mgr_inst|lpm_shiftreg:ram_data_shift_out|dffs[40]                                                                                                                    ; sld_signaltap:auto_signaltap_0|sld_signaltap_impl:sld_signaltap_body|sld_signaltap_implb:sld_signaltap_body|sld_offload_buffer_mgr:\stp_non_zero_depth_offload_gen:stp_offload_buff_mgr_inst|lpm_shiftreg:ram_data_shift_out|dffs[39]                                                                                                                    ; 1.359             ;
; sld_signaltap:auto_signaltap_0|sld_signaltap_impl:sld_signaltap_body|sld_signaltap_implb:sld_signaltap_body|sld_offload_buffer_mgr:\stp_non_zero_depth_offload_gen:stp_offload_buff_mgr_inst|lpm_shiftreg:ram_data_shift_out|dffs[35]                                                                                                                    ; sld_signaltap:auto_signaltap_0|sld_signaltap_impl:sld_signaltap_body|sld_signaltap_implb:sld_signaltap_body|sld_offload_buffer_mgr:\stp_non_zero_depth_offload_gen:stp_offload_buff_mgr_inst|lpm_shiftreg:ram_data_shift_out|dffs[34]                                                                                                                    ; 1.359             ;
; sld_signaltap:auto_signaltap_0|sld_signaltap_impl:sld_signaltap_body|sld_signaltap_implb:sld_signaltap_body|sld_offload_buffer_mgr:\stp_non_zero_depth_offload_gen:stp_offload_buff_mgr_inst|lpm_counter:read_pointer_counter|cntr_24j:auto_generated|counter_reg_bit[1]                                                                                 ; sld_signaltap:auto_signaltap_0|sld_signaltap_impl:sld_signaltap_body|sld_signaltap_implb:sld_signaltap_body|altsyncram:\stp_non_zero_ram_gen:stp_buffer_ram|altsyncram_ol84:auto_generated|ram_block1a350~portb_address_reg0                                                                                                                             ; 1.358             ;
; sld_signaltap:auto_signaltap_0|sld_signaltap_impl:sld_signaltap_body|sld_signaltap_implb:sld_signaltap_body|lpm_shiftreg:status_register|dffs[2]                                                                                                                                                                                                         ; sld_signaltap:auto_signaltap_0|sld_signaltap_impl:sld_signaltap_body|sld_signaltap_implb:sld_signaltap_body|lpm_shiftreg:status_register|dffs[1]                                                                                                                                                                                                         ; 1.355             ;
+----------------------------------------------------------------------------------------------------------------------------------------------------------------------------------------------------------------------------------------------------------------------------------------------------------------------------------------------------------+----------------------------------------------------------------------------------------------------------------------------------------------------------------------------------------------------------------------------------------------------------------------------------------------------------------------------------------------------------+-------------------+
Note: This table only shows the top 100 path(s) that have the largest delay added for hold.


+-----------------+
; Fitter Messages ;
+-----------------+
Warning (18236): Number of processors has not been specified which may cause overloading on shared machines.  Set the global assignment NUM_PARALLEL_PROCESSORS in your QSF to an appropriate value for best performance.
Info (20030): Parallel compilation is enabled and will use 4 of the 4 processors detected
Info (119006): Selected device 5CSEBA6U23I7 for design "hpe"
Info (21077): Low junction temperature is -40 degrees C
Info (21077): High junction temperature is 100 degrees C
Info (171003): Fitter is performing an Auto Fit compilation, which may decrease Fitter effort to reduce compilation time
Warning (292013): Feature LogicLock is only available with a valid subscription license. You can purchase a software subscription to gain full access to this feature.
Warning (15714): Some pins have incomplete I/O assignments. Refer to the I/O Assignment Warnings report for details
Info (176045): Design uses memory blocks. Violating setup or hold times of memory block address registers for either read or write operations could cause memory contents to be corrupted. Make sure that all memory block address registers meet the setup and hold time requirements.
Info (184020): Starting Fitter periphery placement operations
Info (11178): Promoted 1 clock (1 global)
    Info (11162): pll:pll|pll_0002:pll_inst|altera_pll:altera_pll_i|outclk_wire[0]~CLKENA0 with 1028 fanout uses global clock CLKCTRL_G0
Info (184021): Fitter periphery placement operations ending: elapsed time is 00:00:00
Info (332164): Evaluating HDL-embedded SDC commands
    Info (332165): Entity sld_hub
        Info (332166): create_clock -name altera_reserved_tck [get_ports {altera_reserved_tck}] -period 30MHz   
        Info (332166): if { [string equal quartus_fit $::TimeQuestInfo(nameofexecutable)] } { set_max_delay -to [get_ports { altera_reserved_tdo } ] 0 }
        Info (332166): set_clock_groups -asynchronous -group {altera_reserved_tck}
Critical Warning (332012): Synopsys Design Constraints File file not found: 'hpe.sdc'. A Synopsys Design Constraints File is required by the Timing Analyzer to get proper timing constraints. Without it, the Compiler will not properly optimize the design.
Warning (332060): Node: clk_50 was determined to be a clock but was found without an associated clock assignment.
    Info (13166): Register top_level:top_level|top_proc_interp:top_proc_interp_inst|out0[4] is being clocked by clk_50
Warning (332060): Node: rst_proc:rst_proc|cont_rst_proc[0] was determined to be a clock but was found without an associated clock assignment.
    Info (13166): Register sld_signaltap:auto_signaltap_0|sld_signaltap_impl:sld_signaltap_body|sld_signaltap_implb:sld_signaltap_body|altdpram:\stp_non_zero_ram_gen:attribute_mem_gen:attribute_mem|cells[0][32] is being clocked by rst_proc:rst_proc|cont_rst_proc[0]
Info (332143): No user constrained clock uncertainty found in the design. Calling "derive_clock_uncertainty"
Info (332123): Deriving Clock Uncertainty. Please refer to report_sdc in the Timing Analyzer to see clock uncertainties.
Warning (332056): PLL cross checking found inconsistent PLL clock settings:
    Warning (332056): Node: pll|pll_inst|altera_pll_i|general[0].gpll~FRACTIONAL_PLL|vcoph[0] was found missing 1 generated clock that corresponds to a base clock with a period of: 20.000
Info (332129): Detected timing requirements -- optimizing circuit to achieve only the specified requirements
Info (332111): Found 1 clocks
    Info (332111):   Period   Clock Name
    Info (332111): ======== ============
    Info (332111):   33.333 altera_reserved_tck
Info (176233): Starting register packing
Info (176235): Finished register packing
    Extra Info (176219): No registers were packed into other blocks
Info (11798): Fitter preparation operations ending: elapsed time is 00:00:17
Info (170189): Fitter placement preparation operations beginning
Info (14951): The Fitter is using Advanced Physical Optimization.
Info (170190): Fitter placement preparation operations ending: elapsed time is 00:00:32
Info (170191): Fitter placement operations beginning
Info (170137): Fitter placement was successful
Info (170192): Fitter placement operations ending: elapsed time is 00:00:15
Info (170193): Fitter routing operations beginning
Info (170089): 4e+03 ns of routing delay (approximately 2.1% of available device routing delay) has been added to meet hold timing. For more information, refer to the Estimated Delay Added for Hold Timing section in the Fitter report.
Info (170195): Router estimated average interconnect usage is 7% of the available device resources
    Info (170196): Router estimated peak interconnect usage is 32% of the available device resources in the region that extends from location X0_Y0 to location X10_Y10
Info (170199): The Fitter performed an Auto Fit compilation.  Optimizations were skipped to reduce compilation time.
    Info (170201): Optimizations that may affect the design's routability were skipped
Info (170194): Fitter routing operations ending: elapsed time is 00:00:34
Info (11888): Total time spent on timing analysis during the Fitter is 16.78 seconds.
Info (334003): Started post-fitting delay annotation
Info (334004): Delay annotation completed successfully
Info (334003): Started post-fitting delay annotation
Info (334004): Delay annotation completed successfully
Info (11801): Fitter post-fit operations ending: elapsed time is 00:00:37
Info (144001): Generated suppressed messages file C:/Users/Ricardo/Documents/Dissertacao/Quartus/output_files/hpe.fit.smsg
Info: Quartus Prime Fitter was successful. 0 errors, 8 warnings
    Info: Peak virtual memory: 6740 megabytes
    Info: Processing ended: Tue Jun 02 16:27:12 2026
    Info: Elapsed time: 00:03:22
    Info: Total CPU time (on all processors): 00:10:26


+----------------------------+
; Fitter Suppressed Messages ;
+----------------------------+
The suppressed messages can be found in C:/Users/Ricardo/Documents/Dissertacao/Quartus/output_files/hpe.fit.smsg.


