0
9970576
9970588
9970600
9970606
9970618
9970630
9970638
9970648
9970660
9970668
9970680
9970690
9970698
9970710
9970722
9970728
9970740
9970752
9970760
9970770
9970782
9970790
9970802
9970812
9970820
9970832
9970844
9970850
9970862
9970874
9970882
9970892
9970904
9970912
9970924
9970934
9970942
9970954
9970966
9970972
9970984
9970996
9971004
9971014
9971026
9971034
9971046
9971056
9971064
9971076
9971088
9971096
9971106
9971118
9971126
9971138
9971144
9971156
9971168
9971176
9971186
9971198
9971206
9971218
9971228
9971236
9971248
9971260
9971270
9971282
9971294
9971304
9971316
9971328
9971342
9971354
9971366
9971378
9971388
9971400
9971412
9971424
9971434
9971446
9971458
9971468
9971480
9971492
9971504
9971514
9971530
9971542
9971552
9971564
9971576
9971588
9971598
9971610
9971622
9971632
9971644
9971656
9971668
9971678
9971690
9971702
9971714
9971724
9971736
9971752
9971762
9971774
9971786
9971796
9971808
9971820
9971832
9971842
9971854
9971866
9971878
9971888
9971900
9971912
9971922
9971934
9971946
9971958
9971968
9971980
9971992
9972006
9972018
9972030
9972042
9972052
9972064
9972076
9972086
9972098
9972110
9972122
9972132
9972144
9972156
9972166
9972178
9972190
9972202
9972212
9972224
9972236
9972248
9972258
9972270
9972282
9972292
9972304
9972316
9972328
9972338
9972350
9972366
9972376
9972388
9972400
9972412
9972422
9972434
9972446
9972456
9972468
9972480
9972492
9972502
9972514
9972526
9972536
9972548
9972560
9972572
9972582
9972594
9972606
9972618
9972628
9972640
9972652
9972662
9972674
9972686
9972698
9972708
9972720
9972732
9972742
9972750
9972762
9972774
9972782
9972792
9972804
9972812
9972824
9972834
9972842
9972854
9972862
9972872
9972884
9972892
9972904
9972914
9972922
9972934
9972946
9972952
9972964
9972972
9972984
9972994
9973002
9973014
9973026
9973032
9973044
9973052
9973064
9973074
9973082
9973094
9973106
9973114
9973124
9973132
9973144
9973154
9973162
9973174
9973186
9973194
9973204
9973212
9973224
9973236
9973242
9973254
9973266
9973274
9973284
9973292
9973304
9973316
9973322
9973334
9973342
9973354
9973364
9973372
9973384
9973396
9973402
9973414
9973422
9973434
9973444
9973452
9973464
9973472
9973484
9973494
9973502
9973514
9973526
9973532
9973544
9973552
9973564
9973574
9973582
9973594
9973602
9973612
9973624
9973632
9973644
9973650
9973662
9973674
9973682
9973692
9973700
9973712
9973724
9973730
9973742
9973750
9973762
9973772
9973780
9973792
9973800
9973812
9973822
9973830
9973842
9973850
9973860
9973872
9973880
9973892
9973898
9973910
9973922
9973930
9973940
9973948
9973960
9973972
9973978
9973990
9973998
9974010
9974020
9974032
9974044
9974056
9974070
9974082
9974094
9974104
9974116
9974128
9974140
9974150
9974162
9974178
9974188
9974200
9974212
9974224
9974234
9974246
9974258
9974268
9974284
9974296
9974308
9974318
9974330
9974342
9974352
9974364
9974376
9974390
9974402
9974414
9974426
9974436
9974448
9974460
9974472
9974482
9974494
9974510
9974520
9974532
9974544
9974554
9974566
9974578
9974590
9974600
9974612
9974628
9974638
9974650
9974662
9974674
9974684
9974696
9974708
9974720
9974730
9974746
9974758
9974768
9974780
9974792
9974802
9974814
9974826
9974838
9974848
9974860
9974872
9974886
9974898
9974910
9974922
9974932
9974944
9974956
9974966
9974978
9974990
9975002
9975012
9975028
9975040
9975050
9975062
9975074
9975086
9975096
9975108
9975120
9975130
9975142
9975154
9975166
9975180
9975192
9975204
9975214
9975226
9975238
9975250
9975260
9975272
9975284
9975296
9975306
9975318
9975330
9975344
9975356
9975368
9975378
9975390
9975402
9975414
9975424
9975436
9975448
9975460
9975470
9975482
9975494
9975504
9975520
9975528
9975540
9975550
9975562
9975574
9975584
9975596
9975604
9975616
9975626
9975638
9975650
9975662
9975672
9975684
9975692
9975704
9975714
9975726
9975738
9975748
9975760
9975768
9975780
9975790
9975802
9975814
9975826
9975836
9975848
9975856
9975868
9975878
9975890
9975902
9975914
9975924
9975932
9975944
9975954
9975966
9975978
9975990
9976000
9976008
9976020
9976032
9976042
9976054
9976066
9976078
9976084
9976096
9976108
9976118
9976130
9976142
9976150
9976160
9976172
9976184
9976196
9976206
9976218
9976226
9976238
9976248
9976260
9976272
9976284
9976290
9976302
9976314
9976324
9976336
9976348
9976360
9976366
9976378
9976390
9976402
9976412
9976424
9976432
9976444
9976454
9976466
9976478
9976490
9976496
9976508
9976520
9976530
9976542
9976554
9976562
9976572
9976584
9976596
9976608
9976618
9976626
9976638
9976650
9976660
9976672
9976684
9976692
9976702
9976714
9976726
9976736
9976744
9976756
9976768
9976778
9976790
9976802
9976810
9976820
9976832
9976844
9976856
9976866
9976874
9976886
9976898
9976908
9976920
9976932
9976942
9976954
9976970
9976982
9976992
9977004
9977016
9977026
9977038
9977050
9977066
9977076
9977088
9977100
9977110
9977122
9977134
9977148
9977160
9977172
9977184
9977194
9977206
9977218
9977230
9977244
9977256
9977268
9977278
9977290
9977302
9977312
9977324
9977340
9977352
9977362
9977374
9977386
9977396
9977408
9977420
9977436
9977446
9977458
9977470
9977480
9977492
9977504
9977516
9977526
9977542
9977554
9977564
9977576
9977588
9977600
9977610
9977622
9977634
9977648
9977660
9977672
9977684
9977694
9977706
9977718
9977728
9977740
9977756
9977766
9977778
9977790
9977802
9977812
9977824
9977836
9977848
9977858
9977874
9977886
9977896
9977908
9977920
9977930
9977942
9977954
9977966
9977976
9977992
9978004
9978014
9978026
9978038
9978050
9978060
9978072
9978084
9978096
9978110
9978122
9978134
9978144
9978156
9978168
9978178
9978190
9978202
9978214
9978224
9978240
9978252
9978262
9978274
9978286
9978298
9978308
9978320
9978332
9978342
9978354
9978366
9978382
9978392
9978404
9978416
9978426
9978438
9978450
9978458
9978468
9978480
9978492
9978504
9978514
9978522
9978534
9978546
9978556
9978568
9978580
9978590
9978598
9978610
9978622
9978632
9978644
9978656
9978664
9978674
9978686
9978698
9978710
9978720
9978728
9978740
9978752
9978762
9978774
9978786
9978794
9978804
9978816
9978828
9978838
9978850
9978858
9978870
9978880
9978892
9978904
9978916
9978922
9978934
9978946
9978958
9978968
9978976
9978988
9979000
9979010
9979022
9979034
9979042
9979052
9979064
9979076
9979086
9979098
9979106
9979118
9979128
9979140
9979152
9979160
9979170
9979182
9979194
9979206
9979216
9979224
9979236
9979248
9979258
9979270
9979278
9979290
9979300
9979312
9979324
9979330
9979342
9979354
9979366
9979376
9979388
9979396
9979408
9979418
9979430
9979442
9979450
9979460
9979472
9979484
9979496
9979502
9979514
9979526
9979536
9979548
9979556
9979568
9979578
9979590
9979602
9979610
9979620
9979632
9979644
9979656
9979662
9979674
9979686
9979698
9979708
9979716
9979728
9979740
9979750
9979762
9979770
9979782
9979792
9979804
9979816
9979826
9979842
9979854
9979866
9979876
9979892
9979904
9979914
9979926
9979942
9979952
9979964
9979976
9979990
9980002
9980014
9980026
9980040
9980052
9980064
9980074
9980090
9980102
9980112
9980124
9980140
9980152
9980162
9980174
9980190
9980200
9980212
9980224
9980238
9980250
9980262
9980274
9980288
9980300
9980312
9980322
9980338
9980350
9980360
9980372
9980388
9980400
9980410
9980422
9980434
9980448
9980460
9980472
9980484
9980498
9980510
9980522
9980532
9980548
9980560
9980570
9980582
9980598
9980608
9980620
9980632
9980644
9980658
9980670
9980682
9980692
9980708
9980720
9980730
9980742
9980754
9980770
9980780
9980792
9980804
9980818
9980830
9980842
9980854
9980864
9980880
9980892
9980902
9980914
9980930
9980940
9980952
9980964
9980976
9980990
9981002
9981014
9981024
9981040
9981052
9981062
9981074
9981086
9981100
9981112
9981124
9981136
9981146
9981162
9981174
9981184
9981196
9981208
9981224
9981234
9981246
9981258
9981268
9981284
9981296
9981306
9981318
9981330
9981346
9981356
9981368
9981380
9981390
9981402
9981414
9981426
9981432
9981444
9981456
9981468
9981478
9981490
9981498
9981510
9981520
9981532
9981544
9981554
9981562
9981574
9981586
9981596
9981608
9981620
9981628
9981638
9981650
9981662
9981674
9981684
9981692
9981704
9981716
9981726
9981738
9981750
9981758
9981768
9981780
9981792
9981802
9981810
9981822
9981834
9981844
9981856
9981868
9981876
9981886
9981898
9981910
9981922
9981928
9981940
9981952
9981964
9981974
9981986
9981994
9982006
9982016
9982028
9982040
9982048
9982058
9982070
9982082
9982092
9982100
9982112
9982124
9982134
9982146
9982154
9982166
9982176
9982188
9982200
9982208
9982218
9982230
9982242
9982254
9982260
9982272
9982284
9982294
9982306
9982314
9982326
9982336
9982348
9982360
9982368
9982378
9982390
9982402
9982414
9982420
9982432
9982444
9982456
9982466
9982474
9982486
9982498
9982508
9982520
9982528
9982540
9982550
9982562
9982574
9982582
9982592
9982604
9982616
9982624
9982634
9982646
9982658
9982668
9982676
9982688
9982700
9982710
9982722
9982730
9982742
9982752
9982764
9982780
9982790
9982802
9982818
9982830
9982840
9982856
9982868
9982882
9982894
9982906
9982920
9982932
9982944
9982958
9982970
9982982
9982996
9983008
9983020
9983036
9983046
9983058
9983074
9983084
9983100
9983112
9983122
9983138
9983150
9983160
9983176
9983188
9983200
9983214
9983226
9983238
9983252
9983264
9983276
9983290
9983302
9983314
9983328
9983340
9983352
9983366
9983378
9983390
9983406
9983416
9983432
9983444
9983454
9983470
9983482
9983492
9983508
9983520
9983530
9983546
9983558
9983570
9983584
9983596
9983608
9983622
9983634
9983646
9983656
9983672
9983684
9983694
9983710
9983722
9983734
9983748
9983760
9983772
9983786
9983798
9983810
9983824
9983836
9983848
9983862
9983874
9983886
9983900
9983912
9983924
9983940
9983950
9983962
9983978
9983988
9984000
9984012
9984026
9984038
9984050
9984066
9984076
9984088
9984104
9984114
9984126
9984142
9984152
9984164
9984180
9984190
9984202
9984214
9984230
9984240
9984252
9984268
9984278
9984290
9984306
9984316
9984328
9984340
9984354
9984366
9984378
9984390
9984400
9984412
9984424
9984436
9984446
9984458
9984470
9984480
9984492
9984504
9984516
9984526
9984538
9984550
9984560
9984572
9984584
9984596
9984606
9984618
9984630
9984642
9984652
9984664
9984676
9984686
9984698
9984710
9984722
9984732
9984744
9984756
9984766
9984778
9984790
9984802
9984812
9984824
9984836
9984848
9984858
9984870
9984882
9984892
9984904
9984916
9984928
9984938
9984950
9984958
9984970
9984980
9984992
9985004
9985014
9985026
9985038
9985050
9985060
9985072
9985084
9985094
9985106
9985118
9985130
9985140
9985152
9985164
9985176
9985186
9985198
9985210
9985220
9985232
9985244
9985256
9985266
9985274
9985286
9985298
9985308
9985320
9985332
9985342
9985354
9985366
9985378
9985388
9985400
9985412
9985424
9985434
9985446
9985458
9985468
9985480
9985492
9985504
9985510
9985522
9985534
9985546
9985556
9985568
9985580
9985590
9985602
9985614
9985626
9985636
9985648
9985660
9985670
9985682
9985694
9985702
9985712
9985724
9985736
9985748
9985758
9985770
9985782
9985794
9985804
9985816
9985828
9985838
9985850
9985862
9985876
9985888
9985900
9985912
9985926
9985938
9985950
9985960
9985976
9985988
9986000
9986010
9986022
9986038
9986048
9986060
9986072
9986086
9986098
9986110
9986122
9986136
9986148
9986160
9986170
9986182
9986198
9986208
9986220
9986232
9986248
9986258
9986270
9986282
9986292
9986308
9986320
9986330
9986342
9986354
9986370
9986380
9986392
9986404
9986418
9986430
9986442
9986454
9986464
9986480
9986492
9986502
9986514
9986526
9986540
9986552
9986564
9986576
9986586
9986602
9986614
9986624
9986636
9986648
9986662
9986674
9986686
9986698
9986708
9986724
9986736
9986746
9986758
9986770
9986784
9986796
9986808
9986820
9986830
9986846
9986858
9986868
9986880
9986892
9986906
9986918
9986930
9986942
9986952
9986964
9986980
9986990
9987002
9987014
9987026
9987040
9987052
9987064
9987074
9987086
9987102
9987112
9987124
9987136
9987148
9987158
9987174
9987186
9987196
9987208
9987220
9987232
9987246
9987258
9987270
9987280
9987292
9987308
9987318
9987330
9987342
9987354
9987364
9987380
9987392
9987402
9987414
9987426
9987438
9987448
9987460
9987472
9987480
9987490
9987502
9987514
9987524
9987536
9987548
9987560
9987570
9987582
9987594
9987606
9987616
9987628
9987640
9987650
9987662
9987674
9987686
9987696
9987708
9987720
9987730
9987742
9987754
9987762
9987772
9987784
9987796
9987808
9987818
9987830
9987842
9987854
9987864
9987876
9987888
9987898
9987910
9987922
9987934
9987944
9987956
9987968
9987978
9987986
9987998
9988010
9988020
9988032
9988044
9988056
9988066
9988078
9988090
9988100
9988112
9988124
9988136
9988146
9988158
9988170
9988178
9988188
9988200
9988212
9988224
9988234
9988246
9988258
9988268
9988280
9988292
9988304
9988314
9988326
9988338
9988346
9988356
9988368
9988380
9988390
9988402
9988414
9988426
9988436
9988448
9988460
9988470
9988482
9988490
9988502
9988512
9988524
9988536
9988548
9988558
9988570
9988582
9988594
9988604
9988616
9988624
9988636
9988646
9988658
9988670
9988680
9988692
9988704
9988716
9988726
9988738
9988750
9988758
9988768
9988780
9988792
9988802
9988814
9988826
9988838
9988852
9988864
9988880
9988890
9988902
9988918
9988928
9988944
9988956
9988966
9988982
9988994
9989008
9989020
9989032
9989048
9989058
9989074
9989086
9989096
9989112
9989124
9989138
9989150
9989162
9989176
9989188
9989204
9989214
9989226
9989242
9989252
9989268
9989280
9989292
9989306
9989318
9989330
9989344
9989356
9989372
9989382
9989394
9989410
9989420
9989436
9989448
9989458
9989474
9989486
9989500
9989512
9989524
9989540
9989550
9989562
9989578
9989588
9989604
9989616
9989626
9989642
9989654
9989664
9989680
9989692
9989706
9989718
9989730
9989746
9989756
9989768
9989784
9989794
9989806
9989822
9989832
9989848
9989860
9989870
9989886
9989898
9989910
9989924
9989936
9989952
9989962
9989974
9989990
9990000
9990012
9990028
9990038
9990050
9990066
9990076
9990088
9990104
9990116
9990130
9990142
9990154
9990168
9990180
9990192
9990206
9990218
9990230
9990244
9990256
9990268
9990282
9990294
9990306
9990322
9990332
9990344
9990360
9990370
9990386
9990398
9990408
9990424
9990436
9990446
9990462
9990474
9990486
9990496
9990508
9990520
9990530
9990542
9990554
9990566
9990576
9990588
9990600
9990612
9990622
9990634
9990646
9990656
9990668
9990680
9990692
9990702
9990714
9990726
9990736
9990748
9990760
9990772
9990782
9990794
9990810
9990820
9990832
9990844
9990856
9990866
9990878
9990890
9990900
9990912
9990924
9990936
9990946
9990958
9990970
9990982
9990992
9991004
9991016
9991026
9991038
9991050
9991062
9991072
9991084
9991096
9991106
9991118
9991130
9991142
9991152
9991164
9991176
9991188
9991198
9991210
9991222
9991232
9991244
9991256
9991268
9991278
9991290
9991302
9991312
9991324
9991336
9991348
9991358
9991370
9991382
9991394
9991404
9991416
9991428
9991438
9991446
9991458
9991470
9991480
9991492
9991504
9991516
9991526
9991538
9991550
9991560
9991572
9991584
9991596
9991606
9991618
9991630
9991640
9991652
9991664
9991676
9991686
9991698
9991710
9991722
9991732
9991744
9991756
9991766
9991778
9991790
9991802
9991812
9991824
9991836
9991846
9991858
9991870
9991882
9991892
9991904
9991912
9991924
9991934
9991950
9991962
9991976
9991988
9992000
9992014
9992026
9992038
9992052
9992064
9992080
9992092
9992102
9992118
9992130
9992140
9992156
9992168
9992178
9992194
9992206
9992220
9992232
9992244
9992258
9992270
9992282
9992298
9992308
9992320
9992336
9992346
9992362
9992374
9992384
9992400
9992412
9992424
9992438
9992450
9992462
9992476
9992488
9992500
9992514
9992526
9992538
9992552
9992564
9992580
9992590
9992602
9992618
9992630
9992640
9992656
9992668
9992678
9992694
9992706
9992716
9992732
9992744
9992754
9992770
9992782
9992794
9992808
9992820
9992832
9992846
9992858
9992870
9992884
9992896
9992908
9992922
9992934
9992946
9992960
9992972
9992984
9993000
9993010
9993022
9993038
9993048
9993060
9993076
9993086
9993098
9993114
9993124
9993136
9993152
9993164
9993174
9993190
9993202
9993212
9993228
9993240
9993250
9993262
9993278
9993288
9993300
9993316
9993328
9993338
9993354
9993366
9993376
9993392
9993404
9993414
9993430
9993442
9993452
9993464
9993480
9993492
9993502
9993518
9993530
9993540
9993556
9993568
9993578
9993590
9993602
9993614
9993624
9993636
9993648
9993658
9993670
9993682
9993694
9993704
9993716
9993728
9993740
9993750
9993762
9993774
9993784
9993796
9993808
9993820
9993830
9993842
9993854
9993864
9993876
9993888
9993900
9993910
9993922
9993934
9993946
9993956
9993968
9993980
9993990
9994002
9994014
9994026
9994036
9994048
9994060
9994070
9994082
9994094
9994106
9994116
9994128
9994140
9994152
9994162
9994174
9994186
9994196
9994208
9994216
9994228
9994238
9994250
9994262
9994274
9994284
9994296
9994308
9994318
9994330
9994342
9994354
9994364
9994376
9994388
9994400
9994410
9994422
9994434
9994444
9994456
9994468
9994480
9994490
9994502
9994514
9994524
9994536
9994548
9994560
9994570
9994582
9994590
9994602
9994612
9994624
9994636
9994646
9994658
9994670
9994682
9994692
9994704
9994716
9994728
9994738
9994750
9994762
9994772
9994784
9994796
9994808
9994818
9994830
9994838
9994850
9994860
9994872
9994884
9994894
9994906
9994918
9994930
9994940
9994952
9994964
9994976
9994986
9994998
9995010
9995020
9995032
9995044
9995058
9995070
9995086
9995098
9995112
9995124
9995136
9995150
9995162
9995178
9995188
9995204
9995216
9995226
9995242
9995254
9995268
9995280
9995296
9995306
9995318
9995334
9995346
9995360
9995372
9995388
9995398
9995410
9995426
9995436
9995452
9995464
9995478
9995490
9995502
9995516
9995528
9995544
9995554
9995566
9995582
9995594
9995608
9995620
9995632
9995646
9995658
9995674
9995684
9995700
9995712
9995722
9995738
9995750
9995764
9995776
9995788
9995802
9995814
9995830
9995840
9995852
9995868
9995880
9995894
9995906
9995918
9995932
9995944
9995960
9995970
9995982
9995998
9996008
9996024
9996036
9996046
9996062
9996074
9996086
9996100
9996112
9996128
9996138
9996150
9996166
9996176
9996192
9996204
9996214
9996230
9996242
9996252
9996268
9996280
9996294
9996306
9996318
9996334
9996344
9996360
9996372
9996382
9996398
9996410
9996420
9996436
9996448
9996462
9996474
9996486
9996500
9996512
9996524
9996540
9996550
9996562
9996578
9996588
9996604
9996616
9996626
9996642
9996654
9996664
9996680
9996692
9996704
9996714
9996726
9996738
9996748
9996764
9996776
9996788
9996798
9996810
9996822
9996832
9996844
9996860
9996870
9996882
9996894
9996906
9996916
9996928
9996940
9996952
9996966
9996978
9996990
9997000
9997012
9997024
9997034
9997046
9997058
9997074
9997084
9997096
9997108
9997118
9997130
9997142
9997154
9997164
9997176
9997192
9997202
9997214
9997226
9997238
9997248
9997260
9997272
9997282
9997294
9997306
9997322
9997332
9997344
9997356
9997366
9997378
9997390
9997402
9997412
9997424
9997436
9997450
9997462
9997474
9997486
9997496
9997508
9997520
9997530
9997542
9997554
9997566
9997580
9997592
9997604
9997614
9997626
9997638
9997650
9997660
9997672
9997684
9997694
9997706
9997718
9997734
9997744
9997756
9997768
9997778
9997790
9997802
9997814
9997824
9997836
9997848
9997858
9997870
9997882
9997898
9997908
9997920
9997932
9997942
9997954
9997966
9997978
9997988
9998000
9998012
9998022
9998034
9998046
9998058
9998068
9998084
9998096
9998106
9998118
9998130
9998142
9998152
9998164
9998176
9998188
9998198
9998214
9998226
9998240
9998252
9998264
9998278
9998290
9998302
9998316
9998328
9998344
9998354
9998366
9998382
9998394
9998404
9998420
9998432
9998442
9998458
9998470
9998484
9998496
9998508
9998522
9998534
9998546
9998560
9998572
9998584
9998600
9998610
9998626
9998638
9998648
9998664
9998676
9998686
9998702
9998714
9998724
9998740
9998752
9998764
9998778
9998790
9998804
9998816
9998828
9998844
9998854
9998866
9998882
9998892
9998904
9998920
9998930
9998942
9998958
9998970
9998980
9998996
9999008
9999018
9999034
9999046
9999056
9999072
9999084
9999094
9999110
9999122
9999134
9999148
9999160
9999172
9999186
9999198
9999210
9999224
9999236
9999248
9999262
9999274
9999286
9999300
9999312
9999324
9999340
9999350
9999362
9999378
9999388
9999400
9999416
9999426
9999438
9999454
9999464
9999476
9999492
9999504
9999514
9999530
9999542
9999552
9999568
9999580
9999590
9999602
9999618
9999628
9999640
9999656
9999668
9999678
9999694
9999706
9999716
9999732
9999744
9999754
9999766
9999782
9999794
9999804
9999820
9999832
9999842
9999854
9999866
9999876
9999888
9999900
9999912
9999922
9999934
9999946
9999958
9999968
9999980
9999992
10000002
10000014
10000026
10000038
10000048
10000060
10000072
10000082
10000094
10000106
10000118
10000128
10000140
10000152
10000164
10000174
10000186
10000198
10000208
10000220
10000232
10000244
10000254
10000266
10000278
10000288
10000300
10000312
10000324
10000334
10000346
10000358
10000370
10000380
10000392
10000404
10000414
10000430
10000442
10000452
10000464
10000476
10000488
10000498
10000510
10000522
10000534
10000544
10000556
10000568
10000578
10000590
10000602
10000614
10000624
10000636
10000648
10000658
10000670
10000682
10000694
10000704
10000716
10000728
10000740
10000750
10000762
10000774
10000784
10000796
10000808
10000820
10000830
10000842
10000854
10000864
10000872
10000884
10000896
10000906
10000918
10000930
10000942
10000952
10000964
10000976
10000988
10000998
10001010
10001022
10001032
10001044
10001056
10001068
10001078
10001090
10001102
10001112
10001124
10001136
10001148
10001158
10001170
10001182
10001194
10001204
10001216
10001228
10001238
10001250
10001262
10001274
10001284
10001300
10001312
10001326
10001338
10001350
10001364
10001376
10001392
10001402
10001418
10001430
10001440
10001456
10001468
10001482
10001494
10001510
10001522
10001532
10001548
10001560
10001574
10001586
10001602
10001612
10001624
10001640
10001650
10001666
10001678
10001688
10001704
10001716
10001730
10001742
10001758
10001770
10001780
10001796
10001808
10001822
10001834
10001846
10001860
10001872
10001888
10001898
10001910
10001926
10001936
10001952
10001964
10001978
10001990
10002002
10002016
10002028
10002044
10002056
10002066
10002082
10002094
10002108
10002120
10002132
10002146
10002158
10002174
10002184
10002196
10002212
10002222
10002234
10002250
10002262
10002276
10002288
10002300
10002314
10002326
10002342
10002352
10002364
10002380
10002390
10002406
10002418
10002428
10002444
10002456
10002468
10002482
10002494
10002510
10002520
10002532
10002548
10002558
10002570
10002586
10002596
10002612
10002624
10002634
10002650
10002662
10002674
10002688
10002700
10002716
10002726
10002738
10002754
10002764
10002776
10002792
10002802
10002818
10002830
10002840
10002856
10002868
10002880
10002894
10002906
10002918
10002932
10002944
10002956
10002966
10002978
10002990
10003002
10003016
10003028
10003040
10003050
10003062
10003074
10003086
10003096
10003108
10003124
10003134
10003146
10003158
10003170
10003180
10003192
10003204
10003214
10003230
10003242
10003252
10003264
10003276
10003288
10003298
10003310
10003322
10003334
10003348
10003360
10003372
10003382
10003394
10003406
10003416
10003428
10003440
10003452
10003462
10003478
10003490
10003500
10003512
10003524
10003536
10003546
10003558
10003570
10003582
10003592
10003608
10003620
10003630
10003642
10003654
10003664
10003676
10003688
10003700
10003710
10003722
10003734
10003748
10003760
10003772
10003784
10003794
10003806
10003818
10003828
10003840
10003852
10003864
10003874
10003886
10003898
10003912
10003924
10003936
10003948
10003958
10003970
10003982
10003992
10004004
10004016
10004028
10004038
10004050
10004062
10004074
10004088
10004100
10004112
10004122
10004134
10004146
10004158
10004168
10004180
10004192
10004202
10004214
10004226
10004238
10004248
10004260
10004272
10004286
10004298
10004310
10004322
10004332
10004344
10004356
10004366
10004378
10004390
10004402
10004412
10004424
10004436
10004446
10004462
10004474
10004486
10004500
10004512
10004524
10004538
10004550
10004562
10004576
10004588
10004600
10004614
10004626
10004638
10004652
10004664
10004676
10004688
10004702
10004714
10004726
10004740
10004752
10004764
10004778
10004790
10004802
10004816
10004828
10004840
10004852
10004866
10004878
10004890
10004904
10004916
10004928
10004942
10004954
10004966
10004978
10004992
10005004
10005016
10005030
10005042
10005054
10005068
10005080
10005092
10005104
10005118
10005130
10005142
10005156
10005168
10005180
10005190
10005206
10005218
10005228
10005244
10005256
10005268
10005278
10005294
10005306
10005316
10005332
10005344
10005354
10005366
10005382
10005392
10005404
10005416
10005432
10005442
10005454
10005470
10005480
10005492
10005504
10005518
10005530
10005542
10005554
10005568
10005580
10005592
10005606
10005618
10005630
10005640
10005656
10005668
10005680
10005690
10005706
10005718
10005728
10005740
10005756
10005766
10005778
10005790
10005804
10005816
10005828
10005840
10005854
10005866
10005878
10005892
10005904
10005916
10005928
10005942
10005954
10005966
10005976
10005992
10006004
10006014
10006026
10006042
10006052
10006064
10006076
10006088
10006098
10006110
10006126
10006136
10006148
10006160
10006172
10006182
10006198
10006210
10006220
10006232
10006244
10006256
10006266
10006282
10006294
10006304
10006316
10006328
10006340
10006354
10006366
10006378
10006388
10006400
10006412
10006422
10006438
10006450
10006462
10006472
10006484
10006496
10006506
10006522
10006534
10006546
10006556
10006568
10006580
10006590
10006602
10006618
10006628
10006640
10006652
10006664
10006674
10006686
10006702
10006712
10006724
10006736
10006748
10006758
10006770
10006782
10006796
10006808
10006820
10006832
10006842
10006854
10006866
10006876
10006892
10006904
10006916
10006926
10006938
10006950
10006960
10006972
10006984
10006998
10007010
10007022
10007034
10007044
10007056
10007068
10007080
10007094
10007106
10007118
10007128
10007140
10007152
10007164
10007174
10007186
10007198
10007212
10007224
10007236
10007246
10007258
10007270
10007282
10007292
10007304
10007320
10007330
10007342
10007354
10007366
10007376
10007388
10007400
10007410
10007422
10007434
10007450
10007460
10007472
10007484
10007494
10007506
10007518
10007530
10007540
10007552
10007564
10007578
10007590
10007602
10007616
10007628
10007640
10007652
10007666
10007678
10007690
10007704
10007716
10007728
10007740
10007754
10007766
10007778
10007792
10007804
10007816
10007826
10007842
10007854
10007864
10007880
10007892
10007904
10007914
10007930
10007942
10007952
10007964
10007980
10007990
10008002
10008018
10008028
10008040
10008052
10008068
10008078
10008090
10008102
10008116
10008128
10008140
10008152
10008166
10008178
10008190
10008200
10008216
10008228
10008238
10008254
10008266
10008276
10008288
10008304
10008316
10008326
10008338
10008354
10008364
10008376
10008388
10008402
10008414
10008426
10008438
10008452
10008464
10008476
10008486
10008502
10008514
10008524
10008536
10008552
10008562
10008574
10008586
10008598
10008612
10008624
10008636
10008646
10008662
10008674
10008686
10008696
10008712
10008724
10008734
10008746
10008762
10008772
10008784
10008796
10008808
10008822
10008834
10008846
10008856
10008872
10008884
10008894
10008906
10008922
10008934
10008944
10008956
10008968
10008982
10008994
10009006
10009016
10009032
10009044
10009056
10009066
10009078
10009094
10009104
10009116
10009128
10009140
10009154
10009166
10009178
10009188
10009200
10009212
10009222
10009234
10009246
10009262
10009272
10009284
10009296
10009306
10009318
10009330
10009342
10009352
10009364
10009376
10009386
10009402
10009414
10009426
10009436
10009448
10009460
10009470
10009482
10009494
10009506
10009516
10009528
10009544
10009554
10009566
10009578
10009590
10009600
10009612
10009624
10009634
10009646
10009658
10009670
10009680
10009692
10009708
10009718
10009730
10009742
10009754
10009764
10009776
10009788
10009798
10009810
10009822
10009834
10009844
10009856
10009868
10009882
10009894
10009906
10009918
10009928
10009940
10009952
10009962
10009974
10009986
10009998
10010008
10010020
10010032
10010044
10010054
10010066
10010078
10010092
10010104
10010116
10010128
10010138
10010150
10010162
10010172
10010184
10010196
10010208
10010218
10010230
10010242
10010252
10010264
10010276
10010288
10010298
10010310
10010322
10010334
10010344
10010360
10010372
10010382
10010394
10010406
10010416
10010428
10010440
10010452
10010462
10010474
10010486
10010498
10010508
10010520
10010532
10010542
10010554
10010566
10010578
10010588
10010600
10010612
10010622
10010634
10010646
10010658
10010672
10010684
10010696
10010706
10010718
10010734
10010746
10010756
10010768
10010780
10010794
10010806
10010818
10010828
10010840
10010856
10010868
10010878
10010890
10010902
10010916
10010928
10010940
10010950
10010962
10010978
10010990
10011000
10011012
10011024
10011038
10011050
10011062
10011074
10011084
10011096
10011112
10011122
10011134
10011146
10011156
10011172
10011184
10011196
10011206
10011218
10011230
10011244
10011256
10011268
10011280
10011290
10011302
10011318
10011328
10011340
10011352
10011362
10011374
10011390
10011402
10011412
10011424
10011436
10011450
10011462
10011474
10011486
10011496
10011508
10011520
10011534
10011546
10011558
10011568
10011580
10011592
10011608
10011618
10011630
10011642
10011652
10011664
10011680
10011692
10011702
10011714
10011726
10011736
10011748
10011764
10011774
10011786
10011798
10011810
10011820
10011836
10011848
10011858
10011870
10011882
10011894
10011904
10011920
10011932
10011942
10011954
10011966
10011978
10011988
10012004
10012016
10012026
10012038
10012050
10012062
10012072
10012084
10012100
10012110
10012122
10012134
10012144
10012156
10012168
10012184
10012194
10012206
10012218
10012228
10012240
10012252
10012264
10012278
10012290
10012302
10012312
10012324
10012336
10012348
10012362
10012374
10012386
10012396
10012408
10012420
10012432
10012442
10012458
10012470
10012480
10012492
10012504
10012516
10012526
10012538
10012554
10012564
10012576
10012588
10012598
10012610
10012622
10012634
10012648
10012660
10012672
10012682
10012694
10012706
10012718
10012728
10012740
10012756
10012766
10012778
10012790
10012802
10012812
10012824
10012836
10012846
10012862
10012874
10012886
10012896
10012908
10012920
10012930
10012942
10012954
10012966
10012980
10012992
10013004
10013014
10013026
10013038
10013050
10013060
10013072
10013084
10013098
10013110
10013122
10013134
10013144
10013156
10013168
10013178
10013190
10013202
10013214
10013228
10013240
10013252
10013262
10013274
10013286
10013298
10013308
10013320
10013332
10013342
10013354
10013370
10013380
10013392
10013404
10013416
10013426
10013438
10013450
10013462
10013472
10013484
10013496
10013506
10013522
10013534
10013544
10013556
10013568
10013580
10013590
10013602
10013614
10013626
10013636
10013648
10013660
10013670
10013686
10013698
10013710
10013720
10013732
10013744
10013758
10013770
10013782
10013796
10013808
10013820
10013832
10013846
10013858
10013870
10013880
10013896
10013908
10013918
10013934
10013946
10013956
10013968
10013984
10013996
10014006
10014018
10014034
10014044
10014056
10014068
10014082
10014094
10014106
10014122
10014132
10014144
10014156
10014170
10014182
10014194
10014204
10014220
10014232
10014244
10014254
10014270
10014282
10014292
10014304
10014320
10014330
10014342
10014354
10014368
10014380
10014392
10014404
10014418
10014430
10014442
10014452
10014464
10014480
10014492
10014502
10014514
10014530
10014540
10014552
10014564
10014578
10014590
10014602
10014614
10014628
10014640
10014652
10014662
10014674
10014690
10014700
10014712
10014724
10014738
10014750
10014762
10014774
10014788
10014800
10014812
10014822
10014834
10014850
10014862
10014872
10014884
10014896
10014910
10014922
10014934
10014944
10014960
10014972
10014984
10014994
10015006
10015022
10015032
10015044
10015056
10015068
10015082
10015094
10015106
10015116
10015132
10015144
10015154
10015166
10015178
10015192
10015204
10015216
10015228
10015238
10015254
10015266
10015276
10015288
10015300
10015312
10015322
10015334
10015346
10015356
10015368
10015376
10015388
10015398
10015410
10015422
10015434
10015444
10015456
10015468
10015480
10015490
10015498
10015510
10015522
10015532
10015544
10015556
10015566
10015578
10015590
10015602
10015608
10015620
10015632
10015644
10015654
10015666
10015678
10015688
10015700
10015712
10015720
10015730
10015742
10015754
10015766
10015776
10015788
10015800
10015810
10015818
10015830
10015842
10015852
10015864
10015876
10015888
10015898
10015910
10015918
10015930
10015940
10015952
10015964
10015974
10015986
10015998
10016006
10016016
10016028
10016040
10016052
10016062
10016074
10016086
10016094
10016104
10016116
10016128
10016138
10016150
10016162
10016174
10016180
10016192
10016204
10016216
10016226
10016238
10016250
10016262
10016268
10016280
10016292
10016304
10016314
10016326
10016338
10016344
10016356
10016368
10016380
10016390
10016402
10016414
10016422
10016432
10016444
10016456
10016468
10016478
10016490
10016498
10016510
10016520
10016532
10016544
10016554
10016566
10016574
10016586
10016596
10016608
10016620
10016632
10016638
10016650
10016662
10016674
10016684
10016696
10016708
10016718
10016734
10016746
10016756
10016772
10016784
10016796
10016806
10016822
10016834
10016844
10016860
10016872
10016882
10016898
10016910
10016920
10016932
10016948
10016960
10016970
10016986
10016998
10017008
10017024
10017036
10017046
10017058
10017074
10017086
10017096
10017112
10017124
10017134
10017150
10017162
10017172
10017184
10017200
10017210
10017222
10017238
10017250
10017260
10017272
10017288
10017298
10017310
10017326
10017336
10017348
10017360
10017374
10017386
10017398
10017410
10017424
10017436
10017448
10017462
10017474
10017486
10017498
10017512
10017524
10017536
10017546
10017562
10017574
10017584
10017600
10017612
10017622
10017634
10017650
10017662
10017672
10017684
10017700
10017710
10017722
10017734
10017748
10017760
10017772
10017786
10017798
10017810
10017822
10017836
10017848
10017860
10017870
10017886
10017898
10017910
10017920
10017936
10017948
10017958
10017970
10017986
10017996
10018008
10018020
10018034
10018046
10018058
10018070
10018084
10018096
10018108
10018118
10018134
10018146
10018156
10018168
10018180
10018196
10018206
10018218
10018230
10018244
10018256
10018268
10018280
10018294
10018306
10018314
10018324
10018336
10018348
10018360
10018370
10018382
10018394
10018404
10018416
10018428
10018440
10018450
10018462
10018474
10018486
10018496
10018508
10018520
10018530
10018538
10018550
10018562
10018572
10018584
10018596
10018608
10018618
10018630
10018642
10018652
10018664
10018676
10018688
10018698
10018710
10018718
10018730
10018740
10018752
10018764
10018774
10018786
10018798
10018810
10018820
10018832
10018844
10018856
10018866
10018874
10018886
10018898
10018908
10018920
10018932
10018942
10018954
10018966
10018978
10018988
10019000
10019008
10019020
10019030
10019042
10019054
10019064
10019076
10019088
10019100
10019110
10019122
10019134
10019142
10019152
10019164
10019176
10019186
10019198
10019210
10019222
10019232
10019244
10019256
10019264
10019274
10019286
10019298
10019308
10019320
10019332
10019344
10019354
10019366
10019374
10019386
10019396
10019408
10019420
10019432
10019442
10019454
10019466
10019474
10019484
10019496
10019508
10019518
10019530
10019542
10019554
10019564
10019572
10019584
10019596
10019606
10019618
10019630
10019640
10019652
10019664
10019672
10019682
10019694
10019706
10019718
10019728
10019744
10019756
10019766
10019778
10019790
10019804
10019816
10019828
10019840
10019850
10019862
10019878
10019888
10019900
10019912
10019924
10019934
10019950
10019962
10019972
10019984
10019996
10020008
10020022
10020034
10020046
10020056
10020068
10020080
10020094
10020106
10020118
10020130
10020140
10020152
10020168
10020178
10020190
10020202
10020214
10020224
10020236
10020252
10020262
10020274
10020286
10020298
10020308
10020324
10020336
10020346
10020358
10020370
10020380
10020392
10020408
10020420
10020430
10020442
10020454
10020464
10020476
10020492
10020502
10020514
10020526
10020538
10020548
10020560
10020572
10020586
10020598
10020610
10020622
10020632
10020644
10020656
10020670
10020682
10020694
10020706
10020716
10020728
10020740
10020750
10020766
10020778
10020790
10020800
10020812
10020824
10020834
10020846
10020862
10020874
10020884
10020896
10020908
10020918
10020930
10020942
10020956
10020968
10020980
10020992
10021002
10021014
10021026
10021038
10021048
10021064
10021076
10021086
10021098
10021110
10021120
10021132
10021144
10021156
10021170
10021182
10021194
10021204
10021216
10021228
10021240
10021250
10021262
10021274
10021286
10021292
10021304
10021316
10021326
10021338
10021350
10021362
10021368
10021380
10021392
10021404
10021414
10021426
10021438
10021446
10021456
10021468
10021480
10021492
10021502
10021510
10021522
10021532
10021544
10021556
10021568
10021578
10021586
10021598
10021610
10021620
10021632
10021644
10021652
10021662
10021674
10021686
10021696
10021708
10021716
10021728
10021738
10021750
10021762
10021774
10021780
10021792
10021804
10021816
10021826
10021838
10021846
10021858
10021868
10021880
10021892
10021902
10021910
10021922
10021934
10021944
10021956
10021968
10021976
10021986
10021998
10022010
10022022
10022028
10022040
10022052
10022064
10022074
10022086
10022094
10022106
10022116
10022128
10022140
10022148
10022158
10022170
10022182
10022192
10022200
10022212
10022224
10022234
10022246
10022258
10022266
10022276
10022288
10022300
10022312
10022318
10022330
10022342
10022354
10022364
10022372
10022384
10022396
10022406
10022418
10022426
10022438
10022448
10022460
10022472
10022480
10022490
10022502
10022514
10022524
10022532
10022544
10022556
10022566
10022574
10022586
10022598
10022608
10022620
10022632
10022644
10022654
10022666
10022678
10022688
10022700
10022712
10022724
10022734
10022746
10022758
10022768
10022780
10022792
10022804
10022814
10022826
10022838
10022852
10022864
10022876
10022888
10022898
10022910
10022922
10022932
10022944
10022956
10022968
10022978
10022990
10023002
10023014
10023024
10023036
10023048
10023058
10023070
10023082
10023094
10023104
10023116
10023128
10023138
10023150
10023162
10023174
10023184
10023196
10023208
10023220
10023230
10023242
10023258
10023268
10023280
10023292
10023302
10023314
10023326
10023338
10023348
10023360
10023372
10023384
10023394
10023406
10023418
10023428
10023440
10023452
10023464
10023474
10023486
10023498
10023508
10023520
10023532
10023544
10023554
10023566
10023578
10023590
10023600
10023612
10023624
10023634
10023646
10023658
10023670
10023680
10023692
10023704
10023714
10023726
10023738
10023750
10023760
10023772
10023784
10023796
10023806
10023818
10023830
10023840
10023852
10023864
10023876
10023886
10023898
10023910
10023920
10023928
10023940
10023952
10023962
10023974
10023986
10023998
10024008
10024020
10024032
10024044
10024054
10024066
10024078
10024088
10024100
10024112
10024124
10024130
10024142
10024154
10024166
10024176
10024184
10024196
10024208
10024218
10024226
10024238
10024250
10024260
10024272
10024280
10024290
10024302
10024314
10024326
10024332
10024344
10024356
10024368
10024374
10024386
10024398
10024410
10024420
10024428
10024440
10024452
10024462
10024470
10024482
10024494
10024504
10024516
10024524
10024536
10024546
10024558
10024566
10024578
10024588
10024600
10024612
10024620
10024630
10024642
10024654
10024662
10024672
10024684
10024696
10024702
10024714
10024726
10024738
10024744
10024756
10024768
10024780
10024786
10024798
10024810
10024822
10024832
10024840
10024852
10024864
10024874
10024882
10024894
10024906
10024916
10024924
10024936
10024948
10024958
10024966
10024978
10024990
10025000
10025008
10025020
10025032
10025042
10025050
10025062
10025074
10025080
10025092
10025104
10025114
10025122
10025134
10025146
10025156
10025164
10025176
10025188
10025198
10025206
10025218
10025230
10025240
10025248
10025260
10025272
10025278
10025290
10025302
10025314
10025320
10025332
10025344
10025356
10025362
10025374
10025386
10025394
10025404
10025416
10025428
10025436
10025450
10025462
10025474
10025484
10025496
10025508
10025520
10025530
10025542
10025558
10025568
10025580
10025592
10025604
10025614
10025626
10025638
10025652
10025664
10025676
10025688
10025698
10025710
10025722
10025732
10025744
10025760
10025772
10025782
10025794
10025806
10025816
10025828
10025840
10025852
10025866
10025878
10025890
10025900
10025912
10025924
10025936
10025946
10025958
10025970
10025984
10025996
10026008
10026020
10026030
10026042
10026054
10026064
10026076
10026088
10026100
10026114
10026126
10026138
10026148
10026160
10026172
10026184
10026194
10026206
10026218
10026228
10026244
10026256
10026268
10026278
10026290
10026302
10026312
10026324
10026336
10026348
10026358
10026370
10026382
10026396
10026408
10026420
10026432
10026442
10026454
10026466
10026476
10026488
10026500
10026512
10026522
10026534
10026546
10026560
10026572
10026584
10026596
10026606
10026618
10026630
10026640
10026652
10026664
10026676
10026686
10026698
10026710
10026720
10026732
10026748
10026760
10026770
10026782
10026794
10026804
10026816
10026828
10026840
10026850
10026862
10026874
10026884
10026896
10026908
10026920
10026930
10026942
10026954
10026966
10026976
10026984
10026996
10027008
10027018
10027026
10027038
10027050
10027056
10027068
10027080
10027090
10027098
10027110
10027122
10027132
10027140
10027152
10027164
10027172
10027182
10027194
10027206
10027214
10027224
10027236
10027248
10027256
10027266
10027278
10027286
10027296
10027308
10027320
10027328
10027338
10027350
10027358
10027370
10027380
10027392
10027400
10027412
10027422
10027430
10027442
10027454
10027464
10027472
10027484
10027496
10027502
10027514
10027526
10027534
10027544
10027556
10027568
10027576
10027586
10027598
10027606
10027618
10027628
10027640
10027648
10027660
10027670
10027678
10027690
10027702
10027708
10027720
10027732
10027740
10027750
10027762
10027774
10027782
10027792
10027804
10027812
10027824
10027834
10027842
10027854
10027866
10027872
10027884
10027896
10027904
10027914
10027926
10027938
10027946
10027956
10027968
10027976
10027988
10027998
10028006
10028018
10028030
10028038
10028048
10028060
10028068
10028078
10028090
10028098
10028110
10028120
10028128
10028140
10028152
10028160
10028170
10028182
10028190
10028202
10028212
10028220
10028232
10028244
10028250
10028262
10028274
10028284
10028296
10028308
10028320
10028330
10028342
10028354
10028366
10028376
10028388
10028396
10028408
10028418
10028430
10028442
10028452
10028464
10028476
10028488
10028498
10028510
10028522
10028532
10028544
10028556
10028568
10028578
10028586
10028598
10028610
10028620
10028632
10028644
10028656
10028666
10028678
10028690
10028700
10028712
10028724
10028736
10028742
10028754
10028766
10028778
10028788
10028800
10028812
10028822
10028834
10028846
10028858
10028868
10028880
10028888
10028900
10028910
10028922
10028934
10028944
10028956
10028968
10028980
10028990
10029002
10029014
10029022
10029032
10029044
10029056
10029066
10029078
10029090
10029102
10029112
10029124
10029136
10029144
10029154
10029166
10029178
10029190
10029200
10029212
10029224
10029234
10029246
10029254
10029266
10029276
10029288
10029300
10029312
10029322
10029334
10029346
10029356
10029364
10029376
10029388
10029398
10029410
10029422
10029434
10029444
10029456
10029464
10029476
10029486
10029498
10029510
10029520
10029532
10029544
10029556
10029562
10029574
10029586
10029598
10029608
10029620
10029632
10029644
10029650
10029662
10029674
10029684
10029696
10029704
10029716
10029726
10029734
10029746
10029758
10029766
10029776
10029788
10029796
10029808
10029818
10029826
10029838
10029850
10029856
10029868
10029880
10029888
10029898
10029910
10029918
10029930
10029940
10029948
10029960
10029972
10029978
10029990
10030002
10030010
10030020
10030032
10030040
10030052
10030058
10030070
10030082
10030090
10030100
10030112
10030120
10030132
10030142
10030150
10030162
10030174
10030180
10030192
10030204
10030212
10030222
10030230
10030242
10030254
10030260
10030272
10030284
10030292
10030302
10030314
10030322
10030334
10030342
10030352
10030364
10030372
10030384
10030394
10030402
10030414
10030426
10030432
10030444
10030452
10030464
10030474
10030482
10030494
10030506
10030512
10030524
10030532
10030544
10030554
10030562
10030574
10030586
10030592
10030604
10030612
10030624
10030634
10030642
10030654
10030662
10030672
10030684
10030692
10030704
10030714
10030722
10030734
10030742
10030754
10030764
10030772
10030784
10030792
10030802
10030814
10030822
10030834
10030840
10030852
10030864
10030872
10030882
10030890
10030902
10030914
10030920
10030932
10030940
10030952
10030962
10030970
10030982
10030994
10031004
10031016
10031024
10031036
10031046
10031058
10031070
10031078
10031088
10031100
10031112
10031124
10031134
10031142
10031154
10031166
10031176
10031188
10031196
10031208
10031218
10031230
10031242
10031250
10031260
10031272
10031284
10031294
10031302
10031314
10031326
10031336
10031348
10031356
10031368
10031378
10031390
10031402
10031410
10031420
10031432
10031444
10031454
10031462
10031474
10031486
10031496
10031508
10031516
10031528
10031538
10031550
10031562
10031570
10031580
10031592
10031604
10031612
10031622
10031634
10031646
10031658
10031664
10031676
10031688
10031700
10031710
10031718
10031730
10031742
10031752
10031760
10031772
10031784
10031794
10031806
10031814
10031826
10031836
10031848
10031856
10031866
10031878
10031890
10031898
10031908
10031920
10031932
10031944
10031950
10031962
10031974
10031986
10031992
10032004
10032016
10032028
10032034
10032046
10032058
10032070
10032076
10032088
10032100
10032112
10032118
10032130
10032142
10032154
10032164
10032172
10032184
10032196
10032206
10032214
10032226
10032238
10032248
10032256
10032268
10032278
10032290
10032298
10032310
10032320
10032332
10032340
10032352
10032362
10032370
10032382
10032394
10032404
10032412
10032424
10032436
10032446
10032454
10032466
10032478
10032484
10032496
10032508
10032520
10032526
10032538
10032550
10032562
10032568
10032580
10032592
10032600
10032610
10032622
10032634
10032642
10032652
10032664
10032672
10032684
10032694
10032706
10032714
10032726
10032736
10032744
10032756
10032768
10032778
10032786
10032798
10032810
10032816
10032828
10032840
10032848
10032858
10032870
10032882
10032890
10032900
10032912
10032920
10032932
10032942
10032954
10032962
10032974
10032984
10032992
10033004
10033016
10033022
10033034
10033046
10033054
10033064
10033076
10033088
10033096
10033106
10033118
10033126
10033138
10033148
10033156
10033168
10033180
10033186
10033198
10033210
10033218
10033228
10033240
10033252
10033260
10033270
10033282
10033290
10033302
10033312
10033320
10033332
10033344
10033350
10033362
10033374
10033382
10033392
10033404
10033412
10033424
10033434
10033442
10033454
10033466
10033472
10033484
10033496
10033504
10033514
10033526
10033534
10033546
10033556
10033564
10033576
10033588
10033596
10033606
10033618
10033626
10033638
10033648
10033656
10033668
10033678
10033690
10033698
10033710
10033720
10033732
10033740
10033752
10033762
10033774
10033782
10033794
10033804
10033812
10033824
10033836
10033846
10033854
10033866
10033878
10033884
10033896
10033908
10033920
10033926
10033938
10033950
10033962
10033968
10033980
10033992
10034000
10034010
10034022
10034034
10034042
10034052
10034064
10034072
10034084
10034094
10034106
10034114
10034126
10034136
10034144
10034156
10034168
10034174
10034186
10034198
10034210
10034216
10034228
10034240
10034248
10034258
10034270
10034278
10034290
10034300
10034312
10034320
10034332
10034342
10034350
10034362
10034374
10034380
10034392
10034404
10034412
10034422
10034434
10034446
10034454
10034464
10034476
10034484
10034496
10034506
10034514
10034526
10034538
10034544
10034556
10034568
10034576
10034586
10034598
10034610
10034618
10034628
10034640
10034648
10034660
10034670
10034678
10034690
10034702
10034708
10034720
10034732
10034740
10034750
10034762
10034770
10034782
10034792
10034800
10034812
10034824
10034832
10034842
10034854
10034862
10034872
10034884
10034892
10034904
10034914
10034922
10034934
10034946
10034954
10034964
10034972
10034984
10034996
10035002
10035014
10035022
10035034
10035040
10035052
10035064
10035072
10035082
10035090
10035102
10035110
10035120
10035132
10035140
10035152
10035160
10035170
10035178
10035190
10035198
10035208
10035220
10035228
10035240
10035246
10035258
10035266
10035278
10035284
10035296
10035308
10035316
10035326
10035334
10035346
10035354
10035366
10035372
10035384
10035396
10035404
10035414
10035422
10035434
10035442
10035452
10035460
10035472
10035480
10035490
10035502
10035510
10035522
10035530
10035540
10035548
10035560
10035568
10035578
10035586
10035598
10035606
10035616
10035628
10035636
10035648
10035654
10035666
10035674
10035686
10035694
10035704
10035712
10035724
10035732
10035742
10035750
10035762
10035770
10035780
10035792
10035800
10035812
10035820
10035830
10035838
10035850
10035858
10035868
10035876
10035888
10035896
10035906
10035914
10035926
10035934
10035944
10035952
10035964
10035972
10035984
10035990
10036002
10036010
10036022
10036028
10036040
10036048
10036060
10036066
10036078
10036086
10036098
10036106
10036116
10036128
10036136
10036148
10036154
10036166
10036174
10036186
10036192
10036204
10036212
10036224
10036230
10036242
10036250
10036262
10036272
10036280
10036292
10036300
10036312
10036322
10036330
10036342
10036350
10036360
10036368
10036380
10036392
10036398
10036410
10036418
10036430
10036436
10036448
10036456
10036468
10036478
10036486
10036498
10036506
10036518
10036524
10036536
10036548
10036556
10036566
10036574
10036586
10036594
10036604
10036612
10036624
10036636
10036642
10036654
10036662
10036674
10036682
10036692
10036700
10036712
10036724
10036730
10036742
10036750
10036762
10036768
10036780
10036788
10036800
10036808
10036818
10036830
10036838
10036848
10036856
10036868
10036876
10036888
10036894
10036906
10036914
10036926
10036932
10036944
10036956
10036964
10036974
10036982
10036994
10037002
10037014
10037020
10037032
10037040
10037052
10037058
10037070
10037078
10037090
10037100
10037108
10037120
10037128
10037138
10037146
10037158
10037166
10037178
10037184
10037196
10037204
10037216
10037222
10037234
10037242
10037254
10037260
10037272
10037280
10037292
10037300
10037310
10037322
10037330
10037342
10037348
10037360
10037368
10037380
10037386
10037398
10037406
10037418
10037424
10037436
10037444
10037456
10037464
10037474
10037482
10037494
10037502
10037512
10037520
10037532
10037540
10037550
10037558
10037570
10037578
10037590
10037596
10037608
10037616
10037628
10037634
10037646
10037654
10037666
10037672
10037684
10037692
10037704
10037712
10037718
10037730
10037738
10037750
10037756
10037768
10037776
10037788
10037796
10037806
10037814
10037826
10037834
10037844
10037852
10037864
10037872
10037882
10037890
10037902
10037910
10037920
10037928
10037936
10037948
10037956
10037966
10037974
10037986
10037994
10038004
10038012
10038024
10038032
10038042
10038050
10038062
10038070
10038082
10038088
10038096
10038108
10038116
10038126
10038134
10038146
10038154
10038166
10038172
10038184
10038192
10038204
10038210
10038218
10038230
10038238
10038248
10038256
10038268
10038276
10038288
10038294
10038302
10038314
10038322
10038332
10038340
10038352
10038360
10038372
10038378
10038390
10038398
10038406
10038416
10038424
10038436
10038444
10038454
10038462
10038474
10038482
10038490
10038500
10038508
10038520
10038528
10038538
10038546
10038554
10038566
10038574
10038584
10038592
10038604
10038612
10038618
10038630
10038638
10038650
10038658
10038668
10038676
10038688
10038696
10038702
10038714
10038722
10038734
10038742
10038752
10038760
10038772
10038780
10038786
10038798
10038806
10038818
10038824
10038836
10038844
10038852
10038864
10038870
10038882
10038890
10038902
10038908
10038920
10038928
10038936
10038948
10038954
10038966
10038974
10038986
10038992
10039000
10039012
10039020
10039030
10039038
10039046
10039058
10039066
10039076
10039084
10039096
10039104
10039112
10039122
10039130
10039142
10039150
10039160
10039168
10039176
10039188
10039196
10039206
10039214
10039222
10039234
10039240
10039252
10039260
10039268
10039278
10039286
10039298
10039306
10039318
10039324
10039332
10039344
10039352
10039362
10039370
10039378
10039390
10039398
10039408
10039416
10039424
10039436
10039442
10039454
10039462
10039470
10039482
10039488
10039500
10039508
10039516
10039526
10039534
10039546
10039554
10039562
10039572
10039580
10039588
10039600
10039608
10039618
10039626
10039634
10039646
10039652
10039664
10039672
10039680
10039690
10039698
10039706
10039718
10039726
10039736
10039744
10039752
10039764
10039772
10039782
10039790
10039798
10039810
10039816
10039824
10039836
10039844
10039852
10039858
10039870
10039878
10039886
10039896
10039904
10039912
10039920
10039932
10039938
10039946
10039954
10039966
10039974
10039980
10039988
10040000
10040008
10040016
10040026
10040034
10040042
10040050
10040060
10040068
10040076
10040084
10040096
10040102
10040110
10040118
10040130
10040138
10040144
10040152
10040164
10040172
10040180
10040186
10040198
10040206
10040214
10040222
10040232
10040240
10040248
10040256
10040266
10040274
10040282
10040290
10040302
10040308
10040316
10040324
10040336
10040344
10040350
10040358
10040370
10040378
10040386
10040392
10040404
10040412
10040420
10040428
10040438
10040446
10040454
10040462
10040470
10040480
10040488
10040496
10040504
10040514
10040522
10040530
10040538
10040550
10040556
10040564
10040572
10040584
10040592
10040598
10040606
10040614
10040626
10040634
10040640
10040648
10040660
10040668
10040676
10040682
10040690
10040702
10040710
10040718
10040724
10040736
10040744
10040752
10040760
10040766
10040778
10040786
10040794
10040802
10040808
10040820
10040828
10040836
10040842
10040854
10040862
10040870
10040878
10040884
10040896
10040904
10040912
10040924
10040930
10040942
10040950
10040962
10040968
10040980
10040988
10041000
10041006
10041018
10041026
10041038
10041046
10041056
10041064
10041076
10041084
10041094
10041102
10041114
10041122
10041132
10041140
10041152
10041160
10041172
10041178
10041190
10041198
10041210
10041216
10041228
10041236
10041248
10041254
10041266
10041274
10041286
10041294
10041304
10041312
10041324
10041332
10041338
10041350
10041358
10041370
10041378
10041388
10041396
10041408
10041416
10041426
10041434
10041446
10041454
10041464
10041472
10041484
10041492
10041502
10041510
10041522
10041530
10041542
10041548
10041560
10041568
10041576
10041586
10041594
10041606
10041614
10041624
10041632
10041644
10041652
10041664
10041670
10041682
10041690
10041702
10041708
10041716
10041728
10041736
10041748
10041754
10041766
10041774
10041786
10041792
10041804
10041812
10041824
10041830
10041838
10041850
10041858
10041870
10041876
10041888
10041896
10041908
10041914
10041926
10041934
10041942
10041954
10041960
10041972
10041980
10041992
10041998
10042010
10042018
10042026
10042036
10042044
10042056
10042064
10042076
10042082
10042094
10042102
10042110
10042120
10042128
10042136
10042144
10042152
10042160
10042170
10042178
10042186
10042194
10042200
10042208
10042216
10042224
10042232
10042240
10042250
10042258
10042266
10042274
10042282
10042288
10042296
10042304
10042312
10042320
10042326
10042338
10042346
10042354
10042362
10042368
10042376
10042384
10042392
10042400
10042406
10042414
10042422
10042434
10042442
10042448
10042456
10042464
10042472
10042480
10042488
10042494
10042502
10042510
10042518
10042530
10042536
10042544
10042552
10042560
10042568
10042574
10042582
10042590
10042598
10042606
10042612
10042620
10042632
10042640
10042648
10042654
10042662
10042670
10042678
10042686
10042694
10042700
10042708
10042716
10042724
10042732
10042738
10042750
10042758
10042766
10042774
10042780
10042788
10042796
10042804
10042812
10042818
10042826
10042834
10042842
10042850
10042858
10042864
10042872
10042884
10042892
10042900
10042906
10042914
10042922
10042930
10042938
10042944
10042952
10042960
10042968
10042976
10042984
10042990
10042998
10043006
10043014
10043022
10043028
10043040
10043048
10043056
10043064
10043070
10043078
10043086
10043094
10043102
10043108
10043116
10043124
10043132
10043140
10043150
10043158
10043166
10043178
10043186
10043192
10043200
10043212
10043220
10043228
10043238
10043246
10043254
10043266
10043272
10043280
10043288
10043300
10043308
10043314
10043326
10043334
10043342
10043350
10043360
10043368
10043376
10043388
10043394
10043402
10043414
10043422
10043430
10043436
10043448
10043456
10043464
10043476
10043482
10043490
10043498
10043510
10043518
10043524
10043532
10043544
10043552
10043560
10043570
10043578
10043586
10043594
10043604
10043612
10043620
10043632
10043640
10043646
10043654
10043666
10043674
10043682
10043688
10043700
10043708
10043716
10043726
10043734
10043742
10043750
10043762
10043768
10043776
10043784
10043796
10043804
10043810
10043818
10043830
10043838
10043846
10043852
10043864
10043872
10043880
10043888
10043898
10043906
10043914
10043926
10043932
10043940
10043948
10043960
10043968
10043974
10043982
10043994
10044002
10044010
10044016
10044028
10044036
10044044
10044052
10044062
10044070
10044078
10044086
10044096
10044104
10044112
10044120
10044128
10044138
10044146
10044154
10044162
10044174
10044180
10044188
10044196
10044208
10044216
10044222
10044230
10044242
10044250
10044258
10044264
10044272
10044280
10044288
10044296
10044302
10044314
10044322
10044330
10044338
10044344
10044352
10044360
10044368
10044376
10044386
10044394
10044402
10044410
10044418
10044424
10044432
10044440
10044448
10044460
10044466
10044474
10044482
10044490
10044498
10044506
10044512
10044520
10044528
10044540
10044548
10044554
10044562
10044570
10044578
10044586
10044592
10044600
10044608
10044616
10044628
10044634
10044642
10044650
10044658
10044666
10044672
10044680
10044688
10044696
10044704
10044714
10044722
10044730
10044738
10044746
10044754
10044760
10044768
10044776
10044784
10044792
10044798
10044810
10044818
10044826
10044834
10044840
10044848
10044856
10044864
10044872
10044878
10044886
10044894
10044902
10044910
10044920
10044928
10044936
10044944
10044952
10044960
10044966
10044974
10044982
10044990
10044998
10045004
10045012
10045020
10045032
10045040
10045046
10045054
10045062
10045070
10045078
10045084
10045092
10045100
10045108
10045116
10045124
10045130
10045138
10045146
10045154
10045166
10045172
10045180
10045188
10045196
10045204
10045210
10045218
10045226
10045234
10045242
10045248
10045256
10045264
10045276
10045284
10045290
10045298
10045306
10045314
10045326
10045332
10045340
10045348
10045356
10045364
10045374
10045382
10045390
10045398
10045406
10045412
10045420
10045432
10045440
10045448
10045454
10045462
10045470
10045482
10045490
10045496
10045504
10045512
10045520
10045528
10045538
10045546
10045554
10045562
10045570
10045578
10045584
10045596
10045604
10045612
10045618
10045626
10045634
10045642
10045654
10045660
10045668
10045676
10045684
10045692
10045700
10045710
10045718
10045726
10045734
10045742
10045748
10045756
10045768
10045776
10045782
10045790
10045798
10045806
10045814
10045822
10045832
10045840
10045848
10045856
10045864
10045870
10045878
10045886
10045898
10045906
10045912
10045920
10045928
10045936
10045944
10045950
10045962
10045970
10045978
10045986
10045992
10046000
10046008
10046016
10046028
10046034
10046042
10046050
10046058
10046066
10046072
10046080
10046088
10046100
10046108
10046114
10046122
10046130
10046138
10046146
10046154
10046160
10046172
10046180
10046188
10046194
10046202
10046210
10046218
10046226
10046234
10046240
10046252
10046260
10046268
10046276
10046282
10046290
10046298
10046306
10046314
10046320
10046328
10046336
10046344
10046352
10046360
10046366
10046374
10046382
10046390
10046398
10046404
10046412
10046420
10046428
10046436
10046442
10046450
10046458
10046466
10046474
10046482
10046488
10046496
10046504
10046512
10046520
10046526
10046534
10046542
10046550
10046558
10046566
10046572
10046580
10046588
10046596
10046604
10046610
10046618
10046626
10046634
10046642
10046648
10046656
10046664
10046672
10046680
10046688
10046694
10046702
10046710
10046718
10046726
10046732
10046740
10046748
10046756
10046764
10046772
10046778
10046786
10046794
10046802
10046810
10046816
10046824
10046832
10046840
10046848
10046854
10046862
10046870
10046878
10046886
10046894
10046900
10046908
10046916
10046924
10046932
10046938
10046946
10046954
10046962
10046970
10046976
10046984
10046992
10047000
10047008
10047016
10047022
10047030
10047038
10047042
10047050
10047058
10047064
10047072
10047080
10047088
10047096
10047102
10047110
10047118
10047126
10047134
10047142
10047148
10047156
10047164
10047172
10047180
10047186
10047194
10047202
10047210
10047218
10047224
10047232
10047240
10047244
10047252
10047260
10047266
10047274
10047282
10047290
10047298
10047308
10047316
10047324
10047332
10047340
10047348
10047354
10047362
10047370
10047378
10047386
10047392
10047400
10047408
10047416
10047424
10047430
10047438
10047446
10047454
10047462
10047470
10047476
10047484
10047492
10047500
10047508
10047514
10047522
10047530
10047538
10047546
10047554
10047560
10047568
10047576
10047584
10047592
10047598
10047606
10047614
10047622
10047630
10047636
10047644
10047652
10047660
10047668
10047676
10047682
10047690
10047698
10047706
10047714
10047720
10047728
10047736
10047744
10047752
10047760
10047766
10047774
10047782
10047790
10047798
10047804
10047812
10047820
10047828
10047836
10047842
10047850
10047858
10047866
10047874
10047882
10047888
10047896
10047904
10047908
10047916
10047924
10047930
10047938
10047946
10047954
10047962
10047968
10047976
10047984
10047992
10048000
10048006
10048014
10048022
10048030
10048038
10048046
10048052
10048060
10048068
10048076
10048084
10048090
10048098
10048106
10048114
10048122
10048130
10048136
10048144
10048152
10048160
10048164
10048170
10048178
10048186
10048194
10048202
10048210
10048216
10048224
10048232
10048240
10048248
10048252
10048258
10048266
10048270
10048278
10048286
10048294
10048296
10048304
10048312
10048316
10048324
10048332
10048338
10048342
10048350
10048358
10048362
10048370
10048376
10048384
10048388
10048396
10048404
10048408
10048416
10048422
10048430
10048434
10048442
10048450
10048454
10048460
10048468
10048476
10048480
10048488
10048496
10048500
10048506
10048514
10048518
10048526
10048534
10048542
10048544
10048552
10048560
10048564
10048572
10048580
10048582
10048590
10048598
10048606
10048610
10048618
10048624
10048628
10048636
10048644
10048648
10048656
10048664
10048666
10048674
10048682
10048690
10048694
10048702
10048708
10048712
10048720
10048728
10048732
10048740
10048748
10048750
10048758
10048766
10048770
10048778
10048786
10048788
10048796
10048804
10048812
10048816
10048824
10048830
10048834
10048842
10048850
10048854
10048862
10048870
10048872
10048880
10048888
10048892
10048900
10048908
10048912
10048918
10048926
10048930
10048938
10048946
10048950
10048956
10048964
10048968
10048976
10048984
10048988
10048994
10049002
10049006
10049014
10049022
10049026
10049034
10049040
10049044
10049052
10049060
10049068
10049076
10049078
10049086
10049094
10049102
10049110
10049118
10049124
10049132
10049140
10049148
10049156
10049162
10049166
10049174
10049182
10049190
10049198
10049204
10049212
10049220
10049228
10049236
10049242
10049246
10049254
10049262
10049270
10049278
10049284
10049292
10049300
10049308
10049316
10049320
10049326
10049334
10049342
10049350
10049358
10049364
10049372
10049380
10049388
10049392
10049400
10049406
10049414
10049422
10049430
10049438
10049446
10049452
10049460
10049464
10049472
10049480
10049488
10049494
10049502
10049510
10049518
10049526
10049530
10049536
10049544
10049552
10049560
10049568
10049574
10049582
10049590
10049594
10049602
10049610
10049616
10049624
10049632
10049640
10049648
10049652
10049658
10049666
10049674
10049682
10049690
10049696
10049704
10049708
10049716
10049724
10049732
10049738
10049746
10049754
10049762
10049766
10049774
10049780
10049788
10049796
10049804
10049812
10049818
10049822
10049830
10049838
10049846
10049854
10049860
10049868
10049872
10049880
10049888
10049896
10049902
10049910
10049918
10049922
10049930
10049938
10049944
10049952
10049960
10049968
10049972
10049980
10049986
10049994
10050002
10050006
10050014
10050022
10050024
10050032
10050040
10050048
10050052
10050060
10050066
10050070
10050078
10050086
10050094
10050098
10050106
10050112
10050120
10050124
10050132
10050140
10050144
10050150
10050158
10050166
10050170
10050178
10050186
10050188
10050196
10050204
10050208
10050216
10050224
10050230
10050234
10050242
10050250
10050254
10050262
10050270
10050276
10050280
10050288
10050296
10050300
10050308
10050314
10050318
10050326
10050334
10050342
10050346
10050354
10050360
10050364
10050372
10050380
10050384
10050392
10050398
10050406
10050410
10050418
10050426
10050430
10050436
10050444
10050448
10050456
10050464
10050472
10050476
10050482
10050490
10050494
10050502
10050510
10050514
10050520
10050528
10050532
10050540
10050548
10050552
10050558
10050566
10050574
10050578
10050586
10050594
10050598
10050604
10050612
10050616
10050624
10050632
10050636
10050642
10050650
10050654
10050662
10050670
10050674
10050682
10050688
10050692
10050700
10050708
10050712
10050720
10050726
10050730
10050738
10050746
10050750
10050758
10050764
10050768
10050776
10050784
10050788
10050796
10050804
10050806
10050814
10050822
10050830
10050834
10050842
10050848
10050852
10050860
10050868
10050872
10050880
10050888
10050894
10050898
10050906
10050914
10050918
10050926
10050932
10050936
10050944
10050952
10050956
10050964
10050970
10050974
10050982
10050990
10050998
10051002
10051010
10051016
10051020
10051028
10051036
10051040
10051048
10051054
10051058
10051066
10051074
10051078
10051086
10051094
10051096
10051104
10051112
10051116
10051124
10051132
10051136
10051142
10051150
10051158
10051162
10051170
10051176
10051180
10051188
10051196
10051200
10051208
10051216
10051218
10051226
10051234
10051238
10051246
10051254
10051258
10051264
10051272
10051276
10051284
10051292
10051296
10051302
10051310
10051314
10051322
10051330
10051334
10051342
10051344
10051352
10051360
10051364
10051372
10051380
10051382
10051390
10051398
10051402
10051410
10051418
10051422
10051428
10051436
10051440
10051448
10051456
10051460
10051466
10051474
10051478
10051486
10051494
10051498
10051506
10051508
10051516
10051524
10051528
10051536
10051544
10051548
10051554
10051562
10051566
10051574
10051582
10051586
10051592
10051596
10051604
10051612
10051616
10051624
10051630
10051634
10051642
10051646
10051654
10051658
10051666
10051670
10051676
10051684
10051688
10051696
10051700
10051708
10051712
10051718
10051722
10051730
10051734
10051742
10051750
10051752
10051760
10051764
10051772
10051776
10051784
10051788
10051794
10051798
10051806
10051810
10051818
10051826
10051830
10051836
10051840
10051848
10051852
10051860
10051864
10051872
10051876
10051882
10051886
10051894
10051898
10051906
10051914
10051918
10051924
10051928
10051936
10051940
10051948
10051952
10051958
10051962
10051970
10051974
10051982
10051986
10051994
10051998
10052004
10052008
10052016
10052024
10052028
10052036
10052040
10052046
10052050
10052058
10052062
10052070
10052074
10052082
10052084
10052092
10052096
10052104
10052108
10052116
10052120
10052126
10052130
10052138
10052142
10052150
10052154
10052162
10052164
10052172
10052176
10052184
10052188
10052196
10052200
10052206
10052210
10052218
10052222
10052230
10052234
10052242
10052246
10052252
10052256
10052264
10052268
10052276
10052280
10052288
10052290
10052298
10052302
10052310
10052314
10052322
10052326
10052332
10052336
10052344
10052348
10052356
10052360
10052368
10052374
10052378
10052386
10052394
10052398
10052406
10052410
10052416
10052424
10052428
10052436
10052444
10052448
10052454
10052462
10052466
10052474
10052478
10052486
10052494
10052496
10052504
10052512
10052516
10052524
10052528
10052536
10052542
10052546
10052554
10052562
10052566
10052574
10052576
10052584
10052592
10052596
10052604
10052612
10052616
10052622
10052626
10052634
10052642
10052646
10052654
10052660
10052664
10052672
10052676
10052684
10052692
10052696
10052702
10052706
10052714
10052722
10052726
10052734
10052742
10052744
10052752
10052756
10052764
10052772
10052776
10052782
10052786
10052794
10052802
10052806
10052814
10052818
10052824
10052832
10052836
10052844
10052848
10052856
10052864
10052866
10052874
10052878
10052886
10052894
10052898
10052906
10052908
10052916
10052924
10052928
10052936
10052940
10052946
10052954
10052958
10052966
10052970
10052978
10052986
10052988
10052996
10053000
10053008
10053016
10053020
10053028
10053030
10053038
10053046
10053050
10053058
10053062
10053070
10053076
10053080
10053088
10053092
10053100
10053104
10053112
10053118
10053122
10053130
10053134
10053142
10053150
10053152
10053156
10053164
10053168
10053172
10053180
10053184
10053188
10053194
10053198
10053206
10053210
10053214
10053222
10053226
10053230
10053236
10053240
10053244
10053252
10053256
10053264
10053268
10053272
10053278
10053282
10053286
10053294
10053298
10053302
10053310
10053314
10053318
10053324
10053328
10053332
10053340
10053344
10053352
10053356
10053358
10053366
10053370
10053374
10053382
10053386
10053390
10053398
10053400
10053404
10053412
10053416
10053420
10053428
10053432
10053436
10053442
10053446
10053450
10053458
10053462
10053466
10053474
10053478
10053482
10053488
10053492
10053500
10053504
10053508
10053516
10053520
10053524
10053530
10053534
10053538
10053546
10053550
10053554
10053562
10053564
10053568
10053576
10053580
10053584
10053592
10053596
10053600
10053606
10053610
10053614
10053622
10053626
10053630
10053634
10053642
10053646
10053648
10053656
10053660
10053664
10053672
10053676
10053680
10053688
10053690
10053694
10053702
10053706
10053710
10053718
10053722
10053726
10053732
10053736
10053740
10053748
10053752
10053756
10053764
10053768
10053770
10053774
10053782
10053786
10053790
10053798
10053802
10053810
10053812
10053816
10053824
10053828
10053836
10053840
10053848
10053852
10053858
10053862
10053870
10053874
10053882
10053886
10053894
10053896
10053904
10053908
10053912
10053920
10053924
10053932
10053936
10053942
10053946
10053954
10053958
10053966
10053970
10053976
10053980
10053988
10053992
10053996
10054004
10054008
10054016
10054018
10054026
10054030
10054038
10054042
10054050
10054054
10054060
10054064
10054068
10054076
10054080
10054088
10054092
10054100
10054102
10054110
10054114
10054118
10054126
10054130
10054138
10054140
10054148
10054152
10054160
10054164
10054172
10054176
10054180
10054186
10054190
10054198
10054202
10054210
10054214
10054222
10054224
10054228
10054236
10054240
10054248
10054252
10054260
10054264
10054270
10054274
10054278
10054286
10054290
10054298
10054302
10054308
10054312
10054316
10054324
10054328
10054336
10054340
10054346
10054350
10054358
10054362
10054366
10054374
10054378
10054386
10054388
10054396
10054400
10054404
10054412
10054416
10054424
10054428
10054434
10054438
10054442
10054450
10054454
10054462
10054466
10054470
10054476
10054480
10054488
10054492
10054500
10054504
10054508
10054514
10054518
10054526
10054530
10054534
10054542
10054546
10054550
10054556
10054560
10054568
10054572
10054576
10054584
10054588
10054592
10054598
10054602
10054606
10054614
10054618
10054626
10054630
10054634
10054640
10054644
10054648
10054656
10054660
10054664
10054672
10054676
10054678
10054686
10054690
10054698
10054702
10054706
10054714
10054718
10054720
10054728
10054732
10054736
10054744
10054748
10054752
10054758
10054762
10054766
10054774
10054778
10054782
10054790
10054794
10054800
10054804
10054808
10054816
10054820
10054824
10054832
10054836
10054840
10054846
10054850
10054854
10054862
10054866
10054870
10054878
10054882
10054884
10054892
10054896
10054900
10054908
10054912
10054916
10054924
10054926
10054930
10054938
10054942
10054946
10054954
10054958
10054962
10054968
10054972
10054976
10054984
10054988
10054992
10055000
10055004
10055006
10055014
10055018
10055022
10055030
10055034
10055038
10055046
10055048
10055052
10055060
10055064
10055068
10055076
10055080
10055084
10055090
10055094
10055098
10055106
10055110
10055114
10055122
10055126
10055130
10055136
10055140
10055144
10055148
10055156
10055160
10055164
10055170
10055174
10055178
10055182
10055186
10055190
10055198
10055202
10055206
10055210
10055212
10055216
10055220
10055228
10055232
10055236
10055240
10055244
10055248
10055252
10055258
10055262
10055266
10055270
10055274
10055278
10055286
10055290
10055294
10055296
10055300
10055304
10055308
10055316
10055320
10055324
10055328
10055332
10055334
10055338
10055346
10055350
10055354
10055358
10055362
10055366
10055370
10055376
10055380
10055384
10055388
10055392
10055396
10055400
10055404
10055412
10055416
10055418
10055422
10055426
10055430
10055434
10055442
10055446
10055450
10055454
10055458
10055460
10055464
10055468
10055476
10055480
10055484
10055488
10055492
10055496
10055500
10055506
10055510
10055514
10055518
10055522
10055526
10055530
10055534
10055540
10055544
10055548
10055552
10055556
10055560
10055564
10055568
10055572
10055580
10055582
10055586
10055590
10055594
10055598
10055602
10055606
10055614
10055618
10055622
10055624
10055628
10055632
10055636
10055640
10055644
10055652
10055656
10055660
10055664
10055666
10055670
10055674
10055678
10055686
10055690
10055694
10055698
10055702
10055706
10055708
10055712
10055716
10055724
10055728
10055732
10055736
10055740
10055744
10055746
10055750
10055758
10055762
10055766
10055770
10055774
10055778
10055782
10055786
10055792
10055796
10055800
10055804
10055808
10055812
10055816
10055820
10055828
10055830
10055834
10055838
10055842
10055846
10055850
10055854
10055862
10055866
10055870
10055872
10055876
10055880
10055884
10055888
10055896
10055900
10055904
10055908
10055912
10055914
10055918
10055922
10055926
10055934
10055938
10055942
10055946
10055950
10055952
10055956
10055960
10055964
10055972
10055976
10055980
10055984
10055988
10055992
10055994
10055998
10056002
10056010
10056014
10056018
10056022
10056026
10056030
10056034
10056036
10056040
10056048
10056052
10056056
10056060
10056064
10056068
10056072
10056076
10056078
10056082
10056090
10056094
10056098
10056102
10056106
10056110
10056114
10056118
10056120
10056124
10056132
10056136
10056140
10056144
10056148
10056152
10056156
10056158
10056162
10056166
10056170
10056178
10056182
10056186
10056190
10056194
10056198
10056200
10056204
10056208
10056212
10056216
10056224
10056228
10056232
10056236
10056240
10056242
10056246
10056250
10056254
10056258
10056262
10056266
10056270
10056274
10056278
10056282
10056284
10056288
10056292
10056296
10056300
10056304
10056308
10056312
10056316
10056320
10056324
10056326
10056330
10056334
10056338
10056342
10056346
10056350
10056354
10056358
10056362
10056364
10056368
10056372
10056376
10056380
10056384
10056388
10056392
10056396
10056400
10056404
10056406
10056410
10056414
10056418
10056422
10056426
10056430
10056434
10056438
10056442
10056446
10056446
10056448
10056452
10056456
10056460
10056464
10056468
10056472
10056476
10056480
10056484
10056488
10056490
10056494
10056498
10056502
10056506
10056510
10056514
10056518
10056522
10056526
10056528
10056532
10056536
10056540
10056544
10056548
10056552
10056556
10056560
10056564
10056564
10056568
10056570
10056574
10056578
10056582
10056586
10056590
10056594
10056598
10056602
10056606
10056610
10056612
10056616
10056620
10056624
10056628
10056632
10056636
10056640
10056644
10056648
10056652
10056652
10056654
10056658
10056662
10056666
10056670
10056674
10056678
10056682
10056686
10056690
10056694
10056696
10056700
10056704
10056708
10056712
10056716
10056720
10056724
10056724
10056728
10056732
10056734
10056738
10056742
10056750
10056754
10056758
10056762
10056766
10056770
10056774
10056776
10056780
10056784
10056788
10056792
10056796
10056800
10056804
10056808
10056812
10056816
10056818
10056822
10056826
10056830
10056834
10056838
10056842
10056846
10056850
10056854
10056858
10056860
10056864
10056868
10056872
10056876
10056880
10056888
10056892
10056896
10056900
10056902
10056906
10056910
10056914
10056918
10056922
10056926
10056930
10056934
10056938
10056940
10056944
10056948
10056952
10056956
10056960
10056964
10056968
10056972
10056976
10056980
10056982
10056986
10056990
10056994
10056998
10057002
10057006
10057010
10057014
10057018
10057022
10057024
10057028
10057032
10057036
10057040
10057044
10057048
10057052
10057056
10057060
10057064
10057066
10057070
10057074
10057078
10057082
10057086
10057090
10057094
10057098
10057102
10057106
10057108
10057112
10057116
10057120
10057124
10057128
10057132
10057136
10057140
10057144
10057146
10057150
10057154
10057158
10057162
10057166
10057170
10057174
10057178
10057182
10057186
10057188
10057192
10057196
10057200
10057204
10057208
10057212
10057216
10057220
10057224
10057228
10057230
10057234
10057238
10057238
10057242
10057246
10057250
10057254
10057258
10057262
10057262
10057266
10057270
10057272
10057276
10057280
10057284
10057284
10057288
10057292
10057296
10057300
10057304
10057308
10057312
10057312
10057314
10057318
10057322
10057326
10057330
10057330
10057334
10057338
10057342
10057346
10057350
10057352
10057352
10057356
10057360
10057364
10057368
10057372
10057376
10057376
10057380
10057384
10057388
10057392
10057394
10057398
10057398
10057402
10057406
10057410
10057414
10057418
10057418
10057422
10057426
10057430
10057434
10057436
10057440
10057440
10057444
10057448
10057452
10057456
10057460
10057460
10057464
10057468
10057472
10057476
10057478
10057478
10057482
10057486
10057490
10057494
10057498
10057498
10057502
10057506
10057510
10057514
10057518
10057518
10057520
10057524
10057528
10057532
10057536
10057536
10057540
10057544
10057548
10057552
10057556
10057556
10057558
10057562
10057566
10057570
10057574
10057574
10057578
10057582
10057586
10057590
10057594
10057594
10057598
10057600
10057604
10057608
10057612
10057612
10057616
10057620
10057624
10057628
10057628
10057632
10057636
10057640
10057642
10057646
10057646
10057650
10057654
10057658
10057662
10057666
10057670
10057670
10057674
10057678
10057682
10057684
10057688
10057688
10057692
10057696
10057700
10057704
10057708
10057712
10057712
10057716
10057720
10057722
10057726
10057730
10057730
10057734
10057738
10057742
10057746
10057750
10057750
10057754
10057758
10057762
10057764
10057768
10057768
10057772
10057776
10057780
10057784
10057788
10057788
10057792
10057796
10057800
10057804
10057806
10057806
10057810
10057814
10057818
10057822
10057822
10057826
10057830
10057834
10057838
10057842
10057842
10057846
10057848
10057852
10057856
10057860
10057860
10057864
10057868
10057872
10057876
10057876
10057880
10057884
10057888
10057890
10057894
10057894
10057898
10057902
10057906
10057910
10057914
10057914
10057918
10057922
10057926
10057928
10057928
10057932
10057936
10057940
10057944
10057944
10057948
10057952
10057956
10057960
10057964
10057964
10057968
10057970
10057974
10057978
10057978
10057982
10057986
10057990
10057994
10057994
10057998
10058002
10058006
10058010
10058010
10058012
10058016
10058020
10058024
10058028
10058028
10058032
10058036
10058040
10058044
10058044
10058048
10058052
10058052
10058054
10058058
10058058
10058062
10058066
10058070
10058070
10058074
10058078
10058078
10058082
10058086
10058086
10058090
10058094
10058094
10058096
10058100
10058104
10058104
10058108
10058112
10058112
10058116
10058120
10058120
10058124
10058128
10058128
10058132
10058134
10058138
10058138
10058142
10058146
10058146
10058150
10058154
10058154
10058158
10058162
10058162
10058166
10058170
10058170
10058174
10058176
10058176
10058180
10058184
10058188
10058188
10058192
10058196
10058196
10058200
10058204
10058204
10058208
10058212
10058212
10058216
10058218
10058218
10058222
10058226
10058226
10058230
10058234
10058234
10058238
10058242
10058242
10058246
10058250
10058250
10058254
10058258
10058258
10058260
10058264
10058268
10058268
10058272
10058276
10058276
10058280
10058284
10058284
10058288
10058292
10058292
10058296
10058300
10058300
10058302
10058306
10058306
10058310
10058314
10058314
10058318
10058322
10058322
10058326
10058330
10058330
10058334
10058338
10058338
10058340
10058344
10058344
10058348
10058352
10058352
10058356
10058360
10058360
10058364
10058364
10058368
10058372
10058376
10058376
10058380
10058382
10058382
10058386
10058390
10058394
10058394
10058398
10058402
10058406
10058406
10058410
10058414
10058414
10058418
10058422
10058424
10058424
10058428
10058432
10058432
10058436
10058440
10058444
10058444
10058448
10058452
10058452
10058456
10058460
10058464
10058464
10058466
10058470
10058474
10058474
10058478
10058482
10058482
10058486
10058490
10058494
10058494
10058498
10058502
10058502
10058506
10058508
10058508
10058512
10058516
10058520
10058520
10058524
10058528
10058528
10058532
10058536
10058540
10058540
10058544
10058546
10058546
10058550
10058554
10058558
10058558
10058562
10058566
10058566
10058570
10058574
10058574
10058578
10058582
10058586
10058586
10058588
10058592
10058592
10058596
10058600
10058600
10058604
10058608
10058612
10058612
10058616
10058620
10058620
10058624
10058628
10058628
10058630
10058634
10058638
10058638
10058642
10058646
10058646
10058650
10058654
10058654
10058658
10058662
10058666
10058666
10058670
10058672
10058672
10058676
10058680
10058680
10058684
10058688
10058688
10058692
10058696
10058700
10058700
10058704
10058708
10058708
10058712
10058714
10058714
10058718
10058718
10058722
10058722
10058726
10058726
10058730
10058734
10058734
10058738
10058738
10058742
10058742
10058746
10058746
10058750
10058750
10058752
10058752
10058756
10058756
10058760
10058760
10058764
10058764
10058768
10058772
10058772
10058776
10058776
10058780
10058780
10058784
10058784
10058788
10058788
10058792
10058792
10058794
10058794
10058798
10058798
10058802
10058802
10058806
10058806
10058810
10058810
10058814
10058814
10058818
10058818
10058822
10058826
10058826
10058830
10058830
10058834
10058834
10058836
10058836
10058840
10058840
10058844
10058844
10058848
10058848
10058852
10058852
10058856
10058856
10058860
10058860
10058864
10058864
10058868
10058868
10058872
10058872
10058876
10058876
10058878
10058878
10058882
10058882
10058886
10058886
10058890
10058890
10058894
10058894
10058898
10058898
10058902
10058902
10058906
10058906
10058910
10058910
10058914
10058914
10058916
10058916
10058920
10058920
10058924
10058924
10058928
10058928
10058932
10058932
10058936
10058936
10058940
10058940
10058944
10058944
10058948
10058948
10058952
10058952
10058956
10058956
10058958
10058958
10058962
10058962
10058966
10058966
10058970
10058974
10058974
10058978
10058982
10058982
10058986
10058990
10058990
10058994
10058998
10058998
10059000
10059004
10059004
10059008
10059012
10059012
10059016
10059020
10059020
10059024
10059028
10059028
10059032
10059036
10059036
10059040
10059042
10059042
10059046
10059050
10059050
10059054
10059054
10059058
10059062
10059062
10059066
10059070
10059070
10059074
10059078
10059078
10059082
10059084
10059084
10059088
10059092
10059092
10059096
10059100
10059100
10059104
10059104
10059108
10059112
10059112
10059116
10059120
10059120
10059122
10059126
10059126
10059130
10059134
10059134
10059138
10059142
10059142
10059146
10059146
10059150
10059154
10059154
10059158
10059162
10059162
10059164
10059168
10059168
10059172
10059172
10059176
10059180
10059180
10059184
10059188
10059188
10059192
10059196
10059196
10059200
10059204
10059204
10059206
10059206
10059210
10059214
10059214
10059218
10059222
10059222
10059226
10059226
10059230
10059234
10059234
10059238
10059242
10059242
10059246
10059248
10059248
10059252
10059252
10059256
10059260
10059260
10059264
10059268
10059268
10059272
10059272
10059276
10059280
10059280
10059284
10059284
10059284
10059284
10059288
10059288
10059288
10059288
10059290
10059290
10059290
10059290
10059294
10059294
10059294
10059298
10059298
10059298
10059298
10059302
10059302
10059302
10059302
10059306
10059306
10059306
10059306
10059310
10059310
10059310
10059310
10059314
10059314
10059314
10059318
10059318
10059318
10059318
10059322
10059322
10059322
10059322
10059326
10059326
10059326
10059326
10059328
10059328
10059328
10059328
10059332
10059332
10059332
10059332
10059336
10059336
10059336
10059336
10059340
10059340
10059340
10059340
10059344
10059344
10059344
10059344
10059348
10059348
10059348
10059348
10059352
10059352
10059352
10059352
10059356
10059356
10059356
10059356
10059360
10059360
10059360
10059360
10059364
10059364
10059364
10059364
10059368
10059368
10059368
10059368
10059370
10059370
10059370
10059370
10059374
10059374
10059374
10059374
10059378
10059378
10059378
10059378
10059378
10059382
10059382
10059382
10059382
10059386
10059386
10059386
10059386
10059390
10059390
10059390
10059390
10059394
10059394
10059394
10059394
10059398
10059398
10059398
10059398
10059402
10059402
10059402
10059402
10059402
10059406
10059406
10059406
10059410
10059410
10059412
10059412
10059412
10059416
10059416
10059416
10059420
10059420
10059420
10059424
10059424
10059424
10059428
10059428
10059428
10059432
10059432
10059432
10059436
10059436
10059436
10059440
10059440
10059444
10059444
10059444
10059448
10059448
10059448
10059452
10059452
10059452
10059454
10059454
10059454
10059458
10059458
10059458
10059462
10059462
10059462
10059466
10059466
10059466
10059470
10059470
10059470
10059474
10059474
10059474
10059478
10059478
10059478
10059482
10059482
10059482
10059486
10059486
10059486
10059490
10059490
10059490
10059494
10059494
10059494
10059496
10059496
10059496
10059500
10059500
10059500
10059504
10059504
10059504
10059508
10059508
10059508
10059512
10059512
10059512
10059516
10059516
10059516
10059520
10059520
10059520
10059524
10059524
10059524
10059528
10059528
10059528
10059532
10059532
10059532
10059534
10059534
10059534
10059538
10059538
10059538
10059542
10059542
10059542
10059546
10059546
10059546
10059550
10059550
10059550
10059550
10059554
10059554
10059554
10059558
10059558
10059558
10059562
10059562
10059562
10059566
10059566
10059566
10059570
10059570
10059570
10059570
10059570
10059574
10059574
10059574
10059574
10059576
10059576
10059576
10059576
10059580
10059580
10059580
10059580
10059580
10059584
10059584
10059584
10059584
10059588
10059588
10059588
10059588
10059588
10059592
10059592
10059592
10059592
10059596
10059596
10059596
10059596
10059596
10059600
10059600
10059600
10059600
10059604
10059604
10059604
10059604
10059604
10059608
10059608
10059608
10059608
10059608
10059612
10059612
10059612
10059612
10059616
10059616
10059616
10059616
10059616
10059618
10059618
10059618
10059618
10059618
10059622
10059622
10059622
10059622
10059626
10059626
10059626
10059626
10059626
10059630
10059630
10059630
10059630
10059630
10059634
10059634
10059634
10059634
10059638
10059638
10059638
10059638
10059638
10059642
10059642
10059642
10059642
10059642
10059646
10059646
10059646
10059646
10059646
10059650
10059650
10059650
10059650
10059650
10059654
10059654
10059654
10059654
10059654
10059658
10059658
10059658
10059658
10059658
10059660
10059660
10059660
10059660
10059660
10059664
10059664
10059664
10059664
10059664
10059668
10059668
10059668
10059668
10059668
10059672
10059672
10059672
10059672
10059676
10059676
10059676
10059680
10059680
10059680
10059680
10059684
10059684
10059684
10059684
10059688
10059688
10059688
10059688
10059692
10059692
10059692
10059692
10059696
10059696
10059696
10059700
10059700
10059700
10059700
10059702
10059702
10059702
10059702
10059706
10059706
10059706
10059706
10059710
10059710
10059710
10059710
10059714
10059714
10059714
10059714
10059718
10059718
10059718
10059718
10059722
10059722
10059722
10059722
10059726
10059726
10059726
10059730
10059730
10059730
10059730
10059734
10059734
10059734
10059734
10059738
10059738
10059738
10059738
10059740
10059740
10059740
10059740
10059744
10059744
10059744
10059744
10059748
10059748
10059748
10059748
10059752
10059752
10059752
10059752
10059752
10059756
10059756
10059756
10059756
10059760
10059760
10059760
10059760
10059764
10059764
10059764
10059764
10059768
10059768
10059768
10059768
10059772
10059772
10059772
10059772
10059776
10059776
10059776
10059776
10059780
10059780
10059780
10059780
10059782
10059782
10059782
10059782
10059786
10059786
10059786
10059786
10059786
10059790
10059790
10059790
10059790
10059794
10059794
10059794
10059794
10059794
10059790
10059790
10059790
10059790
10059790
10059790
10059790
10059790
10059790
10059790
10059786
10059786
10059786
10059786
10059786
10059786
10059786
10059786
10059786
10059782
10059782
10059782
10059782
10059782
10059782
10059782
10059782
10059782
10059780
10059780
10059780
10059780
10059780
10059780
10059780
10059780
10059780
10059780
10059776
10059776
10059776
10059776
10059776
10059776
10059776
10059776
10059776
10059772
10059772
10059772
10059772
10059772
10059772
10059772
10059772
10059768
10059768
10059768
10059768
10059768
10059768
10059768
10059768
10059768
10059764
10059764
10059764
10059764
10059764
10059764
10059764
10059764
10059764
10059760
10059760
10059760
10059760
10059760
10059760
10059760
10059760
10059756
10059756
10059756
10059756
10059756
10059756
10059756
10059756
10059756
10059752
10059752
10059752
10059752
10059752
10059752
10059752
10059752
10059748
10059748
10059748
10059748
10059748
10059748
10059748
10059748
10059744
10059744
10059744
10059744
10059744
10059744
10059744
10059744
10059740
10059740
10059740
10059740
10059740
10059740
10059740
10059740
10059738
10059738
10059738
10059738
10059740
10059740
10059740
10059740
10059740
10059740
10059744
10059744
10059744
10059744
10059744
10059744
10059748
10059748
10059748
10059748
10059748
10059748
10059752
10059752
10059752
10059752
10059752
10059752
10059756
10059756
10059756
10059756
10059756
10059756
10059760
10059760
10059760
10059760
10059760
10059760
10059764
10059764
10059764
10059764
10059764
10059764
10059768
10059768
10059768
10059768
10059768
10059768
10059772
10059772
10059772
10059772
10059772
10059772
10059776
10059776
10059776
10059776
10059776
10059776
10059780
10059780
10059780
10059780
10059780
10059780
10059782
10059782
10059782
10059782
10059782
10059782
10059782
10059786
10059786
10059786
10059786
10059786
10059786
10059790
10059790
10059790
10059790
10059790
10059790
10059790
10059794
10059794
10059794
10059794
10059794
10059794
10059798
10059798
10059798
10059798
10059798
10059798
10059798
10059802
10059802
10059802
10059802
10059802
10059802
10059806
10059806
10059806
10059806
10059806
10059806
10059806
10059810
10059810
10059810
10059810
10059810
10059810
10059810
10059814
10059814
10059814
10059814
10059814
10059814
10059814
10059818
10059818
10059814
10059814
10059814
10059814
10059814
10059814
10059814
10059810
10059810
10059810
10059810
10059810
10059810
10059810
10059806
10059806
10059806
10059806
10059806
10059806
10059806
10059802
10059802
10059802
10059802
10059802
10059802
10059802
10059798
10059798
10059798
10059798
10059798
10059798
10059798
10059794
10059794
10059794
10059794
10059794
10059794
10059794
10059790
10059790
10059790
10059790
10059790
10059790
10059786
10059786
10059786
10059786
10059786
10059786
10059786
10059782
10059782
10059782
10059782
10059782
10059782
10059782
10059780
10059780
10059780
10059780
10059780
10059780
10059776
10059776
10059776
10059776
10059776
10059776
10059776
10059772
10059772
10059772
10059772
10059772
10059772
10059772
10059768
10059768
10059768
10059768
10059768
10059768
10059764
10059764
10059764
10059764
10059764
10059764
10059764
10059760
10059760
10059760
10059760
10059760
10059760
10059756
10059756
10059756
10059756
10059756
10059756
10059752
10059752
10059752
10059752
10059752
10059752
10059752
10059748
10059748
10059748
10059748
10059748
10059748
10059744
10059744
10059744
10059744
10059744
10059744
10059740
10059740
10059740
10059740
10059740
10059738
10059738
10059738
10059738
10059734
10059734
10059734
10059734
10059734
10059730
10059730
10059730
10059730
10059726
10059726
10059726
10059726
10059726
10059722
10059722
10059722
10059722
10059718
10059718
10059718
10059718
10059718
10059714
10059714
10059714
10059714
10059710
10059710
10059710
10059710
10059710
10059706
10059706
10059706
10059706
10059702
10059702
10059702
10059702
10059702
10059700
10059700
10059700
10059700
10059696
10059696
10059696
10059696
10059696
10059692
10059692
10059692
10059692
10059688
10059688
10059688
10059688
10059684
10059684
10059684
10059684
10059684
10059680
10059680
10059680
10059680
10059676
10059676
10059676
10059676
10059672
10059672
10059672
10059672
10059672
10059668
10059668
10059668
10059668
10059664
10059664
10059664
10059664
10059660
10059660
10059660
10059660
10059660
10059658
10059658
10059658
10059658
10059654
10059654
10059654
10059654
10059650
10059650
10059650
10059650
10059646
10059646
10059646
10059646
10059646
10059642
10059642
10059642
10059642
10059638
10059638
10059638
10059638
10059634
10059634
10059634
10059634
10059630
10059630
10059630
10059630
10059626
10059626
10059626
10059622
10059622
10059622
10059622
10059618
10059618
10059618
10059616
10059616
10059616
10059612
10059612
10059612
10059612
10059608
10059608
10059608
10059604
10059604
10059604
10059604
10059600
10059600
10059600
10059596
10059596
10059596
10059592
10059592
10059592
10059592
10059588
10059588
10059588
10059584
10059584
10059584
10059580
10059580
10059580
10059580
10059576
10059576
10059576
10059574
10059574
10059574
10059570
10059570
10059570
10059570
10059566
10059566
10059566
10059562
10059562
10059562
10059558
10059558
10059558
10059558
10059554
10059554
10059554
10059550
10059550
10059550
10059546
10059546
10059546
10059542
10059542
10059542
10059542
10059538
10059538
10059538
10059534
10059534
10059534
10059532
10059532
10059532
10059532
10059528
10059528
10059528
10059524
10059524
10059524
10059520
10059520
10059520
10059516
10059516
10059516
10059516
10059512
10059512
10059512
10059508
10059508
10059508
10059504
10059504
10059504
10059500
10059500
10059500
10059500
10059496
10059496
10059496
10059494
10059494
10059494
10059490
10059490
10059490
10059486
10059486
10059486
10059482
10059482
10059482
10059482
10059478
10059478
10059478
10059474
10059474
10059474
10059470
10059470
10059470
10059470
10059466
10059466
10059466
10059462
10059462
10059462
10059458
10059458
10059458
10059458
10059454
10059454
10059454
10059452
10059452
10059452
10059448
10059448
10059448
10059448
10059444
10059444
10059444
10059440
10059440
10059440
10059436
10059436
10059436
10059436
10059432
10059432
10059432
10059428
10059428
10059428
10059424
10059424
10059424
10059420
10059420
10059420
10059420
10059416
10059416
10059416
10059412
10059412
10059412
10059410
10059410
10059410
10059410
10059406
10059406
10059406
10059402
10059402
10059402
10059398
10059398
10059398
10059394
10059394
10059394
10059390
10059390
10059390
10059390
10059386
10059386
10059386
10059382
10059382
10059382
10059378
10059378
10059378
10059374
10059374
10059374
10059374
10059370
10059370
10059370
10059368
10059368
10059368
10059364
10059364
10059364
10059360
10059360
10059360
10059356
10059356
10059356
10059356
10059352
10059352
10059352
10059348
10059348
10059348
10059344
10059344
10059344
10059340
10059340
10059340
10059336
10059336
10059336
10059332
10059332
10059328
10059328
10059326
10059326
10059322
10059322
10059318
10059318
10059314
10059314
10059310
10059310
10059306
10059306
10059302
10059302
10059298
10059298
10059294
10059294
10059290
10059290
10059288
10059288
10059284
10059284
10059280
10059280
10059276
10059276
10059272
10059272
10059268
10059264
10059264
10059260
10059260
10059256
10059256
10059252
10059252
10059248
10059248
10059246
10059246
10059242
10059242
10059238
10059238
10059234
10059234
10059230
10059230
10059226
10059226
10059222
10059222
10059218
10059218
10059214
10059214
10059210
10059206
10059206
10059204
10059204
10059200
10059200
10059196
10059196
10059192
10059192
10059188
10059188
10059184
10059184
10059180
10059180
10059176
10059176
10059172
10059172
10059168
10059168
10059164
10059164
10059162
10059158
10059158
10059154
10059154
10059150
10059150
10059146
10059146
10059142
10059142
10059138
10059138
10059134
10059134
10059130
10059130
10059126
10059126
10059122
10059122
10059120
10059116
10059116
10059112
10059112
10059108
10059108
10059104
10059104
10059100
10059100
10059096
10059096
10059092
10059092
10059088
10059088
10059084
10059084
10059082
10059082
10059078
10059078
10059074
10059074
10059070
10059070
10059066
10059066
10059066
10059062
10059062
10059058
10059058
10059054
10059054
10059054
10059050
10059050
10059046
10059046
10059042
10059042
10059040
10059040
10059040
10059036
10059036
10059032
10059032
10059028
10059028
10059024
10059024
10059024
10059020
10059020
10059016
10059016
10059012
10059012
10059008
10059008
10059008
10059004
10059004
10059000
10059000
10058998
10058998
10058994
10058994
10058994
10058990
10058990
10058986
10058986
10058982
10058982
10058978
10058978
10058974
10058974
10058974
10058970
10058970
10058966
10058966
10058962
10058962
10058958
10058958
10058958
10058956
10058956
10058952
10058952
10058948
10058948
10058944
10058944
10058944
10058940
10058940
10058936
10058936
10058932
10058932
10058928
10058928
10058924
10058924
10058924
10058920
10058920
10058916
10058916
10058914
10058914
10058910
10058910
10058910
10058906
10058906
10058902
10058902
10058898
10058898
10058894
10058894
10058890
10058890
10058890
10058886
10058886
10058882
10058882
10058878
10058878
10058876
10058876
10058872
10058872
10058872
10058868
10058868
10058864
10058864
10058860
10058856
10058856
10058852
10058848
10058844
10058844
10058840
10058836
10058836
10058834
10058830
10058826
10058826
10058822
10058818
10058818
10058814
10058810
10058806
10058806
10058802
10058798
10058798
10058794
10058792
10058788
10058788
10058784
10058780
10058780
10058776
10058772
10058768
10058768
10058764
10058760
10058760
10058756
10058752
10058750
10058750
10058746
10058742
10058742
10058738
10058734
10058730
10058730
10058726
10058722
10058722
10058718
10058714
10058712
10058712
10058708
10058704
10058704
10058700
10058696
10058692
10058692
10058688
10058684
10058680
10058680
10058676
10058672
10058672
10058670
10058666
10058662
10058662
10058658
10058654
10058654
10058650
10058646
10058642
10058642
10058638
10058634
10058634
10058630
10058628
10058624
10058624
10058620
10058616
10058612
10058612
10058608
10058604
10058604
10058600
10058596
10058592
10058592
10058588
10058586
10058586
10058582
10058578
10058574
10058574
10058570
10058566
10058566
10058562
10058558
10058554
10058554
10058550
10058546
10058544
10058544
10058540
10058536
10058536
10058532
10058528
10058524
10058524
10058520
10058516
10058516
10058512
10058508
10058508
10058506
10058502
10058502
10058498
10058498
10058494
10058494
10058490
10058486
10058486
10058482
10058482
10058478
10058474
10058474
10058470
10058470
10058466
10058466
10058464
10058460
10058460
10058456
10058456
10058452
10058452
10058448
10058444
10058444
10058440
10058440
10058436
10058432
10058432
10058428
10058428
10058424
10058422
10058422
10058418
10058418
10058414
10058414
10058410
10058406
10058406
10058402
10058402
10058398
10058394
10058394
10058390
10058390
10058386
10058386
10058382
10058380
10058380
10058376
10058376
10058372
10058368
10058368
10058364
10058364
10058360
10058356
10058356
10058352
10058352
10058348
10058348
10058344
10058340
10058340
10058338
10058338
10058334
10058330
10058330
10058326
10058326
10058322
10058318
10058318
10058314
10058314
10058310
10058310
10058306
10058302
10058302
10058300
10058300
10058296
10058292
10058292
10058288
10058288
10058284
10058280
10058280
10058276
10058276
10058272
10058272
10058268
10058264
10058264
10058260
10058260
10058258
10058254
10058254
10058250
10058250
10058246
10058242
10058242
10058238
10058238
10058234
10058230
10058230
10058226
10058226
10058222
10058218
10058216
10058212
10058208
10058208
10058204
10058200
10058196
10058192
10058188
10058188
10058184
10058180
10058176
10058174
10058170
10058166
10058166
10058162
10058158
10058154
10058150
10058146
10058146
10058142
10058138
10058134
10058132
10058128
10058124
10058124
10058120
10058116
10058112
10058108
10058104
10058104
10058100
10058096
10058094
10058090
10058086
10058082
10058082
10058078
10058074
10058070
10058066
10058062
10058062
10058058
10058054
10058052
10058048
10058044
10058040
10058040
10058036
10058032
10058028
10058024
10058020
10058020
10058016
10058012
10058010
10058006
10058002
10057998
10057998
10057994
10057990
10057986
10057982
10057978
10057974
10057974
10057970
10057968
10057964
10057960
10057956
10057956
10057952
10057948
10057944
10057940
10057936
10057932
10057932
10057928
10057926
10057922
10057918
10057914
10057910
10057910
10057906
10057902
10057898
10057894
10057890
10057890
10057888
10057884
10057880
10057876
10057872
10057868
10057868
10057864
10057860
10057856
10057852
10057848
10057846
10057846
10057842
10057838
10057834
10057830
10057826
10057826
10057822
10057818
10057814
10057810
10057806
10057806
10057804
10057800
10057796
10057792
10057792
10057788
10057784
10057780
10057780
10057776
10057772
10057768
10057768
10057764
10057762
10057758
10057754
10057754
10057750
10057746
10057742
10057742
10057738
10057734
10057730
10057730
10057726
10057722
10057720
10057716
10057716
10057712
10057708
10057704
10057704
10057700
10057696
10057692
10057688
10057688
10057684
10057682
10057678
10057678
10057674
10057670
10057666
10057666
10057662
10057658
10057654
10057650
10057650
10057646
10057642
10057640
10057640
10057636
10057632
10057628
10057624
10057624
10057620
10057616
10057612
10057612
10057608
10057604
10057600
10057598
10057598
10057594
10057590
10057586
10057586
10057582
10057578
10057574
10057574
10057570
10057566
10057562
10057558
10057558
10057556
10057552
10057548
10057548
10057544
10057540
10057536
10057532
10057532
10057528
10057524
10057520
10057520
10057518
10057514
10057510
10057506
10057506
10057502
10057498
10057494
10057494
10057490
10057486
10057482
10057478
10057478
10057476
10057472
10057468
10057468
10057464
10057460
10057456
10057452
10057452
10057448
10057444
10057440
10057440
10057436
10057434
10057430
10057426
10057422
10057418
10057414
10057410
10057406
10057402
10057398
10057394
10057392
10057392
10057388
10057384
10057380
10057376
10057372
10057368
10057364
10057360
10057356
10057352
10057350
10057346
10057342
10057338
10057334
10057330
10057326
10057322
10057318
10057314
10057312
10057308
10057304
10057300
10057296
10057296
10057292
10057288
10057284
10057280
10057276
10057272
10057270
10057266
10057262
10057258
10057254
10057250
10057246
10057242
10057238
10057234
10057230
10057228
10057224
10057220
10057216
10057212
10057208
10057204
10057200
10057200
10057196
10057192
10057188
10057186
10057182
10057178
10057174
10057170
10057166
10057162
10057158
10057154
10057150
10057146
10057144
10057140
10057136
10057132
10057128
10057124
10057120
10057116
10057112
10057108
10057106
10057106
10057102
10057098
10057094
10057090
10057086
10057082
10057078
10057074
10057070
10057066
10057064
10057060
10057056
10057052
10057048
10057044
10057040
10057036
10057032
10057028
10057024
10057022
10057018
10057014
10057010
10057006
10057006
10057002
10056998
10056994
10056990
10056986
10056982
10056980
10056976
10056972
10056968
10056964
10056960
10056956
10056952
10056948
10056944
10056940
10056938
10056934
10056930
10056926
10056922
10056918
10056914
10056910
10056906
10056902
10056900
10056896
10056892
10056888
10056884
10056880
10056876
10056872
10056868
10056864
10056860
10056858
10056854
10056850
10056846
10056842
10056838
10056834
10056830
10056826
10056822
10056818
10056816
10056812
10056808
10056804
10056800
10056796
10056792
10056788
10056788
10056784
10056780
10056776
10056774
10056770
10056766
10056762
10056758
10056754
10056750
10056746
10056742
10056738
10056734
10056732
10056728
10056724
10056720
10056716
10056712
10056708
10056704
10056700
10056696
10056694
10056690
10056686
10056682
10056678
10056674
10056670
10056666
10056662
10056658
10056654
10056652
10056648
10056644
10056640
10056636
10056632
10056628
10056624
10056620
10056616
10056612
10056610
10056606
10056602
10056598
10056594
10056590
10056586
10056582
10056578
10056574
10056570
10056568
10056564
10056560
10056556
10056552
10056548
10056544
10056540
10056536
10056532
10056528
10056526
10056522
10056518
10056514
10056510
10056506
10056502
10056498
10056494
10056490
10056488
10056484
10056480
10056476
10056472
10056468
10056464
10056456
10056452
10056448
10056446
10056442
10056438
10056430
10056426
10056422
10056418
10056414
10056406
10056404
10056400
10056396
10056392
10056384
10056380
10056376
10056372
10056368
10056364
10056358
10056354
10056350
10056346
10056342
10056334
10056330
10056326
10056324
10056320
10056312
10056308
10056304
10056300
10056296
10056292
10056284
10056282
10056278
10056274
10056270
10056262
10056258
10056254
10056250
10056246
10056240
10056236
10056232
10056228
10056224
10056220
10056212
10056208
10056204
10056200
10056198
10056190
10056186
10056182
10056178
10056174
10056166
10056162
10056158
10056156
10056152
10056148
10056140
10056136
10056132
10056128
10056124
10056118
10056114
10056110
10056106
10056102
10056094
10056090
10056086
10056082
10056078
10056076
10056068
10056064
10056060
10056056
10056052
10056044
10056040
10056036
10056034
10056030
10056022
10056018
10056014
10056010
10056006
10056002
10055994
10055992
10055988
10055984
10055980
10055972
10055968
10055964
10055960
10055956
10055952
10055946
10055942
10055938
10055934
10055930
10055922
10055918
10055914
10055912
10055908
10055900
10055896
10055892
10055888
10055884
10055880
10055876
10055872
10055870
10055866
10055862
10055858
10055854
10055850
10055846
10055842
10055838
10055834
10055830
10055828
10055824
10055820
10055816
10055812
10055804
10055800
10055796
10055792
10055788
10055786
10055782
10055778
10055774
10055770
10055766
10055762
10055758
10055754
10055750
10055746
10055744
10055740
10055736
10055732
10055728
10055724
10055720
10055716
10055708
10055706
10055702
10055698
10055694
10055690
10055686
10055682
10055678
10055674
10055670
10055666
10055664
10055660
10055656
10055652
10055648
10055644
10055640
10055636
10055632
10055628
10055624
10055622
10055614
10055610
10055606
10055602
10055598
10055594
10055590
10055586
10055582
10055580
10055576
10055572
10055568
10055564
10055560
10055556
10055552
10055548
10055544
10055540
10055538
10055534
10055530
10055526
10055522
10055514
10055510
10055506
10055502
10055500
10055496
10055492
10055488
10055484
10055480
10055476
10055472
10055468
10055464
10055460
10055458
10055454
10055450
10055446
10055442
10055438
10055434
10055430
10055426
10055418
10055416
10055412
10055408
10055404
10055400
10055396
10055392
10055388
10055380
10055376
10055370
10055366
10055362
10055354
10055350
10055342
10055338
10055332
10055328
10055324
10055316
10055312
10055304
10055300
10055294
10055290
10055286
10055278
10055274
10055266
10055262
10055254
10055252
10055244
10055240
10055236
10055228
10055224
10055216
10055212
10055206
10055202
10055198
10055190
10055186
10055178
10055174
10055168
10055164
10055160
10055152
10055148
10055140
10055136
10055130
10055126
10055122
10055114
10055110
10055102
10055098
10055090
10055088
10055080
10055076
10055072
10055064
10055060
10055052
10055048
10055042
10055038
10055034
10055026
10055022
10055014
10055010
10055004
10055000
10054996
10054988
10054984
10054976
10054972
10054964
10054962
10054958
10054950
10054946
10054938
10054934
10054926
10054924
10054920
10054912
10054908
10054900
10054896
10054888
10054884
10054882
10054874
10054870
10054862
10054858
10054850
10054846
10054842
10054836
10054832
10054824
10054820
10054812
10054808
10054804
10054798
10054794
10054786
10054782
10054774
10054770
10054766
10054758
10054756
10054748
10054744
10054736
10054732
10054728
10054720
10054718
10054710
10054706
10054698
10054694
10054690
10054686
10054678
10054676
10054672
10054668
10054664
10054656
10054652
10054648
10054644
10054640
10054636
10054630
10054626
10054622
10054618
10054614
10054606
10054602
10054598
10054594
10054592
10054584
10054580
10054576
10054572
10054568
10054560
10054556
10054552
10054550
10054546
10054538
10054534
10054530
10054526
10054522
10054518
10054512
10054508
10054504
10054500
10054496
10054488
10054484
10054480
10054476
10054472
10054466
10054462
10054458
10054454
10054450
10054442
10054438
10054434
10054430
10054428
10054424
10054416
10054412
10054408
10054404
10054400
10054392
10054388
10054386
10054382
10054378
10054370
10054366
10054362
10054358
10054354
10054350
10054344
10054340
10054336
10054332
10054328
10054320
10054316
10054312
10054308
10054306
10054298
10054294
10054290
10054286
10054282
10054274
10054270
10054266
10054264
10054260
10054256
10054248
10054244
10054240
10054236
10054232
10054224
10054222
10054218
10054214
10054210
10054202
10054198
10054194
10054190
10054186
10054182
10054176
10054172
10054168
10054164
10054160
10054152
10054148
10054144
10054140
10054138
10054130
10054126
10054122
10054118
10054114
10054106
10054102
10054096
10054092
10054084
10054080
10054072
10054068
10054060
10054058
10054054
10054046
10054042
10054034
10054030
10054022
10054018
10054012
10054008
10054000
10053996
10053988
10053984
10053976
10053974
10053970
10053962
10053958
10053950
10053946
10053938
10053936
10053928
10053924
10053916
10053912
10053904
10053900
10053896
10053890
10053886
10053878
10053874
10053866
10053862
10053854
10053852
10053844
10053840
10053832
10053828
10053820
10053816
10053812
10053806
10053802
10053794
10053790
10053782
10053778
10053770
10053768
10053760
10053756
10053748
10053744
10053740
10053732
10053730
10053722
10053718
10053710
10053706
10053698
10053694
10053688
10053684
10053676
10053672
10053668
10053660
10053656
10053648
10053646
10053638
10053634
10053626
10053622
10053614
10053610
10053604
10053600
10053596
10053588
10053584
10053576
10053572
10053564
10053562
10053554
10053550
10053542
10053538
10053530
10053526
10053524
10053516
10053512
10053504
10053500
10053492
10053488
10053482
10053478
10053470
10053466
10053462
10053454
10053450
10053442
10053440
10053432
10053428
10053420
10053416
10053408
10053404
10053398
10053394
10053390
10053382
10053378
10053374
10053366
10053362
10053358
10053352
10053348
10053340
10053336
10053332
10053324
10053320
10053318
10053310
10053306
10053298
10053294
10053290
10053282
10053278
10053276
10053268
10053264
10053260
10053252
10053248
10053240
10053236
10053234
10053226
10053222
10053218
10053210
10053206
10053198
10053194
10053192
10053184
10053180
10053176
10053168
10053164
10053160
10053152
10053150
10053142
10053138
10053134
10053126
10053122
10053118
10053112
10053108
10053104
10053096
10053092
10053084
10053080
10053076
10053070
10053066
10053062
10053054
10053050
10053042
10053038
10053034
10053028
10053024
10053020
10053012
10053008
10053004
10052996
10052992
10052986
10052982
10052978
10052970
10052966
10052962
10052954
10052950
10052946
10052940
10052936
10052928
10052924
10052920
10052912
10052908
10052906
10052898
10052894
10052890
10052882
10052878
10052870
10052866
10052864
10052856
10052852
10052848
10052840
10052836
10052832
10052824
10052822
10052818
10052810
10052806
10052798
10052794
10052790
10052782
10052780
10052776
10052768
10052764
10052760
10052752
10052748
10052742
10052738
10052734
10052726
10052718
10052714
10052706
10052700
10052696
10052688
10052684
10052676
10052668
10052664
10052658
10052650
10052646
10052638
10052630
10052626
10052618
10052612
10052608
10052600
10052592
10052588
10052580
10052576
10052570
10052562
10052558
10052550
10052542
10052538
10052532
10052524
10052520
10052512
10052504
10052500
10052494
10052486
10052482
10052474
10052470
10052462
10052454
10052452
10052444
10052436
10052432
10052424
10052416
10052412
10052406
10052398
10052394
10052386
10052382
10052374
10052368
10052364
10052356
10052348
10052344
10052336
10052330
10052326
10052318
10052310
10052306
10052298
10052294
10052288
10052280
10052276
10052268
10052260
10052256
10052248
10052242
10052238
10052230
10052222
10052218
10052210
10052206
10052200
10052192
10052188
10052180
10052172
10052168
10052162
10052154
10052150
10052142
10052138
10052130
10052124
10052120
10052112
10052104
10052100
10052092
10052084
10052082
10052074
10052070
10052062
10052054
10052050
10052042
10052036
10052032
10052024
10052016
10052012
10052004
10052000
10051994
10051986
10051982
10051974
10051966
10051962
10051956
10051948
10051944
10051936
10051932
10051924
10051920
10051914
10051910
10051902
10051898
10051890
10051886
10051878
10051876
10051868
10051864
10051860
10051852
10051848
10051840
10051836
10051830
10051826
10051818
10051814
10051806
10051802
10051794
10051792
10051788
10051780
10051776
10051768
10051764
10051756
10051752
10051746
10051742
10051734
10051730
10051726
10051718
10051714
10051708
10051704
10051696
10051692
10051684
10051680
10051672
10051670
10051666
10051658
10051654
10051646
10051642
10051634
10051630
10051624
10051620
10051612
10051608
10051600
10051596
10051592
10051586
10051582
10051574
10051570
10051562
10051558
10051550
10051548
10051540
10051536
10051532
10051524
10051520
10051512
10051508
10051502
10051498
10051490
10051486
10051478
10051474
10051470
10051464
10051460
10051452
10051448
10051440
10051436
10051428
10051424
10051422
10051414
10051410
10051402
10051398
10051390
10051386
10051380
10051376
10051368
10051364
10051360
10051352
10051348
10051342
10051338
10051330
10051326
10051318
10051314
10051306
10051302
10051300
10051292
10051288
10051280
10051276
10051268
10051264
10051258
10051254
10051250
10051242
10051238
10051230
10051226
10051218
10051212
10051204
10051196
10051192
10051184
10051176
10051170
10051162
10051154
10051146
10051138
10051132
10051124
10051116
10051108
10051100
10051094
10051086
10051078
10051070
10051062
10051058
10051052
10051044
10051036
10051028
10051020
10051012
10051006
10050998
10050990
10050982
10050974
10050968
10050960
10050952
10050944
10050936
10050930
10050926
10050918
10050910
10050902
10050894
10050888
10050880
10050872
10050864
10050856
10050848
10050842
10050834
10050826
10050818
10050810
10050806
10050800
10050792
10050784
10050776
10050768
10050762
10050754
10050746
10050738
10050730
10050724
10050716
10050708
10050700
10050692
10050688
10050682
10050674
10050666
10050658
10050650
10050642
10050636
10050628
10050620
10050612
10050604
10050598
10050590
10050582
10050578
10050570
10050562
10050556
10050548
10050540
10050532
10050524
10050518
10050510
10050502
10050494
10050486
10050478
10050476
10050468
10050460
10050452
10050444
10050436
10050430
10050422
10050414
10050406
10050398
10050392
10050384
10050376
10050372
10050364
10050356
10050350
10050342
10050334
10050326
10050318
10050312
10050304
10050296
10050288
10050280
10050276
10050270
10050262
10050258
10050250
10050246
10050238
10050230
10050228
10050220
10050212
10050208
10050200
10050196
10050188
10050182
10050178
10050170
10050162
10050158
10050150
10050148
10050140
10050132
10050128
10050120
10050112
10050108
10050102
10050094
10050090
10050082
10050078
10050070
10050064
10050060
10050052
10050044
10050040
10050032
10050028
10050022
10050014
10050010
10050002
10049994
10049990
10049982
10049980
10049972
10049964
10049960
10049952
10049944
10049942
10049934
10049930
10049922
10049914
10049910
10049902
10049896
10049892
10049884
10049880
10049872
10049864
10049860
10049854
10049846
10049842
10049834
10049830
10049822
10049816
10049812
10049804
10049796
10049792
10049784
10049780
10049774
10049766
10049762
10049754
10049746
10049742
10049736
10049732
10049724
10049716
10049712
10049704
10049700
10049694
10049686
10049682
10049674
10049666
10049662
10049654
10049652
10049644
10049636
10049632
10049624
10049616
10049612
10049606
10049602
10049594
10049586
10049582
10049574
10049570
10049564
10049556
10049552
10049544
10049536
10049532
10049526
10049522
10049514
10049506
10049502
10049494
10049490
10049484
10049476
10049468
10049460
10049452
10049446
10049438
10049430
10049422
10049414
10049406
10049400
10049392
10049384
10049376
10049368
10049362
10049354
10049346
10049338
10049330
10049324
10049316
10049308
10049300
10049292
10049284
10049278
10049270
10049262
10049254
10049246
10049240
10049232
10049224
10049216
10049208
10049200
10049194
10049186
10049182
10049174
10049166
10049160
10049152
10049144
10049136
10049128
10049120
10049114
10049106
10049098
10049090
10049082
10049076
10049068
10049060
10049052
10049044
10049036
10049030
10049022
10049014
10049006
10048998
10048992
10048984
10048976
10048968
10048960
10048954
10048946
10048942
10048934
10048926
10048918
10048912
10048904
10048896
10048888
10048880
10048872
10048866
10048858
10048850
10048842
10048834
10048828
10048820
10048812
10048804
10048796
10048788
10048782
10048774
10048766
10048758
10048750
10048744
10048736
10048732
10048724
10048716
10048708
10048702
10048694
10048686
10048678
10048670
10048664
10048656
10048648
10048640
10048632
10048624
10048618
10048610
10048602
10048594
10048586
10048580
10048572
10048564
10048556
10048548
10048544
10048538
10048530
10048522
10048514
10048506
10048500
10048496
10048488
10048480
10048472
10048468
10048460
10048454
10048446
10048438
10048434
10048426
10048418
10048412
10048404
10048400
10048392
10048384
10048376
10048370
10048366
10048358
10048350
10048342
10048338
10048332
10048324
10048316
10048308
10048304
10048296
10048290
10048282
10048274
10048270
10048262
10048254
10048248
10048240
10048236
10048228
10048220
10048212
10048210
10048202
10048194
10048186
10048178
10048174
10048168
10048160
10048152
10048148
10048140
10048132
10048126
10048118
10048114
10048106
10048098
10048090
10048084
10048080
10048072
10048064
10048056
10048052
10048046
10048038
10048030
10048022
10048018
10048010
10048004
10047996
10047992
10047984
10047976
10047968
10047962
10047958
10047950
10047942
10047934
10047930
10047924
10047916
10047908
10047900
10047896
10047888
10047882
10047874
10047870
10047862
10047854
10047846
10047840
10047836
10047828
10047820
10047812
10047808
10047800
10047794
10047786
10047778
10047774
10047766
10047760
10047752
10047748
10047740
10047732
10047724
10047718
10047714
10047706
10047698
10047690
10047686
10047678
10047672
10047664
10047660
10047652
10047640
10047634
10047626
10047618
10047610
10047602
10047594
10047588
10047580
10047572
10047564
10047556
10047550
10047542
10047534
10047526
10047518
10047512
10047504
10047496
10047488
10047480
10047472
10047466
10047458
10047450
10047442
10047434
10047428
10047420
10047412
10047404
10047396
10047388
10047378
10047370
10047362
10047354
10047348
10047340
10047332
10047324
10047316
10047308
10047302
10047294
10047286
10047278
10047270
10047264
10047256
10047248
10047240
10047232
10047224
10047218
10047210
10047202
10047194
10047186
10047180
10047172
10047164
10047156
10047148
10047142
10047134
10047126
10047118
10047110
10047102
10047096
10047088
10047080
10047072
10047064
10047058
10047050
10047042
10047034
10047026
10047016
10047008
10047000
10046992
10046984
10046976
10046970
10046962
10046954
10046946
10046938
10046932
10046924
10046916
10046908
10046900
10046894
10046886
10046878
10046870
10046862
10046854
10046848
10046840
10046832
10046824
10046816
10046810
10046802
10046794
10046786
10046778
10046772
10046764
10046756
10046748
10046740
10046732
10046726
10046718
10046710
10046702
10046694
10046688
10046680
10046672
10046664
10046656
10046648
10046642
10046634
10046626
10046618
10046610
10046604
10046596
10046588
10046580
10046572
10046566
10046558
10046550
10046542
10046534
10046526
10046520
10046512
10046504
10046496
10046488
10046482
10046474
10046466
10046458
10046450
10046442
10046436
10046424
10046416
10046408
10046400
10046394
10046386
10046378
10046370
10046362
10046356
10046348
10046340
10046332
10046324
10046318
10046310
10046302
10046294
10046286
10046278
10046272
10046264
10046256
10046248
10046240
10046234
10046226
10046218
10046210
10046202
10046194
10046188
10046180
10046172
10046164
10046156
10046150
10046142
10046134
10046126
10046118
10046112
10046104
10046096
10046088
10046080
10046072
10046066
10046058
10046050
10046042
10046034
10046028
10046020
10046012
10046004
10045996
10045988
10045982
10045974
10045966
10045958
10045950
10045944
10045936
10045928
10045920
10045912
10045906
10045898
10045890
10045882
10045874
10045866
10045860
10045852
10045844
10045836
10045828
10045822
10045814
10045806
10045798
10045790
10045782
10045776
10045768
10045760
10045752
10045744
10045738
10045730
10045722
10045714
10045706
10045700
10045692
10045684
10045676
10045668
10045660
10045654
10045646
10045634
10045626
10045618
10045612
10045604
10045596
10045588
10045578
10045570
10045562
10045554
10045546
10045538
10045532
10045524
10045512
10045504
10045496
10045490
10045482
10045474
10045466
10045454
10045448
10045440
10045432
10045424
10045416
10045410
10045402
10045390
10045382
10045374
10045368
10045360
10045352
10045344
10045332
10045326
10045318
10045310
10045302
10045294
10045288
10045280
10045268
10045260
10045252
10045246
10045238
10045230
10045222
10045214
10045204
10045196
10045188
10045180
10045172
10045166
10045158
10045150
10045138
10045130
10045124
10045116
10045108
10045100
10045092
10045084
10045074
10045066
10045058
10045050
10045042
10045036
10045028
10045020
10045008
10045000
10044994
10044986
10044978
10044970
10044962
10044956
10044944
10044936
10044928
10044920
10044914
10044906
10044898
10044890
10044882
10044872
10044864
10044856
10044848
10044840
10044834
10044826
10044818
10044806
10044798
10044792
10044784
10044776
10044768
10044760
10044754
10044746
10044734
10044726
10044718
10044712
10044704
10044696
10044688
10044680
10044672
10044662
10044654
10044646
10044638
10044630
10044624
10044616
10044604
10044596
10044588
10044582
10044574
10044566
10044558
10044548
10044540
10044532
10044524
10044516
10044508
10044502
10044490
10044482
10044474
10044466
10044460
10044452
10044440
10044432
10044424
10044418
10044410
10044402
10044394
10044384
10044376
10044368
10044360
10044352
10044344
10044338
10044326
10044318
10044310
10044302
10044296
10044288
10044280
10044268
10044260
10044254
10044246
10044238
10044230
10044222
10044212
10044204
10044196
10044188
10044180
10044174
10044166
10044154
10044146
10044138
10044132
10044124
10044116
10044108
10044100
10044090
10044082
10044074
10044066
10044058
10044052
10044044
10044032
10044024
10044016
10044010
10044002
10043994
10043986
10043978
10043968
10043960
10043952
10043944
10043936
10043930
10043922
10043910
10043902
10043894
10043888
10043880
10043872
10043864
10043856
10043846
10043838
10043830
10043822
10043814
10043806
10043800
10043792
10043780
10043772
10043766
10043758
10043750
10043742
10043734
10043726
10043716
10043708
10043700
10043692
10043684
10043678
10043670
10043662
10043650
10043642
10043636
10043628
10043620
10043612
10043604
10043594
10043586
10043578
10043570
10043560
10043552
10043544
10043536
10043524
10043518
10043510
10043502
10043494
10043482
10043476
10043468
10043460
10043448
10043440
10043434
10043426
10043418
10043406
10043398
10043392
10043384
10043372
10043364
10043356
10043350
10043342
10043330
10043322
10043314
10043308
10043296
10043288
10043280
10043272
10043266
10043254
10043246
10043238
10043230
10043220
10043212
10043204
10043196
10043190
10043178
10043170
10043162
10043154
10043144
10043136
10043128
10043120
10043112
10043102
10043094
10043086
10043078
10043070
10043060
10043052
10043044
10043036
10043024
10043018
10043010
10043002
10042994
10042984
10042976
10042968
10042960
10042952
10042942
10042934
10042926
10042918
10042910
10042900
10042892
10042884
10042876
10042864
10042858
10042850
10042842
10042834
10042822
10042816
10042808
10042800
10042792
10042780
10042774
10042766
10042758
10042750
10042738
10042732
10042724
10042716
10042708
10042696
10042690
10042682
10042674
10042666
10042654
10042648
10042640
10042632
10042624
10042612
10042606
10042598
10042590
10042582
10042572
10042564
10042556
10042548
10042540
10042530
10042522
10042514
10042502
10042494
10042488
10042480
10042468
10042460
10042452
10042446
10042434
10042426
10042418
10042406
10042400
10042392
10042384
10042372
10042366
10042358
10042350
10042338
10042330
10042324
10042312
10042304
10042296
10042288
10042278
10042270
10042262
10042254
10042242
10042236
10042228
10042216
10042208
10042200
10042194
10042182
10042174
10042166
10042160
10042148
10042140
10042132
10042124
10042114
10042106
10042098
10042086
10042078
10042072
10042064
10042052
10042044
10042036
10042030
10042018
10042010
10042002
10041996
10041984
10041976
10041968
10041956
10041950
10041942
10041934
10041922
10041914
10041908
10041900
10041888
10041880
10041872
10041866
10041854
10041846
10041838
10041830
10041820
10041812
10041804
10041796
10041786
10041778
10041770
10041762
10041750
10041744
10041736
10041728
10041716
10041708
10041702
10041694
10041682
10041674
10041666
10041656
10041648
10041640
10041632
10041622
10041614
10041606
10041598
10041586
10041580
10041572
10041564
10041552
10041544
10041538
10041530
10041518
10041510
10041502
10041496
10041484
10041476
10041468
10041460
10041454
10041442
10041434
10041426
10041416
10041408
10041396
10041388
10041380
10041370
10041362
10041350
10041342
10041332
10041324
10041316
10041304
10041296
10041286
10041278
10041266
10041258
10041248
10041240
10041232
10041220
10041212
10041202
10041194
10041182
10041174
10041168
10041156
10041148
10041136
10041130
10041118
10041110
10041102
10041090
10041084
10041072
10041064
10041052
10041046
10041038
10041026
10041018
10041006
10041000
10040988
10040980
10040972
10040962
10040954
10040942
10040934
10040926
10040916
10040908
10040896
10040888
10040878
10040870
10040862
10040850
10040842
10040832
10040824
10040812
10040804
10040798
10040786
10040778
10040766
10040760
10040752
10040740
10040732
10040720
10040714
10040702
10040694
10040686
10040676
10040668
10040656
10040648
10040640
10040630
10040622
10040610
10040602
10040592
10040584
10040576
10040564
10040556
10040546
10040538
10040530
10040518
10040512
10040500
10040492
10040484
10040472
10040466
10040454
10040446
10040438
10040428
10040420
10040408
10040400
10040390
10040382
10040374
10040362
10040354
10040344
10040336
10040328
10040316
10040308
10040298
10040290
10040282
10040270
10040264
10040252
10040244
10040236
10040224
10040218
10040210
10040202
10040190
10040184
10040176
10040168
10040156
10040148
10040142
10040134
10040122
10040114
10040106
10040096
10040088
10040080
10040072
10040060
10040054
10040046
10040038
10040026
10040018
10040012
10040004
10039992
10039984
10039978
10039966
10039958
10039950
10039942
10039932
10039924
10039916
10039908
10039896
10039890
10039882
10039874
10039862
10039854
10039848
10039840
10039828
10039820
10039812
10039806
10039794
10039786
10039778
10039772
10039760
10039752
10039744
10039732
10039726
10039718
10039710
10039698
10039690
10039684
10039676
10039664
10039656
10039648
10039642
10039630
10039622
10039614
10039608
10039596
10039588
10039580
10039572
10039562
10039554
10039546
10039538
10039526
10039520
10039512
10039504
10039492
10039484
10039478
10039470
10039458
10039450
10039442
10039436
10039424
10039416
10039408
10039402
10039390
10039382
10039374
10039366
10039360
10039348
10039340
10039332
10039324
10039314
10039306
10039298
10039290
10039278
10039272
10039264
10039256
10039244
10039236
10039230
10039222
10039210
10039202
10039196
10039188
10039176
10039168
10039160
10039154
10039146
10039134
10039122
10039114
10039104
10039092
10039084
10039072
10039066
10039054
10039042
10039034
10039024
10039016
10039004
10038992
10038986
10038974
10038966
10038954
10038944
10038936
10038924
10038916
10038906
10038894
10038886
10038874
10038866
10038856
10038844
10038836
10038824
10038818
10038806
10038794
10038786
10038776
10038768
10038756
10038744
10038738
10038726
10038718
10038706
10038696
10038688
10038676
10038668
10038658
10038646
10038638
10038626
10038618
10038608
10038600
10038588
10038578
10038570
10038558
10038550
10038538
10038528
10038520
10038508
10038500
10038490
10038478
10038470
10038458
10038452
10038440
10038432
10038420
10038410
10038402
10038390
10038382
10038372
10038360
10038352
10038340
10038332
10038322
10038310
10038302
10038290
10038284
10038272
10038264
10038252
10038242
10038234
10038222
10038214
10038204
10038196
10038184
10038172
10038166
10038154
10038146
10038134
10038126
10038116
10038104
10038096
10038084
10038078
10038066
10038054
10038046
10038036
10038028
10038016
10038008
10037998
10037986
10037978
10037966
10037960
10037948
10037940
10037928
10037918
10037910
10037898
10037890
10037878
10037872
10037860
10037852
10037844
10037834
10037826
10037814
10037806
10037796
10037788
10037780
10037768
10037760
10037750
10037742
10037730
10037722
10037714
10037704
10037696
10037684
10037676
10037666
10037658
10037650
10037638
10037630
10037620
10037612
10037604
10037592
10037586
10037574
10037566
10037554
10037548
10037540
10037528
10037520
10037508
10037502
10037494
10037482
10037474
10037464
10037456
10037444
10037436
10037428
10037418
10037410
10037398
10037390
10037384
10037372
10037364
10037352
10037344
10037334
10037326
10037318
10037306
10037300
10037288
10037280
10037272
10037260
10037254
10037242
10037234
10037226
10037216
10037208
10037196
10037188
10037180
10037170
10037162
10037150
10037142
10037136
10037124
10037116
10037104
10037096
10037090
10037078
10037070
10037058
10037052
10037044
10037032
10037024
10037014
10037006
10036998
10036986
10036978
10036968
10036960
10036952
10036940
10036932
10036922
10036914
10036906
10036894
10036888
10036876
10036868
10036860
10036848
10036842
10036830
10036822
10036814
10036804
10036796
10036784
10036776
10036768
10036758
10036750
10036738
10036730
10036724
10036712
10036704
10036692
10036684
10036674
10036662
10036654
10036642
10036632
10036620
10036612
10036602
10036590
10036582
10036570
10036560
10036552
10036540
10036528
10036520
10036510
10036498
10036490
10036478
10036468
10036460
10036448
10036436
10036430
10036418
10036406
10036398
10036388
10036376
10036368
10036356
10036346
10036338
10036326
10036314
10036308
10036296
10036284
10036276
10036266
10036254
10036246
10036234
10036224
10036212
10036204
10036192
10036182
10036174
10036162
10036154
10036144
10036132
10036124
10036112
10036102
10036094
10036082
10036070
10036064
10036052
10036040
10036032
10036022
10036010
10036002
10035990
10035980
10035972
10035960
10035948
10035942
10035930
10035918
10035910
10035900
10035888
10035880
10035868
10035858
10035850
10035838
10035826
10035820
10035808
10035796
10035788
10035778
10035766
10035758
10035746
10035738
10035728
10035716
10035708
10035696
10035686
10035678
10035666
10035654
10035648
10035636
10035624
10035616
10035606
10035594
10035586
10035574
10035568
10035556
10035544
10035536
10035526
10035514
10035506
10035494
10035484
10035476
10035464
10035452
10035446
10035434
10035426
10035414
10035404
10035396
10035384
10035376
10035366
10035358
10035346
10035338
10035326
10035320
10035308
10035300
10035288
10035282
10035270
10035262
10035250
10035242
10035232
10035224
10035212
10035204
10035194
10035186
10035174
10035166
10035156
10035144
10035136
10035124
10035118
10035106
10035098
10035086
10035078
10035068
10035060
10035048
10035040
10035030
10035022
10035010
10035002
10034992
10034984
10034972
10034964
10034954
10034946
10034934
10034926
10034914
10034908
10034896
10034888
10034880
10034870
10034862
10034850
10034842
10034832
10034824
10034812
10034804
10034792
10034786
10034774
10034766
10034754
10034748
10034736
10034728
10034716
10034708
10034698
10034690
10034678
10034670
10034660
10034652
10034640
10034632
10034622
10034614
10034602
10034594
10034584
10034576
10034564
10034556
10034544
10034538
10034526
10034518
10034506
10034500
10034488
10034480
10034472
10034460
10034454
10034442
10034434
10034422
10034416
10034404
10034396
10034384
10034378
10034366
10034358
10034346
10034338
10034328
10034320
10034308
10034300
10034290
10034282
10034274
10034262
10034254
10034244
10034236
10034224
10034216
10034206
10034198
10034186
10034174
10034168
10034156
10034144
10034132
10034122
10034110
10034102
10034090
10034080
10034068
10034056
10034048
10034038
10034026
10034014
10034004
10033992
10033984
10033972
10033962
10033950
10033938
10033930
10033920
10033908
10033896
10033884
10033874
10033866
10033854
10033842
10033832
10033820
10033812
10033802
10033790
10033778
10033766
10033756
10033748
10033736
10033724
10033714
10033702
10033694
10033682
10033672
10033660
10033648
10033640
10033630
10033618
10033606
10033596
10033588
10033576
10033564
10033554
10033542
10033534
10033522
10033512
10033500
10033488
10033480
10033470
10033458
10033446
10033434
10033428
10033416
10033404
10033392
10033382
10033374
10033362
10033350
10033340
10033328
10033320
10033308
10033298
10033286
10033274
10033266
10033256
10033244
10033232
10033222
10033214
10033202
10033190
10033180
10033168
10033160
10033148
10033138
10033126
10033114
10033106
10033096
10033084
10033072
10033064
10033054
10033042
10033030
10033020
10033012
10033000
10032988
10032978
10032966
10032958
10032946
10032936
10032924
10032916
10032904
10032894
10032882
10032870
10032862
10032852
10032840
10032828
10032820
10032810
10032798
10032786
10032778
10032768
10032756
10032748
10032736
10032726
10032718
10032706
10032694
10032688
10032676
10032664
10032656
10032646
10032634
10032626
10032614
10032604
10032596
10032584
10032572
10032566
10032554
10032542
10032530
10032524
10032512
10032500
10032492
10032482
10032470
10032462
10032450
10032440
10032432
10032420
10032408
10032402
10032390
10032378
10032370
10032360
10032348
10032340
10032328
10032318
10032310
10032298
10032286
10032278
10032268
10032256
10032248
10032238
10032226
10032218
10032206
10032196
10032188
10032176
10032164
10032156
10032146
10032134
10032126
10032114
10032104
10032096
10032084
10032076
10032066
10032054
10032046
10032034
10032024
10032016
10032004
10031992
10031986
10031974
10031962
10031954
10031944
10031932
10031924
10031912
10031902
10031894
10031882
10031870
10031864
10031852
10031840
10031832
10031822
10031814
10031802
10031790
10031784
10031772
10031760
10031752
10031742
10031730
10031722
10031710
10031700
10031692
10031680
10031668
10031660
10031650
10031642
10031630
10031620
10031612
10031600
10031588
10031580
10031570
10031558
10031550
10031538
10031532
10031520
10031508
10031496
10031486
10031478
10031466
10031454
10031444
10031432
10031424
10031414
10031402
10031390
10031378
10031372
10031360
10031348
10031336
10031326
10031318
10031306
10031294
10031284
10031272
10031264
10031252
10031242
10031230
10031218
10031210
10031200
10031188
10031176
10031166
10031158
10031146
10031134
10031124
10031112
10031104
10031092
10031082
10031070
10031062
10031050
10031040
10031028
10031016
10031008
10030998
10030986
10030974
10030962
10030956
10030944
10030932
10030920
10030910
10030902
10030890
10030878
10030868
10030860
10030848
10030838
10030826
10030814
10030806
10030796
10030784
10030772
10030764
10030754
10030742
10030730
10030718
10030712
10030700
10030688
10030676
10030670
10030658
10030646
10030634
10030624
10030616
10030604
10030592
10030582
10030574
10030562
10030550
10030540
10030528
10030520
10030508
10030498
10030486
10030478
10030466
10030456
10030444
10030436
10030426
10030414
10030402
10030390
10030384
10030372
10030360
10030348
10030342
10030330
10030318
10030306
10030300
10030288
10030276
10030264
10030258
10030246
10030234
10030222
10030212
10030204
10030192
10030180
10030170
10030162
10030150
10030138
10030132
10030120
10030112
10030100
10030090
10030082
10030070
10030062
10030052
10030040
10030032
10030020
10030014
10030002
10029990
10029982
10029972
10029964
10029952
10029944
10029932
10029922
10029914
10029902
10029894
10029884
10029872
10029864
10029852
10029846
10029834
10029822
10029814
10029804
10029796
10029784
10029772
10029766
10029754
10029746
10029734
10029726
10029716
10029704
10029696
10029684
10029678
10029666
10029654
10029646
10029636
10029628
10029616
10029604
10029598
10029586
10029578
10029566
10029560
10029548
10029536
10029528
10029518
10029510
10029498
10029490
10029478
10029468
10029460
10029448
10029440
10029430
10029418
10029410
10029398
10029392
10029380
10029372
10029360
10029350
10029342
10029330
10029322
10029312
10029304
10029292
10029280
10029272
10029262
10029254
10029242
10029234
10029224
10029212
10029204
10029192
10029186
10029174
10029166
10029154
10029148
10029136
10029124
10029116
10029106
10029098
10029086
10029078
10029066
10029056
10029048
10029036
10029028
10029018
10029010
10028998
10028990
10028980
10028968
10028960
10028948
10028942
10028930
10028922
10028910
10028902
10028888
10028876
10028864
10028854
10028842
10028830
10028820
10028808
10028796
10028784
10028774
10028762
10028750
10028736
10028724
10028712
10028700
10028690
10028678
10028666
10028656
10028644
10028632
10028620
10028610
10028598
10028586
10028574
10028560
10028548
10028536
10028526
10028514
10028502
10028490
10028480
10028468
10028456
10028446
10028434
10028422
10028410
10028400
10028388
10028372
10028362
10028350
10028338
10028326
10028316
10028304
10028292
10028282
10028270
10028258
10028246
10028236
10028224
10028212
10028202
10028190
10028178
10028162
10028152
10028140
10028128
10028118
10028106
10028094
10028082
10028072
10028060
10028048
10028038
10028026
10028014
10028002
10027992
10027980
10027968
10027956
10027946
10027934
10027922
10027908
10027896
10027884
10027872
10027862
10027850
10027838
10027828
10027816
10027804
10027792
10027782
10027770
10027758
10027748
10027736
10027724
10027712
10027702
10027690
10027678
10027666
10027656
10027644
10027632
10027622
10027610
10027598
10027586
10027572
10027560
10027548
10027538
10027526
10027514
10027502
10027492
10027480
10027468
10027458
10027446
10027434
10027422
10027412
10027400
10027392
10027380
10027370
10027358
10027350
10027338
10027328
10027316
10027308
10027296
10027286
10027274
10027266
10027256
10027244
10027236
10027224
10027214
10027202
10027194
10027182
10027172
10027160
10027152
10027140
10027130
10027118
10027110
10027098
10027088
10027076
10027068
10027056
10027046
10027038
10027026
10027014
10027004
10026996
10026984
10026972
10026962
10026954
10026942
10026930
10026924
10026912
10026900
10026888
10026882
10026870
10026858
10026846
10026840
10026828
10026816
10026808
10026798
10026786
10026774
10026766
10026756
10026744
10026736
10026724
10026714
10026702
10026694
10026682
10026672
10026660
10026652
10026640
10026630
10026622
10026610
10026598
10026588
10026580
10026568
10026556
10026550
10026538
10026526
10026514
10026508
10026496
10026484
10026476
10026466
10026454
10026442
10026434
10026424
10026412
10026404
10026392
10026382
10026374
10026362
10026350
10026340
10026332
10026320
10026308
10026302
10026290
10026278
10026270
10026260
10026248
10026236
10026228
10026218
10026206
10026198
10026186
10026176
10026168
10026156
10026144
10026134
10026126
10026114
10026102
10026096
10026084
10026072
10026062
10026050
10026038
10026026
10026016
10026004
10025992
10025980
10025970
10025958
10025946
10025936
10025924
10025912
10025900
10025890
10025878
10025866
10025856
10025844
10025832
10025820
10025810
10025798
10025786
10025774
10025764
10025752
10025740
10025730
10025718
10025706
10025694
10025684
10025672
10025660
10025650
10025638
10025626
10025614
10025604
10025592
10025580
10025568
10025558
10025546
10025534
10025524
10025512
10025500
10025488
10025478
10025466
10025454
10025444
10025432
10025420
10025412
10025402
10025390
10025378
10025366
10025356
10025344
10025332
10025320
10025310
10025298
10025286
10025276
10025264
10025252
10025240
10025230
10025218
10025206
10025196
10025184
10025172
10025160
10025150
10025138
10025126
10025114
10025104
10025092
10025080
10025070
10025058
10025046
10025038
10025028
10025016
10025004
10024992
10024982
10024970
10024958
10024948
10024936
10024924
10024912
10024902
10024890
10024878
10024868
10024856
10024844
10024832
10024822
10024810
10024798
10024786
10024776
10024768
10024756
10024744
10024734
10024722
10024710
10024700
10024688
10024676
10024664
10024654
10024642
10024630
10024620
10024608
10024600
10024588
10024578
10024566
10024554
10024542
10024532
10024520
10024512
10024500
10024490
10024478
10024466
10024456
10024444
10024436
10024424
10024414
10024402
10024390
10024378
10024368
10024360
10024348
10024336
10024326
10024314
10024302
10024290
10024284
10024272
10024260
10024250
10024238
10024226
10024214
10024208
10024196
10024184
10024172
10024162
10024150
10024138
10024130
10024120
10024108
10024096
10024084
10024074
10024062
10024054
10024044
10024032
10024020
10024008
10023998
10023990
10023978
10023966
10023956
10023944
10023932
10023920
10023914
10023902
10023890
10023880
10023868
10023856
10023848
10023838
10023826
10023814
10023802
10023792
10023784
10023772
10023760
10023750
10023738
10023726
10023718
10023708
10023696
10023684
10023674
10023662
10023654
10023642
10023632
10023620
10023608
10023596
10023590
10023578
10023566
10023554
10023544
10023532
10023524
10023512
10023502
10023490
10023478
10023468
10023460
10023448
10023436
10023426
10023414
10023406
10023394
10023384
10023372
10023360
10023348
10023342
10023330
10023318
10023306
10023296
10023288
10023276
10023264
10023254
10023242
10023230
10023220
10023208
10023192
10023180
10023170
10023158
10023146
10023136
10023120
10023108
10023096
10023086
10023074
10023058
10023048
10023036
10023024
10023014
10022998
10022986
10022974
10022964
10022952
10022940
10022926
10022914
10022902
10022890
10022880
10022864
10022852
10022842
10022830
10022818
10022808
10022792
10022780
10022768
10022758
10022746
10022734
10022720
10022708
10022696
10022686
10022674
10022658
10022646
10022636
10022624
10022612
10022602
10022586
10022574
10022562
10022552
10022540
10022528
10022514
10022502
10022490
10022480
10022468
10022456
10022440
10022430
10022418
10022406
10022396
10022384
10022368
10022356
10022346
10022334
10022322
10022312
10022300
10022284
10022274
10022262
10022250
10022238
10022228
10022212
10022200
10022190
10022178
10022166
10022154
10022144
10022128
10022116
10022106
10022094
10022082
10022070
10022056
10022044
10022032
10022022
10022010
10021998
10021986
10021972
10021960
10021948
10021938
10021926
10021914
10021902
10021888
10021876
10021864
10021854
10021842
10021830
10021820
10021808
10021792
10021780
10021770
10021758
10021746
10021736
10021724
10021708
10021696
10021686
10021674
10021662
10021652
10021640
10021632
10021620
10021610
10021598
10021586
10021574
10021564
10021552
10021540
10021530
10021518
10021506
10021494
10021488
10021476
10021464
10021452
10021442
10021430
10021418
10021408
10021396
10021384
10021372
10021362
10021354
10021342
10021330
10021320
10021308
10021296
10021286
10021274
10021262
10021250
10021240
10021228
10021220
10021208
10021198
10021186
10021174
10021162
10021152
10021140
10021128
10021118
10021110
10021098
10021086
10021076
10021064
10021052
10021040
10021030
10021018
10021006
10020996
10020988
10020976
10020964
10020954
10020942
10020930
10020918
10020908
10020896
10020888
10020876
10020866
10020854
10020842
10020832
10020820
10020808
10020796
10020786
10020778
10020766
10020754
10020744
10020732
10020720
10020708
10020698
10020686
10020678
10020668
10020656
10020644
10020632
10020622
10020610
10020598
10020586
10020580
10020568
10020556
10020544
10020534
10020522
10020510
10020500
10020492
10020480
10020468
10020458
10020446
10020434
10020422
10020412
10020404
10020392
10020380
10020370
10020358
10020346
10020336
10020324
10020316
10020304
10020294
10020282
10020270
10020258
10020248
10020236
10020224
10020214
10020202
10020190
10020178
10020168
10020156
10020144
10020132
10020122
10020110
10020098
10020088
10020076
10020060
10020050
10020038
10020026
10020014
10020004
10019992
10019980
10019968
10019958
10019946
10019934
10019924
10019912
10019900
10019888
10019878
10019866
10019854
10019844
10019832
10019820
10019808
10019798
10019786
10019774
10019762
10019752
10019740
10019728
10019718
10019706
10019694
10019682
10019672
10019660
10019648
10019638
10019626
10019614
10019602
10019592
10019580
10019568
10019556
10019546
10019534
10019522
10019512
10019500
10019488
10019476
10019466
10019454
10019442
10019432
10019420
10019408
10019396
10019386
10019374
10019362
10019350
10019340
10019328
10019316
10019306
10019294
10019282
10019270
10019260
10019248
10019236
10019226
10019214
10019202
10019190
10019180
10019168
10019156
10019144
10019134
10019122
10019110
10019100
10019088
10019076
10019064
10019054
10019042
10019030
10019020
10019008
10018996
10018984
10018974
10018962
10018950
10018938
10018928
10018916
10018904
10018894
10018882
10018870
10018858
10018848
10018836
10018824
10018814
10018802
10018790
10018778
10018768
10018756
10018744
10018732
10018722
10018710
10018698
10018688
10018676
10018660
10018650
10018638
10018626
10018614
10018604
10018592
10018580
10018568
10018558
10018546
10018534
10018524
10018508
10018496
10018486
10018474
10018462
10018450
10018440
10018428
10018416
10018404
10018394
10018382
10018370
10018360
10018344
10018332
10018320
10018310
10018298
10018286
10018276
10018264
10018252
10018240
10018230
10018218
10018206
10018196
10018184
10018172
10018156
10018146
10018134
10018122
10018112
10018100
10018088
10018076
10018066
10018054
10018042
10018032
10018020
10018008
10017996
10017986
10017974
10017962
10017948
10017936
10017924
10017912
10017902
10017890
10017878
10017868
10017856
10017844
10017832
10017822
10017810
10017798
10017786
10017776
10017764
10017752
10017742
10017730
10017718
10017704
10017692
10017680
10017668
10017658
10017646
10017634
10017622
10017612
10017600
10017588
10017578
10017566
10017554
10017542
10017532
10017520
10017508
10017498
10017486
10017474
10017462
10017452
10017440
10017428
10017416
10017406
10017394
10017382
10017372
10017360
10017344
10017332
10017322
10017310
10017298
10017288
10017276
10017260
10017250
10017238
10017226
10017210
10017200
10017188
10017176
10017162
10017150
10017138
10017126
10017116
10017100
10017088
10017078
10017066
10017050
10017040
10017028
10017016
10017002
10016990
10016978
10016966
10016952
10016940
10016928
10016918
10016906
10016890
10016880
10016868
10016856
10016840
10016830
10016818
10016806
10016796
10016780
10016768
10016756
10016746
10016730
10016718
10016708
10016696
10016684
10016670
10016658
10016646
10016634
10016620
10016608
10016596
10016586
10016574
10016558
10016548
10016536
10016524
10016510
10016498
10016486
10016474
10016464
10016448
10016436
10016426
10016414
10016402
10016386
10016376
10016364
10016352
10016342
10016326
10016314
10016304
10016292
10016280
10016264
10016254
10016242
10016230
10016220
10016204
10016192
10016180
10016170
10016158
10016142
10016132
10016120
10016108
10016098
10016082
10016070
10016058
10016048
10016036
10016020
10016010
10015998
10015986
10015974
10015960
10015948
10015936
10015926
10015914
10015898
10015888
10015876
10015864
10015852
10015842
10015826
10015814
10015804
10015792
10015780
10015766
10015754
10015742
10015730
10015720
10015708
10015696
10015686
10015674
10015662
10015650
10015640
10015628
10015616
10015604
10015594
10015582
10015570
10015560
10015548
10015540
10015528
10015518
10015506
10015494
10015482
10015472
10015460
10015448
10015438
10015426
10015414
10015402
10015392
10015380
10015368
10015356
10015346
10015334
10015322
10015312
10015300
10015288
10015276
10015266
10015254
10015242
10015232
10015224
10015212
10015200
10015190
10015178
10015166
10015154
10015144
10015132
10015120
10015110
10015098
10015086
10015074
10015064
10015052
10015040
10015028
10015018
10015006
10014994
10014986
10014976
10014964
10014952
10014942
10014930
10014918
10014906
10014896
10014884
10014872
10014862
10014850
10014838
10014826
10014816
10014804
10014792
10014784
10014774
10014762
10014750
10014738
10014728
10014716
10014704
10014694
10014682
10014670
10014658
10014648
10014636
10014624
10014616
10014606
10014594
10014582
10014572
10014560
10014548
10014536
10014526
10014514
10014502
10014492
10014480
10014468
10014460
10014450
10014438
10014426
10014414
10014404
10014392
10014380
10014368
10014358
10014346
10014334
10014324
10014316
10014304
10014292
10014278
10014266
10014254
10014244
10014232
10014220
10014208
10014198
10014186
10014174
10014162
10014148
10014136
10014124
10014114
10014102
10014090
10014080
10014068
10014056
10014044
10014034
10014022
10014006
10013996
10013984
10013972
10013960
10013950
10013938
10013926
10013916
10013904
10013892
10013880
10013866
10013854
10013842
10013832
10013820
10013808
10013796
10013786
10013774
10013762
10013750
10013740
10013728
10013716
10013702
10013690
10013678
10013668
10013656
10013644
10013632
10013622
10013610
10013598
10013586
10013576
10013564
10013552
10013542
10013530
10013514
10013504
10013492
10013480
10013468
10013458
10013446
10013434
10013422
10013412
10013400
10013388
10013378
10013366
10013354
10013342
10013332
10013316
10013304
10013294
10013282
10013270
10013258
10013248
10013236
10013224
10013214
10013202
10013190
10013178
10013168
10013156
10013144
10013134
10013122
10013110
10013098
10013088
10013072
10013060
10013050
10013038
10013026
10013014
10013004
10012992
10012980
10012968
10012958
10012946
10012934
10012924
10012912
10012900
10012888
10012878
10012866
10012854
10012844
10012832
10012820
10012808
10012794
10012782
10012770
10012760
10012744
10012732
10012722
10012706
10012694
10012682
10012668
10012656
10012644
10012634
10012618
10012606
10012596
10012584
10012568
10012556
10012546
10012530
10012518
10012508
10012496
10012480
10012470
10012458
10012442
10012432
10012420
10012408
10012392
10012382
10012370
10012358
10012344
10012332
10012320
10012306
10012294
10012282
10012270
10012256
10012244
10012232
10012222
10012206
10012194
10012184
10012172
10012156
10012144
10012134
10012118
10012106
10012096
10012084
10012068
10012058
10012046
10012034
10012020
10012008
10011996
10011984
10011970
10011958
10011946
10011936
10011920
10011908
10011898
10011886
10011870
10011858
10011848
10011836
10011820
10011810
10011798
10011786
10011772
10011760
10011748
10011736
10011722
10011710
10011698
10011688
10011672
10011660
10011650
10011638
10011622
10011610
10011600
10011588
10011572
10011562
10011550
10011538
10011524
10011512
10011500
10011488
10011478
10011462
10011450
10011440
10011428
10011412
10011402
10011390
10011378
10011362
10011352
10011340
10011328
10011318
10011302
10011290
10011280
10011268
10011252
10011240
10011230
10011218
10011206
10011192
10011180
10011168
10011156
10011146
10011130
10011118
10011108
10011096
10011084
10011074
10011058
10011046
10011034
10011024
10011012
10010996
10010986
10010974
10010962
10010950
10010940
10010924
10010912
10010902
10010890
10010878
10010868
10010852
10010840
10010828
10010818
10010806
10010794
10010780
10010768
10010756
10010746
10010734
10010722
10010706
10010696
10010684
10010672
10010662
10010650
10010634
10010622
10010612
10010600
10010588
10010578
10010566
10010550
10010540
10010528
10010516
10010504
10010494
10010478
10010466
10010456
10010444
10010432
10010420
10010410
10010394
10010382
10010372
10010360
10010348
10010336
10010322
10010310
10010298
10010288
10010276
10010264
10010252
10010238
10010226
10010214
10010204
10010192
10010180
10010168
10010154
10010142
10010130
10010120
10010108
10010096
10010086
10010074
10010058
10010046
10010036
10010024
10010012
10010002
10009990
10009974
10009962
10009952
10009940
10009928
10009918
10009906
10009894
10009880
10009868
10009856
10009844
10009834
10009822
10009810
10009798
10009784
10009772
10009760
10009750
10009738
10009726
10009716
10009704
10009688
10009676
10009666
10009654
10009642
10009632
10009620
10009608
10009596
10009586
10009574
10009562
10009552
10009540
10009528
10009516
10009502
10009490
10009478
10009468
10009456
10009444
10009432
10009422
10009410
10009398
10009386
10009376
10009364
10009352
10009342
10009330
10009318
10009306
10009296
10009280
10009268
10009258
10009246
10009234
10009222
10009212
10009200
10009188
10009178
10009166
10009154
10009142
10009132
10009120
10009108
10009098
10009086
10009074
10009062
10009052
10009040
10009028
10009016
10009002
10008990
10008978
10008968
10008956
10008944
10008934
10008922
10008910
10008898
10008888
10008876
10008864
10008852
10008842
10008830
10008818
10008808
10008796
10008784
10008772
10008762
10008750
10008738
10008728
10008716
10008704
10008692
10008682
10008670
10008658
10008646
10008636
10008624
10008612
10008602
10008590
10008578
10008566
10008556
10008544
10008532
10008522
10008506
10008494
10008482
10008472
10008460
10008448
10008438
10008426
10008414
10008402
10008392
10008380
10008368
10008358
10008346
10008334
10008322
10008312
10008300
10008288
10008276
10008266
10008254
10008242
10008232
10008220
10008208
10008196
10008186
10008174
10008158
10008148
10008136
10008120
10008110
10008098
10008082
10008070
10008060
10008044
10008032
10008022
10008006
10007994
10007984
10007972
10007956
10007946
10007934
10007918
10007906
10007896
10007880
10007868
10007858
10007842
10007830
10007820
10007804
10007792
10007780
10007766
10007754
10007742
10007732
10007716
10007704
10007694
10007678
10007666
10007656
10007640
10007628
10007616
10007602
10007590
10007578
10007568
10007552
10007540
10007530
10007514
10007502
10007492
10007476
10007464
10007452
10007442
10007426
10007414
10007404
10007388
10007376
10007366
10007354
10007338
10007328
10007316
10007300
10007288
10007278
10007262
10007250
10007240
10007228
10007212
10007202
10007190
10007174
10007164
10007152
10007140
10007124
10007114
10007102
10007090
10007076
10007064
10007052
10007038
10007026
10007014
10007002
10006988
10006976
10006964
10006950
10006938
10006926
10006916
10006900
10006888
10006876
10006866
10006850
10006838
10006828
10006812
10006800
10006790
10006778
10006762
10006752
10006740
10006728
10006712
10006702
10006690
10006678
10006664
10006652
10006640
10006628
10006614
10006602
10006590
10006580
10006564
10006552
10006542
10006530
10006518
10006504
10006492
10006480
10006468
10006458
10006442
10006430
10006420
10006408
10006396
10006384
10006370
10006358
10006346
10006336
10006324
10006312
10006298
10006286
10006274
10006262
10006252
10006236
10006224
10006214
10006202
10006190
10006178
10006164
10006152
10006140
10006130
10006118
10006106
10006092
10006080
10006068
10006056
10006046
10006034
10006018
10006008
10005996
10005984
10005972
10005962
10005946
10005934
10005924
10005912
10005900
10005888
10005874
10005862
10005850
10005840
10005828
10005816
10005804
10005790
10005778
10005766
10005756
10005744
10005732
10005718
10005706
10005694
10005682
10005672
10005660
10005648
10005634
10005622
10005610
10005598
10005588
10005576
10005564
10005550
10005538
10005526
10005516
10005504
10005492
10005480
10005466
10005454
10005442
10005432
10005420
10005408
10005396
10005382
10005370
10005358
10005348
10005336
10005324
10005312
10005302
10005286
10005274
10005264
10005252
10005240
10005228
10005218
10005206
10005190
10005180
10005168
10005156
10005146
10005134
10005122
10005110
10005096
10005084
10005072
10005062
10005050
10005038
10005022
10005012
10005000
10004984
10004974
10004962
10004946
10004936
10004924
10004908
10004898
10004886
10004870
10004858
10004848
10004836
10004820
10004810
10004798
10004782
10004772
10004760
10004744
10004734
10004722
10004710
10004694
10004684
10004672
10004656
10004646
10004634
10004618
10004608
10004596
10004584
10004570
10004558
10004546
10004530
10004520
10004508
10004492
10004482
10004470
10004458
10004444
10004432
10004420
10004404
10004394
10004382
10004370
10004356
10004344
10004332
10004318
10004306
10004294
10004282
10004268
10004256
10004244
10004230
10004218
10004206
10004196
10004180
10004168
10004158
10004142
10004130
10004118
10004108
10004092
10004080
10004070
10004058
10004042
10004032
10004020
10004004
10003992
10003982
10003970
10003954
10003944
10003932
10003920
10003906
10003894
10003882
10003868
10003856
10003844
10003832
10003818
10003806
10003794
10003784
10003768
10003756
10003746
10003734
10003718
10003706
10003696
10003684
10003668
10003658
10003646
10003634
10003620
10003608
10003596
10003584
10003570
10003558
10003546
10003536
10003520
10003508
10003498
10003486
10003470
10003458
10003448
10003436
10003424
10003414
10003402
10003386
10003376
10003364
10003352
10003340
10003330
10003318
10003306
10003294
10003284
10003272
10003260
10003250
10003238
10003226
10003214
10003200
10003188
10003176
10003166
10003154
10003142
10003130
10003120
10003108
10003096
10003086
10003074
10003062
10003050
10003040
10003028
10003016
10003004
10002994
10002978
10002966
10002956
10002944
10002932
10002922
10002910
10002898
10002886
10002876
10002864
10002852
10002840
10002830
10002818
10002806
10002796
10002784
10002772
10002760
10002750
10002738
10002726
10002716
10002704
10002688
10002676
10002666
10002654
10002642
10002632
10002620
10002608
10002596
10002586
10002574
10002562
10002552
10002540
10002528
10002516
10002506
10002494
10002482
10002470
10002460
10002448
10002436
10002426
10002414
10002402
10002390
10002380
10002368
10002356
10002346
10002334
10002322
10002310
10002300
10002288
10002276
10002264
10002254
10002242
10002230
10002220
10002208
10002196
10002184
10002174
10002158
10002146
10002136
10002124
10002112
10002100
10002090
10002078
10002066
10002056
10002044
10002032
10002020
10002010
10001998
10001986
10001976
10001964
10001952
10001940
10001926
10001914
10001898
10001888
10001872
10001860
10001846
10001834
10001818
10001808
10001796
10001780
10001770
10001754
10001742
10001728
10001716
10001700
10001688
10001678
10001662
10001650
10001636
10001624
10001608
10001598
10001582
10001570
10001560
10001544
10001532
10001518
10001506
10001490
10001480
10001468
10001452
10001440
10001426
10001414
10001398
10001388
10001376
10001360
10001350
10001334
10001322
10001308
10001296
10001284
10001270
10001258
10001242
10001232
10001216
10001204
10001194
10001178
10001166
10001152
10001140
10001128
10001112
10001102
10001086
10001074
10001060
10001048
10001036
10001022
10001010
10000994
10000984
10000972
10000956
10000946
10000930
10000918
10000906
10000892
10000880
10000864
10000854
10000842
10000826
10000816
10000800
10000788
10000778
10000762
10000750
10000736
10000724
10000712
10000698
10000686
10000670
10000658
10000648
10000632
10000620
10000606
10000594
10000582
10000568
10000556
10000540
10000530
10000518
10000502
10000492
10000476
10000464
10000452
10000438
10000426
10000414
10000400
10000388
10000372
10000362
10000350
10000334
10000324
10000308
10000296
10000286
10000274
10000262
10000250
10000240
10000224
10000212
10000202
10000190
10000178
10000166
10000156
10000144
10000132
10000118
10000106
10000094
10000082
10000072
10000060
10000048
10000038
10000026
10000010
10000000
9999992
9999980
9999968
9999954
9999942
9999930
9999918
9999908
9999896
9999884
9999874
9999862
9999850
9999834
9999824
9999812
9999800
9999790
9999778
9999766
9999754
9999744
9999732
9999720
9999706
9999694
9999682
9999670
9999660
9999648
9999636
9999626
9999614
9999602
9999590
9999580
9999564
9999552
9999542
9999530
9999518
9999506
9999496
9999484
9999472
9999462
9999450
9999438
9999426
9999412
9999400
9999388
9999378
9999366
9999354
9999342
9999332
9999320
9999308
9999298
9999286
9999274
9999262
9999248
9999236
9999224
9999214
9999202
9999190
9999178
9999168
9999156
9999144
9999134
9999122
9999110
9999098
9999088
9999076
9999060
9999050
9999038
9999026
9999014
9999004
9998992
9998980
9998970
9998958
9998946
9998934
9998924
9998912
9998900
9998888
9998878
9998866
9998854
9998840
9998828
9998816
9998804
9998794
9998782
9998770
9998756
9998744
9998732
9998718
9998706
9998694
9998680
9998668
9998652
9998640
9998630
9998614
9998602
9998592
9998576
9998564
9998554
9998538
9998526
9998516
9998500
9998488
9998476
9998462
9998450
9998438
9998424
9998412
9998400
9998386
9998374
9998362
9998348
9998336
9998324
9998310
9998298
9998286
9998274
9998260
9998248
9998236
9998222
9998210
9998198
9998184
9998172
9998160
9998146
9998134
9998122
9998106
9998096
9998084
9998068
9998058
9998046
9998030
9998020
9998008
9997996
9997982
9997970
9997958
9997942
9997932
9997920
9997904
9997894
9997882
9997866
9997856
9997844
9997832
9997816
9997806
9997794
9997778
9997768
9997756
9997740
9997730
9997718
9997706
9997692
9997680
9997668
9997652
9997642
9997630
9997614
9997604
9997592
9997580
9997566
9997554
9997542
9997528
9997516
9997504
9997492
9997478
9997466
9997454
9997440
9997428
9997416
9997406
9997390
9997378
9997366
9997352
9997340
9997328
9997318
9997302
9997290
9997280
9997268
9997252
9997240
9997230
9997214
9997202
9997192
9997180
9997164
9997154
9997142
9997130
9997118
9997108
9997096
9997084
9997070
9997058
9997046
9997034
9997024
9997012
9997000
9996986
9996974
9996962
9996952
9996940
9996928
9996916
9996906
9996890
9996878
9996868
9996856
9996844
9996832
9996822
9996810
9996794
9996784
9996772
9996760
9996748
9996738
9996726
9996714
9996704
9996688
9996676
9996664
9996654
9996642
9996630
9996620
9996608
9996592
9996582
9996570
9996558
9996546
9996536
9996524
9996512
9996500
9996490
9996474
9996462
9996452
9996440
9996428
9996416
9996406
9996394
9996382
9996372
9996356
9996344
9996334
9996322
9996310
9996298
9996288
9996276
9996264
9996252
9996238
9996226
9996214
9996204
9996192
9996180
9996170
9996158
9996146
9996134
9996124
9996108
9996096
9996086
9996074
9996062
9996050
9996040
9996028
9996016
9996006
9995994
9995982
9995966
9995956
9995944
9995932
9995922
9995910
9995898
9995886
9995876
9995864
9995852
9995840
9995830
9995814
9995802
9995792
9995780
9995768
9995758
9995746
9995734
9995722
9995712
9995700
9995688
9995676
9995666
9995650
9995638
9995628
9995612
9995600
9995590
9995574
9995562
9995552
9995540
9995524
9995512
9995502
9995486
9995474
9995464
9995452
9995436
9995426
9995414
9995398
9995388
9995376
9995360
9995348
9995338
9995326
9995310
9995300
9995288
9995276
9995262
9995250
9995238
9995222
9995212
9995200
9995188
9995174
9995162
9995150
9995136
9995124
9995112
9995100
9995086
9995074
9995062
9995052
9995036
9995024
9995014
9994998
9994986
9994976
9994964
9994948
9994936
9994926
9994914
9994898
9994888
9994876
9994864
9994850
9994838
9994826
9994812
9994800
9994788
9994776
9994762
9994750
9994738
9994728
9994712
9994700
9994688
9994678
9994662
9994650
9994640
9994628
9994612
9994602
9994590
9994578
9994564
9994552
9994540
9994528
9994514
9994502
9994490
9994480
9994464
9994452
9994440
9994430
9994414
9994402
9994392
9994380
9994364
9994354
9994342
9994330
9994318
9994304
9994292
9994280
9994270
9994254
9994242
9994232
9994220
9994204
9994194
9994182
9994170
9994158
9994144
9994132
9994120
9994110
9994094
9994082
9994070
9994060
9994048
9994032
9994022
9994010
9993998
9993988
9993976
9993964
9993952
9993938
9993926
9993914
9993904
9993892
9993880
9993868
9993858
9993842
9993830
9993820
9993808
9993796
9993784
9993774
9993762
9993746
9993736
9993724
9993712
9993700
9993690
9993678
9993666
9993652
9993640
9993628
9993618
9993606
9993594
9993582
9993572
9993560
9993544
9993534
9993522
9993510
9993498
9993488
9993476
9993464
9993452
9993442
9993426
9993414
9993404
9993392
9993380
9993370
9993358
9993346
9993334
9993324
9993308
9993296
9993286
9993274
9993262
9993250
9993240
9993228
9993216
9993206
9993190
9993178
9993166
9993156
9993144
9993132
9993122
9993110
9993098
9993086
9993076
9993064
9993048
9993038
9993026
9993014
9993002
9992992
9992980
9992968
9992958
9992946
9992934
9992922
9992908
9992896
9992884
9992874
9992862
9992850
9992838
9992828
9992816
9992804
9992794
9992782
9992770
9992754
9992744
9992732
9992720
9992710
9992698
9992686
9992674
9992664
9992652
9992640
9992630
9992618
9992606
9992594
9992584
9992568
9992556
9992546
9992534
9992522
9992506
9992496
9992484
9992468
9992458
9992446
9992434
9992420
9992408
9992396
9992382
9992370
9992358
9992342
9992332
9992320
9992304
9992294
9992282
9992270
9992256
9992244
9992232
9992218
9992206
9992194
9992178
9992168
9992156
9992144
9992130
9992118
9992106
9992092
9992080
9992068
9992056
9992042
9992030
9992018
9992004
9991992
9991980
9991970
9991954
9991942
9991930
9991916
9991904
9991892
9991882
9991866
9991854
9991844
9991828
9991816
9991806
9991794
9991778
9991766
9991756
9991740
9991728
9991718
9991706
9991690
9991680
9991668
9991656
9991640
9991630
9991618
9991602
9991592
9991580
9991568
9991554
9991542
9991530
9991518
9991504
9991492
9991480
9991470
9991454
9991442
9991432
9991416
9991404
9991394
9991382
9991366
9991354
9991344
9991332
9991316
9991306
9991294
9991282
9991268
9991256
9991244
9991232
9991218
9991206
9991194
9991184
9991168
9991156
9991146
9991134
9991118
9991106
9991096
9991084
9991068
9991058
9991046
9991034
9991020
9991008
9990996
9990984
9990974
9990958
9990946
9990936
9990924
9990912
9990900
9990890
9990878
9990866
9990852
9990840
9990828
9990818
9990806
9990794
9990782
9990772
9990760
9990748
9990736
9990726
9990714
9990702
9990692
9990676
9990664
9990652
9990642
9990630
9990618
9990608
9990596
9990584
9990572
9990562
9990550
9990538
9990528
9990516
9990504
9990492
9990478
9990466
9990454
9990444
9990432
9990420
9990408
9990398
9990386
9990374
9990364
9990352
9990340
9990328
9990318
9990306
9990294
9990282
9990272
9990260
9990248
9990234
9990222
9990210
9990200
9990188
9990176
9990164
9990154
9990142
9990130
9990118
9990108
9990096
9990084
9990074
9990062
9990050
9990038
9990028
9990016
9990004
9989994
9989982
9989970
9989958
9989948
9989936
9989924
9989912
9989902
9989890
9989878
9989864
9989852
9989840
9989830
9989818
9989806
9989794
9989784
9989772
9989760
9989748
9989738
9989726
9989714
9989704
9989692
9989680
9989668
9989658
9989646
9989634
9989624
9989612
9989600
9989588
9989578
9989566
9989554
9989542
9989532
9989520
9989508
9989498
9989486
9989474
9989462
9989452
9989436
9989424
9989414
9989398
9989386
9989376
9989360
9989348
9989336
9989322
9989310
9989298
9989284
9989272
9989260
9989250
9989234
9989222
9989212
9989196
9989184
9989172
9989158
9989146
9989134
9989120
9989108
9989096
9989082
9989070
9989058
9989044
9989032
9989020
9989008
9988994
9988982
9988970
9988956
9988944
9988932
9988918
9988906
9988894
9988880
9988868
9988856
9988844
9988830
9988818
9988806
9988792
9988780
9988768
9988754
9988742
9988730
9988718
9988704
9988692
9988680
9988666
9988654
9988642
9988628
9988616
9988604
9988594
9988578
9988566
9988554
9988540
9988528
9988516
9988506
9988490
9988478
9988468
9988452
9988440
9988430
9988418
9988402
9988390
9988380
9988364
9988352
9988342
9988330
9988314
9988304
9988292
9988280
9988264
9988254
9988242
9988226
9988216
9988204
9988192
9988178
9988166
9988154
9988142
9988128
9988116
9988104
9988090
9988078
9988066
9988056
9988040
9988028
9988018
9988006
9987990
9987978
9987968
9987956
9987940
9987930
9987918
9987906
9987892
9987880
9987868
9987856
9987842
9987830
9987818
9987808
9987796
9987784
9987772
9987762
9987750
9987738
9987724
9987712
9987700
9987688
9987678
9987666
9987654
9987644
9987632
9987620
9987606
9987594
9987582
9987570
9987560
9987548
9987536
9987524
9987514
9987502
9987490
9987476
9987464
9987452
9987442
9987430
9987418
9987406
9987396
9987384
9987372
9987360
9987350
9987334
9987322
9987312
9987300
9987288
9987276
9987266
9987254
9987242
9987232
9987220
9987208
9987196
9987182
9987170
9987158
9987148
9987136
9987124
9987112
9987102
9987090
9987078
9987068
9987056
9987044
9987032
9987018
9987006
9986994
9986984
9986972
9986960
9986948
9986938
9986926
9986914
9986904
9986892
9986880
9986868
9986858
9986846
9986834
9986820
9986808
9986796
9986784
9986774
9986762
9986750
9986740
9986728
9986716
9986704
9986694
9986682
9986670
9986660
9986648
9986636
9986624
9986614
9986602
9986590
9986576
9986564
9986552
9986540
9986530
9986518
9986506
9986494
9986484
9986472
9986460
9986450
9986438
9986426
9986414
9986404
9986392
9986380
9986370
9986358
9986346
9986330
9986320
9986308
9986296
9986286
9986274
9986258
9986248
9986236
9986224
9986212
9986202
9986190
9986174
9986164
9986152
9986140
9986128
9986118
9986102
9986090
9986080
9986068
9986056
9986044
9986034
9986018
9986006
9985996
9985984
9985972
9985960
9985950
9985934
9985922
9985912
9985900
9985888
9985876
9985866
9985850
9985838
9985828
9985816
9985804
9985794
9985782
9985770
9985754
9985744
9985732
9985720
9985710
9985698
9985686
9985670
9985660
9985648
9985636
9985626
9985614
9985602
9985590
9985576
9985564
9985552
9985542
9985530
9985518
9985506
9985496
9985484
9985468
9985458
9985446
9985434
9985424
9985412
9985400
9985388
9985374
9985362
9985350
9985340
9985328
9985316
9985304
9985294
9985282
9985266
9985256
9985244
9985232
9985220
9985210
9985198
9985186
9985176
9985164
9985148
9985136
9985126
9985114
9985102
9985092
9985080
9985068
9985056
9985046
9985030
9985018
9985008
9984996
9984984
9984972
9984962
9984950
9984938
9984928
9984916
9984900
9984888
9984878
9984866
9984854
9984844
9984832
9984820
9984808
9984798
9984786
9984774
9984764
9984752
9984740
9984728
9984718
9984706
9984694
9984682
9984672
9984660
9984648
9984638
9984626
9984614
9984602
9984592
9984580
9984568
9984558
9984546
9984534
9984522
9984512
9984500
9984488
9984476
9984466
9984454
9984442
9984432
9984420
9984408
9984396
9984386
9984374
9984362
9984352
9984340
9984328
9984316
9984306
9984294
9984282
9984272
9984260
9984248
9984236
9984226
9984214
9984202
9984190
9984180
9984168
9984156
9984146
9984134
9984122
9984110
9984100
9984088
9984076
9984066
9984054
9984042
9984030
9984020
9984008
9983996
9983984
9983974
9983962
9983950
9983940
9983928
9983916
9983904
9983894
9983882
9983870
9983860
9983848
9983836
9983824
9983814
9983806
9983794
9983782
9983772
9983760
9983748
9983736
9983726
9983714
9983702
9983692
9983680
9983668
9983656
9983646
9983634
9983622
9983612
9983600
9983588
9983576
9983566
9983554
9983542
9983530
9983524
9983512
9983500
9983488
9983478
9983466
9983454
9983444
9983432
9983420
9983408
9983398
9983386
9983374
9983364
9983352
9983336
9983324
9983314
9983302
9983290
9983276
9983264
9983252
9983242
9983226
9983214
9983202
9983192
9983180
9983164
9983154
9983142
9983130
9983116
9983104
9983092
9983080
9983070
9983054
9983042
9983032
9983020
9983004
9982994
9982982
9982970
9982958
9982944
9982932
9982920
9982910
9982894
9982882
9982872
9982860
9982848
9982832
9982822
9982810
9982798
9982788
9982772
9982760
9982748
9982738
9982726
9982710
9982700
9982688
9982676
9982666
9982650
9982638
9982626
9982616
9982604
9982588
9982578
9982566
9982554
9982542
9982528
9982516
9982504
9982494
9982482
9982466
9982456
9982444
9982432
9982420
9982410
9982394
9982382
9982372
9982360
9982348
9982334
9982322
9982310
9982298
9982288
9982276
9982260
9982250
9982238
9982226
9982214
9982200
9982188
9982176
9982166
9982154
9982142
9982128
9982116
9982104
9982092
9982082
9982070
9982054
9982044
9982032
9982020
9982008
9981998
9981982
9981970
9981960
9981948
9981936
9981924
9981910
9981898
9981886
9981876
9981864
9981852
9981838
9981826
9981814
9981802
9981792
9981780
9981768
9981758
9981746
9981734
9981722
9981712
9981700
9981688
9981678
9981666
9981654
9981642
9981632
9981620
9981604
9981594
9981582
9981570
9981558
9981548
9981536
9981524
9981512
9981502
9981490
9981478
9981468
9981456
9981444
9981432
9981422
9981410
9981398
9981388
9981376
9981364
9981352
9981342
9981330
9981318
9981306
9981296
9981284
9981272
9981262
9981250
9981238
9981226
9981216
9981204
9981192
9981182
9981170
9981158
9981146
9981136
9981124
9981112
9981100
9981090
9981078
9981066
9981056
9981044
9981032
9981020
9981010
9980998
9980986
9980976
9980964
9980952
9980940
9980930
9980918
9980906
9980894
9980884
9980872
9980860
9980850
9980838
9980826
9980814
9980804
9980792
9980780
9980770
9980758
9980746
9980734
9980724
9980712
9980700
9980690
9980678
9980666
9980654
9980644
9980632
9980620
9980608
9980598
9980586
9980574
9980564
9980552
9980540
9980528
9980518
9980506
9980494
9980484
9980472
9980460
9980448
9980438
9980426
9980414
9980402
9980392
9980380
9980368
9980358
9980346
9980334
9980322
9980312
9980300
9980288
9980278
9980266
9980254
9980242
9980232
9980220
9980208
9980194
9980182
9980170
9980158
9980148
9980136
9980124
9980112
9980102
9980090
9980078
9980068
9980056
9980044
9980032
9980022
9980006
9979994
9979984
9979972
9979960
9979948
9979938
9979926
9979914
9979904
9979892
9979880
9979868
9979858
9979846
9979834
9979824
9979812
9979800
9979784
9979774
9979762
9979750
9979740
9979728
9979716
9979704
9979694
9979682
9979670
9979660
9979648
9979636
9979624
9979614
9979602
9979590
9979578
9979568
9979556
9979544
9979534
9979522
9979510
9979496
9979484
9979472
9979460
9979450
9979438
9979426
9979414
9979404
9979392
9979380
9979370
9979358
9979346
9979334
9979324
9979312
9979300
9979290
9979278
9979266
9979254
9979244
9979232
9979220
9979208
9979198
9979186
9979174
9979164
9979152
9979140
9979128
9979118
9979106
9979094
9979084
9979072
9979060
9979048
9979038
9979026
9979014
9979002
9978992
9978980
9978968
9978958
9978946
9978934
9978922
9978912
9978900
9978888
9978878
9978866
9978854
9978842
9978832
9978820
9978808
9978796
9978786
9978774
9978766
9978754
9978744
9978732
9978720
9978710
9978698
9978686
9978674
9978664
9978656
9978644
9978632
9978622
9978610
9978598
9978588
9978576
9978564
9978556
9978546
9978534
9978522
9978510
9978500
9978488
9978476
9978466
9978458
9978446
9978434
9978424
9978412
9978400
9978388
9978378
9978366
9978358
9978346
9978336
9978324
9978312
9978302
9978290
9978278
9978270
9978260
9978248
9978236
9978224
9978214
9978202
9978190
9978182
9978172
9978160
9978148
9978136
9978126
9978114
9978102
9978096
9978084
9978072
9978060
9978050
9978038
9978026
9978018
9978008
9977996
9977984
9977972
9977962
9977950
9977942
9977930
9977920
9977908
9977896
9977886
9977874
9977866
9977854
9977844
9977832
9977820
9977808
9977798
9977790
9977778
9977766
9977756
9977744
9977732
9977724
9977714
9977702
9977690
9977680
9977668
9977656
9977648
9977638
9977626
9977614
9977602
9977592
9977584
9977572
9977560
9977550
9977538
9977526
9977518
9977508
9977496
9977484
9977474
9977462
9977450
9977438
9977428
9977416
9977404
9977394
9977382
9977370
9977358
9977348
9977336
9977324
9977312
9977302
9977290
9977278
9977268
9977256
9977244
9977232
9977222
9977210
9977198
9977188
9977176
9977164
9977152
9977142
9977134
9977122
9977110
9977100
9977088
9977076
9977066
9977054
9977042
9977030
9977020
9977008
9976996
9976984
9976974
9976962
9976950
9976940
9976928
9976916
9976904
9976894
9976882
9976870
9976860
9976848
9976836
9976824
9976814
9976802
9976790
9976778
9976768
9976756
9976744
9976734
9976722
9976710
9976698
9976688
9976680
9976668
9976656
9976646
9976634
9976622
9976612
9976600
9976588
9976576
9976566
9976554
9976542
9976530
9976520
9976508
9976496
9976486
9976474
9976462
9976450
9976440
9976432
9976420
9976408
9976398
9976386
9976374
9976364
9976352
9976340
9976328
9976318
9976306
9976294
9976284
9976272
9976260
9976248
9976238
9976230
9976218
9976206
9976196
9976184
9976172
9976160
9976150
9976138
9976126
9976116
9976104
9976092
9976080
9976070
9976062
9976050
9976038
9976028
9976016
9976004
9975994
9975982
9975970
9975958
9975948
9975936
9975924
9975914
9975902
9975890
9975878
9975868
9975856
9975840
9975830
9975818
9975806
9975794
9975784
9975772
9975760
9975748
9975738
9975726
9975714
9975704
9975692
9975680
9975668
9975658
9975646
9975634
9975624
9975612
9975600
9975588
9975578
9975566
9975554
9975542
9975532
9975520
9975508
9975498
9975486
9975474
9975462
9975452
9975440
9975428
9975418
9975406
9975394
9975382
9975372
9975360
9975348
9975336
9975326
9975314
9975302
9975292
9975280
9975268
9975256
9975246
9975234
9975222
9975212
9975200
9975188
9975176
9975166
9975154
9975142
9975130
9975120
9975108
9975096
9975086
9975074
9975062
9975050
9975040
9975028
9975016
9975006
9974994
9974982
9974970
9974960
9974948
9974936
9974924
9974914
9974902
9974894
9974884
9974872
9974860
9974848
9974838
9974826
9974814
9974802
9974792
9974780
9974768
9974758
9974746
9974734
9974722
9974712
9974700
9974688
9974678
9974666
9974654
9974642
9974632
9974620
9974608
9974596
9974586
9974574
9974566
9974554
9974544
9974532
9974520
9974510
9974498
9974486
9974474
9974464
9974452
9974440
9974430
9974418
9974406
9974394
9974384
9974372
9974360
9974352
9974342
9974330
9974318
9974308
9974296
9974284
9974272
9974262
9974250
9974238
9974226
9974216
9974204
9974192
9974184
9974174
9974162
9974150
9974140
9974128
9974116
9974104
9974094
9974082
9974070
9974060
9974048
9974040
9974028
9974018
9974006
9973994
9973982
9973972
9973960
9973948
9973936
9973926
9973914
9973906
9973896
9973884
9973872
9973860
9973850
9973838
9973826
9973814
9973804
9973792
9973780
9973772
9973762
9973750
9973738
9973728
9973716
9973704
9973692
9973682
9973670
9973662
9973650
9973640
9973628
9973616
9973606
9973594
9973582
9973570
9973560
9973552
9973540
9973528
9973518
9973506
9973494
9973484
9973472
9973460
9973452
9973442
9973430
9973418
9973406
9973396
9973384
9973372
9973360
9973354
9973342
9973330
9973320
9973308
9973296
9973284
9973274
9973262
9973254
9973242
9973232
9973220
9973208
9973196
9973186
9973174
9973166
9973154
9973144
9973132
9973120
9973110
9973098
9973090
9973078
9973068
9973056
9973044
9973036
9973026
9973014
9973002
9972990
9972984
9972972
9972960
9972948
9972938
9972930
9972918
9972908
9972896
9972884
9972876
9972866
9972854
9972842
9972834
9972824
9972812
9972800
9972788
9972782
9972770
9972758
9972746
9972736
9972728
9972716
9972704
9972694
9972682
9972674
9972662
9972652
9972640
9972632
9972620
9972610
9972598
9972586
9972578
9972568
9972556
9972544
9972536
9972526
9972514
9972502
9972492
9972484
9972472
9972460
9972450
9972442
9972430
9972418
9972408
9972400
9972388
9972376
9972366
9972354
9972346
9972334
9972324
9972312
9972304
9972292
9972282
9972270
9972262
9972250
9972240
9972228
9972220
9972208
9972198
9972186
9972178
9972166
9972156
9972144
9972136
9972126
9972114
9972102
9972090
9972084
9972072
9972060
9972048
9972042
9972030
9972018
9972010
9972000
9971988
9971976
9971968
9971958
9971946
9971934
9971926
9971916
9971904
9971892
9971884
9971874
9971862
9971850
9971842
9971832
9971820
9971808
9971800
9971790
9971778
9971766
9971758
9971748
9971736
9971724
9971714
9971702
9971690
9971678
9971668
9971656
9971644
9971632
9971622
9971610
9971602
9971590
9971580
9971568
9971556
9971546
9971534
9971522
9971510
9971500
9971488
9971476
9971466
9971458
9971446
9971434
9971424
9971412
9971400
9971388
9971378
9971366
9971354
9971342
9971332
9971324
9971312
9971302
9971290
9971278
9971266
9971256
9971244
9971232
9971220
9971210
9971202
9971190
9971178
9971168
9971156
9971144
9971134
9971122
9971110
9971098
9971092
9971080
9971068
9971056
9971046
9971034
9971022
9971012
9971000
9970992
9970980
9970970
9970958
9970946
9970934
9970924
9970912
9970900
9970892
9970882
9970870
9970858
9970848
9970836
9970824
9970812
9970802
9970794
9970782
9970770
9970760
9970748
9970736
9970726
9970714
9970706
9970694
9970684
9970672
9970660
9970648
9970638
9970626
9970618
9970606
9970596
9970584
9970572
9970560
9970550
9970538
9970530
9970520
9970508
9970496
9970484
9970474
9970462
9970454
9970442
9970432
9970420
9970408
9970396
9970386
9970374
9970366
9970354
9970344
9970332
9970324
9970314
9970302
9970290
9970282
9970272
9970260
9970252
9970240
9970230
9970218
9970210
9970198
9970188
9970180
9970168
9970156
9970146
9970138
9970126
9970114
9970108
9970096
9970084
9970072
9970066
9970054
9970042
9970034
9970024
9970012
9970000
9969992
9969982
9969970
9969962
9969950
9969940
9969932
9969920
9969908
9969898
9969890
9969878
9969866
9969860
9969848
9969836
9969828
9969818
9969806
9969794
9969786
9969776
9969764
9969756
9969744
9969734
9969726
9969714
9969702
9969696
9969684
9969672
9969664
9969654
9969642
9969630
9969622
9969612
9969600
9969592
9969580
9969570
9969562
9969550
9969538
9969532
9969520
9969508
9969500
9969490
9969478
9969470
9969458
9969448
9969440
9969428
9969416
9969408
9969398
9969386
9969378
9969366
9969356
9969348
9969336
9969326
9969318
9969306
9969294
9969286
9969276
9969264
9969256
9969244
9969234
9969226
9969214
9969202
9969196
9969184
9969172
9969164
9969154
9969142
9969134
9969122
9969112
9969104
9969092
9969080
9969074
9969062
9969050
9969042
9969032
9969020
9969012
9969000
9968990
9968982
9968970
9968958
9968948
9968940
9968928
9968916
9968910
9968898
9968886
9968878
9968868
9968856
9968844
9968836
9968826
9968814
9968806
9968794
9968784
9968776
9968764
9968752
9968742
9968734
9968722
9968710
9968704
9968692
9968680
9968672
9968662
9968650
9968642
9968630
9968620
9968608
9968600
9968588
9968578
9968570
9968558
9968546
9968540
9968528
9968516
9968508
9968498
9968486
9968478
9968466
9968456
9968448
9968436
9968424
9968418
9968406
9968394
9968386
9968376
9968364
9968352
9968344
9968334
9968322
9968314
9968302
9968292
9968284
9968272
9968260
9968254
9968242
9968230
9968222
9968212
9968200
9968192
9968180
9968172
9968162
9968150
9968142
9968132
9968120
9968112
9968100
9968090
9968082
9968070
9968058
9968050
9968040
9968028
9968020
9968008
9967998
9967990
9967978
9967966
9967960
9967948
9967936
9967928
9967918
9967910
9967898
9967886
9967880
9967868
9967856
9967848
9967838
9967826
9967818
9967806
9967796
9967788
9967776
9967768
9967758
9967746
9967738
9967726
9967716
9967704
9967692
9967684
9967674
9967662
9967650
9967638
9967632
9967620
9967608
9967596
9967586
9967578
9967566
9967554
9967544
9967536
9967524
9967514
9967502
9967490
9967482
9967472
9967460
9967448
9967436
9967430
9967418
9967406
9967394
9967388
9967376
9967364
9967352
9967342
9967334
9967322
9967310
9967300
9967292
9967280
9967268
9967258
9967246
9967238
9967226
9967216
9967204
9967196
9967184
9967174
9967162
9967150
9967144
9967132
9967120
9967108
9967102
9967090
9967078
9967066
9967060
9967048
9967036
9967024
9967018
9967006
9966994
9966982
9966976
9966964
9966952
9966940
9966934
9966922
9966910
9966898
9966888
9966880
9966868
9966856
9966846
9966838
9966826
9966814
9966804
9966796
9966784
9966772
9966766
9966754
9966742
9966732
9966724
9966712
9966700
9966690
9966682
9966670
9966658
9966648
9966640
9966628
9966616
9966606
9966598
9966586
9966574
9966564
9966556
9966544
9966532
9966526
9966514
9966502
9966490
9966484
9966472
9966460
9966448
9966442
9966430
9966418
9966410
9966400
9966388
9966376
9966368
9966358
9966350
9966338
9966326
9966320
9966308
9966300
9966288
9966280
9966270
9966258
9966250
9966238
9966232
9966220
9966208
9966200
9966190
9966182
9966170
9966158
9966152
9966140
9966132
9966120
9966110
9966102
9966090
9966082
9966072
9966064
9966052
9966040
9966032
9966022
9966014
9966002
9965994
9965984
9965972
9965964
9965952
9965946
9965934
9965926
9965914
9965904
9965896
9965884
9965876
9965866
9965858
9965846
9965834
9965826
9965816
9965808
9965796
9965788
9965778
9965766
9965758
9965746
9965740
9965728
9965720
9965708
9965698
9965690
9965678
9965670
9965660
9965652
9965640
9965632
9965620
9965610
9965602
9965590
9965582
9965572
9965564
9965552
9965544
9965534
9965526
9965514
9965502
9965496
9965484
9965476
9965464
9965456
9965446
9965438
9965426
9965418
9965408
9965396
9965388
9965376
9965370
9965358
9965350
9965338
9965332
9965320
9965312
9965300
9965292
9965282
9965270
9965262
9965250
9965244
9965232
9965224
9965212
9965206
9965194
9965186
9965174
9965166
9965156
9965148
9965136
9965126
9965118
9965106
9965094
9965086
9965076
9965064
9965056
9965044
9965034
9965026
9965014
9965002
9964996
9964984
9964976
9964964
9964954
9964946
9964934
9964922
9964916
9964904
9964892
9964884
9964874
9964862
9964854
9964842
9964832
9964824
9964812
9964804
9964794
9964782
9964774
9964762
9964752
9964744
9964732
9964720
9964714
9964702
9964690
9964682
9964672
9964664
9964652
9964640
9964632
9964622
9964610
9964602
9964590
9964584
9964572
9964560
9964552
9964542
9964530
9964522
9964510
9964504
9964492
9964480
9964472
9964462
9964450
9964442
9964430
9964424
9964412
9964400
9964392
9964382
9964370
9964362
9964350
9964344
9964332
9964320
9964312
9964302
9964294
9964282
9964270
9964262
9964252
9964240
9964232
9964220
9964214
9964202
9964190
9964182
9964172
9964164
9964152
9964140
9964134
9964122
9964114
9964102
9964092
9964084
9964072
9964064
9964054
9964042
9964034
9964022
9964014
9964004
9963992
9963984
9963972
9963966
9963954
9963942
9963934
9963924
9963916
9963904
9963896
9963886
9963874
9963866
9963854
9963848
9963836
9963824
9963816
9963806
9963798
9963786
9963774
9963768
9963756
9963748
9963736
9963726
9963718
9963706
9963694
9963686
9963676
9963668
9963656
9963648
9963638
9963626
9963618
9963606
9963600
9963588
9963576
9963568
9963558
9963550
9963538
9963526
9963520
9963508
9963500
9963488
9963478
9963470
9963458
9963450
9963438
9963432
9963420
9963408
9963400
9963390
9963382
9963370
9963358
9963352
9963340
9963332
9963320
9963314
9963302
9963290
9963282
9963272
9963264
9963252
9963244
9963232
9963222
9963214
9963202
9963194
9963184
9963176
9963164
9963152
9963146
9963134
9963126
9963114
9963108
9963096
9963084
9963076
9963066
9963058
9963046
9963038
9963026
9963016
9963008
9962996
9962988
9962978
9962970
9962958
9962950
9962940
9962928
9962920
9962908
9962902
9962890
9962882
9962870
9962862
9962852
9962844
9962832
9962820
9962814
9962802
9962794
9962782
9962776
9962764
9962756
9962744
9962734
9962726
9962714
9962706
9962696
9962688
9962676
9962668
9962656
9962650
9962638
9962630
9962618
9962608
9962600
9962588
9962580
9962574
9962562
9962554
9962542
9962534
9962524
9962516
9962504
9962496
9962490
9962478
9962470
9962458
9962450
9962440
9962432
9962424
9962412
9962406
9962394
9962386
9962374
9962368
9962360
9962348
9962340
9962328
9962322
9962310
9962302
9962294
9962284
9962276
9962264
9962256
9962244
9962238
9962230
9962218
9962210
9962200
9962192
9962184
9962172
9962164
9962154
9962146
9962134
9962126
9962120
9962108
9962100
9962088
9962080
9962074
9962062
9962054
9962042
9962036
9962028
9962016
9962008
9961996
9961990
9961982
9961970
9961962
9961952
9961944
9961936
9961924
9961916
9961906
9961898
9961890
9961878
9961872
9961860
9961852
9961844
9961832
9961826
9961814
9961806
9961798
9961788
9961780
9961768
9961760
9961752
9961742
9961734
9961722
9961714
9961708
9961696
9961688
9961680
9961668
9961662
9961650
9961642
9961634
9961624
9961616
9961604
9961596
9961588
9961578
9961570
9961562
9961550
9961544
9961532
9961524
9961516
9961504
9961498
9961490
9961478
9961470
9961460
9961452
9961444
9961432
9961424
9961418
9961406
9961394
9961386
9961376
9961368
9961356
9961348
9961338
9961330
9961318
9961310
9961298
9961292
9961280
9961268
9961260
9961250
9961242
9961230
9961222
9961212
9961204
9961192
9961184
9961174
9961166
9961154
9961142
9961134
9961124
9961116
9961104
9961096
9961086
9961078
9961066
9961058
9961048
9961040
9961028
9961020
9961008
9961002
9960990
9960982
9960970
9960964
9960952
9960940
9960932
9960922
9960914
9960902
9960894
9960884
9960876
9960864
9960856
9960844
9960838
9960826
9960818
9960806
9960800
9960788
9960780
9960768
9960762
9960750
9960742
9960730
9960722
9960712
9960704
9960692
9960684
9960674
9960666
9960654
9960646
9960636
9960628
9960616
9960608
9960596
9960590
9960578
9960570
9960558
9960552
9960540
9960532
9960520
9960514
9960502
9960494
9960482
9960474
9960464
9960456
9960444
9960436
9960426
9960418
9960406
9960398
9960388
9960380
9960368
9960360
9960350
9960342
9960330
9960322
9960314
9960304
9960296
9960284
9960276
9960266
9960258
9960246
9960238
9960226
9960220
9960208
9960200
9960188
9960182
9960174
9960162
9960154
9960146
9960136
9960128
9960120
9960108
9960102
9960094
9960082
9960074
9960066
9960056
9960048
9960040
9960028
9960020
9960014
9960002
9959994
9959986
9959980
9959968
9959960
9959952
9959940
9959934
9959926
9959914
9959906
9959898
9959888
9959880
9959872
9959860
9959854
9959846
9959838
9959826
9959818
9959812
9959800
9959792
9959784
9959774
9959766
9959758
9959746
9959738
9959732
9959724
9959712
9959704
9959696
9959686
9959678
9959670
9959658
9959650
9959644
9959636
9959624
9959616
9959608
9959598
9959590
9959582
9959574
9959564
9959556
9959548
9959536
9959528
9959522
9959510
9959502
9959494
9959486
9959476
9959468
9959460
9959448
9959442
9959434
9959426
9959414
9959406
9959400
9959388
9959380
9959372
9959364
9959354
9959346
9959338
9959330
9959320
9959312
9959304
9959292
9959284
9959278
9959270
9959258
9959250
9959242
9959236
9959224
9959216
9959208
9959196
9959190
9959182
9959174
9959162
9959156
9959148
9959140
9959128
9959120
9959114
9959106
9959094
9959086
9959078
9959068
9959060
9959052
9959044
9959032
9959026
9959018
9959006
9958998
9958992
9958980
9958972
9958964
9958952
9958946
9958938
9958926
9958918
9958910
9958900
9958892
9958884
9958872
9958866
9958858
9958850
9958838
9958830
9958824
9958812
9958804
9958796
9958786
9958778
9958770
9958758
9958750
9958744
9958736
9958724
9958716
9958708
9958698
9958690
9958682
9958670
9958662
9958656
9958648
9958636
9958628
9958620
9958610
9958602
9958594
9958582
9958576
9958568
9958560
9958548
9958540
9958534
9958522
9958514
9958506
9958498
9958488
9958480
9958472
9958460
9958454
9958446
9958438
9958426
9958418
9958412
9958400
9958392
9958384
9958376
9958366
9958358
9958350
9958338
9958332
9958324
9958316
9958304
9958296
9958290
9958278
9958270
9958262
9958254
9958244
9958236
9958228
9958220
9958208
9958202
9958194
9958182
9958174
9958168
9958160
9958148
9958140
9958132
9958126
9958114
9958106
9958098
9958090
9958080
9958072
9958064
9958056
9958044
9958038
9958030
9958018
9958010
9958002
9957996
9957984
9957976
9957968
9957962
9957950
9957942
9957934
9957922
9957916
9957908
9957896
9957888
9957880
9957870
9957862
9957854
9957842
9957836
9957828
9957816
9957808
9957798
9957790
9957782
9957770
9957762
9957756
9957744
9957736
9957728
9957716
9957710
9957702
9957690
9957682
9957674
9957664
9957656
9957648
9957636
9957630
9957622
9957610
9957602
9957594
9957584
9957576
9957568
9957556
9957550
9957542
9957530
9957522
9957514
9957504
9957496
9957488
9957476
9957468
9957462
9957450
9957442
9957434
9957424
9957416
9957408
9957400
9957388
9957382
9957374
9957362
9957354
9957346
9957336
9957328
9957320
9957308
9957302
9957294
9957282
9957274
9957266
9957256
9957248
9957240
9957232
9957220
9957214
9957206
9957194
9957186
9957180
9957168
9957160
9957152
9957140
9957134
9957126
9957118
9957106
9957098
9957092
9957080
9957072
9957064
9957054
9957046
9957038
9957030
9957018
9957012
9957004
9956992
9956984
9956976
9956966
9956958
9956950
9956942
9956932
9956924
9956916
9956904
9956896
9956890
9956882
9956870
9956862
9956854
9956844
9956836
9956828
9956820
9956808
9956802
9956794
9956786
9956778
9956768
9956760
9956752
9956744
9956736
9956726
9956718
9956710
9956702
9956694
9956686
9956676
9956668
9956660
9956652
9956644
9956634
9956626
9956618
9956610
9956604
9956592
9956584
9956576
9956568
9956562
9956554
9956542
9956534
9956526
9956520
9956512
9956504
9956492
9956484
9956478
9956470
9956462
9956450
9956442
9956436
9956428
9956420
9956412
9956400
9956394
9956386
9956378
9956370
9956362
9956352
9956344
9956336
9956328
9956320
9956314
9956302
9956294
9956286
9956278
9956272
9956264
9956252
9956244
9956236
9956230
9956222
9956214
9956206
9956194
9956188
9956180
9956172
9956164
9956156
9956146
9956138
9956130
9956122
9956114
9956108
9956100
9956088
9956080
9956072
9956066
9956058
9956050
9956042
9956030
9956024
9956016
9956008
9956000
9955992
9955986
9955974
9955966
9955958
9955950
9955944
9955936
9955928
9955916
9955908
9955902
9955894
9955886
9955878
9955870
9955860
9955852
9955844
9955836
9955828
9955820
9955814
9955806
9955794
9955786
9955780
9955772
9955764
9955756
9955748
9955740
9955730
9955722
9955714
9955706
9955698
9955692
9955684
9955676
9955668
9955660
9955650
9955642
9955634
9955626
9955618
9955612
9955604
9955596
9955588
9955580
9955570
9955562
9955554
9955546
9955538
9955532
9955524
9955516
9955508
9955500
9955492
9955482
9955474
9955466
9955458
9955450
9955444
9955436
9955428
9955420
9955412
9955406
9955394
9955386
9955378
9955370
9955364
9955356
9955348
9955340
9955332
9955326
9955318
9955310
9955302
9955290
9955284
9955276
9955268
9955260
9955252
9955244
9955238
9955230
9955222
9955214
9955206
9955200
9955188
9955180
9955172
9955164
9955158
9955150
9955142
9955134
9955126
9955120
9955112
9955104
9955096
9955088
9955080
9955070
9955062
9955054
9955046
9955038
9955032
9955024
9955016
9955008
9955000
9954994
9954986
9954978
9954970
9954962
9954956
9954948
9954940
9954928
9954920
9954914
9954906
9954898
9954890
9954882
9954874
9954868
9954860
9954852
9954844
9954836
9954830
9954822
9954814
9954806
9954798
9954792
9954784
9954772
9954764
9954756
9954750
9954742
9954734
9954726
9954718
9954710
9954700
9954692
9954684
9954676
9954668
9954662
9954654
9954642
9954634
9954626
9954620
9954612
9954604
9954592
9954586
9954578
9954570
9954562
9954554
9954546
9954536
9954528
9954520
9954512
9954504
9954498
9954490
9954482
9954470
9954462
9954456
9954448
9954440
9954432
9954424
9954414
9954406
9954398
9954390
9954382
9954376
9954368
9954356
9954348
9954340
9954334
9954326
9954318
9954310
9954302
9954292
9954284
9954276
9954268
9954260
9954254
9954246
9954238
9954226
9954218
9954212
9954204
9954196
9954188
9954180
9954174
9954162
9954154
9954146
9954138
9954132
9954124
9954116
9954108
9954100
9954090
9954082
9954074
9954066
9954058
9954050
9954044
9954036
9954028
9954016
9954010
9954002
9953994
9953986
9953978
9953970
9953964
9953956
9953944
9953936
9953928
9953922
9953914
9953906
9953898
9953890
9953884
9953876
9953864
9953856
9953848
9953842
9953834
9953826
9953818
9953810
9953804
9953796
9953788
9953776
9953768
9953762
9953754
9953746
9953738
9953730
9953722
9953716
9953708
9953700
9953692
9953680
9953674
9953666
9953658
9953650
9953642
9953636
9953628
9953620
9953612
9953604
9953598
9953590
9953582
9953574
9953566
9953558
9953552
9953544
9953536
9953528
9953520
9953510
9953502
9953494
9953486
9953478
9953472
9953464
9953456
9953448
9953440
9953432
9953426
9953418
9953410
9953402
9953394
9953388
9953380
9953372
9953364
9953356
9953350
9953342
9953334
9953326
9953318
9953310
9953304
9953296
9953288
9953276
9953268
9953262
9953254
9953246
9953238
9953230
9953224
9953216
9953208
9953200
9953192
9953186
9953178
9953170
9953162
9953154
9953146
9953140
9953132
9953124
9953116
9953108
9953102
9953094
9953086
9953078
9953070
9953062
9953056
9953048
9953040
9953032
9953024
9953018
9953010
9953002
9952994
9952986
9952980
9952972
9952964
9952956
9952948
9952940
9952934
9952926
9952918
9952910
9952902
9952896
9952888
9952880
9952872
9952864
9952856
9952850
9952842
9952834
9952826
9952818
9952812
9952804
9952796
9952788
9952780
9952774
9952766
9952758
9952750
9952742
9952734
9952728
9952720
9952712
9952704
9952696
9952690
9952682
9952678
9952670
9952662
9952654
9952648
9952640
9952632
9952624
9952616
9952610
9952602
9952594
9952590
9952582
9952574
9952568
9952560
9952552
9952544
9952536
9952528
9952522
9952514
9952506
9952502
9952494
9952486
9952480
9952472
9952464
9952456
9952448
9952442
9952434
9952426
9952422
9952414
9952406
9952400
9952392
9952384
9952376
9952368
9952362
9952354
9952350
9952342
9952334
9952326
9952320
9952312
9952304
9952296
9952288
9952284
9952278
9952270
9952262
9952254
9952246
9952238
9952232
9952224
9952216
9952212
9952204
9952198
9952190
9952182
9952174
9952166
9952158
9952156
9952148
9952140
9952132
9952124
9952116
9952110
9952102
9952094
9952090
9952082
9952074
9952068
9952060
9952052
9952044
9952036
9952032
9952026
9952018
9952010
9952002
9951994
9951988
9951980
9951976
9951968
9951960
9951952
9951946
9951938
9951930
9951922
9951918
9951910
9951904
9951896
9951888
9951880
9951872
9951868
9951862
9951854
9951846
9951838
9951830
9951824
9951816
9951812
9951804
9951796
9951788
9951782
9951774
9951766
9951758
9951750
9951744
9951740
9951732
9951724
9951716
9951708
9951702
9951694
9951686
9951678
9951670
9951662
9951656
9951652
9951644
9951636
9951628
9951622
9951614
9951606
9951598
9951590
9951582
9951580
9951572
9951564
9951556
9951548
9951540
9951534
9951526
9951518
9951510
9951502
9951498
9951492
9951484
9951476
9951468
9951460
9951454
9951446
9951438
9951434
9951426
9951418
9951412
9951404
9951396
9951388
9951380
9951374
9951366
9951362
9951354
9951346
9951338
9951332
9951324
9951316
9951308
9951300
9951296
9951290
9951282
9951274
9951266
9951258
9951250
9951244
9951240
9951232
9951224
9951216
9951210
9951202
9951194
9951186
9951178
9951174
9951168
9951160
9951152
9951144
9951136
9951128
9951122
9951118
9951110
9951102
9951094
9951086
9951080
9951072
9951068
9951060
9951052
9951044
9951038
9951030
9951022
9951014
9951010
9951004
9950996
9950988
9950980
9950972
9950964
9950962
9950954
9950946
9950938
9950930
9950922
9950916
9950908
9950904
9950896
9950888
9950880
9950874
9950870
9950862
9950854
9950846
9950842
9950836
9950828
9950824
9950816
9950808
9950800
9950798
9950790
9950782
9950778
9950770
9950762
9950758
9950752
9950744
9950740
9950732
9950724
9950716
9950714
9950706
9950698
9950694
9950686
9950678
9950674
9950668
9950660
9950656
9950648
9950640
9950634
9950630
9950622
9950614
9950610
9950602
9950594
9950592
9950584
9950576
9950572
9950564
9950556
9950552
9950546
9950538
9950534
9950526
9950518
9950510
9950508
9950500
9950492
9950488
9950480
9950472
9950468
9950462
9950454
9950450
9950442
9950434
9950430
9950424
9950416
9950412
9950404
9950396
9950392
9950386
9950378
9950374
9950366
9950358
9950354
9950346
9950340
9950336
9950328
9950320
9950316
9950308
9950302
9950298
9950290
9950282
9950278
9950270
9950262
9950260
9950252
9950244
9950240
9950232
9950224
9950222
9950214
9950206
9950202
9950194
9950186
9950182
9950176
9950172
9950164
9950156
9950152
9950144
9950138
9950134
9950126
9950118
9950114
9950106
9950098
9950096
9950088
9950080
9950076
9950068
9950060
9950056
9950050
9950042
9950034
9950026
9950022
9950016
9950008
9950000
9949992
9949984
9949980
9949974
9949966
9949958
9949950
9949942
9949938
9949932
9949924
9949916
9949908
9949900
9949896
9949890
9949882
9949874
9949866
9949858
9949854
9949848
9949840
9949832
9949824
9949816
9949812
9949806
9949798
9949790
9949782
9949774
9949770
9949764
9949756
9949748
9949740
9949732
9949728
9949722
9949714
9949706
9949698
9949694
9949686
9949680
9949672
9949664
9949656
9949652
9949644
9949638
9949630
9949622
9949618
9949610
9949604
9949596
9949588
9949584
9949576
9949568
9949562
9949554
9949546
9949542
9949534
9949526
9949520
9949512
9949508
9949500
9949492
9949484
9949478
9949474
9949466
9949458
9949450
9949442
9949440
9949432
9949424
9949416
9949408
9949404
9949398
9949390
9949382
9949374
9949370
9949362
9949356
9949348
9949340
9949336
9949328
9949320
9949314
9949306
9949302
9949294
9949286
9949278
9949272
9949268
9949260
9949252
9949244
9949240
9949234
9949226
9949218
9949210
9949206
9949198
9949192
9949184
9949176
9949172
9949164
9949156
9949152
9949146
9949138
9949134
9949126
9949118
9949114
9949108
9949104
9949096
9949088
9949084
9949076
9949068
9949066
9949058
9949050
9949046
9949038
9949030
9949028
9949020
9949016
9949008
9949000
9948996
9948988
9948982
9948978
9948970
9948962
9948958
9948950
9948944
9948940
9948932
9948928
9948920
9948912
9948908
9948902
9948894
9948890
9948882
9948878
9948870
9948862
9948860
9948852
9948844
9948840
9948832
9948824
9948822
9948814
9948810
9948802
9948794
9948790
9948782
9948776
9948772
9948764
9948760
9948752
9948744
9948740
9948734
9948730
9948722
9948714
9948710
9948702
9948696
9948692
9948684
9948680
9948672
9948664
9948660
9948654
9948646
9948642
9948634
9948630
9948622
9948616
9948612
9948604
9948600
9948592
9948584
9948580
9948574
9948570
9948562
9948554
9948550
9948542
9948538
9948532
9948524
9948520
9948512
9948504
9948500
9948492
9948490
9948482
9948474
9948470
9948462
9948458
9948450
9948444
9948440
9948432
9948428
9948420
9948412
9948410
9948402
9948398
9948390
9948386
9948378
9948370
9948368
9948360
9948352
9948348
9948340
9948332
9948328
9948322
9948314
9948310
9948302
9948298
9948290
9948284
9948280
9948272
9948264
9948260
9948252
9948246
9948242
9948234
9948230
9948222
9948214
9948210
9948204
9948196
9948192
9948184
9948176
9948172
9948164
9948162
9948154
9948146
9948142
9948134
9948126
9948122
9948116
9948112
9948104
9948096
9948092
9948084
9948078
9948074
9948066
9948062
9948054
9948046
9948042
9948036
9948028
9948024
9948016
9948012
9948004
9947998
9947994
9947986
9947978
9947974
9947966
9947962
9947956
9947948
9947944
9947936
9947932
9947924
9947916
9947914
9947906
9947898
9947894
9947886
9947882
9947874
9947868
9947864
9947856
9947852
9947844
9947836
9947834
9947826
9947822
9947814
9947806
9947802
9947794
9947792
9947784
9947776
9947772
9947764
9947760
9947752
9947746
9947742
9947734
9947730
9947722
9947714
9947710
9947704
9947700
9947692
9947684
9947680
9947672
9947668
9947662
9947654
9947650
9947642
9947638
9947630
9947624
9947620
9947612
9947608
9947600
9947592
9947588
9947582
9947578
9947574
9947566
9947562
9947554
9947550
9947544
9947540
9947536
9947528
9947524
9947516
9947512
9947508
9947502
9947498
9947490
9947486
9947478
9947474
9947470
9947462
9947460
9947452
9947448
9947440
9947436
9947432
9947424
9947422
9947414
9947410
9947406
9947398
9947394
9947386
9947382
9947380
9947372
9947368
9947360
9947356
9947348
9947344
9947340
9947334
9947330
9947322
9947318
9947314
9947306
9947302
9947296
9947292
9947288
9947280
9947276
9947268
9947264
9947260
9947254
9947250
9947242
9947238
9947234
9947226
9947222
9947216
9947212
9947208
9947200
9947196
9947188
9947184
9947180
9947174
9947170
9947162
9947158
9947154
9947146
9947142
9947134
9947132
9947128
9947120
9947116
9947112
9947104
9947100
9947092
9947090
9947086
9947078
9947074
9947066
9947062
9947058
9947052
9947048
9947040
9947036
9947032
9947024
9947020
9947016
9947010
9947006
9946998
9946994
9946990
9946982
9946978
9946974
9946968
9946964
9946956
9946952
9946948
9946940
9946936
9946932
9946926
9946922
9946914
9946910
9946906
9946898
9946890
9946886
9946880
9946876
9946868
9946860
9946856
9946848
9946846
9946838
9946830
9946826
9946818
9946814
9946806
9946804
9946796
9946788
9946784
9946776
9946772
9946764
9946758
9946754
9946746
9946742
9946734
9946726
9946722
9946716
9946712
9946704
9946700
9946692
9946684
9946680
9946674
9946670
9946662
9946654
9946650
9946642
9946640
9946632
9946628
9946620
9946612
9946608
9946600
9946598
9946590
9946582
9946578
9946570
9946566
9946558
9946556
9946548
9946540
9946536
9946528
9946524
9946516
9946514
9946506
9946498
9946494
9946486
9946482
9946474
9946472
9946464
9946456
9946452
9946444
9946440
9946434
9946430
9946422
9946418
9946410
9946402
9946398
9946392
9946388
9946380
9946376
9946368
9946360
9946356
9946350
9946346
9946338
9946334
9946326
9946322
9946314
9946308
9946304
9946296
9946292
9946284
9946280
9946272
9946268
9946262
9946254
9946250
9946242
9946238
9946230
9946228
9946220
9946216
9946208
9946204
9946196
9946188
9946186
9946178
9946174
9946166
9946162
9946154
9946150
9946144
9946140
9946132
9946128
9946124
9946116
9946112
9946108
9946102
9946098
9946094
9946086
9946082
9946078
9946074
9946066
9946062
9946060
9946052
9946048
9946044
9946036
9946032
9946028
9946022
9946018
9946014
9946010
9946002
9945998
9945994
9945986
9945982
9945980
9945972
9945968
9945964
9945960
9945952
9945948
9945944
9945938
9945934
9945930
9945926
9945918
9945914
9945910
9945902
9945898
9945896
9945888
9945884
9945880
9945876
9945868
9945864
9945860
9945854
9945850
9945846
9945842
9945834
9945830
9945826
9945818
9945816
9945812
9945808
9945800
9945796
9945792
9945784
9945780
9945776
9945774
9945766
9945762
9945758
9945750
9945746
9945742
9945738
9945732
9945728
9945724
9945720
9945712
9945708
9945704
9945696
9945692
9945690
9945686
9945678
9945674
9945670
9945662
9945658
9945654
9945652
9945644
9945640
9945636
9945632
9945624
9945620
9945616
9945612
9945606
9945602
9945598
9945590
9945586
9945582
9945578
9945570
9945568
9945564
9945560
9945552
9945548
9945544
9945540
9945532
9945528
9945526
9945518
9945514
9945510
9945506
9945498
9945494
9945486
9945484
9945476
9945472
9945468
9945460
9945456
9945448
9945446
9945442
9945434
9945430
9945422
9945418
9945414
9945406
9945404
9945396
9945392
9945388
9945380
9945376
9945368
9945364
9945358
9945354
9945350
9945342
9945338
9945330
9945326
9945322
9945316
9945312
9945304
9945300
9945296
9945288
9945284
9945278
9945274
9945270
9945262
9945258
9945250
9945246
9945242
9945236
9945232
9945228
9945220
9945216
9945208
9945204
9945200
9945194
9945190
9945182
9945178
9945174
9945166
9945162
9945156
9945152
9945148
9945140
9945136
9945128
9945124
9945120
9945114
9945110
9945106
9945098
9945094
9945086
9945082
9945078
9945072
9945068
9945064
9945056
9945052
9945044
9945040
9945036
9945030
9945026
9945018
9945014
9945010
9945002
9944998
9944994
9944988
9944984
9944976
9944972
9944968
9944960
9944956
9944952
9944946
9944942
9944938
9944930
9944926
9944918
9944914
9944910
9944904
9944900
9944896
9944888
9944884
9944876
9944872
9944868
9944862
9944858
9944854
9944846
9944842
9944838
9944830
9944828
9944824
9944820
9944816
9944812
9944808
9944804
9944800
9944792
9944788
9944786
9944782
9944778
9944774
9944770
9944766
9944762
9944758
9944754
9944750
9944746
9944744
9944740
9944736
9944732
9944728
9944724
9944720
9944716
9944712
9944708
9944704
9944702
9944698
9944694
9944686
9944682
9944678
9944674
9944670
9944666
9944664
9944660
9944656
9944652
9944648
9944644
9944640
9944636
9944632
9944628
9944624
9944622
9944618
9944614
9944610
9944606
9944602
9944598
9944594
9944590
9944586
9944582
9944580
9944576
9944572
9944568
9944564
9944560
9944556
9944552
9944548
9944544
9944540
9944538
9944534
9944526
9944522
9944518
9944514
9944510
9944506
9944502
9944498
9944496
9944492
9944488
9944484
9944480
9944476
9944472
9944468
9944464
9944460
9944458
9944454
9944450
9944446
9944442
9944438
9944434
9944430
9944426
9944422
9944418
9944416
9944412
9944408
9944404
9944400
9944396
9944392
9944388
9944384
9944380
9944376
9944374
9944370
9944366
9944362
9944358
9944354
9944350
9944346
9944342
9944338
9944334
9944332
9944328
9944324
9944320
9944312
9944308
9944304
9944300
9944292
9944290
9944286
9944282
9944278
9944270
9944266
9944262
9944258
9944252
9944248
9944244
9944240
9944232
9944228
9944224
9944220
9944216
9944210
9944206
9944202
9944198
9944190
9944186
9944182
9944178
9944170
9944168
9944164
9944160
9944156
9944148
9944144
9944140
9944136
9944128
9944126
9944122
9944118
9944114
9944106
9944102
9944098
9944094
9944090
9944084
9944080
9944076
9944072
9944064
9944060
9944056
9944052
9944048
9944042
9944038
9944034
9944030
9944026
9944018
9944014
9944010
9944006
9944000
9943996
9943992
9943988
9943984
9943976
9943972
9943968
9943964
9943962
9943954
9943950
9943946
9943942
9943938
9943930
9943926
9943922
9943920
9943916
9943908
9943904
9943900
9943896
9943892
9943884
9943880
9943878
9943874
9943870
9943862
9943858
9943854
9943850
9943846
9943840
9943836
9943832
9943828
9943824
9943816
9943812
9943808
9943804
9943800
9943794
9943790
9943786
9943782
9943778
9943770
9943766
9943762
9943758
9943756
9943752
9943744
9943740
9943736
9943732
9943728
9943724
9943720
9943716
9943714
9943710
9943706
9943702
9943698
9943694
9943690
9943686
9943682
9943678
9943674
9943672
9943668
9943664
9943660
9943656
9943652
9943648
9943644
9943640
9943636
9943634
9943630
9943626
9943622
9943618
9943614
9943610
9943606
9943602
9943598
9943594
9943592
9943588
9943584
9943580
9943576
9943572
9943568
9943564
9943560
9943556
9943552
9943550
9943546
9943542
9943538
9943534
9943530
9943526
9943522
9943518
9943514
9943510
9943508
9943504
9943500
9943496
9943492
9943492
9943488
9943484
9943480
9943476
9943472
9943470
9943466
9943462
9943458
9943454
9943450
9943446
9943442
9943438
9943434
9943430
9943428
9943424
9943420
9943416
9943412
9943408
9943404
9943400
9943396
9943392
9943388
9943386
9943382
9943378
9943374
9943370
9943366
9943362
9943358
9943354
9943354
9943350
9943346
9943344
9943340
9943336
9943332
9943328
9943324
9943320
9943316
9943312
9943308
9943304
9943302
9943298
9943294
9943290
9943286
9943282
9943278
9943274
9943270
9943266
9943264
9943260
9943260
9943252
9943248
9943244
9943240
9943236
9943232
9943228
9943224
9943222
9943218
9943214
9943206
9943202
9943198
9943194
9943190
9943186
9943182
9943180
9943176
9943172
9943168
9943164
9943156
9943152
9943148
9943144
9943140
9943138
9943134
9943130
9943126
9943122
9943118
9943114
9943106
9943102
9943098
9943096
9943092
9943088
9943084
9943080
9943076
9943072
9943068
9943064
9943060
9943054
9943050
9943046
9943042
9943038
9943034
9943030
9943026
9943022
9943018
9943016
9943012
9943008
9943004
9943000
9942992
9942988
9942984
9942980
9942976
9942974
9942970
9942966
9942962
9942958
9942954
9942950
9942946
9942942
9942938
9942932
9942928
9942924
9942920
9942916
9942912
9942908
9942904
9942900
9942896
9942892
9942890
9942886
9942882
9942878
9942874
9942870
9942862
9942858
9942854
9942852
9942848
9942844
9942840
9942836
9942832
9942828
9942824
9942820
9942816
9942812
9942810
9942806
9942802
9942798
9942794
9942786
9942782
9942778
9942774
9942770
9942768
9942764
9942760
9942756
9942752
9942748
9942744
9942740
9942736
9942732
9942728
9942728
9942726
9942722
9942718
9942718
9942714
9942710
9942710
9942706
9942702
9942698
9942698
9942694
9942690
9942686
9942686
9942684
9942680
9942680
9942676
9942672
9942668
9942668
9942664
9942660
9942656
9942656
9942652
9942648
9942648
9942646
9942642
9942638
9942638
9942634
9942630
9942626
9942626
9942622
9942618
9942618
9942614
9942610
9942606
9942606
9942604
9942600
9942600
9942596
9942592
9942588
9942588
9942584
9942580
9942576
9942576
9942572
9942568
9942568
9942564
9942562
9942558
9942558
9942554
9942550
9942550
9942546
9942542
9942538
9942538
9942534
9942530
9942530
9942526
9942522
9942520
9942520
9942516
9942512
9942512
9942508
9942504
9942504
9942500
9942496
9942492
9942492
9942488
9942484
9942484
9942480
9942478
9942474
9942474
9942470
9942466
9942466
9942462
9942458
9942458
9942454
9942450
9942446
9942446
9942442
9942440
9942440
9942436
9942432
9942432
9942428
9942424
9942420
9942420
9942416
9942412
9942412
9942408
9942404
9942404
9942400
9942398
9942394
9942394
9942390
9942386
9942382
9942378
9942374
9942370
9942366
9942362
9942358
9942356
9942352
9942348
9942344
9942340
9942336
9942332
9942328
9942324
9942320
9942314
9942310
9942306
9942302
9942298
9942294
9942290
9942286
9942282
9942278
9942276
9942272
9942268
9942264
9942260
9942256
9942252
9942248
9942244
9942240
9942236
9942234
9942230
9942222
9942218
9942214
9942210
9942206
9942202
9942198
9942194
9942192
9942188
9942184
9942180
9942176
9942172
9942168
9942164
9942160
9942156
9942152
9942150
9942146
9942142
9942138
9942134
9942130
9942126
9942122
9942118
9942114
9942110
9942104
9942100
9942096
9942092
9942088
9942084
9942080
9942076
9942072
9942070
9942066
9942062
9942058
9942054
9942050
9942046
9942042
9942038
9942034
9942030
9942028
9942024
9942020
9942016
9942012
9942008
9942004
9942000
9941996
9941992
9941988
9941986
9941982
9941978
9941974
9941970
9941966
9941962
9941958
9941954
9941950
9941946
9941944
9941940
9941936
9941932
9941928
9941924
9941920
9941916
9941912
9941908
9941904
9941902
9941898
9941894
9941890
9941886
9941882
9941878
9941878
9941874
9941874
9941870
9941866
9941866
9941864
9941864
9941860
9941856
9941856
9941852
9941852
9941848
9941848
9941844
9941840
9941840
9941836
9941836
9941832
9941828
9941828
9941824
9941824
9941822
9941822
9941818
9941814
9941814
9941810
9941810
9941806
9941806
9941802
9941798
9941798
9941794
9941794
9941790
9941786
9941786
9941782
9941782
9941780
9941780
9941776
9941772
9941772
9941768
9941768
9941764
9941764
9941760
9941756
9941756
9941752
9941752
9941748
9941748
9941744
9941740
9941740
9941738
9941738
9941734
9941734
9941730
9941726
9941726
9941722
9941722
9941718
9941718
9941714
9941710
9941710
9941706
9941706
9941702
9941702
9941698
9941698
9941696
9941692
9941692
9941688
9941688
9941684
9941684
9941680
9941676
9941676
9941672
9941672
9941668
9941668
9941664
9941664
9941660
9941658
9941658
9941654
9941654
9941650
9941650
9941646
9941646
9941642
9941638
9941638
9941634
9941634
9941630
9941630
9941626
9941626
9941622
9941618
9941618
9941616
9941616
9941612
9941612
9941608
9941608
9941604
9941600
9941600
9941596
9941592
9941592
9941588
9941584
9941580
9941580
9941576
9941574
9941574
9941570
9941566
9941566
9941562
9941558
9941558
9941554
9941550
9941550
9941546
9941542
9941542
9941538
9941534
9941534
9941532
9941528
9941528
9941524
9941520
9941520
9941516
9941512
9941512
9941508
9941504
9941504
9941500
9941496
9941496
9941492
9941490
9941490
9941486
9941482
9941482
9941478
9941474
9941474
9941470
9941466
9941466
9941462
9941458
9941458
9941454
9941452
9941452
9941448
9941444
9941444
9941440
9941436
9941436
9941432
9941432
9941428
9941424
9941424
9941420
9941416
9941416
9941412
9941410
9941410
9941406
9941402
9941402
9941398
9941394
9941394
9941390
9941386
9941386
9941382
9941378
9941378
9941374
9941370
9941370
9941368
9941368
9941364
9941360
9941360
9941356
9941352
9941352
9941348
9941344
9941344
9941340
9941336
9941336
9941332
9941328
9941328
9941326
9941326
9941322
9941318
9941318
9941314
9941310
9941310
9941306
9941302
9941302
9941298
9941294
9941294
9941290
9941290
9941286
9941284
9941284
9941280
9941280
9941276
9941276
9941272
9941272
9941268
9941268
9941264
9941264
9941260
9941260
9941256
9941256
9941252
9941252
9941248
9941248
9941246
9941246
9941246
9941242
9941242
9941238
9941238
9941234
9941234
9941230
9941230
9941226
9941226
9941222
9941222
9941218
9941218
9941214
9941214
9941210
9941210
9941206
9941206
9941204
9941204
9941200
9941200
9941196
9941196
9941192
9941192
9941192
9941188
9941188
9941184
9941184
9941180
9941180
9941176
9941176
9941172
9941172
9941168
9941168
9941164
9941164
9941162
9941162
9941158
9941158
9941154
9941154
9941154
9941150
9941150
9941146
9941146
9941142
9941142
9941138
9941138
9941134
9941134
9941130
9941130
9941126
9941126
9941122
9941122
9941122
9941120
9941120
9941116
9941116
9941112
9941112
9941108
9941108
9941104
9941104
9941100
9941100
9941100
9941096
9941096
9941092
9941092
9941088
9941088
9941084
9941084
9941082
9941082
9941078
9941078
9941078
9941074
9941074
9941070
9941070
9941066
9941066
9941062
9941062
9941058
9941058
9941054
9941054
9941054
9941050
9941046
9941046
9941042
9941040
9941040
9941036
9941032
9941032
9941028
9941024
9941024
9941020
9941016
9941016
9941012
9941008
9941008
9941004
9941000
9941000
9940998
9940994
9940994
9940990
9940986
9940986
9940982
9940978
9940978
9940974
9940970
9940970
9940966
9940962
9940962
9940958
9940956
9940956
9940952
9940948
9940948
9940944
9940940
9940940
9940936
9940932
9940932
9940928
9940924
9940924
9940920
9940916
9940916
9940914
9940910
9940910
9940906
9940906
9940902
9940898
9940898
9940894
9940890
9940890
9940886
9940882
9940882
9940878
9940876
9940876
9940872
9940868
9940868
9940864
9940860
9940860
9940856
9940856
9940852
9940848
9940848
9940844
9940840
9940840
9940836
9940834
9940834
9940830
9940826
9940826
9940822
9940822
9940818
9940814
9940814
9940810
9940806
9940806
9940802
9940798
9940798
9940794
9940792
9940792
9940788
9940788
9940784
9940780
9940780
9940776
9940772
9940772
9940768
9940764
9940764
9940760
9940760
9940756
9940752
9940752
9940750
9940746
9940746
9940742
9940738
9940738
9940734
9940734
9940730
9940730
9940730
9940730
9940726
9940726
9940726
9940726
9940722
9940722
9940722
9940722
9940718
9940718
9940718
9940718
9940714
9940714
9940714
9940714
9940710
9940710
9940710
9940710
9940710
9940708
9940708
9940708
9940708
9940704
9940704
9940704
9940704
9940700
9940700
9940700
9940700
9940696
9940696
9940696
9940696
9940692
9940692
9940692
9940692
9940692
9940688
9940688
9940688
9940688
9940684
9940684
9940684
9940684
9940680
9940680
9940680
9940680
9940676
9940676
9940676
9940676
9940676
9940672
9940672
9940672
9940672
9940670
9940670
9940670
9940670
9940666
9940666
9940666
9940666
9940666
9940662
9940662
9940662
9940662
9940658
9940658
9940658
9940658
9940658
9940654
9940654
9940654
9940654
9940650
9940650
9940650
9940650
9940650
9940646
9940646
9940646
9940646
9940642
9940642
9940642
9940642
9940642
9940638
9940638
9940638
9940638
9940634
9940634
9940634
9940634
9940634
9940630
9940630
9940630
9940630
9940628
9940628
9940628
9940628
9940628
9940624
9940624
9940624
9940624
9940620
9940620
9940620
9940620
9940616
9940616
9940612
9940612
9940608
9940608
9940608
9940604
9940604
9940600
9940600
9940596
9940596
9940592
9940592
9940592
9940588
9940588
9940586
9940586
9940582
9940582
9940582
9940578
9940578
9940574
9940574
9940570
9940570
9940570
9940566
9940566
9940562
9940562
9940558
9940558
9940558
9940554
9940554
9940550
9940550
9940546
9940546
9940546
9940544
9940544
9940540
9940540
9940536
9940536
9940536
9940532
9940532
9940528
9940528
9940524
9940524
9940524
9940520
9940520
9940516
9940516
9940512
9940512
9940512
9940508
9940508
9940504
9940504
9940502
9940502
9940502
9940498
9940498
9940494
9940494
9940494
9940490
9940490
9940486
9940486
9940482
9940482
9940482
9940478
9940478
9940474
9940474
9940474
9940470
9940470
9940466
9940466
9940464
9940464
9940464
9940460
9940460
9940456
9940456
9940456
9940452
9940452
9940448
9940448
9940448
9940444
9940444
9940440
9940440
9940436
9940436
9940436
9940432
9940432
9940428
9940428
9940428
9940424
9940424
9940422
9940422
9940422
9940418
9940418
9940414
9940414
9940414
9940414
9940414
9940410
9940410
9940410
9940410
9940410
9940410
9940410
9940410
9940410
9940406
9940406
9940406
9940406
9940406
9940406
9940406
9940406
9940406
9940406
9940402
9940402
9940402
9940402
9940402
9940402
9940402
9940402
9940402
9940398
9940398
9940398
9940398
9940398
9940398
9940398
9940398
9940398
9940398
9940394
9940394
9940394
9940394
9940394
9940394
9940394
9940394
9940394
9940394
9940390
9940390
9940390
9940390
9940390
9940390
9940390
9940390
9940390
9940390
9940386
9940386
9940386
9940386
9940386
9940386
9940386
9940386
9940386
9940386
9940382
9940382
9940382
9940382
9940382
9940382
9940382
9940382
9940382
9940382
9940382
9940380
9940380
9940380
9940380
9940380
9940380
9940380
9940380
9940380
9940380
9940380
9940376
9940376
9940376
9940376
9940376
9940376
9940376
9940376
9940376
9940376
9940376
9940372
9940372
9940372
9940372
9940372
9940372
9940372
9940372
9940372
9940372
9940372
9940368
9940368
9940368
9940368
9940368
9940368
9940368
9940368
9940368
9940368
9940368
9940368
9940364
9940364
9940364
9940364
9940360
9940360
9940360
9940356
9940356
9940356
9940352
9940352
9940352
9940348
9940348
9940348
9940344
9940344
9940344
9940340
9940340
9940340
9940338
9940338
9940338
9940338
9940334
9940334
9940334
9940330
9940330
9940330
9940326
9940326
9940326
9940322
9940322
9940322
9940318
9940318
9940318
9940318
9940314
9940314
9940314
9940310
9940310
9940310
9940306
9940306
9940306
9940302
9940302
9940302
9940302
9940298
9940298
9940298
9940296
9940296
9940296
9940292
9940292
9940292
9940288
9940288
9940288
9940288
9940284
9940284
9940284
9940280
9940280
9940280
9940276
9940276
9940276
9940276
9940272
9940272
9940272
9940268
9940268
9940268
9940264
9940264
9940264
9940264
9940260
9940260
9940260
9940258
9940258
9940258
9940254
9940254
9940254
9940254
9940250
9940250
9940250
9940246
9940246
9940246
9940246
9940242
9940242
9940242
9940238
9940238
9940238
9940234
9940234
9940234
9940234
9940230
9940230
9940230
9940226
9940226
9940226
9940226
9940222
9940222
9940222
9940218
9940218
9940218
9940218
9940218
9940218
9940218
9940218
9940218
9940218
9940218
9940218
9940218
9940218
9940218
9940218
9940218
9940218
9940218
9940218
9940218
9940218
9940218
9940218
9940218
9940218
9940218
9940218
9940218
9940218
9940222
9940222
9940222
9940222
9940222
9940222
9940222
9940222
9940222
9940222
9940222
9940222
9940222
9940222
9940222
9940222
9940222
9940222
9940222
9940222
9940222
9940222
9940222
9940222
9940226
9940226
9940226
9940226
9940226
9940226
9940226
9940226
9940226
9940226
9940226
9940226
9940226
9940226
9940226
9940226
9940226
9940226
9940226
9940226
9940226
9940230
9940230
9940230
9940230
9940230
9940230
9940230
9940230
9940230
9940230
9940230
9940230
9940230
9940230
9940230
9940230
9940230
9940230
9940230
9940230
9940234
9940234
9940234
9940234
9940234
9940234
9940234
9940234
9940234
9940234
9940234
9940234
9940234
9940234
9940234
9940234
9940234
9940234
9940238
9940238
9940238
9940238
9940238
9940238
9940238
9940238
9940238
9940238
9940238
9940238
9940238
9940238
9940238
9940238
9940238
9940242
9940242
9940238
9940238
9940238
9940238
9940238
9940238
9940238
9940238
9940234
9940234
9940234
9940234
9940234
9940234
9940234
9940230
9940230
9940230
9940230
9940230
9940230
9940230
9940230
9940226
9940226
9940226
9940226
9940226
9940226
9940226
9940226
9940222
9940222
9940222
9940222
9940222
9940222
9940222
9940222
9940218
9940218
9940218
9940218
9940218
9940218
9940218
9940218
9940216
9940216
9940216
9940216
9940216
9940216
9940216
9940216
9940212
9940212
9940212
9940212
9940212
9940212
9940212
9940212
9940212
9940208
9940208
9940208
9940208
9940208
9940208
9940208
9940208
9940204
9940204
9940204
9940204
9940204
9940204
9940204
9940204
9940204
9940200
9940200
9940200
9940200
9940200
9940200
9940200
9940200
9940200
9940196
9940196
9940196
9940196
9940196
9940196
9940196
9940196
9940196
9940192
9940192
9940192
9940192
9940192
9940192
9940192
9940192
9940192
9940188
9940188
9940188
9940188
9940188
9940188
9940188
9940188
9940188
9940184
9940184
9940184
9940184
9940184
9940184
9940184
9940184
9940184
9940180
9940180
9940184
9940184
9940184
9940188
9940188
9940188
9940192
9940192
9940192
9940196
9940196
9940196
9940200
9940200
9940200
9940204
9940204
9940204
9940208
9940208
9940212
9940212
9940212
9940216
9940216
9940216
9940218
9940218
9940218
9940222
9940222
9940222
9940226
9940226
9940226
9940230
9940230
9940230
9940234
9940234
9940234
9940238
9940238
9940238
9940242
9940242
9940242
9940246
9940246
9940246
9940250
9940250
9940254
9940254
9940254
9940258
9940258
9940258
9940260
9940260
9940260
9940264
9940264
9940264
9940268
9940268
9940268
9940272
9940272
9940272
9940276
9940276
9940276
9940280
9940280
9940284
9940284
9940284
9940288
9940288
9940288
9940292
9940292
9940292
9940296
9940296
9940296
9940298
9940298
9940298
9940302
9940302
9940302
9940306
9940306
9940310
9940310
9940310
9940314
9940314
9940314
9940318
9940318
9940318
9940322
9940322
9940322
9940326
9940326
9940330
9940330
9940330
9940334
9940334
9940334
9940338
9940338
9940338
9940340
9940340
9940340
9940344
9940344
9940344
9940348
9940348
9940352
9940352
9940352
9940352
9940352
9940352
9940352
9940352
9940352
9940352
9940352
9940352
9940352
9940352
9940352
9940352
9940352
9940352
9940352
9940352
9940352
9940352
9940352
9940352
9940352
9940352
9940352
9940352
9940352
9940352
9940352
9940352
9940352
9940352
9940352
9940352
9940352
9940348
9940348
9940348
9940348
9940348
9940348
9940348
9940348
9940348
9940348
9940348
9940348
9940348
9940348
9940348
9940348
9940348
9940348
9940348
9940348
9940348
9940348
9940348
9940348
9940348
9940348
9940348
9940348
9940348
9940348
9940348
9940348
9940348
9940348
9940348
9940348
9940348
9940348
9940348
9940348
9940348
9940348
9940348
9940348
9940348
9940348
9940348
9940348
9940348
9940348
9940348
9940348
9940348
9940348
9940348
9940348
9940348
9940348
9940348
9940348
9940348
9940348
9940348
9940348
9940348
9940348
9940348
9940348
9940348
9940348
9940348
9940348
9940348
9940348
9940348
9940348
9940348
9940348
9940348
9940348
9940348
9940348
9940348
9940352
9940352
9940352
9940352
9940352
9940352
9940352
9940352
9940352
9940352
9940352
9940352
9940356
9940356
9940360
9940360
9940364
9940364
9940368
9940368
9940372
9940372
9940372
9940376
9940376
9940380
9940380
9940382
9940382
9940386
9940386
9940390
9940390
9940390
9940394
9940394
9940398
9940398
9940402
9940402
9940406
9940406
9940410
9940410
9940410
9940414
9940414
9940418
9940418
9940422
9940422
9940424
9940424
9940428
9940428
9940428
9940432
9940432
9940436
9940436
9940440
9940440
9940444
9940444
9940448
9940448
9940448
9940452
9940452
9940456
9940456
9940460
9940460
9940464
9940464
9940466
9940466
9940470
9940470
9940470
9940474
9940474
9940478
9940478
9940482
9940482
9940486
9940486
9940490
9940490
9940494
9940494
9940494
9940498
9940498
9940502
9940502
9940504
9940504
9940508
9940508
9940512
9940512
9940516
9940516
9940516
9940520
9940520
9940524
9940524
9940528
9940528
9940532
9940532
9940536
9940536
9940540
9940540
9940540
9940544
9940544
9940546
9940546
9940550
9940550
9940554
9940554
9940558
9940558
9940562
9940562
9940566
9940566
9940566
9940570
9940570
9940574
9940574
9940574
9940578
9940578
9940578
9940578
9940578
9940582
9940582
9940582
9940582
9940582
9940582
9940586
9940586
9940586
9940586
9940586
9940588
9940588
9940588
9940588
9940588
9940588
9940592
9940592
9940592
9940592
9940592
9940596
9940596
9940596
9940596
9940596
9940596
9940600
9940600
9940600
9940600
9940600
9940604
9940604
9940604
9940604
9940604
9940608
9940608
9940608
9940608
9940608
9940608
9940612
9940612
9940612
9940612
9940612
9940616
9940616
9940616
9940616
9940616
9940620
9940620
9940620
9940620
9940620
9940620
9940624
9940624
9940624
9940624
9940624
9940628
9940628
9940628
9940628
9940628
9940630
9940630
9940630
9940630
9940630
9940630
9940634
9940634
9940634
9940634
9940634
9940638
9940638
9940638
9940638
9940638
9940642
9940642
9940642
9940642
9940642
9940646
9940646
9940646
9940646
9940646
9940650
9940650
9940650
9940650
9940650
9940654
9940654
9940654
9940654
9940654
9940658
9940658
9940658
9940658
9940658
9940658
9940662
9940662
9940662
9940662
9940662
9940666
9940666
9940666
9940666
9940666
9940670
9940672
9940672
9940676
9940680
9940680
9940684
9940688
9940688
9940692
9940696
9940696
9940700
9940700
9940704
9940708
9940708
9940710
9940714
9940714
9940718
9940722
9940722
9940726
9940726
9940730
9940734
9940734
9940738
9940742
9940742
9940746
9940750
9940750
9940752
9940756
9940756
9940760
9940760
9940764
9940768
9940768
9940772
9940776
9940776
9940780
9940784
9940784
9940788
9940792
9940792
9940794
9940794
9940798
9940802
9940802
9940806
9940810
9940810
9940814
9940818
9940818
9940822
9940826
9940826
9940830
9940830
9940834
9940836
9940836
9940840
9940844
9940844
9940848
9940852
9940852
9940856
9940860
9940860
9940864
9940868
9940868
9940872
9940872
9940876
9940878
9940878
9940882
9940886
9940886
9940890
9940894
9940894
9940898
9940902
9940902
9940906
9940910
9940910
9940914
9940914
9940916
9940920
9940920
9940924
9940928
9940928
9940932
9940936
9940936
9940940
9940944
9940944
9940948
9940952
9940952
9940956
9940956
9940958
9940962
9940962
9940966
9940970
9940970
9940974
9940978
9940978
9940982
9940982
9940986
9940986
9940986
9940990
9940990
9940990
9940990
9940994
9940994
9940994
9940998
9940998
9940998
9941000
9941000
9941000
9941004
9941004
9941004
9941008
9941008
9941008
9941008
9941012
9941012
9941012
9941016
9941016
9941016
9941020
9941020
9941020
9941024
9941024
9941024
9941028
9941028
9941028
9941028
9941032
9941032
9941032
9941036
9941036
9941036
9941040
9941040
9941040
9941042
9941042
9941042
9941046
9941046
9941046
9941050
9941050
9941050
9941054
9941054
9941054
9941054
9941058
9941058
9941058
9941062
9941062
9941062
9941066
9941066
9941066
9941070
9941070
9941070
9941074
9941074
9941074
9941078
9941078
9941078
9941082
9941082
9941082
9941082
9941084
9941084
9941084
9941088
9941088
9941088
9941092
9941092
9941092
9941096
9941096
9941096
9941100
9941100
9941100
9941104
9941104
9941104
9941108
9941108
9941108
9941112
9941112
9941112
9941116
9941116
9941116
9941120
9941120
9941120
9941122
9941122
9941122
9941122
9941126
9941126
9941126
9941130
9941130
9941130
9941134
9941134
9941134
9941138
9941142
9941142
9941146
9941150
9941154
9941158
9941162
9941162
9941164
9941168
9941172
9941176
9941180
9941180
9941184
9941188
9941192
9941196
9941200
9941200
9941204
9941206
9941210
9941214
9941218
9941218
9941222
9941226
9941230
9941234
9941238
9941238
9941242
9941246
9941248
9941252
9941256
9941256
9941260
9941264
9941268
9941272
9941276
9941280
9941280
9941284
9941286
9941290
9941294
9941298
9941298
9941302
9941306
9941310
9941314
9941318
9941318
9941322
9941326
9941328
9941332
9941336
9941336
9941340
9941344
9941348
9941352
9941356
9941356
9941360
9941364
9941368
9941370
9941374
9941374
9941378
9941382
9941386
9941390
9941394
9941398
9941398
9941402
9941406
9941410
9941412
9941416
9941416
9941420
9941424
9941428
9941432
9941436
9941436
9941440
9941444
9941448
9941452
9941454
9941454
9941458
9941462
9941466
9941470
9941474
9941478
9941478
9941482
9941486
9941490
9941492
9941496
9941496
9941500
9941504
9941508
9941512
9941516
9941516
9941520
9941524
9941528
9941532
9941534
9941534
9941538
9941542
9941546
9941550
9941550
9941554
9941554
9941558
9941558
9941558
9941562
9941562
9941566
9941566
9941566
9941570
9941570
9941574
9941574
9941574
9941576
9941576
9941580
9941580
9941584
9941584
9941584
9941588
9941588
9941592
9941592
9941592
9941596
9941596
9941600
9941600
9941604
9941604
9941604
9941608
9941608
9941612
9941612
9941612
9941616
9941616
9941618
9941618
9941622
9941622
9941622
9941626
9941626
9941630
9941630
9941630
9941634
9941634
9941638
9941638
9941642
9941642
9941642
9941646
9941646
9941650
9941650
9941654
9941654
9941654
9941658
9941658
9941660
9941660
9941660
9941664
9941664
9941668
9941668
9941672
9941672
9941672
9941676
9941676
9941680
9941680
9941684
9941684
9941684
9941688
9941688
9941692
9941692
9941692
9941696
9941696
9941698
9941698
9941702
9941702
9941702
9941706
9941706
9941710
9941710
9941714
9941714
9941714
9941718
9941718
9941722
9941722
9941726
9941726
9941726
9941730
9941730
9941734
9941734
9941734
9941738
9941738
9941740
9941740
9941744
9941744
9941744
9941748
9941748
9941752
9941752
9941756
9941760
9941764
9941768
9941772
9941776
9941780
9941782
9941786
9941790
9941794
9941798
9941802
9941806
9941810
9941814
9941818
9941822
9941824
9941828
9941832
9941836
9941840
9941844
9941848
9941852
9941852
9941856
9941860
9941864
9941866
9941870
9941874
9941878
9941882
9941886
9941890
9941894
9941898
9941902
9941904
9941908
9941912
9941916
9941920
9941924
9941928
9941932
9941936
9941940
9941944
9941946
9941950
9941954
9941958
9941962
9941966
9941970
9941974
9941978
9941982
9941986
9941988
9941992
9941996
9942000
9942004
9942008
9942012
9942016
9942020
9942024
9942028
9942030
9942034
9942038
9942042
9942046
9942050
9942054
9942058
9942062
9942066
9942070
9942072
9942076
9942080
9942084
9942088
9942092
9942096
9942100
9942104
9942108
9942110
9942114
9942118
9942122
9942126
9942130
9942134
9942138
9942142
9942146
9942150
9942152
9942156
9942160
9942164
9942168
9942172
9942176
9942180
9942184
9942188
9942192
9942194
9942198
9942202
9942206
9942210
9942214
9942218
9942222
9942226
9942230
9942234
9942236
9942240
9942244
9942248
9942248
9942252
9942252
9942256
9942260
9942260
9942264
9942268
9942268
9942272
9942276
9942276
9942278
9942282
9942282
9942286
9942290
9942290
9942294
9942298
9942298
9942302
9942306
9942306
9942310
9942310
9942314
9942316
9942316
9942320
9942324
9942324
9942328
9942332
9942332
9942336
9942340
9942340
9942344
9942348
9942348
9942352
9942356
9942356
9942358
9942362
9942362
9942366
9942370
9942370
9942374
9942374
9942378
9942382
9942382
9942386
9942390
9942390
9942394
9942398
9942398
9942400
9942404
9942404
9942408
9942412
9942412
9942416
9942420
9942420
9942424
9942428
9942428
9942432
9942436
9942436
9942440
9942442
9942442
9942446
9942446
9942450
9942454
9942454
9942458
9942462
9942462
9942466
9942470
9942470
9942474
9942478
9942478
9942480
9942484
9942484
9942488
9942492
9942492
9942496
9942500
9942500
9942504
9942508
9942508
9942512
9942516
9942516
9942520
9942522
9942522
9942526
9942530
9942530
9942534
9942534
9942538
9942542
9942542
9942546
9942550
9942550
9942554
9942558
9942558
9942562
9942564
9942568
9942572
9942576
9942580
9942588
9942592
9942596
9942600
9942604
9942606
9942610
9942614
9942618
9942622
9942626
9942630
9942634
9942642
9942646
9942648
9942652
9942656
9942660
9942664
9942668
9942672
9942676
9942680
9942684
9942686
9942694
9942698
9942702
9942706
9942710
9942714
9942718
9942722
9942726
9942728
9942732
9942736
9942740
9942748
9942752
9942756
9942760
9942764
9942768
9942770
9942774
9942778
9942782
9942786
9942790
9942794
9942802
9942806
9942810
9942812
9942816
9942820
9942824
9942828
9942832
9942836
9942840
9942844
9942848
9942854
9942858
9942862
9942866
9942870
9942874
9942878
9942882
9942886
9942890
9942892
9942896
9942900
9942908
9942912
9942916
9942920
9942924
9942928
9942932
9942934
9942938
9942942
9942946
9942950
9942954
9942962
9942966
9942970
9942974
9942976
9942980
9942984
9942988
9942992
9942996
9943000
9943004
9943008
9943016
9943018
9943022
9943026
9943030
9943034
9943038
9943042
9943046
9943050
9943054
9943058
9943060
9943068
9943072
9943076
9943080
9943084
9943088
9943092
9943096
9943098
9943102
9943106
9943110
9943114
9943118
9943122
9943126
9943130
9943134
9943138
9943140
9943144
9943148
9943152
9943156
9943160
9943164
9943168
9943172
9943176
9943180
9943182
9943186
9943190
9943194
9943198
9943202
9943206
9943210
9943214
9943218
9943222
9943224
9943228
9943232
9943236
9943240
9943244
9943248
9943252
9943256
9943260
9943264
9943266
9943270
9943274
9943278
9943282
9943286
9943290
9943294
9943298
9943302
9943304
9943308
9943312
9943316
9943320
9943324
9943328
9943332
9943336
9943336
9943340
9943344
9943346
9943350
9943354
9943358
9943362
9943366
9943370
9943374
9943378
9943382
9943386
9943388
9943392
9943396
9943400
9943404
9943408
9943412
9943416
9943420
9943424
9943428
9943430
9943434
9943438
9943442
9943446
9943450
9943454
9943458
9943462
9943466
9943470
9943472
9943476
9943480
9943484
9943488
9943492
9943496
9943500
9943504
9943508
9943510
9943514
9943518
9943522
9943526
9943530
9943534
9943538
9943542
9943546
9943550
9943552
9943556
9943560
9943564
9943568
9943572
9943576
9943584
9943588
9943592
9943594
9943602
9943606
9943610
9943614
9943622
9943626
9943630
9943634
9943640
9943644
9943648
9943652
9943660
9943664
9943668
9943672
9943678
9943682
9943686
9943690
9943698
9943702
9943706
9943710
9943716
9943720
9943724
9943728
9943736
9943740
9943744
9943748
9943756
9943758
9943762
9943766
9943774
9943778
9943782
9943786
9943794
9943798
9943800
9943804
9943812
9943816
9943820
9943824
9943832
9943836
9943840
9943842
9943850
9943854
9943858
9943862
9943870
9943874
9943878
9943880
9943888
9943892
9943896
9943900
9943908
9943912
9943916
9943920
9943926
9943930
9943934
9943938
9943946
9943950
9943954
9943958
9943964
9943968
9943972
9943976
9943984
9943988
9943992
9943996
9944004
9944006
9944010
9944014
9944022
9944026
9944030
9944034
9944042
9944046
9944048
9944052
9944060
9944064
9944068
9944072
9944080
9944084
9944086
9944090
9944098
9944102
9944106
9944110
9944118
9944122
9944126
9944128
9944136
9944140
9944144
9944148
9944156
9944160
9944164
9944168
9944174
9944178
9944182
9944186
9944190
9944194
9944198
9944202
9944206
9944210
9944212
9944216
9944216
9944220
9944224
9944228
9944232
9944236
9944240
9944244
9944248
9944252
9944254
9944258
9944262
9944266
9944270
9944274
9944274
9944278
9944282
9944286
9944290
9944292
9944296
9944300
9944304
9944308
9944312
9944316
9944320
9944324
9944328
9944332
9944332
9944334
9944338
9944342
9944346
9944350
9944354
9944358
9944362
9944366
9944370
9944374
9944376
9944380
9944384
9944388
9944392
9944392
9944396
9944400
9944404
9944408
9944412
9944416
9944418
9944422
9944426
9944430
9944434
9944438
9944442
9944446
9944450
9944450
9944454
9944458
9944460
9944464
9944468
9944472
9944476
9944480
9944484
9944488
9944492
9944496
9944498
9944502
9944506
9944510
9944510
9944514
9944518
9944522
9944526
9944530
9944534
9944538
9944540
9944544
9944548
9944552
9944556
9944560
9944564
9944568
9944568
9944572
9944576
9944580
9944582
9944586
9944590
9944594
9944598
9944602
9944606
9944610
9944614
9944618
9944622
9944624
9944628
9944628
9944632
9944636
9944640
9944648
9944652
9944660
9944664
9944670
9944674
9944682
9944686
9944694
9944698
9944704
9944708
9944716
9944720
9944728
9944732
9944740
9944744
9944750
9944754
9944762
9944766
9944774
9944778
9944786
9944788
9944796
9944800
9944808
9944812
9944820
9944824
9944830
9944834
9944842
9944846
9944854
9944858
9944866
9944868
9944876
9944880
9944888
9944892
9944900
9944904
9944910
9944914
9944922
9944926
9944934
9944938
9944946
9944950
9944956
9944960
9944968
9944972
9944980
9944984
9944992
9944994
9945002
9945006
9945014
9945018
9945026
9945030
9945036
9945040
9945048
9945052
9945060
9945064
9945072
9945074
9945082
9945086
9945094
9945098
9945106
9945110
9945116
9945120
9945128
9945132
9945140
9945144
9945152
9945156
9945162
9945166
9945174
9945178
9945186
9945190
9945198
9945200
9945208
9945212
9945220
9945224
9945232
9945236
9945242
9945246
9945254
9945258
9945266
9945270
9945278
9945280
9945288
9945292
9945296
9945304
9945308
9945316
9945320
9945326
9945330
9945338
9945342
9945350
9945354
9945362
9945364
9945372
9945376
9945380
9945384
9945392
9945396
9945400
9945404
9945406
9945410
9945418
9945422
9945426
9945430
9945434
9945438
9945446
9945448
9945452
9945456
9945460
9945464
9945472
9945476
9945480
9945484
9945486
9945490
9945498
9945502
9945506
9945510
9945514
9945518
9945526
9945528
9945532
9945536
9945540
9945544
9945552
9945556
9945560
9945564
9945568
9945570
9945578
9945582
9945586
9945590
9945594
9945598
9945606
9945610
9945612
9945616
9945620
9945624
9945632
9945636
9945640
9945644
9945648
9945652
9945658
9945662
9945666
9945670
9945674
9945678
9945686
9945690
9945692
9945696
9945700
9945704
9945708
9945716
9945720
9945724
9945728
9945732
9945734
9945742
9945746
9945750
9945754
9945758
9945762
9945770
9945774
9945776
9945780
9945784
9945788
9945796
9945800
9945804
9945808
9945812
9945816
9945822
9945826
9945830
9945834
9945838
9945842
9945850
9945854
9945858
9945860
9945864
9945868
9945876
9945880
9945884
9945888
9945892
9945896
9945902
9945906
9945910
9945914
9945918
9945922
9945930
9945934
9945938
9945940
9945944
9945952
9945956
9945964
9945968
9945976
9945980
9945986
9945990
9945998
9946002
9946010
9946014
9946022
9946024
9946032
9946036
9946044
9946048
9946056
9946060
9946062
9946070
9946074
9946082
9946086
9946094
9946098
9946104
9946108
9946116
9946120
9946128
9946132
9946140
9946144
9946150
9946154
9946162
9946166
9946170
9946178
9946182
9946188
9946192
9946200
9946204
9946212
9946216
9946224
9946228
9946234
9946238
9946246
9946250
9946258
9946262
9946268
9946272
9946276
9946284
9946288
9946296
9946300
9946308
9946310
9946318
9946322
9946330
9946334
9946342
9946346
9946352
9946356
9946364
9946368
9946372
9946380
9946384
9946392
9946394
9946402
9946406
9946414
9946418
9946426
9946430
9946436
9946440
9946448
9946452
9946460
9946464
9946468
9946474
9946478
9946486
9946490
9946498
9946502
9946510
9946514
9946520
9946524
9946532
9946536
9946544
9946548
9946556
9946558
9946562
9946570
9946574
9946582
9946586
9946594
9946598
9946604
9946608
9946616
9946620
9946628
9946632
9946640
9946642
9946646
9946654
9946658
9946666
9946670
9946678
9946680
9946684
9946692
9946696
9946700
9946708
9946712
9946720
9946722
9946726
9946734
9946738
9946746
9946750
9946754
9946762
9946764
9946768
9946776
9946780
9946788
9946792
9946796
9946804
9946806
9946814
9946818
9946822
9946830
9946834
9946842
9946846
9946848
9946856
9946860
9946864
9946872
9946876
9946884
9946886
9946890
9946898
9946902
9946906
9946914
9946918
9946926
9946928
9946932
9946940
9946944
9946952
9946956
9946960
9946968
9946970
9946974
9946982
9946986
9946994
9946998
9947002
9947010
9947012
9947020
9947024
9947028
9947036
9947040
9947044
9947052
9947054
9947062
9947066
9947070
9947078
9947082
9947090
9947092
9947096
9947104
9947108
9947112
9947120
9947124
9947132
9947134
9947138
9947146
9947150
9947154
9947162
9947166
9947174
9947176
9947180
9947188
9947192
9947200
9947204
9947208
9947216
9947218
9947222
9947230
9947234
9947242
9947246
9947250
9947256
9947260
9947264
9947272
9947276
9947284
9947288
9947292
9947298
9947302
9947306
9947314
9947318
9947326
9947330
9947334
9947340
9947348
9947356
9947360
9947368
9947376
9947380
9947386
9947394
9947402
9947406
9947414
9947422
9947428
9947432
9947440
9947448
9947456
9947460
9947466
9947474
9947478
9947486
9947494
9947502
9947504
9947512
9947520
9947528
9947532
9947540
9947546
9947550
9947558
9947566
9947574
9947578
9947586
9947592
9947600
9947604
9947612
9947620
9947624
9947630
9947638
9947646
9947650
9947658
9947666
9947672
9947676
9947684
9947692
9947696
9947704
9947710
9947718
9947722
9947730
9947738
9947746
9947750
9947756
9947764
9947768
9947776
9947784
9947792
9947794
9947802
9947810
9947818
9947822
9947830
9947836
9947840
9947848
9947856
9947864
9947868
9947874
9947882
9947886
9947894
9947902
9947910
9947914
9947920
9947928
9947936
9947940
9947948
9947956
9947958
9947966
9947974
9947982
9947986
9947994
9948000
9948004
9948012
9948020
9948028
9948032
9948040
9948046
9948054
9948058
9948066
9948074
9948078
9948084
9948092
9948100
9948104
9948112
9948120
9948122
9948130
9948138
9948146
9948150
9948158
9948164
9948168
9948176
9948184
9948188
9948192
9948200
9948204
9948206
9948214
9948218
9948222
9948230
9948234
9948238
9948246
9948248
9948252
9948260
9948264
9948268
9948276
9948280
9948284
9948290
9948294
9948298
9948306
9948310
9948318
9948322
9948326
9948332
9948336
9948340
9948348
9948352
9948356
9948364
9948368
9948370
9948378
9948382
9948386
9948394
9948398
9948402
9948410
9948412
9948416
9948424
9948428
9948432
9948440
9948444
9948450
9948454
9948458
9948466
9948470
9948474
9948482
9948486
9948490
9948496
9948500
9948504
9948512
9948516
9948520
9948528
9948532
9948534
9948542
9948546
9948550
9948558
9948562
9948566
9948574
9948576
9948580
9948588
9948592
9948596
9948604
9948608
9948612
9948618
9948622
9948626
9948634
9948638
9948646
9948650
9948654
9948660
9948664
9948668
9948676
9948680
9948684
9948692
9948696
9948698
9948706
9948710
9948714
9948722
9948726
9948730
9948738
9948740
9948744
9948752
9948756
9948760
9948768
9948772
9948776
9948782
9948786
9948790
9948798
9948802
9948806
9948814
9948818
9948822
9948828
9948832
9948840
9948848
9948856
9948862
9948870
9948878
9948886
9948894
9948902
9948908
9948916
9948924
9948932
9948940
9948946
9948954
9948962
9948970
9948978
9948986
9948992
9949000
9949008
9949016
9949024
9949030
9949038
9949046
9949054
9949058
9949066
9949072
9949080
9949088
9949096
9949104
9949110
9949118
9949126
9949134
9949142
9949150
9949156
9949164
9949172
9949180
9949188
9949194
9949202
9949210
9949218
9949226
9949234
9949240
9949248
9949256
9949264
9949272
9949278
9949286
9949294
9949302
9949310
9949316
9949324
9949332
9949340
9949348
9949352
9949358
9949366
9949374
9949382
9949390
9949398
9949404
9949412
9949420
9949428
9949436
9949442
9949450
9949458
9949466
9949474
9949480
9949488
9949496
9949504
9949512
9949520
9949526
9949534
9949542
9949550
9949558
9949564
9949572
9949580
9949588
9949592
9949600
9949606
9949614
9949622
9949630
9949638
9949644
9949652
9949660
9949668
9949676
9949684
9949690
9949698
9949706
9949714
9949722
9949728
9949736
9949744
9949752
9949760
9949768
9949774
9949782
9949790
9949798
9949802
9949810
9949812
9949820
9949824
9949832
9949836
9949844
9949848
9949854
9949858
9949866
9949870
9949878
9949886
9949890
9949896
9949900
9949908
9949912
9949920
9949924
9949932
9949934
9949942
9949946
9949954
9949958
9949966
9949974
9949976
9949984
9949988
9949996
9950000
9950008
9950012
9950018
9950022
9950030
9950034
9950042
9950046
9950054
9950056
9950064
9950072
9950076
9950084
9950088
9950096
9950098
9950106
9950110
9950118
9950122
9950130
9950134
9950140
9950144
9950152
9950156
9950164
9950172
9950176
9950182
9950186
9950194
9950198
9950206
9950210
9950218
9950222
9950228
9950232
9950240
9950244
9950252
9950256
9950262
9950270
9950274
9950282
9950286
9950294
9950298
9950304
9950308
9950316
9950320
9950328
9950332
9950340
9950344
9950350
9950354
9950362
9950366
9950374
9950378
9950386
9950392
9950396
9950404
9950408
9950416
9950420
9950428
9950430
9950438
9950442
9950450
9950454
9950462
9950466
9950472
9950476
9950484
9950488
9950496
9950500
9950508
9950514
9950518
9950526
9950530
9950538
9950542
9950550
9950556
9950564
9950572
9950580
9950592
9950598
9950606
9950614
9950622
9950630
9950636
9950644
9950652
9950660
9950668
9950674
9950682
9950690
9950702
9950710
9950716
9950724
9950732
9950740
9950748
9950756
9950762
9950770
9950778
9950786
9950794
9950800
9950808
9950820
9950828
9950836
9950842
9950850
9950858
9950866
9950874
9950880
9950888
9950896
9950904
9950912
9950920
9950926
9950938
9950946
9950954
9950962
9950968
9950976
9950984
9950992
9951000
9951006
9951014
9951022
9951030
9951038
9951044
9951052
9951064
9951072
9951080
9951086
9951094
9951102
9951110
9951118
9951126
9951132
9951140
9951148
9951156
9951164
9951170
9951178
9951186
9951198
9951206
9951212
9951220
9951228
9951236
9951244
9951250
9951258
9951266
9951274
9951282
9951290
9951296
9951304
9951312
9951320
9951328
9951338
9951346
9951354
9951362
9951370
9951376
9951384
9951392
9951400
9951408
9951416
9951422
9951430
9951438
9951446
9951454
9951460
9951468
9951476
9951484
9951496
9951502
9951510
9951518
9951526
9951534
9951540
9951548
9951556
9951560
9951568
9951576
9951580
9951586
9951594
9951598
9951606
9951614
9951618
9951624
9951632
9951636
9951644
9951652
9951656
9951662
9951670
9951674
9951682
9951690
9951694
9951702
9951708
9951712
9951720
9951728
9951732
9951740
9951746
9951750
9951758
9951766
9951770
9951778
9951786
9951788
9951796
9951804
9951808
9951816
9951824
9951828
9951834
9951842
9951846
9951854
9951862
9951866
9951872
9951880
9951884
9951892
9951900
9951904
9951910
9951918
9951922
9951930
9951938
9951942
9951950
9951956
9951960
9951968
9951972
9951980
9951988
9951992
9951998
9952006
9952010
9952018
9952026
9952030
9952036
9952044
9952048
9952056
9952064
9952068
9952074
9952082
9952086
9952094
9952102
9952106
9952114
9952120
9952124
9952132
9952140
9952144
9952152
9952158
9952162
9952170
9952178
9952182
9952190
9952198
9952200
9952208
9952212
9952220
9952228
9952232
9952238
9952246
9952250
9952258
9952266
9952270
9952278
9952284
9952288
9952296
9952304
9952308
9952316
9952322
9952326
9952334
9952342
9952346
9952354
9952362
9952368
9952376
9952384
9952396
9952404
9952410
9952418
9952430
9952438
9952444
9952456
9952464
9952472
9952480
9952490
9952498
9952506
9952514
9952526
9952532
9952540
9952548
9952560
9952568
9952574
9952586
9952594
9952602
9952610
9952620
9952628
9952636
9952644
9952654
9952662
9952670
9952678
9952690
9952696
9952704
9952712
9952724
9952732
9952738
9952750
9952758
9952766
9952774
9952784
9952792
9952800
9952808
9952818
9952826
9952834
9952842
9952854
9952860
9952868
9952876
9952888
9952896
9952902
9952910
9952922
9952930
9952938
9952944
9952956
9952964
9952972
9952980
9952990
9952998
9953006
9953018
9953024
9953032
9953040
9953052
9953060
9953066
9953074
9953086
9953094
9953102
9953108
9953120
9953128
9953136
9953144
9953154
9953162
9953170
9953178
9953188
9953196
9953204
9953212
9953224
9953230
9953238
9953246
9953258
9953266
9953272
9953280
9953292
9953300
9953308
9953314
9953326
9953334
9953342
9953350
9953360
9953368
9953376
9953384
9953392
9953402
9953410
9953418
9953426
9953436
9953444
9953452
9953460
9953468
9953474
9953482
9953490
9953498
9953506
9953514
9953516
9953524
9953532
9953540
9953548
9953556
9953562
9953570
9953578
9953582
9953590
9953598
9953604
9953612
9953620
9953628
9953636
9953638
9953646
9953654
9953662
9953670
9953678
9953684
9953692
9953696
9953704
9953712
9953720
9953726
9953734
9953742
9953750
9953758
9953762
9953768
9953776
9953784
9953792
9953800
9953806
9953814
9953818
9953826
9953834
9953842
9953848
9953856
9953864
9953872
9953876
9953884
9953890
9953898
9953906
9953914
9953922
9953926
9953932
9953940
9953948
9953956
9953964
9953970
9953978
9953982
9953990
9953998
9954006
9954012
9954020
9954028
9954036
9954040
9954048
9954054
9954062
9954070
9954078
9954086
9954090
9954096
9954104
9954112
9954120
9954128
9954134
9954142
9954146
9954154
9954162
9954170
9954176
9954184
9954192
9954196
9954204
9954212
9954218
9954226
9954234
9954242
9954250
9954254
9954260
9954268
9954276
9954284
9954292
9954298
9954302
9954310
9954318
9954326
9954334
9954340
9954348
9954352
9954360
9954368
9954376
9954382
9954394
9954402
9954410
9954418
9954428
9954436
9954444
9954452
9954462
9954470
9954478
9954486
9954498
9954504
9954512
9954520
9954532
9954540
9954546
9954554
9954566
9954574
9954582
9954588
9954600
9954608
9954616
9954624
9954634
9954642
9954650
9954658
9954668
9954676
9954684
9954692
9954704
9954710
9954718
9954726
9954738
9954746
9954752
9954760
9954772
9954780
9954788
9954794
9954806
9954814
9954822
9954830
9954840
9954848
9954856
9954864
9954874
9954882
9954890
9954898
9954910
9954916
9954924
9954932
9954940
9954952
9954958
9954966
9954974
9954986
9954994
9955000
9955008
9955020
9955028
9955036
9955042
9955054
9955062
9955070
9955078
9955088
9955096
9955104
9955112
9955120
9955130
9955138
9955146
9955154
9955164
9955172
9955180
9955188
9955200
9955206
9955214
9955222
9955234
9955242
9955248
9955256
9955264
9955276
9955284
9955290
9955298
9955310
9955318
9955326
9955332
9955344
9955352
9955360
9955368
9955374
9955386
9955394
9955402
9955410
9955420
9955428
9955436
9955444
9955450
9955462
9955470
9955478
9955486
9955492
9955500
9955508
9955516
9955524
9955532
9955538
9955546
9955554
9955562
9955570
9955576
9955584
9955592
9955600
9955608
9955614
9955626
9955634
9955642
9955650
9955656
9955664
9955672
9955680
9955688
9955696
9955702
9955710
9955718
9955726
9955734
9955740
9955748
9955756
9955764
9955772
9955780
9955786
9955794
9955802
9955810
9955818
9955824
9955832
9955840
9955848
9955856
9955862
9955870
9955878
9955886
9955894
9955902
9955908
9955916
9955924
9955932
9955940
9955946
9955954
9955962
9955970
9955982
9955988
9955996
9956004
9956012
9956020
9956026
9956034
9956042
9956050
9956058
9956066
9956072
9956080
9956088
9956096
9956104
9956110
9956118
9956126
9956134
9956142
9956150
9956156
9956164
9956172
9956180
9956188
9956194
9956202
9956210
9956218
9956226
9956232
9956240
9956248
9956256
9956264
9956272
9956278
9956286
9956294
9956302
9956310
9956316
9956324
9956332
9956340
9956348
9956356
9956362
9956370
9956378
9956386
9956394
9956400
9956408
9956416
9956424
9956432
9956438
9956446
9956454
9956466
9956474
9956484
9956492
9956504
9956512
9956522
9956530
9956542
9956550
9956562
9956568
9956580
9956588
9956600
9956606
9956618
9956630
9956638
9956648
9956656
9956668
9956676
9956686
9956694
9956706
9956714
9956726
9956732
9956744
9956752
9956764
9956770
9956782
9956790
9956802
9956808
9956820
9956828
9956840
9956848
9956858
9956866
9956878
9956886
9956896
9956904
9956916
9956924
9956934
9956942
9956954
9956962
9956974
9956980
9956992
9957004
9957012
9957022
9957030
9957042
9957050
9957060
9957068
9957080
9957088
9957098
9957106
9957118
9957126
9957138
9957144
9957156
9957164
9957176
9957182
9957194
9957202
9957214
9957220
9957232
9957240
9957252
9957260
9957270
9957278
9957290
9957298
9957308
9957316
9957328
9957336
9957346
9957354
9957366
9957374
9957386
9957392
9957404
9957412
9957424
9957430
9957442
9957450
9957462
9957468
9957480
9957488
9957496
9957508
9957514
9957526
9957534
9957546
9957552
9957564
9957572
9957584
9957592
9957602
9957610
9957622
9957630
9957640
9957648
9957660
9957668
9957678
9957686
9957694
9957702
9957710
9957716
9957724
9957732
9957740
9957748
9957756
9957762
9957766
9957774
9957782
9957790
9957798
9957804
9957812
9957820
9957828
9957836
9957842
9957850
9957858
9957866
9957874
9957880
9957888
9957896
9957904
9957912
9957920
9957926
9957934
9957942
9957950
9957958
9957964
9957972
9957980
9957988
9957996
9958002
9958010
9958014
9958022
9958030
9958038
9958044
9958052
9958060
9958068
9958076
9958084
9958090
9958098
9958106
9958114
9958122
9958128
9958136
9958144
9958152
9958160
9958168
9958174
9958182
9958190
9958198
9958206
9958212
9958216
9958224
9958232
9958240
9958248
9958254
9958262
9958270
9958278
9958286
9958292
9958300
9958308
9958316
9958324
9958332
9958338
9958346
9958354
9958362
9958370
9958376
9958384
9958392
9958396
9958404
9958412
9958418
9958426
9958434
9958442
9958450
9958456
9958464
9958472
9958480
9958488
9958496
9958502
9958510
9958518
9958526
9958534
9958540
9958548
9958552
9958560
9958568
9958576
9958582
9958590
9958598
9958606
9958614
9958620
9958628
9958636
9958644
9958656
9958662
9958674
9958682
9958694
9958702
9958712
9958720
9958732
9958740
9958750
9958758
9958770
9958778
9958788
9958796
9958808
9958816
9958824
9958834
9958842
9958854
9958862
9958872
9958880
9958892
9958900
9958910
9958918
9958930
9958938
9958950
9958956
9958968
9958976
9958988
9958994
9959002
9959014
9959022
9959032
9959040
9959052
9959060
9959072
9959078
9959090
9959098
9959110
9959116
9959128
9959136
9959144
9959156
9959162
9959174
9959182
9959194
9959200
9959212
9959220
9959232
9959238
9959250
9959258
9959266
9959278
9959284
9959296
9959304
9959316
9959322
9959334
9959342
9959354
9959362
9959372
9959380
9959388
9959400
9959406
9959418
9959426
9959438
9959444
9959456
9959464
9959476
9959484
9959490
9959502
9959510
9959522
9959528
9959540
9959548
9959560
9959568
9959578
9959586
9959594
9959606
9959612
9959624
9959632
9959644
9959650
9959662
9959670
9959682
9959690
9959696
9959708
9959716
9959728
9959734
9959746
9959754
9959766
9959774
9959780
9959792
9959800
9959812
9959818
9959830
9959838
9959846
9959856
9959864
9959872
9959884
9959892
9959898
9959910
9959918
9959926
9959934
9959944
9959952
9959960
9959972
9959980
9959986
9959998
9960006
9960014
9960024
9960032
9960040
9960048
9960060
9960066
9960074
9960086
9960094
9960102
9960112
9960120
9960128
9960136
9960146
9960154
9960162
9960174
9960182
9960188
9960200
9960208
9960216
9960224
9960234
9960242
9960250
9960262
9960268
9960276
9960288
9960296
9960304
9960310
9960322
9960330
9960338
9960350
9960356
9960364
9960372
9960384
9960390
9960398
9960410
9960418
9960426
9960432
9960444
9960452
9960460
9960472
9960478
9960486
9960498
9960506
9960514
9960520
9960532
9960540
9960548
9960558
9960566
9960574
9960582
9960594
9960600
9960608
9960620
9960628
9960636
9960642
9960654
9960662
9960670
9960680
9960688
9960696
9960704
9960716
9960722
9960730
9960738
9960750
9960758
9960764
9960776
9960784
9960792
9960800
9960810
9960818
9960826
9960838
9960844
9960852
9960860
9960872
9960880
9960886
9960894
9960906
9960914
9960922
9960932
9960940
9960948
9960956
9960968
9960978
9960986
9960998
9961008
9961016
9961028
9961036
9961048
9961058
9961066
9961078
9961086
9961096
9961108
9961116
9961128
9961138
9961146
9961158
9961166
9961176
9961188
9961196
9961208
9961214
9961226
9961238
9961246
9961256
9961264
9961276
9961288
9961296
9961306
9961318
9961326
9961338
9961344
9961356
9961368
9961376
9961386
9961394
9961406
9961418
9961424
9961436
9961444
9961456
9961466
9961474
9961486
9961494
9961504
9961516
9961524
9961536
9961544
9961554
9961566
9961574
9961584
9961592
9961604
9961616
9961624
9961634
9961642
9961654
9961666
9961672
9961684
9961692
9961704
9961714
9961722
9961734
9961742
9961752
9961764
9961772
9961784
9961790
9961802
9961814
9961822
9961832
9961840
9961852
9961860
9961872
9961882
9961890
9961902
9961910
9961920
9961932
9961940
9961952
9961958
9961970
9961982
9961990
9962000
9962008
9962020
9962028
9962038
9962050
9962058
9962070
9962078
9962088
9962100
9962108
9962120
9962126
9962138
9962146
9962158
9962168
9962176
9962188
9962196
9962206
9962218
9962226
9962234
9962244
9962252
9962264
9962272
9962280
9962290
9962298
9962310
9962318
9962326
9962336
9962344
9962356
9962364
9962370
9962382
9962390
9962398
9962408
9962416
9962428
9962436
9962444
9962454
9962462
9962474
9962482
9962490
9962500
9962508
9962516
9962528
9962534
9962546
9962554
9962562
9962574
9962580
9962592
9962600
9962608
9962618
9962626
9962634
9962646
9962654
9962664
9962672
9962680
9962692
9962698
9962706
9962718
9962726
9962738
9962744
9962752
9962764
9962772
9962778
9962790
9962798
9962810
9962818
9962824
9962836
9962844
9962852
9962862
9962870
9962882
9962890
9962898
9962908
9962916
9962924
9962936
9962944
9962954
9962962
9962970
9962982
9962988
9962996
9963008
9963016
9963024
9963034
9963042
9963054
9963062
9963068
9963080
9963088
9963096
9963108
9963114
9963122
9963134
9963142
9963152
9963160
9963168
9963180
9963188
9963194
9963206
9963214
9963222
9963232
9963240
9963248
9963260
9963268
9963278
9963286
9963294
9963306
9963314
9963320
9963332
9963340
9963348
9963358
9963366
9963374
9963386
9963396
9963404
9963416
9963428
9963438
9963446
9963458
9963470
9963480
9963488
9963500
9963512
9963522
9963530
9963542
9963554
9963564
9963572
9963584
9963596
9963606
9963614
9963626
9963638
9963648
9963656
9963668
9963680
9963690
9963698
9963710
9963722
9963732
9963740
9963752
9963764
9963774
9963782
9963794
9963806
9963816
9963824
9963836
9963848
9963858
9963866
9963878
9963890
9963900
9963908
9963920
9963932
9963942
9963950
9963962
9963972
9963984
9963992
9964004
9964014
9964022
9964034
9964046
9964056
9964064
9964076
9964088
9964098
9964106
9964118
9964130
9964140
9964148
9964160
9964172
9964178
9964190
9964202
9964214
9964220
9964232
9964244
9964256
9964262
9964274
9964286
9964298
9964304
9964316
9964328
9964336
9964346
9964358
9964370
9964378
9964388
9964400
9964412
9964420
9964430
9964442
9964450
9964462
9964472
9964484
9964492
9964504
9964514
9964522
9964534
9964546
9964556
9964564
9964576
9964588
9964598
9964606
9964618
9964630
9964636
9964648
9964660
9964672
9964678
9964690
9964702
9964710
9964720
9964732
9964740
9964752
9964758
9964766
9964778
9964786
9964796
9964804
9964816
9964824
9964836
9964842
9964854
9964862
9964874
9964880
9964892
9964900
9964912
9964920
9964930
9964938
9964950
9964958
9964968
9964976
9964984
9964996
9965002
9965014
9965022
9965034
9965042
9965052
9965060
9965072
9965080
9965090
9965098
9965110
9965118
9965128
9965136
9965144
9965156
9965164
9965174
9965182
9965194
9965202
9965212
9965220
9965232
9965240
9965250
9965258
9965266
9965278
9965286
9965296
9965304
9965316
9965324
9965334
9965342
9965354
9965362
9965372
9965380
9965388
9965400
9965408
9965418
9965426
9965438
9965446
9965456
9965464
9965476
9965484
9965492
9965502
9965510
9965522
9965530
9965540
9965548
9965560
9965568
9965578
9965586
9965594
9965606
9965614
9965624
9965632
9965644
9965652
9965662
9965670
9965682
9965690
9965698
9965708
9965716
9965728
9965736
9965746
9965754
9965766
9965774
9965782
9965792
9965800
9965812
9965820
9965830
9965838
9965850
9965858
9965866
9965876
9965884
9965896
9965904
9965914
9965922
9965934
9965946
9965956
9965968
9965976
9965988
9965998
9966010
9966022
9966032
9966044
9966052
9966064
9966074
9966086
9966098
9966110
9966120
9966128
9966140
9966152
9966162
9966174
9966186
9966194
9966204
9966216
9966228
9966238
9966250
9966262
9966270
9966280
9966292
9966304
9966316
9966326
9966338
9966346
9966358
9966368
9966380
9966392
9966402
9966410
9966422
9966434
9966444
9966456
9966468
9966480
9966486
9966498
9966510
9966522
9966532
9966544
9966552
9966564
9966574
9966586
9966598
9966608
9966616
9966628
9966640
9966650
9966662
9966674
9966682
9966692
9966704
9966716
9966728
9966738
9966746
9966758
9966770
9966780
9966792
9966804
9966812
9966822
9966834
9966846
9966856
9966868
9966876
9966888
9966898
9966910
9966922
9966934
9966940
9966952
9966964
9966976
9966986
9966994
9967006
9967018
9967028
9967040
9967052
9967060
9967070
9967082
9967094
9967104
9967112
9967124
9967136
9967146
9967158
9967170
9967178
9967188
9967200
9967212
9967224
9967230
9967242
9967254
9967266
9967276
9967288
9967296
9967308
9967318
9967326
9967338
9967346
9967356
9967364
9967376
9967384
9967394
9967402
9967414
9967422
9967432
9967444
9967452
9967464
9967472
9967482
9967490
9967502
9967510
9967520
9967528
9967540
9967548
9967558
9967566
9967578
9967586
9967596
9967604
9967616
9967624
9967636
9967642
9967654
9967662
9967674
9967680
9967692
9967700
9967712
9967722
9967730
9967742
9967750
9967760
9967768
9967780
9967788
9967800
9967806
9967818
9967826
9967838
9967844
9967856
9967864
9967876
9967884
9967894
9967902
9967914
9967922
9967932
9967940
9967952
9967960
9967970
9967978
9967990
9967998
9968008
9968016
9968028
9968036
9968048
9968054
9968066
9968074
9968086
9968092
9968104
9968112
9968124
9968132
9968142
9968150
9968162
9968170
9968180
9968188
9968200
9968208
9968218
9968226
9968238
9968246
9968256
9968264
9968276
9968284
9968296
9968302
9968314
9968322
9968334
9968340
9968352
9968360
9968372
9968378
9968386
9968398
9968406
9968418
9968424
9968436
9968444
9968456
9968462
9968474
9968482
9968494
9968502
9968512
9968520
9968532
9968544
9968554
9968566
9968574
9968584
9968596
9968608
9968620
9968630
9968642
9968654
9968666
9968676
9968688
9968696
9968708
9968718
9968730
9968742
9968752
9968764
9968776
9968788
9968798
9968810
9968818
9968830
9968840
9968852
9968864
9968874
9968886
9968898
9968910
9968920
9968928
9968940
9968952
9968962
9968974
9968986
9968996
9969008
9969020
9969032
9969038
9969050
9969062
9969074
9969084
9969096
9969108
9969120
9969130
9969142
9969150
9969160
9969172
9969184
9969196
9969206
9969218
9969230
9969242
9969248
9969260
9969272
9969284
9969294
9969306
9969318
9969328
9969340
9969348
9969360
9969370
9969382
9969394
9969406
9969416
9969428
9969440
9969448
9969458
9969470
9969482
9969492
9969504
9969516
9969528
9969534
9969546
9969558
9969570
9969580
9969592
9969604
9969614
9969622
9969634
9969646
9969656
9969668
9969680
9969692
9969702
9969710
9969722
9969734
9969744
9969756
9969768
9969778
9969790
9969798
9969810
9969820
9969832
9969844
9969856
9969866
9969878
9969886
9969898
9969908
9969920
9969932
9969944
9969950
9969962
9969974
9969982
9969992
9970004
9970016
9970024
9970034
9970046
9970054
9970066
9970076
9970084
9970096
9970108
9970118
9970126
9970138
9970148
9970156
9970168
9970180
9970188
9970198
9970210
9970218
9970230
9970240
9970248
9970260
9970272
9970282
9970290
9970302
9970314
9970320
9970332
9970344
9970352
9970362
9970374
9970382
9970394
9970404
9970412
9970424
9970436
9970442
9970454
9970466
9970478
9970484
9970496
9970508
9970516
9970526
9970538
9970546
9970558
9970568
9970576
9970588
9970600
9970606
9970618
9970630
9970638
9970648
9970660
9970668
9970680
9970690
9970698
9970710
9970722
9970728
9970740
9970752
9970760
9970770
9970782
9970790
9970802
9970812
9970820
9970832
9970844
9970850
9970862
9970874
9970882
9970892
9970904
9970912
9970924
9970934
9970942
9970954
9970966
9970972
9970984
9970996
9971004
9971014
9971026
9971034
9971046
9971056
9971064
9971076
9971088
9971096
9971106
9971118
9971126
9971138
9971144
9971156
9971168
9971176
9971186
9971198
9971206
9971218
9971228
9971236
9971248
9971260
9971270
9971282
9971294
9971304
9971316
9971328
9971342
9971354
9971366
9971378
9971388
9971400
9971412
9971424
9971434
9971446
9971458
9971468
9971480
9971492
9971504
9971514
9971530
9971542
9971552
9971564
9971576
9971588
9971598
9971610
9971622
9971632
9971644
9971656
9971668
9971678
9971690
9971702
9971714
9971724
9971736
9971752
9971762
9971774
9971786
9971796
9971808
9971820
9971832
9971842
9971854
9971866
9971878
9971888
9971900
9971912
9971922
9971934
9971946
9971958
9971968
9971980
9971992
9972006
9972018
9972030
9972042
9972052
9972064
9972076
9972086
9972098
9972110
9972122
9972132
9972144
9972156
9972166
9972178
9972190
9972202
9972212
9972224
9972236
9972248
9972258
9972270
9972282
9972292
9972304
9972316
9972328
9972338
9972350
9972366
9972376
9972388
9972400
9972412
9972422
9972434
9972446
9972456
9972468
9972480
9972492
9972502
9972514
9972526
9972536
9972548
9972560
9972572
9972582
9972594
9972606
9972618
9972628
9972640
9972652
9972662
9972674
9972686
9972698
9972708
9972720
9972732
9972742
9972750
9972762
9972774
9972782
9972792
9972804
9972812
9972824
9972834
9972842
9972854
9972862
9972872
9972884
9972892
9972904
9972914
9972922
9972934
9972946
9972952
9972964
9972972
9972984
9972994
9973002
9973014
9973026
9973032
9973044
9973052
9973064
9973074
9973082
9973094
9973106
9973114
9973124
9973132
9973144
9973154
9973162
9973174
9973186
9973194
9973204
9973212
9973224
9973236
9973242
9973254
9973266
9973274
9973284
9973292
9973304
9973316
9973322
9973334
9973342
9973354
9973364
9973372
9973384
9973396
9973402
9973414
9973422
9973434
9973444
9973452
9973464
9973472
9973484
9973494
9973502
9973514
9973526
9973532
9973544
9973552
9973564
9973574
9973582
9973594
9973602
9973612
9973624
9973632
9973644
9973650
9973662
9973674
9973682
9973692
9973700
9973712
9973724
9973730
9973742
9973750
9973762
9973772
9973780
9973792
9973800
9973812
9973822
9973830
9973842
9973850
9973860
9973872
9973880
9973892
9973898
9973910
9973922
9973930
9973940
9973948
9973960
9973972
9973978
9973990
9973998
9974010
9974020
9974032
9974044
9974056
9974070
9974082
9974094
9974104
9974116
9974128
9974140
9974150
9974162
9974178
9974188
9974200
9974212
9974224
9974234
9974246
9974258
9974268
9974284
9974296
9974308
9974318
9974330
9974342
9974352
9974364
9974376
9974390
9974402
9974414
9974426
9974436
9974448
9974460
9974472
9974482
9974494
9974510
9974520
9974532
9974544
9974554
9974566
9974578
9974590
9974600
9974612
9974628
9974638
9974650
9974662
9974674
9974684
9974696
9974708
9974720
9974730
9974746
9974758
9974768
9974780
9974792
9974802
9974814
9974826
9974838
9974848
9974860
9974872
9974886
9974898
9974910
9974922
9974932
9974944
9974956
9974966
9974978
9974990
9975002
9975012
9975028
9975040
9975050
9975062
9975074
9975086
9975096
9975108
9975120
9975130
9975142
9975154
9975166
9975180
9975192
9975204
9975214
9975226
9975238
9975250
9975260
9975272
9975284
9975296
9975306
9975318
9975330
9975344
9975356
9975368
9975378
9975390
9975402
9975414
9975424
9975436
9975448
9975460
9975470
9975482
9975494
9975504
9975520
9975528
9975540
9975550
9975562
9975574
9975584
9975596
9975604
9975616
9975626
9975638
9975650
9975662
9975672
9975684
9975692
9975704
9975714
9975726
9975738
9975748
9975760
9975768
9975780
9975790
9975802
9975814
9975826
9975836
9975848
9975856
9975868
9975878
9975890
9975902
9975914
9975924
9975932
9975944
9975954
9975966
9975978
9975990
9976000
9976008
9976020
9976032
9976042
9976054
9976066
9976078
9976084
9976096
9976108
9976118
9976130
9976142
9976150
9976160
9976172
9976184
9976196
9976206
9976218
9976226
9976238
9976248
9976260
9976272
9976284
9976290
9976302
9976314
9976324
9976336
9976348
9976360
9976366
9976378
9976390
9976402
9976412
9976424
9976432
9976444
9976454
9976466
9976478
9976490
9976496
9976508
9976520
9976530
9976542
9976554
9976562
9976572
9976584
9976596
9976608
9976618
9976626
9976638
9976650
9976660
9976672
9976684
9976692
9976702
9976714
9976726
9976736
9976744
9976756
9976768
9976778
9976790
9976802
9976810
9976820
9976832
9976844
9976856
9976866
9976874
9976886
9976898
9976908
9976920
9976932
9976942
9976954
9976970
9976982
9976992
9977004
9977016
9977026
9977038
9977050
9977066
9977076
9977088
9977100
9977110
9977122
9977134
9977148
9977160
9977172
9977184
9977194
9977206
9977218
9977230
9977244
9977256
9977268
9977278
9977290
9977302
9977312
9977324
9977340
9977352
9977362
9977374
9977386
9977396
9977408
9977420
9977436
9977446
9977458
9977470
9977480
9977492
9977504
9977516
9977526
9977542
9977554
9977564
9977576
9977588
9977600
9977610
9977622
9977634
9977648
9977660
9977672
9977684
9977694
9977706
9977718
9977728
9977740
9977756
9977766
9977778
9977790
9977802
9977812
9977824
9977836
9977848
9977858
9977874
9977886
9977896
9977908
9977920
9977930
9977942
9977954
9977966
9977976
9977992
9978004
9978014
9978026
9978038
9978050
9978060
9978072
9978084
9978096
9978110
9978122
9978134
9978144
9978156
9978168
9978178
9978190
9978202
9978214
9978224
9978240
9978252
9978262
9978274
9978286
9978298
9978308
9978320
9978332
9978342
9978354
9978366
9978382
9978392
9978404
9978416
9978426
9978438
9978450
9978458
9978468
9978480
9978492
9978504
9978514
9978522
9978534
9978546
9978556
9978568
9978580
9978590
9978598
9978610
9978622
9978632
9978644
9978656
9978664
9978674
9978686
9978698
9978710
9978720
9978728
9978740
9978752
9978762
9978774
9978786
9978794
9978804
9978816
9978828
9978838
9978850
9978858
9978870
9978880
9978892
9978904
9978916
9978922
9978934
9978946
9978958
9978968
9978976
9978988
9979000
9979010
9979022
9979034
9979042
9979052
9979064
9979076
9979086
9979098
9979106
9979118
9979128
9979140
9979152
9979160
9979170
9979182
9979194
9979206
9979216
9979224
9979236
9979248
9979258
9979270
9979278
9979290
9979300
9979312
9979324
9979330
9979342
9979354
9979366
9979376
9979388
9979396
9979408
9979418
9979430
9979442
9979450
9979460
9979472
9979484
9979496
9979502
9979514
9979526
9979536
9979548
9979556
9979568
9979578
9979590
9979602
9979610
9979620
9979632
9979644
9979656
9979662
9979674
9979686
9979698
9979708
9979716
9979728
9979740
9979750
9979762
9979770
9979782
9979792
9979804
9979816
9979826
9979842
9979854
9979866
9979876
9979892
9979904
9979914
9979926
9979942
9979952
9979964
9979976
9979990
9980002
9980014
9980026
9980040
9980052
9980064
9980074
9980090
9980102
9980112
9980124
9980140
9980152
9980162
9980174
9980190
9980200
9980212
9980224
9980238
9980250
9980262
9980274
9980288
9980300
9980312
9980322
9980338
9980350
9980360
9980372
9980388
9980400
9980410
9980422
9980434
9980448
9980460
9980472
9980484
9980498
9980510
9980522
9980532
9980548
9980560
9980570
9980582
9980598
9980608
9980620
9980632
9980644
9980658
9980670
9980682
9980692
9980708
9980720
9980730
9980742
9980754
9980770
9980780
9980792
9980804
9980818
9980830
9980842
9980854
9980864
9980880
9980892
9980902
9980914
9980930
9980940
9980952
9980964
9980976
9980990
9981002
9981014
9981024
9981040
9981052
9981062
9981074
9981086
9981100
9981112
9981124
9981136
9981146
9981162
9981174
9981184
9981196
9981208
9981224
9981234
9981246
9981258
9981268
9981284
9981296
9981306
9981318
9981330
9981346
9981356
9981368
9981380
9981390
9981402
9981414
9981426
9981432
9981444
9981456
9981468
9981478
9981490
9981498
9981510
9981520
9981532
9981544
9981554
9981562
9981574
9981586
9981596
9981608
9981620
9981628
9981638
9981650
9981662
9981674
9981684
9981692
9981704
9981716
9981726
9981738
9981750
9981758
9981768
9981780
9981792
9981802
9981810
9981822
9981834
9981844
9981856
9981868
9981876
9981886
9981898
9981910
9981922
9981928
9981940
9981952
9981964
9981974
9981986
9981994
9982006
9982016
9982028
9982040
9982048
9982058
9982070
9982082
9982092
9982100
9982112
9982124
9982134
9982146
9982154
9982166
9982176
9982188
9982200
9982208
9982218
9982230
9982242
9982254
9982260
9982272
9982284
9982294
9982306
9982314
9982326
9982336
9982348
9982360
9982368
9982378
9982390
9982402
9982414
9982420
9982432
9982444
9982456
9982466
9982474
9982486
9982498
9982508
9982520
9982528
9982540
9982550
9982562
9982574
9982582
9982592
9982604
9982616
9982624
9982634
9982646
9982658
9982668
9982676
9982688
9982700
9982710
9982722
9982730
9982742
9982752
9982764
9982780
9982790
9982802
9982818
9982830
9982840
9982856
9982868
9982882
9982894
9982906
9982920
9982932
9982944
9982958
9982970
9982982
9982996
9983008
9983020
9983036
9983046
9983058
9983074
9983084
9983100
9983112
9983122
9983138
9983150
9983160
9983176
9983188
9983200
9983214
9983226
9983238
9983252
9983264
9983276
9983290
9983302
9983314
9983328
9983340
9983352
9983366
9983378
9983390
9983406
9983416
9983432
9983444
9983454
9983470
9983482
9983492
9983508
9983520
9983530
9983546
9983558
9983570
9983584
9983596
9983608
9983622
9983634
9983646
9983656
9983672
9983684
9983694
9983710
9983722
9983734
9983748
9983760
9983772
9983786
9983798
9983810
9983824
9983836
9983848
9983862
9983874
9983886
9983900
9983912
9983924
9983940
9983950
9983962
9983978
9983988
9984000
9984012
9984026
9984038
9984050
9984066
9984076
9984088
9984104
9984114
9984126
9984142
9984152
9984164
9984180
9984190
9984202
9984214
9984230
9984240
9984252
9984268
9984278
9984290
9984306
9984316
9984328
9984340
9984354
9984366
9984378
9984390
9984400
9984412
9984424
9984436
9984446
9984458
9984470
9984480
9984492
9984504
9984516
9984526
9984538
9984550
9984560
9984572
9984584
9984596
9984606
9984618
9984630
9984642
9984652
9984664
9984676
9984686
9984698
9984710
9984722
9984732
9984744
9984756
9984766
9984778
9984790
9984802
9984812
9984824
9984836
9984848
9984858
9984870
9984882
9984892
9984904
9984916
9984928
9984938
9984950
9984958
9984970
9984980
9984992
9985004
9985014
9985026
9985038
9985050
9985060
9985072
9985084
9985094
9985106
9985118
9985130
9985140
9985152
9985164
9985176
9985186
9985198
9985210
9985220
9985232
9985244
9985256
9985266
9985274
9985286
9985298
9985308
9985320
9985332
9985342
9985354
9985366
9985378
9985388
9985400
9985412
9985424
9985434
9985446
9985458
9985468
9985480
9985492
9985504
9985510
9985522
9985534
9985546
9985556
9985568
9985580
9985590
9985602
9985614
9985626
9985636
9985648
9985660
9985670
9985682
9985694
9985702
9985712
9985724
9985736
9985748
9985758
9985770
9985782
9985794
9985804
9985816
9985828
9985838
9985850
9985862
9985876
9985888
9985900
9985912
9985926
9985938
9985950
9985960
9985976
9985988
9986000
9986010
9986022
9986038
9986048
9986060
9986072
9986086
9986098
9986110
9986122
9986136
9986148
9986160
9986170
9986182
9986198
9986208
9986220
9986232
9986248
9986258
9986270
9986282
9986292
9986308
9986320
9986330
9986342
9986354
9986370
9986380
9986392
9986404
9986418
9986430
9986442
9986454
9986464
9986480
9986492
9986502
9986514
9986526
9986540
9986552
9986564
9986576
9986586
9986602
9986614
9986624
9986636
9986648
9986662
9986674
9986686
9986698
9986708
9986724
9986736
9986746
9986758
9986770
9986784
9986796
9986808
9986820
9986830
9986846
9986858
9986868
9986880
9986892
9986906
9986918
9986930
9986942
9986952
9986964
9986980
9986990
9987002
9987014
9987026
9987040
9987052
9987064
9987074
9987086
9987102
9987112
9987124
9987136
9987148
9987158
9987174
9987186
9987196
9987208
9987220
9987232
9987246
9987258
9987270
9987280
9987292
9987308
9987318
9987330
9987342
9987354
9987364
9987380
9987392
9987402
9987414
9987426
9987438
9987448
9987460
9987472
9987480
9987490
9987502
9987514
9987524
9987536
9987548
9987560
9987570
9987582
9987594
9987606
9987616
9987628
9987640
9987650
9987662
9987674
9987686
9987696
9987708
9987720
9987730
9987742
9987754
9987762
9987772
9987784
9987796
9987808
9987818
9987830
9987842
9987854
9987864
9987876
9987888
9987898
9987910
9987922
9987934
9987944
9987956
9987968
9987978
9987986
9987998
9988010
9988020
9988032
9988044
9988056
9988066
9988078
9988090
9988100
9988112
9988124
9988136
9988146
9988158
9988170
9988178
9988188
9988200
9988212
9988224
9988234
9988246
9988258
9988268
9988280
9988292
9988304
9988314
9988326
9988338
9988346
9988356
9988368
9988380
9988390
9988402
9988414
9988426
9988436
9988448
9988460
9988470
9988482
9988490
9988502
9988512
9988524
9988536
9988548
9988558
9988570
9988582
9988594
9988604
9988616
9988624
9988636
9988646
9988658
9988670
9988680
9988692
9988704
9988716
9988726
9988738
9988750
9988758
9988768
9988780
9988792
9988802
9988814
9988826
9988838
9988852
9988864
9988880
9988890
9988902
9988918
9988928
9988944
9988956
9988966
9988982
9988994
9989008
9989020
9989032
9989048
9989058
9989074
9989086
9989096
9989112
9989124
9989138
9989150
9989162
9989176
9989188
9989204
9989214
9989226
9989242
9989252
9989268
9989280
9989292
9989306
9989318
9989330
9989344
9989356
9989372
9989382
9989394
9989410
9989420
9989436
9989448
9989458
9989474
9989486
9989500
9989512
9989524
9989540
9989550
9989562
9989578
9989588
9989604
9989616
9989626
9989642
9989654
9989664
9989680
9989692
9989706
9989718
9989730
9989746
9989756
9989768
9989784
9989794
9989806
9989822
9989832
9989848
9989860
9989870
9989886
9989898
9989910
9989924
9989936
9989952
9989962
9989974
9989990
9990000
9990012
9990028
9990038
9990050
9990066
9990076
9990088
9990104
9990116
9990130
9990142
9990154
9990168
9990180
9990192
9990206
9990218
9990230
9990244
9990256
9990268
9990282
9990294
9990306
9990322
9990332
9990344
9990360
9990370
9990386
9990398
9990408
9990424
9990436
9990446
9990462
9990474
9990486
9990496
9990508
9990520
9990530
9990542
9990554
9990566
9990576
9990588
9990600
9990612
9990622
9990634
9990646
9990656
9990668
9990680
9990692
9990702
9990714
9990726
9990736
9990748
9990760
9990772
9990782
9990794
9990810
9990820
9990832
9990844
9990856
9990866
9990878
9990890
9990900
9990912
9990924
9990936
9990946
9990958
9990970
9990982
9990992
9991004
9991016
9991026
9991038
9991050
9991062
9991072
9991084
9991096
9991106
9991118
9991130
9991142
9991152
9991164
9991176
9991188
9991198
9991210
9991222
9991232
9991244
9991256
9991268
9991278
9991290
9991302
9991312
9991324
9991336
9991348
9991358
9991370
9991382
9991394
9991404
9991416
9991428
9991438
9991446
9991458
9991470
9991480
9991492
9991504
9991516
9991526
9991538
9991550
9991560
9991572
9991584
9991596
9991606
9991618
9991630
9991640
9991652
9991664
9991676
9991686
9991698
9991710
9991722
9991732
9991744
9991756
9991766
9991778
9991790
9991802
9991812
9991824
9991836
9991846
9991858
9991870
9991882
9991892
9991904
9991912
9991924
9991934
9991950
9991962
9991976
9991988
9992000
9992014
9992026
9992038
9992052
9992064
9992080
9992092
9992102
9992118
9992130
9992140
9992156
9992168
9992178
9992194
9992206
9992220
9992232
9992244
9992258
9992270
9992282
9992298
9992308
9992320
9992336
9992346
9992362
9992374
9992384
9992400
9992412
9992424
9992438
9992450
9992462
9992476
9992488
9992500
9992514
9992526
9992538
9992552
9992564
9992580
9992590
9992602
9992618
9992630
9992640
9992656
9992668
9992678
9992694
9992706
9992716
9992732
9992744
9992754
9992770
9992782
9992794
9992808
9992820
9992832
9992846
9992858
9992870
9992884
9992896
9992908
9992922
9992934
9992946
9992960
9992972
9992984
9993000
9993010
9993022
9993038
9993048
9993060
9993076
9993086
9993098
9993114
9993124
9993136
9993152
9993164
9993174
9993190
9993202
9993212
9993228
9993240
9993250
9993262
9993278
9993288
9993300
9993316
9993328
9993338
9993354
9993366
9993376
9993392
9993404
9993414
9993430
9993442
9993452
9993464
9993480
9993492
9993502
9993518
9993530
9993540
9993556
9993568
9993578
9993590
9993602
9993614
9993624
9993636
9993648
9993658
9993670
9993682
9993694
9993704
9993716
9993728
9993740
9993750
9993762
9993774
9993784
9993796
9993808
9993820
9993830
9993842
9993854
9993864
9993876
9993888
9993900
9993910
9993922
9993934
9993946
9993956
9993968
9993980
9993990
9994002
9994014
9994026
9994036
9994048
9994060
9994070
9994082
9994094
9994106
9994116
9994128
9994140
9994152
9994162
9994174
9994186
9994196
9994208
9994216
9994228
9994238
9994250
9994262
9994274
9994284
9994296
9994308
9994318
9994330
9994342
9994354
9994364
9994376
9994388
9994400
9994410
9994422
9994434
9994444
9994456
9994468
9994480
9994490
9994502
9994514
9994524
9994536
9994548
9994560
9994570
9994582
9994590
9994602
9994612
9994624
9994636
9994646
9994658
9994670
9994682
9994692
9994704
9994716
9994728
9994738
9994750
9994762
9994772
9994784
9994796
9994808
9994818
9994830
9994838
9994850
9994860
9994872
9994884
9994894
9994906
9994918
9994930
9994940
9994952
9994964
9994976
9994986
9994998
9995010
9995020
9995032
9995044
9995058
9995070
9995086
9995098
9995112
9995124
9995136
9995150
9995162
9995178
9995188
9995204
9995216
9995226
9995242
9995254
9995268
9995280
9995296
9995306
9995318
9995334
9995346
9995360
9995372
9995388
9995398
9995410
9995426
9995436
9995452
9995464
9995478
9995490
9995502
9995516
9995528
9995544
9995554
9995566
9995582
9995594
9995608
9995620
9995632
9995646
9995658
9995674
9995684
9995700
9995712
9995722
9995738
9995750
9995764
9995776
9995788
9995802
9995814
9995830
9995840
9995852
9995868
9995880
9995894
9995906
9995918
9995932
9995944
9995960
9995970
9995982
9995998
9996008
9996024
9996036
9996046
9996062
9996074
9996086
9996100
9996112
9996128
9996138
9996150
9996166
9996176
9996192
9996204
9996214
9996230
9996242
9996252
9996268
9996280
9996294
9996306
9996318
9996334
9996344
9996360
9996372
9996382
9996398
9996410
9996420
9996436
9996448
9996462
9996474
9996486
9996500
9996512
9996524
9996540
9996550
9996562
9996578
9996588
9996604
9996616
9996626
9996642
9996654
9996664
9996680
9996692
9996704
9996714
9996726
9996738
9996748
9996764
9996776
9996788
9996798
9996810
9996822
9996832
9996844
9996860
9996870
9996882
9996894
9996906
9996916
9996928
9996940
9996952
9996966
9996978
9996990
9997000
9997012
9997024
9997034
9997046
9997058
9997074
9997084
9997096
9997108
9997118
9997130
9997142
9997154
9997164
9997176
9997192
9997202
9997214
9997226
9997238
9997248
9997260
9997272
9997282
9997294
9997306
9997322
9997332
9997344
9997356
9997366
9997378
9997390
9997402
9997412
9997424
9997436
9997450
9997462
9997474
9997486
9997496
9997508
9997520
9997530
9997542
9997554
9997566
9997580
9997592
9997604
9997614
9997626
9997638
9997650
9997660
9997672
9997684
9997694
9997706
9997718
9997734
9997744
9997756
9997768
9997778
9997790
9997802
9997814
9997824
9997836
9997848
9997858
9997870
9997882
9997898
9997908
9997920
9997932
9997942
9997954
9997966
9997978
9997988
9998000
9998012
9998022
9998034
9998046
9998058
9998068
9998084
9998096
9998106
9998118
9998130
9998142
9998152
9998164
9998176
9998188
9998198
9998214
9998226
9998240
9998252
9998264
9998278
9998290
9998302
9998316
9998328
9998344
9998354
9998366
9998382
9998394
9998404
9998420
9998432
9998442
9998458
9998470
9998484
9998496
9998508
9998522
9998534
9998546
9998560
9998572
9998584
9998600
9998610
9998626
9998638
9998648
9998664
9998676
9998686
9998702
9998714
9998724
9998740
9998752
9998764
9998778
9998790
9998804
9998816
9998828
9998844
9998854
9998866
9998882
9998892
9998904
9998920
9998930
9998942
9998958
9998970
9998980
9998996
9999008
9999018
9999034
9999046
9999056
9999072
9999084
9999094
9999110
9999122
9999134
9999148
9999160
9999172
9999186
9999198
9999210
9999224
9999236
9999248
9999262
9999274
9999286
9999300
9999312
9999324
9999340
9999350
9999362
9999378
9999388
9999400
9999416
9999426
9999438
9999454
9999464
9999476
9999492
9999504
9999514
9999530
9999542
9999552
9999568
9999580
9999590
9999602
9999618
9999628
9999640
9999656
9999668
9999678
9999694
9999706
9999716
9999732
9999744
9999754
9999766
9999782
9999794
9999804
9999820
9999832
9999842
9999854
9999866
9999876
9999888
9999900
9999912
9999922
9999934
9999946
9999958
9999968
9999980
9999992
10000002
10000014
10000026
10000038
10000048
10000060
10000072
10000082
10000094
10000106
10000118
10000128
10000140
10000152
10000164
10000174
10000186
10000198
10000208
10000220
10000232
10000244
10000254
10000266
10000278
10000288
10000300
10000312
10000324
10000334
10000346
10000358
10000370
10000380
10000392
10000404
10000414
10000430
10000442
10000452
10000464
10000476
10000488
10000498
10000510
10000522
10000534
10000544
10000556
10000568
10000578
10000590
10000602
10000614
10000624
10000636
10000648
10000658
10000670
10000682
10000694
10000704
10000716
10000728
10000740
10000750
10000762
10000774
10000784
10000796
10000808
10000820
10000830
10000842
10000854
10000864
10000872
10000884
10000896
10000906
10000918
10000930
10000942
10000952
10000964
10000976
10000988
10000998
10001010
10001022
10001032
10001044
10001056
10001068
10001078
10001090
10001102
10001112
10001124
10001136
10001148
10001158
10001170
10001182
10001194
10001204
10001216
10001228
10001238
10001250
10001262
10001274
10001284
10001300
10001312
10001326
10001338
10001350
10001364
10001376
10001392
10001402
10001418
10001430
10001440
10001456
10001468
10001482
10001494
10001510
10001522
10001532
10001548
10001560
10001574
10001586
10001602
10001612
10001624
10001640
10001650
10001666
10001678
10001688
10001704
10001716
10001730
10001742
10001758
10001770
10001780
10001796
10001808
10001822
10001834
10001846
10001860
10001872
10001888
10001898
10001910
10001926
10001936
10001952
10001964
10001978
10001990
10002002
10002016
10002028
10002044
10002056
10002066
10002082
10002094
10002108
10002120
10002132
10002146
10002158
10002174
10002184
10002196
10002212
10002222
10002234
10002250
10002262
10002276
10002288
10002300
10002314
10002326
10002342
10002352
10002364
10002380
10002390
10002406
10002418
10002428
10002444
10002456
10002468
10002482
10002494
10002510
10002520
10002532
10002548
10002558
10002570
10002586
10002596
10002612
10002624
10002634
10002650
10002662
10002674
10002688
10002700
10002716
10002726
10002738
10002754
10002764
10002776
10002792
10002802
10002818
10002830
10002840
10002856
10002868
10002880
10002894
10002906
10002918
10002932
10002944
10002956
10002966
10002978
10002990
10003002
10003016
10003028
10003040
10003050
10003062
10003074
10003086
10003096
10003108
10003124
10003134
10003146
10003158
10003170
10003180
10003192
10003204
10003214
10003230
10003242
10003252
10003264
10003276
10003288
10003298
10003310
10003322
10003334
10003348
10003360
10003372
10003382
10003394
10003406
10003416
10003428
10003440
10003452
10003462
10003478
10003490
10003500
10003512
10003524
10003536
10003546
10003558
10003570
10003582
10003592
10003608
10003620
10003630
10003642
10003654
10003664
10003676
10003688
10003700
10003710
10003722
10003734
10003748
10003760
10003772
10003784
10003794
10003806
10003818
10003828
10003840
10003852
10003864
10003874
10003886
10003898
10003912
10003924
10003936
10003948
10003958
10003970
10003982
10003992
10004004
10004016
10004028
10004038
10004050
10004062
10004074
10004088
10004100
10004112
10004122
10004134
10004146
10004158
10004168
10004180
10004192
10004202
10004214
10004226
10004238
10004248
10004260
10004272
10004286
10004298
10004310
10004322
10004332
10004344
10004356
10004366
10004378
10004390
10004402
10004412
10004424
10004436
10004446
10004462
10004474
10004486
10004500
10004512
10004524
10004538
10004550
10004562
10004576
10004588
10004600
10004614
10004626
10004638
10004652
10004664
10004676
10004688
10004702
10004714
10004726
10004740
10004752
10004764
10004778
10004790
10004802
10004816
10004828
10004840
10004852
10004866
10004878
10004890
10004904
10004916
10004928
10004942
10004954
10004966
10004978
10004992
10005004
10005016
10005030
10005042
10005054
10005068
10005080
10005092
10005104
10005118
10005130
10005142
10005156
10005168
10005180
10005190
10005206
10005218
10005228
10005244
10005256
10005268
10005278
10005294
10005306
10005316
10005332
10005344
10005354
10005366
10005382
10005392
10005404
10005416
10005432
10005442
10005454
10005470
10005480
10005492
10005504
10005518
10005530
10005542
10005554
10005568
10005580
10005592
10005606
10005618
10005630
10005640
10005656
10005668
10005680
10005690
10005706
10005718
10005728
10005740
10005756
10005766
10005778
10005790
10005804
10005816
10005828
10005840
10005854
10005866
10005878
10005892
10005904
10005916
10005928
10005942
10005954
10005966
10005976
10005992
10006004
10006014
10006026
10006042
10006052
10006064
10006076
10006088
10006098
10006110
10006126
10006136
10006148
10006160
10006172
10006182
10006198
10006210
10006220
10006232
10006244
10006256
10006266
10006282
10006294
10006304
10006316
10006328
10006340
10006354
10006366
10006378
10006388
10006400
10006412
10006422
10006438
10006450
10006462
10006472
10006484
10006496
10006506
10006522
10006534
10006546
10006556
10006568
10006580
10006590
10006602
10006618
10006628
10006640
10006652
10006664
10006674
10006686
10006702
10006712
10006724
10006736
10006748
10006758
10006770
10006782
10006796
10006808
10006820
10006832
10006842
10006854
10006866
10006876
10006892
10006904
10006916
10006926
10006938
10006950
10006960
10006972
10006984
10006998
10007010
10007022
10007034
10007044
10007056
10007068
10007080
10007094
10007106
10007118
10007128
10007140
10007152
10007164
10007174
10007186
10007198
10007212
10007224
10007236
10007246
10007258
10007270
10007282
10007292
10007304
10007320
10007330
10007342
10007354
10007366
10007376
10007388
10007400
10007410
10007422
10007434
10007450
10007460
10007472
10007484
10007494
10007506
10007518
10007530
10007540
10007552
10007564
10007578
10007590
10007602
10007616
10007628
10007640
10007652
10007666
10007678
10007690
10007704
10007716
10007728
10007740
10007754
10007766
10007778
10007792
10007804
10007816
10007826
10007842
10007854
10007864
10007880
10007892
10007904
10007914
10007930
10007942
10007952
10007964
10007980
10007990
10008002
10008018
10008028
10008040
10008052
10008068
10008078
10008090
10008102
10008116
10008128
10008140
10008152
10008166
10008178
10008190
10008200
10008216
10008228
10008238
10008254
10008266
10008276
10008288
10008304
10008316
10008326
10008338
10008354
10008364
10008376
10008388
10008402
10008414
10008426
10008438
10008452
10008464
10008476
10008486
10008502
10008514
10008524
10008536
10008552
10008562
10008574
10008586
10008598
10008612
10008624
10008636
10008646
10008662
10008674
10008686
10008696
10008712
10008724
10008734
10008746
10008762
10008772
10008784
10008796
10008808
10008822
10008834
10008846
10008856
10008872
10008884
10008894
10008906
10008922
10008934
10008944
10008956
10008968
10008982
10008994
10009006
10009016
10009032
10009044
10009056
10009066
10009078
10009094
10009104
10009116
10009128
10009140
10009154
10009166
10009178
10009188
10009200
10009212
10009222
10009234
10009246
10009262
10009272
10009284
10009296
10009306
10009318
10009330
10009342
10009352
10009364
10009376
10009386
10009402
10009414
10009426
10009436
10009448
10009460
10009470
10009482
10009494
10009506
10009516
10009528
10009544
10009554
10009566
10009578
10009590
10009600
10009612
10009624
10009634
10009646
10009658
10009670
10009680
10009692
10009708
10009718
10009730
10009742
10009754
10009764
10009776
10009788
10009798
10009810
10009822
10009834
10009844
10009856
10009868
10009882
10009894
10009906
10009918
10009928
10009940
10009952
10009962
10009974
10009986
10009998
10010008
10010020
10010032
10010044
10010054
10010066
10010078
10010092
10010104
10010116
10010128
10010138
10010150
10010162
10010172
10010184
10010196
10010208
10010218
10010230
10010242
10010252
10010264
10010276
10010288
10010298
10010310
10010322
10010334
10010344
10010360
10010372
10010382
10010394
10010406
10010416
10010428
10010440
10010452
10010462
10010474
10010486
10010498
10010508
10010520
10010532
10010542
10010554
10010566
10010578
10010588
10010600
10010612
10010622
10010634
10010646
10010658
10010672
10010684
10010696
10010706
10010718
10010734
10010746
10010756
10010768
10010780
10010794
10010806
10010818
10010828
10010840
10010856
10010868
10010878
10010890
10010902
10010916
10010928
10010940
10010950
10010962
10010978
10010990
10011000
10011012
10011024
10011038
10011050
10011062
10011074
10011084
10011096
10011112
10011122
10011134
10011146
10011156
10011172
10011184
10011196
10011206
10011218
10011230
10011244
10011256
10011268
10011280
10011290
10011302
10011318
10011328
10011340
10011352
10011362
10011374
10011390
10011402
10011412
10011424
10011436
10011450
10011462
10011474
10011486
10011496
10011508
10011520
10011534
10011546
10011558
10011568
10011580
10011592
10011608
10011618
10011630
10011642
10011652
10011664
10011680
10011692
10011702
10011714
10011726
10011736
10011748
10011764
10011774
10011786
10011798
10011810
10011820
10011836
10011848
10011858
10011870
10011882
10011894
10011904
10011920
10011932
10011942
10011954
10011966
10011978
10011988
10012004
10012016
10012026
10012038
10012050
10012062
10012072
10012084
10012100
10012110
10012122
10012134
10012144
10012156
10012168
10012184
10012194
10012206
10012218
10012228
10012240
10012252
10012264
10012278
10012290
10012302
10012312
10012324
10012336
10012348
10012362
10012374
10012386
10012396
10012408
10012420
10012432
10012442
10012458
10012470
10012480
10012492
10012504
10012516
10012526
10012538
10012554
10012564
10012576
10012588
10012598
10012610
10012622
10012634
10012648
10012660
10012672
10012682
10012694
10012706
10012718
10012728
10012740
10012756
10012766
10012778
10012790
10012802
10012812
10012824
10012836
10012846
10012862
10012874
10012886
10012896
10012908
10012920
10012930
10012942
10012954
10012966
10012980
10012992
10013004
10013014
10013026
10013038
10013050
10013060
10013072
10013084
10013098
10013110
10013122
10013134
10013144
10013156
10013168
10013178
10013190
10013202
10013214
10013228
10013240
10013252
10013262
10013274
10013286
10013298
10013308
10013320
10013332
10013342
10013354
10013370
10013380
10013392
10013404
10013416
10013426
10013438
10013450
10013462
10013472
10013484
10013496
10013506
10013522
10013534
10013544
10013556
10013568
10013580
10013590
10013602
10013614
10013626
10013636
10013648
10013660
10013670
10013686
10013698
10013710
10013720
10013732
10013744
10013758
10013770
10013782
10013796
10013808
10013820
10013832
10013846
10013858
10013870
10013880
10013896
10013908
10013918
10013934
10013946
10013956
10013968
10013984
10013996
10014006
10014018
10014034
10014044
10014056
10014068
10014082
10014094
10014106
10014122
10014132
10014144
10014156
10014170
10014182
10014194
10014204
10014220
10014232
10014244
10014254
10014270
10014282
10014292
10014304
10014320
10014330
10014342
10014354
10014368
10014380
10014392
10014404
10014418
10014430
10014442
10014452
10014464
10014480
10014492
10014502
10014514
10014530
10014540
10014552
10014564
10014578
10014590
10014602
10014614
10014628
10014640
10014652
10014662
10014674
10014690
10014700
10014712
10014724
10014738
10014750
10014762
10014774
10014788
10014800
10014812
10014822
10014834
10014850
10014862
10014872
10014884
10014896
10014910
10014922
10014934
10014944
10014960
10014972
10014984
10014994
10015006
10015022
10015032
10015044
10015056
10015068
10015082
10015094
10015106
10015116
10015132
10015144
10015154
10015166
10015178
10015192
10015204
10015216
10015228
10015238
10015254
10015266
10015276
10015288
10015300
10015312
10015322
10015334
10015346
10015356
10015368
10015376
10015388
10015398
10015410
10015422
10015434
10015444
10015456
10015468
10015480
10015490
10015498
10015510
10015522
10015532
10015544
10015556
10015566
10015578
10015590
10015602
10015608
10015620
10015632
10015644
10015654
10015666
10015678
10015688
10015700
10015712
10015720
10015730
10015742
10015754
10015766
10015776
10015788
10015800
10015810
10015818
10015830
10015842
10015852
10015864
10015876
10015888
10015898
10015910
10015918
10015930
10015940
10015952
10015964
10015974
10015986
10015998
10016006
10016016
10016028
10016040
10016052
10016062
10016074
10016086
10016094
10016104
10016116
10016128
10016138
10016150
10016162
10016174
10016180
10016192
10016204
10016216
10016226
10016238
10016250
10016262
10016268
10016280
10016292
10016304
10016314
10016326
10016338
10016344
10016356
10016368
10016380
10016390
10016402
10016414
10016422
10016432
10016444
10016456
10016468
10016478
10016490
10016498
10016510
10016520
10016532
10016544
10016554
10016566
10016574
10016586
10016596
10016608
10016620
10016632
10016638
10016650
10016662
10016674
10016684
10016696
10016708
10016718
10016734
10016746
10016756
10016772
10016784
10016796
10016806
10016822
10016834
10016844
10016860
10016872
10016882
10016898
10016910
10016920
10016932
10016948
10016960
10016970
10016986
10016998
10017008
10017024
10017036
10017046
10017058
10017074
10017086
10017096
10017112
10017124
10017134
10017150
10017162
10017172
10017184
10017200
10017210
10017222
10017238
10017250
10017260
10017272
10017288
10017298
10017310
10017326
10017336
10017348
10017360
10017374
10017386
10017398
10017410
10017424
10017436
10017448
10017462
10017474
10017486
10017498
10017512
10017524
10017536
10017546
10017562
10017574
10017584
10017600
10017612
10017622
10017634
10017650
10017662
10017672
10017684
10017700
10017710
10017722
10017734
10017748
10017760
10017772
10017786
10017798
10017810
10017822
10017836
10017848
10017860
10017870
10017886
10017898
10017910
10017920
10017936
10017948
10017958
10017970
10017986
10017996
10018008
10018020
10018034
10018046
10018058
10018070
10018084
10018096
10018108
10018118
10018134
10018146
10018156
10018168
10018180
10018196
10018206
10018218
10018230
10018244
10018256
10018268
10018280
10018294
10018306
10018314
10018324
10018336
10018348
10018360
10018370
10018382
10018394
10018404
10018416
10018428
10018440
10018450
10018462
10018474
10018486
10018496
10018508
10018520
10018530
10018538
10018550
10018562
10018572
10018584
10018596
10018608
10018618
10018630
10018642
10018652
10018664
10018676
10018688
10018698
10018710
10018718
10018730
10018740
10018752
10018764
10018774
10018786
10018798
10018810
10018820
10018832
10018844
10018856
10018866
10018874
10018886
10018898
10018908
10018920
10018932
10018942
10018954
10018966
10018978
10018988
10019000
10019008
10019020
10019030
10019042
10019054
10019064
10019076
10019088
10019100
10019110
10019122
10019134
10019142
10019152
10019164
10019176
10019186
10019198
10019210
10019222
10019232
10019244
10019256
10019264
10019274
10019286
10019298
10019308
10019320
10019332
10019344
10019354
10019366
10019374
10019386
10019396
10019408
10019420
10019432
10019442
10019454
10019466
10019474
10019484
10019496
10019508
10019518
10019530
10019542
10019554
10019564
10019572
10019584
10019596
10019606
10019618
10019630
10019640
10019652
10019664
10019672
10019682
10019694
10019706
10019718
10019728
10019744
10019756
10019766
10019778
10019790
10019804
10019816
10019828
10019840
10019850
10019862
10019878
10019888
10019900
10019912
10019924
10019934
10019950
10019962
10019972
10019984
10019996
10020008
10020022
10020034
10020046
10020056
10020068
10020080
10020094
10020106
10020118
10020130
10020140
10020152
10020168
10020178
10020190
10020202
10020214
10020224
10020236
10020252
10020262
10020274
10020286
10020298
10020308
10020324
10020336
10020346
10020358
10020370
10020380
10020392
10020408
10020420
10020430
10020442
10020454
10020464
10020476
10020492
10020502
10020514
10020526
10020538
10020548
10020560
10020572
10020586
10020598
10020610
10020622
10020632
10020644
10020656
10020670
10020682
10020694
10020706
10020716
10020728
10020740
10020750
10020766
10020778
10020790
10020800
10020812
10020824
10020834
10020846
10020862
10020874
10020884
10020896
10020908
10020918
10020930
10020942
10020956
10020968
10020980
10020992
10021002
10021014
10021026
10021038
10021048
10021064
10021076
10021086
10021098
10021110
10021120
10021132
10021144
10021156
10021170
10021182
10021194
10021204
10021216
10021228
10021240
10021250
10021262
10021274
10021286
10021292
10021304
10021316
10021326
10021338
10021350
10021362
10021368
10021380
10021392
10021404
10021414
10021426
10021438
10021446
10021456
10021468
10021480
10021492
10021502
10021510
10021522
10021532
10021544
10021556
10021568
10021578
10021586
10021598
10021610
10021620
10021632
10021644
10021652
10021662
10021674
10021686
10021696
10021708
10021716
10021728
10021738
10021750
10021762
10021774
10021780
10021792
10021804
10021816
10021826
10021838
10021846
10021858
10021868
10021880
10021892
10021902
10021910
10021922
10021934
10021944
10021956
10021968
10021976
10021986
10021998
10022010
10022022
10022028
10022040
10022052
10022064
10022074
10022086
10022094
10022106
10022116
10022128
10022140
10022148
10022158
10022170
10022182
10022192
10022200
10022212
10022224
10022234
10022246
10022258
10022266
10022276
10022288
10022300
10022312
10022318
10022330
10022342
10022354
10022364
10022372
10022384
10022396
10022406
10022418
10022426
10022438
10022448
10022460
10022472
10022480
10022490
10022502
10022514
10022524
10022532
10022544
10022556
10022566
10022574
10022586
10022598
10022608
10022620
10022632
10022644
10022654
10022666
10022678
10022688
10022700
10022712
10022724
10022734
10022746
10022758
10022768
10022780
10022792
10022804
10022814
10022826
10022838
10022852
10022864
10022876
10022888
10022898
10022910
10022922
10022932
10022944
10022956
10022968
10022978
10022990
10023002
10023014
10023024
10023036
10023048
10023058
10023070
10023082
10023094
10023104
10023116
10023128
10023138
10023150
10023162
10023174
10023184
10023196
10023208
10023220
10023230
10023242
10023258
10023268
10023280
10023292
10023302
10023314
10023326
10023338
10023348
10023360
10023372
10023384
10023394
10023406
10023418
10023428
10023440
10023452
10023464
10023474
10023486
10023498
10023508
10023520
10023532
10023544
10023554
10023566
10023578
10023590
10023600
10023612
10023624
10023634
10023646
10023658
10023670
10023680
10023692
10023704
10023714
10023726
10023738
10023750
10023760
10023772
10023784
10023796
10023806
10023818
10023830
10023840
10023852
10023864
10023876
10023886
10023898
10023910
10023920
10023928
10023940
10023952
10023962
10023974
10023986
10023998
10024008
10024020
10024032
10024044
10024054
10024066
10024078
10024088
10024100
10024112
10024124
10024130
10024142
10024154
10024166
10024176
10024184
10024196
10024208
10024218
10024226
10024238
10024250
10024260
10024272
10024280
10024290
10024302
10024314
10024326
10024332
10024344
10024356
10024368
10024374
10024386
10024398
10024410
10024420
10024428
10024440
10024452
10024462
10024470
10024482
10024494
10024504
10024516
10024524
10024536
10024546
10024558
10024566
10024578
10024588
10024600
10024612
10024620
10024630
10024642
10024654
10024662
10024672
10024684
10024696
10024702
10024714
10024726
10024738
10024744
10024756
10024768
10024780
10024786
10024798
10024810
10024822
10024832
10024840
10024852
10024864
10024874
10024882
10024894
10024906
10024916
10024924
10024936
10024948
10024958
10024966
10024978
10024990
10025000
10025008
10025020
10025032
10025042
10025050
10025062
10025074
10025080
10025092
10025104
10025114
10025122
10025134
10025146
10025156
10025164
10025176
10025188
10025198
10025206
10025218
10025230
10025240
10025248
10025260
10025272
10025278
10025290
10025302
10025314
10025320
10025332
10025344
10025356
10025362
10025374
10025386
10025394
10025404
10025416
10025428
10025436
10025450
10025462
10025474
10025484
10025496
10025508
10025520
10025530
10025542
10025558
10025568
10025580
10025592
10025604
10025614
10025626
10025638
10025652
10025664
10025676
10025688
10025698
10025710
10025722
10025732
10025744
10025760
10025772
10025782
10025794
10025806
10025816
10025828
10025840
10025852
10025866
10025878
10025890
10025900
10025912
10025924
10025936
10025946
10025958
10025970
10025984
10025996
10026008
10026020
10026030
10026042
10026054
10026064
10026076
10026088
10026100
10026114
10026126
10026138
10026148
10026160
10026172
10026184
10026194
10026206
10026218
10026228
10026244
10026256
10026268
10026278
10026290
10026302
10026312
10026324
10026336
10026348
10026358
10026370
10026382
10026396
10026408
10026420
10026432
10026442
10026454
10026466
10026476
10026488
10026500
10026512
10026522
10026534
10026546
10026560
10026572
10026584
10026596
10026606
10026618
10026630
10026640
10026652
10026664
10026676
10026686
10026698
10026710
10026720
10026732
10026748
10026760
10026770
10026782
10026794
10026804
10026816
10026828
10026840
10026850
10026862
10026874
10026884
10026896
10026908
10026920
10026930
10026942
10026954
10026966
10026976
10026984
10026996
10027008
10027018
10027026
10027038
10027050
10027056
10027068
10027080
10027090
10027098
10027110
10027122
10027132
10027140
10027152
10027164
10027172
10027182
10027194
10027206
10027214
10027224
10027236
10027248
10027256
10027266
10027278
10027286
10027296
10027308
10027320
10027328
10027338
10027350
10027358
10027370
10027380
10027392
10027400
10027412
10027422
10027430
10027442
10027454
10027464
10027472
10027484
10027496
10027502
10027514
10027526
10027534
10027544
10027556
10027568
10027576
10027586
10027598
10027606
10027618
10027628
10027640
10027648
10027660
10027670
10027678
10027690
10027702
10027708
10027720
10027732
10027740
10027750
10027762
10027774
10027782
10027792
10027804
10027812
10027824
10027834
10027842
10027854
10027866
10027872
10027884
10027896
10027904
10027914
10027926
10027938
10027946
10027956
10027968
10027976
10027988
10027998
10028006
10028018
10028030
10028038
10028048
10028060
10028068
10028078
10028090
10028098
10028110
10028120
10028128
10028140
10028152
10028160
10028170
10028182
10028190
10028202
10028212
10028220
10028232
10028244
10028250
10028262
10028274
10028284
10028296
10028308
10028320
10028330
10028342
10028354
10028366
10028376
10028388
10028396
10028408
10028418
10028430
10028442
10028452
10028464
10028476
10028488
10028498
10028510
10028522
10028532
10028544
10028556
10028568
10028578
10028586
10028598
10028610
10028620
10028632
10028644
10028656
10028666
10028678
10028690
10028700
10028712
10028724
10028736
10028742
10028754
10028766
10028778
10028788
10028800
10028812
10028822
10028834
10028846
10028858
10028868
10028880
10028888
10028900
10028910
10028922
10028934
10028944
10028956
10028968
10028980
10028990
10029002
10029014
10029022
10029032
10029044
10029056
10029066
10029078
10029090
10029102
10029112
10029124
10029136
10029144
10029154
10029166
10029178
10029190
10029200
10029212
10029224
10029234
10029246
10029254
10029266
10029276
10029288
10029300
10029312
10029322
10029334
10029346
10029356
10029364
10029376
10029388
10029398
10029410
10029422
10029434
10029444
10029456
10029464
10029476
10029486
10029498
10029510
10029520
10029532
10029544
10029556
10029562
10029574
10029586
10029598
10029608
10029620
10029632
10029644
10029650
10029662
10029674
10029684
10029696
10029704
10029716
10029726
10029734
10029746
10029758
10029766
10029776
10029788
10029796
10029808
10029818
10029826
10029838
10029850
10029856
10029868
10029880
10029888
10029898
10029910
10029918
10029930
10029940
10029948
10029960
10029972
10029978
10029990
10030002
10030010
10030020
10030032
10030040
10030052
10030058
10030070
10030082
10030090
10030100
10030112
10030120
10030132
10030142
10030150
10030162
10030174
10030180
10030192
10030204
10030212
10030222
10030230
10030242
10030254
10030260
10030272
10030284
10030292
10030302
10030314
10030322
10030334
10030342
10030352
10030364
10030372
10030384
10030394
10030402
10030414
10030426
10030432
10030444
10030452
10030464
10030474
10030482
10030494
10030506
10030512
10030524
10030532
10030544
10030554
10030562
10030574
10030586
10030592
10030604
10030612
10030624
10030634
10030642
10030654
10030662
10030672
10030684
10030692
10030704
10030714
10030722
10030734
10030742
10030754
10030764
10030772
10030784
10030792
10030802
10030814
10030822
10030834
10030840
10030852
10030864
10030872
10030882
10030890
10030902
10030914
10030920
10030932
10030940
10030952
10030962
10030970
10030982
10030994
10031004
10031016
10031024
10031036
10031046
10031058
10031070
10031078
10031088
10031100
10031112
10031124
10031134
10031142
10031154
10031166
10031176
10031188
10031196
10031208
10031218
10031230
10031242
10031250
10031260
10031272
10031284
10031294
10031302
10031314
10031326
10031336
10031348
10031356
10031368
10031378
10031390
10031402
10031410
10031420
10031432
10031444
10031454
10031462
10031474
10031486
10031496
10031508
10031516
10031528
10031538
10031550
10031562
10031570
10031580
10031592
10031604
10031612
10031622
10031634
10031646
10031658
10031664
10031676
10031688
10031700
10031710
10031718
10031730
10031742
10031752
10031760
10031772
10031784
10031794
10031806
10031814
10031826
10031836
10031848
10031856
10031866
10031878
10031890
10031898
10031908
10031920
10031932
10031944
10031950
10031962
10031974
10031986
10031992
10032004
10032016
10032028
10032034
10032046
10032058
10032070
10032076
10032088
10032100
10032112
10032118
10032130
10032142
10032154
10032164
10032172
10032184
10032196
10032206
10032214
10032226
10032238
10032248
10032256
10032268
10032278
10032290
10032298
10032310
10032320
10032332
10032340
10032352
10032362
10032370
10032382
10032394
10032404
10032412
10032424
10032436
10032446
10032454
10032466
10032478
10032484
10032496
10032508
10032520
10032526
10032538
10032550
10032562
10032568
10032580
10032592
10032600
10032610
10032622
10032634
10032642
10032652
10032664
10032672
10032684
10032694
10032706
10032714
10032726
10032736
10032744
10032756
10032768
10032778
10032786
10032798
10032810
10032816
10032828
10032840
10032848
10032858
10032870
10032882
10032890
10032900
10032912
10032920
10032932
10032942
10032954
10032962
10032974
10032984
10032992
10033004
10033016
10033022
10033034
10033046
10033054
10033064
10033076
10033088
10033096
10033106
10033118
10033126
10033138
10033148
10033156
10033168
10033180
10033186
10033198
10033210
10033218
10033228
10033240
10033252
10033260
10033270
10033282
10033290
10033302
10033312
10033320
10033332
10033344
10033350
10033362
10033374
10033382
10033392
10033404
10033412
10033424
10033434
10033442
10033454
10033466
10033472
10033484
10033496
10033504
10033514
10033526
10033534
10033546
10033556
10033564
10033576
10033588
10033596
10033606
10033618
10033626
10033638
10033648
10033656
10033668
10033678
10033690
10033698
10033710
10033720
10033732
10033740
10033752
10033762
10033774
10033782
10033794
10033804
10033812
10033824
10033836
10033846
10033854
10033866
10033878
10033884
10033896
10033908
10033920
10033926
10033938
10033950
10033962
10033968
10033980
10033992
10034000
10034010
10034022
10034034
10034042
10034052
10034064
10034072
10034084
10034094
10034106
10034114
10034126
10034136
10034144
10034156
10034168
10034174
10034186
10034198
10034210
10034216
10034228
10034240
10034248
10034258
10034270
10034278
10034290
10034300
10034312
10034320
10034332
10034342
10034350
10034362
10034374
10034380
10034392
10034404
10034412
10034422
10034434
10034446
10034454
10034464
10034476
10034484
10034496
10034506
10034514
10034526
10034538
10034544
10034556
10034568
10034576
10034586
10034598
10034610
10034618
10034628
10034640
10034648
10034660
10034670
10034678
10034690
10034702
10034708
10034720
10034732
10034740
10034750
10034762
10034770
10034782
10034792
10034800
10034812
10034824
10034832
10034842
10034854
10034862
10034872
10034884
10034892
10034904
10034914
10034922
10034934
10034946
10034954
10034964
10034972
10034984
10034996
10035002
10035014
10035022
10035034
10035040
10035052
10035064
10035072
10035082
10035090
10035102
10035110
10035120
10035132
10035140
10035152
10035160
10035170
10035178
10035190
10035198
10035208
10035220
10035228
10035240
10035246
10035258
10035266
10035278
10035284
10035296
10035308
10035316
10035326
10035334
10035346
10035354
10035366
10035372
10035384
10035396
10035404
10035414
10035422
10035434
10035442
10035452
10035460
10035472
10035480
10035490
10035502
10035510
10035522
10035530
10035540
10035548
10035560
10035568
10035578
10035586
10035598
10035606
10035616
10035628
10035636
10035648
10035654
10035666
10035674
10035686
10035694
10035704
10035712
10035724
10035732
10035742
10035750
10035762
10035770
10035780
10035792
10035800
10035812
10035820
10035830
10035838
10035850
10035858
10035868
10035876
10035888
10035896
10035906
10035914
10035926
10035934
10035944
10035952
10035964
10035972
10035984
10035990
10036002
10036010
10036022
10036028
10036040
10036048
10036060
10036066
10036078
10036086
10036098
10036106
10036116
10036128
10036136
10036148
10036154
10036166
10036174
10036186
10036192
10036204
10036212
10036224
10036230
10036242
10036250
10036262
10036272
10036280
10036292
10036300
10036312
10036322
10036330
10036342
10036350
10036360
10036368
10036380
10036392
10036398
10036410
10036418
10036430
10036436
10036448
10036456
10036468
10036478
10036486
10036498
10036506
10036518
10036524
10036536
10036548
10036556
10036566
10036574
10036586
10036594
10036604
10036612
10036624
10036636
10036642
10036654
10036662
10036674
10036682
10036692
10036700
10036712
10036724
10036730
10036742
10036750
10036762
10036768
10036780
10036788
10036800
10036808
10036818
10036830
10036838
10036848
10036856
10036868
10036876
10036888
10036894
10036906
10036914
10036926
10036932
10036944
10036956
10036964
10036974
10036982
10036994
10037002
10037014
10037020
10037032
10037040
10037052
10037058
10037070
10037078
10037090
10037100
10037108
10037120
10037128
10037138
10037146
10037158
10037166
10037178
10037184
10037196
10037204
10037216
10037222
10037234
10037242
10037254
10037260
10037272
10037280
10037292
10037300
10037310
10037322
10037330
10037342
10037348
10037360
10037368
10037380
10037386
10037398
10037406
10037418
10037424
10037436
10037444
10037456
10037464
10037474
10037482
10037494
10037502
10037512
10037520
10037532
10037540
10037550
10037558
10037570
10037578
10037590
10037596
10037608
10037616
10037628
10037634
10037646
10037654
10037666
10037672
10037684
10037692
10037704
10037712
10037718
10037730
10037738
10037750
10037756
10037768
10037776
10037788
10037796
10037806
10037814
10037826
10037834
10037844
10037852
10037864
10037872
10037882
10037890
10037902
10037910
10037920
10037928
10037936
10037948
10037956
10037966
10037974
10037986
10037994
10038004
10038012
10038024
10038032
10038042
10038050
10038062
10038070
10038082
10038088
10038096
10038108
10038116
10038126
10038134
10038146
10038154
10038166
10038172
10038184
10038192
10038204
10038210
10038218
10038230
10038238
10038248
10038256
10038268
10038276
10038288
10038294
10038302
10038314
10038322
10038332
10038340
10038352
10038360
10038372
10038378
10038390
10038398
10038406
10038416
10038424
10038436
10038444
10038454
10038462
10038474
10038482
10038490
10038500
10038508
10038520
10038528
10038538
10038546
10038554
10038566
10038574
10038584
10038592
10038604
10038612
10038618
10038630
10038638
10038650
10038658
10038668
10038676
10038688
10038696
10038702
10038714
10038722
10038734
10038742
10038752
10038760
10038772
10038780
10038786
10038798
10038806
10038818
10038824
10038836
10038844
10038852
10038864
10038870
10038882
10038890
10038902
10038908
10038920
10038928
10038936
10038948
10038954
10038966
10038974
10038986
10038992
10039000
10039012
10039020
10039030
10039038
10039046
10039058
10039066
10039076
10039084
10039096
10039104
10039112
10039122
10039130
10039142
10039150
10039160
10039168
10039176
10039188
10039196
10039206
10039214
10039222
10039234
10039240
10039252
10039260
10039268
10039278
10039286
10039298
10039306
10039318
10039324
10039332
10039344
10039352
10039362
10039370
10039378
10039390
10039398
10039408
10039416
10039424
10039436
10039442
10039454
10039462
10039470
10039482
10039488
10039500
10039508
10039516
10039526
10039534
10039546
10039554
10039562
10039572
10039580
10039588
10039600
10039608
10039618
10039626
10039634
10039646
10039652
10039664
10039672
10039680
10039690
10039698
10039706
10039718
10039726
10039736
10039744
10039752
10039764
10039772
10039782
10039790
10039798
10039810
10039816
10039824
10039836
10039844
10039852
10039858
10039870
10039878
10039886
10039896
10039904
10039912
10039920
10039932
10039938
10039946
10039954
10039966
10039974
10039980
10039988
10040000
10040008
10040016
10040026
10040034
10040042
10040050
10040060
10040068
10040076
10040084
10040096
10040102
10040110
10040118
10040130
10040138
10040144
10040152
10040164
10040172
10040180
10040186
10040198
10040206
10040214
10040222
10040232
10040240
10040248
10040256
10040266
10040274
10040282
10040290
10040302
10040308
10040316
10040324
10040336
10040344
10040350
10040358
10040370
10040378
10040386
10040392
10040404
10040412
10040420
10040428
10040438
10040446
10040454
10040462
10040470
10040480
10040488
10040496
10040504
10040514
10040522
10040530
10040538
10040550
10040556
10040564
10040572
10040584
10040592
10040598
10040606
10040614
10040626
10040634
10040640
10040648
10040660
10040668
10040676
10040682
10040690
10040702
10040710
10040718
10040724
10040736
10040744
10040752
10040760
10040766
10040778
10040786
10040794
10040802
10040808
10040820
10040828
10040836
10040842
10040854
10040862
10040870
10040878
10040884
10040896
10040904
10040912
10040924
10040930
10040942
10040950
10040962
10040968
10040980
10040988
10041000
10041006
10041018
10041026
10041038
10041046
10041056
10041064
10041076
10041084
10041094
10041102
10041114
10041122
10041132
10041140
10041152
10041160
10041172
10041178
10041190
10041198
10041210
10041216
10041228
10041236
10041248
10041254
10041266
10041274
10041286
10041294
10041304
10041312
10041324
10041332
10041338
10041350
10041358
10041370
10041378
10041388
10041396
10041408
10041416
10041426
10041434
10041446
10041454
10041464
10041472
10041484
10041492
10041502
10041510
10041522
10041530
10041542
10041548
10041560
10041568
10041576
10041586
10041594
10041606
10041614
10041624
10041632
10041644
10041652
10041664
10041670
10041682
10041690
10041702
10041708
10041716
10041728
10041736
10041748
10041754
10041766
10041774
10041786
10041792
10041804
10041812
10041824
10041830
10041838
10041850
10041858
10041870
10041876
10041888
10041896
10041908
10041914
10041926
10041934
10041942
10041954
10041960
10041972
10041980
10041992
10041998
10042010
10042018
10042026
10042036
10042044
10042056
10042064
10042076
10042082
10042094
10042102
10042110
10042120
10042128
10042136
10042144
10042152
10042160
10042170
10042178
10042186
10042194
10042200
10042208
10042216
10042224
10042232
10042240
10042250
10042258
10042266
10042274
10042282
10042288
10042296
10042304
10042312
10042320
10042326
10042338
10042346
10042354
10042362
10042368
10042376
10042384
10042392
10042400
10042406
10042414
10042422
10042434
10042442
10042448
10042456
10042464
10042472
10042480
10042488
10042494
10042502
10042510
10042518
10042530
10042536
10042544
10042552
10042560
10042568
10042574
10042582
10042590
10042598
10042606
10042612
10042620
10042632
10042640
10042648
10042654
10042662
10042670
10042678
10042686
10042694
10042700
10042708
10042716
10042724
10042732
10042738
10042750
10042758
10042766
10042774
10042780
10042788
10042796
10042804
10042812
10042818
10042826
10042834
10042842
10042850
10042858
10042864
10042872
10042884
10042892
10042900
10042906
10042914
10042922
10042930
10042938
10042944
10042952
10042960
10042968
10042976
10042984
10042990
10042998
10043006
10043014
10043022
10043028
10043040
10043048
10043056
10043064
10043070
10043078
10043086
10043094
10043102
10043108
10043116
10043124
10043132
10043140
10043150
10043158
10043166
10043178
10043186
10043192
10043200
10043212
10043220
10043228
10043238
10043246
10043254
10043266
10043272
10043280
10043288
10043300
10043308
10043314
10043326
10043334
10043342
10043350
10043360
10043368
10043376
10043388
10043394
10043402
10043414
10043422
10043430
10043436
10043448
10043456
10043464
10043476
10043482
10043490
10043498
10043510
10043518
10043524
10043532
10043544
10043552
10043560
10043570
10043578
10043586
10043594
10043604
10043612
10043620
10043632
10043640
10043646
10043654
10043666
10043674
10043682
10043688
10043700
10043708
10043716
10043726
10043734
10043742
10043750
10043762
10043768
10043776
10043784
10043796
10043804
10043810
10043818
10043830
10043838
10043846
10043852
10043864
10043872
10043880
10043888
10043898
10043906
10043914
10043926
10043932
10043940
10043948
10043960
10043968
10043974
10043982
10043994
10044002
10044010
10044016
10044028
10044036
10044044
10044052
10044062
10044070
10044078
10044086
10044096
10044104
10044112
10044120
10044128
10044138
10044146
10044154
10044162
10044174
10044180
10044188
10044196
10044208
10044216
10044222
10044230
10044242
10044250
10044258
10044264
10044272
10044280
10044288
10044296
10044302
10044314
10044322
10044330
10044338
10044344
10044352
10044360
10044368
10044376
10044386
10044394
10044402
10044410
10044418
10044424
10044432
10044440
10044448
10044460
10044466
10044474
10044482
10044490
10044498
10044506
10044512
10044520
10044528
10044540
10044548
10044554
10044562
10044570
10044578
10044586
10044592
10044600
10044608
10044616
10044628
10044634
10044642
10044650
10044658
10044666
10044672
10044680
10044688
10044696
10044704
10044714
10044722
10044730
10044738
10044746
10044754
10044760
10044768
10044776
10044784
10044792
10044798
10044810
10044818
10044826
10044834
10044840
10044848
10044856
10044864
10044872
10044878
10044886
10044894
10044902
10044910
10044920
10044928
10044936
10044944
10044952
10044960
10044966
10044974
10044982
10044990
10044998
10045004
10045012
10045020
10045032
10045040
10045046
10045054
10045062
10045070
10045078
10045084
10045092
10045100
10045108
10045116
10045124
10045130
10045138
10045146
10045154
10045166
10045172
10045180
10045188
10045196
10045204
10045210
10045218
10045226
10045234
10045242
10045248
10045256
10045264
10045276
10045284
10045290
10045298
10045306
10045314
10045326
10045332
10045340
10045348
10045356
10045364
10045374
10045382
10045390
10045398
10045406
10045412
10045420
10045432
10045440
10045448
10045454
10045462
10045470
10045482
10045490
10045496
10045504
10045512
10045520
10045528
10045538
10045546
10045554
10045562
10045570
10045578
10045584
10045596
10045604
10045612
10045618
10045626
10045634
10045642
10045654
10045660
10045668
10045676
10045684
10045692
10045700
10045710
10045718
10045726
10045734
10045742
10045748
10045756
10045768
10045776
10045782
10045790
10045798
10045806
10045814
10045822
10045832
10045840
10045848
10045856
10045864
10045870
10045878
10045886
10045898
10045906
10045912
10045920
10045928
10045936
10045944
10045950
10045962
10045970
10045978
10045986
10045992
10046000
10046008
10046016
10046028
10046034
10046042
10046050
10046058
10046066
10046072
10046080
10046088
10046100
10046108
10046114
10046122
10046130
10046138
10046146
10046154
10046160
10046172
10046180
10046188
10046194
10046202
10046210
10046218
10046226
10046234
10046240
10046252
10046260
10046268
10046276
10046282
10046290
10046298
10046306
10046314
10046320
10046328
10046336
10046344
10046352
10046360
10046366
10046374
10046382
10046390
10046398
10046404
10046412
10046420
10046428
10046436
10046442
10046450
10046458
10046466
10046474
10046482
10046488
10046496
10046504
10046512
10046520
10046526
10046534
10046542
10046550
10046558
10046566
10046572
10046580
10046588
10046596
10046604
10046610
10046618
10046626
10046634
10046642
10046648
10046656
10046664
10046672
10046680
10046688
10046694
10046702
10046710
10046718
10046726
10046732
10046740
10046748
10046756
10046764
10046772
10046778
10046786
10046794
10046802
10046810
10046816
10046824
10046832
10046840
10046848
10046854
10046862
10046870
10046878
10046886
10046894
10046900
10046908
10046916
10046924
10046932
10046938
10046946
10046954
10046962
10046970
10046976
10046984
10046992
10047000
10047008
10047016
10047022
10047030
10047038
10047042
10047050
10047058
10047064
10047072
10047080
10047088
10047096
10047102
10047110
10047118
10047126
10047134
10047142
10047148
10047156
10047164
10047172
10047180
10047186
10047194
10047202
10047210
10047218
10047224
10047232
10047240
10047244
10047252
10047260
10047266
10047274
10047282
10047290
10047298
10047308
10047316
10047324
10047332
10047340
10047348
10047354
10047362
10047370
10047378
10047386
10047392
10047400
10047408
10047416
10047424
10047430
10047438
10047446
10047454
10047462
10047470
10047476
10047484
10047492
10047500
10047508
10047514
10047522
10047530
10047538
10047546
10047554
10047560
10047568
10047576
10047584
10047592
10047598
10047606
10047614
10047622
10047630
10047636
10047644
10047652
10047660
10047668
10047676
10047682
10047690
10047698
10047706
10047714
10047720
10047728
10047736
10047744
10047752
10047760
10047766
10047774
10047782
10047790
10047798
10047804
10047812
10047820
10047828
10047836
10047842
10047850
10047858
10047866
10047874
10047882
10047888
10047896
10047904
10047908
10047916
10047924
10047930
10047938
10047946
10047954
10047962
10047968
10047976
10047984
10047992
10048000
10048006
10048014
10048022
10048030
10048038
10048046
10048052
10048060
10048068
10048076
10048084
10048090
10048098
10048106
10048114
10048122
10048130
10048136
10048144
10048152
10048160
10048164
10048170
10048178
10048186
10048194
10048202
10048210
10048216
10048224
10048232
10048240
10048248
10048252
10048258
10048266
10048270
10048278
10048286
10048294
10048296
10048304
10048312
10048316
10048324
10048332
10048338
10048342
10048350
10048358
10048362
10048370
10048376
10048384
10048388
10048396
10048404
10048408
10048416
10048422
10048430
10048434
10048442
10048450
10048454
10048460
10048468
10048476
10048480
10048488
10048496
10048500
10048506
10048514
10048518
10048526
10048534
10048542
10048544
10048552
10048560
10048564
10048572
10048580
10048582
10048590
10048598
10048606
10048610
10048618
10048624
10048628
10048636
10048644
10048648
10048656
10048664
10048666
10048674
10048682
10048690
10048694
10048702
10048708
10048712
10048720
10048728
10048732
10048740
10048748
10048750
10048758
10048766
10048770
10048778
10048786
10048788
10048796
10048804
10048812
10048816
10048824
10048830
10048834
10048842
10048850
10048854
10048862
10048870
10048872
10048880
10048888
10048892
10048900
10048908
10048912
10048918
10048926
10048930
10048938
10048946
10048950
10048956
10048964
10048968
10048976
10048984
10048988
10048994
10049002
10049006
10049014
10049022
10049026
10049034
10049040
10049044
10049052
10049060
10049068
10049076
10049078
10049086
10049094
10049102
10049110
10049118
10049124
10049132
10049140
10049148
10049156
10049162
10049166
10049174
10049182
10049190
10049198
10049204
10049212
10049220
10049228
10049236
10049242
10049246
10049254
10049262
10049270
10049278
10049284
10049292
10049300
10049308
10049316
10049320
10049326
10049334
10049342
10049350
10049358
10049364
10049372
10049380
10049388
10049392
10049400
10049406
10049414
10049422
10049430
10049438
10049446
10049452
10049460
10049464
10049472
10049480
10049488
10049494
10049502
10049510
10049518
10049526
10049530
10049536
10049544
10049552
10049560
10049568
10049574
10049582
10049590
10049594
10049602
10049610
10049616
10049624
10049632
10049640
10049648
10049652
10049658
10049666
10049674
10049682
10049690
10049696
10049704
10049708
10049716
10049724
10049732
10049738
10049746
10049754
10049762
10049766
10049774
10049780
10049788
10049796
10049804
10049812
10049818
10049822
10049830
10049838
10049846
10049854
10049860
10049868
10049872
10049880
10049888
10049896
10049902
10049910
10049918
10049922
10049930
10049938
10049944
10049952
10049960
10049968
10049972
10049980
10049986
10049994
10050002
10050006
10050014
10050022
10050024
10050032
10050040
10050048
10050052
10050060
10050066
10050070
10050078
10050086
10050094
10050098
10050106
10050112
10050120
10050124
10050132
10050140
10050144
10050150
10050158
10050166
10050170
10050178
10050186
10050188
10050196
10050204
10050208
10050216
10050224
10050230
10050234
10050242
10050250
10050254
10050262
10050270
10050276
10050280
10050288
10050296
10050300
10050308
10050314
10050318
10050326
10050334
10050342
10050346
10050354
10050360
10050364
10050372
10050380
10050384
10050392
10050398
10050406
10050410
10050418
10050426
10050430
10050436
10050444
10050448
10050456
10050464
10050472
10050476
10050482
10050490
10050494
10050502
10050510
10050514
10050520
10050528
10050532
10050540
10050548
10050552
10050558
10050566
10050574
10050578
10050586
10050594
10050598
10050604
10050612
10050616
10050624
10050632
10050636
10050642
10050650
10050654
10050662
10050670
10050674
10050682
10050688
10050692
10050700
10050708
10050712
10050720
10050726
10050730
10050738
10050746
10050750
10050758
10050764
10050768
10050776
10050784
10050788
10050796
10050804
10050806
10050814
10050822
10050830
10050834
10050842
10050848
10050852
10050860
10050868
10050872
10050880
10050888
10050894
10050898
10050906
10050914
10050918
10050926
10050932
10050936
10050944
10050952
10050956
10050964
10050970
10050974
10050982
10050990
10050998
10051002
10051010
10051016
10051020
10051028
10051036
10051040
10051048
10051054
10051058
10051066
10051074
10051078
10051086
10051094
10051096
10051104
10051112
10051116
10051124
10051132
10051136
10051142
10051150
10051158
10051162
10051170
10051176
10051180
10051188
10051196
10051200
10051208
10051216
10051218
10051226
10051234
10051238
10051246
10051254
10051258
10051264
10051272
10051276
10051284
10051292
10051296
10051302
10051310
10051314
10051322
10051330
10051334
10051342
10051344
10051352
10051360
10051364
10051372
10051380
10051382
10051390
10051398
10051402
10051410
10051418
10051422
10051428
10051436
10051440
10051448
10051456
10051460
10051466
10051474
10051478
10051486
10051494
10051498
10051506
10051508
10051516
10051524
10051528
10051536
10051544
10051548
10051554
10051562
10051566
10051574
10051582
10051586
10051592
10051596
10051604
10051612
10051616
10051624
10051630
10051634
10051642
10051646
10051654
10051658
10051666
10051670
10051676
10051684
10051688
10051696
10051700
10051708
10051712
10051718
10051722
10051730
10051734
10051742
10051750
10051752
10051760
10051764
10051772
10051776
10051784
10051788
10051794
10051798
10051806
10051810
10051818
10051826
10051830
10051836
10051840
10051848
10051852
10051860
10051864
10051872
10051876
10051882
10051886
10051894
10051898
10051906
10051914
10051918
10051924
10051928
10051936
10051940
10051948
10051952
10051958
10051962
10051970
10051974
10051982
10051986
10051994
10051998
10052004
10052008
10052016
10052024
10052028
10052036
10052040
10052046
10052050
10052058
10052062
10052070
10052074
10052082
10052084
10052092
10052096
10052104
10052108
10052116
10052120
10052126
10052130
10052138
10052142
10052150
10052154
10052162
10052164
10052172
10052176
10052184
10052188
10052196
10052200
10052206
10052210
10052218
10052222
10052230
10052234
10052242
10052246
10052252
10052256
10052264
10052268
10052276
10052280
10052288
10052290
10052298
10052302
10052310
10052314
10052322
10052326
10052332
10052336
10052344
10052348
10052356
10052360
10052368
10052374
10052378
10052386
10052394
10052398
10052406
10052410
10052416
10052424
10052428
10052436
10052444
10052448
10052454
10052462
10052466
10052474
10052478
10052486
10052494
10052496
10052504
10052512
10052516
10052524
10052528
10052536
10052542
10052546
10052554
10052562
10052566
10052574
10052576
10052584
10052592
10052596
10052604
10052612
10052616
10052622
10052626
10052634
10052642
10052646
10052654
10052660
10052664
10052672
10052676
10052684
10052692
10052696
10052702
10052706
10052714
10052722
10052726
10052734
10052742
10052744
10052752
10052756
10052764
10052772
10052776
10052782
10052786
10052794
10052802
10052806
10052814
10052818
10052824
10052832
10052836
10052844
10052848
10052856
10052864
10052866
10052874
10052878
10052886
10052894
10052898
10052906
10052908
10052916
10052924
10052928
10052936
10052940
10052946
10052954
10052958
10052966
10052970
10052978
10052986
10052988
10052996
10053000
10053008
10053016
10053020
10053028
10053030
10053038
10053046
10053050
10053058
10053062
10053070
10053076
10053080
10053088
10053092
10053100
10053104
10053112
10053118
10053122
10053130
10053134
10053142
10053150
10053152
10053156
10053164
10053168
10053172
10053180
10053184
10053188
10053194
10053198
10053206
10053210
10053214
10053222
10053226
10053230
10053236
10053240
10053244
10053252
10053256
10053264
10053268
10053272
10053278
10053282
10053286
10053294
10053298
10053302
10053310
10053314
10053318
10053324
10053328
10053332
10053340
10053344
10053352
10053356
10053358
10053366
10053370
10053374
10053382
10053386
10053390
10053398
10053400
10053404
10053412
10053416
10053420
10053428
10053432
10053436
10053442
10053446
10053450
10053458
10053462
10053466
10053474
10053478
10053482
10053488
10053492
10053500
10053504
10053508
10053516
10053520
10053524
10053530
10053534
10053538
10053546
10053550
10053554
10053562
10053564
10053568
10053576
10053580
10053584
10053592
10053596
10053600
10053606
10053610
10053614
10053622
10053626
10053630
10053634
10053642
10053646
10053648
10053656
10053660
10053664
10053672
10053676
10053680
10053688
10053690
10053694
10053702
10053706
10053710
10053718
10053722
10053726
10053732
10053736
10053740
10053748
10053752
10053756
10053764
10053768
10053770
10053774
10053782
10053786
10053790
10053798
10053802
10053810
10053812
10053816
10053824
10053828
10053836
10053840
10053848
10053852
10053858
10053862
10053870
10053874
10053882
10053886
10053894
10053896
10053904
10053908
10053912
10053920
10053924
10053932
10053936
10053942
10053946
10053954
10053958
10053966
10053970
10053976
10053980
10053988
10053992
10053996
10054004
10054008
10054016
10054018
10054026
10054030
10054038
10054042
10054050
10054054
10054060
10054064
10054068
10054076
10054080
10054088
10054092
10054100
10054102
10054110
10054114
10054118
10054126
10054130
10054138
10054140
10054148
10054152
10054160
10054164
10054172
10054176
10054180
10054186
10054190
10054198
10054202
10054210
10054214
10054222
10054224
10054228
10054236
10054240
10054248
10054252
10054260
10054264
10054270
10054274
10054278
10054286
10054290
10054298
10054302
10054308
10054312
10054316
10054324
10054328
10054336
10054340
10054346
10054350
10054358
10054362
10054366
10054374
10054378
10054386
10054388
10054396
10054400
10054404
10054412
10054416
10054424
10054428
10054434
10054438
10054442
10054450
10054454
10054462
10054466
10054470
10054476
10054480
10054488
10054492
10054500
10054504
10054508
10054514
10054518
10054526
10054530
10054534
10054542
10054546
10054550
10054556
10054560
10054568
10054572
10054576
10054584
10054588
10054592
10054598
10054602
10054606
10054614
10054618
10054626
10054630
10054634
10054640
10054644
10054648
10054656
10054660
10054664
10054672
10054676
10054678
10054686
10054690
10054698
10054702
10054706
10054714
10054718
10054720
10054728
10054732
10054736
10054744
10054748
10054752
10054758
10054762
10054766
10054774
10054778
10054782
10054790
10054794
10054800
10054804
10054808
10054816
10054820
10054824
10054832
10054836
10054840
10054846
10054850
10054854
10054862
10054866
10054870
10054878
10054882
10054884
10054892
10054896
10054900
10054908
10054912
10054916
10054924
10054926
10054930
10054938
10054942
10054946
10054954
10054958
10054962
10054968
10054972
10054976
10054984
10054988
10054992
10055000
10055004
10055006
10055014
10055018
10055022
10055030
10055034
10055038
10055046
10055048
10055052
10055060
10055064
10055068
10055076
10055080
10055084
10055090
10055094
10055098
10055106
10055110
10055114
10055122
10055126
10055130
10055136
10055140
10055144
10055148
10055156
10055160
10055164
10055170
10055174
10055178
10055182
10055186
10055190
10055198
10055202
10055206
10055210
10055212
10055216
10055220
10055228
10055232
10055236
10055240
10055244
10055248
10055252
10055258
10055262
10055266
10055270
10055274
10055278
10055286
10055290
10055294
10055296
10055300
10055304
10055308
10055316
10055320
10055324
10055328
10055332
10055334
10055338
10055346
10055350
10055354
10055358
10055362
10055366
10055370
10055376
10055380
10055384
10055388
10055392
10055396
10055400
10055404
10055412
10055416
10055418
10055422
10055426
10055430
10055434
10055442
10055446
10055450
10055454
10055458
10055460
10055464
10055468
10055476
10055480
10055484
10055488
10055492
10055496
10055500
10055506
10055510
10055514
10055518
10055522
10055526
10055530
10055534
10055540
10055544
10055548
10055552
10055556
10055560
10055564
10055568
10055572
10055580
10055582
10055586
10055590
10055594
10055598
10055602
10055606
10055614
10055618
10055622
10055624
10055628
10055632
10055636
10055640
10055644
10055652
10055656
10055660
10055664
10055666
10055670
10055674
10055678
10055686
10055690
10055694
10055698
10055702
10055706
10055708
10055712
10055716
10055724
10055728
10055732
10055736
10055740
10055744
10055746
10055750
10055758
10055762
10055766
10055770
10055774
10055778
10055782
10055786
10055792
10055796
10055800
10055804
10055808
10055812
10055816
10055820
10055828
10055830
10055834
10055838
10055842
10055846
10055850
10055854
10055862
10055866
10055870
10055872
10055876
10055880
10055884
10055888
10055896
10055900
10055904
10055908
10055912
10055914
10055918
10055922
10055926
10055934
10055938
10055942
10055946
10055950
10055952
10055956
10055960
10055964
10055972
10055976
10055980
10055984
10055988
10055992
10055994
10055998
10056002
10056010
10056014
10056018
10056022
10056026
10056030
10056034
10056036
10056040
10056048
10056052
10056056
10056060
10056064
10056068
10056072
10056076
10056078
10056082
10056090
10056094
10056098
10056102
10056106
10056110
10056114
10056118
10056120
10056124
10056132
10056136
10056140
10056144
10056148
10056152
10056156
10056158
10056162
10056166
10056170
10056178
10056182
10056186
10056190
10056194
10056198
10056200
10056204
10056208
10056212
10056216
10056224
10056228
10056232
10056236
10056240
10056242
10056246
10056250
10056254
10056258
10056262
10056266
10056270
10056274
10056278
10056282
10056284
10056288
10056292
10056296
10056300
10056304
10056308
10056312
10056316
10056320
10056324
10056326
10056330
10056334
10056338
10056342
10056346
10056350
10056354
10056358
10056362
10056364
10056368
10056372
10056376
10056380
10056384
10056388
10056392
10056396
10056400
10056404
10056406
10056410
10056414
10056418
10056422
10056426
10056430
10056434
10056438
10056442
10056446
10056446
10056448
10056452
10056456
10056460
10056464
10056468
10056472
10056476
10056480
10056484
10056488
10056490
10056494
10056498
10056502
10056506
10056510
10056514
10056518
10056522
10056526
10056528
10056532
10056536
10056540
10056544
10056548
10056552
10056556
10056560
10056564
10056564
10056568
10056570
10056574
10056578
10056582
10056586
10056590
10056594
10056598
10056602
10056606
10056610
10056612
10056616
10056620
10056624
10056628
10056632
10056636
10056640
10056644
10056648
10056652
10056652
10056654
10056658
10056662
10056666
10056670
10056674
10056678
10056682
10056686
10056690
10056694
10056696
10056700
10056704
10056708
10056712
10056716
10056720
10056724
10056724
10056728
10056732
10056734
10056738
10056742
10056750
10056754
10056758
10056762
10056766
10056770
10056774
10056776
10056780
10056784
10056788
10056792
10056796
10056800
10056804
10056808
10056812
10056816
10056818
10056822
10056826
10056830
10056834
10056838
10056842
10056846
10056850
10056854
10056858
10056860
10056864
10056868
10056872
10056876
10056880
10056888
10056892
10056896
10056900
10056902
10056906
10056910
10056914
10056918
10056922
10056926
10056930
10056934
10056938
10056940
10056944
10056948
10056952
10056956
10056960
10056964
10056968
10056972
10056976
10056980
10056982
10056986
10056990
10056994
10056998
10057002
10057006
10057010
10057014
10057018
10057022
10057024
10057028
10057032
10057036
10057040
10057044
10057048
10057052
10057056
10057060
10057064
10057066
10057070
10057074
10057078
10057082
10057086
10057090
10057094
10057098
10057102
10057106
10057108
10057112
10057116
10057120
10057124
10057128
10057132
10057136
10057140
10057144
10057146
10057150
10057154
10057158
10057162
10057166
10057170
10057174
10057178
10057182
10057186
10057188
10057192
10057196
10057200
10057204
10057208
10057212
10057216
10057220
10057224
10057228
10057230
10057234
10057238
10057238
10057242
10057246
10057250
10057254
10057258
10057262
10057262
10057266
10057270
10057272
10057276
10057280
10057284
10057284
10057288
10057292
10057296
10057300
10057304
10057308
10057312
10057312
10057314
10057318
10057322
10057326
10057330
10057330
10057334
10057338
10057342
10057346
10057350
10057352
10057352
10057356
10057360
10057364
10057368
10057372
10057376
10057376
10057380
10057384
10057388
10057392
10057394
10057398
10057398
10057402
10057406
10057410
10057414
10057418
10057418
10057422
10057426
10057430
10057434
10057436
10057440
10057440
10057444
10057448
10057452
10057456
10057460
10057460
10057464
10057468
10057472
10057476
10057478
10057478
10057482
10057486
10057490
10057494
10057498
10057498
10057502
10057506
10057510
10057514
10057518
10057518
10057520
10057524
10057528
10057532
10057536
10057536
10057540
10057544
10057548
10057552
10057556
10057556
10057558
10057562
10057566
10057570
10057574
10057574
10057578
10057582
10057586
10057590
10057594
10057594
10057598
10057600
10057604
10057608
10057612
10057612
10057616
10057620
10057624
10057628
10057628
10057632
10057636
10057640
10057642
10057646
10057646
10057650
10057654
10057658
10057662
10057666
10057670
10057670
10057674
10057678
10057682
10057684
10057688
10057688
10057692
10057696
10057700
10057704
10057708
10057712
10057712
10057716
10057720
10057722
10057726
10057730
10057730
10057734
10057738
10057742
10057746
10057750
10057750
10057754
10057758
10057762
10057764
10057768
10057768
10057772
10057776
10057780
10057784
10057788
10057788
10057792
10057796
10057800
10057804
10057806
10057806
10057810
10057814
10057818
10057822
10057822
10057826
10057830
10057834
10057838
10057842
10057842
10057846
10057848
10057852
10057856
10057860
10057860
10057864
10057868
10057872
10057876
10057876
10057880
10057884
10057888
10057890
10057894
10057894
10057898
10057902
10057906
10057910
10057914
10057914
10057918
10057922
10057926
10057928
10057928
10057932
10057936
10057940
10057944
10057944
10057948
10057952
10057956
10057960
10057964
10057964
10057968
10057970
10057974
10057978
10057978
10057982
10057986
10057990
10057994
10057994
10057998
10058002
10058006
10058010
10058010
10058012
10058016
10058020
10058024
10058028
10058028
10058032
10058036
10058040
10058044
10058044
10058048
10058052
10058052
10058054
10058058
10058058
10058062
10058066
10058070
10058070
10058074
10058078
10058078
10058082
10058086
10058086
10058090
10058094
10058094
10058096
10058100
10058104
10058104
10058108
10058112
10058112
10058116
10058120
10058120
10058124
10058128
10058128
10058132
10058134
10058138
10058138
10058142
10058146
10058146
10058150
10058154
10058154
10058158
10058162
10058162
10058166
10058170
10058170
10058174
10058176
10058176
10058180
10058184
10058188
10058188
10058192
10058196
10058196
10058200
10058204
10058204
10058208
10058212
10058212
10058216
10058218
10058218
10058222
10058226
10058226
10058230
10058234
10058234
10058238
10058242
10058242
10058246
10058250
10058250
10058254
10058258
10058258
10058260
10058264
10058268
10058268
10058272
10058276
10058276
10058280
10058284
10058284
10058288
10058292
10058292
10058296
10058300
10058300
10058302
10058306
10058306
10058310
10058314
10058314
10058318
10058322
10058322
10058326
10058330
10058330
10058334
10058338
10058338
10058340
10058344
10058344
10058348
10058352
10058352
10058356
10058360
10058360
10058364
10058364
10058368
10058372
10058376
10058376
10058380
10058382
10058382
10058386
10058390
10058394
10058394
10058398
10058402
10058406
10058406
10058410
10058414
10058414
10058418
10058422
10058424
10058424
10058428
10058432
10058432
10058436
10058440
10058444
10058444
10058448
10058452
10058452
10058456
10058460
10058464
10058464
10058466
10058470
10058474
10058474
10058478
10058482
10058482
10058486
10058490
10058494
10058494
10058498
10058502
10058502
10058506
10058508
10058508
10058512
10058516
10058520
10058520
10058524
10058528
10058528
10058532
10058536
10058540
10058540
10058544
10058546
10058546
10058550
10058554
10058558
10058558
10058562
10058566
10058566
10058570
10058574
10058574
10058578
10058582
10058586
10058586
10058588
10058592
10058592
10058596
10058600
10058600
10058604
10058608
10058612
10058612
10058616
10058620
10058620
10058624
10058628
10058628
10058630
10058634
10058638
10058638
10058642
10058646
10058646
10058650
10058654
10058654
10058658
10058662
10058666
10058666
10058670
10058672
10058672
10058676
10058680
10058680
10058684
10058688
10058688
10058692
10058696
10058700
10058700
10058704
10058708
10058708
10058712
10058714
10058714
10058718
10058718
10058722
10058722
10058726
10058726
10058730
10058734
10058734
10058738
10058738
10058742
10058742
10058746
10058746
10058750
10058750
10058752
10058752
10058756
10058756
10058760
10058760
10058764
10058764
10058768
10058772
10058772
10058776
10058776
10058780
10058780
10058784
10058784
10058788
10058788
10058792
10058792
10058794
10058794
10058798
10058798
10058802
10058802
10058806
10058806
10058810
10058810
10058814
10058814
10058818
10058818
10058822
10058826
10058826
10058830
10058830
10058834
10058834
10058836
10058836
10058840
10058840
10058844
10058844
10058848
10058848
10058852
10058852
10058856
10058856
10058860
10058860
10058864
10058864
10058868
10058868
10058872
10058872
10058876
10058876
10058878
10058878
10058882
10058882
10058886
10058886
10058890
10058890
10058894
10058894
10058898
10058898
10058902
10058902
10058906
10058906
10058910
10058910
10058914
10058914
10058916
10058916
10058920
10058920
10058924
10058924
10058928
10058928
10058932
10058932
10058936
10058936
10058940
10058940
10058944
10058944
10058948
10058948
10058952
10058952
10058956
10058956
10058958
10058958
10058962
10058962
10058966
10058966
10058970
10058974
10058974
10058978
10058982
10058982
10058986
10058990
10058990
10058994
10058998
10058998
10059000
10059004
10059004
10059008
10059012
10059012
10059016
10059020
10059020
10059024
10059028
10059028
10059032
10059036
10059036
10059040
10059042
10059042
10059046
10059050
10059050
10059054
10059054
10059058
10059062
10059062
10059066
10059070
10059070
10059074
10059078
10059078
10059082
10059084
10059084
10059088
10059092
10059092
10059096
10059100
10059100
10059104
10059104
10059108
10059112
10059112
10059116
10059120
10059120
10059122
10059126
10059126
10059130
10059134
10059134
10059138
10059142
10059142
10059146
10059146
10059150
10059154
10059154
10059158
10059162
10059162
10059164
10059168
10059168
10059172
10059172
10059176
10059180
10059180
10059184
10059188
10059188
10059192
10059196
10059196
10059200
10059204
10059204
10059206
10059206
10059210
10059214
10059214
10059218
10059222
10059222
10059226
10059226
10059230
10059234
10059234
10059238
10059242
10059242
10059246
10059248
10059248
10059252
10059252
10059256
10059260
10059260
10059264
10059268
10059268
10059272
10059272
10059276
10059280
10059280
10059284
10059284
10059284
10059284
10059288
10059288
10059288
10059288
10059290
10059290
10059290
10059290
10059294
10059294
10059294
10059298
10059298
10059298
10059298
10059302
10059302
10059302
10059302
10059306
10059306
10059306
10059306
10059310
10059310
10059310
10059310
10059314
10059314
10059314
10059318
10059318
10059318
10059318
10059322
10059322
10059322
10059322
10059326
10059326
10059326
10059326
10059328
10059328
10059328
10059328
10059332
10059332
10059332
10059332
10059336
10059336
10059336
10059336
10059340
10059340
10059340
10059340
10059344
10059344
10059344
10059344
10059348
10059348
10059348
10059348
10059352
10059352
10059352
10059352
10059356
10059356
10059356
10059356
10059360
10059360
10059360
10059360
10059364
10059364
10059364
10059364
10059368
10059368
10059368
10059368
10059370
10059370
10059370
10059370
10059374
10059374
10059374
10059374
10059378
10059378
10059378
10059378
10059378
10059382
10059382
10059382
10059382
10059386
10059386
10059386
10059386
10059390
10059390
10059390
10059390
10059394
10059394
10059394
10059394
10059398
10059398
10059398
10059398
10059402
10059402
10059402
10059402
10059402
10059406
10059406
10059406
10059410
10059410
10059412
10059412
10059412
10059416
10059416
10059416
10059420
10059420
10059420
10059424
10059424
10059424
10059428
10059428
10059428
10059432
10059432
10059432
10059436
10059436
10059436
10059440
10059440
10059444
10059444
10059444
10059448
10059448
10059448
10059452
10059452
10059452
10059454
10059454
10059454
10059458
10059458
10059458
10059462
10059462
10059462
10059466
10059466
10059466
10059470
10059470
10059470
10059474
10059474
10059474
10059478
10059478
10059478
10059482
10059482
10059482
10059486
10059486
10059486
10059490
10059490
10059490
10059494
10059494
10059494
10059496
10059496
10059496
10059500
10059500
10059500
10059504
10059504
10059504
10059508
10059508
10059508
10059512
10059512
10059512
10059516
10059516
10059516
10059520
10059520
10059520
10059524
10059524
10059524
10059528
10059528
10059528
10059532
10059532
10059532
10059534
10059534
10059534
10059538
10059538
10059538
10059542
10059542
10059542
10059546
10059546
10059546
10059550
10059550
10059550
10059550
10059554
10059554
10059554
10059558
10059558
10059558
10059562
10059562
10059562
10059566
10059566
10059566
10059570
10059570
10059570
10059570
10059570
10059574
10059574
10059574
10059574
10059576
10059576
10059576
10059576
10059580
10059580
10059580
10059580
10059580
10059584
10059584
10059584
10059584
10059588
10059588
10059588
10059588
10059588
10059592
10059592
10059592
10059592
10059596
10059596
10059596
10059596
10059596
10059600
10059600
10059600
10059600
10059604
10059604
10059604
10059604
10059604
10059608
10059608
10059608
10059608
10059608
10059612
10059612
10059612
10059612
10059616
10059616
10059616
10059616
10059616
10059618
10059618
10059618
10059618
10059618
10059622
10059622
10059622
10059622
10059626
10059626
10059626
10059626
10059626
10059630
10059630
10059630
10059630
10059630
10059634
10059634
10059634
10059634
10059638
10059638
10059638
10059638
10059638
10059642
10059642
10059642
10059642
10059642
10059646
10059646
10059646
10059646
10059646
10059650
10059650
10059650
10059650
10059650
10059654
10059654
10059654
10059654
10059654
10059658
10059658
10059658
10059658
10059658
10059660
10059660
10059660
10059660
10059660
10059664
10059664
10059664
10059664
10059664
10059668
10059668
10059668
10059668
10059668
10059672
10059672
10059672
10059672
10059676
10059676
10059676
10059680
10059680
10059680
10059680
10059684
10059684
10059684
10059684
10059688
10059688
10059688
10059688
10059692
10059692
10059692
10059692
10059696
10059696
10059696
10059700
10059700
10059700
10059700
10059702
10059702
10059702
10059702
10059706
10059706
10059706
10059706
10059710
10059710
10059710
10059710
10059714
10059714
10059714
10059714
10059718
10059718
10059718
10059718
10059722
10059722
10059722
10059722
10059726
10059726
10059726
10059730
10059730
10059730
10059730
10059734
10059734
10059734
10059734
10059738
10059738
10059738
10059738
10059740
10059740
10059740
10059740
10059744
10059744
10059744
10059744
10059748
10059748
10059748
10059748
10059752
10059752
10059752
10059752
10059752
10059756
10059756
10059756
10059756
10059760
10059760
10059760
10059760
10059764
10059764
10059764
10059764
10059768
10059768
10059768
10059768
10059772
10059772
10059772
10059772
10059776
10059776
10059776
10059776
10059780
10059780
10059780
10059780
10059782
10059782
10059782
10059782
10059786
10059786
10059786
10059786
10059786
10059790
10059790
10059790
10059790
10059794
10059794
10059794
10059794
10059794
10059790
10059790
10059790
10059790
10059790
10059790
10059790
10059790
10059790
10059790
10059786
10059786
10059786
10059786
10059786
10059786
10059786
10059786
10059786
10059782
10059782
10059782
10059782
10059782
10059782
10059782
10059782
10059782
10059780
10059780
10059780
10059780
10059780
10059780
10059780
10059780
10059780
10059780
10059776
10059776
10059776
10059776
10059776
10059776
10059776
10059776
10059776
10059772
10059772
10059772
10059772
10059772
10059772
10059772
10059772
10059768
10059768
10059768
10059768
10059768
10059768
10059768
10059768
10059768
10059764
10059764
10059764
10059764
10059764
10059764
10059764
10059764
10059764
10059760
10059760
10059760
10059760
10059760
10059760
10059760
10059760
10059756
10059756
10059756
10059756
10059756
10059756
10059756
10059756
10059756
10059752
10059752
10059752
10059752
10059752
10059752
10059752
10059752
10059748
10059748
10059748
10059748
10059748
10059748
10059748
10059748
10059744
10059744
10059744
10059744
10059744
10059744
10059744
10059744
10059740
10059740
10059740
10059740
10059740
10059740
10059740
10059740
10059738
10059738
10059738
10059738
10059740
10059740
10059740
10059740
10059740
10059740
10059744
10059744
10059744
10059744
10059744
10059744
10059748
10059748
10059748
10059748
10059748
10059748
10059752
10059752
10059752
10059752
10059752
10059752
10059756
10059756
10059756
10059756
10059756
10059756
10059760
10059760
10059760
10059760
10059760
10059760
10059764
10059764
10059764
10059764
10059764
10059764
10059768
10059768
10059768
10059768
10059768
10059768
10059772
10059772
10059772
10059772
10059772
10059772
10059776
10059776
10059776
10059776
10059776
10059776
10059780
10059780
10059780
10059780
10059780
10059780
10059782
10059782
10059782
10059782
10059782
10059782
10059782
10059786
10059786
10059786
10059786
10059786
10059786
10059790
10059790
10059790
10059790
10059790
10059790
10059790
10059794
10059794
10059794
10059794
10059794
10059794
10059798
10059798
10059798
10059798
10059798
10059798
10059798
10059802
10059802
10059802
10059802
10059802
10059802
10059806
10059806
10059806
10059806
10059806
10059806
10059806
10059810
10059810
10059810
10059810
10059810
10059810
10059810
10059814
10059814
10059814
10059814
10059814
10059814
10059814
10059818
10059818
10059814
10059814
10059814
10059814
10059814
10059814
10059814
10059810
10059810
10059810
10059810
10059810
10059810
10059810
10059806
10059806
10059806
10059806
10059806
10059806
10059806
10059802
10059802
10059802
10059802
10059802
10059802
10059802
10059798
10059798
10059798
10059798
10059798
10059798
10059798
10059794
10059794
10059794
10059794
10059794
10059794
10059794
10059790
10059790
10059790
10059790
10059790
10059790
10059786
10059786
10059786
10059786
10059786
10059786
10059786
10059782
10059782
10059782
10059782
10059782
10059782
10059782
10059780
10059780
10059780
10059780
10059780
10059780
10059776
10059776
10059776
10059776
10059776
10059776
10059776
10059772
10059772
10059772
10059772
10059772
10059772
10059772
10059768
10059768
10059768
10059768
10059768
10059768
10059764
10059764
10059764
10059764
10059764
10059764
10059764
10059760
10059760
10059760
10059760
10059760
10059760
10059756
10059756
10059756
10059756
10059756
10059756
10059752
10059752
10059752
10059752
10059752
10059752
10059752
10059748
10059748
10059748
10059748
10059748
10059748
10059744
10059744
10059744
10059744
10059744
10059744
10059740
10059740
10059740
10059740
10059740
10059738
10059738
10059738
10059738
10059734
10059734
10059734
10059734
10059734
10059730
10059730
10059730
10059730
10059726
10059726
10059726
10059726
10059726
10059722
10059722
10059722
10059722
10059718
10059718
10059718
10059718
10059718
10059714
10059714
10059714
10059714
10059710
10059710
10059710
10059710
10059710
10059706
10059706
10059706
10059706
10059702
10059702
10059702
10059702
10059702
10059700
10059700
10059700
10059700
10059696
10059696
10059696
10059696
10059696
10059692
10059692
10059692
10059692
10059688
10059688
10059688
10059688
10059684
10059684
10059684
10059684
10059684
10059680
10059680
10059680
10059680
10059676
10059676
10059676
10059676
10059672
10059672
10059672
10059672
10059672
10059668
10059668
10059668
10059668
10059664
10059664
10059664
10059664
10059660
10059660
10059660
10059660
10059660
10059658
10059658
10059658
10059658
10059654
10059654
10059654
10059654
10059650
10059650
10059650
10059650
10059646
10059646
10059646
10059646
10059646
10059642
10059642
10059642
10059642
10059638
10059638
10059638
10059638
10059634
10059634
10059634
10059634
10059630
10059630
10059630
10059630
10059626
10059626
10059626
10059622
10059622
10059622
10059622
10059618
10059618
10059618
10059616
10059616
10059616
10059612
10059612
10059612
10059612
10059608
10059608
10059608
10059604
10059604
10059604
10059604
10059600
10059600
10059600
10059596
10059596
10059596
10059592
10059592
10059592
10059592
10059588
10059588
10059588
10059584
10059584
10059584
10059580
10059580
10059580
10059580
10059576
10059576
10059576
10059574
10059574
10059574
10059570
10059570
10059570
10059570
10059566
10059566
10059566
10059562
10059562
10059562
10059558
10059558
10059558
10059558
10059554
10059554
10059554
10059550
10059550
10059550
10059546
10059546
10059546
10059542
10059542
10059542
10059542
10059538
10059538
10059538
10059534
10059534
10059534
10059532
10059532
10059532
10059532
10059528
10059528
10059528
10059524
10059524
10059524
10059520
10059520
10059520
10059516
10059516
10059516
10059516
10059512
10059512
10059512
10059508
10059508
10059508
10059504
10059504
10059504
10059500
10059500
10059500
10059500
10059496
10059496
10059496
10059494
10059494
10059494
10059490
10059490
10059490
10059486
10059486
10059486
10059482
10059482
10059482
10059482
10059478
10059478
10059478
10059474
10059474
10059474
10059470
10059470
10059470
10059470
10059466
10059466
10059466
10059462
10059462
10059462
10059458
10059458
10059458
10059458
10059454
10059454
10059454
10059452
10059452
10059452
10059448
10059448
10059448
10059448
10059444
10059444
10059444
10059440
10059440
10059440
10059436
10059436
10059436
10059436
10059432
10059432
10059432
10059428
10059428
10059428
10059424
10059424
10059424
10059420
10059420
10059420
10059420
10059416
10059416
10059416
10059412
10059412
10059412
10059410
10059410
10059410
10059410
10059406
10059406
10059406
10059402
10059402
10059402
10059398
10059398
10059398
10059394
10059394
10059394
10059390
10059390
10059390
10059390
10059386
10059386
10059386
10059382
10059382
10059382
10059378
10059378
10059378
10059374
10059374
10059374
10059374
10059370
10059370
10059370
10059368
10059368
10059368
10059364
10059364
10059364
10059360
10059360
10059360
10059356
10059356
10059356
10059356
10059352
10059352
10059352
10059348
10059348
10059348
10059344
10059344
10059344
10059340
10059340
10059340
10059336
10059336
10059336
10059332
10059332
10059328
10059328
10059326
10059326
10059322
10059322
10059318
10059318
10059314
10059314
10059310
10059310
10059306
10059306
10059302
10059302
10059298
10059298
10059294
10059294
10059290
10059290
10059288
10059288
10059284
10059284
10059280
10059280
10059276
10059276
10059272
10059272
10059268
10059264
10059264
10059260
10059260
10059256
10059256
10059252
10059252
10059248
10059248
10059246
10059246
10059242
10059242
10059238
10059238
10059234
10059234
10059230
10059230
10059226
10059226
10059222
10059222
10059218
10059218
10059214
10059214
10059210
10059206
10059206
10059204
10059204
10059200
10059200
10059196
10059196
10059192
10059192
10059188
10059188
10059184
10059184
10059180
10059180
10059176
10059176
10059172
10059172
10059168
10059168
10059164
10059164
10059162
10059158
10059158
10059154
10059154
10059150
10059150
10059146
10059146
10059142
10059142
10059138
10059138
10059134
10059134
10059130
10059130
10059126
10059126
10059122
10059122
10059120
10059116
10059116
10059112
10059112
10059108
10059108
10059104
10059104
10059100
10059100
10059096
10059096
10059092
10059092
10059088
10059088
10059084
10059084
10059082
10059082
10059078
10059078
10059074
10059074
10059070
10059070
10059066
10059066
10059066
10059062
10059062
10059058
10059058
10059054
10059054
10059054
10059050
10059050
10059046
10059046
10059042
10059042
10059040
10059040
10059040
10059036
10059036
10059032
10059032
10059028
10059028
10059024
10059024
10059024
10059020
10059020
10059016
10059016
10059012
10059012
10059008
10059008
10059008
10059004
10059004
10059000
10059000
10058998
10058998
10058994
10058994
10058994
10058990
10058990
10058986
10058986
10058982
10058982
10058978
10058978
10058974
10058974
10058974
10058970
10058970
10058966
10058966
10058962
10058962
10058958
10058958
10058958
10058956
10058956
10058952
10058952
10058948
10058948
10058944
10058944
10058944
10058940
10058940
10058936
10058936
10058932
10058932
10058928
10058928
10058924
10058924
10058924
10058920
10058920
10058916
10058916
10058914
10058914
10058910
10058910
10058910
10058906
10058906
10058902
10058902
10058898
10058898
10058894
10058894
10058890
10058890
10058890
10058886
10058886
10058882
10058882
10058878
10058878
10058876
10058876
10058872
10058872
10058872
10058868
10058868
10058864
10058864
10058860
10058856
10058856
10058852
10058848
10058844
10058844
10058840
10058836
10058836
10058834
10058830
10058826
10058826
10058822
10058818
10058818
10058814
10058810
10058806
10058806
10058802
10058798
10058798
10058794
10058792
10058788
10058788
10058784
10058780
10058780
10058776
10058772
10058768
10058768
10058764
10058760
10058760
10058756
10058752
10058750
10058750
10058746
10058742
10058742
10058738
10058734
10058730
10058730
10058726
10058722
10058722
10058718
10058714
10058712
10058712
10058708
10058704
10058704
10058700
10058696
10058692
10058692
10058688
10058684
10058680
10058680
10058676
10058672
10058672
10058670
10058666
10058662
10058662
10058658
10058654
10058654
10058650
10058646
10058642
10058642
10058638
10058634
10058634
10058630
10058628
10058624
10058624
10058620
10058616
10058612
10058612
10058608
10058604
10058604
10058600
10058596
10058592
10058592
10058588
10058586
10058586
10058582
10058578
10058574
10058574
10058570
10058566
10058566
10058562
10058558
10058554
10058554
10058550
10058546
10058544
10058544
10058540
10058536
10058536
10058532
10058528
10058524
10058524
10058520
10058516
10058516
10058512
10058508
10058508
10058506
10058502
10058502
10058498
10058498
10058494
10058494
10058490
10058486
10058486
10058482
10058482
10058478
10058474
10058474
10058470
10058470
10058466
10058466
10058464
10058460
10058460
10058456
10058456
10058452
10058452
10058448
10058444
10058444
10058440
10058440
10058436
10058432
10058432
10058428
10058428
10058424
10058422
10058422
10058418
10058418
10058414
10058414
10058410
10058406
10058406
10058402
10058402
10058398
10058394
10058394
10058390
10058390
10058386
10058386
10058382
10058380
10058380
10058376
10058376
10058372
10058368
10058368
10058364
10058364
10058360
10058356
10058356
10058352
10058352
10058348
10058348
10058344
10058340
10058340
10058338
10058338
10058334
10058330
10058330
10058326
10058326
10058322
10058318
10058318
10058314
10058314
10058310
10058310
10058306
10058302
10058302
10058300
10058300
10058296
10058292
10058292
10058288
10058288
10058284
10058280
10058280
10058276
10058276
10058272
10058272
10058268
10058264
10058264
10058260
10058260
10058258
10058254
10058254
10058250
10058250
10058246
10058242
10058242
10058238
10058238
10058234
10058230
10058230
10058226
10058226
10058222
10058218
10058216
10058212
10058208
10058208
10058204
10058200
10058196
10058192
10058188
10058188
10058184
10058180
10058176
10058174
10058170
10058166
10058166
10058162
10058158
10058154
10058150
10058146
10058146
10058142
10058138
10058134
10058132
10058128
10058124
10058124
10058120
10058116
10058112
10058108
10058104
10058104
10058100
10058096
10058094
10058090
10058086
10058082
10058082
10058078
10058074
10058070
10058066
10058062
10058062
10058058
10058054
10058052
10058048
10058044
10058040
10058040
10058036
10058032
10058028
10058024
10058020
10058020
10058016
10058012
10058010
10058006
10058002
10057998
10057998
10057994
10057990
10057986
10057982
10057978
10057974
10057974
10057970
10057968
10057964
10057960
10057956
10057956
10057952
10057948
10057944
10057940
10057936
10057932
10057932
10057928
10057926
10057922
10057918
10057914
10057910
10057910
10057906
10057902
10057898
10057894
10057890
10057890
10057888
10057884
10057880
10057876
10057872
10057868
10057868
10057864
10057860
10057856
10057852
10057848
10057846
10057846
10057842
10057838
10057834
10057830
10057826
10057826
10057822
10057818
10057814
10057810
10057806
10057806
10057804
10057800
10057796
10057792
10057792
10057788
10057784
10057780
10057780
10057776
10057772
10057768
10057768
10057764
10057762
10057758
10057754
10057754
10057750
10057746
10057742
10057742
10057738
10057734
10057730
10057730
10057726
10057722
10057720
10057716
10057716
10057712
10057708
10057704
10057704
10057700
10057696
10057692
10057688
10057688
10057684
10057682
10057678
10057678
10057674
10057670
10057666
10057666
10057662
10057658
10057654
10057650
10057650
10057646
10057642
10057640
10057640
10057636
10057632
10057628
10057624
10057624
10057620
10057616
10057612
10057612
10057608
10057604
10057600
10057598
10057598
10057594
10057590
10057586
10057586
10057582
10057578
10057574
10057574
10057570
10057566
10057562
10057558
10057558
10057556
10057552
10057548
10057548
10057544
10057540
10057536
10057532
10057532
10057528
10057524
10057520
10057520
10057518
10057514
10057510
10057506
10057506
10057502
10057498
10057494
10057494
10057490
10057486
10057482
10057478
10057478
10057476
10057472
10057468
10057468
10057464
10057460
10057456
10057452
10057452
10057448
10057444
10057440
10057440
10057436
10057434
10057430
10057426
10057422
10057418
10057414
10057410
10057406
10057402
10057398
10057394
10057392
10057392
10057388
10057384
10057380
10057376
10057372
10057368
10057364
10057360
10057356
10057352
10057350
10057346
10057342
10057338
10057334
10057330
10057326
10057322
10057318
10057314
10057312
10057308
10057304
10057300
10057296
10057296
10057292
10057288
10057284
10057280
10057276
10057272
10057270
10057266
10057262
10057258
10057254
10057250
10057246
10057242
10057238
10057234
10057230
10057228
10057224
10057220
10057216
10057212
10057208
10057204
10057200
10057200
10057196
10057192
10057188
10057186
10057182
10057178
10057174
10057170
10057166
10057162
10057158
10057154
10057150
10057146
10057144
10057140
10057136
10057132
10057128
10057124
10057120
10057116
10057112
10057108
10057106
10057106
10057102
10057098
10057094
10057090
10057086
10057082
10057078
10057074
10057070
10057066
10057064
10057060
10057056
10057052
10057048
10057044
10057040
10057036
10057032
10057028
10057024
10057022
10057018
10057014
10057010
10057006
10057006
10057002
10056998
10056994
10056990
10056986
10056982
10056980
10056976
10056972
10056968
10056964
10056960
10056956
10056952
10056948
10056944
10056940
10056938
10056934
10056930
10056926
10056922
10056918
10056914
10056910
10056906
10056902
10056900
10056896
10056892
10056888
10056884
10056880
10056876
10056872
10056868
10056864
10056860
10056858
10056854
10056850
10056846
10056842
10056838
10056834
10056830
10056826
10056822
10056818
10056816
10056812
10056808
10056804
10056800
10056796
10056792
10056788
10056788
10056784
10056780
10056776
10056774
10056770
10056766
10056762
10056758
10056754
10056750
10056746
10056742
10056738
10056734
10056732
10056728
10056724
10056720
10056716
10056712
10056708
10056704
10056700
10056696
10056694
10056690
10056686
10056682
10056678
10056674
10056670
10056666
10056662
10056658
10056654
10056652
10056648
10056644
10056640
10056636
10056632
10056628
10056624
10056620
10056616
10056612
10056610
10056606
10056602
10056598
10056594
10056590
10056586
10056582
10056578
10056574
10056570
10056568
10056564
10056560
10056556
10056552
10056548
10056544
10056540
10056536
10056532
10056528
10056526
10056522
10056518
10056514
10056510
10056506
10056502
10056498
10056494
10056490
10056488
10056484
10056480
10056476
10056472
10056468
10056464
10056456
10056452
10056448
10056446
10056442
10056438
10056430
10056426
10056422
10056418
10056414
10056406
10056404
10056400
10056396
10056392
10056384
10056380
10056376
10056372
10056368
10056364
10056358
10056354
10056350
10056346
10056342
10056334
10056330
10056326
10056324
10056320
10056312
10056308
10056304
10056300
10056296
10056292
10056284
10056282
10056278
10056274
10056270
10056262
10056258
10056254
10056250
10056246
10056240
10056236
10056232
10056228
10056224
10056220
10056212
10056208
10056204
10056200
10056198
10056190
10056186
10056182
10056178
10056174
10056166
10056162
10056158
10056156
10056152
10056148
10056140
10056136
10056132
10056128
10056124
10056118
10056114
10056110
10056106
10056102
10056094
10056090
10056086
10056082
10056078
10056076
10056068
10056064
10056060
10056056
10056052
10056044
10056040
10056036
10056034
10056030
10056022
10056018
10056014
10056010
10056006
10056002
10055994
10055992
10055988
10055984
10055980
10055972
10055968
10055964
10055960
10055956
10055952
10055946
10055942
10055938
10055934
10055930
10055922
10055918
10055914
10055912
10055908
10055900
10055896
10055892
10055888
10055884
10055880
10055876
10055872
10055870
10055866
10055862
10055858
10055854
10055850
10055846
10055842
10055838
10055834
10055830
10055828
10055824
10055820
10055816
10055812
10055804
10055800
10055796
10055792
10055788
10055786
10055782
10055778
10055774
10055770
10055766
10055762
10055758
10055754
10055750
10055746
10055744
10055740
10055736
10055732
10055728
10055724
10055720
10055716
10055708
10055706
10055702
10055698
10055694
10055690
10055686
10055682
10055678
10055674
10055670
10055666
10055664
10055660
10055656
10055652
10055648
10055644
10055640
10055636
10055632
10055628
10055624
10055622
10055614
10055610
10055606
10055602
10055598
10055594
10055590
10055586
10055582
10055580
10055576
10055572
10055568
10055564
10055560
10055556
10055552
10055548
10055544
10055540
10055538
10055534
10055530
10055526
10055522
10055514
10055510
10055506
10055502
10055500
10055496
10055492
10055488
10055484
10055480
10055476
10055472
10055468
10055464
10055460
10055458
10055454
10055450
10055446
10055442
10055438
10055434
10055430
10055426
10055418
10055416
10055412
10055408
10055404
10055400
10055396
10055392
10055388
10055380
10055376
10055370
10055366
10055362
10055354
10055350
10055342
10055338
10055332
10055328
10055324
10055316
10055312
10055304
10055300
10055294
10055290
10055286
10055278
10055274
10055266
10055262
10055254
10055252
10055244
10055240
10055236
10055228
10055224
10055216
10055212
10055206
10055202
10055198
10055190
10055186
10055178
10055174
10055168
10055164
10055160
10055152
10055148
10055140
10055136
10055130
10055126
10055122
10055114
10055110
10055102
10055098
10055090
10055088
10055080
10055076
10055072
10055064
10055060
10055052
10055048
10055042
10055038
10055034
10055026
10055022
10055014
10055010
10055004
10055000
10054996
10054988
10054984
10054976
10054972
10054964
10054962
10054958
10054950
10054946
10054938
10054934
10054926
10054924
10054920
10054912
10054908
10054900
10054896
10054888
10054884
10054882
10054874
10054870
10054862
10054858
10054850
10054846
10054842
10054836
10054832
10054824
10054820
10054812
10054808
10054804
10054798
10054794
10054786
10054782
10054774
10054770
10054766
10054758
10054756
10054748
10054744
10054736
10054732
10054728
10054720
10054718
10054710
10054706
10054698
10054694
10054690
10054686
10054678
10054676
10054672
10054668
10054664
10054656
10054652
10054648
10054644
10054640
10054636
10054630
10054626
10054622
10054618
10054614
10054606
10054602
10054598
10054594
10054592
10054584
10054580
10054576
10054572
10054568
10054560
10054556
10054552
10054550
10054546
10054538
10054534
10054530
10054526
10054522
10054518
10054512
10054508
10054504
10054500
10054496
10054488
10054484
10054480
10054476
10054472
10054466
10054462
10054458
10054454
10054450
10054442
10054438
10054434
10054430
10054428
10054424
10054416
10054412
10054408
10054404
10054400
10054392
10054388
10054386
10054382
10054378
10054370
10054366
10054362
10054358
10054354
10054350
10054344
10054340
10054336
10054332
10054328
10054320
10054316
10054312
10054308
10054306
10054298
10054294
10054290
10054286
10054282
10054274
10054270
10054266
10054264
10054260
10054256
10054248
10054244
10054240
10054236
10054232
10054224
10054222
10054218
10054214
10054210
10054202
10054198
10054194
10054190
10054186
10054182
10054176
10054172
10054168
10054164
10054160
10054152
10054148
10054144
10054140
10054138
10054130
10054126
10054122
10054118
10054114
10054106
10054102
10054096
10054092
10054084
10054080
10054072
10054068
10054060
10054058
10054054
10054046
10054042
10054034
10054030
10054022
10054018
10054012
10054008
10054000
10053996
10053988
10053984
10053976
10053974
10053970
10053962
10053958
10053950
10053946
10053938
10053936
10053928
10053924
10053916
10053912
10053904
10053900
10053896
10053890
10053886
10053878
10053874
10053866
10053862
10053854
10053852
10053844
10053840
10053832
10053828
10053820
10053816
10053812
10053806
10053802
10053794
10053790
10053782
10053778
10053770
10053768
10053760
10053756
10053748
10053744
10053740
10053732
10053730
10053722
10053718
10053710
10053706
10053698
10053694
10053688
10053684
10053676
10053672
10053668
10053660
10053656
10053648
10053646
10053638
10053634
10053626
10053622
10053614
10053610
10053604
10053600
10053596
10053588
10053584
10053576
10053572
10053564
10053562
10053554
10053550
10053542
10053538
10053530
10053526
10053524
10053516
10053512
10053504
10053500
10053492
10053488
10053482
10053478
10053470
10053466
10053462
10053454
10053450
10053442
10053440
10053432
10053428
10053420
10053416
10053408
10053404
10053398
10053394
10053390
10053382
10053378
10053374
10053366
10053362
10053358
10053352
10053348
10053340
10053336
10053332
10053324
10053320
10053318
10053310
10053306
10053298
10053294
10053290
10053282
10053278
10053276
10053268
10053264
10053260
10053252
10053248
10053240
10053236
10053234
10053226
10053222
10053218
10053210
10053206
10053198
10053194
10053192
10053184
10053180
10053176
10053168
10053164
10053160
10053152
10053150
10053142
10053138
10053134
10053126
10053122
10053118
10053112
10053108
10053104
10053096
10053092
10053084
10053080
10053076
10053070
10053066
10053062
10053054
10053050
10053042
10053038
10053034
10053028
10053024
10053020
10053012
10053008
10053004
10052996
10052992
10052986
10052982
10052978
10052970
10052966
10052962
10052954
10052950
10052946
10052940
10052936
10052928
10052924
10052920
10052912
10052908
10052906
10052898
10052894
10052890
10052882
10052878
10052870
10052866
10052864
10052856
10052852
10052848
10052840
10052836
10052832
10052824
10052822
10052818
10052810
10052806
10052798
10052794
10052790
10052782
10052780
10052776
10052768
10052764
10052760
10052752
10052748
10052742
10052738
10052734
10052726
10052718
10052714
10052706
10052700
10052696
10052688
10052684
10052676
10052668
10052664
10052658
10052650
10052646
10052638
10052630
10052626
10052618
10052612
10052608
10052600
10052592
10052588
10052580
10052576
10052570
10052562
10052558
10052550
10052542
10052538
10052532
10052524
10052520
10052512
10052504
10052500
10052494
10052486
10052482
10052474
10052470
10052462
10052454
10052452
10052444
10052436
10052432
10052424
10052416
10052412
10052406
10052398
10052394
10052386
10052382
10052374
10052368
10052364
10052356
10052348
10052344
10052336
10052330
10052326
10052318
10052310
10052306
10052298
10052294
10052288
10052280
10052276
10052268
10052260
10052256
10052248
10052242
10052238
10052230
10052222
10052218
10052210
10052206
10052200
10052192
10052188
10052180
10052172
10052168
10052162
10052154
10052150
10052142
10052138
10052130
10052124
10052120
10052112
10052104
10052100
10052092
10052084
10052082
10052074
10052070
10052062
10052054
10052050
10052042
10052036
10052032
10052024
10052016
10052012
10052004
10052000
10051994
10051986
10051982
10051974
10051966
10051962
10051956
10051948
10051944
10051936
10051932
10051924
10051920
10051914
10051910
10051902
10051898
10051890
10051886
10051878
10051876
10051868
10051864
10051860
10051852
10051848
10051840
10051836
10051830
10051826
10051818
10051814
10051806
10051802
10051794
10051792
10051788
10051780
10051776
10051768
10051764
10051756
10051752
10051746
10051742
10051734
10051730
10051726
10051718
10051714
10051708
10051704
10051696
10051692
10051684
10051680
10051672
10051670
10051666
10051658
10051654
10051646
10051642
10051634
10051630
10051624
10051620
10051612
10051608
10051600
10051596
10051592
10051586
10051582
10051574
10051570
10051562
10051558
10051550
10051548
10051540
10051536
10051532
10051524
10051520
10051512
10051508
10051502
10051498
10051490
10051486
10051478
10051474
10051470
10051464
10051460
10051452
10051448
10051440
10051436
10051428
10051424
10051422
10051414
10051410
10051402
10051398
10051390
10051386
10051380
10051376
10051368
10051364
10051360
10051352
10051348
10051342
10051338
10051330
10051326
10051318
10051314
10051306
10051302
10051300
10051292
10051288
10051280
10051276
10051268
10051264
10051258
10051254
10051250
10051242
10051238
10051230
10051226
10051218
10051212
10051204
10051196
10051192
10051184
10051176
10051170
10051162
10051154
10051146
10051138
10051132
10051124
10051116
10051108
10051100
10051094
10051086
10051078
10051070
10051062
10051058
10051052
10051044
10051036
10051028
10051020
10051012
10051006
10050998
10050990
10050982
10050974
10050968
10050960
10050952
10050944
10050936
10050930
10050926
10050918
10050910
10050902
10050894
10050888
10050880
10050872
10050864
10050856
10050848
10050842
10050834
10050826
10050818
10050810
10050806
10050800
10050792
10050784
10050776
10050768
10050762
10050754
10050746
10050738
10050730
10050724
10050716
10050708
10050700
10050692
10050688
10050682
10050674
10050666
10050658
10050650
10050642
10050636
10050628
10050620
10050612
10050604
10050598
10050590
10050582
10050578
10050570
10050562
10050556
10050548
10050540
10050532
10050524
10050518
10050510
10050502
10050494
10050486
10050478
10050476
10050468
10050460
10050452
10050444
10050436
10050430
10050422
10050414
10050406
10050398
10050392
10050384
10050376
10050372
10050364
10050356
10050350
10050342
10050334
10050326
10050318
10050312
10050304
10050296
10050288
10050280
10050276
10050270
10050262
10050258
10050250
10050246
10050238
10050230
10050228
10050220
10050212
10050208
10050200
10050196
10050188
10050182
10050178
10050170
10050162
10050158
10050150
10050148
10050140
10050132
10050128
10050120
10050112
10050108
10050102
10050094
10050090
10050082
10050078
10050070
10050064
10050060
10050052
10050044
10050040
10050032
10050028
10050022
10050014
10050010
10050002
10049994
10049990
10049982
10049980
10049972
10049964
10049960
10049952
10049944
10049942
10049934
10049930
10049922
10049914
10049910
10049902
10049896
10049892
10049884
10049880
10049872
10049864
10049860
10049854
10049846
10049842
10049834
10049830
10049822
10049816
10049812
10049804
10049796
10049792
10049784
10049780
10049774
10049766
10049762
10049754
10049746
10049742
10049736
10049732
10049724
10049716
10049712
10049704
10049700
10049694
10049686
10049682
10049674
10049666
10049662
10049654
10049652
10049644
10049636
10049632
10049624
10049616
10049612
10049606
10049602
10049594
10049586
10049582
10049574
10049570
10049564
10049556
10049552
10049544
10049536
10049532
10049526
10049522
10049514
10049506
10049502
10049494
10049490
10049484
10049476
10049468
10049460
10049452
10049446
10049438
10049430
10049422
10049414
10049406
10049400
10049392
10049384
10049376
10049368
10049362
10049354
10049346
10049338
10049330
10049324
10049316
10049308
10049300
10049292
10049284
10049278
10049270
10049262
10049254
10049246
10049240
10049232
10049224
10049216
10049208
10049200
10049194
10049186
10049182
10049174
10049166
10049160
10049152
10049144
10049136
10049128
10049120
10049114
10049106
10049098
10049090
10049082
10049076
10049068
10049060
10049052
10049044
10049036
10049030
10049022
10049014
10049006
10048998
10048992
10048984
10048976
10048968
10048960
10048954
10048946
10048942
10048934
10048926
10048918
10048912
10048904
10048896
10048888
10048880
10048872
10048866
10048858
10048850
10048842
10048834
10048828
10048820
10048812
10048804
10048796
10048788
10048782
10048774
10048766
10048758
10048750
10048744
10048736
10048732
10048724
10048716
10048708
10048702
10048694
10048686
10048678
10048670
10048664
10048656
10048648
10048640
10048632
10048624
10048618
10048610
10048602
10048594
10048586
10048580
10048572
10048564
10048556
10048548
10048544
10048538
10048530
10048522
10048514
10048506
10048500
10048496
10048488
10048480
10048472
10048468
10048460
10048454
10048446
10048438
10048434
10048426
10048418
10048412
10048404
10048400
10048392
10048384
10048376
10048370
10048366
10048358
10048350
10048342
10048338
10048332
10048324
10048316
10048308
10048304
10048296
10048290
10048282
10048274
10048270
10048262
10048254
10048248
10048240
10048236
10048228
10048220
10048212
10048210
10048202
10048194
10048186
10048178
10048174
10048168
10048160
10048152
10048148
10048140
10048132
10048126
10048118
10048114
10048106
10048098
10048090
10048084
10048080
10048072
10048064
10048056
10048052
10048046
10048038
10048030
10048022
10048018
10048010
10048004
10047996
10047992
10047984
10047976
10047968
10047962
10047958
10047950
10047942
10047934
10047930
10047924
10047916
10047908
10047900
10047896
10047888
10047882
10047874
10047870
10047862
10047854
10047846
10047840
10047836
10047828
10047820
10047812
10047808
10047800
10047794
10047786
10047778
10047774
10047766
10047760
10047752
10047748
10047740
10047732
10047724
10047718
10047714
10047706
10047698
10047690
10047686
10047678
10047672
10047664
10047660
10047652
10047640
10047634
10047626
10047618
10047610
10047602
10047594
10047588
10047580
10047572
10047564
10047556
10047550
10047542
10047534
10047526
10047518
10047512
10047504
10047496
10047488
10047480
10047472
10047466
10047458
10047450
10047442
10047434
10047428
10047420
10047412
10047404
10047396
10047388
10047378
10047370
10047362
10047354
10047348
10047340
10047332
10047324
10047316
10047308
10047302
10047294
10047286
10047278
10047270
10047264
10047256
10047248
10047240
10047232
10047224
10047218
10047210
10047202
10047194
10047186
10047180
10047172
10047164
10047156
10047148
10047142
10047134
10047126
10047118
10047110
10047102
10047096
10047088
10047080
10047072
10047064
10047058
10047050
10047042
10047034
10047026
10047016
10047008
10047000
10046992
10046984
10046976
10046970
10046962
10046954
10046946
10046938
10046932
10046924
10046916
10046908
10046900
10046894
10046886
10046878
10046870
10046862
10046854
10046848
10046840
10046832
10046824
10046816
10046810
10046802
10046794
10046786
10046778
10046772
10046764
10046756
10046748
10046740
10046732
10046726
10046718
10046710
10046702
10046694
10046688
10046680
10046672
10046664
10046656
10046648
10046642
10046634
10046626
10046618
10046610
10046604
10046596
10046588
10046580
10046572
10046566
10046558
10046550
10046542
10046534
10046526
10046520
10046512
10046504
10046496
10046488
10046482
10046474
10046466
10046458
10046450
10046442
10046436
10046424
10046416
10046408
10046400
10046394
10046386
10046378
10046370
10046362
10046356
10046348
10046340
10046332
10046324
10046318
10046310
10046302
10046294
10046286
10046278
10046272
10046264
10046256
10046248
10046240
10046234
10046226
10046218
10046210
10046202
10046194
10046188
10046180
10046172
10046164
10046156
10046150
10046142
10046134
10046126
10046118
10046112
10046104
10046096
10046088
10046080
10046072
10046066
10046058
10046050
10046042
10046034
10046028
10046020
10046012
10046004
10045996
10045988
10045982
10045974
10045966
10045958
10045950
10045944
10045936
10045928
10045920
10045912
10045906
10045898
10045890
10045882
10045874
10045866
10045860
10045852
10045844
10045836
10045828
10045822
10045814
10045806
10045798
10045790
10045782
10045776
10045768
10045760
10045752
10045744
10045738
10045730
10045722
10045714
10045706
10045700
10045692
10045684
10045676
10045668
10045660
10045654
10045646
10045634
10045626
10045618
10045612
10045604
10045596
10045588
10045578
10045570
10045562
10045554
10045546
10045538
10045532
10045524
10045512
10045504
10045496
10045490
10045482
10045474
10045466
10045454
10045448
10045440
10045432
10045424
10045416
10045410
10045402
10045390
10045382
10045374
10045368
10045360
10045352
10045344
10045332
10045326
10045318
10045310
10045302
10045294
10045288
10045280
10045268
10045260
10045252
10045246
10045238
10045230
10045222
10045214
10045204
10045196
10045188
10045180
10045172
10045166
10045158
10045150
10045138
10045130
10045124
10045116
10045108
10045100
10045092
10045084
10045074
10045066
10045058
10045050
10045042
10045036
10045028
10045020
10045008
10045000
10044994
10044986
10044978
10044970
10044962
10044956
10044944
10044936
10044928
10044920
10044914
10044906
10044898
10044890
10044882
10044872
10044864
10044856
10044848
10044840
10044834
10044826
10044818
10044806
10044798
10044792
10044784
10044776
10044768
10044760
10044754
10044746
10044734
10044726
10044718
10044712
10044704
10044696
10044688
10044680
10044672
10044662
10044654
10044646
10044638
10044630
10044624
10044616
10044604
10044596
10044588
10044582
10044574
10044566
10044558
10044548
10044540
10044532
10044524
10044516
10044508
10044502
10044490
10044482
10044474
10044466
10044460
10044452
10044440
10044432
10044424
10044418
10044410
10044402
10044394
10044384
10044376
10044368
10044360
10044352
10044344
10044338
10044326
10044318
10044310
10044302
10044296
10044288
10044280
10044268
10044260
10044254
10044246
10044238
10044230
10044222
10044212
10044204
10044196
10044188
10044180
10044174
10044166
10044154
10044146
10044138
10044132
10044124
10044116
10044108
10044100
10044090
10044082
10044074
10044066
10044058
10044052
10044044
10044032
10044024
10044016
10044010
10044002
10043994
10043986
10043978
10043968
10043960
10043952
10043944
10043936
10043930
10043922
10043910
10043902
10043894
10043888
10043880
10043872
10043864
10043856
10043846
10043838
10043830
10043822
10043814
10043806
10043800
10043792
10043780
10043772
10043766
10043758
10043750
10043742
10043734
10043726
10043716
10043708
10043700
10043692
10043684
10043678
10043670
10043662
10043650
10043642
10043636
10043628
10043620
10043612
10043604
10043594
10043586
10043578
10043570
10043560
10043552
10043544
10043536
10043524
10043518
10043510
10043502
10043494
10043482
10043476
10043468
10043460
10043448
10043440
10043434
10043426
10043418
10043406
10043398
10043392
10043384
10043372
10043364
10043356
10043350
10043342
10043330
10043322
10043314
10043308
10043296
10043288
10043280
10043272
10043266
10043254
10043246
10043238
10043230
10043220
10043212
10043204
10043196
10043190
10043178
10043170
10043162
10043154
10043144
10043136
10043128
10043120
10043112
10043102
10043094
10043086
10043078
10043070
10043060
10043052
10043044
10043036
10043024
10043018
10043010
10043002
10042994
10042984
10042976
10042968
10042960
10042952
10042942
10042934
10042926
10042918
10042910
10042900
10042892
10042884
10042876
10042864
10042858
10042850
10042842
10042834
10042822
10042816
10042808
10042800
10042792
10042780
10042774
10042766
10042758
10042750
10042738
10042732
10042724
10042716
10042708
10042696
10042690
10042682
10042674
10042666
10042654
10042648
10042640
10042632
10042624
10042612
10042606
10042598
10042590
10042582
10042572
10042564
10042556
10042548
10042540
10042530
10042522
10042514
10042502
10042494
10042488
10042480
10042468
10042460
10042452
10042446
10042434
10042426
10042418
10042406
10042400
10042392
10042384
10042372
10042366
10042358
10042350
10042338
10042330
10042324
10042312
10042304
10042296
10042288
10042278
10042270
10042262
10042254
10042242
10042236
10042228
10042216
10042208
10042200
10042194
10042182
10042174
10042166
10042160
10042148
10042140
10042132
10042124
10042114
10042106
10042098
10042086
10042078
10042072
10042064
10042052
10042044
10042036
10042030
10042018
10042010
10042002
10041996
10041984
10041976
10041968
10041956
10041950
10041942
10041934
10041922
10041914
10041908
10041900
10041888
10041880
10041872
10041866
10041854
10041846
10041838
10041830
10041820
10041812
10041804
10041796
10041786
10041778
10041770
10041762
10041750
10041744
10041736
10041728
10041716
10041708
10041702
10041694
10041682
10041674
10041666
10041656
10041648
10041640
10041632
10041622
10041614
10041606
10041598
10041586
10041580
10041572
10041564
10041552
10041544
10041538
10041530
10041518
10041510
10041502
10041496
10041484
10041476
10041468
10041460
10041454
10041442
10041434
10041426
10041416
10041408
10041396
10041388
10041380
10041370
10041362
10041350
10041342
10041332
10041324
10041316
10041304
10041296
10041286
10041278
10041266
10041258
10041248
10041240
10041232
10041220
10041212
10041202
10041194
10041182
10041174
10041168
10041156
10041148
10041136
10041130
10041118
10041110
10041102
10041090
10041084
10041072
10041064
10041052
10041046
10041038
10041026
10041018
10041006
10041000
10040988
10040980
10040972
10040962
10040954
10040942
10040934
10040926
10040916
10040908
10040896
10040888
10040878
10040870
10040862
10040850
10040842
10040832
10040824
10040812
10040804
10040798
10040786
10040778
10040766
10040760
10040752
10040740
10040732
10040720
10040714
10040702
10040694
10040686
10040676
10040668
10040656
10040648
10040640
10040630
10040622
10040610
10040602
10040592
10040584
10040576
10040564
10040556
10040546
10040538
10040530
10040518
10040512
10040500
10040492
10040484
10040472
10040466
10040454
10040446
10040438
10040428
10040420
10040408
10040400
10040390
10040382
10040374
10040362
10040354
10040344
10040336
10040328
10040316
10040308
10040298
10040290
10040282
10040270
10040264
10040252
10040244
10040236
10040224
10040218
10040210
10040202
10040190
10040184
10040176
10040168
10040156
10040148
10040142
10040134
10040122
10040114
10040106
10040096
10040088
10040080
10040072
10040060
10040054
10040046
10040038
10040026
10040018
10040012
10040004
10039992
10039984
10039978
10039966
10039958
10039950
10039942
10039932
10039924
10039916
10039908
10039896
10039890
10039882
10039874
10039862
10039854
10039848
10039840
10039828
10039820
10039812
10039806
10039794
10039786
10039778
10039772
10039760
10039752
10039744
10039732
10039726
10039718
10039710
10039698
10039690
10039684
10039676
10039664
10039656
10039648
10039642
10039630
10039622
10039614
10039608
10039596
10039588
10039580
10039572
10039562
10039554
10039546
10039538
10039526
10039520
10039512
10039504
10039492
10039484
10039478
10039470
10039458
10039450
10039442
10039436
10039424
10039416
10039408
10039402
10039390
10039382
10039374
10039366
10039360
10039348
10039340
10039332
10039324
10039314
10039306
10039298
10039290
10039278
10039272
10039264
10039256
10039244
10039236
10039230
10039222
10039210
10039202
10039196
10039188
10039176
10039168
10039160
10039154
10039146
10039134
10039122
10039114
10039104
10039092
10039084
10039072
10039066
10039054
10039042
10039034
10039024
10039016
10039004
10038992
10038986
10038974
10038966
10038954
10038944
10038936
10038924
10038916
10038906
10038894
10038886
10038874
10038866
10038856
10038844
10038836
10038824
10038818
10038806
10038794
10038786
10038776
10038768
10038756
10038744
10038738
10038726
10038718
10038706
10038696
10038688
10038676
10038668
10038658
10038646
10038638
10038626
10038618
10038608
10038600
10038588
10038578
10038570
10038558
10038550
10038538
10038528
10038520
10038508
10038500
10038490
10038478
10038470
10038458
10038452
10038440
10038432
10038420
10038410
10038402
10038390
10038382
10038372
10038360
10038352
10038340
10038332
10038322
10038310
10038302
10038290
10038284
10038272
10038264
10038252
10038242
10038234
10038222
10038214
10038204
10038196
10038184
10038172
10038166
10038154
10038146
10038134
10038126
10038116
10038104
10038096
10038084
10038078
10038066
10038054
10038046
10038036
10038028
10038016
10038008
10037998
10037986
10037978
10037966
10037960
10037948
10037940
10037928
10037918
10037910
10037898
10037890
10037878
10037872
10037860
10037852
10037844
10037834
10037826
10037814
10037806
10037796
10037788
10037780
10037768
10037760
10037750
10037742
10037730
10037722
10037714
10037704
10037696
10037684
10037676
10037666
10037658
10037650
10037638
10037630
10037620
10037612
10037604
10037592
10037586
10037574
10037566
10037554
10037548
10037540
10037528
10037520
10037508
10037502
10037494
10037482
10037474
10037464
10037456
10037444
10037436
10037428
10037418
10037410
10037398
10037390
10037384
10037372
10037364
10037352
10037344
10037334
10037326
10037318
10037306
10037300
10037288
10037280
10037272
10037260
10037254
10037242
10037234
10037226
10037216
10037208
10037196
10037188
10037180
10037170
10037162
10037150
10037142
10037136
10037124
10037116
10037104
10037096
10037090
10037078
10037070
10037058
10037052
10037044
10037032
10037024
10037014
10037006
10036998
10036986
10036978
10036968
10036960
10036952
10036940
10036932
10036922
10036914
10036906
10036894
10036888
10036876
10036868
10036860
10036848
10036842
10036830
10036822
10036814
10036804
10036796
10036784
10036776
10036768
10036758
10036750
10036738
10036730
10036724
10036712
10036704
10036692
10036684
10036674
10036662
10036654
10036642
10036632
10036620
10036612
10036602
10036590
10036582
10036570
10036560
10036552
10036540
10036528
10036520
10036510
10036498
10036490
10036478
10036468
10036460
10036448
10036436
10036430
10036418
10036406
10036398
10036388
10036376
10036368
10036356
10036346
10036338
10036326
10036314
10036308
10036296
10036284
10036276
10036266
10036254
10036246
10036234
10036224
10036212
10036204
10036192
10036182
10036174
10036162
10036154
10036144
10036132
10036124
10036112
10036102
10036094
10036082
10036070
10036064
10036052
10036040
10036032
10036022
10036010
10036002
10035990
10035980
10035972
10035960
10035948
10035942
10035930
10035918
10035910
10035900
10035888
10035880
10035868
10035858
10035850
10035838
10035826
10035820
10035808
10035796
10035788
10035778
10035766
10035758
10035746
10035738
10035728
10035716
10035708
10035696
10035686
10035678
10035666
10035654
10035648
10035636
10035624
10035616
10035606
10035594
10035586
10035574
10035568
10035556
10035544
10035536
10035526
10035514
10035506
10035494
10035484
10035476
10035464
10035452
10035446
10035434
10035426
10035414
10035404
10035396
10035384
10035376
10035366
10035358
10035346
10035338
10035326
10035320
10035308
10035300
10035288
10035282
10035270
10035262
10035250
10035242
10035232
10035224
10035212
10035204
10035194
10035186
10035174
10035166
10035156
10035144
10035136
10035124
10035118
10035106
10035098
10035086
10035078
10035068
10035060
10035048
10035040
10035030
10035022
10035010
10035002
10034992
10034984
10034972
10034964
10034954
10034946
10034934
10034926
10034914
10034908
10034896
10034888
10034880
10034870
10034862
10034850
10034842
10034832
10034824
10034812
10034804
10034792
10034786
10034774
10034766
10034754
10034748
10034736
10034728
10034716
10034708
10034698
10034690
10034678
10034670
10034660
10034652
10034640
10034632
10034622
10034614
10034602
10034594
10034584
10034576
10034564
10034556
10034544
10034538
10034526
10034518
10034506
10034500
10034488
10034480
10034472
10034460
10034454
10034442
10034434
10034422
10034416
10034404
10034396
10034384
10034378
10034366
10034358
10034346
10034338
10034328
10034320
10034308
10034300
10034290
10034282
10034274
10034262
10034254
10034244
10034236
10034224
10034216
10034206
10034198
10034186
10034174
10034168
10034156
10034144
10034132
10034122
10034110
10034102
10034090
10034080
10034068
10034056
10034048
10034038
10034026
10034014
10034004
10033992
10033984
10033972
10033962
10033950
10033938
10033930
10033920
10033908
10033896
10033884
10033874
10033866
10033854
10033842
10033832
10033820
10033812
10033802
10033790
10033778
10033766
10033756
10033748
10033736
10033724
10033714
10033702
10033694
10033682
10033672
10033660
10033648
10033640
10033630
10033618
10033606
10033596
10033588
10033576
10033564
10033554
10033542
10033534
10033522
10033512
10033500
10033488
10033480
10033470
10033458
10033446
10033434
10033428
10033416
10033404
10033392
10033382
10033374
10033362
10033350
10033340
10033328
10033320
10033308
10033298
10033286
10033274
10033266
10033256
10033244
10033232
10033222
10033214
10033202
10033190
10033180
10033168
10033160
10033148
10033138
10033126
10033114
10033106
10033096
10033084
10033072
10033064
10033054
10033042
10033030
10033020
10033012
10033000
10032988
10032978
10032966
10032958
10032946
10032936
10032924
10032916
10032904
10032894
10032882
10032870
10032862
10032852
10032840
10032828
10032820
10032810
10032798
10032786
10032778
10032768
10032756
10032748
10032736
10032726
10032718
10032706
10032694
10032688
10032676
10032664
10032656
10032646
10032634
10032626
10032614
10032604
10032596
10032584
10032572
10032566
10032554
10032542
10032530
10032524
10032512
10032500
10032492
10032482
10032470
10032462
10032450
10032440
10032432
10032420
10032408
10032402
10032390
10032378
10032370
10032360
10032348
10032340
10032328
10032318
10032310
10032298
10032286
10032278
10032268
10032256
10032248
10032238
10032226
10032218
10032206
10032196
10032188
10032176
10032164
10032156
10032146
10032134
10032126
10032114
10032104
10032096
10032084
10032076
10032066
10032054
10032046
10032034
10032024
10032016
10032004
10031992
10031986
10031974
10031962
10031954
10031944
10031932
10031924
10031912
10031902
10031894
10031882
10031870
10031864
10031852
10031840
10031832
10031822
10031814
10031802
10031790
10031784
10031772
10031760
10031752
10031742
10031730
10031722
10031710
10031700
10031692
10031680
10031668
10031660
10031650
10031642
10031630
10031620
10031612
10031600
10031588
10031580
10031570
10031558
10031550
10031538
10031532
10031520
10031508
10031496
10031486
10031478
10031466
10031454
10031444
10031432
10031424
10031414
10031402
10031390
10031378
10031372
10031360
10031348
10031336
10031326
10031318
10031306
10031294
10031284
10031272
10031264
10031252
10031242
10031230
10031218
10031210
10031200
10031188
10031176
10031166
10031158
10031146
10031134
10031124
10031112
10031104
10031092
10031082
10031070
10031062
10031050
10031040
10031028
10031016
10031008
10030998
10030986
10030974
10030962
10030956
10030944
10030932
10030920
10030910
10030902
10030890
10030878
10030868
10030860
10030848
10030838
10030826
10030814
10030806
10030796
10030784
10030772
10030764
10030754
10030742
10030730
10030718
10030712
10030700
10030688
10030676
10030670
10030658
10030646
10030634
10030624
10030616
10030604
10030592
10030582
10030574
10030562
10030550
10030540
10030528
10030520
10030508
10030498
10030486
10030478
10030466
10030456
10030444
10030436
10030426
10030414
10030402
10030390
10030384
10030372
10030360
10030348
10030342
10030330
10030318
10030306
10030300
10030288
10030276
10030264
10030258
10030246
10030234
10030222
10030212
10030204
10030192
10030180
10030170
10030162
10030150
10030138
10030132
10030120
10030112
10030100
10030090
10030082
10030070
10030062
10030052
10030040
10030032
10030020
10030014
10030002
10029990
10029982
10029972
10029964
10029952
10029944
10029932
10029922
10029914
10029902
10029894
10029884
10029872
10029864
10029852
10029846
10029834
10029822
10029814
10029804
10029796
10029784
10029772
10029766
10029754
10029746
10029734
10029726
10029716
10029704
10029696
10029684
10029678
10029666
10029654
10029646
10029636
10029628
10029616
10029604
10029598
10029586
10029578
10029566
10029560
10029548
10029536
10029528
10029518
10029510
10029498
10029490
10029478
10029468
10029460
10029448
10029440
10029430
10029418
10029410
10029398
10029392
10029380
10029372
10029360
10029350
10029342
10029330
10029322
10029312
10029304
10029292
10029280
10029272
10029262
10029254
10029242
10029234
10029224
10029212
10029204
10029192
10029186
10029174
10029166
10029154
10029148
10029136
10029124
10029116
10029106
10029098
10029086
10029078
10029066
10029056
10029048
10029036
10029028
10029018
10029010
10028998
10028990
10028980
10028968
10028960
10028948
10028942
10028930
10028922
10028910
10028902
10028888
10028876
10028864
10028854
10028842
10028830
10028820
10028808
10028796
10028784
10028774
10028762
10028750
10028736
10028724
10028712
10028700
10028690
10028678
10028666
10028656
10028644
10028632
10028620
10028610
10028598
10028586
10028574
10028560
10028548
10028536
10028526
10028514
10028502
10028490
10028480
10028468
10028456
10028446
10028434
10028422
10028410
10028400
10028388
10028372
10028362
10028350
10028338
10028326
10028316
10028304
10028292
10028282
10028270
10028258
10028246
10028236
10028224
10028212
10028202
10028190
10028178
10028162
10028152
10028140
10028128
10028118
10028106
10028094
10028082
10028072
10028060
10028048
10028038
10028026
10028014
10028002
10027992
10027980
10027968
10027956
10027946
10027934
10027922
10027908
10027896
10027884
10027872
10027862
10027850
10027838
10027828
10027816
10027804
10027792
10027782
10027770
10027758
10027748
10027736
10027724
10027712
10027702
10027690
10027678
10027666
10027656
10027644
10027632
10027622
10027610
10027598
10027586
10027572
10027560
10027548
10027538
10027526
10027514
10027502
10027492
10027480
10027468
10027458
10027446
10027434
10027422
10027412
10027400
10027392
10027380
10027370
10027358
10027350
10027338
10027328
10027316
10027308
10027296
10027286
10027274
10027266
10027256
10027244
10027236
10027224
10027214
10027202
10027194
10027182
10027172
10027160
10027152
10027140
10027130
10027118
10027110
10027098
10027088
10027076
10027068
10027056
10027046
10027038
10027026
10027014
10027004
10026996
10026984
10026972
10026962
10026954
10026942
10026930
10026924
10026912
10026900
10026888
10026882
10026870
10026858
10026846
10026840
10026828
10026816
10026808
10026798
10026786
10026774
10026766
10026756
10026744
10026736
10026724
10026714
10026702
10026694
10026682
10026672
10026660
10026652
10026640
10026630
10026622
10026610
10026598
10026588
10026580
10026568
10026556
10026550
10026538
10026526
10026514
10026508
10026496
10026484
10026476
10026466
10026454
10026442
10026434
10026424
10026412
10026404
10026392
10026382
10026374
10026362
10026350
10026340
10026332
10026320
10026308
10026302
10026290
10026278
10026270
10026260
10026248
10026236
10026228
10026218
10026206
10026198
10026186
10026176
10026168
10026156
10026144
10026134
10026126
10026114
10026102
10026096
10026084
10026072
10026062
10026050
10026038
10026026
10026016
10026004
10025992
10025980
10025970
10025958
10025946
10025936
10025924
10025912
10025900
10025890
10025878
10025866
10025856
10025844
10025832
10025820
10025810
10025798
10025786
10025774
10025764
10025752
10025740
10025730
10025718
10025706
10025694
10025684
10025672
10025660
10025650
10025638
10025626
10025614
10025604
10025592
10025580
10025568
10025558
10025546
10025534
10025524
10025512
10025500
10025488
10025478
10025466
10025454
10025444
10025432
10025420
10025412
10025402
10025390
10025378
10025366
10025356
10025344
10025332
10025320
10025310
10025298
10025286
10025276
10025264
10025252
10025240
10025230
10025218
10025206
10025196
10025184
10025172
10025160
10025150
10025138
10025126
10025114
10025104
10025092
10025080
10025070
10025058
10025046
10025038
10025028
10025016
10025004
10024992
10024982
10024970
10024958
10024948
10024936
10024924
10024912
10024902
10024890
10024878
10024868
10024856
10024844
10024832
10024822
10024810
10024798
10024786
10024776
10024768
10024756
10024744
10024734
10024722
10024710
10024700
10024688
10024676
10024664
10024654
10024642
10024630
10024620
10024608
10024600
10024588
10024578
10024566
10024554
10024542
10024532
10024520
10024512
10024500
10024490
10024478
10024466
10024456
10024444
10024436
10024424
10024414
10024402
10024390
10024378
10024368
10024360
10024348
10024336
10024326
10024314
10024302
10024290
10024284
10024272
10024260
10024250
10024238
10024226
10024214
10024208
10024196
10024184
10024172
10024162
10024150
10024138
10024130
10024120
10024108
10024096
10024084
10024074
10024062
10024054
10024044
10024032
10024020
10024008
10023998
10023990
10023978
10023966
10023956
10023944
10023932
10023920
10023914
10023902
10023890
10023880
10023868
10023856
10023848
10023838
10023826
10023814
10023802
10023792
10023784
10023772
10023760
10023750
10023738
10023726
10023718
10023708
10023696
10023684
10023674
10023662
10023654
10023642
10023632
10023620
10023608
10023596
10023590
10023578
10023566
10023554
10023544
10023532
10023524
10023512
10023502
10023490
10023478
10023468
10023460
10023448
10023436
10023426
10023414
10023406
10023394
10023384
10023372
10023360
10023348
10023342
10023330
10023318
10023306
10023296
10023288
10023276
10023264
10023254
10023242
10023230
10023220
10023208
10023192
10023180
10023170
10023158
10023146
10023136
10023120
10023108
10023096
10023086
10023074
10023058
10023048
10023036
10023024
10023014
10022998
10022986
10022974
10022964
10022952
10022940
10022926
10022914
10022902
10022890
10022880
10022864
10022852
10022842
10022830
10022818
10022808
10022792
10022780
10022768
10022758
10022746
10022734
10022720
10022708
10022696
10022686
10022674
10022658
10022646
10022636
10022624
10022612
10022602
10022586
10022574
10022562
10022552
10022540
10022528
10022514
10022502
10022490
10022480
10022468
10022456
10022440
10022430
10022418
10022406
10022396
10022384
10022368
10022356
10022346
10022334
10022322
10022312
10022300
10022284
10022274
10022262
10022250
10022238
10022228
10022212
10022200
10022190
10022178
10022166
10022154
10022144
10022128
10022116
10022106
10022094
10022082
10022070
10022056
10022044
10022032
10022022
10022010
10021998
10021986
10021972
10021960
10021948
10021938
10021926
10021914
10021902
10021888
10021876
10021864
10021854
10021842
10021830
10021820
10021808
10021792
10021780
10021770
10021758
10021746
10021736
10021724
10021708
10021696
10021686
10021674
10021662
10021652
10021640
10021632
10021620
10021610
10021598
10021586
10021574
10021564
10021552
10021540
10021530
10021518
10021506
10021494
10021488
10021476
10021464
10021452
10021442
10021430
10021418
10021408
10021396
10021384
10021372
10021362
10021354
10021342
10021330
10021320
10021308
10021296
10021286
10021274
10021262
10021250
10021240
10021228
10021220
10021208
10021198
10021186
10021174
10021162
10021152
10021140
10021128
10021118
10021110
10021098
10021086
10021076
10021064
10021052
10021040
10021030
10021018
10021006
10020996
10020988
10020976
10020964
10020954
10020942
10020930
10020918
10020908
10020896
10020888
10020876
10020866
10020854
10020842
10020832
10020820
10020808
10020796
10020786
10020778
10020766
10020754
10020744
10020732
10020720
10020708
10020698
10020686
10020678
10020668
10020656
10020644
10020632
10020622
10020610
10020598
10020586
10020580
10020568
10020556
10020544
10020534
10020522
10020510
10020500
10020492
10020480
10020468
10020458
10020446
10020434
10020422
10020412
10020404
10020392
10020380
10020370
10020358
10020346
10020336
10020324
10020316
10020304
10020294
10020282
10020270
10020258
10020248
10020236
10020224
10020214
10020202
10020190
10020178
10020168
10020156
10020144
10020132
10020122
10020110
10020098
10020088
10020076
10020060
10020050
10020038
10020026
10020014
10020004
10019992
10019980
10019968
10019958
10019946
10019934
10019924
10019912
10019900
10019888
10019878
10019866
10019854
10019844
10019832
10019820
10019808
10019798
10019786
10019774
10019762
10019752
10019740
10019728
10019718
10019706
10019694
10019682
10019672
10019660
10019648
10019638
10019626
10019614
10019602
10019592
10019580
10019568
10019556
10019546
10019534
10019522
10019512
10019500
10019488
10019476
10019466
10019454
10019442
10019432
10019420
10019408
10019396
10019386
10019374
10019362
10019350
10019340
10019328
10019316
10019306
10019294
10019282
10019270
10019260
10019248
10019236
10019226
10019214
10019202
10019190
10019180
10019168
10019156
10019144
10019134
10019122
10019110
10019100
10019088
10019076
10019064
10019054
10019042
10019030
10019020
10019008
10018996
10018984
10018974
10018962
10018950
10018938
10018928
10018916
10018904
10018894
10018882
10018870
10018858
10018848
10018836
10018824
10018814
10018802
10018790
10018778
10018768
10018756
10018744
10018732
10018722
10018710
10018698
10018688
10018676
10018660
10018650
10018638
10018626
10018614
10018604
10018592
10018580
10018568
10018558
10018546
10018534
10018524
10018508
10018496
10018486
10018474
10018462
10018450
10018440
10018428
10018416
10018404
10018394
10018382
10018370
10018360
10018344
10018332
10018320
10018310
10018298
10018286
10018276
10018264
10018252
10018240
10018230
10018218
10018206
10018196
10018184
10018172
10018156
10018146
10018134
10018122
10018112
10018100
10018088
10018076
10018066
10018054
10018042
10018032
10018020
10018008
10017996
10017986
10017974
10017962
10017948
10017936
10017924
10017912
10017902
10017890
10017878
10017868
10017856
10017844
10017832
10017822
10017810
10017798
10017786
10017776
10017764
10017752
10017742
10017730
10017718
10017704
10017692
10017680
10017668
10017658
10017646
10017634
10017622
10017612
10017600
10017588
10017578
10017566
10017554
10017542
10017532
10017520
10017508
10017498
10017486
10017474
10017462
10017452
10017440
10017428
10017416
10017406
10017394
10017382
10017372
10017360
10017344
10017332
10017322
10017310
10017298
10017288
10017276
10017260
10017250
10017238
10017226
10017210
10017200
10017188
10017176
10017162
10017150
10017138
10017126
10017116
10017100
10017088
10017078
10017066
10017050
10017040
10017028
10017016
10017002
10016990
10016978
10016966
10016952
10016940
10016928
10016918
10016906
10016890
10016880
10016868
10016856
10016840
10016830
10016818
10016806
10016796
10016780
10016768
10016756
10016746
10016730
10016718
10016708
10016696
10016684
10016670
10016658
10016646
10016634
10016620
10016608
10016596
10016586
10016574
10016558
10016548
10016536
10016524
10016510
10016498
10016486
10016474
10016464
10016448
10016436
10016426
10016414
10016402
10016386
10016376
10016364
10016352
10016342
10016326
10016314
10016304
10016292
10016280
10016264
10016254
10016242
10016230
10016220
10016204
10016192
10016180
10016170
10016158
10016142
10016132
10016120
10016108
10016098
10016082
10016070
10016058
10016048
10016036
10016020
10016010
10015998
10015986
10015974
10015960
10015948
10015936
10015926
10015914
10015898
10015888
10015876
10015864
10015852
10015842
10015826
10015814
10015804
10015792
10015780
10015766
10015754
10015742
10015730
10015720
10015708
10015696
10015686
10015674
10015662
10015650
10015640
10015628
10015616
10015604
10015594
10015582
10015570
10015560
10015548
10015540
10015528
10015518
10015506
10015494
10015482
10015472
10015460
10015448
10015438
10015426
10015414
10015402
10015392
10015380
10015368
10015356
10015346
10015334
10015322
10015312
10015300
10015288
10015276
10015266
10015254
10015242
10015232
10015224
10015212
10015200
10015190
10015178
10015166
10015154
10015144
10015132
10015120
10015110
10015098
10015086
10015074
10015064
10015052
10015040
10015028
10015018
10015006
10014994
10014986
10014976
10014964
10014952
10014942
10014930
10014918
10014906
10014896
10014884
10014872
10014862
10014850
10014838
10014826
10014816
10014804
10014792
10014784
10014774
10014762
10014750
10014738
10014728
10014716
10014704
10014694
10014682
10014670
10014658
10014648
10014636
10014624
10014616
10014606
10014594
10014582
10014572
10014560
10014548
10014536
10014526
10014514
10014502
10014492
10014480
10014468
10014460
10014450
10014438
10014426
10014414
10014404
10014392
10014380
10014368
10014358
10014346
10014334
10014324
10014316
10014304
10014292
10014278
10014266
10014254
10014244
10014232
10014220
10014208
10014198
10014186
10014174
10014162
10014148
10014136
10014124
10014114
10014102
10014090
10014080
10014068
10014056
10014044
10014034
10014022
10014006
10013996
10013984
10013972
10013960
10013950
10013938
10013926
10013916
10013904
10013892
10013880
10013866
10013854
10013842
10013832
10013820
10013808
10013796
10013786
10013774
10013762
10013750
10013740
10013728
10013716
10013702
10013690
10013678
10013668
10013656
10013644
10013632
10013622
10013610
10013598
10013586
10013576
10013564
10013552
10013542
10013530
10013514
10013504
10013492
10013480
10013468
10013458
10013446
10013434
10013422
10013412
10013400
10013388
10013378
10013366
10013354
10013342
10013332
10013316
10013304
10013294
10013282
10013270
10013258
10013248
10013236
10013224
10013214
10013202
10013190
10013178
10013168
10013156
10013144
10013134
10013122
10013110
10013098
10013088
10013072
10013060
10013050
10013038
10013026
10013014
10013004
10012992
10012980
10012968
10012958
10012946
10012934
10012924
10012912
10012900
10012888
10012878
10012866
10012854
10012844
10012832
10012820
10012808
10012794
10012782
10012770
10012760
10012744
10012732
10012722
10012706
10012694
10012682
10012668
10012656
10012644
10012634
10012618
10012606
10012596
10012584
10012568
10012556
10012546
10012530
10012518
10012508
10012496
10012480
10012470
10012458
10012442
10012432
10012420
10012408
10012392
10012382
10012370
10012358
10012344
10012332
10012320
10012306
10012294
10012282
10012270
10012256
10012244
10012232
10012222
10012206
10012194
10012184
10012172
10012156
10012144
10012134
10012118
10012106
10012096
10012084
10012068
10012058
10012046
10012034
10012020
10012008
10011996
10011984
10011970
10011958
10011946
10011936
10011920
10011908
10011898
10011886
10011870
10011858
10011848
10011836
10011820
10011810
10011798
10011786
10011772
10011760
10011748
10011736
10011722
10011710
10011698
10011688
10011672
10011660
10011650
10011638
10011622
10011610
10011600
10011588
10011572
10011562
10011550
10011538
10011524
10011512
10011500
10011488
10011478
10011462
10011450
10011440
10011428
10011412
10011402
10011390
10011378
10011362
10011352
10011340
10011328
10011318
10011302
10011290
10011280
10011268
10011252
10011240
10011230
10011218
10011206
10011192
10011180
10011168
10011156
10011146
10011130
10011118
10011108
10011096
10011084
10011074
10011058
10011046
10011034
10011024
10011012
10010996
10010986
10010974
10010962
10010950
10010940
10010924
10010912
10010902
10010890
10010878
10010868
10010852
10010840
10010828
10010818
10010806
10010794
10010780
10010768
10010756
10010746
10010734
10010722
10010706
10010696
10010684
10010672
10010662
10010650
10010634
10010622
10010612
10010600
10010588
10010578
10010566
10010550
10010540
10010528
10010516
10010504
10010494
10010478
10010466
10010456
10010444
10010432
10010420
10010410
10010394
10010382
10010372
10010360
10010348
10010336
10010322
10010310
10010298
10010288
10010276
10010264
10010252
10010238
10010226
10010214
10010204
10010192
10010180
10010168
10010154
10010142
10010130
10010120
10010108
10010096
10010086
10010074
10010058
10010046
10010036
10010024
10010012
10010002
10009990
10009974
10009962
10009952
10009940
10009928
10009918
10009906
10009894
10009880
10009868
10009856
10009844
10009834
10009822
10009810
10009798
10009784
10009772
10009760
10009750
10009738
10009726
10009716
10009704
10009688
10009676
10009666
10009654
10009642
10009632
10009620
10009608
10009596
10009586
10009574
10009562
10009552
10009540
10009528
10009516
10009502
10009490
10009478
10009468
10009456
10009444
10009432
10009422
10009410
10009398
10009386
10009376
10009364
10009352
10009342
10009330
10009318
10009306
10009296
10009280
10009268
10009258
10009246
10009234
10009222
10009212
10009200
10009188
10009178
10009166
10009154
10009142
10009132
10009120
10009108
10009098
10009086
10009074
10009062
10009052
10009040
10009028
10009016
10009002
10008990
10008978
10008968
10008956
10008944
10008934
10008922
10008910
10008898
10008888
10008876
10008864
10008852
10008842
10008830
10008818
10008808
10008796
10008784
10008772
10008762
10008750
10008738
10008728
10008716
10008704
10008692
10008682
10008670
10008658
10008646
10008636
10008624
10008612
10008602
10008590
10008578
10008566
10008556
10008544
10008532
10008522
10008506
10008494
10008482
10008472
10008460
10008448
10008438
10008426
10008414
10008402
10008392
10008380
10008368
10008358
10008346
10008334
10008322
10008312
10008300
10008288
10008276
10008266
10008254
10008242
10008232
10008220
10008208
10008196
10008186
10008174
10008158
10008148
10008136
10008120
10008110
10008098
10008082
10008070
10008060
10008044
10008032
10008022
10008006
10007994
10007984
10007972
10007956
10007946
10007934
10007918
10007906
10007896
10007880
10007868
10007858
10007842
10007830
10007820
10007804
10007792
10007780
10007766
10007754
10007742
10007732
10007716
10007704
10007694
10007678
10007666
10007656
10007640
10007628
10007616
10007602
10007590
10007578
10007568
10007552
10007540
10007530
10007514
10007502
10007492
10007476
10007464
10007452
10007442
10007426
10007414
10007404
10007388
10007376
10007366
10007354
10007338
10007328
10007316
10007300
10007288
10007278
10007262
10007250
10007240
10007228
10007212
10007202
10007190
10007174
10007164
10007152
10007140
10007124
10007114
10007102
10007090
10007076
10007064
10007052
10007038
10007026
10007014
10007002
10006988
10006976
10006964
10006950
10006938
10006926
10006916
10006900
10006888
10006876
10006866
10006850
10006838
10006828
10006812
10006800
10006790
10006778
10006762
10006752
10006740
10006728
10006712
10006702
10006690
10006678
10006664
10006652
10006640
10006628
10006614
10006602
10006590
10006580
10006564
10006552
10006542
10006530
10006518
10006504
10006492
10006480
10006468
10006458
10006442
10006430
10006420
10006408
10006396
10006384
10006370
10006358
10006346
10006336
10006324
10006312
10006298
10006286
10006274
10006262
10006252
10006236
10006224
10006214
10006202
10006190
10006178
10006164
10006152
10006140
10006130
10006118
10006106
10006092
10006080
10006068
10006056
10006046
10006034
10006018
10006008
10005996
10005984
10005972
10005962
10005946
10005934
10005924
10005912
10005900
10005888
10005874
10005862
10005850
10005840
10005828
10005816
10005804
10005790
10005778
10005766
10005756
10005744
10005732
10005718
10005706
10005694
10005682
10005672
10005660
10005648
10005634
10005622
10005610
10005598
10005588
10005576
10005564
10005550
10005538
10005526
10005516
10005504
10005492
10005480
10005466
10005454
10005442
10005432
10005420
10005408
10005396
10005382
10005370
10005358
10005348
10005336
10005324
10005312
10005302
10005286
10005274
10005264
10005252
10005240
10005228
10005218
10005206
10005190
10005180
10005168
10005156
10005146
10005134
10005122
10005110
10005096
10005084
10005072
10005062
10005050
10005038
10005022
10005012
10005000
10004984
10004974
10004962
10004946
10004936
10004924
10004908
10004898
10004886
10004870
10004858
10004848
10004836
10004820
10004810
10004798
10004782
10004772
10004760
10004744
10004734
10004722
10004710
10004694
10004684
10004672
10004656
10004646
10004634
10004618
10004608
10004596
10004584
10004570
10004558
10004546
10004530
10004520
10004508
10004492
10004482
10004470
10004458
10004444
10004432
10004420
10004404
10004394
10004382
10004370
10004356
10004344
10004332
10004318
10004306
10004294
10004282
10004268
10004256
10004244
10004230
10004218
10004206
10004196
10004180
10004168
10004158
10004142
10004130
10004118
10004108
10004092
10004080
10004070
10004058
10004042
10004032
10004020
10004004
10003992
10003982
10003970
10003954
10003944
10003932
10003920
10003906
10003894
10003882
10003868
10003856
10003844
10003832
10003818
10003806
10003794
10003784
10003768
10003756
10003746
10003734
10003718
10003706
10003696
10003684
10003668
10003658
10003646
10003634
10003620
10003608
10003596
10003584
10003570
10003558
10003546
10003536
10003520
10003508
10003498
10003486
10003470
10003458
10003448
10003436
10003424
10003414
10003402
10003386
10003376
10003364
10003352
10003340
10003330
10003318
10003306
10003294
10003284
10003272
10003260
10003250
10003238
10003226
10003214
10003200
10003188
10003176
10003166
10003154
10003142
10003130
10003120
10003108
10003096
10003086
10003074
10003062
10003050
10003040
10003028
10003016
10003004
10002994
10002978
10002966
10002956
10002944
10002932
10002922
10002910
10002898
10002886
10002876
10002864
10002852
10002840
10002830
10002818
10002806
10002796
10002784
10002772
10002760
10002750
10002738
10002726
10002716
10002704
10002688
10002676
10002666
10002654
10002642
10002632
10002620
10002608
10002596
10002586
10002574
10002562
10002552
10002540
10002528
10002516
10002506
10002494
10002482
10002470
10002460
10002448
10002436
10002426
10002414
10002402
10002390
10002380
10002368
10002356
10002346
10002334
10002322
10002310
10002300
10002288
10002276
10002264
10002254
10002242
10002230
10002220
10002208
10002196
10002184
10002174
10002158
10002146
10002136
10002124
10002112
10002100
10002090
10002078
10002066
10002056
10002044
10002032
10002020
10002010
10001998
10001986
10001976
10001964
10001952
10001940
10001926
10001914
10001898
10001888
10001872
10001860
10001846
10001834
10001818
10001808
10001796
10001780
10001770
10001754
10001742
10001728
10001716
10001700
10001688
10001678
10001662
10001650
10001636
10001624
10001608
10001598
10001582
10001570
10001560
10001544
10001532
10001518
10001506
10001490
10001480
10001468
10001452
10001440
10001426
10001414
10001398
10001388
10001376
10001360
10001350
10001334
10001322
10001308
10001296
10001284
10001270
10001258
10001242
10001232
10001216
10001204
10001194
10001178
10001166
10001152
10001140
10001128
10001112
10001102
10001086
10001074
10001060
10001048
10001036
10001022
10001010
10000994
10000984
10000972
10000956
10000946
10000930
10000918
10000906
10000892
10000880
10000864
10000854
10000842
10000826
10000816
10000800
10000788
10000778
10000762
10000750
10000736
10000724
10000712
10000698
10000686
10000670
10000658
10000648
10000632
10000620
10000606
10000594
10000582
10000568
10000556
10000540
10000530
10000518
10000502
10000492
10000476
10000464
10000452
10000438
10000426
10000414
10000400
10000388
10000372
10000362
10000350
10000334
10000324
10000308
10000296
10000286
10000274
10000262
10000250
10000240
10000224
10000212
10000202
10000190
10000178
10000166
10000156
10000144
10000132
10000118
10000106
10000094
10000082
10000072
10000060
10000048
10000038
10000026
10000010
10000000
9999992
9999980
9999968
9999954
9999942
9999930
9999918
9999908
9999896
9999884
9999874
9999862
9999850
9999834
9999824
9999812
9999800
9999790
9999778
9999766
9999754
9999744
9999732
9999720
9999706
9999694
9999682
9999670
9999660
9999648
9999636
9999626
9999614
9999602
9999590
9999580
9999564
9999552
9999542
9999530
9999518
9999506
9999496
9999484
9999472
9999462
9999450
9999438
9999426
9999412
9999400
9999388
9999378
9999366
9999354
9999342
9999332
9999320
9999308
9999298
9999286
9999274
9999262
9999248
9999236
9999224
9999214
9999202
9999190
9999178
9999168
9999156
9999144
9999134
9999122
9999110
9999098
9999088
9999076
9999060
9999050
9999038
9999026
9999014
9999004
9998992
9998980
9998970
9998958
9998946
9998934
9998924
9998912
9998900
9998888
9998878
9998866
9998854
9998840
9998828
9998816
9998804
9998794
9998782
9998770
9998756
9998744
9998732
9998718
9998706
9998694
9998680
9998668
9998652
9998640
9998630
9998614
9998602
9998592
9998576
9998564
9998554
9998538
9998526
9998516
9998500
9998488
9998476
9998462
9998450
9998438
9998424
9998412
9998400
9998386
9998374
9998362
9998348
9998336
9998324
9998310
9998298
9998286
9998274
9998260
9998248
9998236
9998222
9998210
9998198
9998184
9998172
9998160
9998146
9998134
9998122
9998106
9998096
9998084
9998068
9998058
9998046
9998030
9998020
9998008
9997996
9997982
9997970
9997958
9997942
9997932
9997920
9997904
9997894
9997882
9997866
9997856
9997844
9997832
9997816
9997806
9997794
9997778
9997768
9997756
9997740
9997730
9997718
9997706
9997692
9997680
9997668
9997652
9997642
9997630
9997614
9997604
9997592
9997580
9997566
9997554
9997542
9997528
9997516
9997504
9997492
9997478
9997466
9997454
9997440
9997428
9997416
9997406
9997390
9997378
9997366
9997352
9997340
9997328
9997318
9997302
9997290
9997280
9997268
9997252
9997240
9997230
9997214
9997202
9997192
9997180
9997164
9997154
9997142
9997130
9997118
9997108
9997096
9997084
9997070
9997058
9997046
9997034
9997024
9997012
9997000
9996986
9996974
9996962
9996952
9996940
9996928
9996916
9996906
9996890
9996878
9996868
9996856
9996844
9996832
9996822
9996810
9996794
9996784
9996772
9996760
9996748
9996738
9996726
9996714
9996704
9996688
9996676
9996664
9996654
9996642
9996630
9996620
9996608
9996592
9996582
9996570
9996558
9996546
9996536
9996524
9996512
9996500
9996490
9996474
9996462
9996452
9996440
9996428
9996416
9996406
9996394
9996382
9996372
9996356
9996344
9996334
9996322
9996310
9996298
9996288
9996276
9996264
9996252
9996238
9996226
9996214
9996204
9996192
9996180
9996170
9996158
9996146
9996134
9996124
9996108
9996096
9996086
9996074
9996062
9996050
9996040
9996028
9996016
9996006
9995994
9995982
9995966
9995956
9995944
9995932
9995922
9995910
9995898
9995886
9995876
9995864
9995852
9995840
9995830
9995814
9995802
9995792
9995780
9995768
9995758
9995746
9995734
9995722
9995712
9995700
9995688
9995676
9995666
9995650
9995638
9995628
9995612
9995600
9995590
9995574
9995562
9995552
9995540
9995524
9995512
9995502
9995486
9995474
9995464
9995452
9995436
9995426
9995414
9995398
9995388
9995376
9995360
9995348
9995338
9995326
9995310
9995300
9995288
9995276
9995262
9995250
9995238
9995222
9995212
9995200
9995188
9995174
9995162
9995150
9995136
9995124
9995112
9995100
9995086
9995074
9995062
9995052
9995036
9995024
9995014
9994998
9994986
9994976
9994964
9994948
9994936
9994926
9994914
9994898
9994888
9994876
9994864
9994850
9994838
9994826
9994812
9994800
9994788
9994776
9994762
9994750
9994738
9994728
9994712
9994700
9994688
9994678
9994662
9994650
9994640
9994628
9994612
9994602
9994590
9994578
9994564
9994552
9994540
9994528
9994514
9994502
9994490
9994480
9994464
9994452
9994440
9994430
9994414
9994402
9994392
9994380
9994364
9994354
9994342
9994330
9994318
9994304
9994292
9994280
9994270
9994254
9994242
9994232
9994220
9994204
9994194
9994182
9994170
9994158
9994144
9994132
9994120
9994110
9994094
9994082
9994070
9994060
9994048
9994032
9994022
9994010
9993998
9993988
9993976
9993964
9993952
9993938
9993926
9993914
9993904
9993892
9993880
9993868
9993858
9993842
9993830
9993820
9993808
9993796
9993784
9993774
9993762
9993746
9993736
9993724
9993712
9993700
9993690
9993678
9993666
9993652
9993640
9993628
9993618
9993606
9993594
9993582
9993572
9993560
9993544
9993534
9993522
9993510
9993498
9993488
9993476
9993464
9993452
9993442
9993426
9993414
9993404
9993392
9993380
9993370
9993358
9993346
9993334
9993324
9993308
9993296
9993286
9993274
9993262
9993250
9993240
9993228
9993216
9993206
9993190
9993178
9993166
9993156
9993144
9993132
9993122
9993110
9993098
9993086
9993076
9993064
9993048
9993038
9993026
9993014
9993002
9992992
9992980
9992968
9992958
9992946
9992934
9992922
9992908
9992896
9992884
9992874
9992862
9992850
9992838
9992828
9992816
9992804
9992794
9992782
9992770
9992754
9992744
9992732
9992720
9992710
9992698
9992686
9992674
9992664
9992652
9992640
9992630
9992618
9992606
9992594
9992584
9992568
9992556
9992546
9992534
9992522
9992506
9992496
9992484
9992468
9992458
9992446
9992434
9992420
9992408
9992396
9992382
9992370
9992358
9992342
9992332
9992320
9992304
9992294
9992282
9992270
9992256
9992244
9992232
9992218
9992206
9992194
9992178
9992168
9992156
9992144
9992130
9992118
9992106
9992092
9992080
9992068
9992056
9992042
9992030
9992018
9992004
9991992
9991980
9991970
9991954
9991942
9991930
9991916
9991904
9991892
9991882
9991866
9991854
9991844
9991828
9991816
9991806
9991794
9991778
9991766
9991756
9991740
9991728
9991718
9991706
9991690
9991680
9991668
9991656
9991640
9991630
9991618
9991602
9991592
9991580
9991568
9991554
9991542
9991530
9991518
9991504
9991492
9991480
9991470
9991454
9991442
9991432
9991416
9991404
9991394
9991382
9991366
9991354
9991344
9991332
9991316
9991306
9991294
9991282
9991268
9991256
9991244
9991232
9991218
9991206
9991194
9991184
9991168
9991156
9991146
9991134
9991118
9991106
9991096
9991084
9991068
9991058
9991046
9991034
9991020
9991008
9990996
9990984
9990974
9990958
9990946
9990936
9990924
9990912
9990900
9990890
9990878
9990866
9990852
9990840
9990828
9990818
9990806
9990794
9990782
9990772
9990760
9990748
9990736
9990726
9990714
9990702
9990692
9990676
9990664
9990652
9990642
9990630
9990618
9990608
9990596
9990584
9990572
9990562
9990550
9990538
9990528
9990516
9990504
9990492
9990478
9990466
9990454
9990444
9990432
9990420
9990408
9990398
9990386
9990374
9990364
9990352
9990340
9990328
9990318
9990306
9990294
9990282
9990272
9990260
9990248
9990234
9990222
9990210
9990200
9990188
9990176
9990164
9990154
9990142
9990130
9990118
9990108
9990096
9990084
9990074
9990062
9990050
9990038
9990028
9990016
9990004
9989994
9989982
9989970
9989958
9989948
9989936
9989924
9989912
9989902
9989890
9989878
9989864
9989852
9989840
9989830
9989818
9989806
9989794
9989784
9989772
9989760
9989748
9989738
9989726
9989714
9989704
9989692
9989680
9989668
9989658
9989646
9989634
9989624
9989612
9989600
9989588
9989578
9989566
9989554
9989542
9989532
9989520
9989508
9989498
9989486
9989474
9989462
9989452
9989436
9989424
9989414
9989398
9989386
9989376
9989360
9989348
9989336
9989322
9989310
9989298
9989284
9989272
9989260
9989250
9989234
9989222
9989212
9989196
9989184
9989172
9989158
9989146
9989134
9989120
9989108
9989096
9989082
9989070
9989058
9989044
9989032
9989020
9989008
9988994
9988982
9988970
9988956
9988944
9988932
9988918
9988906
9988894
9988880
9988868
9988856
9988844
9988830
9988818
9988806
9988792
9988780
9988768
9988754
9988742
9988730
9988718
9988704
9988692
9988680
9988666
9988654
9988642
9988628
9988616
9988604
9988594
9988578
9988566
9988554
9988540
9988528
9988516
9988506
9988490
9988478
9988468
9988452
9988440
9988430
9988418
9988402
9988390
9988380
9988364
9988352
9988342
9988330
9988314
9988304
9988292
9988280
9988264
9988254
9988242
9988226
9988216
9988204
9988192
9988178
9988166
9988154
9988142
9988128
9988116
9988104
9988090
9988078
9988066
9988056
9988040
9988028
9988018
9988006
9987990
9987978
9987968
9987956
9987940
9987930
9987918
9987906
9987892
9987880
9987868
9987856
9987842
9987830
9987818
9987808
9987796
9987784
9987772
9987762
9987750
9987738
9987724
9987712
9987700
9987688
9987678
9987666
9987654
9987644
9987632
9987620
9987606
9987594
9987582
9987570
9987560
9987548
9987536
9987524
9987514
9987502
9987490
9987476
9987464
9987452
9987442
9987430
9987418
9987406
9987396
9987384
9987372
9987360
9987350
9987334
9987322
9987312
9987300
9987288
9987276
9987266
9987254
9987242
9987232
9987220
9987208
9987196
9987182
9987170
9987158
9987148
9987136
9987124
9987112
9987102
9987090
9987078
9987068
9987056
9987044
9987032
9987018
9987006
9986994
9986984
9986972
9986960
9986948
9986938
9986926
9986914
9986904
9986892
9986880
9986868
9986858
9986846
9986834
9986820
9986808
9986796
9986784
9986774
9986762
9986750
9986740
9986728
9986716
9986704
9986694
9986682
9986670
9986660
9986648
9986636
9986624
9986614
9986602
9986590
9986576
9986564
9986552
9986540
9986530
9986518
9986506
9986494
9986484
9986472
9986460
9986450
9986438
9986426
9986414
9986404
9986392
9986380
9986370
9986358
9986346
9986330
9986320
9986308
9986296
9986286
9986274
9986258
9986248
9986236
9986224
9986212
9986202
9986190
9986174
9986164
9986152
9986140
9986128
9986118
9986102
9986090
9986080
9986068
9986056
9986044
9986034
9986018
9986006
9985996
9985984
9985972
9985960
9985950
9985934
9985922
9985912
9985900
9985888
9985876
9985866
9985850
9985838
9985828
9985816
9985804
9985794
9985782
9985770
9985754
9985744
9985732
9985720
9985710
9985698
9985686
9985670
9985660
9985648
9985636
9985626
9985614
9985602
9985590
9985576
9985564
9985552
9985542
9985530
9985518
9985506
9985496
9985484
9985468
9985458
9985446
9985434
9985424
9985412
9985400
9985388
9985374
9985362
9985350
9985340
9985328
9985316
9985304
9985294
9985282
9985266
9985256
9985244
9985232
9985220
9985210
9985198
9985186
9985176
9985164
9985148
9985136
9985126
9985114
9985102
9985092
9985080
9985068
9985056
9985046
9985030
9985018
9985008
9984996
9984984
9984972
9984962
9984950
9984938
9984928
9984916
9984900
9984888
9984878
9984866
9984854
9984844
9984832
9984820
9984808
9984798
9984786
9984774
9984764
9984752
9984740
9984728
9984718
9984706
9984694
9984682
9984672
9984660
9984648
9984638
9984626
9984614
9984602
9984592
9984580
9984568
9984558
9984546
9984534
9984522
9984512
9984500
9984488
9984476
9984466
9984454
9984442
9984432
9984420
9984408
9984396
9984386
9984374
9984362
9984352
9984340
9984328
9984316
9984306
9984294
9984282
9984272
9984260
9984248
9984236
9984226
9984214
9984202
9984190
9984180
9984168
9984156
9984146
9984134
9984122
9984110
9984100
9984088
9984076
9984066
9984054
9984042
9984030
9984020
9984008
9983996
9983984
9983974
9983962
9983950
9983940
9983928
9983916
9983904
9983894
9983882
9983870
9983860
9983848
9983836
9983824
9983814
9983806
9983794
9983782
9983772
9983760
9983748
9983736
9983726
9983714
9983702
9983692
9983680
9983668
9983656
9983646
9983634
9983622
9983612
9983600
9983588
9983576
9983566
9983554
9983542
9983530
9983524
9983512
9983500
9983488
9983478
9983466
9983454
9983444
9983432
9983420
9983408
9983398
9983386
9983374
9983364
9983352
9983336
9983324
9983314
9983302
9983290
9983276
9983264
9983252
9983242
9983226
9983214
9983202
9983192
9983180
9983164
9983154
9983142
9983130
9983116
9983104
9983092
9983080
9983070
9983054
9983042
9983032
9983020
9983004
9982994
9982982
9982970
9982958
9982944
9982932
9982920
9982910
9982894
9982882
9982872
9982860
9982848
9982832
9982822
9982810
9982798
9982788
9982772
9982760
9982748
9982738
9982726
9982710
9982700
9982688
9982676
9982666
9982650
9982638
9982626
9982616
9982604
9982588
9982578
9982566
9982554
9982542
9982528
9982516
9982504
9982494
9982482
9982466
9982456
9982444
9982432
9982420
9982410
9982394
9982382
9982372
9982360
9982348
9982334
9982322
9982310
9982298
9982288
9982276
9982260
9982250
9982238
9982226
9982214
9982200
9982188
9982176
9982166
9982154
9982142
9982128
9982116
9982104
9982092
9982082
9982070
9982054
9982044
9982032
9982020
9982008
9981998
9981982
9981970
9981960
9981948
9981936
9981924
9981910
9981898
9981886
9981876
9981864
9981852
9981838
9981826
9981814
9981802
9981792
9981780
9981768
9981758
9981746
9981734
9981722
9981712
9981700
9981688
9981678
9981666
9981654
9981642
9981632
9981620
9981604
9981594
9981582
9981570
9981558
9981548
9981536
9981524
9981512
9981502
9981490
9981478
9981468
9981456
9981444
9981432
9981422
9981410
9981398
9981388
9981376
9981364
9981352
9981342
9981330
9981318
9981306
9981296
9981284
9981272
9981262
9981250
9981238
9981226
9981216
9981204
9981192
9981182
9981170
9981158
9981146
9981136
9981124
9981112
9981100
9981090
9981078
9981066
9981056
9981044
9981032
9981020
9981010
9980998
9980986
9980976
9980964
9980952
9980940
9980930
9980918
9980906
9980894
9980884
9980872
9980860
9980850
9980838
9980826
9980814
9980804
9980792
9980780
9980770
9980758
9980746
9980734
9980724
9980712
9980700
9980690
9980678
9980666
9980654
9980644
9980632
9980620
9980608
9980598
9980586
9980574
9980564
9980552
9980540
9980528
9980518
9980506
9980494
9980484
9980472
9980460
9980448
9980438
9980426
9980414
9980402
9980392
9980380
9980368
9980358
9980346
9980334
9980322
9980312
9980300
9980288
9980278
9980266
9980254
9980242
9980232
9980220
9980208
9980194
9980182
9980170
9980158
9980148
9980136
9980124
9980112
9980102
9980090
9980078
9980068
9980056
9980044
9980032
9980022
9980006
9979994
9979984
9979972
9979960
9979948
9979938
9979926
9979914
9979904
9979892
9979880
9979868
9979858
9979846
9979834
9979824
9979812
9979800
9979784
9979774
9979762
9979750
9979740
9979728
9979716
9979704
9979694
9979682
9979670
9979660
9979648
9979636
9979624
9979614
9979602
9979590
9979578
9979568
9979556
9979544
9979534
9979522
9979510
9979496
9979484
9979472
9979460
9979450
9979438
9979426
9979414
9979404
9979392
9979380
9979370
9979358
9979346
9979334
9979324
9979312
9979300
9979290
9979278
9979266
9979254
9979244
9979232
9979220
9979208
9979198
9979186
9979174
9979164
9979152
9979140
9979128
9979118
9979106
9979094
9979084
9979072
9979060
9979048
9979038
9979026
9979014
9979002
9978992
9978980
9978968
9978958
9978946
9978934
9978922
9978912
9978900
9978888
9978878
9978866
9978854
9978842
9978832
9978820
9978808
9978796
9978786
9978774
9978766
9978754
9978744
9978732
9978720
9978710
9978698
9978686
9978674
9978664
9978656
9978644
9978632
9978622
9978610
9978598
9978588
9978576
9978564
9978556
9978546
9978534
9978522
9978510
9978500
9978488
9978476
9978466
9978458
9978446
9978434
9978424
9978412
9978400
9978388
9978378
9978366
9978358
9978346
9978336
9978324
9978312
9978302
9978290
9978278
9978270
9978260
9978248
9978236
9978224
9978214
9978202
9978190
9978182
9978172
9978160
9978148
9978136
9978126
9978114
9978102
9978096
9978084
9978072
9978060
9978050
9978038
9978026
9978018
9978008
9977996
9977984
9977972
9977962
9977950
9977942
9977930
9977920
9977908
9977896
9977886
9977874
9977866
9977854
9977844
9977832
9977820
9977808
9977798
9977790
9977778
9977766
9977756
9977744
9977732
9977724
9977714
9977702
9977690
9977680
9977668
9977656
9977648
9977638
9977626
9977614
9977602
9977592
9977584
9977572
9977560
9977550
9977538
9977526
9977518
9977508
9977496
9977484
9977474
9977462
9977450
9977438
9977428
9977416
9977404
9977394
9977382
9977370
9977358
9977348
9977336
9977324
9977312
9977302
9977290
9977278
9977268
9977256
9977244
9977232
9977222
9977210
9977198
9977188
9977176
9977164
9977152
9977142
9977134
9977122
9977110
9977100
9977088
9977076
9977066
9977054
9977042
9977030
9977020
9977008
9976996
9976984
9976974
9976962
9976950
9976940
9976928
9976916
9976904
9976894
9976882
9976870
9976860
9976848
9976836
9976824
9976814
9976802
9976790
9976778
9976768
9976756
9976744
9976734
9976722
9976710
9976698
9976688
9976680
9976668
9976656
9976646
9976634
9976622
9976612
9976600
9976588
9976576
9976566
9976554
9976542
9976530
9976520
9976508
9976496
9976486
9976474
9976462
9976450
9976440
9976432
9976420
9976408
9976398
9976386
9976374
9976364
9976352
9976340
9976328
9976318
9976306
9976294
9976284
9976272
9976260
9976248
9976238
9976230
9976218
9976206
9976196
9976184
9976172
9976160
9976150
9976138
9976126
9976116
9976104
9976092
9976080
9976070
9976062
9976050
9976038
9976028
9976016
9976004
9975994
9975982
9975970
9975958
9975948
9975936
9975924
9975914
9975902
9975890
9975878
9975868
9975856
9975840
9975830
9975818
9975806
9975794
9975784
9975772
9975760
9975748
9975738
9975726
9975714
9975704
9975692
9975680
9975668
9975658
9975646
9975634
9975624
9975612
9975600
9975588
9975578
9975566
9975554
9975542
9975532
9975520
9975508
9975498
9975486
9975474
9975462
9975452
9975440
9975428
9975418
9975406
9975394
9975382
9975372
9975360
9975348
9975336
9975326
9975314
9975302
9975292
9975280
9975268
9975256
9975246
9975234
9975222
9975212
9975200
9975188
9975176
9975166
9975154
9975142
9975130
9975120
9975108
9975096
9975086
9975074
9975062
9975050
9975040
9975028
9975016
9975006
9974994
9974982
9974970
9974960
9974948
9974936
9974924
9974914
9974902
9974894
9974884
9974872
9974860
9974848
9974838
9974826
9974814
9974802
9974792
9974780
9974768
9974758
9974746
9974734
9974722
9974712
9974700
9974688
9974678
9974666
9974654
9974642
9974632
9974620
9974608
9974596
9974586
9974574
9974566
9974554
9974544
9974532
9974520
9974510
9974498
9974486
9974474
9974464
9974452
9974440
9974430
9974418
9974406
9974394
9974384
9974372
9974360
9974352
9974342
9974330
9974318
9974308
9974296
9974284
9974272
9974262
9974250
9974238
9974226
9974216
9974204
9974192
9974184
9974174
9974162
9974150
9974140
9974128
9974116
9974104
9974094
9974082
9974070
9974060
9974048
9974040
9974028
9974018
9974006
9973994
9973982
9973972
9973960
9973948
9973936
9973926
9973914
9973906
9973896
9973884
9973872
9973860
9973850
9973838
9973826
9973814
9973804
9973792
9973780
9973772
9973762
9973750
9973738
9973728
9973716
9973704
9973692
9973682
9973670
9973662
9973650
9973640
9973628
9973616
9973606
9973594
9973582
9973570
9973560
9973552
9973540
9973528
9973518
9973506
9973494
9973484
9973472
9973460
9973452
9973442
9973430
9973418
9973406
9973396
9973384
9973372
9973360
9973354
9973342
9973330
9973320
9973308
9973296
9973284
9973274
9973262
9973254
9973242
9973232
9973220
9973208
9973196
9973186
9973174
9973166
9973154
9973144
9973132
9973120
9973110
9973098
9973090
9973078
9973068
9973056
9973044
9973036
9973026
9973014
9973002
9972990
9972984
9972972
9972960
9972948
9972938
9972930
9972918
9972908
9972896
9972884
9972876
9972866
9972854
9972842
9972834
9972824
9972812
9972800
9972788
9972782
9972770
9972758
9972746
9972736
9972728
9972716
9972704
9972694
9972682
9972674
9972662
9972652
9972640
9972632
9972620
9972610
9972598
9972586
9972578
9972568
9972556
9972544
9972536
9972526
9972514
9972502
9972492
9972484
9972472
9972460
9972450
9972442
9972430
9972418
9972408
9972400
9972388
9972376
9972366
9972354
9972346
9972334
9972324
9972312
9972304
9972292
9972282
9972270
9972262
9972250
9972240
9972228
9972220
9972208
9972198
9972186
9972178
9972166
9972156
9972144
9972136
9972126
9972114
9972102
9972090
9972084
9972072
9972060
9972048
9972042
9972030
9972018
9972010
9972000
9971988
9971976
9971968
9971958
9971946
9971934
9971926
9971916
9971904
9971892
9971884
9971874
9971862
9971850
9971842
9971832
9971820
9971808
9971800
9971790
9971778
9971766
9971758
9971748
9971736
9971724
9971714
9971702
9971690
9971678
9971668
9971656
9971644
9971632
9971622
9971610
9971602
9971590
9971580
9971568
9971556
9971546
9971534
9971522
9971510
9971500
9971488
9971476
9971466
9971458
9971446
9971434
9971424
9971412
9971400
9971388
9971378
9971366
9971354
9971342
9971332
9971324
9971312
9971302
9971290
9971278
9971266
9971256
9971244
9971232
9971220
9971210
9971202
9971190
9971178
9971168
9971156
9971144
9971134
9971122
9971110
9971098
9971092
9971080
9971068
9971056
9971046
9971034
9971022
9971012
9971000
9970992
9970980
9970970
9970958
9970946
9970934
9970924
9970912
9970900
9970892
9970882
9970870
9970858
9970848
9970836
9970824
9970812
9970802
9970794
9970782
9970770
9970760
9970748
9970736
9970726
9970714
9970706
9970694
9970684
9970672
9970660
9970648
9970638
9970626
9970618
9970606
9970596
9970584
9970572
9970560
9970550
9970538
9970530
9970520
9970508
9970496
9970484
9970474
9970462
9970454
9970442
9970432
9970420
9970408
9970396
9970386
9970374
9970366
9970354
9970344
9970332
9970324
9970314
9970302
9970290
9970282
9970272
9970260
9970252
9970240
9970230
9970218
9970210
9970198
9970188
9970180
9970168
9970156
9970146
9970138
9970126
9970114
9970108
9970096
9970084
9970072
9970066
9970054
9970042
9970034
9970024
9970012
9970000
9969992
9969982
9969970
9969962
9969950
9969940
9969932
9969920
9969908
9969898
9969890
9969878
9969866
9969860
9969848
9969836
9969828
9969818
9969806
9969794
9969786
9969776
9969764
9969756
9969744
9969734
9969726
9969714
9969702
9969696
9969684
9969672
9969664
9969654
9969642
9969630
9969622
9969612
9969600
9969592
9969580
9969570
9969562
9969550
9969538
9969532
9969520
9969508
9969500
9969490
9969478
9969470
9969458
9969448
9969440
9969428
9969416
9969408
9969398
9969386
9969378
9969366
9969356
9969348
9969336
9969326
9969318
9969306
9969294
9969286
9969276
9969264
9969256
9969244
9969234
9969226
9969214
9969202
9969196
9969184
9969172
9969164
9969154
9969142
9969134
9969122
9969112
9969104
9969092
9969080
9969074
9969062
9969050
9969042
9969032
9969020
9969012
9969000
9968990
9968982
9968970
9968958
9968948
9968940
9968928
9968916
9968910
9968898
9968886
9968878
9968868
9968856
9968844
9968836
9968826
9968814
9968806
9968794
9968784
9968776
9968764
9968752
9968742
9968734
9968722
9968710
9968704
9968692
9968680
9968672
9968662
9968650
9968642
9968630
9968620
9968608
9968600
9968588
9968578
9968570
9968558
9968546
9968540
9968528
9968516
9968508
9968498
9968486
9968478
9968466
9968456
9968448
9968436
9968424
9968418
9968406
9968394
9968386
9968376
9968364
9968352
9968344
9968334
9968322
9968314
9968302
9968292
9968284
9968272
9968260
9968254
9968242
9968230
9968222
9968212
9968200
9968192
9968180
9968172
9968162
9968150
9968142
9968132
9968120
9968112
9968100
9968090
9968082
9968070
9968058
9968050
9968040
9968028
9968020
9968008
9967998
9967990
9967978
9967966
9967960
9967948
9967936
9967928
9967918
9967910
9967898
9967886
9967880
9967868
9967856
9967848
9967838
9967826
9967818
9967806
9967796
9967788
9967776
9967768
9967758
9967746
9967738
9967726
9967716
9967704
9967692
9967684
9967674
9967662
9967650
9967638
9967632
9967620
9967608
9967596
9967586
9967578
9967566
9967554
9967544
9967536
9967524
9967514
9967502
9967490
9967482
9967472
9967460
9967448
9967436
9967430
9967418
9967406
9967394
9967388
9967376
9967364
9967352
9967342
9967334
9967322
9967310
9967300
9967292
9967280
9967268
9967258
9967246
9967238
9967226
9967216
9967204
9967196
9967184
9967174
9967162
9967150
9967144
9967132
9967120
9967108
9967102
9967090
9967078
9967066
9967060
9967048
9967036
9967024
9967018
9967006
9966994
9966982
9966976
9966964
9966952
9966940
9966934
9966922
9966910
9966898
9966888
9966880
9966868
9966856
9966846
9966838
9966826
9966814
9966804
9966796
9966784
9966772
9966766
9966754
9966742
9966732
9966724
9966712
9966700
9966690
9966682
9966670
9966658
9966648
9966640
9966628
9966616
9966606
9966598
9966586
9966574
9966564
9966556
9966544
9966532
9966526
9966514
9966502
9966490
9966484
9966472
9966460
9966448
9966442
9966430
9966418
9966410
9966400
9966388
9966376
9966368
9966358
9966350
9966338
9966326
9966320
9966308
9966300
9966288
9966280
9966270
9966258
9966250
9966238
9966232
9966220
9966208
9966200
9966190
9966182
9966170
9966158
9966152
9966140
9966132
9966120
9966110
9966102
9966090
9966082
9966072
9966064
9966052
9966040
9966032
9966022
9966014
9966002
9965994
9965984
9965972
9965964
9965952
9965946
9965934
9965926
9965914
9965904
9965896
9965884
9965876
9965866
9965858
9965846
9965834
9965826
9965816
9965808
9965796
9965788
9965778
9965766
9965758
9965746
9965740
9965728
9965720
9965708
9965698
9965690
9965678
9965670
9965660
9965652
9965640
9965632
9965620
9965610
9965602
9965590
9965582
9965572
9965564
9965552
9965544
9965534
9965526
9965514
9965502
9965496
9965484
9965476
9965464
9965456
9965446
9965438
9965426
9965418
9965408
9965396
9965388
9965376
9965370
9965358
9965350
9965338
9965332
9965320
9965312
9965300
9965292
9965282
9965270
9965262
9965250
9965244
9965232
9965224
9965212
9965206
9965194
9965186
9965174
9965166
9965156
9965148
9965136
9965126
9965118
9965106
9965094
9965086
9965076
9965064
9965056
9965044
9965034
9965026
9965014
9965002
9964996
9964984
9964976
9964964
9964954
9964946
9964934
9964922
9964916
9964904
9964892
9964884
9964874
9964862
9964854
9964842
9964832
9964824
9964812
9964804
9964794
9964782
9964774
9964762
9964752
9964744
9964732
9964720
9964714
9964702
9964690
9964682
9964672
9964664
9964652
9964640
9964632
9964622
9964610
9964602
9964590
9964584
9964572
9964560
9964552
9964542
9964530
9964522
9964510
9964504
9964492
9964480
9964472
9964462
9964450
9964442
9964430
9964424
9964412
9964400
9964392
9964382
9964370
9964362
9964350
9964344
9964332
9964320
9964312
9964302
9964294
9964282
9964270
9964262
9964252
9964240
9964232
9964220
9964214
9964202
9964190
9964182
9964172
9964164
9964152
9964140
9964134
9964122
9964114
9964102
9964092
9964084
9964072
9964064
9964054
9964042
9964034
9964022
9964014
9964004
9963992
9963984
9963972
9963966
9963954
9963942
9963934
9963924
9963916
9963904
9963896
9963886
9963874
9963866
9963854
9963848
9963836
9963824
9963816
9963806
9963798
9963786
9963774
9963768
9963756
9963748
9963736
9963726
9963718
9963706
9963694
9963686
9963676
9963668
9963656
9963648
9963638
9963626
9963618
9963606
9963600
9963588
9963576
9963568
9963558
9963550
9963538
9963526
9963520
9963508
9963500
9963488
9963478
9963470
9963458
9963450
9963438
9963432
9963420
9963408
9963400
9963390
9963382
9963370
9963358
9963352
9963340
9963332
9963320
9963314
9963302
9963290
9963282
9963272
9963264
9963252
9963244
9963232
9963222
9963214
9963202
9963194
9963184
9963176
9963164
9963152
9963146
9963134
9963126
9963114
9963108
9963096
9963084
9963076
9963066
9963058
9963046
9963038
9963026
9963016
9963008
9962996
9962988
9962978
9962970
9962958
9962950
9962940
9962928
9962920
9962908
9962902
9962890
9962882
9962870
9962862
9962852
9962844
9962832
9962820
9962814
9962802
9962794
9962782
9962776
9962764
9962756
9962744
9962734
9962726
9962714
9962706
9962696
9962688
9962676
9962668
9962656
9962650
9962638
9962630
9962618
9962608
9962600
9962588
9962580
9962574
9962562
9962554
9962542
9962534
9962524
9962516
9962504
9962496
9962490
9962478
9962470
9962458
9962450
9962440
9962432
9962424
9962412
9962406
9962394
9962386
9962374
9962368
9962360
9962348
9962340
9962328
9962322
9962310
9962302
9962294
9962284
9962276
9962264
9962256
9962244
9962238
9962230
9962218
9962210
9962200
9962192
9962184
9962172
9962164
9962154
9962146
9962134
9962126
9962120
9962108
9962100
9962088
9962080
9962074
9962062
9962054
9962042
9962036
9962028
9962016
9962008
9961996
9961990
9961982
9961970
9961962
9961952
9961944
9961936
9961924
9961916
9961906
9961898
9961890
9961878
9961872
9961860
9961852
9961844
9961832
9961826
9961814
9961806
9961798
9961788
9961780
9961768
9961760
9961752
9961742
9961734
9961722
9961714
9961708
9961696
9961688
9961680
9961668
9961662
9961650
9961642
9961634
9961624
9961616
9961604
9961596
9961588
9961578
9961570
9961562
9961550
9961544
9961532
9961524
9961516
9961504
9961498
9961490
9961478
9961470
9961460
9961452
9961444
9961432
9961424
9961418
9961406
9961394
9961386
9961376
9961368
9961356
9961348
9961338
9961330
9961318
9961310
9961298
9961292
9961280
9961268
9961260
9961250
9961242
9961230
9961222
9961212
9961204
9961192
9961184
9961174
9961166
9961154
9961142
9961134
9961124
9961116
9961104
9961096
9961086
9961078
9961066
9961058
9961048
9961040
9961028
9961020
9961008
9961002
9960990
9960982
9960970
9960964
9960952
9960940
9960932
9960922
9960914
9960902
9960894
9960884
9960876
9960864
9960856
9960844
9960838
9960826
9960818
9960806
9960800
9960788
9960780
9960768
9960762
9960750
9960742
9960730
9960722
9960712
9960704
9960692
9960684
9960674
9960666
9960654
9960646
9960636
9960628
9960616
9960608
9960596
9960590
9960578
9960570
9960558
9960552
9960540
9960532
9960520
9960514
9960502
9960494
9960482
9960474
9960464
9960456
9960444
9960436
9960426
9960418
9960406
9960398
9960388
9960380
9960368
9960360
9960350
9960342
9960330
9960322
9960314
9960304
9960296
9960284
9960276
9960266
9960258
9960246
9960238
9960226
9960220
9960208
9960200
9960188
9960182
9960174
9960162
9960154
9960146
9960136
9960128
9960120
9960108
9960102
9960094
9960082
9960074
9960066
9960056
9960048
9960040
9960028
9960020
9960014
9960002
9959994
9959986
9959980
9959968
9959960
9959952
9959940
9959934
9959926
9959914
9959906
9959898
9959888
9959880
9959872
9959860
9959854
9959846
9959838
9959826
9959818
9959812
9959800
9959792
9959784
9959774
9959766
9959758
9959746
9959738
9959732
9959724
9959712
9959704
9959696
9959686
9959678
9959670
9959658
9959650
9959644
9959636
9959624
9959616
9959608
9959598
9959590
9959582
9959574
9959564
9959556
9959548
9959536
9959528
9959522
9959510
9959502
9959494
9959486
9959476
9959468
9959460
9959448
9959442
9959434
9959426
9959414
9959406
9959400
9959388
9959380
9959372
9959364
9959354
9959346
9959338
9959330
9959320
9959312
9959304
9959292
9959284
9959278
9959270
9959258
9959250
9959242
9959236
9959224
9959216
9959208
9959196
9959190
9959182
9959174
9959162
9959156
9959148
9959140
9959128
9959120
9959114
9959106
9959094
9959086
9959078
9959068
9959060
9959052
9959044
9959032
9959026
9959018
9959006
9958998
9958992
9958980
9958972
9958964
9958952
9958946
9958938
9958926
9958918
9958910
9958900
9958892
9958884
9958872
9958866
9958858
9958850
9958838
9958830
9958824
9958812
9958804
9958796
9958786
9958778
9958770
9958758
9958750
9958744
9958736
9958724
9958716
9958708
9958698
9958690
9958682
9958670
9958662
9958656
9958648
9958636
9958628
9958620
9958610
9958602
9958594
9958582
9958576
9958568
9958560
9958548
9958540
9958534
9958522
9958514
9958506
9958498
9958488
9958480
9958472
9958460
9958454
9958446
9958438
9958426
9958418
9958412
9958400
9958392
9958384
9958376
9958366
9958358
9958350
9958338
9958332
9958324
9958316
9958304
9958296
9958290
9958278
9958270
9958262
9958254
9958244
9958236
9958228
9958220
9958208
9958202
9958194
9958182
9958174
9958168
9958160
9958148
9958140
9958132
9958126
9958114
9958106
9958098
9958090
9958080
9958072
9958064
9958056
9958044
9958038
9958030
9958018
9958010
9958002
9957996
9957984
9957976
9957968
9957962
9957950
9957942
9957934
9957922
9957916
9957908
9957896
9957888
9957880
9957870
9957862
9957854
9957842
9957836
9957828
9957816
9957808
9957798
9957790
9957782
9957770
9957762
9957756
9957744
9957736
9957728
9957716
9957710
9957702
9957690
9957682
9957674
9957664
9957656
9957648
9957636
9957630
9957622
9957610
9957602
9957594
9957584
9957576
9957568
9957556
9957550
9957542
9957530
9957522
9957514
9957504
9957496
9957488
9957476
9957468
9957462
9957450
9957442
9957434
9957424
9957416
9957408
9957400
9957388
9957382
9957374
9957362
9957354
9957346
9957336
9957328
9957320
9957308
9957302
9957294
9957282
9957274
9957266
9957256
9957248
9957240
9957232
9957220
9957214
9957206
9957194
9957186
9957180
9957168
9957160
9957152
9957140
9957134
9957126
9957118
9957106
9957098
9957092
9957080
9957072
9957064
9957054
9957046
9957038
9957030
9957018
9957012
9957004
9956992
9956984
9956976
9956966
9956958
9956950
9956942
9956932
9956924
9956916
9956904
9956896
9956890
9956882
9956870
9956862
9956854
9956844
9956836
9956828
9956820
9956808
9956802
9956794
9956786
9956778
9956768
9956760
9956752
9956744
9956736
9956726
9956718
9956710
9956702
9956694
9956686
9956676
9956668
9956660
9956652
9956644
9956634
9956626
9956618
9956610
9956604
9956592
9956584
9956576
9956568
9956562
9956554
9956542
9956534
9956526
9956520
9956512
9956504
9956492
9956484
9956478
9956470
9956462
9956450
9956442
9956436
9956428
9956420
9956412
9956400
9956394
9956386
9956378
9956370
9956362
9956352
9956344
9956336
9956328
9956320
9956314
9956302
9956294
9956286
9956278
9956272
9956264
9956252
9956244
9956236
9956230
9956222
9956214
9956206
9956194
9956188
9956180
9956172
9956164
9956156
9956146
9956138
9956130
9956122
9956114
9956108
9956100
9956088
9956080
9956072
9956066
9956058
9956050
9956042
9956030
9956024
9956016
9956008
9956000
9955992
9955986
9955974
9955966
9955958
9955950
9955944
9955936
9955928
9955916
9955908
9955902
9955894
9955886
9955878
9955870
9955860
9955852
9955844
9955836
9955828
9955820
9955814
9955806
9955794
9955786
9955780
9955772
9955764
9955756
9955748
9955740
9955730
9955722
9955714
9955706
9955698
9955692
9955684
9955676
9955668
9955660
9955650
9955642
9955634
9955626
9955618
9955612
9955604
9955596
9955588
9955580
9955570
9955562
9955554
9955546
9955538
9955532
9955524
9955516
9955508
9955500
9955492
9955482
9955474
9955466
9955458
9955450
9955444
9955436
9955428
9955420
9955412
9955406
9955394
9955386
9955378
9955370
9955364
9955356
9955348
9955340
9955332
9955326
9955318
9955310
9955302
9955290
9955284
9955276
9955268
9955260
9955252
9955244
9955238
9955230
9955222
9955214
9955206
9955200
9955188
9955180
9955172
9955164
9955158
9955150
9955142
9955134
9955126
9955120
9955112
9955104
9955096
9955088
9955080
9955070
9955062
9955054
9955046
9955038
9955032
9955024
9955016
9955008
9955000
9954994
9954986
9954978
9954970
9954962
9954956
9954948
9954940
9954928
9954920
9954914
9954906
9954898
9954890
9954882
9954874
9954868
9954860
9954852
9954844
9954836
9954830
9954822
9954814
9954806
9954798
9954792
9954784
9954772
9954764
9954756
9954750
9954742
9954734
9954726
9954718
9954710
9954700
9954692
9954684
9954676
9954668
9954662
9954654
9954642
9954634
9954626
9954620
9954612
9954604
9954592
9954586
9954578
9954570
9954562
9954554
9954546
9954536
9954528
9954520
9954512
9954504
9954498
9954490
9954482
9954470
9954462
9954456
9954448
9954440
9954432
9954424
9954414
9954406
9954398
9954390
9954382
9954376
9954368
9954356
9954348
9954340
9954334
9954326
9954318
9954310
9954302
9954292
9954284
9954276
9954268
9954260
9954254
9954246
9954238
9954226
9954218
9954212
9954204
9954196
9954188
9954180
9954174
9954162
9954154
9954146
9954138
9954132
9954124
9954116
9954108
9954100
9954090
9954082
9954074
9954066
9954058
9954050
9954044
9954036
9954028
9954016
9954010
9954002
9953994
9953986
9953978
9953970
9953964
9953956
9953944
9953936
9953928
9953922
9953914
9953906
9953898
9953890
9953884
9953876
9953864
9953856
9953848
9953842
9953834
9953826
9953818
9953810
9953804
9953796
9953788
9953776
9953768
9953762
9953754
9953746
9953738
9953730
9953722
9953716
9953708
9953700
9953692
9953680
9953674
9953666
9953658
9953650
9953642
9953636
9953628
9953620
9953612
9953604
9953598
9953590
9953582
9953574
9953566
9953558
9953552
9953544
9953536
9953528
9953520
9953510
9953502
9953494
9953486
9953478
9953472
9953464
9953456
9953448
9953440
9953432
9953426
9953418
9953410
9953402
9953394
9953388
9953380
9953372
9953364
9953356
9953350
9953342
9953334
9953326
9953318
9953310
9953304
9953296
9953288
9953276
9953268
9953262
9953254
9953246
9953238
9953230
9953224
9953216
9953208
9953200
9953192
9953186
9953178
9953170
9953162
9953154
9953146
9953140
9953132
9953124
9953116
9953108
9953102
9953094
9953086
9953078
9953070
9953062
9953056
9953048
9953040
9953032
9953024
9953018
9953010
9953002
9952994
9952986
9952980
9952972
9952964
9952956
9952948
9952940
9952934
9952926
9952918
9952910
9952902
9952896
9952888
9952880
9952872
9952864
9952856
9952850
9952842
9952834
9952826
9952818
9952812
9952804
9952796
9952788
9952780
9952774
9952766
9952758
9952750
9952742
9952734
9952728
9952720
9952712
9952704
9952696
9952690
9952682
9952678
9952670
9952662
9952654
9952648
9952640
9952632
9952624
9952616
9952610
9952602
9952594
9952590
9952582
9952574
9952568
9952560
9952552
9952544
9952536
9952528
9952522
9952514
9952506
9952502
9952494
9952486
9952480
9952472
9952464
9952456
9952448
9952442
9952434
9952426
9952422
9952414
9952406
9952400
9952392
9952384
9952376
9952368
9952362
9952354
9952350
9952342
9952334
9952326
9952320
9952312
9952304
9952296
9952288
9952284
9952278
9952270
9952262
9952254
9952246
9952238
9952232
9952224
9952216
9952212
9952204
9952198
9952190
9952182
9952174
9952166
9952158
9952156
9952148
9952140
9952132
9952124
9952116
9952110
9952102
9952094
9952090
9952082
9952074
9952068
9952060
9952052
9952044
9952036
9952032
9952026
9952018
9952010
9952002
9951994
9951988
9951980
9951976
9951968
9951960
9951952
9951946
9951938
9951930
9951922
9951918
9951910
9951904
9951896
9951888
9951880
9951872
9951868
9951862
9951854
9951846
9951838
9951830
9951824
9951816
9951812
9951804
9951796
9951788
9951782
9951774
9951766
9951758
9951750
9951744
9951740
9951732
9951724
9951716
9951708
9951702
9951694
9951686
9951678
9951670
9951662
9951656
9951652
9951644
9951636
9951628
9951622
9951614
9951606
9951598
9951590
9951582
9951580
9951572
9951564
9951556
9951548
9951540
9951534
9951526
9951518
9951510
9951502
9951498
9951492
9951484
9951476
9951468
9951460
9951454
9951446
9951438
9951434
9951426
9951418
9951412
9951404
9951396
9951388
9951380
9951374
9951366
9951362
9951354
9951346
9951338
9951332
9951324
9951316
9951308
9951300
9951296
9951290
9951282
9951274
9951266
9951258
9951250
9951244
9951240
9951232
9951224
9951216
9951210
9951202
9951194
9951186
9951178
9951174
9951168
9951160
9951152
9951144
9951136
9951128
9951122
9951118
9951110
9951102
9951094
9951086
9951080
9951072
9951068
9951060
9951052
9951044
9951038
9951030
9951022
9951014
9951010
9951004
9950996
9950988
9950980
9950972
9950964
9950962
9950954
9950946
9950938
9950930
9950922
9950916
9950908
9950904
9950896
9950888
9950880
9950874
9950870
9950862
9950854
9950846
9950842
9950836
9950828
9950824
9950816
9950808
9950800
9950798
9950790
9950782
9950778
9950770
9950762
9950758
9950752
9950744
9950740
9950732
9950724
9950716
9950714
9950706
9950698
9950694
9950686
9950678
9950674
9950668
9950660
9950656
9950648
9950640
9950634
9950630
9950622
9950614
9950610
9950602
9950594
9950592
9950584
9950576
9950572
9950564
9950556
9950552
9950546
9950538
9950534
9950526
9950518
9950510
9950508
9950500
9950492
9950488
9950480
9950472
9950468
9950462
9950454
9950450
9950442
9950434
9950430
9950424
9950416
9950412
9950404
9950396
9950392
9950386
9950378
9950374
9950366
9950358
9950354
9950346
9950340
9950336
9950328
9950320
9950316
9950308
9950302
9950298
9950290
9950282
9950278
9950270
9950262
9950260
9950252
9950244
9950240
9950232
9950224
9950222
9950214
9950206
9950202
9950194
9950186
9950182
9950176
9950172
9950164
9950156
9950152
9950144
9950138
9950134
9950126
9950118
9950114
9950106
9950098
9950096
9950088
9950080
9950076
9950068
9950060
9950056
9950050
9950042
9950034
9950026
9950022
9950016
9950008
9950000
9949992
9949984
9949980
9949974
9949966
9949958
9949950
9949942
9949938
9949932
9949924
9949916
9949908
9949900
9949896
9949890
9949882
9949874
9949866
9949858
9949854
9949848
9949840
9949832
9949824
9949816
9949812
9949806
9949798
9949790
9949782
9949774
9949770
9949764
9949756
9949748
9949740
9949732
9949728
9949722
9949714
9949706
9949698
9949694
9949686
9949680
9949672
9949664
9949656
9949652
9949644
9949638
9949630
9949622
9949618
9949610
9949604
9949596
9949588
9949584
9949576
9949568
9949562
9949554
9949546
9949542
9949534
9949526
9949520
9949512
9949508
9949500
9949492
9949484
9949478
9949474
9949466
9949458
9949450
9949442
9949440
9949432
9949424
9949416
9949408
9949404
9949398
9949390
9949382
9949374
9949370
9949362
9949356
9949348
9949340
9949336
9949328
9949320
9949314
9949306
9949302
9949294
9949286
9949278
9949272
9949268
9949260
9949252
9949244
9949240
9949234
9949226
9949218
9949210
9949206
9949198
9949192
9949184
9949176
9949172
9949164
9949156
9949152
9949146
9949138
9949134
9949126
9949118
9949114
9949108
9949104
9949096
9949088
9949084
9949076
9949068
9949066
9949058
9949050
9949046
9949038
9949030
9949028
9949020
9949016
9949008
9949000
9948996
9948988
9948982
9948978
9948970
9948962
9948958
9948950
9948944
9948940
9948932
9948928
9948920
9948912
9948908
9948902
9948894
9948890
9948882
9948878
9948870
9948862
9948860
9948852
9948844
9948840
9948832
9948824
9948822
9948814
9948810
9948802
9948794
9948790
9948782
9948776
9948772
9948764
9948760
9948752
9948744
9948740
9948734
9948730
9948722
9948714
9948710
9948702
9948696
9948692
9948684
9948680
9948672
9948664
9948660
9948654
9948646
9948642
9948634
9948630
9948622
9948616
9948612
9948604
9948600
9948592
9948584
9948580
9948574
9948570
9948562
9948554
9948550
9948542
9948538
9948532
9948524
9948520
9948512
9948504
9948500
9948492
9948490
9948482
9948474
9948470
9948462
9948458
9948450
9948444
9948440
9948432
9948428
9948420
9948412
9948410
9948402
9948398
9948390
9948386
9948378
9948370
9948368
9948360
9948352
9948348
9948340
9948332
9948328
9948322
9948314
9948310
9948302
9948298
9948290
9948284
9948280
9948272
9948264
9948260
9948252
9948246
9948242
9948234
9948230
9948222
9948214
9948210
9948204
9948196
9948192
9948184
9948176
9948172
9948164
9948162
9948154
9948146
9948142
9948134
9948126
9948122
9948116
9948112
9948104
9948096
9948092
9948084
9948078
9948074
9948066
9948062
9948054
9948046
9948042
9948036
9948028
9948024
9948016
9948012
9948004
9947998
9947994
9947986
9947978
9947974
9947966
9947962
9947956
9947948
9947944
9947936
9947932
9947924
9947916
9947914
9947906
9947898
9947894
9947886
9947882
9947874
9947868
9947864
9947856
9947852
9947844
9947836
9947834
9947826
9947822
9947814
9947806
9947802
9947794
9947792
9947784
9947776
9947772
9947764
9947760
9947752
9947746
9947742
9947734
9947730
9947722
9947714
9947710
9947704
9947700
9947692
9947684
9947680
9947672
9947668
9947662
9947654
9947650
9947642
9947638
9947630
9947624
9947620
9947612
9947608
9947600
9947592
9947588
9947582
9947578
9947574
9947566
9947562
9947554
9947550
9947544
9947540
9947536
9947528
9947524
9947516
9947512
9947508
9947502
9947498
9947490
9947486
9947478
9947474
9947470
9947462
9947460
9947452
9947448
9947440
9947436
9947432
9947424
9947422
9947414
9947410
9947406
9947398
9947394
9947386
9947382
9947380
9947372
9947368
9947360
9947356
9947348
9947344
9947340
9947334
9947330
9947322
9947318
9947314
9947306
9947302
9947296
9947292
9947288
9947280
9947276
9947268
9947264
9947260
9947254
9947250
9947242
9947238
9947234
9947226
9947222
9947216
9947212
9947208
9947200
9947196
9947188
9947184
9947180
9947174
9947170
9947162
9947158
9947154
9947146
9947142
9947134
9947132
9947128
9947120
9947116
9947112
9947104
9947100
9947092
9947090
9947086
9947078
9947074
9947066
9947062
9947058
9947052
9947048
9947040
9947036
9947032
9947024
9947020
9947016
9947010
9947006
9946998
9946994
9946990
9946982
9946978
9946974
9946968
9946964
9946956
9946952
9946948
9946940
9946936
9946932
9946926
9946922
9946914
9946910
9946906
9946898
9946890
9946886
9946880
9946876
9946868
9946860
9946856
9946848
9946846
9946838
9946830
9946826
9946818
9946814
9946806
9946804
9946796
9946788
9946784
9946776
9946772
9946764
9946758
9946754
9946746
9946742
9946734
9946726
9946722
9946716
9946712
9946704
9946700
9946692
9946684
9946680
9946674
9946670
9946662
9946654
9946650
9946642
9946640
9946632
9946628
9946620
9946612
9946608
9946600
9946598
9946590
9946582
9946578
9946570
9946566
9946558
9946556
9946548
9946540
9946536
9946528
9946524
9946516
9946514
9946506
9946498
9946494
9946486
9946482
9946474
9946472
9946464
9946456
9946452
9946444
9946440
9946434
9946430
9946422
9946418
9946410
9946402
9946398
9946392
9946388
9946380
9946376
9946368
9946360
9946356
9946350
9946346
9946338
9946334
9946326
9946322
9946314
9946308
9946304
9946296
9946292
9946284
9946280
9946272
9946268
9946262
9946254
9946250
9946242
9946238
9946230
9946228
9946220
9946216
9946208
9946204
9946196
9946188
9946186
9946178
9946174
9946166
9946162
9946154
9946150
9946144
9946140
9946132
9946128
9946124
9946116
9946112
9946108
9946102
9946098
9946094
9946086
9946082
9946078
9946074
9946066
9946062
9946060
9946052
9946048
9946044
9946036
9946032
9946028
9946022
9946018
9946014
9946010
9946002
9945998
9945994
9945986
9945982
9945980
9945972
9945968
9945964
9945960
9945952
9945948
9945944
9945938
9945934
9945930
9945926
9945918
9945914
9945910
9945902
9945898
9945896
9945888
9945884
9945880
9945876
9945868
9945864
9945860
9945854
9945850
9945846
9945842
9945834
9945830
9945826
9945818
9945816
9945812
9945808
9945800
9945796
9945792
9945784
9945780
9945776
9945774
9945766
9945762
9945758
9945750
9945746
9945742
9945738
9945732
9945728
9945724
9945720
9945712
9945708
9945704
9945696
9945692
9945690
9945686
9945678
9945674
9945670
9945662
9945658
9945654
9945652
9945644
9945640
9945636
9945632
9945624
9945620
9945616
9945612
9945606
9945602
9945598
9945590
9945586
9945582
9945578
9945570
9945568
9945564
9945560
9945552
9945548
9945544
9945540
9945532
9945528
9945526
9945518
9945514
9945510
9945506
9945498
9945494
9945486
9945484
9945476
9945472
9945468
9945460
9945456
9945448
9945446
9945442
9945434
9945430
9945422
9945418
9945414
9945406
9945404
9945396
9945392
9945388
9945380
9945376
9945368
9945364
9945358
9945354
9945350
9945342
9945338
9945330
9945326
9945322
9945316
9945312
9945304
9945300
9945296
9945288
9945284
9945278
9945274
9945270
9945262
9945258
9945250
9945246
9945242
9945236
9945232
9945228
9945220
9945216
9945208
9945204
9945200
9945194
9945190
9945182
9945178
9945174
9945166
9945162
9945156
9945152
9945148
9945140
9945136
9945128
9945124
9945120
9945114
9945110
9945106
9945098
9945094
9945086
9945082
9945078
9945072
9945068
9945064
9945056
9945052
9945044
9945040
9945036
9945030
9945026
9945018
9945014
9945010
9945002
9944998
9944994
9944988
9944984
9944976
9944972
9944968
9944960
9944956
9944952
9944946
9944942
9944938
9944930
9944926
9944918
9944914
9944910
9944904
9944900
9944896
9944888
9944884
9944876
9944872
9944868
9944862
9944858
9944854
9944846
9944842
9944838
9944830
9944828
9944824
9944820
9944816
9944812
9944808
9944804
9944800
9944792
9944788
9944786
9944782
9944778
9944774
9944770
9944766
9944762
9944758
9944754
9944750
9944746
9944744
9944740
9944736
9944732
9944728
9944724
9944720
9944716
9944712
9944708
9944704
9944702
9944698
9944694
9944686
9944682
9944678
9944674
9944670
9944666
9944664
9944660
9944656
9944652
9944648
9944644
9944640
9944636
9944632
9944628
9944624
9944622
9944618
9944614
9944610
9944606
9944602
9944598
9944594
9944590
9944586
9944582
9944580
9944576
9944572
9944568
9944564
9944560
9944556
9944552
9944548
9944544
9944540
9944538
9944534
9944526
9944522
9944518
9944514
9944510
9944506
9944502
9944498
9944496
9944492
9944488
9944484
9944480
9944476
9944472
9944468
9944464
9944460
9944458
9944454
9944450
9944446
9944442
9944438
9944434
9944430
9944426
9944422
9944418
9944416
9944412
9944408
9944404
9944400
9944396
9944392
9944388
9944384
9944380
9944376
9944374
9944370
9944366
9944362
9944358
9944354
9944350
9944346
9944342
9944338
9944334
9944332
9944328
9944324
9944320
9944312
9944308
9944304
9944300
9944292
9944290
9944286
9944282
9944278
9944270
9944266
9944262
9944258
9944252
9944248
9944244
9944240
9944232
9944228
9944224
9944220
9944216
9944210
9944206
9944202
9944198
9944190
9944186
9944182
9944178
9944170
9944168
9944164
9944160
9944156
9944148
9944144
9944140
9944136
9944128
9944126
9944122
9944118
9944114
9944106
9944102
9944098
9944094
9944090
9944084
9944080
9944076
9944072
9944064
9944060
9944056
9944052
9944048
9944042
9944038
9944034
9944030
9944026
9944018
9944014
9944010
9944006
9944000
9943996
9943992
9943988
9943984
9943976
9943972
9943968
9943964
9943962
9943954
9943950
9943946
9943942
9943938
9943930
9943926
9943922
9943920
9943916
9943908
9943904
9943900
9943896
9943892
9943884
9943880
9943878
9943874
9943870
9943862
9943858
9943854
9943850
9943846
9943840
9943836
9943832
9943828
9943824
9943816
9943812
9943808
9943804
9943800
9943794
9943790
9943786
9943782
9943778
9943770
9943766
9943762
9943758
9943756
9943752
9943744
9943740
9943736
9943732
9943728
9943724
9943720
9943716
9943714
9943710
9943706
9943702
9943698
9943694
9943690
9943686
9943682
9943678
9943674
9943672
9943668
9943664
9943660
9943656
9943652
9943648
9943644
9943640
9943636
9943634
9943630
9943626
9943622
9943618
9943614
9943610
9943606
9943602
9943598
9943594
9943592
9943588
9943584
9943580
9943576
9943572
9943568
9943564
9943560
9943556
9943552
9943550
9943546
9943542
9943538
9943534
9943530
9943526
9943522
9943518
9943514
9943510
9943508
9943504
9943500
9943496
9943492
9943492
9943488
9943484
9943480
9943476
9943472
9943470
9943466
9943462
9943458
9943454
9943450
9943446
9943442
9943438
9943434
9943430
9943428
9943424
9943420
9943416
9943412
9943408
9943404
9943400
9943396
9943392
9943388
9943386
9943382
9943378
9943374
9943370
9943366
9943362
9943358
9943354
9943354
9943350
9943346
9943344
9943340
9943336
9943332
9943328
9943324
9943320
9943316
9943312
9943308
9943304
9943302
9943298
9943294
9943290
9943286
9943282
9943278
9943274
9943270
9943266
9943264
9943260
9943260
9943252
9943248
9943244
9943240
9943236
9943232
9943228
9943224
9943222
9943218
9943214
9943206
9943202
9943198
9943194
9943190
9943186
9943182
9943180
9943176
9943172
9943168
9943164
9943156
9943152
9943148
9943144
9943140
9943138
9943134
9943130
9943126
9943122
9943118
9943114
9943106
9943102
9943098
9943096
9943092
9943088
9943084
9943080
9943076
9943072
9943068
9943064
9943060
9943054
9943050
9943046
9943042
9943038
9943034
9943030
9943026
9943022
9943018
9943016
9943012
9943008
9943004
9943000
9942992
9942988
9942984
9942980
9942976
9942974
9942970
9942966
9942962
9942958
9942954
9942950
9942946
9942942
9942938
9942932
9942928
9942924
9942920
9942916
9942912
9942908
9942904
9942900
9942896
9942892
9942890
9942886
9942882
9942878
9942874
9942870
9942862
9942858
9942854
9942852
9942848
9942844
9942840
9942836
9942832
9942828
9942824
9942820
9942816
9942812
9942810
9942806
9942802
9942798
9942794
9942786
9942782
9942778
9942774
9942770
9942768
9942764
9942760
9942756
9942752
9942748
9942744
9942740
9942736
9942732
9942728
9942728
9942726
9942722
9942718
9942718
9942714
9942710
9942710
9942706
9942702
9942698
9942698
9942694
9942690
9942686
9942686
9942684
9942680
9942680
9942676
9942672
9942668
9942668
9942664
9942660
9942656
9942656
9942652
9942648
9942648
9942646
9942642
9942638
9942638
9942634
9942630
9942626
9942626
9942622
9942618
9942618
9942614
9942610
9942606
9942606
9942604
9942600
9942600
9942596
9942592
9942588
9942588
9942584
9942580
9942576
9942576
9942572
9942568
9942568
9942564
9942562
9942558
9942558
9942554
9942550
9942550
9942546
9942542
9942538
9942538
9942534
9942530
9942530
9942526
9942522
9942520
9942520
9942516
9942512
9942512
9942508
9942504
9942504
9942500
9942496
9942492
9942492
9942488
9942484
9942484
9942480
9942478
9942474
9942474
9942470
9942466
9942466
9942462
9942458
9942458
9942454
9942450
9942446
9942446
9942442
9942440
9942440
9942436
9942432
9942432
9942428
9942424
9942420
9942420
9942416
9942412
9942412
9942408
9942404
9942404
9942400
9942398
9942394
9942394
9942390
9942386
9942382
9942378
9942374
9942370
9942366
9942362
9942358
9942356
9942352
9942348
9942344
9942340
9942336
9942332
9942328
9942324
9942320
9942314
9942310
9942306
9942302
9942298
9942294
9942290
9942286
9942282
9942278
9942276
9942272
9942268
9942264
9942260
9942256
9942252
9942248
9942244
9942240
9942236
9942234
9942230
9942222
9942218
9942214
9942210
9942206
9942202
9942198
9942194
9942192
9942188
9942184
9942180
9942176
9942172
9942168
9942164
9942160
9942156
9942152
9942150
9942146
9942142
9942138
9942134
9942130
9942126
9942122
9942118
9942114
9942110
9942104
9942100
9942096
9942092
9942088
9942084
9942080
9942076
9942072
9942070
9942066
9942062
9942058
9942054
9942050
9942046
9942042
9942038
9942034
9942030
9942028
9942024
9942020
9942016
9942012
9942008
9942004
9942000
9941996
9941992
9941988
9941986
9941982
9941978
9941974
9941970
9941966
9941962
9941958
9941954
9941950
9941946
9941944
9941940
9941936
9941932
9941928
9941924
9941920
9941916
9941912
9941908
9941904
9941902
9941898
9941894
9941890
9941886
9941882
9941878
9941878
9941874
9941874
9941870
9941866
9941866
9941864
9941864
9941860
9941856
9941856
9941852
9941852
9941848
9941848
9941844
9941840
9941840
9941836
9941836
9941832
9941828
9941828
9941824
9941824
9941822
9941822
9941818
9941814
9941814
9941810
9941810
9941806
9941806
9941802
9941798
9941798
9941794
9941794
9941790
9941786
9941786
9941782
9941782
9941780
9941780
9941776
9941772
9941772
9941768
9941768
9941764
9941764
9941760
9941756
9941756
9941752
9941752
9941748
9941748
9941744
9941740
9941740
9941738
9941738
9941734
9941734
9941730
9941726
9941726
9941722
9941722
9941718
9941718
9941714
9941710
9941710
9941706
9941706
9941702
9941702
9941698
9941698
9941696
9941692
9941692
9941688
9941688
9941684
9941684
9941680
9941676
9941676
9941672
9941672
9941668
9941668
9941664
9941664
9941660
9941658
9941658
9941654
9941654
9941650
9941650
9941646
9941646
9941642
9941638
9941638
9941634
9941634
9941630
9941630
9941626
9941626
9941622
9941618
9941618
9941616
9941616
9941612
9941612
9941608
9941608
9941604
9941600
9941600
9941596
9941592
9941592
9941588
9941584
9941580
9941580
9941576
9941574
9941574
9941570
9941566
9941566
9941562
9941558
9941558
9941554
9941550
9941550
9941546
9941542
9941542
9941538
9941534
9941534
9941532
9941528
9941528
9941524
9941520
9941520
9941516
9941512
9941512
9941508
9941504
9941504
9941500
9941496
9941496
9941492
9941490
9941490
9941486
9941482
9941482
9941478
9941474
9941474
9941470
9941466
9941466
9941462
9941458
9941458
9941454
9941452
9941452
9941448
9941444
9941444
9941440
9941436
9941436
9941432
9941432
9941428
9941424
9941424
9941420
9941416
9941416
9941412
9941410
9941410
9941406
9941402
9941402
9941398
9941394
9941394
9941390
9941386
9941386
9941382
9941378
9941378
9941374
9941370
9941370
9941368
9941368
9941364
9941360
9941360
9941356
9941352
9941352
9941348
9941344
9941344
9941340
9941336
9941336
9941332
9941328
9941328
9941326
9941326
9941322
9941318
9941318
9941314
9941310
9941310
9941306
9941302
9941302
9941298
9941294
9941294
9941290
9941290
9941286
9941284
9941284
9941280
9941280
9941276
9941276
9941272
9941272
9941268
9941268
9941264
9941264
9941260
9941260
9941256
9941256
9941252
9941252
9941248
9941248
9941246
9941246
9941246
9941242
9941242
9941238
9941238
9941234
9941234
9941230
9941230
9941226
9941226
9941222
9941222
9941218
9941218
9941214
9941214
9941210
9941210
9941206
9941206
9941204
9941204
9941200
9941200
9941196
9941196
9941192
9941192
9941192
9941188
9941188
9941184
9941184
9941180
9941180
9941176
9941176
9941172
9941172
9941168
9941168
9941164
9941164
9941162
9941162
9941158
9941158
9941154
9941154
9941154
9941150
9941150
9941146
9941146
9941142
9941142
9941138
9941138
9941134
9941134
9941130
9941130
9941126
9941126
9941122
9941122
9941122
9941120
9941120
9941116
9941116
9941112
9941112
9941108
9941108
9941104
9941104
9941100
9941100
9941100
9941096
9941096
9941092
9941092
9941088
9941088
9941084
9941084
9941082
9941082
9941078
9941078
9941078
9941074
9941074
9941070
9941070
9941066
9941066
9941062
9941062
9941058
9941058
9941054
9941054
9941054
9941050
9941046
9941046
9941042
9941040
9941040
9941036
9941032
9941032
9941028
9941024
9941024
9941020
9941016
9941016
9941012
9941008
9941008
9941004
9941000
9941000
9940998
9940994
9940994
9940990
9940986
9940986
9940982
9940978
9940978
9940974
9940970
9940970
9940966
9940962
9940962
9940958
9940956
9940956
9940952
9940948
9940948
9940944
9940940
9940940
9940936
9940932
9940932
9940928
9940924
9940924
9940920
9940916
9940916
9940914
9940910
9940910
9940906
9940906
9940902
9940898
9940898
9940894
9940890
9940890
9940886
9940882
9940882
9940878
9940876
9940876
9940872
9940868
9940868
9940864
9940860
9940860
9940856
9940856
9940852
9940848
9940848
9940844
9940840
9940840
9940836
9940834
9940834
9940830
9940826
9940826
9940822
9940822
9940818
9940814
9940814
9940810
9940806
9940806
9940802
9940798
9940798
9940794
9940792
9940792
9940788
9940788
9940784
9940780
9940780
9940776
9940772
9940772
9940768
9940764
9940764
9940760
9940760
9940756
9940752
9940752
9940750
9940746
9940746
9940742
9940738
9940738
9940734
9940734
9940730
9940730
9940730
9940730
9940726
9940726
9940726
9940726
9940722
9940722
9940722
9940722
9940718
9940718
9940718
9940718
9940714
9940714
9940714
9940714
9940710
9940710
9940710
9940710
9940710
9940708
9940708
9940708
9940708
9940704
9940704
9940704
9940704
9940700
9940700
9940700
9940700
9940696
9940696
9940696
9940696
9940692
9940692
9940692
9940692
9940692
9940688
9940688
9940688
9940688
9940684
9940684
9940684
9940684
9940680
9940680
9940680
9940680
9940676
9940676
9940676
9940676
9940676
9940672
9940672
9940672
9940672
9940670
9940670
9940670
9940670
9940666
9940666
9940666
9940666
9940666
9940662
9940662
9940662
9940662
9940658
9940658
9940658
9940658
9940658
9940654
9940654
9940654
9940654
9940650
9940650
9940650
9940650
9940650
9940646
9940646
9940646
9940646
9940642
9940642
9940642
9940642
9940642
9940638
9940638
9940638
9940638
9940634
9940634
9940634
9940634
9940634
9940630
9940630
9940630
9940630
9940628
9940628
9940628
9940628
9940628
9940624
9940624
9940624
9940624
9940620
9940620
9940620
9940620
9940616
9940616
9940612
9940612
9940608
9940608
9940608
9940604
9940604
9940600
9940600
9940596
9940596
9940592
9940592
9940592
9940588
9940588
9940586
9940586
9940582
9940582
9940582
9940578
9940578
9940574
9940574
9940570
9940570
9940570
9940566
9940566
9940562
9940562
9940558
9940558
9940558
9940554
9940554
9940550
9940550
9940546
9940546
9940546
9940544
9940544
9940540
9940540
9940536
9940536
9940536
9940532
9940532
9940528
9940528
9940524
9940524
9940524
9940520
9940520
9940516
9940516
9940512
9940512
9940512
9940508
9940508
9940504
9940504
9940502
9940502
9940502
9940498
9940498
9940494
9940494
9940494
9940490
9940490
9940486
9940486
9940482
9940482
9940482
9940478
9940478
9940474
9940474
9940474
9940470
9940470
9940466
9940466
9940464
9940464
9940464
9940460
9940460
9940456
9940456
9940456
9940452
9940452
9940448
9940448
9940448
9940444
9940444
9940440
9940440
9940436
9940436
9940436
9940432
9940432
9940428
9940428
9940428
9940424
9940424
9940422
9940422
9940422
9940418
9940418
9940414
9940414
9940414
9940414
9940414
9940410
9940410
9940410
9940410
9940410
9940410
9940410
9940410
9940410
9940406
9940406
9940406
9940406
9940406
9940406
9940406
9940406
9940406
9940406
9940402
9940402
9940402
9940402
9940402
9940402
9940402
9940402
9940402
9940398
9940398
9940398
9940398
9940398
9940398
9940398
9940398
9940398
9940398
9940394
9940394
9940394
9940394
9940394
9940394
9940394
9940394
9940394
9940394
9940390
9940390
9940390
9940390
9940390
9940390
9940390
9940390
9940390
9940390
9940386
9940386
9940386
9940386
9940386
9940386
9940386
9940386
9940386
9940386
9940382
9940382
9940382
9940382
9940382
9940382
9940382
9940382
9940382
9940382
9940382
9940380
9940380
9940380
9940380
9940380
9940380
9940380
9940380
9940380
9940380
9940380
9940376
9940376
9940376
9940376
9940376
9940376
9940376
9940376
9940376
9940376
9940376
9940372
9940372
9940372
9940372
9940372
9940372
9940372
9940372
9940372
9940372
9940372
9940368
9940368
9940368
9940368
9940368
9940368
9940368
9940368
9940368
9940368
9940368
9940368
9940364
9940364
9940364
9940364
9940360
9940360
9940360
9940356
9940356
9940356
9940352
9940352
9940352
9940348
9940348
9940348
9940344
9940344
9940344
9940340
9940340
9940340
9940338
9940338
9940338
9940338
9940334
9940334
9940334
9940330
9940330
9940330
9940326
9940326
9940326
9940322
9940322
9940322
9940318
9940318
9940318
9940318
9940314
9940314
9940314
9940310
9940310
9940310
9940306
9940306
9940306
9940302
9940302
9940302
9940302
9940298
9940298
9940298
9940296
9940296
9940296
9940292
9940292
9940292
9940288
9940288
9940288
9940288
9940284
9940284
9940284
9940280
9940280
9940280
9940276
9940276
9940276
9940276
9940272
9940272
9940272
9940268
9940268
9940268
9940264
9940264
9940264
9940264
9940260
9940260
9940260
9940258
9940258
9940258
9940254
9940254
9940254
9940254
9940250
9940250
9940250
9940246
9940246
9940246
9940246
9940242
9940242
9940242
9940238
9940238
9940238
9940234
9940234
9940234
9940234
9940230
9940230
9940230
9940226
9940226
9940226
9940226
9940222
9940222
9940222
9940218
9940218
9940218
9940218
9940218
9940218
9940218
9940218
9940218
9940218
9940218
9940218
9940218
9940218
9940218
9940218
9940218
9940218
9940218
9940218
9940218
9940218
9940218
9940218
9940218
9940218
9940218
9940218
9940218
9940218
9940222
9940222
9940222
9940222
9940222
9940222
9940222
9940222
9940222
9940222
9940222
9940222
9940222
9940222
9940222
9940222
9940222
9940222
9940222
9940222
9940222
9940222
9940222
9940222
9940226
9940226
9940226
9940226
9940226
9940226
9940226
9940226
9940226
9940226
9940226
9940226
9940226
9940226
9940226
9940226
9940226
9940226
9940226
9940226
9940226
9940230
9940230
9940230
9940230
9940230
9940230
9940230
9940230
9940230
9940230
9940230
9940230
9940230
9940230
9940230
9940230
9940230
9940230
9940230
9940230
9940234
9940234
9940234
9940234
9940234
9940234
9940234
9940234
9940234
9940234
9940234
9940234
9940234
9940234
9940234
9940234
9940234
9940234
9940238
9940238
9940238
9940238
9940238
9940238
9940238
9940238
9940238
9940238
9940238
9940238
9940238
9940238
9940238
9940238
9940238
9940242
9940242
9940238
9940238
9940238
9940238
9940238
9940238
9940238
9940238
9940234
9940234
9940234
9940234
9940234
9940234
9940234
9940230
9940230
9940230
9940230
9940230
9940230
9940230
9940230
9940226
9940226
9940226
9940226
9940226
9940226
9940226
9940226
9940222
9940222
9940222
9940222
9940222
9940222
9940222
9940222
9940218
9940218
9940218
9940218
9940218
9940218
9940218
9940218
9940216
9940216
9940216
9940216
9940216
9940216
9940216
9940216
9940212
9940212
9940212
9940212
9940212
9940212
9940212
9940212
9940212
9940208
9940208
9940208
9940208
9940208
9940208
9940208
9940208
9940204
9940204
9940204
9940204
9940204
9940204
9940204
9940204
9940204
9940200
9940200
9940200
9940200
9940200
9940200
9940200
9940200
9940200
9940196
9940196
9940196
9940196
9940196
9940196
9940196
9940196
9940196
9940192
9940192
9940192
9940192
9940192
9940192
9940192
9940192
9940192
9940188
9940188
9940188
9940188
9940188
9940188
9940188
9940188
9940188
9940184
9940184
9940184
9940184
9940184
9940184
9940184
9940184
9940184
9940180
9940180
9940184
9940184
9940184
9940188
9940188
9940188
9940192
9940192
9940192
9940196
9940196
9940196
9940200
9940200
9940200
9940204
9940204
9940204
9940208
9940208
9940212
9940212
9940212
9940216
9940216
9940216
9940218
9940218
9940218
9940222
9940222
9940222
9940226
9940226
9940226
9940230
9940230
9940230
9940234
9940234
9940234
9940238
9940238
9940238
9940242
9940242
9940242
9940246
9940246
9940246
9940250
9940250
9940254
9940254
9940254
9940258
9940258
9940258
9940260
9940260
9940260
9940264
9940264
9940264
9940268
9940268
9940268
9940272
9940272
9940272
9940276
9940276
9940276
9940280
9940280
9940284
9940284
9940284
9940288
9940288
9940288
9940292
9940292
9940292
9940296
9940296
9940296
9940298
9940298
9940298
9940302
9940302
9940302
9940306
9940306
9940310
9940310
9940310
9940314
9940314
9940314
9940318
9940318
9940318
9940322
9940322
9940322
9940326
9940326
9940330
9940330
9940330
9940334
9940334
9940334
9940338
9940338
9940338
9940340
9940340
9940340
9940344
9940344
9940344
9940348
9940348
9940352
9940352
9940352
9940352
9940352
9940352
9940352
9940352
9940352
9940352
9940352
9940352
9940352
9940352
9940352
9940352
9940352
9940352
9940352
9940352
9940352
9940352
9940352
9940352
9940352
9940352
9940352
9940352
9940352
9940352
9940352
9940352
9940352
9940352
9940352
9940352
9940352
9940348
9940348
9940348
9940348
9940348
9940348
9940348
9940348
9940348
9940348
9940348
9940348
9940348
9940348
9940348
9940348
9940348
9940348
9940348
9940348
9940348
9940348
9940348
9940348
9940348
9940348
9940348
9940348
9940348
9940348
9940348
9940348
9940348
9940348
9940348
9940348
9940348
9940348
9940348
9940348
9940348
9940348
9940348
9940348
9940348
9940348
9940348
9940348
9940348
9940348
9940348
9940348
9940348
9940348
9940348
9940348
9940348
9940348
9940348
9940348
9940348
9940348
9940348
9940348
9940348
9940348
9940348
9940348
9940348
9940348
9940348
9940348
9940348
9940348
9940348
9940348
9940348
9940348
9940348
9940348
9940348
9940348
9940348
9940352
9940352
9940352
9940352
9940352
9940352
9940352
9940352
9940352
9940352
9940352
9940352
9940356
9940356
9940360
9940360
9940364
9940364
9940368
9940368
9940372
9940372
9940372
9940376
9940376
9940380
9940380
9940382
9940382
9940386
9940386
9940390
9940390
9940390
9940394
9940394
9940398
9940398
9940402
9940402
9940406
9940406
9940410
9940410
9940410
9940414
9940414
9940418
9940418
9940422
9940422
9940424
9940424
9940428
9940428
9940428
9940432
9940432
9940436
9940436
9940440
9940440
9940444
9940444
9940448
9940448
9940448
9940452
9940452
9940456
9940456
9940460
9940460
9940464
9940464
9940466
9940466
9940470
9940470
9940470
9940474
9940474
9940478
9940478
9940482
9940482
9940486
9940486
9940490
9940490
9940494
9940494
9940494
9940498
9940498
9940502
9940502
9940504
9940504
9940508
9940508
9940512
9940512
9940516
9940516
9940516
9940520
9940520
9940524
9940524
9940528
9940528
9940532
9940532
9940536
9940536
9940540
9940540
9940540
9940544
9940544
9940546
9940546
9940550
9940550
9940554
9940554
9940558
9940558
9940562
9940562
9940566
9940566
9940566
9940570
9940570
9940574
9940574
9940574
9940578
9940578
9940578
9940578
9940578
9940582
9940582
9940582
9940582
9940582
9940582
9940586
9940586
9940586
9940586
9940586
9940588
9940588
9940588
9940588
9940588
9940588
9940592
9940592
9940592
9940592
9940592
9940596
9940596
9940596
9940596
9940596
9940596
9940600
9940600
9940600
9940600
9940600
9940604
9940604
9940604
9940604
9940604
9940608
9940608
9940608
9940608
9940608
9940608
9940612
9940612
9940612
9940612
9940612
9940616
9940616
9940616
9940616
9940616
9940620
9940620
9940620
9940620
9940620
9940620
9940624
9940624
9940624
9940624
9940624
9940628
9940628
9940628
9940628
9940628
9940630
9940630
9940630
9940630
9940630
9940630
9940634
9940634
9940634
9940634
9940634
9940638
9940638
9940638
9940638
9940638
9940642
9940642
9940642
9940642
9940642
9940646
9940646
9940646
9940646
9940646
9940650
9940650
9940650
9940650
9940650
9940654
9940654
9940654
9940654
9940654
9940658
9940658
9940658
9940658
9940658
9940658
9940662
9940662
9940662
9940662
9940662
9940666
9940666
9940666
9940666
9940666
9940670
9940672
9940672
9940676
9940680
9940680
9940684
9940688
9940688
9940692
9940696
9940696
9940700
9940700
9940704
9940708
9940708
9940710
9940714
9940714
9940718
9940722
9940722
9940726
9940726
9940730
9940734
9940734
9940738
9940742
9940742
9940746
9940750
9940750
9940752
9940756
9940756
9940760
9940760
9940764
9940768
9940768
9940772
9940776
9940776
9940780
9940784
9940784
9940788
9940792
9940792
9940794
9940794
9940798
9940802
9940802
9940806
9940810
9940810
9940814
9940818
9940818
9940822
9940826
9940826
9940830
9940830
9940834
9940836
9940836
9940840
9940844
9940844
9940848
9940852
9940852
9940856
9940860
9940860
9940864
9940868
9940868
9940872
9940872
9940876
9940878
9940878
9940882
9940886
9940886
9940890
9940894
9940894
9940898
9940902
9940902
9940906
9940910
9940910
9940914
9940914
9940916
9940920
9940920
9940924
9940928
9940928
9940932
9940936
9940936
9940940
9940944
9940944
9940948
9940952
9940952
9940956
9940956
9940958
9940962
9940962
9940966
9940970
9940970
9940974
9940978
9940978
9940982
9940982
9940986
9940986
9940986
9940990
9940990
9940990
9940990
9940994
9940994
9940994
9940998
9940998
9940998
9941000
9941000
9941000
9941004
9941004
9941004
9941008
9941008
9941008
9941008
9941012
9941012
9941012
9941016
9941016
9941016
9941020
9941020
9941020
9941024
9941024
9941024
9941028
9941028
9941028
9941028
9941032
9941032
9941032
9941036
9941036
9941036
9941040
9941040
9941040
9941042
9941042
9941042
9941046
9941046
9941046
9941050
9941050
9941050
9941054
9941054
9941054
9941054
9941058
9941058
9941058
9941062
9941062
9941062
9941066
9941066
9941066
9941070
9941070
9941070
9941074
9941074
9941074
9941078
9941078
9941078
9941082
9941082
9941082
9941082
9941084
9941084
9941084
9941088
9941088
9941088
9941092
9941092
9941092
9941096
9941096
9941096
9941100
9941100
9941100
9941104
9941104
9941104
9941108
9941108
9941108
9941112
9941112
9941112
9941116
9941116
9941116
9941120
9941120
9941120
9941122
9941122
9941122
9941122
9941126
9941126
9941126
9941130
9941130
9941130
9941134
9941134
9941134
9941138
9941142
9941142
9941146
9941150
9941154
9941158
9941162
9941162
9941164
9941168
9941172
9941176
9941180
9941180
9941184
9941188
9941192
9941196
9941200
9941200
9941204
9941206
9941210
9941214
9941218
9941218
9941222
9941226
9941230
9941234
9941238
9941238
9941242
9941246
9941248
9941252
9941256
9941256
9941260
9941264
9941268
9941272
9941276
9941280
9941280
9941284
9941286
9941290
9941294
9941298
9941298
9941302
9941306
9941310
9941314
9941318
9941318
9941322
9941326
9941328
9941332
9941336
9941336
9941340
9941344
9941348
9941352
9941356
9941356
9941360
9941364
9941368
9941370
9941374
9941374
9941378
9941382
9941386
9941390
9941394
9941398
9941398
9941402
9941406
9941410
9941412
9941416
9941416
9941420
9941424
9941428
9941432
9941436
9941436
9941440
9941444
9941448
9941452
9941454
9941454
9941458
9941462
9941466
9941470
9941474
9941478
9941478
9941482
9941486
9941490
9941492
9941496
9941496
9941500
9941504
9941508
9941512
9941516
9941516
9941520
9941524
9941528
9941532
9941534
9941534
9941538
9941542
9941546
9941550
9941550
9941554
9941554
9941558
9941558
9941558
9941562
9941562
9941566
9941566
9941566
9941570
9941570
9941574
9941574
9941574
9941576
9941576
9941580
9941580
9941584
9941584
9941584
9941588
9941588
9941592
9941592
9941592
9941596
9941596
9941600
9941600
9941604
9941604
9941604
9941608
9941608
9941612
9941612
9941612
9941616
9941616
9941618
9941618
9941622
9941622
9941622
9941626
9941626
9941630
9941630
9941630
9941634
9941634
9941638
9941638
9941642
9941642
9941642
9941646
9941646
9941650
9941650
9941654
9941654
9941654
9941658
9941658
9941660
9941660
9941660
9941664
9941664
9941668
9941668
9941672
9941672
9941672
9941676
9941676
9941680
9941680
9941684
9941684
9941684
9941688
9941688
9941692
9941692
9941692
9941696
9941696
9941698
9941698
9941702
9941702
9941702
9941706
9941706
9941710
9941710
9941714
9941714
9941714
9941718
9941718
9941722
9941722
9941726
9941726
9941726
9941730
9941730
9941734
9941734
9941734
9941738
9941738
9941740
9941740
9941744
9941744
9941744
9941748
9941748
9941752
9941752
9941756
9941760
9941764
9941768
9941772
9941776
9941780
9941782
9941786
9941790
9941794
9941798
9941802
9941806
9941810
9941814
9941818
9941822
9941824
9941828
9941832
9941836
9941840
9941844
9941848
9941852
9941852
9941856
9941860
9941864
9941866
9941870
9941874
9941878
9941882
9941886
9941890
9941894
9941898
9941902
9941904
9941908
9941912
9941916
9941920
9941924
9941928
9941932
9941936
9941940
9941944
9941946
9941950
9941954
9941958
9941962
9941966
9941970
9941974
9941978
9941982
9941986
9941988
9941992
9941996
9942000
9942004
9942008
9942012
9942016
9942020
9942024
9942028
9942030
9942034
9942038
9942042
9942046
9942050
9942054
9942058
9942062
9942066
9942070
9942072
9942076
9942080
9942084
9942088
9942092
9942096
9942100
9942104
9942108
9942110
9942114
9942118
9942122
9942126
9942130
9942134
9942138
9942142
9942146
9942150
9942152
9942156
9942160
9942164
9942168
9942172
9942176
9942180
9942184
9942188
9942192
9942194
9942198
9942202
9942206
9942210
9942214
9942218
9942222
9942226
9942230
9942234
9942236
9942240
9942244
9942248
9942248
9942252
9942252
9942256
9942260
9942260
9942264
9942268
9942268
9942272
9942276
9942276
9942278
9942282
9942282
9942286
9942290
9942290
9942294
9942298
9942298
9942302
9942306
9942306
9942310
9942310
9942314
9942316
9942316
9942320
9942324
9942324
9942328
9942332
9942332
9942336
9942340
9942340
9942344
9942348
9942348
9942352
9942356
9942356
9942358
9942362
9942362
9942366
9942370
9942370
9942374
9942374
9942378
9942382
9942382
9942386
9942390
9942390
9942394
9942398
9942398
9942400
9942404
9942404
9942408
9942412
9942412
9942416
9942420
9942420
9942424
9942428
9942428
9942432
9942436
9942436
9942440
9942442
9942442
9942446
9942446
9942450
9942454
9942454
9942458
9942462
9942462
9942466
9942470
9942470
9942474
9942478
9942478
9942480
9942484
9942484
9942488
9942492
9942492
9942496
9942500
9942500
9942504
9942508
9942508
9942512
9942516
9942516
9942520
9942522
9942522
9942526
9942530
9942530
9942534
9942534
9942538
9942542
9942542
9942546
9942550
9942550
9942554
9942558
9942558
9942562
9942564
9942568
9942572
9942576
9942580
9942588
9942592
9942596
9942600
9942604
9942606
9942610
9942614
9942618
9942622
9942626
9942630
9942634
9942642
9942646
9942648
9942652
9942656
9942660
9942664
9942668
9942672
9942676
9942680
9942684
9942686
9942694
9942698
9942702
9942706
9942710
9942714
9942718
9942722
9942726
9942728
9942732
9942736
9942740
9942748
9942752
9942756
9942760
9942764
9942768
9942770
9942774
9942778
9942782
9942786
9942790
9942794
9942802
9942806
9942810
9942812
9942816
9942820
9942824
9942828
9942832
9942836
9942840
9942844
9942848
9942854
9942858
9942862
9942866
9942870
9942874
9942878
9942882
9942886
9942890
9942892
9942896
9942900
9942908
9942912
9942916
9942920
9942924
9942928
9942932
9942934
9942938
9942942
9942946
9942950
9942954
9942962
9942966
9942970
9942974
9942976
9942980
9942984
9942988
9942992
9942996
9943000
9943004
9943008
9943016
9943018
9943022
9943026
9943030
9943034
9943038
9943042
9943046
9943050
9943054
9943058
9943060
9943068
9943072
9943076
9943080
9943084
9943088
9943092
9943096
9943098
9943102
9943106
9943110
9943114
9943118
9943122
9943126
9943130
9943134
9943138
9943140
9943144
9943148
9943152
9943156
9943160
9943164
9943168
9943172
9943176
9943180
9943182
9943186
9943190
9943194
9943198
9943202
9943206
9943210
9943214
9943218
9943222
9943224
9943228
9943232
9943236
9943240
9943244
9943248
9943252
9943256
9943260
9943264
9943266
9943270
9943274
9943278
9943282
9943286
9943290
9943294
9943298
9943302
9943304
9943308
9943312
9943316
9943320
9943324
9943328
9943332
9943336
9943336
9943340
9943344
9943346
9943350
9943354
9943358
9943362
9943366
9943370
9943374
9943378
9943382
9943386
9943388
9943392
9943396
9943400
9943404
9943408
9943412
9943416
9943420
9943424
9943428
9943430
9943434
9943438
9943442
9943446
9943450
9943454
9943458
9943462
9943466
9943470
9943472
9943476
9943480
9943484
9943488
9943492
9943496
9943500
9943504
9943508
9943510
9943514
9943518
9943522
9943526
9943530
9943534
9943538
9943542
9943546
9943550
9943552
9943556
9943560
9943564
9943568
9943572
9943576
9943584
9943588
9943592
9943594
9943602
9943606
9943610
9943614
9943622
9943626
9943630
9943634
9943640
9943644
9943648
9943652
9943660
9943664
9943668
9943672
9943678
9943682
9943686
9943690
9943698
9943702
9943706
9943710
9943716
9943720
9943724
9943728
9943736
9943740
9943744
9943748
9943756
9943758
9943762
9943766
9943774
9943778
9943782
9943786
9943794
9943798
9943800
9943804
9943812
9943816
9943820
9943824
9943832
9943836
9943840
9943842
9943850
9943854
9943858
9943862
9943870
9943874
9943878
9943880
9943888
9943892
9943896
9943900
9943908
9943912
9943916
9943920
9943926
9943930
9943934
9943938
9943946
9943950
9943954
9943958
9943964
9943968
9943972
9943976
9943984
9943988
9943992
9943996
9944004
9944006
9944010
9944014
9944022
9944026
9944030
9944034
9944042
9944046
9944048
9944052
9944060
9944064
9944068
9944072
9944080
9944084
9944086
9944090
9944098
9944102
9944106
9944110
9944118
9944122
9944126
9944128
9944136
9944140
9944144
9944148
9944156
9944160
9944164
9944168
9944174
9944178
9944182
9944186
9944190
9944194
9944198
9944202
9944206
9944210
9944212
9944216
9944216
9944220
9944224
9944228
9944232
9944236
9944240
9944244
9944248
9944252
9944254
9944258
9944262
9944266
9944270
9944274
9944274
9944278
9944282
9944286
9944290
9944292
9944296
9944300
9944304
9944308
9944312
9944316
9944320
9944324
9944328
9944332
9944332
9944334
9944338
9944342
9944346
9944350
9944354
9944358
9944362
9944366
9944370
9944374
9944376
9944380
9944384
9944388
9944392
9944392
9944396
9944400
9944404
9944408
9944412
9944416
9944418
9944422
9944426
9944430
9944434
9944438
9944442
9944446
9944450
9944450
9944454
9944458
9944460
9944464
9944468
9944472
9944476
9944480
9944484
9944488
9944492
9944496
9944498
9944502
9944506
9944510
9944510
9944514
9944518
9944522
9944526
9944530
9944534
9944538
9944540
9944544
9944548
9944552
9944556
9944560
9944564
9944568
9944568
9944572
9944576
9944580
9944582
9944586
9944590
9944594
9944598
9944602
9944606
9944610
9944614
9944618
9944622
9944624
9944628
9944628
9944632
9944636
9944640
9944648
9944652
9944660
9944664
9944670
9944674
9944682
9944686
9944694
9944698
9944704
9944708
9944716
9944720
9944728
9944732
9944740
9944744
9944750
9944754
9944762
9944766
9944774
9944778
9944786
9944788
9944796
9944800
9944808
9944812
9944820
9944824
9944830
9944834
9944842
9944846
9944854
9944858
9944866
9944868
9944876
9944880
9944888
9944892
9944900
9944904
9944910
9944914
9944922
9944926
9944934
9944938
9944946
9944950
9944956
9944960
9944968
9944972
9944980
9944984
9944992
9944994
9945002
9945006
9945014
9945018
9945026
9945030
9945036
9945040
9945048
9945052
9945060
9945064
9945072
9945074
9945082
9945086
9945094
9945098
9945106
9945110
9945116
9945120
9945128
9945132
9945140
9945144
9945152
9945156
9945162
9945166
9945174
9945178
9945186
9945190
9945198
9945200
9945208
9945212
9945220
9945224
9945232
9945236
9945242
9945246
9945254
9945258
9945266
9945270
9945278
9945280
9945288
9945292
9945296
9945304
9945308
9945316
9945320
9945326
9945330
9945338
9945342
9945350
9945354
9945362
9945364
9945372
9945376
9945380
9945384
9945392
9945396
9945400
9945404
9945406
9945410
9945418
9945422
9945426
9945430
9945434
9945438
9945446
9945448
9945452
9945456
9945460
9945464
9945472
9945476
9945480
9945484
9945486
9945490
9945498
9945502
9945506
9945510
9945514
9945518
9945526
9945528
9945532
9945536
9945540
9945544
9945552
9945556
9945560
9945564
9945568
9945570
9945578
9945582
9945586
9945590
9945594
9945598
9945606
9945610
9945612
9945616
9945620
9945624
9945632
9945636
9945640
9945644
9945648
9945652
9945658
9945662
9945666
9945670
9945674
9945678
9945686
9945690
9945692
9945696
9945700
9945704
9945708
9945716
9945720
9945724
9945728
9945732
9945734
9945742
9945746
9945750
9945754
9945758
9945762
9945770
9945774
9945776
9945780
9945784
9945788
9945796
9945800
9945804
9945808
9945812
9945816
9945822
9945826
9945830
9945834
9945838
9945842
9945850
9945854
9945858
9945860
9945864
9945868
9945876
9945880
9945884
9945888
9945892
9945896
9945902
9945906
9945910
9945914
9945918
9945922
9945930
9945934
9945938
9945940
9945944
9945952
9945956
9945964
9945968
9945976
9945980
9945986
9945990
9945998
9946002
9946010
9946014
9946022
9946024
9946032
9946036
9946044
9946048
9946056
9946060
9946062
9946070
9946074
9946082
9946086
9946094
9946098
9946104
9946108
9946116
9946120
9946128
9946132
9946140
9946144
9946150
9946154
9946162
9946166
9946170
9946178
9946182
9946188
9946192
9946200
9946204
9946212
9946216
9946224
9946228
9946234
9946238
9946246
9946250
9946258
9946262
9946268
9946272
9946276
9946284
9946288
9946296
9946300
9946308
9946310
9946318
9946322
9946330
9946334
9946342
9946346
9946352
9946356
9946364
9946368
9946372
9946380
9946384
9946392
9946394
9946402
9946406
9946414
9946418
9946426
9946430
9946436
9946440
9946448
9946452
9946460
9946464
9946468
9946474
9946478
9946486
9946490
9946498
9946502
9946510
9946514
9946520
9946524
9946532
9946536
9946544
9946548
9946556
9946558
9946562
9946570
9946574
9946582
9946586
9946594
9946598
9946604
9946608
9946616
9946620
9946628
9946632
9946640
9946642
9946646
9946654
9946658
9946666
9946670
9946678
9946680
9946684
9946692
9946696
9946700
9946708
9946712
9946720
9946722
9946726
9946734
9946738
9946746
9946750
9946754
9946762
9946764
9946768
9946776
9946780
9946788
9946792
9946796
9946804
9946806
9946814
9946818
9946822
9946830
9946834
9946842
9946846
9946848
9946856
9946860
9946864
9946872
9946876
9946884
9946886
9946890
9946898
9946902
9946906
9946914
9946918
9946926
9946928
9946932
9946940
9946944
9946952
9946956
9946960
9946968
9946970
9946974
9946982
9946986
9946994
9946998
9947002
9947010
9947012
9947020
9947024
9947028
9947036
9947040
9947044
9947052
9947054
9947062
9947066
9947070
9947078
9947082
9947090
9947092
9947096
9947104
9947108
9947112
9947120
9947124
9947132
9947134
9947138
9947146
9947150
9947154
9947162
9947166
9947174
9947176
9947180
9947188
9947192
9947200
9947204
9947208
9947216
9947218
9947222
9947230
9947234
9947242
9947246
9947250
9947256
9947260
9947264
9947272
9947276
9947284
9947288
9947292
9947298
9947302
9947306
9947314
9947318
9947326
9947330
9947334
9947340
9947348
9947356
9947360
9947368
9947376
9947380
9947386
9947394
9947402
9947406
9947414
9947422
9947428
9947432
9947440
9947448
9947456
9947460
9947466
9947474
9947478
9947486
9947494
9947502
9947504
9947512
9947520
9947528
9947532
9947540
9947546
9947550
9947558
9947566
9947574
9947578
9947586
9947592
9947600
9947604
9947612
9947620
9947624
9947630
9947638
9947646
9947650
9947658
9947666
9947672
9947676
9947684
9947692
9947696
9947704
9947710
9947718
9947722
9947730
9947738
9947746
9947750
9947756
9947764
9947768
9947776
9947784
9947792
9947794
9947802
9947810
9947818
9947822
9947830
9947836
9947840
9947848
9947856
9947864
9947868
9947874
9947882
9947886
9947894
9947902
9947910
9947914
9947920
9947928
9947936
9947940
9947948
9947956
9947958
9947966
9947974
9947982
9947986
9947994
9948000
9948004
9948012
9948020
9948028
9948032
9948040
9948046
9948054
9948058
9948066
9948074
9948078
9948084
9948092
9948100
9948104
9948112
9948120
9948122
9948130
9948138
9948146
9948150
9948158
9948164
9948168
9948176
9948184
9948188
9948192
9948200
9948204
9948206
9948214
9948218
9948222
9948230
9948234
9948238
9948246
9948248
9948252
9948260
9948264
9948268
9948276
9948280
9948284
9948290
9948294
9948298
9948306
9948310
9948318
9948322
9948326
9948332
9948336
9948340
9948348
9948352
9948356
9948364
9948368
9948370
9948378
9948382
9948386
9948394
9948398
9948402
9948410
9948412
9948416
9948424
9948428
9948432
9948440
9948444
9948450
9948454
9948458
9948466
9948470
9948474
9948482
9948486
9948490
9948496
9948500
9948504
9948512
9948516
9948520
9948528
9948532
9948534
9948542
9948546
9948550
9948558
9948562
9948566
9948574
9948576
9948580
9948588
9948592
9948596
9948604
9948608
9948612
9948618
9948622
9948626
9948634
9948638
9948646
9948650
9948654
9948660
9948664
9948668
9948676
9948680
9948684
9948692
9948696
9948698
9948706
9948710
9948714
9948722
9948726
9948730
9948738
9948740
9948744
9948752
9948756
9948760
9948768
9948772
9948776
9948782
9948786
9948790
9948798
9948802
9948806
9948814
9948818
9948822
9948828
9948832
9948840
9948848
9948856
9948862
9948870
9948878
9948886
9948894
9948902
9948908
9948916
9948924
9948932
9948940
9948946
9948954
9948962
9948970
9948978
9948986
9948992
9949000
9949008
9949016
9949024
9949030
9949038
9949046
9949054
9949058
9949066
9949072
9949080
9949088
9949096
9949104
9949110
9949118
9949126
9949134
9949142
9949150
9949156
9949164
9949172
9949180
9949188
9949194
9949202
9949210
9949218
9949226
9949234
9949240
9949248
9949256
9949264
9949272
9949278
9949286
9949294
9949302
9949310
9949316
9949324
9949332
9949340
9949348
9949352
9949358
9949366
9949374
9949382
9949390
9949398
9949404
9949412
9949420
9949428
9949436
9949442
9949450
9949458
9949466
9949474
9949480
9949488
9949496
9949504
9949512
9949520
9949526
9949534
9949542
9949550
9949558
9949564
9949572
9949580
9949588
9949592
9949600
9949606
9949614
9949622
9949630
9949638
9949644
9949652
9949660
9949668
9949676
9949684
9949690
9949698
9949706
9949714
9949722
9949728
9949736
9949744
9949752
9949760
9949768
9949774
9949782
9949790
9949798
9949802
9949810
9949812
9949820
9949824
9949832
9949836
9949844
9949848
9949854
9949858
9949866
9949870
9949878
9949886
9949890
9949896
9949900
9949908
9949912
9949920
9949924
9949932
9949934
9949942
9949946
9949954
9949958
9949966
9949974
9949976
9949984
9949988
9949996
9950000
9950008
9950012
9950018
9950022
9950030
9950034
9950042
9950046
9950054
9950056
9950064
9950072
9950076
9950084
9950088
9950096
9950098
9950106
9950110
9950118
9950122
9950130
9950134
9950140
9950144
9950152
9950156
9950164
9950172
9950176
9950182
9950186
9950194
9950198
9950206
9950210
9950218
9950222
9950228
9950232
9950240
9950244
9950252
9950256
9950262
9950270
9950274
9950282
9950286
9950294
9950298
9950304
9950308
9950316
9950320
9950328
9950332
9950340
9950344
9950350
9950354
9950362
9950366
9950374
9950378
9950386
9950392
9950396
9950404
9950408
9950416
9950420
9950428
9950430
9950438
9950442
9950450
9950454
9950462
9950466
9950472
9950476
9950484
9950488
9950496
9950500
9950508
9950514
9950518
9950526
9950530
9950538
9950542
9950550
9950556
9950564
9950572
9950580
9950592
9950598
9950606
9950614
9950622
9950630
9950636
9950644
9950652
9950660
9950668
9950674
9950682
9950690
9950702
9950710
9950716
9950724
9950732
9950740
9950748
9950756
9950762
9950770
9950778
9950786
9950794
9950800
9950808
9950820
9950828
9950836
9950842
9950850
9950858
9950866
9950874
9950880
9950888
9950896
9950904
9950912
9950920
9950926
9950938
9950946
9950954
9950962
9950968
9950976
9950984
9950992
9951000
9951006
9951014
9951022
9951030
9951038
9951044
9951052
9951064
9951072
9951080
9951086
9951094
9951102
9951110
9951118
9951126
9951132
9951140
9951148
9951156
9951164
9951170
9951178
9951186
9951198
9951206
9951212
9951220
9951228
9951236
9951244
9951250
9951258
9951266
9951274
9951282
9951290
9951296
9951304
9951312
9951320
9951328
9951338
9951346
9951354
9951362
9951370
9951376
9951384
9951392
9951400
9951408
9951416
9951422
9951430
9951438
9951446
9951454
9951460
9951468
9951476
9951484
9951496
9951502
9951510
9951518
9951526
9951534
9951540
9951548
9951556
9951560
9951568
9951576
9951580
9951586
9951594
9951598
9951606
9951614
9951618
9951624
9951632
9951636
9951644
9951652
9951656
9951662
9951670
9951674
9951682
9951690
9951694
9951702
9951708
9951712
9951720
9951728
9951732
9951740
9951746
9951750
9951758
9951766
9951770
9951778
9951786
9951788
9951796
9951804
9951808
9951816
9951824
9951828
9951834
9951842
9951846
9951854
9951862
9951866
9951872
9951880
9951884
9951892
9951900
9951904
9951910
9951918
9951922
9951930
9951938
9951942
9951950
9951956
9951960
9951968
9951972
9951980
9951988
9951992
9951998
9952006
9952010
9952018
9952026
9952030
9952036
9952044
9952048
9952056
9952064
9952068
9952074
9952082
9952086
9952094
9952102
9952106
9952114
9952120
9952124
9952132
9952140
9952144
9952152
9952158
9952162
9952170
9952178
9952182
9952190
9952198
9952200
9952208
9952212
9952220
9952228
9952232
9952238
9952246
9952250
9952258
9952266
9952270
9952278
9952284
9952288
9952296
9952304
9952308
9952316
9952322
9952326
9952334
9952342
9952346
9952354
9952362
9952368
9952376
9952384
9952396
9952404
9952410
9952418
9952430
9952438
9952444
9952456
9952464
9952472
9952480
9952490
9952498
9952506
9952514
9952526
9952532
9952540
9952548
9952560
9952568
9952574
9952586
9952594
9952602
9952610
9952620
9952628
9952636
9952644
9952654
9952662
9952670
9952678
9952690
9952696
9952704
9952712
9952724
9952732
9952738
9952750
9952758
9952766
9952774
9952784
9952792
9952800
9952808
9952818
9952826
9952834
9952842
9952854
9952860
9952868
9952876
9952888
9952896
9952902
9952910
9952922
9952930
9952938
9952944
9952956
9952964
9952972
9952980
9952990
9952998
9953006
9953018
9953024
9953032
9953040
9953052
9953060
9953066
9953074
9953086
9953094
9953102
9953108
9953120
9953128
9953136
9953144
9953154
9953162
9953170
9953178
9953188
9953196
9953204
9953212
9953224
9953230
9953238
9953246
9953258
9953266
9953272
9953280
9953292
9953300
9953308
9953314
9953326
9953334
9953342
9953350
9953360
9953368
9953376
9953384
9953392
9953402
9953410
9953418
9953426
9953436
9953444
9953452
9953460
9953468
9953474
9953482
9953490
9953498
9953506
9953514
9953516
9953524
9953532
9953540
9953548
9953556
9953562
9953570
9953578
9953582
9953590
9953598
9953604
9953612
9953620
9953628
9953636
9953638
9953646
9953654
9953662
9953670
9953678
9953684
9953692
9953696
9953704
9953712
9953720
9953726
9953734
9953742
9953750
9953758
9953762
9953768
9953776
9953784
9953792
9953800
9953806
9953814
9953818
9953826
9953834
9953842
9953848
9953856
9953864
9953872
9953876
9953884
9953890
9953898
9953906
9953914
9953922
9953926
9953932
9953940
9953948
9953956
9953964
9953970
9953978
9953982
9953990
9953998
9954006
9954012
9954020
9954028
9954036
9954040
9954048
9954054
9954062
9954070
9954078
9954086
9954090
9954096
9954104
9954112
9954120
9954128
9954134
9954142
9954146
9954154
9954162
9954170
9954176
9954184
9954192
9954196
9954204
9954212
9954218
9954226
9954234
9954242
9954250
9954254
9954260
9954268
9954276
9954284
9954292
9954298
9954302
9954310
9954318
9954326
9954334
9954340
9954348
9954352
9954360
9954368
9954376
9954382
9954394
9954402
9954410
9954418
9954428
9954436
9954444
9954452
9954462
9954470
9954478
9954486
9954498
9954504
9954512
9954520
9954532
9954540
9954546
9954554
9954566
9954574
9954582
9954588
9954600
9954608
9954616
9954624
9954634
9954642
9954650
9954658
9954668
9954676
9954684
9954692
9954704
9954710
9954718
9954726
9954738
9954746
9954752
9954760
9954772
9954780
9954788
9954794
9954806
9954814
9954822
9954830
9954840
9954848
9954856
9954864
9954874
9954882
9954890
9954898
9954910
9954916
9954924
9954932
9954940
9954952
9954958
9954966
9954974
9954986
9954994
9955000
9955008
9955020
9955028
9955036
9955042
9955054
9955062
9955070
9955078
9955088
9955096
9955104
9955112
9955120
9955130
9955138
9955146
9955154
9955164
9955172
9955180
9955188
9955200
9955206
9955214
9955222
9955234
9955242
9955248
9955256
9955264
9955276
9955284
9955290
9955298
9955310
9955318
9955326
9955332
9955344
9955352
9955360
9955368
9955374
9955386
9955394
9955402
9955410
9955420
9955428
9955436
9955444
9955450
9955462
9955470
9955478
9955486
9955492
9955500
9955508
9955516
9955524
9955532
9955538
9955546
9955554
9955562
9955570
9955576
9955584
9955592
9955600
9955608
9955614
9955626
9955634
9955642
9955650
9955656
9955664
9955672
9955680
9955688
9955696
9955702
9955710
9955718
9955726
9955734
9955740
9955748
9955756
9955764
9955772
9955780
9955786
9955794
9955802
9955810
9955818
9955824
9955832
9955840
9955848
9955856
9955862
9955870
9955878
9955886
9955894
9955902
9955908
9955916
9955924
9955932
9955940
9955946
9955954
9955962
9955970
9955982
9955988
9955996
9956004
9956012
9956020
9956026
9956034
9956042
9956050
9956058
9956066
9956072
9956080
9956088
9956096
9956104
9956110
9956118
9956126
9956134
9956142
9956150
9956156
9956164
9956172
9956180
9956188
9956194
9956202
9956210
9956218
9956226
9956232
9956240
9956248
9956256
9956264
9956272
9956278
9956286
9956294
9956302
9956310
9956316
9956324
9956332
9956340
9956348
9956356
9956362
9956370
9956378
9956386
9956394
9956400
9956408
9956416
9956424
9956432
9956438
9956446
9956454
9956466
9956474
9956484
9956492
9956504
9956512
9956522
9956530
9956542
9956550
9956562
9956568
9956580
9956588
9956600
9956606
9956618
9956630
9956638
9956648
9956656
9956668
9956676
9956686
9956694
9956706
9956714
9956726
9956732
9956744
9956752
9956764
9956770
9956782
9956790
9956802
9956808
9956820
9956828
9956840
9956848
9956858
9956866
9956878
9956886
9956896
9956904
9956916
9956924
9956934
9956942
9956954
9956962
9956974
9956980
9956992
9957004
9957012
9957022
9957030
9957042
9957050
9957060
9957068
9957080
9957088
9957098
9957106
9957118
9957126
9957138
9957144
9957156
9957164
9957176
9957182
9957194
9957202
9957214
9957220
9957232
9957240
9957252
9957260
9957270
9957278
9957290
9957298
9957308
9957316
9957328
9957336
9957346
9957354
9957366
9957374
9957386
9957392
9957404
9957412
9957424
9957430
9957442
9957450
9957462
9957468
9957480
9957488
9957496
9957508
9957514
9957526
9957534
9957546
9957552
9957564
9957572
9957584
9957592
9957602
9957610
9957622
9957630
9957640
9957648
9957660
9957668
9957678
9957686
9957694
9957702
9957710
9957716
9957724
9957732
9957740
9957748
9957756
9957762
9957766
9957774
9957782
9957790
9957798
9957804
9957812
9957820
9957828
9957836
9957842
9957850
9957858
9957866
9957874
9957880
9957888
9957896
9957904
9957912
9957920
9957926
9957934
9957942
9957950
9957958
9957964
9957972
9957980
9957988
9957996
9958002
9958010
9958014
9958022
9958030
9958038
9958044
9958052
9958060
9958068
9958076
9958084
9958090
9958098
9958106
9958114
9958122
9958128
9958136
9958144
9958152
9958160
9958168
9958174
9958182
9958190
9958198
9958206
9958212
9958216
9958224
9958232
9958240
9958248
9958254
9958262
9958270
9958278
9958286
9958292
9958300
9958308
9958316
9958324
9958332
9958338
9958346
9958354
9958362
9958370
9958376
9958384
9958392
9958396
9958404
9958412
9958418
9958426
9958434
9958442
9958450
9958456
9958464
9958472
9958480
9958488
9958496
9958502
9958510
9958518
9958526
9958534
9958540
9958548
9958552
9958560
9958568
9958576
9958582
9958590
9958598
9958606
9958614
9958620
9958628
9958636
9958644
9958656
9958662
9958674
9958682
9958694
9958702
9958712
9958720
9958732
9958740
9958750
9958758
9958770
9958778
9958788
9958796
9958808
9958816
9958824
9958834
9958842
9958854
9958862
9958872
9958880
9958892
9958900
9958910
9958918
9958930
9958938
9958950
9958956
9958968
9958976
9958988
9958994
9959002
9959014
9959022
9959032
9959040
9959052
9959060
9959072
9959078
9959090
9959098
9959110
9959116
9959128
9959136
9959144
9959156
9959162
9959174
9959182
9959194
9959200
9959212
9959220
9959232
9959238
9959250
9959258
9959266
9959278
9959284
9959296
9959304
9959316
9959322
9959334
9959342
9959354
9959362
9959372
9959380
9959388
9959400
9959406
9959418
9959426
9959438
9959444
9959456
9959464
9959476
9959484
9959490
9959502
9959510
9959522
9959528
9959540
9959548
9959560
9959568
9959578
9959586
9959594
9959606
9959612
9959624
9959632
9959644
9959650
9959662
9959670
9959682
9959690
9959696
9959708
9959716
9959728
9959734
9959746
9959754
9959766
9959774
9959780
9959792
9959800
9959812
9959818
9959830
9959838
9959846
9959856
9959864
9959872
9959884
9959892
9959898
9959910
9959918
9959926
9959934
9959944
9959952
9959960
9959972
9959980
9959986
9959998
9960006
9960014
9960024
9960032
9960040
9960048
9960060
9960066
9960074
9960086
9960094
9960102
9960112
9960120
9960128
9960136
9960146
9960154
9960162
9960174
9960182
9960188
9960200
9960208
9960216
9960224
9960234
9960242
9960250
9960262
9960268
9960276
9960288
9960296
9960304
9960310
9960322
9960330
9960338
9960350
9960356
9960364
9960372
9960384
9960390
9960398
9960410
9960418
9960426
9960432
9960444
9960452
9960460
9960472
9960478
9960486
9960498
9960506
9960514
9960520
9960532
9960540
9960548
9960558
9960566
9960574
9960582
9960594
9960600
9960608
9960620
9960628
9960636
9960642
9960654
9960662
9960670
9960680
9960688
9960696
9960704
9960716
9960722
9960730
9960738
9960750
9960758
9960764
9960776
9960784
9960792
9960800
9960810
9960818
9960826
9960838
9960844
9960852
9960860
9960872
9960880
9960886
9960894
9960906
9960914
9960922
9960932
9960940
9960948
9960956
9960968
9960978
9960986
9960998
9961008
9961016
9961028
9961036
9961048
9961058
9961066
9961078
9961086
9961096
9961108
9961116
9961128
9961138
9961146
9961158
9961166
9961176
9961188
9961196
9961208
9961214
9961226
9961238
9961246
9961256
9961264
9961276
9961288
9961296
9961306
9961318
9961326
9961338
9961344
9961356
9961368
9961376
9961386
9961394
9961406
9961418
9961424
9961436
9961444
9961456
9961466
9961474
9961486
9961494
9961504
9961516
9961524
9961536
9961544
9961554
9961566
9961574
9961584
9961592
9961604
9961616
9961624
9961634
9961642
9961654
9961666
9961672
9961684
9961692
9961704
9961714
9961722
9961734
9961742
9961752
9961764
9961772
9961784
9961790
9961802
9961814
9961822
9961832
9961840
9961852
9961860
9961872
9961882
9961890
9961902
9961910
9961920
9961932
9961940
9961952
9961958
9961970
9961982
9961990
9962000
9962008
9962020
9962028
9962038
9962050
9962058
9962070
9962078
9962088
9962100
9962108
9962120
9962126
9962138
9962146
9962158
9962168
9962176
9962188
9962196
9962206
9962218
9962226
9962234
9962244
9962252
9962264
9962272
9962280
9962290
9962298
9962310
9962318
9962326
9962336
9962344
9962356
9962364
9962370
9962382
9962390
9962398
9962408
9962416
9962428
9962436
9962444
9962454
9962462
9962474
9962482
9962490
9962500
9962508
9962516
9962528
9962534
9962546
9962554
9962562
9962574
9962580
9962592
9962600
9962608
9962618
9962626
9962634
9962646
9962654
9962664
9962672
9962680
9962692
9962698
9962706
9962718
9962726
9962738
9962744
9962752
9962764
9962772
9962778
9962790
9962798
9962810
9962818
9962824
9962836
9962844
9962852
9962862
9962870
9962882
9962890
9962898
9962908
9962916
9962924
9962936
9962944
9962954
9962962
9962970
9962982
9962988
9962996
9963008
9963016
9963024
9963034
9963042
9963054
9963062
9963068
9963080
9963088
9963096
9963108
9963114
9963122
9963134
9963142
9963152
9963160
9963168
9963180
9963188
9963194
9963206
9963214
9963222
9963232
9963240
9963248
9963260
9963268
9963278
9963286
9963294
9963306
9963314
9963320
9963332
9963340
9963348
9963358
9963366
9963374
9963386
9963396
9963404
9963416
9963428
9963438
9963446
9963458
9963470
9963480
9963488
9963500
9963512
9963522
9963530
9963542
9963554
9963564
9963572
9963584
9963596
9963606
9963614
9963626
9963638
9963648
9963656
9963668
9963680
9963690
9963698
9963710
9963722
9963732
9963740
9963752
9963764
9963774
9963782
9963794
9963806
9963816
9963824
9963836
9963848
9963858
9963866
9963878
9963890
9963900
9963908
9963920
9963932
9963942
9963950
9963962
9963972
9963984
9963992
9964004
9964014
9964022
9964034
9964046
9964056
9964064
9964076
9964088
9964098
9964106
9964118
9964130
9964140
9964148
9964160
9964172
9964178
9964190
9964202
9964214
9964220
9964232
9964244
9964256
9964262
9964274
9964286
9964298
9964304
9964316
9964328
9964336
9964346
9964358
9964370
9964378
9964388
9964400
9964412
9964420
9964430
9964442
9964450
9964462
9964472
9964484
9964492
9964504
9964514
9964522
9964534
9964546
9964556
9964564
9964576
9964588
9964598
9964606
9964618
9964630
9964636
9964648
9964660
9964672
9964678
9964690
9964702
9964710
9964720
9964732
9964740
9964752
9964758
9964766
9964778
9964786
9964796
9964804
9964816
9964824
9964836
9964842
9964854
9964862
9964874
9964880
9964892
9964900
9964912
9964920
9964930
9964938
9964950
9964958
9964968
9964976
9964984
9964996
9965002
9965014
9965022
9965034
9965042
9965052
9965060
9965072
9965080
9965090
9965098
9965110
9965118
9965128
9965136
9965144
9965156
9965164
9965174
9965182
9965194
9965202
9965212
9965220
9965232
9965240
9965250
9965258
9965266
9965278
9965286
9965296
9965304
9965316
9965324
9965334
9965342
9965354
9965362
9965372
9965380
9965388
9965400
9965408
9965418
9965426
9965438
9965446
9965456
9965464
9965476
9965484
9965492
9965502
9965510
9965522
9965530
9965540
9965548
9965560
9965568
9965578
9965586
9965594
9965606
9965614
9965624
9965632
9965644
9965652
9965662
9965670
9965682
9965690
9965698
9965708
9965716
9965728
9965736
9965746
9965754
9965766
9965774
9965782
9965792
9965800
9965812
9965820
9965830
9965838
9965850
9965858
9965866
9965876
9965884
9965896
9965904
9965914
9965922
9965934
9965946
9965956
9965968
9965976
9965988
9965998
9966010
9966022
9966032
9966044
9966052
9966064
9966074
9966086
9966098
9966110
9966120
9966128
9966140
9966152
9966162
9966174
9966186
9966194
9966204
9966216
9966228
9966238
9966250
9966262
9966270
9966280
9966292
9966304
9966316
9966326
9966338
9966346
9966358
9966368
9966380
9966392
9966402
9966410
9966422
9966434
9966444
9966456
9966468
9966480
9966486
9966498
9966510
9966522
9966532
9966544
9966552
9966564
9966574
9966586
9966598
9966608
9966616
9966628
9966640
9966650
9966662
9966674
9966682
9966692
9966704
9966716
9966728
9966738
9966746
9966758
9966770
9966780
9966792
9966804
9966812
9966822
9966834
9966846
9966856
9966868
9966876
9966888
9966898
9966910
9966922
9966934
9966940
9966952
9966964
9966976
9966986
9966994
9967006
9967018
9967028
9967040
9967052
9967060
9967070
9967082
9967094
9967104
9967112
9967124
9967136
9967146
9967158
9967170
9967178
9967188
9967200
9967212
9967224
9967230
9967242
9967254
9967266
9967276
9967288
9967296
9967308
9967318
9967326
9967338
9967346
9967356
9967364
9967376
9967384
9967394
9967402
9967414
9967422
9967432
9967444
9967452
9967464
9967472
9967482
9967490
9967502
9967510
9967520
9967528
9967540
9967548
9967558
9967566
9967578
9967586
9967596
9967604
9967616
9967624
9967636
9967642
9967654
9967662
9967674
9967680
9967692
9967700
9967712
9967722
9967730
9967742
9967750
9967760
9967768
9967780
9967788
9967800
9967806
9967818
9967826
9967838
9967844
9967856
9967864
9967876
9967884
9967894
9967902
9967914
9967922
9967932
9967940
9967952
9967960
9967970
9967978
9967990
9967998
9968008
9968016
9968028
9968036
9968048
9968054
9968066
9968074
9968086
9968092
9968104
9968112
9968124
9968132
9968142
9968150
9968162
9968170
9968180
9968188
9968200
9968208
9968218
9968226
9968238
9968246
9968256
9968264
9968276
9968284
9968296
9968302
9968314
9968322
9968334
9968340
9968352
9968360
9968372
9968378
9968386
9968398
9968406
9968418
9968424
9968436
9968444
9968456
9968462
9968474
9968482
9968494
9968502
9968512
9968520
9968532
9968544
9968554
9968566
9968574
9968584
9968596
9968608
9968620
9968630
9968642
9968654
9968666
9968676
9968688
9968696
9968708
9968718
9968730
9968742
9968752
9968764
9968776
9968788
9968798
9968810
9968818
9968830
9968840
9968852
9968864
9968874
9968886
9968898
9968910
9968920
9968928
9968940
9968952
9968962
9968974
9968986
9968996
9969008
9969020
9969032
9969038
9969050
9969062
9969074
9969084
9969096
9969108
9969120
9969130
9969142
9969150
9969160
9969172
9969184
9969196
9969206
9969218
9969230
9969242
9969248
9969260
9969272
9969284
9969294
9969306
9969318
9969328
9969340
9969348
9969360
9969370
9969382
9969394
9969406
9969416
9969428
9969440
9969448
9969458
9969470
9969482
9969492
9969504
9969516
9969528
9969534
9969546
9969558
9969570
9969580
9969592
9969604
9969614
9969622
9969634
9969646
9969656
9969668
9969680
9969692
9969702
9969710
9969722
9969734
9969744
9969756
9969768
9969778
9969790
9969798
9969810
9969820
9969832
9969844
9969856
9969866
9969878
9969886
9969898
9969908
9969920
9969932
9969944
9969950
9969962
9969974
9969982
9969992
9970004
9970016
9970024
9970034
9970046
9970054
9970066
9970076
9970084
9970096
9970108
9970118
9970126
9970138
9970148
9970156
9970168
9970180
9970188
9970198
9970210
9970218
9970230
9970240
9970248
9970260
9970272
9970282
9970290
9970302
9970314
9970320
9970332
9970344
9970352
9970362
9970374
9970382
9970394
9970404
9970412
9970424
9970436
9970442
9970454
9970466
9970478
9970484
9970496
9970508
9970516
9970526
9970538
9970546
9970558
9970568
9970576
9970588
9970600
9970606
9970618
9970630
9970638
9970648
9970660
9970668
9970680
9970690
9970698
9970710
9970722
9970728
9970740
9970752
9970760
9970770
9970782
9970790
9970802
9970812
9970820
9970832
9970844
9970850
9970862
9970874
9970882
9970892
9970904
9970912
9970924
9970934
9970942
9970954
9970966
9970972
9970984
9970996
9971004
9971014
9971026
9971034
9971046
9971056
9971064
9971076
9971088
9971096
9971106
9971118
9971126
9971138
9971144
9971156
9971168
9971176
9971186
9971198
9971206
9971218
9971228
9971236
9971248
9971260
9971270
9971282
9971294
9971304
9971316
9971328
9971342
9971354
9971366
9971378
9971388
9971400
9971412
9971424
9971434
9971446
9971458
9971468
9971480
9971492
9971504
9971514
9971530
9971542
9971552
9971564
9971576
9971588
9971598
9971610
9971622
9971632
9971644
9971656
9971668
9971678
9971690
9971702
9971714
9971724
9971736
9971752
9971762
9971774
9971786
9971796
9971808
9971820
9971832
9971842
9971854
9971866
9971878
9971888
9971900
9971912
9971922
9971934
9971946
9971958
9971968
9971980
9971992
9972006
9972018
9972030
9972042
9972052
9972064
9972076
9972086
9972098
9972110
9972122
9972132
9972144
9972156
9972166
9972178
9972190
9972202
9972212
9972224
9972236
9972248
9972258
9972270
9972282
9972292
9972304
9972316
9972328
9972338
9972350
9972366
9972376
9972388
9972400
9972412
9972422
9972434
9972446
9972456
9972468
9972480
9972492
9972502
9972514
9972526
9972536
9972548
9972560
9972572
9972582
9972594
9972606
9972618
9972628
9972640
9972652
9972662
9972674
9972686
9972698
9972708
9972720
9972732
9972742
9972750
9972762
9972774
9972782
9972792
9972804
9972812
9972824
9972834
9972842
9972854
9972862
9972872
9972884
9972892
9972904
9972914
9972922
9972934
9972946
9972952
9972964
9972972
9972984
9972994
9973002
9973014
9973026
9973032
9973044
9973052
9973064
9973074
9973082
9973094
9973106
9973114
9973124
9973132
9973144
9973154
9973162
9973174
9973186
9973194
9973204
9973212
9973224
9973236
9973242
9973254
9973266
9973274
9973284
9973292
9973304
9973316
9973322
9973334
9973342
9973354
9973364
9973372
9973384
9973396
9973402
9973414
9973422
9973434
9973444
9973452
9973464
9973472
9973484
9973494
9973502
9973514
9973526
9973532
9973544
9973552
9973564
9973574
9973582
9973594
9973602
9973612
9973624
9973632
9973644
9973650
9973662
9973674
9973682
9973692
9973700
9973712
9973724
9973730
9973742
9973750
9973762
9973772
9973780
9973792
9973800
9973812
9973822
9973830
9973842
9973850
9973860
9973872
9973880
9973892
9973898
9973910
9973922
9973930
9973940
9973948
9973960
9973972
9973978
9973990
9973998
9974010
9974020
9974032
9974044
9974056
9974070
9974082
9974094
9974104
9974116
9974128
9974140
9974150
9974162
9974178
9974188
9974200
9974212
9974224
9974234
9974246
9974258
9974268
9974284
9974296
9974308
9974318
9974330
9974342
9974352
9974364
9974376
9974390
9974402
9974414
9974426
9974436
9974448
9974460
9974472
9974482
9974494
9974510
9974520
9974532
9974544
9974554
9974566
9974578
9974590
9974600
9974612
9974628
9974638
9974650
9974662
9974674
9974684
9974696
9974708
9974720
9974730
9974746
9974758
9974768
9974780
9974792
9974802
9974814
9974826
9974838
9974848
9974860
9974872
9974886
9974898
9974910
9974922
9974932
9974944
9974956
9974966
9974978
9974990
9975002
9975012
9975028
9975040
9975050
9975062
9975074
9975086
9975096
9975108
9975120
9975130
9975142
9975154
9975166
9975180
9975192
9975204
9975214
9975226
9975238
9975250
9975260
9975272
9975284
9975296
9975306
9975318
9975330
9975344
9975356
9975368
9975378
9975390
9975402
9975414
9975424
9975436
9975448
9975460
9975470
9975482
9975494
9975504
9975520
9975528
9975540
9975550
9975562
9975574
9975584
9975596
9975604
9975616
9975626
9975638
9975650
9975662
9975672
9975684
9975692
9975704
9975714
9975726
9975738
9975748
9975760
9975768
9975780
9975790
9975802
9975814
9975826
9975836
9975848
9975856
9975868
9975878
9975890
9975902
9975914
9975924
9975932
9975944
9975954
9975966
9975978
9975990
9976000
9976008
9976020
9976032
9976042
9976054
9976066
9976078
9976084
9976096
9976108
9976118
9976130
9976142
9976150
9976160
9976172
9976184
9976196
9976206
9976218
9976226
9976238
9976248
9976260
9976272
9976284
9976290
9976302
9976314
9976324
9976336
9976348
9976360
9976366
9976378
9976390
9976402
9976412
9976424
9976432
9976444
9976454
9976466
9976478
9976490
9976496
9976508
9976520
9976530
9976542
9976554
9976562
9976572
9976584
9976596
9976608
9976618
9976626
9976638
9976650
9976660
9976672
9976684
9976692
9976702
9976714
9976726
9976736
9976744
9976756
9976768
9976778
9976790
9976802
9976810
9976820
9976832
9976844
9976856
9976866
9976874
9976886
9976898
9976908
9976920
9976932
9976942
9976954
9976970
9976982
9976992
9977004
9977016
9977026
9977038
9977050
9977066
9977076
9977088
9977100
9977110
9977122
9977134
9977148
9977160
9977172
9977184
9977194
9977206
9977218
9977230
9977244
9977256
9977268
9977278
9977290
9977302
9977312
9977324
9977340
9977352
9977362
9977374
9977386
9977396
9977408
9977420
9977436
9977446
9977458
9977470
9977480
9977492
9977504
9977516
9977526
9977542
9977554
9977564
9977576
9977588
9977600
9977610
9977622
9977634
9977648
9977660
9977672
9977684
9977694
9977706
9977718
9977728
9977740
9977756
9977766
9977778
9977790
9977802
9977812
9977824
9977836
9977848
9977858
9977874
9977886
9977896
9977908
9977920
9977930
9977942
9977954
9977966
9977976
9977992
9978004
9978014
9978026
9978038
9978050
9978060
9978072
9978084
9978096
9978110
9978122
9978134
9978144
9978156
9978168
9978178
9978190
9978202
9978214
9978224
9978240
9978252
9978262
9978274
9978286
9978298
9978308
9978320
9978332
9978342
9978354
9978366
9978382
9978392
9978404
9978416
9978426
9978438
9978450
9978458
9978468
9978480
9978492
9978504
9978514
9978522
9978534
9978546
9978556
9978568
9978580
9978590
9978598
9978610
9978622
9978632
9978644
9978656
9978664
9978674
9978686
9978698
9978710
9978720
9978728
9978740
9978752
9978762
9978774
9978786
9978794
9978804
9978816
9978828
9978838
9978850
9978858
9978870
9978880
9978892
9978904
9978916
9978922
9978934
9978946
9978958
9978968
9978976
9978988
9979000
9979010
9979022
9979034
9979042
9979052
9979064
9979076
9979086
9979098
9979106
9979118
9979128
9979140
9979152
9979160
9979170
9979182
9979194
9979206
9979216
9979224
9979236
9979248
9979258
9979270
9979278
9979290
9979300
9979312
9979324
9979330
9979342
9979354
9979366
9979376
9979388
9979396
9979408
9979418
9979430
9979442
9979450
9979460
9979472
9979484
9979496
9979502
9979514
9979526
9979536
9979548
9979556
9979568
9979578
9979590
9979602
9979610
9979620
9979632
9979644
9979656
9979662
9979674
9979686
9979698
9979708
9979716
9979728
9979740
9979750
9979762
9979770
9979782
9979792
9979804
9979816
9979826
9979842
9979854
9979866
9979876
9979892
9979904
9979914
9979926
9979942
9979952
9979964
9979976
9979990
9980002
9980014
9980026
9980040
9980052
9980064
9980074
9980090
9980102
9980112
9980124
9980140
9980152
9980162
9980174
9980190
9980200
9980212
9980224
9980238
9980250
9980262
9980274
9980288
9980300
9980312
9980322
9980338
9980350
9980360
9980372
9980388
9980400
9980410
9980422
9980434
9980448
9980460
9980472
9980484
9980498
9980510
9980522
9980532
9980548
9980560
9980570
9980582
9980598
9980608
9980620
9980632
9980644
9980658
9980670
9980682
9980692
9980708
9980720
9980730
9980742
9980754
9980770
9980780
9980792
9980804
9980818
9980830
9980842
9980854
9980864
9980880
9980892
9980902
9980914
9980930
9980940
9980952
9980964
9980976
9980990
9981002
9981014
9981024
9981040
9981052
9981062
9981074
9981086
9981100
9981112
9981124
9981136
9981146
9981162
9981174
9981184
9981196
9981208
9981224
9981234
9981246
9981258
9981268
9981284
9981296
9981306
9981318
9981330
9981346
9981356
9981368
9981380
9981390
9981402
9981414
9981426
9981432
9981444
9981456
9981468
9981478
9981490
9981498
9981510
9981520
9981532
9981544
9981554
9981562
9981574
9981586
9981596
9981608
9981620
9981628
9981638
9981650
9981662
9981674
9981684
9981692
9981704
9981716
9981726
9981738
9981750
9981758
9981768
9981780
9981792
9981802
9981810
9981822
9981834
9981844
9981856
9981868
9981876
9981886
9981898
9981910
9981922
9981928
9981940
9981952
9981964
9981974
9981986
9981994
9982006
9982016
9982028
9982040
9982048
9982058
9982070
9982082
9982092
9982100
9982112
9982124
9982134
9982146
9982154
9982166
9982176
9982188
9982200
9982208
9982218
9982230
9982242
9982254
9982260
9982272
9982284
9982294
9982306
9982314
9982326
9982336
9982348
9982360
9982368
9982378
9982390
9982402
9982414
9982420
9982432
9982444
9982456
9982466
9982474
9982486
9982498
9982508
9982520
9982528
9982540
9982550
9982562
9982574
9982582
9982592
9982604
9982616
9982624
9982634
9982646
9982658
9982668
9982676
9982688
9982700
9982710
9982722
9982730
9982742
9982752
9982764
9982780
9982790
9982802
9982818
9982830
9982840
9982856
9982868
9982882
9982894
9982906
9982920
9982932
9982944
9982958
9982970
9982982
9982996
9983008
9983020
9983036
9983046
9983058
9983074
9983084
9983100
9983112
9983122
9983138
9983150
9983160
9983176
9983188
9983200
9983214
9983226
9983238
9983252
9983264
9983276
9983290
9983302
9983314
9983328
9983340
9983352
9983366
9983378
9983390
9983406
9983416
9983432
9983444
9983454
9983470
9983482
9983492
9983508
9983520
9983530
9983546
9983558
9983570
9983584
9983596
9983608
9983622
9983634
9983646
9983656
9983672
9983684
9983694
9983710
9983722
9983734
9983748
9983760
9983772
9983786
9983798
9983810
9983824
9983836
9983848
9983862
9983874
9983886
9983900
9983912
9983924
9983940
9983950
9983962
9983978
9983988
9984000
9984012
9984026
9984038
9984050
9984066
9984076
9984088
9984104
9984114
9984126
9984142
9984152
9984164
9984180
9984190
9984202
9984214
9984230
9984240
9984252
9984268
9984278
9984290
9984306
9984316
9984328
9984340
9984354
9984366
9984378
9984390
9984400
9984412
9984424
9984436
9984446
9984458
9984470
9984480
9984492
9984504
9984516
9984526
9984538
9984550
9984560
9984572
9984584
9984596
9984606
9984618
9984630
9984642
9984652
9984664
9984676
9984686
9984698
9984710
9984722
9984732
9984744
9984756
9984766
9984778
9984790
9984802
9984812
9984824
9984836
9984848
9984858
9984870
9984882
9984892
9984904
9984916
9984928
9984938
9984950
9984958
9984970
9984980
9984992
9985004
9985014
9985026
9985038
9985050
9985060
9985072
9985084
9985094
9985106
9985118
9985130
9985140
9985152
9985164
9985176
9985186
9985198
9985210
9985220
9985232
9985244
9985256
9985266
9985274
9985286
9985298
9985308
9985320
9985332
9985342
9985354
9985366
9985378
9985388
9985400
9985412
9985424
9985434
9985446
9985458
9985468
9985480
9985492
9985504
9985510
9985522
9985534
9985546
9985556
9985568
9985580
9985590
9985602
9985614
9985626
9985636
9985648
9985660
9985670
9985682
9985694
9985702
9985712
9985724
9985736
9985748
9985758
9985770
9985782
9985794
9985804
9985816
9985828
9985838
9985850
9985862
9985876
9985888
9985900
9985912
9985926
9985938
9985950
9985960
9985976
9985988
9986000
9986010
9986022
9986038
9986048
9986060
9986072
9986086
9986098
9986110
9986122
9986136
9986148
9986160
9986170
9986182
9986198
9986208
9986220
9986232
9986248
9986258
9986270
9986282
9986292
9986308
9986320
9986330
9986342
9986354
9986370
9986380
9986392
9986404
9986418
9986430
9986442
9986454
9986464
9986480
9986492
9986502
9986514
9986526
9986540
9986552
9986564
9986576
9986586
9986602
9986614
9986624
9986636
9986648
9986662
9986674
9986686
9986698
9986708
9986724
9986736
9986746
9986758
9986770
9986784
9986796
9986808
9986820
9986830
9986846
9986858
9986868
9986880
9986892
9986906
9986918
9986930
9986942
9986952
9986964
9986980
9986990
9987002
9987014
9987026
9987040
9987052
9987064
9987074
9987086
9987102
9987112
9987124
9987136
9987148
9987158
9987174
9987186
9987196
9987208
9987220
9987232
9987246
9987258
9987270
9987280
9987292
9987308
9987318
9987330
9987342
9987354
9987364
9987380
9987392
9987402
9987414
9987426
9987438
9987448
9987460
9987472
9987480
9987490
9987502
9987514
9987524
9987536
9987548
9987560
9987570
9987582
9987594
9987606
9987616
9987628
9987640
9987650
9987662
9987674
9987686
9987696
9987708
9987720
9987730
9987742
9987754
9987762
9987772
9987784
9987796
9987808
9987818
9987830
9987842
9987854
9987864
9987876
9987888
9987898
9987910
9987922
9987934
9987944
9987956
9987968
9987978
9987986
9987998
9988010
9988020
9988032
9988044
9988056
9988066
9988078
9988090
9988100
9988112
9988124
9988136
9988146
9988158
9988170
9988178
9988188
9988200
9988212
9988224
9988234
9988246
9988258
9988268
9988280
9988292
9988304
9988314
9988326
9988338
9988346
9988356
9988368
9988380
9988390
9988402
9988414
9988426
9988436
9988448
9988460
9988470
9988482
9988490
9988502
9988512
9988524
9988536
9988548
9988558
9988570
9988582
9988594
9988604
9988616
9988624
9988636
9988646
9988658
9988670
9988680
9988692
9988704
9988716
9988726
9988738
9988750
9988758
9988768
9988780
9988792
9988802
9988814
9988826
9988838
9988852
9988864
9988880
9988890
9988902
9988918
9988928
9988944
9988956
9988966
9988982
9988994
9989008
9989020
9989032
9989048
9989058
9989074
9989086
9989096
9989112
9989124
9989138
9989150
9989162
9989176
9989188
9989204
9989214
9989226
9989242
9989252
9989268
9989280
9989292
9989306
9989318
9989330
9989344
9989356
9989372
9989382
9989394
9989410
9989420
9989436
9989448
9989458
9989474
9989486
9989500
9989512
9989524
9989540
9989550
9989562
9989578
9989588
9989604
9989616
9989626
9989642
9989654
9989664
9989680
9989692
9989706
9989718
9989730
9989746
9989756
9989768
9989784
9989794
9989806
9989822
9989832
9989848
9989860
9989870
9989886
9989898
9989910
9989924
9989936
9989952
9989962
9989974
9989990
9990000
9990012
9990028
9990038
9990050
9990066
9990076
9990088
9990104
9990116
9990130
9990142
9990154
9990168
9990180
9990192
9990206
9990218
9990230
9990244
9990256
9990268
9990282
9990294
9990306
9990322
9990332
9990344
9990360
9990370
9990386
9990398
9990408
9990424
9990436
9990446
9990462
9990474
9990486
9990496
9990508
9990520
9990530
9990542
9990554
9990566
9990576
9990588
9990600
9990612
9990622
9990634
9990646
9990656
9990668
9990680
9990692
9990702
9990714
9990726
9990736
9990748
9990760
9990772
9990782
9990794
9990810
9990820
9990832
9990844
9990856
9990866
9990878
9990890
9990900
9990912
9990924
9990936
9990946
9990958
9990970
9990982
9990992
9991004
9991016
9991026
9991038
9991050
9991062
9991072
9991084
9991096
9991106
9991118
9991130
9991142
9991152
9991164
9991176
9991188
9991198
9991210
9991222
9991232
9991244
9991256
9991268
9991278
9991290
9991302
9991312
9991324
9991336
9991348
9991358
9991370
9991382
9991394
9991404
9991416
9991428
9991438
9991446
9991458
9991470
9991480
9991492
9991504
9991516
9991526
9991538
9991550
9991560
9991572
9991584
9991596
9991606
9991618
9991630
9991640
9991652
9991664
9991676
9991686
9991698
9991710
9991722
9991732
9991744
9991756
9991766
9991778
9991790
9991802
9991812
9991824
9991836
9991846
9991858
9991870
9991882
9991892
9991904
9991912
9991924
9991934
9991950
9991962
9991976
9991988
9992000
9992014
9992026
9992038
9992052
9992064
9992080
9992092
9992102
9992118
9992130
9992140
9992156
9992168
9992178
9992194
9992206
9992220
9992232
9992244
9992258
9992270
9992282
9992298
9992308
9992320
9992336
9992346
9992362
9992374
9992384
9992400
9992412
9992424
9992438
9992450
9992462
9992476
9992488
9992500
9992514
9992526
9992538
9992552
9992564
9992580
9992590
9992602
9992618
9992630
9992640
9992656
9992668
9992678
9992694
9992706
9992716
9992732
9992744
9992754
9992770
9992782
9992794
9992808
9992820
9992832
9992846
9992858
9992870
9992884
9992896
9992908
9992922
9992934
9992946
9992960
9992972
9992984
9993000
9993010
9993022
9993038
9993048
9993060
9993076
9993086
9993098
9993114
9993124
9993136
9993152
9993164
9993174
9993190
9993202
9993212
9993228
9993240
9993250
9993262
9993278
9993288
9993300
9993316
9993328
9993338
9993354
9993366
9993376
9993392
9993404
9993414
9993430
9993442
9993452
9993464
9993480
9993492
9993502
9993518
9993530
9993540
9993556
9993568
9993578
9993590
9993602
9993614
9993624
9993636
9993648
9993658
9993670
9993682
9993694
9993704
9993716
9993728
9993740
9993750
9993762
9993774
9993784
9993796
9993808
9993820
9993830
9993842
9993854
9993864
9993876
9993888
9993900
9993910
9993922
9993934
9993946
9993956
9993968
9993980
9993990
9994002
9994014
9994026
9994036
9994048
9994060
9994070
9994082
9994094
9994106
9994116
9994128
9994140
9994152
9994162
9994174
9994186
9994196
9994208
9994216
9994228
9994238
9994250
9994262
9994274
9994284
9994296
9994308
9994318
9994330
9994342
9994354
9994364
9994376
9994388
9994400
9994410
9994422
9994434
9994444
9994456
9994468
9994480
9994490
9994502
9994514
9994524
9994536
9994548
9994560
9994570
9994582
9994590
9994602
9994612
9994624
9994636
9994646
9994658
9994670
9994682
9994692
9994704
9994716
9994728
9994738
9994750
9994762
9994772
9994784
9994796
9994808
9994818
9994830
9994838
9994850
9994860
9994872
9994884
9994894
9994906
9994918
9994930
9994940
9994952
9994964
9994976
9994986
9994998
9995010
9995020
9995032
9995044
9995058
9995070
9995086
9995098
9995112
9995124
9995136
9995150
9995162
9995178
9995188
9995204
9995216
9995226
9995242
9995254
9995268
9995280
9995296
9995306
9995318
9995334
9995346
9995360
9995372
9995388
9995398
9995410
9995426
9995436
9995452
9995464
9995478
9995490
9995502
9995516
9995528
9995544
9995554
9995566
9995582
9995594
9995608
9995620
9995632
9995646
9995658
9995674
9995684
9995700
9995712
9995722
9995738
9995750
9995764
9995776
9995788
9995802
9995814
9995830
9995840
9995852
9995868
9995880
9995894
9995906
9995918
9995932
9995944
9995960
9995970
9995982
9995998
9996008
9996024
9996036
9996046
9996062
9996074
9996086
9996100
9996112
9996128
9996138
9996150
9996166
9996176
9996192
9996204
9996214
9996230
9996242
9996252
9996268
9996280
9996294
9996306
9996318
9996334
9996344
9996360
9996372
9996382
9996398
9996410
9996420
9996436
9996448
9996462
9996474
9996486
9996500
9996512
9996524
9996540
9996550
9996562
9996578
9996588
9996604
9996616
9996626
9996642
9996654
9996664
9996680
9996692
9996704
9996714
9996726
9996738
9996748
9996764
9996776
9996788
9996798
9996810
9996822
9996832
9996844
9996860
9996870
9996882
9996894
9996906
9996916
9996928
9996940
9996952
9996966
9996978
9996990
9997000
9997012
9997024
9997034
9997046
9997058
9997074
9997084
9997096
9997108
9997118
9997130
9997142
9997154
9997164
9997176
9997192
9997202
9997214
9997226
9997238
9997248
9997260
9997272
9997282
9997294
9997306
9997322
9997332
9997344
9997356
9997366
9997378
9997390
9997402
9997412
9997424
9997436
9997450
9997462
9997474
9997486
9997496
9997508
9997520
9997530
9997542
9997554
9997566
9997580
9997592
9997604
9997614
9997626
9997638
9997650
9997660
9997672
9997684
9997694
9997706
9997718
9997734
9997744
9997756
9997768
9997778
9997790
9997802
9997814
9997824
9997836
9997848
9997858
9997870
9997882
9997898
9997908
9997920
9997932
9997942
9997954
9997966
9997978
9997988
9998000
9998012
9998022
9998034
9998046
9998058
9998068
9998084
9998096
9998106
9998118
9998130
9998142
9998152
9998164
9998176
9998188
9998198
9998214
9998226
9998240
9998252
9998264
9998278
9998290
9998302
9998316
9998328
9998344
9998354
9998366
9998382
9998394
9998404
9998420
9998432
9998442
9998458
9998470
9998484
9998496
9998508
9998522
9998534
9998546
9998560
9998572
9998584
9998600
9998610
9998626
9998638
9998648
9998664
9998676
9998686
9998702
9998714
9998724
9998740
9998752
9998764
9998778
9998790
9998804
9998816
9998828
9998844
9998854
9998866
9998882
9998892
9998904
9998920
9998930
9998942
9998958
9998970
9998980
9998996
9999008
9999018
9999034
9999046
9999056
9999072
9999084
9999094
9999110
9999122
9999134
9999148
9999160
9999172
9999186
9999198
9999210
9999224
9999236
9999248
9999262
9999274
9999286
9999300
9999312
9999324
9999340
9999350
9999362
9999378
9999388
9999400
9999416
9999426
9999438
9999454
9999464
9999476
9999492
9999504
9999514
9999530
9999542
9999552
9999568
9999580
9999590
9999602
9999618
9999628
9999640
9999656
9999668
9999678
9999694
9999706
9999716
9999732
9999744
9999754
9999766
9999782
9999794
9999804
9999820
9999832
9999842
9999854
9999866
9999876
9999888
9999900
9999912
9999922
9999934
9999946
9999958
9999968
9999980
9999992
10000002
10000014
10000026
10000038
10000048
10000060
10000072
10000082
10000094
10000106
10000118
10000128
10000140
10000152
10000164
10000174
10000186
10000198
10000208
10000220
10000232
10000244
10000254
10000266
10000278
10000288
10000300
10000312
10000324
10000334
10000346
10000358
10000370
10000380
10000392
10000404
10000414
10000430
10000442
10000452
10000464
10000476
10000488
10000498
10000510
10000522
10000534
10000544
10000556
10000568
10000578
10000590
10000602
10000614
10000624
10000636
10000648
10000658
10000670
10000682
10000694
10000704
10000716
10000728
10000740
10000750
10000762
10000774
10000784
10000796
10000808
10000820
10000830
10000842
10000854
10000864
10000872
10000884
10000896
10000906
10000918
10000930
10000942
10000952
10000964
10000976
10000988
10000998
10001010
10001022
10001032
10001044
10001056
10001068
10001078
10001090
10001102
10001112
10001124
10001136
10001148
10001158
10001170
10001182
10001194
10001204
10001216
10001228
10001238
10001250
10001262
10001274
10001284
10001300
10001312
10001326
10001338
10001350
10001364
10001376
10001392
10001402
10001418
10001430
10001440
10001456
10001468
10001482
10001494
10001510
10001522
10001532
10001548
10001560
10001574
10001586
10001602
10001612
10001624
10001640
10001650
10001666
10001678
10001688
10001704
10001716
10001730
10001742
10001758
10001770
10001780
10001796
10001808
10001822
10001834
10001846
10001860
10001872
10001888
10001898
10001910
10001926
10001936
10001952
10001964
10001978
10001990
10002002
10002016
10002028
10002044
10002056
10002066
10002082
10002094
10002108
10002120
10002132
10002146
10002158
10002174
10002184
10002196
10002212
10002222
10002234
10002250
10002262
10002276
10002288
10002300
10002314
10002326
10002342
10002352
10002364
10002380
10002390
10002406
10002418
10002428
10002444
10002456
10002468
10002482
10002494
10002510
10002520
10002532
10002548
10002558
10002570
10002586
10002596
10002612
10002624
10002634
10002650
10002662
10002674
10002688
10002700
10002716
10002726
10002738
10002754
10002764
10002776
10002792
10002802
10002818
10002830
10002840
10002856
10002868
10002880
10002894
10002906
10002918
10002932
10002944
10002956
10002966
10002978
10002990
10003002
10003016
10003028
10003040
10003050
10003062
10003074
10003086
10003096
10003108
10003124
10003134
10003146
10003158
10003170
10003180
10003192
10003204
10003214
10003230
10003242
10003252
10003264
10003276
10003288
10003298
10003310
10003322
10003334
10003348
10003360
10003372
10003382
10003394
10003406
10003416
10003428
10003440
10003452
10003462
10003478
10003490
10003500
10003512
10003524
10003536
10003546
10003558
10003570
10003582
10003592
10003608
10003620
10003630
10003642
10003654
10003664
10003676
10003688
10003700
10003710
10003722
10003734
10003748
10003760
10003772
10003784
10003794
10003806
10003818
10003828
10003840
10003852
10003864
10003874
10003886
10003898
10003912
10003924
10003936
10003948
10003958
10003970
10003982
10003992
10004004
10004016
10004028
10004038
10004050
10004062
10004074
10004088
10004100
10004112
10004122
10004134
10004146
10004158
10004168
10004180
10004192
10004202
10004214
10004226
10004238
10004248
10004260
10004272
10004286
10004298
10004310
10004322
10004332
10004344
10004356
10004366
10004378
10004390
10004402
10004412
10004424
10004436
10004446
10004462
10004474
10004486
10004500
10004512
10004524
10004538
10004550
10004562
10004576
10004588
10004600
10004614
10004626
10004638
10004652
10004664
10004676
10004688
10004702
10004714
10004726
10004740
10004752
10004764
10004778
10004790
10004802
10004816
10004828
10004840
10004852
10004866
10004878
10004890
10004904
10004916
10004928
10004942
10004954
10004966
10004978
10004992
10005004
10005016
10005030
10005042
10005054
10005068
10005080
10005092
10005104
10005118
10005130
10005142
10005156
10005168
10005180
10005190
10005206
10005218
10005228
10005244
10005256
10005268
10005278
10005294
10005306
10005316
10005332
10005344
10005354
10005366
10005382
10005392
10005404
10005416
10005432
10005442
10005454
10005470
10005480
10005492
10005504
10005518
10005530
10005542
10005554
10005568
10005580
10005592
10005606
10005618
10005630
10005640
10005656
10005668
10005680
10005690
10005706
10005718
10005728
10005740
10005756
10005766
10005778
10005790
10005804
10005816
10005828
10005840
10005854
10005866
10005878
10005892
10005904
10005916
10005928
10005942
10005954
10005966
10005976
10005992
10006004
10006014
10006026
10006042
10006052
10006064
10006076
10006088
10006098
10006110
10006126
10006136
10006148
10006160
10006172
10006182
10006198
10006210
10006220
10006232
10006244
10006256
10006266
10006282
10006294
10006304
10006316
10006328
10006340
10006354
10006366
10006378
10006388
10006400
10006412
10006422
10006438
10006450
10006462
10006472
10006484
10006496
10006506
10006522
10006534
10006546
10006556
10006568
10006580
10006590
10006602
10006618
10006628
10006640
10006652
10006664
10006674
10006686
10006702
10006712
10006724
10006736
10006748
10006758
10006770
10006782
10006796
10006808
10006820
10006832
10006842
10006854
10006866
10006876
10006892
10006904
10006916
10006926
10006938
10006950
10006960
10006972
10006984
10006998
10007010
10007022
10007034
10007044
10007056
10007068
10007080
10007094
10007106
10007118
10007128
10007140
10007152
10007164
10007174
10007186
10007198
10007212
10007224
10007236
10007246
10007258
10007270
10007282
10007292
10007304
10007320
10007330
10007342
10007354
10007366
10007376
10007388
10007400
10007410
10007422
10007434
10007450
10007460
10007472
10007484
10007494
10007506
10007518
10007530
10007540
10007552
10007564
10007578
10007590
10007602
10007616
10007628
10007640
10007652
10007666
10007678
10007690
10007704
10007716
10007728
10007740
10007754
10007766
10007778
10007792
10007804
10007816
10007826
10007842
10007854
10007864
10007880
10007892
10007904
10007914
10007930
10007942
10007952
10007964
10007980
10007990
10008002
10008018
10008028
10008040
10008052
10008068
10008078
10008090
10008102
10008116
10008128
10008140
10008152
10008166
10008178
10008190
10008200
10008216
10008228
10008238
10008254
10008266
10008276
10008288
10008304
10008316
10008326
10008338
10008354
10008364
10008376
10008388
10008402
10008414
10008426
10008438
10008452
10008464
10008476
10008486
10008502
10008514
10008524
10008536
10008552
10008562
10008574
10008586
10008598
10008612
10008624
10008636
10008646
10008662
10008674
10008686
10008696
10008712
10008724
10008734
10008746
10008762
10008772
10008784
10008796
10008808
10008822
10008834
10008846
10008856
10008872
10008884
10008894
10008906
10008922
10008934
10008944
10008956
10008968
10008982
10008994
10009006
10009016
10009032
10009044
10009056
10009066
10009078
10009094
10009104
10009116
10009128
10009140
10009154
10009166
10009178
10009188
10009200
10009212
10009222
10009234
10009246
10009262
10009272
10009284
10009296
10009306
10009318
10009330
10009342
10009352
10009364
10009376
10009386
10009402
10009414
10009426
10009436
10009448
10009460
10009470
10009482
10009494
10009506
10009516
10009528
10009544
10009554
10009566
10009578
10009590
10009600
10009612
10009624
10009634
10009646
10009658
10009670
10009680
10009692
10009708
10009718
10009730
10009742
10009754
10009764
10009776
10009788
10009798
10009810
10009822
10009834
10009844
10009856
10009868
10009882
10009894
10009906
10009918
10009928
10009940
10009952
10009962
10009974
10009986
10009998
10010008
10010020
10010032
10010044
10010054
10010066
10010078
10010092
10010104
10010116
10010128
10010138
10010150
10010162
10010172
10010184
10010196
10010208
10010218
10010230
10010242
10010252
10010264
10010276
10010288
10010298
10010310
10010322
10010334
10010344
10010360
10010372
10010382
10010394
10010406
10010416
10010428
10010440
10010452
10010462
10010474
10010486
10010498
10010508
10010520
10010532
10010542
10010554
10010566
10010578
10010588
10010600
10010612
10010622
10010634
10010646
10010658
10010672
10010684
10010696
10010706
10010718
10010734
10010746
10010756
10010768
10010780
10010794
10010806
10010818
10010828
10010840
10010856
10010868
10010878
10010890
10010902
10010916
10010928
10010940
10010950
10010962
10010978
10010990
10011000
10011012
10011024
10011038
10011050
10011062
10011074
10011084
10011096
10011112
10011122
10011134
10011146
10011156
10011172
10011184
10011196
10011206
10011218
10011230
10011244
10011256
10011268
10011280
10011290
10011302
10011318
10011328
10011340
10011352
10011362
10011374
10011390
10011402
10011412
10011424
10011436
10011450
10011462
10011474
10011486
10011496
10011508
10011520
10011534
10011546
10011558
10011568
10011580
10011592
10011608
10011618
10011630
10011642
10011652
10011664
10011680
10011692
10011702
10011714
10011726
10011736
10011748
10011764
10011774
10011786
10011798
10011810
10011820
10011836
10011848
10011858
10011870
10011882
10011894
10011904
10011920
10011932
10011942
10011954
10011966
10011978
10011988
10012004
10012016
10012026
10012038
10012050
10012062
10012072
10012084
10012100
10012110
10012122
10012134
10012144
10012156
10012168
10012184
10012194
10012206
10012218
10012228
10012240
10012252
10012264
10012278
10012290
10012302
10012312
10012324
10012336
10012348
10012362
10012374
10012386
10012396
10012408
10012420
10012432
10012442
10012458
10012470
10012480
10012492
10012504
10012516
10012526
10012538
10012554
10012564
10012576
10012588
10012598
10012610
10012622
10012634
10012648
10012660
10012672
10012682
10012694
10012706
10012718
10012728
10012740
10012756
10012766
10012778
10012790
10012802
10012812
10012824
10012836
10012846
10012862
10012874
10012886
10012896
10012908
10012920
10012930
10012942
10012954
10012966
10012980
10012992
10013004
10013014
10013026
10013038
10013050
10013060
10013072
10013084
10013098
10013110
10013122
10013134
10013144
10013156
10013168
10013178
10013190
10013202
10013214
10013228
10013240
10013252
10013262
10013274
10013286
10013298
10013308
10013320
10013332
10013342
10013354
10013370
10013380
10013392
10013404
10013416
10013426
10013438
10013450
10013462
10013472
10013484
10013496
10013506
10013522
10013534
10013544
10013556
10013568
10013580
10013590
10013602
10013614
10013626
10013636
10013648
10013660
10013670
10013686
10013698
10013710
10013720
10013732
10013744
10013758
10013770
10013782
10013796
10013808
10013820
10013832
10013846
10013858
10013870
10013880
10013896
10013908
10013918
10013934
10013946
10013956
10013968
10013984
10013996
10014006
10014018
10014034
10014044
10014056
10014068
10014082
10014094
10014106
10014122
10014132
10014144
10014156
10014170
10014182
10014194
10014204
10014220
10014232
10014244
10014254
10014270
10014282
10014292
10014304
10014320
10014330
10014342
10014354
10014368
10014380
10014392
10014404
10014418
10014430
10014442
10014452
10014464
10014480
10014492
10014502
10014514
10014530
10014540
10014552
10014564
10014578
10014590
10014602
10014614
10014628
10014640
10014652
10014662
10014674
10014690
10014700
10014712
10014724
10014738
10014750
10014762
10014774
10014788
10014800
10014812
10014822
10014834
10014850
10014862
10014872
10014884
10014896
10014910
10014922
10014934
10014944
10014960
10014972
10014984
10014994
10015006
10015022
10015032
10015044
10015056
10015068
10015082
10015094
10015106
10015116
10015132
10015144
10015154
10015166
10015178
10015192
10015204
10015216
10015228
10015238
10015254
10015266
10015276
10015288
10015300
10015312
10015322
10015334
10015346
10015356
10015368
10015376
10015388
10015398
10015410
10015422
10015434
10015444
10015456
10015468
10015480
10015490
10015498
10015510
10015522
10015532
10015544
10015556
10015566
10015578
10015590
10015602
10015608
10015620
10015632
10015644
10015654
10015666
10015678
10015688
10015700
10015712
10015720
10015730
10015742
10015754
10015766
10015776
10015788
10015800
10015810
10015818
10015830
10015842
10015852
10015864
10015876
10015888
10015898
10015910
10015918
10015930
10015940
10015952
10015964
10015974
10015986
10015998
10016006
10016016
10016028
10016040
10016052
10016062
10016074
10016086
10016094
10016104
10016116
10016128
10016138
10016150
10016162
10016174
10016180
10016192
10016204
10016216
10016226
10016238
10016250
10016262
10016268
10016280
10016292
10016304
10016314
10016326
10016338
10016344
10016356
10016368
10016380
10016390
10016402
10016414
10016422
10016432
10016444
10016456
10016468
10016478
10016490
10016498
10016510
10016520
10016532
10016544
10016554
10016566
10016574
10016586
10016596
10016608
10016620
10016632
10016638
10016650
10016662
10016674
10016684
10016696
10016708
10016718
10016734
10016746
10016756
10016772
10016784
10016796
10016806
10016822
10016834
10016844
10016860
10016872
10016882
10016898
10016910
10016920
10016932
10016948
10016960
10016970
10016986
10016998
10017008
10017024
10017036
10017046
10017058
10017074
10017086
10017096
10017112
10017124
10017134
10017150
10017162
10017172
10017184
10017200
10017210
10017222
10017238
10017250
10017260
10017272
10017288
10017298
10017310
10017326
10017336
10017348
10017360
10017374
10017386
10017398
10017410
10017424
10017436
10017448
10017462
10017474
10017486
10017498
10017512
10017524
10017536
10017546
10017562
10017574
10017584
10017600
10017612
10017622
10017634
10017650
10017662
10017672
10017684
10017700
10017710
10017722
10017734
10017748
10017760
10017772
10017786
10017798
10017810
10017822
10017836
10017848
10017860
10017870
10017886
10017898
10017910
10017920
10017936
10017948
10017958
10017970
10017986
10017996
10018008
10018020
10018034
10018046
10018058
10018070
10018084
10018096
10018108
10018118
10018134
10018146
10018156
10018168
10018180
10018196
10018206
10018218
10018230
10018244
10018256
10018268
10018280
10018294
10018306
10018314
10018324
10018336
10018348
10018360
10018370
10018382
10018394
10018404
10018416
10018428
10018440
10018450
10018462
10018474
10018486
10018496
10018508
10018520
10018530
10018538
10018550
10018562
10018572
10018584
10018596
10018608
10018618
10018630
10018642
10018652
10018664
10018676
10018688
10018698
10018710
10018718
10018730
10018740
10018752
10018764
10018774
10018786
10018798
10018810
10018820
10018832
10018844
10018856
10018866
10018874
10018886
10018898
10018908
10018920
10018932
10018942
10018954
10018966
10018978
10018988
10019000
10019008
10019020
10019030
10019042
10019054
10019064
10019076
10019088
10019100
10019110
10019122
10019134
10019142
10019152
10019164
10019176
10019186
10019198
10019210
10019222
10019232
10019244
10019256
10019264
10019274
10019286
10019298
10019308
10019320
10019332
10019344
10019354
10019366
10019374
10019386
10019396
10019408
10019420
10019432
10019442
10019454
10019466
10019474
10019484
10019496
10019508
10019518
10019530
10019542
10019554
10019564
10019572
10019584
10019596
10019606
10019618
10019630
10019640
10019652
10019664
10019672
10019682
10019694
10019706
10019718
10019728
10019744
10019756
10019766
10019778
10019790
10019804
10019816
10019828
10019840
10019850
10019862
10019878
10019888
10019900
10019912
10019924
10019934
10019950
10019962
10019972
10019984
10019996
10020008
10020022
10020034
10020046
10020056
10020068
10020080
10020094
10020106
10020118
10020130
10020140
10020152
10020168
10020178
10020190
10020202
10020214
10020224
10020236
10020252
10020262
10020274
10020286
10020298
10020308
10020324
10020336
10020346
10020358
10020370
10020380
10020392
10020408
10020420
10020430
10020442
10020454
10020464
10020476
10020492
10020502
10020514
10020526
10020538
10020548
10020560
10020572
10020586
10020598
10020610
10020622
10020632
10020644
10020656
10020670
10020682
10020694
10020706
10020716
10020728
10020740
10020750
10020766
10020778
10020790
10020800
10020812
10020824
10020834
10020846
10020862
10020874
10020884
10020896
10020908
10020918
10020930
10020942
10020956
10020968
10020980
10020992
10021002
10021014
10021026
10021038
10021048
10021064
10021076
10021086
10021098
10021110
10021120
10021132
10021144
10021156
10021170
10021182
10021194
10021204
10021216
10021228
10021240
10021250
10021262
10021274
10021286
10021292
10021304
10021316
10021326
10021338
10021350
10021362
10021368
10021380
10021392
10021404
10021414
10021426
10021438
10021446
10021456
10021468
10021480
10021492
10021502
10021510
10021522
10021532
10021544
10021556
10021568
10021578
10021586
10021598
10021610
10021620
10021632
10021644
10021652
10021662
10021674
10021686
10021696
10021708
10021716
10021728
10021738
10021750
10021762
10021774
10021780
10021792
10021804
10021816
10021826
10021838
10021846
10021858
10021868
10021880
10021892
10021902
10021910
10021922
10021934
10021944
10021956
10021968
10021976
10021986
10021998
10022010
10022022
10022028
10022040
10022052
10022064
10022074
10022086
10022094
10022106
10022116
10022128
10022140
10022148
10022158
10022170
10022182
10022192
10022200
10022212
10022224
10022234
10022246
10022258
10022266
10022276
10022288
10022300
10022312
10022318
10022330
10022342
10022354
10022364
10022372
10022384
10022396
10022406
10022418
10022426
10022438
10022448
10022460
10022472
10022480
10022490
10022502
10022514
10022524
10022532
10022544
10022556
10022566
10022574
10022586
10022598
10022608
10022620
10022632
10022644
10022654
10022666
10022678
10022688
10022700
10022712
10022724
10022734
10022746
10022758
10022768
10022780
10022792
10022804
10022814
10022826
10022838
10022852
10022864
10022876
10022888
10022898
10022910
10022922
10022932
10022944
10022956
10022968
10022978
10022990
10023002
10023014
10023024
10023036
10023048
10023058
10023070
10023082
10023094
10023104
10023116
10023128
10023138
10023150
10023162
10023174
10023184
10023196
10023208
10023220
10023230
10023242
10023258
10023268
10023280
10023292
10023302
10023314
10023326
10023338
10023348
10023360
10023372
10023384
10023394
10023406
10023418
10023428
10023440
10023452
10023464
10023474
10023486
10023498
10023508
10023520
10023532
10023544
10023554
10023566
10023578
10023590
10023600
10023612
10023624
10023634
10023646
10023658
10023670
10023680
10023692
10023704
10023714
10023726
10023738
10023750
10023760
10023772
10023784
10023796
10023806
10023818
10023830
10023840
10023852
10023864
10023876
10023886
10023898
10023910
10023920
10023928
10023940
10023952
10023962
10023974
10023986
10023998
10024008
10024020
10024032
10024044
10024054
10024066
10024078
10024088
10024100
10024112
10024124
10024130
10024142
10024154
10024166
10024176
10024184
10024196
10024208
10024218
10024226
10024238
10024250
10024260
10024272
10024280
10024290
10024302
10024314
10024326
10024332
10024344
10024356
10024368
10024374
10024386
10024398
10024410
10024420
10024428
10024440
10024452
10024462
10024470
10024482
10024494
10024504
10024516
10024524
10024536
10024546
10024558
10024566
10024578
10024588
10024600
10024612
10024620
10024630
10024642
10024654
10024662
10024672
10024684
10024696
10024702
10024714
10024726
10024738
10024744
10024756
10024768
10024780
10024786
10024798
10024810
10024822
10024832
10024840
10024852
10024864
10024874
10024882
10024894
10024906
10024916
10024924
10024936
10024948
10024958
10024966
10024978
10024990
10025000
10025008
10025020
10025032
10025042
10025050
10025062
10025074
10025080
10025092
10025104
10025114
10025122
10025134
10025146
10025156
10025164
10025176
10025188
10025198
10025206
10025218
10025230
10025240
10025248
10025260
10025272
10025278
10025290
10025302
10025314
10025320
10025332
10025344
10025356
10025362
10025374
10025386
10025394
10025404
10025416
10025428
10025436
10025450
10025462
10025474
10025484
10025496
10025508
10025520
10025530
10025542
10025558
10025568
10025580
10025592
10025604
10025614
10025626
10025638
10025652
10025664
10025676
10025688
10025698
10025710
10025722
10025732
10025744
10025760
10025772
10025782
10025794
10025806
10025816
10025828
10025840
10025852
10025866
10025878
10025890
10025900
10025912
10025924
10025936
10025946
10025958
10025970
10025984
10025996
10026008
10026020
10026030
10026042
10026054
10026064
10026076
10026088
10026100
10026114
10026126
10026138
10026148
10026160
10026172
10026184
10026194
10026206
10026218
10026228
10026244
10026256
10026268
10026278
10026290
10026302
10026312
10026324
10026336
10026348
10026358
10026370
10026382
10026396
10026408
10026420
10026432
10026442
10026454
10026466
10026476
10026488
10026500
10026512
10026522
10026534
10026546
10026560
10026572
10026584
10026596
10026606
10026618
10026630
10026640
10026652
10026664
10026676
10026686
10026698
10026710
10026720
10026732
10026748
10026760
10026770
10026782
10026794
10026804
10026816
10026828
10026840
10026850
10026862
10026874
10026884
10026896
10026908
10026920
10026930
10026942
10026954
10026966
10026976
10026984
10026996
10027008
10027018
10027026
10027038
10027050
10027056
10027068
10027080
10027090
10027098
10027110
10027122
10027132
10027140
10027152
10027164
10027172
10027182
10027194
10027206
10027214
10027224
10027236
10027248
10027256
10027266
10027278
10027286
10027296
10027308
10027320
10027328
10027338
10027350
10027358
10027370
10027380
10027392
10027400
10027412
10027422
10027430
10027442
10027454
10027464
10027472
10027484
10027496
10027502
10027514
10027526
10027534
10027544
10027556
10027568
10027576
10027586
10027598
10027606
10027618
10027628
10027640
10027648
10027660
10027670
10027678
10027690
10027702
10027708
10027720
10027732
10027740
10027750
10027762
10027774
10027782
10027792
10027804
10027812
10027824
10027834
10027842
10027854
10027866
10027872
10027884
10027896
10027904
10027914
10027926
10027938
10027946
10027956
10027968
10027976
10027988
10027998
10028006
10028018
10028030
10028038
10028048
10028060
10028068
10028078
10028090
10028098
10028110
10028120
10028128
10028140
10028152
10028160
10028170
10028182
10028190
10028202
10028212
10028220
10028232
10028244
10028250
10028262
10028274
10028284
10028296
10028308
10028320
10028330
10028342
10028354
10028366
10028376
10028388
10028396
10028408
10028418
10028430
10028442
10028452
10028464
10028476
10028488
10028498
10028510
10028522
10028532
10028544
10028556
10028568
10028578
10028586
10028598
10028610
10028620
10028632
10028644
10028656
10028666
10028678
10028690
10028700
10028712
10028724
10028736
10028742
10028754
10028766
10028778
10028788
10028800
10028812
10028822
10028834
10028846
10028858
10028868
10028880
10028888
10028900
10028910
10028922
10028934
10028944
10028956
10028968
10028980
10028990
10029002
10029014
10029022
10029032
10029044
10029056
10029066
10029078
10029090
10029102
10029112
10029124
10029136
10029144
10029154
10029166
10029178
10029190
10029200
10029212
10029224
10029234
10029246
10029254
10029266
10029276
10029288
10029300
10029312
10029322
10029334
10029346
10029356
10029364
10029376
10029388
10029398
10029410
10029422
10029434
10029444
10029456
10029464
10029476
10029486
10029498
10029510
10029520
10029532
10029544
10029556
10029562
10029574
10029586
10029598
10029608
10029620
10029632
10029644
10029650
10029662
10029674
10029684
10029696
10029704
10029716
10029726
10029734
10029746
10029758
10029766
10029776
10029788
10029796
10029808
10029818
10029826
10029838
10029850
10029856
10029868
10029880
10029888
10029898
10029910
10029918
10029930
10029940
10029948
10029960
10029972
10029978
10029990
10030002
10030010
10030020
10030032
10030040
10030052
10030058
10030070
10030082
10030090
10030100
10030112
10030120
10030132
10030142
10030150
10030162
10030174
10030180
10030192
10030204
10030212
10030222
10030230
10030242
10030254
10030260
10030272
10030284
10030292
10030302
10030314
10030322
10030334
10030342
10030352
10030364
10030372
10030384
10030394
10030402
10030414
10030426
10030432
10030444
10030452
10030464
10030474
10030482
10030494
10030506
10030512
10030524
10030532
10030544
10030554
10030562
10030574
10030586
10030592
10030604
10030612
10030624
10030634
10030642
10030654
10030662
10030672
10030684
10030692
10030704
10030714
10030722
10030734
10030742
10030754
10030764
10030772
10030784
10030792
10030802
10030814
10030822
10030834
10030840
10030852
10030864
10030872
10030882
10030890
10030902
10030914
10030920
10030932
10030940
10030952
10030962
10030970
10030982
10030994
10031004
10031016
10031024
10031036
10031046
10031058
10031070
10031078
10031088
10031100
10031112
10031124
10031134
10031142
10031154
10031166
10031176
10031188
10031196
10031208
10031218
10031230
10031242
10031250
10031260
10031272
10031284
10031294
10031302
10031314
10031326
10031336
10031348
10031356
10031368
10031378
10031390
10031402
10031410
10031420
10031432
10031444
10031454
10031462
10031474
10031486
10031496
10031508
10031516
10031528
10031538
10031550
10031562
10031570
10031580
10031592
10031604
10031612
10031622
10031634
10031646
10031658
10031664
10031676
10031688
10031700
10031710
10031718
10031730
10031742
10031752
10031760
10031772
10031784
10031794
10031806
10031814
10031826
10031836
10031848
10031856
10031866
10031878
10031890
10031898
10031908
10031920
10031932
10031944
10031950
10031962
10031974
10031986
10031992
10032004
10032016
10032028
10032034
10032046
10032058
10032070
10032076
10032088
10032100
10032112
10032118
10032130
10032142
10032154
10032164
10032172
10032184
10032196
10032206
10032214
10032226
10032238
10032248
10032256
10032268
10032278
10032290
10032298
10032310
10032320
10032332
10032340
10032352
10032362
10032370
10032382
10032394
10032404
10032412
10032424
10032436
10032446
10032454
10032466
10032478
10032484
10032496
10032508
10032520
10032526
10032538
10032550
10032562
10032568
10032580
10032592
10032600
10032610
10032622
10032634
10032642
10032652
10032664
10032672
10032684
10032694
10032706
10032714
10032726
10032736
10032744
10032756
10032768
10032778
10032786
10032798
10032810
10032816
10032828
10032840
10032848
10032858
10032870
10032882
10032890
10032900
10032912
10032920
10032932
10032942
10032954
10032962
10032974
10032984
10032992
10033004
10033016
10033022
10033034
10033046
10033054
10033064
10033076
10033088
10033096
10033106
10033118
10033126
10033138
10033148
10033156
10033168
10033180
10033186
10033198
10033210
10033218
10033228
10033240
10033252
10033260
10033270
10033282
10033290
10033302
10033312
10033320
10033332
10033344
10033350
10033362
10033374
10033382
10033392
10033404
10033412
10033424
10033434
10033442
10033454
10033466
10033472
10033484
10033496
10033504
10033514
10033526
10033534
10033546
10033556
10033564
10033576
10033588
10033596
10033606
10033618
10033626
10033638
10033648
10033656
10033668
10033678
10033690
10033698
10033710
10033720
10033732
10033740
10033752
10033762
10033774
10033782
10033794
10033804
10033812
10033824
10033836
10033846
10033854
10033866
10033878
10033884
10033896
10033908
10033920
10033926
10033938
10033950
10033962
10033968
10033980
10033992
10034000
10034010
10034022
10034034
10034042
10034052
10034064
10034072
10034084
10034094
10034106
10034114
10034126
10034136
10034144
10034156
10034168
10034174
10034186
10034198
10034210
10034216
10034228
10034240
10034248
10034258
10034270
10034278
10034290
10034300
10034312
10034320
10034332
10034342
10034350
10034362
10034374
10034380
10034392
10034404
10034412
10034422
10034434
10034446
10034454
10034464
10034476
10034484
10034496
10034506
10034514
10034526
10034538
10034544
10034556
10034568
10034576
10034586
10034598
10034610
10034618
10034628
10034640
10034648
10034660
10034670
10034678
10034690
10034702
10034708
10034720
10034732
10034740
10034750
10034762
10034770
10034782
10034792
10034800
10034812
10034824
10034832
10034842
10034854
10034862
10034872
10034884
10034892
10034904
10034914
10034922
10034934
10034946
10034954
10034964
10034972
10034984
10034996
10035002
10035014
10035022
10035034
10035040
10035052
10035064
10035072
10035082
10035090
10035102
10035110
10035120
10035132
10035140
10035152
10035160
10035170
10035178
10035190
10035198
10035208
10035220
10035228
10035240
10035246
10035258
10035266
10035278
10035284
10035296
10035308
10035316
10035326
10035334
10035346
10035354
10035366
10035372
10035384
10035396
10035404
10035414
10035422
10035434
10035442
10035452
10035460
10035472
10035480
10035490
10035502
10035510
10035522
10035530
10035540
10035548
10035560
10035568
10035578
10035586
10035598
10035606
10035616
10035628
10035636
10035648
10035654
10035666
10035674
10035686
10035694
10035704
10035712
10035724
10035732
10035742
10035750
10035762
10035770
10035780
10035792
10035800
10035812
10035820
10035830
10035838
10035850
10035858
10035868
10035876
10035888
10035896
10035906
10035914
10035926
10035934
10035944
10035952
10035964
10035972
10035984
10035990
10036002
10036010
10036022
10036028
10036040
10036048
10036060
10036066
10036078
10036086
10036098
10036106
10036116
10036128
10036136
10036148
10036154
10036166
10036174
10036186
10036192
10036204
10036212
10036224
10036230
10036242
10036250
10036262
10036272
10036280
10036292
10036300
10036312
10036322
10036330
10036342
10036350
10036360
10036368
10036380
10036392
10036398
10036410
10036418
10036430
10036436
10036448
10036456
10036468
10036478
10036486
10036498
10036506
10036518
10036524
10036536
10036548
10036556
10036566
10036574
10036586
10036594
10036604
10036612
10036624
10036636
10036642
10036654
10036662
10036674
10036682
10036692
10036700
10036712
10036724
10036730
10036742
10036750
10036762
10036768
10036780
10036788
10036800
10036808
10036818
10036830
10036838
10036848
10036856
10036868
10036876
10036888
10036894
10036906
10036914
10036926
10036932
10036944
10036956
10036964
10036974
10036982
10036994
10037002
10037014
10037020
10037032
10037040
10037052
10037058
10037070
10037078
10037090
10037100
10037108
10037120
10037128
10037138
10037146
10037158
10037166
10037178
10037184
10037196
10037204
10037216
10037222
10037234
10037242
10037254
10037260
10037272
10037280
10037292
10037300
10037310
10037322
10037330
10037342
10037348
10037360
10037368
10037380
10037386
10037398
10037406
10037418
10037424
10037436
10037444
10037456
10037464
10037474
10037482
10037494
10037502
10037512
10037520
10037532
10037540
10037550
10037558
10037570
10037578
10037590
10037596
10037608
10037616
10037628
10037634
10037646
10037654
10037666
10037672
10037684
10037692
10037704
10037712
10037718
10037730
10037738
10037750
10037756
10037768
10037776
10037788
10037796
10037806
10037814
10037826
10037834
10037844
10037852
10037864
10037872
10037882
10037890
10037902
10037910
10037920
10037928
10037936
10037948
10037956
10037966
10037974
10037986
10037994
10038004
10038012
10038024
10038032
10038042
10038050
10038062
10038070
10038082
10038088
10038096
10038108
10038116
10038126
10038134
10038146
10038154
10038166
10038172
10038184
10038192
10038204
10038210
10038218
10038230
10038238
10038248
10038256
10038268
10038276
10038288
10038294
10038302
10038314
10038322
10038332
10038340
10038352
10038360
10038372
10038378
10038390
10038398
10038406
10038416
10038424
10038436
10038444
10038454
10038462
10038474
10038482
10038490
10038500
10038508
10038520
10038528
10038538
10038546
10038554
10038566
10038574
10038584
10038592
10038604
10038612
10038618
10038630
10038638
10038650
10038658
10038668
10038676
10038688
10038696
10038702
10038714
10038722
10038734
10038742
10038752
10038760
10038772
10038780
10038786
10038798
10038806
10038818
10038824
10038836
10038844
10038852
10038864
10038870
10038882
10038890
10038902
10038908
10038920
10038928
10038936
10038948
10038954
10038966
10038974
10038986
10038992
10039000
10039012
10039020
10039030
10039038
10039046
10039058
10039066
10039076
10039084
10039096
10039104
10039112
10039122
10039130
10039142
10039150
10039160
10039168
10039176
10039188
10039196
10039206
10039214
10039222
10039234
10039240
10039252
10039260
10039268
10039278
10039286
10039298
10039306
10039318
10039324
10039332
10039344
10039352
10039362
10039370
10039378
10039390
10039398
10039408
10039416
10039424
10039436
10039442
10039454
10039462
10039470
10039482
10039488
10039500
10039508
10039516
10039526
10039534
10039546
10039554
10039562
10039572
10039580
10039588
10039600
10039608
10039618
10039626
10039634
10039646
10039652
10039664
10039672
10039680
10039690
10039698
10039706
10039718
10039726
10039736
10039744
10039752
10039764
10039772
10039782
10039790
10039798
10039810
10039816
10039824
10039836
10039844
10039852
10039858
10039870
10039878
10039886
10039896
10039904
10039912
10039920
10039932
10039938
10039946
10039954
10039966
10039974
10039980
10039988
10040000
10040008
10040016
10040026
10040034
10040042
10040050
10040060
10040068
10040076
10040084
10040096
10040102
10040110
10040118
10040130
10040138
10040144
10040152
10040164
10040172
10040180
10040186
10040198
10040206
10040214
10040222
10040232
10040240
10040248
10040256
10040266
10040274
10040282
10040290
10040302
10040308
10040316
10040324
10040336
10040344
10040350
10040358
10040370
10040378
10040386
10040392
10040404
10040412
10040420
10040428
10040438
10040446
10040454
10040462
10040470
10040480
10040488
10040496
10040504
10040514
10040522
10040530
10040538
10040550
10040556
10040564
10040572
10040584
10040592
10040598
10040606
10040614
10040626
10040634
10040640
10040648
10040660
10040668
10040676
10040682
10040690
10040702
10040710
10040718
10040724
10040736
10040744
10040752
10040760
10040766
10040778
10040786
10040794
10040802
10040808
10040820
10040828
10040836
10040842
10040854
10040862
10040870
10040878
10040884
10040896
10040904
10040912
10040924
10040930
10040942
10040950
10040962
10040968
10040980
10040988
10041000
10041006
10041018
10041026
10041038
10041046
10041056
10041064
10041076
10041084
10041094
10041102
10041114
10041122
10041132
10041140
10041152
10041160
10041172
10041178
10041190
10041198
10041210
10041216
10041228
10041236
10041248
10041254
10041266
10041274
10041286
10041294
10041304
10041312
10041324
10041332
10041338
10041350
10041358
10041370
10041378
10041388
10041396
10041408
10041416
10041426
10041434
10041446
10041454
10041464
10041472
10041484
10041492
10041502
10041510
10041522
10041530
10041542
10041548
10041560
10041568
10041576
10041586
10041594
10041606
10041614
10041624
10041632
10041644
10041652
10041664
10041670
10041682
10041690
10041702
10041708
10041716
10041728
10041736
10041748
10041754
10041766
10041774
10041786
10041792
10041804
10041812
10041824
10041830
10041838
10041850
10041858
10041870
10041876
10041888
10041896
10041908
10041914
10041926
10041934
10041942
10041954
10041960
10041972
10041980
10041992
10041998
10042010
10042018
10042026
10042036
10042044
10042056
10042064
10042076
10042082
10042094
10042102
10042110
10042120
10042128
10042136
10042144
10042152
10042160
10042170
10042178
10042186
10042194
10042200
10042208
10042216
10042224
10042232
10042240
10042250
10042258
10042266
10042274
10042282
10042288
10042296
10042304
10042312
10042320
10042326
10042338
10042346
10042354
10042362
10042368
10042376
10042384
10042392
10042400
10042406
10042414
10042422
10042434
10042442
10042448
10042456
10042464
10042472
10042480
10042488
10042494
10042502
10042510
10042518
10042530
10042536
10042544
10042552
10042560
10042568
10042574
10042582
10042590
10042598
10042606
10042612
10042620
10042632
10042640
10042648
10042654
10042662
10042670
10042678
10042686
10042694
10042700
10042708
10042716
10042724
10042732
10042738
10042750
10042758
10042766
10042774
10042780
10042788
10042796
10042804
10042812
10042818
10042826
10042834
10042842
10042850
10042858
10042864
10042872
10042884
10042892
10042900
10042906
10042914
10042922
10042930
10042938
10042944
10042952
10042960
10042968
10042976
10042984
10042990
10042998
10043006
10043014
10043022
10043028
10043040
10043048
10043056
10043064
10043070
10043078
10043086
10043094
10043102
10043108
10043116
10043124
10043132
10043140
10043150
10043158
10043166
10043178
10043186
10043192
10043200
10043212
10043220
10043228
10043238
10043246
10043254
10043266
10043272
10043280
10043288
10043300
10043308
10043314
10043326
10043334
10043342
10043350
10043360
10043368
10043376
10043388
10043394
10043402
10043414
10043422
10043430
10043436
10043448
10043456
10043464
10043476
10043482
10043490
10043498
10043510
10043518
10043524
10043532
10043544
10043552
10043560
10043570
10043578
10043586
10043594
10043604
10043612
10043620
10043632
10043640
10043646
10043654
10043666
10043674
10043682
10043688
10043700
10043708
10043716
10043726
10043734
10043742
10043750
10043762
10043768
10043776
10043784
10043796
10043804
10043810
10043818
10043830
10043838
10043846
10043852
10043864
10043872
10043880
10043888
10043898
10043906
10043914
10043926
10043932
10043940
10043948
10043960
10043968
10043974
10043982
10043994
10044002
10044010
10044016
10044028
10044036
10044044
10044052
10044062
10044070
10044078
10044086
10044096
10044104
10044112
10044120
10044128
10044138
10044146
10044154
10044162
10044174
10044180
10044188
10044196
10044208
10044216
10044222
10044230
10044242
10044250
10044258
10044264
10044272
10044280
10044288
10044296
10044302
10044314
10044322
10044330
10044338
10044344
10044352
10044360
10044368
10044376
10044386
10044394
10044402
10044410
10044418
10044424
10044432
10044440
10044448
10044460
10044466
10044474
10044482
10044490
10044498
10044506
10044512
10044520
10044528
10044540
10044548
10044554
10044562
10044570
10044578
10044586
10044592
10044600
10044608
10044616
10044628
10044634
10044642
10044650
10044658
10044666
10044672
10044680
10044688
10044696
10044704
10044714
10044722
10044730
10044738
10044746
10044754
10044760
10044768
10044776
10044784
10044792
10044798
10044810
10044818
10044826
10044834
10044840
10044848
10044856
10044864
10044872
10044878
10044886
10044894
10044902
10044910
10044920
10044928
10044936
10044944
10044952
10044960
10044966
10044974
10044982
10044990
10044998
10045004
10045012
10045020
10045032
10045040
10045046
10045054
10045062
10045070
10045078
10045084
10045092
10045100
10045108
10045116
10045124
10045130
10045138
10045146
10045154
10045166
10045172
10045180
10045188
10045196
10045204
10045210
10045218
10045226
10045234
10045242
10045248
10045256
10045264
10045276
10045284
10045290
10045298
10045306
10045314
10045326
10045332
10045340
10045348
10045356
10045364
10045374
10045382
10045390
10045398
10045406
10045412
10045420
10045432
10045440
10045448
10045454
10045462
10045470
10045482
10045490
10045496
10045504
10045512
10045520
10045528
10045538
10045546
10045554
10045562
10045570
10045578
10045584
10045596
10045604
10045612
10045618
10045626
10045634
10045642
10045654
10045660
10045668
10045676
10045684
10045692
10045700
10045710
10045718
10045726
10045734
10045742
10045748
10045756
10045768
10045776
10045782
10045790
10045798
10045806
10045814
10045822
10045832
10045840
10045848
10045856
10045864
10045870
10045878
10045886
10045898
10045906
10045912
10045920
10045928
10045936
10045944
10045950
10045962
10045970
10045978
10045986
10045992
10046000
10046008
10046016
10046028
10046034
10046042
10046050
10046058
10046066
10046072
10046080
10046088
10046100
10046108
10046114
10046122
10046130
10046138
10046146
10046154
10046160
10046172
10046180
10046188
10046194
10046202
10046210
10046218
10046226
10046234
10046240
10046252
10046260
10046268
10046276
10046282
10046290
10046298
10046306
10046314
10046320
10046328
10046336
10046344
10046352
10046360
10046366
10046374
10046382
10046390
10046398
10046404
10046412
10046420
10046428
10046436
10046442
10046450
10046458
10046466
10046474
10046482
10046488
10046496
10046504
10046512
10046520
10046526
10046534
10046542
10046550
10046558
10046566
10046572
10046580
10046588
10046596
10046604
10046610
10046618
10046626
10046634
10046642
10046648
10046656
10046664
10046672
10046680
10046688
10046694
10046702
10046710
10046718
10046726
10046732
10046740
10046748
10046756
10046764
10046772
10046778
10046786
10046794
10046802
10046810
10046816
10046824
10046832
10046840
10046848
10046854
10046862
10046870
10046878
10046886
10046894
10046900
10046908
10046916
10046924
10046932
10046938
10046946
10046954
10046962
10046970
10046976
10046984
10046992
10047000
10047008
10047016
10047022
10047030
10047038
10047042
10047050
10047058
10047064
10047072
10047080
10047088
10047096
10047102
10047110
10047118
10047126
10047134
10047142
10047148
10047156
10047164
10047172
10047180
10047186
10047194
10047202
10047210
10047218
10047224
10047232
10047240
10047244
10047252
10047260
10047266
10047274
10047282
10047290
10047298
10047308
10047316
10047324
10047332
10047340
10047348
10047354
10047362
10047370
10047378
10047386
10047392
10047400
10047408
10047416
10047424
10047430
10047438
10047446
10047454
10047462
10047470
10047476
10047484
10047492
10047500
10047508
10047514
10047522
10047530
10047538
10047546
10047554
10047560
10047568
10047576
10047584
10047592
10047598
10047606
10047614
10047622
10047630
10047636
10047644
10047652
10047660
10047668
10047676
10047682
10047690
10047698
10047706
10047714
10047720
10047728
10047736
10047744
10047752
10047760
10047766
10047774
10047782
10047790
10047798
10047804
10047812
10047820
10047828
10047836
10047842
10047850
10047858
10047866
10047874
10047882
10047888
10047896
10047904
10047908
10047916
10047924
10047930
10047938
10047946
10047954
10047962
10047968
10047976
10047984
10047992
10048000
10048006
10048014
10048022
10048030
10048038
10048046
10048052
10048060
10048068
10048076
10048084
10048090
10048098
10048106
10048114
10048122
10048130
10048136
10048144
10048152
10048160
10048164
10048170
10048178
10048186
10048194
10048202
10048210
10048216
10048224
10048232
10048240
10048248
10048252
10048258
10048266
10048270
10048278
10048286
10048294
10048296
10048304
10048312
10048316
10048324
10048332
10048338
10048342
10048350
10048358
10048362
10048370
10048376
10048384
10048388
10048396
10048404
10048408
10048416
10048422
10048430
10048434
10048442
10048450
10048454
10048460
10048468
10048476
10048480
10048488
10048496
10048500
10048506
10048514
10048518
10048526
10048534
10048542
10048544
10048552
10048560
10048564
10048572
10048580
10048582
10048590
10048598
10048606
10048610
10048618
10048624
10048628
10048636
10048644
10048648
10048656
10048664
10048666
10048674
10048682
10048690
10048694
10048702
10048708
10048712
10048720
10048728
10048732
10048740
10048748
10048750
10048758
10048766
10048770
10048778
10048786
10048788
10048796
10048804
10048812
10048816
10048824
10048830
10048834
10048842
10048850
10048854
10048862
10048870
10048872
10048880
10048888
10048892
10048900
10048908
10048912
10048918
10048926
10048930
10048938
10048946
10048950
10048956
10048964
10048968
10048976
10048984
10048988
10048994
10049002
10049006
10049014
10049022
10049026
10049034
10049040
10049044
10049052
10049060
10049068
10049076
10049078
10049086
10049094
10049102
10049110
10049118
10049124
10049132
10049140
10049148
10049156
10049162
10049166
10049174
10049182
10049190
10049198
10049204
10049212
10049220
10049228
10049236
10049242
10049246
10049254
10049262
10049270
10049278
10049284
10049292
10049300
10049308
10049316
10049320
10049326
10049334
10049342
10049350
10049358
10049364
10049372
10049380
10049388
10049392
10049400
10049406
10049414
10049422
10049430
10049438
10049446
10049452
10049460
10049464
10049472
10049480
10049488
10049494
10049502
10049510
10049518
10049526
10049530
10049536
10049544
10049552
10049560
10049568
10049574
10049582
10049590
10049594
10049602
10049610
10049616
10049624
10049632
10049640
10049648
10049652
10049658
10049666
10049674
10049682
10049690
10049696
10049704
10049708
10049716
10049724
10049732
10049738
10049746
10049754
10049762
10049766
10049774
10049780
10049788
10049796
10049804
10049812
10049818
10049822
10049830
10049838
10049846
10049854
10049860
10049868
10049872
10049880
10049888
10049896
10049902
10049910
10049918
10049922
10049930
10049938
10049944
10049952
10049960
10049968
10049972
10049980
10049986
10049994
10050002
10050006
10050014
10050022
10050024
10050032
10050040
10050048
10050052
10050060
10050066
10050070
10050078
10050086
10050094
10050098
10050106
10050112
10050120
10050124
10050132
10050140
10050144
10050150
10050158
10050166
10050170
10050178
10050186
10050188
10050196
10050204
10050208
10050216
10050224
10050230
10050234
10050242
10050250
10050254
10050262
10050270
10050276
10050280
10050288
10050296
10050300
10050308
10050314
10050318
10050326
10050334
10050342
10050346
10050354
10050360
10050364
10050372
10050380
10050384
10050392
10050398
10050406
10050410
10050418
10050426
10050430
10050436
10050444
10050448
10050456
10050464
10050472
10050476
10050482
10050490
10050494
10050502
10050510
10050514
10050520
10050528
10050532
10050540
10050548
10050552
10050558
10050566
10050574
10050578
10050586
10050594
10050598
10050604
10050612
10050616
10050624
10050632
10050636
10050642
10050650
10050654
10050662
10050670
10050674
10050682
10050688
10050692
10050700
10050708
10050712
10050720
10050726
10050730
10050738
10050746
10050750
10050758
10050764
10050768
10050776
10050784
10050788
10050796
10050804
10050806
10050814
10050822
10050830
10050834
10050842
10050848
10050852
10050860
10050868
10050872
10050880
10050888
10050894
10050898
10050906
10050914
10050918
10050926
10050932
10050936
10050944
10050952
10050956
10050964
10050970
10050974
10050982
10050990
10050998
10051002
10051010
10051016
10051020
10051028
10051036
10051040
10051048
10051054
10051058
10051066
10051074
10051078
10051086
10051094
10051096
10051104
10051112
10051116
10051124
10051132
10051136
10051142
10051150
10051158
10051162
10051170
10051176
10051180
10051188
10051196
10051200
10051208
10051216
10051218
10051226
10051234
10051238
10051246
10051254
10051258
10051264
10051272
10051276
10051284
10051292
10051296
10051302
10051310
10051314
10051322
10051330
10051334
10051342
10051344
10051352
10051360
10051364
10051372
10051380
10051382
10051390
10051398
10051402
10051410
10051418
10051422
10051428
10051436
10051440
10051448
10051456
10051460
10051466
10051474
10051478
10051486
10051494
10051498
10051506
10051508
10051516
10051524
10051528
10051536
10051544
10051548
10051554
10051562
10051566
10051574
10051582
10051586
10051592
10051596
10051604
10051612
10051616
10051624
10051630
10051634
10051642
10051646
10051654
10051658
10051666
10051670
10051676
10051684
10051688
10051696
10051700
10051708
10051712
10051718
10051722
10051730
10051734
10051742
10051750
10051752
10051760
10051764
10051772
10051776
10051784
10051788
10051794
10051798
10051806
10051810
10051818
10051826
10051830
10051836
10051840
10051848
10051852
10051860
10051864
10051872
10051876
10051882
10051886
10051894
10051898
10051906
10051914
10051918
10051924
10051928
10051936
10051940
10051948
10051952
10051958
10051962
10051970
10051974
10051982
10051986
10051994
10051998
10052004
10052008
10052016
10052024
10052028
10052036
10052040
10052046
10052050
10052058
10052062
10052070
10052074
10052082
10052084
10052092
10052096
10052104
10052108
10052116
10052120
10052126
10052130
10052138
10052142
10052150
10052154
10052162
10052164
10052172
10052176
10052184
10052188
10052196
10052200
10052206
10052210
10052218
10052222
10052230
10052234
10052242
10052246
10052252
10052256
10052264
10052268
10052276
10052280
10052288
10052290
10052298
10052302
10052310
10052314
10052322
10052326
10052332
10052336
10052344
10052348
10052356
10052360
10052368
10052374
10052378
10052386
10052394
10052398
10052406
10052410
10052416
10052424
10052428
10052436
10052444
10052448
10052454
10052462
10052466
10052474
10052478
10052486
10052494
10052496
10052504
10052512
10052516
10052524
10052528
10052536
10052542
10052546
10052554
10052562
10052566
10052574
10052576
10052584
10052592
10052596
10052604
10052612
10052616
10052622
10052626
10052634
10052642
10052646
10052654
10052660
10052664
10052672
10052676
10052684
10052692
10052696
10052702
10052706
10052714
10052722
10052726
10052734
10052742
10052744
10052752
10052756
10052764
10052772
10052776
10052782
10052786
10052794
10052802
10052806
10052814
10052818
10052824
10052832
10052836
10052844
10052848
10052856
10052864
10052866
10052874
10052878
10052886
10052894
10052898
10052906
10052908
10052916
10052924
10052928
10052936
10052940
10052946
10052954
10052958
10052966
10052970
10052978
10052986
10052988
10052996
10053000
10053008
10053016
10053020
10053028
10053030
10053038
10053046
10053050
10053058
10053062
10053070
10053076
10053080
10053088
10053092
10053100
10053104
10053112
10053118
10053122
10053130
10053134
10053142
10053150
10053152
10053156
10053164
10053168
10053172
10053180
10053184
10053188
10053194
10053198
10053206
10053210
10053214
10053222
10053226
10053230
10053236
10053240
10053244
10053252
10053256
10053264
10053268
10053272
10053278
10053282
10053286
10053294
10053298
10053302
10053310
10053314
10053318
10053324
10053328
10053332
10053340
10053344
10053352
10053356
10053358
10053366
10053370
10053374
10053382
10053386
10053390
10053398
10053400
10053404
10053412
10053416
10053420
10053428
10053432
10053436
10053442
10053446
10053450
10053458
10053462
10053466
10053474
10053478
10053482
10053488
10053492
10053500
10053504
10053508
10053516
10053520
10053524
10053530
10053534
10053538
10053546
10053550
10053554
10053562
10053564
10053568
10053576
10053580
10053584
10053592
10053596
10053600
10053606
10053610
10053614
10053622
10053626
10053630
10053634
10053642
10053646
10053648
10053656
10053660
10053664
10053672
10053676
10053680
10053688
10053690
10053694
10053702
10053706
10053710
10053718
10053722
10053726
10053732
10053736
10053740
10053748
10053752
10053756
10053764
10053768
10053770
10053774
10053782
10053786
10053790
10053798
10053802
10053810
10053812
10053816
10053824
10053828
10053836
10053840
10053848
10053852
10053858
10053862
10053870
10053874
10053882
10053886
10053894
10053896
10053904
10053908
10053912
10053920
10053924
10053932
10053936
10053942
10053946
10053954
10053958
10053966
10053970
10053976
10053980
10053988
10053992
10053996
10054004
10054008
10054016
10054018
10054026
10054030
10054038
10054042
10054050
10054054
10054060
10054064
10054068
10054076
10054080
10054088
10054092
10054100
10054102
10054110
10054114
10054118
10054126
10054130
10054138
10054140
10054148
10054152
10054160
10054164
10054172
10054176
10054180
10054186
10054190
10054198
10054202
10054210
10054214
10054222
10054224
10054228
10054236
10054240
10054248
10054252
10054260
10054264
10054270
10054274
10054278
10054286
10054290
10054298
10054302
10054308
10054312
10054316
10054324
10054328
10054336
10054340
10054346
10054350
10054358
10054362
10054366
10054374
10054378
10054386
10054388
10054396
10054400
10054404
10054412
10054416
10054424
10054428
10054434
10054438
10054442
10054450
10054454
10054462
10054466
10054470
10054476
10054480
10054488
10054492
10054500
10054504
10054508
10054514
10054518
10054526
10054530
10054534
10054542
10054546
10054550
10054556
10054560
10054568
10054572
10054576
10054584
10054588
10054592
10054598
10054602
10054606
10054614
10054618
10054626
10054630
10054634
10054640
10054644
10054648
10054656
10054660
10054664
10054672
10054676
10054678
10054686
10054690
10054698
10054702
10054706
10054714
10054718
10054720
10054728
10054732
10054736
10054744
10054748
10054752
10054758
10054762
10054766
10054774
10054778
10054782
10054790
10054794
10054800
10054804
10054808
10054816
10054820
10054824
10054832
10054836
10054840
10054846
10054850
10054854
10054862
10054866
10054870
10054878
10054882
10054884
10054892
10054896
10054900
10054908
10054912
10054916
10054924
10054926
10054930
10054938
10054942
10054946
10054954
10054958
10054962
10054968
10054972
10054976
10054984
10054988
10054992
10055000
10055004
10055006
10055014
10055018
10055022
10055030
10055034
10055038
10055046
10055048
10055052
10055060
10055064
10055068
10055076
10055080
10055084
10055090
10055094
10055098
10055106
10055110
10055114
10055122
10055126
10055130
10055136
10055140
10055144
10055148
10055156
10055160
10055164
10055170
10055174
10055178
10055182
10055186
10055190
10055198
10055202
10055206
10055210
10055212
10055216
10055220
10055228
10055232
10055236
10055240
10055244
10055248
10055252
10055258
10055262
10055266
10055270
10055274
10055278
10055286
10055290
10055294
10055296
10055300
10055304
10055308
10055316
10055320
10055324
10055328
10055332
10055334
10055338
10055346
10055350
10055354
10055358
10055362
10055366
10055370
10055376
10055380
10055384
10055388
10055392
10055396
10055400
10055404
10055412
10055416
10055418
10055422
10055426
10055430
10055434
10055442
10055446
10055450
10055454
10055458
10055460
10055464
10055468
10055476
10055480
10055484
10055488
10055492
10055496
10055500
10055506
10055510
10055514
10055518
10055522
10055526
10055530
10055534
10055540
10055544
10055548
10055552
10055556
10055560
10055564
10055568
10055572
10055580
10055582
10055586
10055590
10055594
10055598
10055602
10055606
10055614
10055618
10055622
10055624
10055628
10055632
10055636
10055640
10055644
10055652
10055656
10055660
10055664
10055666
10055670
10055674
10055678
10055686
10055690
10055694
10055698
10055702
10055706
10055708
10055712
10055716
10055724
10055728
10055732
10055736
10055740
10055744
10055746
10055750
10055758
10055762
10055766
10055770
10055774
10055778
10055782
10055786
10055792
10055796
10055800
10055804
10055808
10055812
10055816
10055820
10055828
10055830
10055834
10055838
10055842
10055846
10055850
10055854
10055862
10055866
10055870
10055872
10055876
10055880
10055884
10055888
10055896
10055900
10055904
10055908
10055912
10055914
10055918
10055922
10055926
10055934
10055938
10055942
10055946
10055950
10055952
10055956
10055960
10055964
10055972
10055976
10055980
10055984
10055988
10055992
10055994
10055998
10056002
10056010
10056014
10056018
10056022
10056026
10056030
10056034
10056036
10056040
10056048
10056052
10056056
10056060
10056064
10056068
10056072
10056076
10056078
10056082
10056090
10056094
10056098
10056102
10056106
10056110
10056114
10056118
10056120
10056124
10056132
10056136
10056140
10056144
10056148
10056152
10056156
10056158
10056162
10056166
10056170
10056178
10056182
10056186
10056190
10056194
10056198
10056200
10056204
10056208
10056212
10056216
10056224
10056228
10056232
10056236
10056240
10056242
10056246
10056250
10056254
10056258
10056262
10056266
10056270
10056274
10056278
10056282
10056284
10056288
10056292
10056296
10056300
10056304
10056308
10056312
10056316
10056320
10056324
10056326
10056330
10056334
10056338
10056342
10056346
10056350
10056354
10056358
10056362
10056364
10056368
10056372
10056376
10056380
10056384
10056388
10056392
10056396
10056400
10056404
10056406
10056410
10056414
10056418
10056422
10056426
10056430
10056434
10056438
10056442
10056446
10056446
10056448
10056452
10056456
10056460
10056464
10056468
10056472
10056476
10056480
10056484
10056488
10056490
10056494
10056498
10056502
10056506
10056510
10056514
10056518
10056522
10056526
10056528
10056532
10056536
10056540
10056544
10056548
10056552
10056556
10056560
10056564
10056564
10056568
10056570
10056574
10056578
10056582
10056586
10056590
10056594
10056598
10056602
10056606
10056610
10056612
10056616
10056620
10056624
10056628
10056632
10056636
10056640
10056644
10056648
10056652
10056652
10056654
10056658
10056662
10056666
10056670
10056674
10056678
10056682
10056686
10056690
10056694
10056696
10056700
10056704
10056708
10056712
10056716
10056720
10056724
10056724
10056728
10056732
10056734
10056738
10056742
10056750
10056754
10056758
10056762
10056766
10056770
10056774
10056776
10056780
10056784
10056788
10056792
10056796
10056800
10056804
10056808
10056812
10056816
10056818
10056822
10056826
10056830
10056834
10056838
10056842
10056846
10056850
10056854
10056858
10056860
10056864
10056868
10056872
10056876
10056880
10056888
10056892
10056896
10056900
10056902
10056906
10056910
10056914
10056918
10056922
10056926
10056930
10056934
10056938
10056940
10056944
10056948
10056952
10056956
10056960
10056964
10056968
10056972
10056976
10056980
10056982
10056986
10056990
10056994
10056998
10057002
10057006
10057010
10057014
10057018
10057022
10057024
10057028
10057032
10057036
10057040
10057044
10057048
10057052
10057056
10057060
10057064
10057066
10057070
10057074
10057078
10057082
10057086
10057090
10057094
10057098
10057102
10057106
10057108
10057112
10057116
10057120
10057124
10057128
10057132
10057136
10057140
10057144
10057146
10057150
10057154
10057158
10057162
10057166
10057170
10057174
10057178
10057182
10057186
10057188
10057192
10057196
10057200
10057204
10057208
10057212
10057216
10057220
10057224
10057228
10057230
10057234
10057238
10057238
10057242
10057246
10057250
10057254
10057258
10057262
10057262
10057266
10057270
10057272
10057276
10057280
10057284
10057284
10057288
10057292
10057296
10057300
10057304
10057308
10057312
10057312
10057314
10057318
10057322
10057326
10057330
10057330
10057334
10057338
10057342
10057346
10057350
10057352
10057352
10057356
10057360
10057364
10057368
10057372
10057376
10057376
10057380
10057384
10057388
10057392
10057394
10057398
10057398
10057402
10057406
10057410
10057414
10057418
10057418
10057422
10057426
10057430
10057434
10057436
10057440
10057440
10057444
10057448
10057452
10057456
10057460
10057460
10057464
10057468
10057472
10057476
10057478
10057478
10057482
10057486
10057490
10057494
10057498
10057498
10057502
10057506
10057510
10057514
10057518
10057518
10057520
10057524
10057528
10057532
10057536
10057536
10057540
10057544
10057548
10057552
10057556
10057556
10057558
10057562
10057566
10057570
10057574
10057574
10057578
10057582
10057586
10057590
10057594
10057594
10057598
10057600
10057604
10057608
10057612
10057612
10057616
10057620
10057624
10057628
10057628
10057632
10057636
10057640
10057642
10057646
10057646
10057650
10057654
10057658
10057662
10057666
10057670
10057670
10057674
10057678
10057682
10057684
10057688
10057688
10057692
10057696
10057700
10057704
10057708
10057712
10057712
10057716
10057720
10057722
10057726
10057730
10057730
10057734
10057738
10057742
10057746
10057750
10057750
10057754
10057758
10057762
10057764
10057768
10057768
10057772
10057776
10057780
10057784
10057788
10057788
10057792
10057796
10057800
10057804
10057806
10057806
10057810
10057814
10057818
10057822
10057822
10057826
10057830
10057834
10057838
10057842
10057842
10057846
10057848
10057852
10057856
10057860
10057860
10057864
10057868
10057872
10057876
10057876
10057880
10057884
10057888
10057890
10057894
10057894
10057898
10057902
10057906
10057910
10057914
10057914
10057918
10057922
10057926
10057928
10057928
10057932
10057936
10057940
10057944
10057944
10057948
10057952
10057956
10057960
10057964
10057964
10057968
10057970
10057974
10057978
10057978
10057982
10057986
10057990
10057994
10057994
10057998
10058002
10058006
10058010
10058010
10058012
10058016
10058020
10058024
10058028
10058028
10058032
10058036
10058040
10058044
10058044
10058048
10058052
10058052
10058054
10058058
10058058
10058062
10058066
10058070
10058070
10058074
10058078
10058078
10058082
10058086
10058086
10058090
10058094
10058094
10058096
10058100
10058104
10058104
10058108
10058112
10058112
10058116
10058120
10058120
10058124
10058128
10058128
10058132
10058134
10058138
10058138
10058142
10058146
10058146
10058150
10058154
10058154
10058158
10058162
10058162
10058166
10058170
10058170
10058174
10058176
10058176
10058180
10058184
10058188
10058188
10058192
10058196
10058196
10058200
10058204
10058204
10058208
10058212
10058212
10058216
10058218
10058218
10058222
10058226
10058226
10058230
10058234
10058234
10058238
10058242
10058242
10058246
10058250
10058250
10058254
10058258
10058258
10058260
10058264
10058268
10058268
10058272
10058276
10058276
10058280
10058284
10058284
10058288
10058292
10058292
10058296
10058300
10058300
10058302
10058306
10058306
10058310
10058314
10058314
10058318
10058322
10058322
10058326
10058330
10058330
10058334
10058338
10058338
10058340
10058344
10058344
10058348
10058352
10058352
10058356
10058360
10058360
10058364
10058364
10058368
10058372
10058376
10058376
10058380
10058382
10058382
10058386
10058390
10058394
10058394
10058398
10058402
10058406
10058406
10058410
10058414
10058414
10058418
10058422
10058424
10058424
10058428
10058432
10058432
10058436
10058440
10058444
10058444
10058448
10058452
10058452
10058456
10058460
10058464
10058464
10058466
10058470
10058474
10058474
10058478
10058482
10058482
10058486
10058490
10058494
10058494
10058498
10058502
10058502
10058506
10058508
10058508
10058512
10058516
10058520
10058520
10058524
10058528
10058528
10058532
10058536
10058540
10058540
10058544
10058546
10058546
10058550
10058554
10058558
10058558
10058562
10058566
10058566
10058570
10058574
10058574
10058578
10058582
10058586
10058586
10058588
10058592
10058592
10058596
10058600
10058600
10058604
10058608
10058612
10058612
10058616
10058620
10058620
10058624
10058628
10058628
10058630
10058634
10058638
10058638
10058642
10058646
10058646
10058650
10058654
10058654
10058658
10058662
10058666
10058666
10058670
10058672
10058672
10058676
10058680
10058680
10058684
10058688
10058688
10058692
10058696
10058700
10058700
10058704
10058708
10058708
10058712
10058714
10058714
10058718
10058718
10058722
10058722
10058726
10058726
10058730
10058734
10058734
10058738
10058738
10058742
10058742
10058746
10058746
10058750
10058750
10058752
10058752
10058756
10058756
10058760
10058760
10058764
10058764
10058768
10058772
10058772
10058776
10058776
10058780
10058780
10058784
10058784
10058788
10058788
10058792
10058792
10058794
10058794
10058798
10058798
10058802
10058802
10058806
10058806
10058810
10058810
10058814
10058814
10058818
10058818
10058822
10058826
10058826
10058830
10058830
10058834
10058834
10058836
10058836
10058840
10058840
10058844
10058844
10058848
10058848
10058852
10058852
10058856
10058856
10058860
10058860
10058864
10058864
10058868
10058868
10058872
10058872
10058876
10058876
10058878
10058878
10058882
10058882
10058886
10058886
10058890
10058890
10058894
10058894
10058898
10058898
10058902
10058902
10058906
10058906
10058910
10058910
10058914
10058914
10058916
10058916
10058920
10058920
10058924
10058924
10058928
10058928
10058932
10058932
10058936
10058936
10058940
10058940
10058944
10058944
10058948
10058948
10058952
10058952
10058956
10058956
10058958
10058958
10058962
10058962
10058966
10058966
10058970
10058974
10058974
10058978
10058982
10058982
10058986
10058990
10058990
10058994
10058998
10058998
10059000
10059004
10059004
10059008
10059012
10059012
10059016
10059020
10059020
10059024
10059028
10059028
10059032
10059036
10059036
10059040
10059042
10059042
10059046
10059050
10059050
10059054
10059054
10059058
10059062
10059062
10059066
10059070
10059070
10059074
10059078
10059078
10059082
10059084
10059084
10059088
10059092
10059092
10059096
10059100
10059100
10059104
10059104
10059108
10059112
10059112
10059116
10059120
10059120
10059122
10059126
10059126
10059130
10059134
10059134
10059138
10059142
10059142
10059146
10059146
10059150
10059154
10059154
10059158
10059162
10059162
10059164
10059168
10059168
10059172
10059172
10059176
10059180
10059180
10059184
10059188
10059188
10059192
10059196
10059196
10059200
10059204
10059204
10059206
10059206
10059210
10059214
10059214
10059218
10059222
10059222
10059226
10059226
10059230
10059234
10059234
10059238
10059242
10059242
10059246
10059248
10059248
10059252
10059252
10059256
10059260
10059260
10059264
10059268
10059268
10059272
10059272
10059276
10059280
10059280
10059284
10059284
10059284
10059284
10059288
10059288
10059288
10059288
10059290
10059290
10059290
10059290
10059294
10059294
10059294
10059298
10059298
10059298
10059298
10059302
10059302
10059302
10059302
10059306
10059306
10059306
10059306
10059310
10059310
10059310
10059310
10059314
10059314
10059314
10059318
10059318
10059318
10059318
10059322
10059322
10059322
10059322
10059326
10059326
10059326
10059326
10059328
10059328
10059328
10059328
10059332
10059332
10059332
10059332
10059336
10059336
10059336
10059336
10059340
10059340
10059340
10059340
10059344
10059344
10059344
10059344
10059348
10059348
10059348
10059348
10059352
10059352
10059352
10059352
10059356
10059356
10059356
10059356
10059360
10059360
10059360
10059360
10059364
10059364
10059364
10059364
10059368
10059368
10059368
10059368
10059370
10059370
10059370
10059370
10059374
10059374
10059374
10059374
10059378
10059378
10059378
10059378
10059378
10059382
10059382
10059382
10059382
10059386
10059386
10059386
10059386
10059390
10059390
10059390
10059390
10059394
10059394
10059394
10059394
10059398
10059398
10059398
10059398
10059402
10059402
10059402
10059402
10059402
10059406
10059406
10059406
10059410
10059410
10059412
10059412
10059412
10059416
10059416
10059416
10059420
10059420
10059420
10059424
10059424
10059424
10059428
10059428
10059428
10059432
10059432
10059432
10059436
10059436
10059436
10059440
10059440
10059444
10059444
10059444
10059448
10059448
10059448
10059452
10059452
10059452
10059454
10059454
10059454
10059458
10059458
10059458
10059462
10059462
10059462
10059466
10059466
10059466
10059470
10059470
10059470
10059474
10059474
10059474
10059478
10059478
10059478
10059482
10059482
10059482
10059486
10059486
10059486
10059490
10059490
10059490
10059494
10059494
10059494
10059496
10059496
10059496
10059500
10059500
10059500
10059504
10059504
10059504
10059508
10059508
10059508
10059512
10059512
10059512
10059516
10059516
10059516
10059520
10059520
10059520
10059524
10059524
10059524
10059528
10059528
10059528
10059532
10059532
10059532
10059534
10059534
10059534
10059538
10059538
10059538
10059542
10059542
10059542
10059546
10059546
10059546
10059550
10059550
10059550
10059550
10059554
10059554
10059554
10059558
10059558
10059558
10059562
10059562
10059562
10059566
10059566
10059566
10059570
10059570
10059570
10059570
10059570
10059574
10059574
10059574
10059574
10059576
10059576
10059576
10059576
10059580
10059580
10059580
10059580
10059580
10059584
10059584
10059584
10059584
10059588
10059588
10059588
10059588
10059588
10059592
10059592
10059592
10059592
10059596
10059596
10059596
10059596
10059596
10059600
10059600
10059600
10059600
10059604
10059604
10059604
10059604
10059604
10059608
10059608
10059608
10059608
10059608
10059612
10059612
10059612
10059612
10059616
10059616
10059616
10059616
10059616
10059618
10059618
10059618
10059618
10059618
10059622
10059622
10059622
10059622
10059626
10059626
10059626
10059626
10059626
10059630
10059630
10059630
10059630
10059630
10059634
10059634
10059634
10059634
10059638
10059638
10059638
10059638
10059638
10059642
10059642
10059642
10059642
10059642
10059646
10059646
10059646
10059646
10059646
10059650
10059650
10059650
10059650
10059650
10059654
10059654
10059654
10059654
10059654
10059658
10059658
10059658
10059658
10059658
10059660
10059660
10059660
10059660
10059660
10059664
10059664
10059664
10059664
10059664
10059668
10059668
10059668
10059668
10059668
10059672
10059672
10059672
10059672
10059676
10059676
10059676
10059680
10059680
10059680
10059680
10059684
10059684
10059684
10059684
10059688
10059688
10059688
10059688
10059692
10059692
10059692
10059692
10059696
10059696
10059696
10059700
10059700
10059700
10059700
10059702
10059702
10059702
10059702
10059706
10059706
10059706
10059706
10059710
10059710
10059710
10059710
10059714
10059714
10059714
10059714
10059718
10059718
10059718
10059718
10059722
10059722
10059722
10059722
10059726
10059726
10059726
10059730
10059730
10059730
10059730
10059734
10059734
10059734
10059734
10059738
10059738
10059738
10059738
10059740
10059740
10059740
10059740
10059744
10059744
10059744
10059744
10059748
10059748
10059748
10059748
10059752
10059752
10059752
10059752
10059752
10059756
10059756
10059756
10059756
10059760
10059760
10059760
10059760
10059764
10059764
10059764
10059764
10059768
10059768
10059768
10059768
10059772
10059772
10059772
10059772
10059776
10059776
10059776
10059776
10059780
10059780
10059780
10059780
10059782
10059782
10059782
10059782
10059786
10059786
10059786
10059786
10059786
10059790
10059790
10059790
10059790
10059794
10059794
10059794
10059794
10059794
10059790
10059790
10059790
10059790
10059790
10059790
10059790
10059790
10059790
10059790
10059786
10059786
10059786
10059786
10059786
10059786
10059786
10059786
10059786
10059782
10059782
10059782
10059782
10059782
10059782
10059782
10059782
10059782
10059780
10059780
10059780
10059780
10059780
10059780
10059780
10059780
10059780
10059780
10059776
10059776
10059776
10059776
10059776
10059776
10059776
10059776
10059776
10059772
10059772
10059772
10059772
10059772
10059772
10059772
10059772
10059768
10059768
10059768
10059768
10059768
10059768
10059768
10059768
10059768
10059764
10059764
10059764
10059764
10059764
10059764
10059764
10059764
10059764
10059760
10059760
10059760
10059760
10059760
10059760
10059760
10059760
10059756
10059756
10059756
10059756
10059756
10059756
10059756
10059756
10059756
10059752
10059752
10059752
10059752
10059752
10059752
10059752
10059752
10059748
10059748
10059748
10059748
10059748
10059748
10059748
10059748
10059744
10059744
10059744
10059744
10059744
10059744
10059744
10059744
10059740
10059740
10059740
10059740
10059740
10059740
10059740
10059740
10059738
10059738
10059738
10059738
10059740
10059740
10059740
10059740
10059740
10059740
10059744
10059744
10059744
10059744
10059744
10059744
10059748
10059748
10059748
10059748
10059748
10059748
10059752
10059752
10059752
10059752
10059752
10059752
10059756
10059756
10059756
10059756
10059756
10059756
10059760
10059760
10059760
10059760
10059760
10059760
10059764
10059764
10059764
10059764
10059764
10059764
10059768
10059768
10059768
10059768
10059768
10059768
10059772
10059772
10059772
10059772
10059772
10059772
10059776
10059776
10059776
10059776
10059776
10059776
10059780
10059780
10059780
10059780
10059780
10059780
10059782
10059782
10059782
10059782
10059782
10059782
10059782
10059786
10059786
10059786
10059786
10059786
10059786
10059790
10059790
10059790
10059790
10059790
10059790
10059790
10059794
10059794
10059794
10059794
10059794
10059794
10059798
10059798
10059798
10059798
10059798
10059798
10059798
10059802
10059802
10059802
10059802
10059802
10059802
10059806
10059806
10059806
10059806
10059806
10059806
10059806
10059810
10059810
10059810
10059810
10059810
10059810
10059810
10059814
10059814
10059814
10059814
10059814
10059814
10059814
10059818
10059818
10059814
10059814
10059814
10059814
10059814
10059814
10059814
10059810
10059810
10059810
10059810
10059810
10059810
10059810
10059806
10059806
10059806
10059806
10059806
10059806
10059806
10059802
10059802
10059802
10059802
10059802
10059802
10059802
10059798
10059798
10059798
10059798
10059798
10059798
10059798
10059794
10059794
10059794
10059794
10059794
10059794
10059794
10059790
10059790
10059790
10059790
10059790
10059790
10059786
10059786
10059786
10059786
10059786
10059786
10059786
10059782
10059782
10059782
10059782
10059782
10059782
10059782
10059780
10059780
10059780
10059780
10059780
10059780
10059776
10059776
10059776
10059776
10059776
10059776
10059776
10059772
10059772
10059772
10059772
10059772
10059772
10059772
10059768
10059768
10059768
10059768
10059768
10059768
10059764
10059764
10059764
10059764
10059764
10059764
10059764
10059760
10059760
10059760
10059760
10059760
10059760
10059756
10059756
10059756
10059756
10059756
10059756
10059752
10059752
10059752
10059752
10059752
10059752
10059752
10059748
10059748
10059748
10059748
10059748
10059748
10059744
10059744
10059744
10059744
10059744
10059744
10059740
10059740
10059740
10059740
10059740
10059738
10059738
10059738
10059738
10059734
10059734
10059734
10059734
10059734
10059730
10059730
10059730
10059730
10059726
10059726
10059726
10059726
10059726
10059722
10059722
10059722
10059722
10059718
10059718
10059718
10059718
10059718
10059714
10059714
10059714
10059714
10059710
10059710
10059710
10059710
10059710
10059706
10059706
10059706
10059706
10059702
10059702
10059702
10059702
10059702
10059700
10059700
10059700
10059700
10059696
10059696
10059696
10059696
10059696
10059692
10059692
10059692
10059692
10059688
10059688
10059688
10059688
10059684
10059684
10059684
10059684
10059684
10059680
10059680
10059680
10059680
10059676
10059676
10059676
10059676
10059672
10059672
10059672
10059672
10059672
10059668
10059668
10059668
10059668
10059664
10059664
10059664
10059664
10059660
10059660
10059660
10059660
10059660
10059658
10059658
10059658
10059658
10059654
10059654
10059654
10059654
10059650
10059650
10059650
10059650
10059646
10059646
10059646
10059646
10059646
10059642
10059642
10059642
10059642
10059638
10059638
10059638
10059638
10059634
10059634
10059634
10059634
10059630
10059630
10059630
10059630
10059626
10059626
10059626
10059622
10059622
10059622
10059622
10059618
10059618
10059618
10059616
10059616
10059616
10059612
10059612
10059612
10059612
10059608
10059608
10059608
10059604
10059604
10059604
10059604
10059600
10059600
10059600
10059596
10059596
10059596
10059592
10059592
10059592
10059592
10059588
10059588
10059588
10059584
10059584
10059584
10059580
10059580
10059580
10059580
10059576
10059576
10059576
10059574
10059574
10059574
10059570
10059570
10059570
10059570
10059566
10059566
10059566
10059562
10059562
10059562
10059558
10059558
10059558
10059558
10059554
10059554
10059554
10059550
10059550
10059550
10059546
10059546
10059546
10059542
10059542
10059542
10059542
10059538
10059538
10059538
10059534
10059534
10059534
10059532
10059532
10059532
10059532
10059528
10059528
10059528
10059524
10059524
10059524
10059520
10059520
10059520
10059516
10059516
10059516
10059516
10059512
10059512
10059512
10059508
10059508
10059508
10059504
10059504
10059504
10059500
10059500
10059500
10059500
10059496
10059496
10059496
10059494
10059494
10059494
10059490
10059490
10059490
10059486
10059486
10059486
10059482
10059482
10059482
10059482
10059478
10059478
10059478
10059474
10059474
10059474
10059470
10059470
10059470
10059470
10059466
10059466
10059466
10059462
10059462
10059462
10059458
10059458
10059458
10059458
10059454
10059454
10059454
10059452
10059452
10059452
10059448
10059448
10059448
10059448
10059444
10059444
10059444
10059440
10059440
10059440
10059436
10059436
10059436
10059436
10059432
10059432
10059432
10059428
10059428
10059428
10059424
10059424
10059424
10059420
10059420
10059420
10059420
10059416
10059416
10059416
10059412
10059412
10059412
10059410
10059410
10059410
10059410
10059406
10059406
10059406
10059402
10059402
10059402
10059398
10059398
10059398
10059394
10059394
10059394
10059390
10059390
10059390
10059390
10059386
10059386
10059386
10059382
10059382
10059382
10059378
10059378
10059378
10059374
10059374
10059374
10059374
10059370
10059370
10059370
10059368
10059368
10059368
10059364
10059364
10059364
10059360
10059360
10059360
10059356
10059356
10059356
10059356
10059352
10059352
10059352
10059348
10059348
10059348
10059344
10059344
10059344
10059340
10059340
10059340
10059336
10059336
10059336
10059332
10059332
10059328
10059328
10059326
10059326
10059322
10059322
10059318
10059318
10059314
10059314
10059310
10059310
10059306
10059306
10059302
10059302
10059298
10059298
10059294
10059294
10059290
10059290
10059288
10059288
10059284
10059284
10059280
10059280
10059276
10059276
10059272
10059272
10059268
10059264
10059264
10059260
10059260
10059256
10059256
10059252
10059252
10059248
10059248
10059246
10059246
10059242
10059242
10059238
10059238
10059234
10059234
10059230
10059230
10059226
10059226
10059222
10059222
10059218
10059218
10059214
10059214
10059210
10059206
10059206
10059204
10059204
10059200
10059200
10059196
10059196
10059192
10059192
10059188
10059188
10059184
10059184
10059180
10059180
10059176
10059176
10059172
10059172
10059168
10059168
10059164
10059164
10059162
10059158
10059158
10059154
10059154
10059150
10059150
10059146
10059146
10059142
10059142
10059138
10059138
10059134
10059134
10059130
10059130
10059126
10059126
10059122
10059122
10059120
10059116
10059116
10059112
10059112
10059108
10059108
10059104
10059104
10059100
10059100
10059096
10059096
10059092
10059092
10059088
10059088
10059084
10059084
10059082
10059082
10059078
10059078
10059074
10059074
10059070
10059070
10059066
10059066
10059066
10059062
10059062
10059058
10059058
10059054
10059054
10059054
10059050
10059050
10059046
10059046
10059042
10059042
10059040
10059040
10059040
10059036
10059036
10059032
10059032
10059028
10059028
10059024
10059024
10059024
10059020
10059020
10059016
10059016
10059012
10059012
10059008
10059008
10059008
10059004
10059004
10059000
10059000
10058998
10058998
10058994
10058994
10058994
10058990
10058990
10058986
10058986
10058982
10058982
10058978
10058978
10058974
10058974
10058974
10058970
10058970
10058966
10058966
10058962
10058962
10058958
10058958
10058958
10058956
10058956
10058952
10058952
10058948
10058948
10058944
10058944
10058944
10058940
10058940
10058936
10058936
10058932
10058932
10058928
10058928
10058924
10058924
10058924
10058920
10058920
10058916
10058916
10058914
10058914
10058910
10058910
10058910
10058906
10058906
10058902
10058902
10058898
10058898
10058894
10058894
10058890
10058890
10058890
10058886
10058886
10058882
10058882
10058878
10058878
10058876
10058876
10058872
10058872
10058872
10058868
10058868
10058864
10058864
10058860
10058856
10058856
10058852
10058848
10058844
10058844
10058840
10058836
10058836
10058834
10058830
10058826
10058826
10058822
10058818
10058818
10058814
10058810
10058806
10058806
10058802
10058798
10058798
10058794
10058792
10058788
10058788
10058784
10058780
10058780
10058776
10058772
10058768
10058768
10058764
10058760
10058760
10058756
10058752
10058750
10058750
10058746
10058742
10058742
10058738
10058734
10058730
10058730
10058726
10058722
10058722
10058718
10058714
10058712
10058712
10058708
10058704
10058704
10058700
10058696
10058692
10058692
10058688
10058684
10058680
10058680
10058676
10058672
10058672
10058670
10058666
10058662
10058662
10058658
10058654
10058654
10058650
10058646
10058642
10058642
10058638
10058634
10058634
10058630
10058628
10058624
10058624
10058620
10058616
10058612
10058612
10058608
10058604
10058604
10058600
10058596
10058592
10058592
10058588
10058586
10058586
10058582
10058578
10058574
10058574
10058570
10058566
10058566
10058562
10058558
10058554
10058554
10058550
10058546
10058544
10058544
10058540
10058536
10058536
10058532
10058528
10058524
10058524
10058520
10058516
10058516
10058512
10058508
10058508
10058506
10058502
10058502
10058498
10058498
10058494
10058494
10058490
10058486
10058486
10058482
10058482
10058478
10058474
10058474
10058470
10058470
10058466
10058466
10058464
10058460
10058460
10058456
10058456
10058452
10058452
10058448
10058444
10058444
10058440
10058440
10058436
10058432
10058432
10058428
10058428
10058424
10058422
10058422
10058418
10058418
10058414
10058414
10058410
10058406
10058406
10058402
10058402
10058398
10058394
10058394
10058390
10058390
10058386
10058386
10058382
10058380
10058380
10058376
10058376
10058372
10058368
10058368
10058364
10058364
10058360
10058356
10058356
10058352
10058352
10058348
10058348
10058344
10058340
10058340
10058338
10058338
10058334
10058330
10058330
10058326
10058326
10058322
10058318
10058318
10058314
10058314
10058310
10058310
10058306
10058302
10058302
10058300
10058300
10058296
10058292
10058292
10058288
10058288
10058284
10058280
10058280
10058276
10058276
10058272
10058272
10058268
10058264
10058264
10058260
10058260
10058258
10058254
10058254
10058250
10058250
10058246
10058242
10058242
10058238
10058238
10058234
10058230
10058230
10058226
10058226
10058222
10058218
10058216
10058212
10058208
10058208
10058204
10058200
10058196
10058192
10058188
10058188
10058184
10058180
10058176
10058174
10058170
10058166
10058166
10058162
10058158
10058154
10058150
10058146
10058146
10058142
10058138
10058134
10058132
10058128
10058124
10058124
10058120
10058116
10058112
10058108
10058104
10058104
10058100
10058096
10058094
10058090
10058086
10058082
10058082
10058078
10058074
10058070
10058066
10058062
10058062
10058058
10058054
10058052
10058048
10058044
10058040
10058040
10058036
10058032
10058028
10058024
10058020
10058020
10058016
10058012
10058010
10058006
10058002
10057998
10057998
10057994
10057990
10057986
10057982
10057978
10057974
10057974
10057970
10057968
10057964
10057960
10057956
10057956
10057952
10057948
10057944
10057940
10057936
10057932
10057932
10057928
10057926
10057922
10057918
10057914
10057910
10057910
10057906
10057902
10057898
10057894
10057890
10057890
10057888
10057884
10057880
10057876
10057872
10057868
10057868
10057864
10057860
10057856
10057852
10057848
10057846
10057846
10057842
10057838
10057834
10057830
10057826
10057826
10057822
10057818
10057814
10057810
10057806
10057806
10057804
10057800
10057796
10057792
10057792
10057788
10057784
10057780
10057780
10057776
10057772
10057768
10057768
10057764
10057762
10057758
10057754
10057754
10057750
10057746
10057742
10057742
10057738
10057734
10057730
10057730
10057726
10057722
10057720
10057716
10057716
10057712
10057708
10057704
10057704
10057700
10057696
10057692
10057688
10057688
10057684
10057682
10057678
10057678
10057674
10057670
10057666
10057666
10057662
10057658
10057654
10057650
10057650
10057646
10057642
10057640
10057640
10057636
10057632
10057628
10057624
10057624
10057620
10057616
10057612
10057612
10057608
10057604
10057600
10057598
10057598
10057594
10057590
10057586
10057586
10057582
10057578
10057574
10057574
10057570
10057566
10057562
10057558
10057558
10057556
10057552
10057548
10057548
10057544
10057540
10057536
10057532
10057532
10057528
10057524
10057520
10057520
10057518
10057514
10057510
10057506
10057506
10057502
10057498
10057494
10057494
10057490
10057486
10057482
10057478
10057478
10057476
10057472
10057468
10057468
10057464
10057460
10057456
10057452
10057452
10057448
10057444
10057440
10057440
10057436
10057434
10057430
10057426
10057422
10057418
10057414
10057410
10057406
10057402
10057398
10057394
10057392
10057392
10057388
10057384
10057380
10057376
10057372
10057368
10057364
10057360
10057356
10057352
10057350
10057346
10057342
10057338
10057334
10057330
10057326
10057322
10057318
10057314
10057312
10057308
10057304
10057300
10057296
10057296
10057292
10057288
10057284
10057280
10057276
10057272
10057270
10057266
10057262
10057258
10057254
10057250
10057246
10057242
10057238
10057234
10057230
10057228
10057224
10057220
10057216
10057212
10057208
10057204
10057200
10057200
10057196
10057192
10057188
10057186
10057182
10057178
10057174
10057170
10057166
10057162
10057158
10057154
10057150
10057146
10057144
10057140
10057136
10057132
10057128
10057124
10057120
10057116
10057112
10057108
10057106
10057106
10057102
10057098
10057094
10057090
10057086
10057082
10057078
10057074
10057070
10057066
10057064
10057060
10057056
10057052
10057048
10057044
10057040
10057036
10057032
10057028
10057024
10057022
10057018
10057014
10057010
10057006
10057006
10057002
10056998
10056994
10056990
10056986
10056982
10056980
10056976
10056972
10056968
10056964
10056960
10056956
10056952
10056948
10056944
10056940
10056938
10056934
10056930
10056926
10056922
10056918
10056914
10056910
10056906
10056902
10056900
10056896
10056892
10056888
10056884
10056880
10056876
10056872
10056868
10056864
10056860
10056858
10056854
10056850
10056846
10056842
10056838
10056834
10056830
10056826
10056822
10056818
10056816
10056812
10056808
10056804
10056800
10056796
10056792
10056788
10056788
10056784
10056780
10056776
10056774
10056770
10056766
10056762
10056758
10056754
10056750
10056746
10056742
10056738
10056734
10056732
10056728
10056724
10056720
10056716
10056712
10056708
10056704
10056700
10056696
10056694
10056690
10056686
10056682
10056678
10056674
10056670
10056666
10056662
10056658
10056654
10056652
10056648
10056644
10056640
10056636
10056632
10056628
10056624
10056620
10056616
10056612
10056610
10056606
10056602
10056598
10056594
10056590
10056586
10056582
10056578
10056574
10056570
10056568
10056564
10056560
10056556
10056552
10056548
10056544
10056540
10056536
10056532
10056528
10056526
10056522
10056518
10056514
10056510
10056506
10056502
10056498
10056494
10056490
10056488
10056484
10056480
10056476
10056472
10056468
10056464
10056456
10056452
10056448
10056446
10056442
10056438
10056430
10056426
10056422
10056418
10056414
10056406
10056404
10056400
10056396
10056392
10056384
10056380
10056376
10056372
10056368
10056364
10056358
10056354
10056350
10056346
10056342
10056334
10056330
10056326
10056324
10056320
10056312
10056308
10056304
10056300
10056296
10056292
10056284
10056282
10056278
10056274
10056270
10056262
10056258
10056254
10056250
10056246
10056240
10056236
10056232
10056228
10056224
10056220
10056212
10056208
10056204
10056200
10056198
10056190
10056186
10056182
10056178
10056174
10056166
10056162
10056158
10056156
10056152
10056148
10056140
10056136
10056132
10056128
10056124
10056118
10056114
10056110
10056106
10056102
10056094
10056090
10056086
10056082
10056078
10056076
10056068
10056064
10056060
10056056
10056052
10056044
10056040
10056036
10056034
10056030
10056022
10056018
10056014
10056010
10056006
10056002
10055994
10055992
10055988
10055984
10055980
10055972
10055968
10055964
10055960
10055956
10055952
10055946
10055942
10055938
10055934
10055930
10055922
10055918
10055914
10055912
10055908
10055900
10055896
10055892
10055888
10055884
10055880
10055876
10055872
10055870
10055866
10055862
10055858
10055854
10055850
10055846
10055842
10055838
10055834
10055830
10055828
10055824
10055820
10055816
10055812
10055804
10055800
10055796
10055792
10055788
10055786
10055782
10055778
10055774
10055770
10055766
10055762
10055758
10055754
10055750
10055746
10055744
10055740
10055736
10055732
10055728
10055724
10055720
10055716
10055708
10055706
10055702
10055698
10055694
10055690
10055686
10055682
10055678
10055674
10055670
10055666
10055664
10055660
10055656
10055652
10055648
10055644
10055640
10055636
10055632
10055628
10055624
10055622
10055614
10055610
10055606
10055602
10055598
10055594
10055590
10055586
10055582
10055580
10055576
10055572
10055568
10055564
10055560
10055556
10055552
10055548
10055544
10055540
10055538
10055534
10055530
10055526
10055522
10055514
10055510
10055506
10055502
10055500
10055496
10055492
10055488
10055484
10055480
10055476
10055472
10055468
10055464
10055460
10055458
10055454
10055450
10055446
10055442
10055438
10055434
10055430
10055426
10055418
10055416
10055412
10055408
10055404
10055400
10055396
10055392
10055388
10055380
10055376
10055370
10055366
10055362
10055354
10055350
10055342
10055338
10055332
10055328
10055324
10055316
10055312
10055304
10055300
10055294
10055290
10055286
10055278
10055274
10055266
10055262
10055254
10055252
10055244
10055240
10055236
10055228
10055224
10055216
10055212
10055206
10055202
10055198
10055190
10055186
10055178
10055174
10055168
10055164
10055160
10055152
10055148
10055140
10055136
10055130
10055126
10055122
10055114
10055110
10055102
10055098
10055090
10055088
10055080
10055076
10055072
10055064
10055060
10055052
10055048
10055042
10055038
10055034
10055026
10055022
10055014
10055010
10055004
10055000
10054996
10054988
10054984
10054976
10054972
10054964
10054962
10054958
10054950
10054946
10054938
10054934
10054926
10054924
10054920
10054912
10054908
10054900
10054896
10054888
10054884
10054882
10054874
10054870
10054862
10054858
10054850
10054846
10054842
10054836
10054832
10054824
10054820
10054812
10054808
10054804
10054798
10054794
10054786
10054782
10054774
10054770
10054766
10054758
10054756
10054748
10054744
10054736
10054732
10054728
10054720
10054718
10054710
10054706
10054698
10054694
10054690
10054686
10054678
10054676
10054672
10054668
10054664
10054656
10054652
10054648
10054644
10054640
10054636
10054630
10054626
10054622
10054618
10054614
10054606
10054602
10054598
10054594
10054592
10054584
10054580
10054576
10054572
10054568
10054560
10054556
10054552
10054550
10054546
10054538
10054534
10054530
10054526
10054522
10054518
10054512
10054508
10054504
10054500
10054496
10054488
10054484
10054480
10054476
10054472
10054466
10054462
10054458
10054454
10054450
10054442
10054438
10054434
10054430
10054428
10054424
10054416
10054412
10054408
10054404
10054400
10054392
10054388
10054386
10054382
10054378
10054370
10054366
10054362
10054358
10054354
10054350
10054344
10054340
10054336
10054332
10054328
10054320
10054316
10054312
10054308
10054306
10054298
10054294
10054290
10054286
10054282
10054274
10054270
10054266
10054264
10054260
10054256
10054248
10054244
10054240
10054236
10054232
10054224
10054222
10054218
10054214
10054210
10054202
10054198
10054194
10054190
10054186
10054182
10054176
10054172
10054168
10054164
10054160
10054152
10054148
10054144
10054140
10054138
10054130
10054126
10054122
10054118
10054114
10054106
10054102
10054096
10054092
10054084
10054080
10054072
10054068
10054060
10054058
10054054
10054046
10054042
10054034
10054030
10054022
10054018
10054012
10054008
10054000
10053996
10053988
10053984
10053976
10053974
10053970
10053962
10053958
10053950
10053946
10053938
10053936
10053928
10053924
10053916
10053912
10053904
10053900
10053896
10053890
10053886
10053878
10053874
10053866
10053862
10053854
10053852
10053844
10053840
10053832
10053828
10053820
10053816
10053812
10053806
10053802
10053794
10053790
10053782
10053778
10053770
10053768
10053760
10053756
10053748
10053744
10053740
10053732
10053730
10053722
10053718
10053710
10053706
10053698
10053694
10053688
10053684
10053676
10053672
10053668
10053660
10053656
10053648
10053646
10053638
10053634
10053626
10053622
10053614
10053610
10053604
10053600
10053596
10053588
10053584
10053576
10053572
10053564
10053562
10053554
10053550
10053542
10053538
10053530
10053526
10053524
10053516
10053512
10053504
10053500
10053492
10053488
10053482
10053478
10053470
10053466
10053462
10053454
10053450
10053442
10053440
10053432
10053428
10053420
10053416
10053408
10053404
10053398
10053394
10053390
10053382
10053378
10053374
10053366
10053362
10053358
10053352
10053348
10053340
10053336
10053332
10053324
10053320
10053318
10053310
10053306
10053298
10053294
10053290
10053282
10053278
10053276
10053268
10053264
10053260
10053252
10053248
10053240
10053236
10053234
10053226
10053222
10053218
10053210
10053206
10053198
10053194
10053192
10053184
10053180
10053176
10053168
10053164
10053160
10053152
10053150
10053142
10053138
10053134
10053126
10053122
10053118
10053112
10053108
10053104
10053096
10053092
10053084
10053080
10053076
10053070
10053066
10053062
10053054
10053050
10053042
10053038
10053034
10053028
10053024
10053020
10053012
10053008
10053004
10052996
10052992
10052986
10052982
10052978
10052970
10052966
10052962
10052954
10052950
10052946
10052940
10052936
10052928
10052924
10052920
10052912
10052908
10052906
10052898
10052894
10052890
10052882
10052878
10052870
10052866
10052864
10052856
10052852
10052848
10052840
10052836
10052832
10052824
10052822
10052818
10052810
10052806
10052798
10052794
10052790
10052782
10052780
10052776
10052768
10052764
10052760
10052752
10052748
10052742
10052738
10052734
10052726
10052718
10052714
10052706
10052700
10052696
10052688
10052684
10052676
10052668
10052664
10052658
10052650
10052646
10052638
10052630
10052626
10052618
10052612
10052608
10052600
10052592
10052588
10052580
10052576
10052570
10052562
10052558
10052550
10052542
10052538
10052532
10052524
10052520
10052512
10052504
10052500
10052494
10052486
10052482
10052474
10052470
10052462
10052454
10052452
10052444
10052436
10052432
10052424
10052416
10052412
10052406
10052398
10052394
10052386
10052382
10052374
10052368
10052364
10052356
10052348
10052344
10052336
10052330
10052326
10052318
10052310
10052306
10052298
10052294
10052288
10052280
10052276
10052268
10052260
10052256
10052248
10052242
10052238
10052230
10052222
10052218
10052210
10052206
10052200
10052192
10052188
10052180
10052172
10052168
10052162
10052154
10052150
10052142
10052138
10052130
10052124
10052120
10052112
10052104
10052100
10052092
10052084
10052082
10052074
10052070
10052062
10052054
10052050
10052042
10052036
10052032
10052024
10052016
10052012
10052004
10052000
10051994
10051986
10051982
10051974
10051966
10051962
10051956
10051948
10051944
10051936
10051932
10051924
10051920
10051914
10051910
10051902
10051898
10051890
10051886
10051878
10051876
10051868
10051864
10051860
10051852
10051848
10051840
10051836
10051830
10051826
10051818
10051814
10051806
10051802
10051794
10051792
10051788
10051780
10051776
10051768
10051764
10051756
10051752
10051746
10051742
10051734
10051730
10051726
10051718
10051714
10051708
10051704
10051696
10051692
10051684
10051680
10051672
10051670
10051666
10051658
10051654
10051646
10051642
10051634
10051630
10051624
10051620
10051612
10051608
10051600
10051596
10051592
10051586
10051582
10051574
10051570
10051562
10051558
10051550
10051548
10051540
10051536
10051532
10051524
10051520
10051512
10051508
10051502
10051498
10051490
10051486
10051478
10051474
10051470
10051464
10051460
10051452
10051448
10051440
10051436
10051428
10051424
10051422
10051414
10051410
10051402
10051398
10051390
10051386
10051380
10051376
10051368
10051364
10051360
10051352
10051348
10051342
10051338
10051330
10051326
10051318
10051314
10051306
10051302
10051300
10051292
10051288
10051280
10051276
10051268
10051264
10051258
10051254
10051250
10051242
10051238
10051230
10051226
10051218
10051212
10051204
10051196
10051192
10051184
10051176
10051170
10051162
10051154
10051146
10051138
10051132
10051124
10051116
10051108
10051100
10051094
10051086
10051078
10051070
10051062
10051058
10051052
10051044
10051036
10051028
10051020
10051012
10051006
10050998
10050990
10050982
10050974
10050968
10050960
10050952
10050944
10050936
10050930
10050926
10050918
10050910
10050902
10050894
10050888
10050880
10050872
10050864
10050856
10050848
10050842
10050834
10050826
10050818
10050810
10050806
10050800
10050792
10050784
10050776
10050768
10050762
10050754
10050746
10050738
10050730
10050724
10050716
10050708
10050700
10050692
10050688
10050682
10050674
10050666
10050658
10050650
10050642
10050636
10050628
10050620
10050612
10050604
10050598
10050590
10050582
10050578
10050570
10050562
10050556
10050548
10050540
10050532
10050524
10050518
10050510
10050502
10050494
10050486
10050478
10050476
10050468
10050460
10050452
10050444
10050436
10050430
10050422
10050414
10050406
10050398
10050392
10050384
10050376
10050372
10050364
10050356
10050350
10050342
10050334
10050326
10050318
10050312
10050304
10050296
10050288
10050280
10050276
10050270
10050262
10050258
10050250
10050246
10050238
10050230
10050228
10050220
10050212
10050208
10050200
10050196
10050188
10050182
10050178
10050170
10050162
10050158
10050150
10050148
10050140
10050132
10050128
10050120
10050112
10050108
10050102
10050094
10050090
10050082
10050078
10050070
10050064
10050060
10050052
10050044
10050040
10050032
10050028
10050022
10050014
10050010
10050002
10049994
10049990
10049982
10049980
10049972
10049964
10049960
10049952
10049944
10049942
10049934
10049930
10049922
10049914
10049910
10049902
10049896
10049892
10049884
10049880
10049872
10049864
10049860
10049854
10049846
10049842
10049834
10049830
10049822
10049816
10049812
10049804
10049796
10049792
10049784
10049780
10049774
10049766
10049762
10049754
10049746
10049742
10049736
10049732
10049724
10049716
10049712
10049704
10049700
10049694
10049686
10049682
10049674
10049666
10049662
10049654
10049652
10049644
10049636
10049632
10049624
10049616
10049612
10049606
10049602
10049594
10049586
10049582
10049574
10049570
10049564
10049556
10049552
10049544
10049536
10049532
10049526
10049522
10049514
10049506
10049502
10049494
10049490
10049484
10049476
10049468
10049460
10049452
10049446
10049438
10049430
10049422
10049414
10049406
10049400
10049392
10049384
10049376
10049368
10049362
10049354
10049346
10049338
10049330
10049324
10049316
10049308
10049300
10049292
10049284
10049278
10049270
10049262
10049254
10049246
10049240
10049232
10049224
10049216
10049208
10049200
10049194
10049186
10049182
10049174
10049166
10049160
10049152
10049144
10049136
10049128
10049120
10049114
10049106
10049098
10049090
10049082
10049076
10049068
10049060
10049052
10049044
10049036
10049030
10049022
10049014
10049006
10048998
10048992
10048984
10048976
10048968
10048960
10048954
10048946
10048942
10048934
10048926
10048918
10048912
10048904
10048896
10048888
10048880
10048872
10048866
10048858
10048850
10048842
10048834
10048828
10048820
10048812
10048804
10048796
10048788
10048782
10048774
10048766
10048758
10048750
10048744
10048736
10048732
10048724
10048716
10048708
10048702
10048694
10048686
10048678
10048670
10048664
10048656
10048648
10048640
10048632
10048624
10048618
10048610
10048602
10048594
10048586
10048580
10048572
10048564
10048556
10048548
10048544
10048538
10048530
10048522
10048514
10048506
10048500
10048496
10048488
10048480
10048472
10048468
10048460
10048454
10048446
10048438
10048434
10048426
10048418
10048412
10048404
10048400
10048392
10048384
10048376
10048370
10048366
10048358
10048350
10048342
10048338
10048332
10048324
10048316
10048308
10048304
10048296
10048290
10048282
10048274
10048270
10048262
10048254
10048248
10048240
10048236
10048228
10048220
10048212
10048210
10048202
10048194
10048186
10048178
10048174
10048168
10048160
10048152
10048148
10048140
10048132
10048126
10048118
10048114
10048106
10048098
10048090
10048084
10048080
10048072
10048064
10048056
10048052
10048046
10048038
10048030
10048022
10048018
10048010
10048004
10047996
10047992
10047984
10047976
10047968
10047962
10047958
10047950
10047942
10047934
10047930
10047924
10047916
10047908
10047900
10047896
10047888
10047882
10047874
10047870
10047862
10047854
10047846
10047840
10047836
10047828
10047820
10047812
10047808
10047800
10047794
10047786
10047778
10047774
10047766
10047760
10047752
10047748
10047740
10047732
10047724
10047718
10047714
10047706
10047698
10047690
10047686
10047678
10047672
10047664
10047660
10047652
10047640
10047634
10047626
10047618
10047610
10047602
10047594
10047588
10047580
10047572
10047564
10047556
10047550
10047542
10047534
10047526
10047518
10047512
10047504
10047496
10047488
10047480
10047472
10047466
10047458
10047450
10047442
10047434
10047428
10047420
10047412
10047404
10047396
10047388
10047378
10047370
10047362
10047354
10047348
10047340
10047332
10047324
10047316
10047308
10047302
10047294
10047286
10047278
10047270
10047264
10047256
10047248
10047240
10047232
10047224
10047218
10047210
10047202
10047194
10047186
10047180
10047172
10047164
10047156
10047148
10047142
10047134
10047126
10047118
10047110
10047102
10047096
10047088
10047080
10047072
10047064
10047058
10047050
10047042
10047034
10047026
10047016
10047008
10047000
10046992
10046984
10046976
10046970
10046962
10046954
10046946
10046938
10046932
10046924
10046916
10046908
10046900
10046894
10046886
10046878
10046870
10046862
10046854
10046848
10046840
10046832
10046824
10046816
10046810
10046802
10046794
10046786
10046778
10046772
10046764
10046756
10046748
10046740
10046732
10046726
10046718
10046710
10046702
10046694
10046688
10046680
10046672
10046664
10046656
10046648
10046642
10046634
10046626
10046618
10046610
10046604
10046596
10046588
10046580
10046572
10046566
10046558
10046550
10046542
10046534
10046526
10046520
10046512
10046504
10046496
10046488
10046482
10046474
10046466
10046458
10046450
10046442
10046436
10046424
10046416
10046408
10046400
10046394
10046386
10046378
10046370
10046362
10046356
10046348
10046340
10046332
10046324
10046318
10046310
10046302
10046294
10046286
10046278
10046272
10046264
10046256
10046248
10046240
10046234
10046226
10046218
10046210
10046202
10046194
10046188
10046180
10046172
10046164
10046156
10046150
10046142
10046134
10046126
10046118
10046112
10046104
10046096
10046088
10046080
10046072
10046066
10046058
10046050
10046042
10046034
10046028
10046020
10046012
10046004
10045996
10045988
10045982
10045974
10045966
10045958
10045950
10045944
10045936
10045928
10045920
10045912
10045906
10045898
10045890
10045882
10045874
10045866
10045860
10045852
10045844
10045836
10045828
10045822
10045814
10045806
10045798
10045790
10045782
10045776
10045768
10045760
10045752
10045744
10045738
10045730
10045722
10045714
10045706
10045700
10045692
10045684
10045676
10045668
10045660
10045654
10045646
10045634
10045626
10045618
10045612
10045604
10045596
10045588
10045578
10045570
10045562
10045554
10045546
10045538
10045532
10045524
10045512
10045504
10045496
10045490
10045482
10045474
10045466
10045454
10045448
10045440
10045432
10045424
10045416
10045410
10045402
10045390
10045382
10045374
10045368
10045360
10045352
10045344
10045332
10045326
10045318
10045310
10045302
10045294
10045288
10045280
10045268
10045260
10045252
10045246
10045238
10045230
10045222
10045214
10045204
10045196
10045188
10045180
10045172
10045166
10045158
10045150
10045138
10045130
10045124
10045116
10045108
10045100
10045092
10045084
10045074
10045066
10045058
10045050
10045042
10045036
10045028
10045020
10045008
10045000
10044994
10044986
10044978
10044970
10044962
10044956
10044944
10044936
10044928
10044920
10044914
10044906
10044898
10044890
10044882
10044872
10044864
10044856
10044848
10044840
10044834
10044826
10044818
10044806
10044798
10044792
10044784
10044776
10044768
10044760
10044754
10044746
10044734
10044726
10044718
10044712
10044704
10044696
10044688
10044680
10044672
10044662
10044654
10044646
10044638
10044630
10044624
10044616
10044604
10044596
10044588
10044582
10044574
10044566
10044558
10044548
10044540
10044532
10044524
10044516
10044508
10044502
10044490
10044482
10044474
10044466
10044460
10044452
10044440
10044432
10044424
10044418
10044410
10044402
10044394
10044384
10044376
10044368
10044360
10044352
10044344
10044338
10044326
10044318
10044310
10044302
10044296
10044288
10044280
10044268
10044260
10044254
10044246
10044238
10044230
10044222
10044212
10044204
10044196
10044188
10044180
10044174
10044166
10044154
10044146
10044138
10044132
10044124
10044116
10044108
10044100
10044090
10044082
10044074
10044066
10044058
10044052
10044044
10044032
10044024
10044016
10044010
10044002
10043994
10043986
10043978
10043968
10043960
10043952
10043944
10043936
10043930
10043922
10043910
10043902
10043894
10043888
10043880
10043872
10043864
10043856
10043846
10043838
10043830
10043822
10043814
10043806
10043800
10043792
10043780
10043772
10043766
10043758
10043750
10043742
10043734
10043726
10043716
10043708
10043700
10043692
10043684
10043678
10043670
10043662
10043650
10043642
10043636
10043628
10043620
10043612
10043604
10043594
10043586
10043578
10043570
10043560
10043552
10043544
10043536
10043524
10043518
10043510
10043502
10043494
10043482
10043476
10043468
10043460
10043448
10043440
10043434
10043426
10043418
10043406
10043398
10043392
10043384
10043372
10043364
10043356
10043350
10043342
10043330
10043322
10043314
10043308
10043296
10043288
10043280
10043272
10043266
10043254
10043246
10043238
10043230
10043220
10043212
10043204
10043196
10043190
10043178
10043170
10043162
10043154
10043144
10043136
10043128
10043120
10043112
10043102
10043094
10043086
10043078
10043070
10043060
10043052
10043044
10043036
10043024
10043018
10043010
10043002
10042994
10042984
10042976
10042968
10042960
10042952
10042942
10042934
10042926
10042918
10042910
10042900
10042892
10042884
10042876
10042864
10042858
10042850
10042842
10042834
10042822
10042816
10042808
10042800
10042792
10042780
10042774
10042766
10042758
10042750
10042738
10042732
10042724
10042716
10042708
10042696
10042690
10042682
10042674
10042666
10042654
10042648
10042640
10042632
10042624
10042612
10042606
10042598
10042590
10042582
10042572
10042564
10042556
10042548
10042540
10042530
10042522
10042514
10042502
10042494
10042488
10042480
10042468
10042460
10042452
10042446
10042434
10042426
10042418
10042406
10042400
10042392
10042384
10042372
10042366
10042358
10042350
10042338
10042330
10042324
10042312
10042304
10042296
10042288
10042278
10042270
10042262
10042254
10042242
10042236
10042228
10042216
10042208
10042200
10042194
10042182
10042174
10042166
10042160
10042148
10042140
10042132
10042124
10042114
10042106
10042098
10042086
10042078
10042072
10042064
10042052
10042044
10042036
10042030
10042018
10042010
10042002
10041996
10041984
10041976
10041968
10041956
10041950
10041942
10041934
10041922
10041914
10041908
10041900
10041888
10041880
10041872
10041866
10041854
10041846
10041838
10041830
10041820
10041812
10041804
10041796
10041786
10041778
10041770
10041762
10041750
10041744
10041736
10041728
10041716
10041708
10041702
10041694
10041682
10041674
10041666
10041656
10041648
10041640
10041632
10041622
10041614
10041606
10041598
10041586
10041580
10041572
10041564
10041552
10041544
10041538
10041530
10041518
10041510
10041502
10041496
10041484
10041476
10041468
10041460
10041454
10041442
10041434
10041426
10041416
10041408
10041396
10041388
10041380
10041370
10041362
10041350
10041342
10041332
10041324
10041316
10041304
10041296
10041286
10041278
10041266
10041258
10041248
10041240
10041232
10041220
10041212
10041202
10041194
10041182
10041174
10041168
10041156
10041148
10041136
10041130
10041118
10041110
10041102
10041090
10041084
10041072
10041064
10041052
10041046
10041038
10041026
10041018
10041006
10041000
10040988
10040980
10040972
10040962
10040954
10040942
10040934
10040926
10040916
10040908
10040896
10040888
10040878
10040870
10040862
10040850
10040842
10040832
10040824
10040812
10040804
10040798
10040786
10040778
10040766
10040760
10040752
10040740
10040732
10040720
10040714
10040702
10040694
10040686
10040676
10040668
10040656
10040648
10040640
10040630
10040622
10040610
10040602
10040592
10040584
10040576
10040564
10040556
10040546
10040538
10040530
10040518
10040512
10040500
10040492
10040484
10040472
10040466
10040454
10040446
10040438
10040428
10040420
10040408
10040400
10040390
10040382
10040374
10040362
10040354
10040344
10040336
10040328
10040316
10040308
10040298
10040290
10040282
10040270
10040264
10040252
10040244
10040236
10040224
10040218
10040210
10040202
10040190
10040184
10040176
10040168
10040156
10040148
10040142
10040134
10040122
10040114
10040106
10040096
10040088
10040080
10040072
10040060
10040054
10040046
10040038
10040026
10040018
10040012
10040004
10039992
10039984
10039978
10039966
10039958
10039950
10039942
10039932
10039924
10039916
10039908
10039896
10039890
10039882
10039874
10039862
10039854
10039848
10039840
10039828
10039820
10039812
10039806
10039794
10039786
10039778
10039772
10039760
10039752
10039744
10039732
10039726
10039718
10039710
10039698
10039690
10039684
10039676
10039664
10039656
10039648
10039642
10039630
10039622
10039614
10039608
10039596
10039588
10039580
10039572
10039562
10039554
10039546
10039538
10039526
10039520
10039512
10039504
10039492
10039484
10039478
10039470
10039458
10039450
10039442
10039436
10039424
10039416
10039408
10039402
10039390
10039382
10039374
10039366
10039360
10039348
10039340
10039332
10039324
10039314
10039306
10039298
10039290
10039278
10039272
10039264
10039256
10039244
10039236
10039230
10039222
10039210
10039202
10039196
10039188
10039176
10039168
10039160
10039154
10039146
10039134
10039122
10039114
10039104
10039092
10039084
10039072
10039066
10039054
10039042
10039034
10039024
10039016
10039004
10038992
10038986
10038974
10038966
10038954
10038944
10038936
10038924
10038916
10038906
10038894
10038886
10038874
10038866
10038856
10038844
10038836
10038824
10038818
10038806
10038794
10038786
10038776
10038768
10038756
10038744
10038738
10038726
10038718
10038706
10038696
10038688
10038676
10038668
10038658
10038646
10038638
10038626
10038618
10038608
10038600
10038588
10038578
10038570
10038558
10038550
10038538
10038528
10038520
10038508
10038500
10038490
10038478
10038470
10038458
10038452
10038440
10038432
10038420
10038410
10038402
10038390
10038382
10038372
10038360
10038352
10038340
10038332
10038322
10038310
10038302
10038290
10038284
10038272
10038264
10038252
10038242
10038234
10038222
10038214
10038204
10038196
10038184
10038172
10038166
10038154
10038146
10038134
10038126
10038116
10038104
10038096
10038084
10038078
10038066
10038054
10038046
10038036
10038028
10038016
10038008
10037998
10037986
10037978
10037966
10037960
10037948
10037940
10037928
10037918
10037910
10037898
10037890
10037878
10037872
10037860
10037852
10037844
10037834
10037826
10037814
10037806
10037796
10037788
10037780
10037768
10037760
10037750
10037742
10037730
10037722
10037714
10037704
10037696
10037684
10037676
10037666
10037658
10037650
10037638
10037630
10037620
10037612
10037604
10037592
10037586
10037574
10037566
10037554
10037548
10037540
10037528
10037520
10037508
10037502
10037494
10037482
10037474
10037464
10037456
10037444
10037436
10037428
10037418
10037410
10037398
10037390
10037384
10037372
10037364
10037352
10037344
10037334
10037326
10037318
10037306
10037300
10037288
10037280
10037272
10037260
10037254
10037242
10037234
10037226
10037216
10037208
10037196
10037188
10037180
10037170
10037162
10037150
10037142
10037136
10037124
10037116
10037104
10037096
10037090
10037078
10037070
10037058
10037052
10037044
10037032
10037024
10037014
10037006
10036998
10036986
10036978
10036968
10036960
10036952
10036940
10036932
10036922
10036914
10036906
10036894
10036888
10036876
10036868
10036860
10036848
10036842
10036830
10036822
10036814
10036804
10036796
10036784
10036776
10036768
10036758
10036750
10036738
10036730
10036724
10036712
10036704
10036692
10036684
10036674
10036662
10036654
10036642
10036632
10036620
10036612
10036602
10036590
10036582
10036570
10036560
10036552
10036540
10036528
10036520
10036510
10036498
10036490
10036478
10036468
10036460
10036448
10036436
10036430
10036418
10036406
10036398
10036388
10036376
10036368
10036356
10036346
10036338
10036326
10036314
10036308
10036296
10036284
10036276
10036266
10036254
10036246
10036234
10036224
10036212
10036204
10036192
10036182
10036174
10036162
10036154
10036144
10036132
10036124
10036112
10036102
10036094
10036082
10036070
10036064
10036052
10036040
10036032
10036022
10036010
10036002
10035990
10035980
10035972
10035960
10035948
10035942
10035930
10035918
10035910
10035900
10035888
10035880
10035868
10035858
10035850
10035838
10035826
10035820
10035808
10035796
10035788
10035778
10035766
10035758
10035746
10035738
10035728
10035716
10035708
10035696
10035686
10035678
10035666
10035654
10035648
10035636
10035624
10035616
10035606
10035594
10035586
10035574
10035568
10035556
10035544
10035536
10035526
10035514
10035506
10035494
10035484
10035476
10035464
10035452
10035446
10035434
10035426
10035414
10035404
10035396
10035384
10035376
10035366
10035358
10035346
10035338
10035326
10035320
10035308
10035300
10035288
10035282
10035270
10035262
10035250
10035242
10035232
10035224
10035212
10035204
10035194
10035186
10035174
10035166
10035156
10035144
10035136
10035124
10035118
10035106
10035098
10035086
10035078
10035068
10035060
10035048
10035040
10035030
10035022
10035010
10035002
10034992
10034984
10034972
10034964
10034954
10034946
10034934
10034926
10034914
10034908
10034896
10034888
10034880
10034870
10034862
10034850
10034842
10034832
10034824
10034812
10034804
10034792
10034786
10034774
10034766
10034754
10034748
10034736
10034728
10034716
10034708
10034698
10034690
10034678
10034670
10034660
10034652
10034640
10034632
10034622
10034614
10034602
10034594
10034584
10034576
10034564
10034556
10034544
10034538
10034526
10034518
10034506
10034500
10034488
10034480
10034472
10034460
10034454
10034442
10034434
10034422
10034416
10034404
10034396
10034384
10034378
10034366
10034358
10034346
10034338
10034328
10034320
10034308
10034300
10034290
10034282
10034274
10034262
10034254
10034244
10034236
10034224
10034216
10034206
10034198
10034186
10034174
10034168
10034156
10034144
10034132
10034122
10034110
10034102
10034090
10034080
10034068
10034056
10034048
10034038
10034026
10034014
10034004
10033992
10033984
10033972
10033962
10033950
10033938
10033930
10033920
10033908
10033896
10033884
10033874
10033866
10033854
10033842
10033832
10033820
10033812
10033802
10033790
10033778
10033766
10033756
10033748
10033736
10033724
10033714
10033702
10033694
10033682
10033672
10033660
10033648
10033640
10033630
10033618
10033606
10033596
10033588
10033576
10033564
10033554
10033542
10033534
10033522
10033512
10033500
10033488
10033480
10033470
10033458
10033446
10033434
10033428
10033416
10033404
10033392
10033382
10033374
10033362
10033350
10033340
10033328
10033320
10033308
10033298
10033286
10033274
10033266
10033256
10033244
10033232
10033222
10033214
10033202
10033190
10033180
10033168
10033160
10033148
10033138
10033126
10033114
10033106
10033096
10033084
10033072
10033064
10033054
10033042
10033030
10033020
10033012
10033000
10032988
10032978
10032966
10032958
10032946
10032936
10032924
10032916
10032904
10032894
10032882
10032870
10032862
10032852
10032840
10032828
10032820
10032810
10032798
10032786
10032778
10032768
10032756
10032748
10032736
10032726
10032718
10032706
10032694
10032688
10032676
10032664
10032656
10032646
10032634
10032626
10032614
10032604
10032596
10032584
10032572
10032566
10032554
10032542
10032530
10032524
10032512
10032500
10032492
10032482
10032470
10032462
10032450
10032440
10032432
10032420
10032408
10032402
10032390
10032378
10032370
10032360
10032348
10032340
10032328
10032318
10032310
10032298
10032286
10032278
10032268
10032256
10032248
10032238
10032226
10032218
10032206
10032196
10032188
10032176
10032164
10032156
10032146
10032134
10032126
10032114
10032104
10032096
10032084
10032076
10032066
10032054
10032046
10032034
10032024
10032016
10032004
10031992
10031986
10031974
10031962
10031954
10031944
10031932
10031924
10031912
10031902
10031894
10031882
10031870
10031864
10031852
10031840
10031832
10031822
10031814
10031802
10031790
10031784
10031772
10031760
10031752
10031742
10031730
10031722
10031710
10031700
10031692
10031680
10031668
10031660
10031650
10031642
10031630
10031620
10031612
10031600
10031588
10031580
10031570
10031558
10031550
10031538
10031532
10031520
10031508
10031496
10031486
10031478
10031466
10031454
10031444
10031432
10031424
10031414
10031402
10031390
10031378
10031372
10031360
10031348
10031336
10031326
10031318
10031306
10031294
10031284
10031272
10031264
10031252
10031242
10031230
10031218
10031210
10031200
10031188
10031176
10031166
10031158
10031146
10031134
10031124
10031112
10031104
10031092
10031082
10031070
10031062
10031050
10031040
10031028
10031016
10031008
10030998
10030986
10030974
10030962
10030956
10030944
10030932
10030920
10030910
10030902
10030890
10030878
10030868
10030860
10030848
10030838
10030826
10030814
10030806
10030796
10030784
10030772
10030764
10030754
10030742
10030730
10030718
10030712
10030700
10030688
10030676
10030670
10030658
10030646
10030634
10030624
10030616
10030604
10030592
10030582
10030574
10030562
10030550
10030540
10030528
10030520
10030508
10030498
10030486
10030478
10030466
10030456
10030444
10030436
10030426
10030414
10030402
10030390
10030384
10030372
10030360
10030348
10030342
10030330
10030318
10030306
10030300
10030288
10030276
10030264
10030258
10030246
10030234
10030222
10030212
10030204
10030192
10030180
10030170
10030162
10030150
10030138
10030132
10030120
10030112
10030100
10030090
10030082
10030070
10030062
10030052
10030040
10030032
10030020
10030014
10030002
10029990
10029982
10029972
10029964
10029952
10029944
10029932
10029922
10029914
10029902
10029894
10029884
10029872
10029864
10029852
10029846
10029834
10029822
10029814
10029804
10029796
10029784
10029772
10029766
10029754
10029746
10029734
10029726
10029716
10029704
10029696
10029684
10029678
10029666
10029654
10029646
10029636
10029628
10029616
10029604
10029598
10029586
10029578
10029566
10029560
10029548
10029536
10029528
10029518
10029510
10029498
10029490
10029478
10029468
10029460
10029448
10029440
10029430
10029418
10029410
10029398
10029392
10029380
10029372
10029360
10029350
10029342
10029330
10029322
10029312
10029304
10029292
10029280
10029272
10029262
10029254
10029242
10029234
10029224
10029212
10029204
10029192
10029186
10029174
10029166
10029154
10029148
10029136
10029124
10029116
10029106
10029098
10029086
10029078
10029066
10029056
10029048
10029036
10029028
10029018
10029010
10028998
10028990
10028980
10028968
10028960
10028948
10028942
10028930
10028922
10028910
10028902
10028888
10028876
10028864
10028854
10028842
10028830
10028820
10028808
10028796
10028784
10028774
10028762
10028750
10028736
10028724
10028712
10028700
10028690
10028678
10028666
10028656
10028644
10028632
10028620
10028610
10028598
10028586
10028574
10028560
10028548
10028536
10028526
10028514
10028502
10028490
10028480
10028468
10028456
10028446
10028434
10028422
10028410
10028400
10028388
10028372
10028362
10028350
10028338
10028326
10028316
10028304
10028292
10028282
10028270
10028258
10028246
10028236
10028224
10028212
10028202
10028190
10028178
10028162
10028152
10028140
10028128
10028118
10028106
10028094
10028082
10028072
10028060
10028048
10028038
10028026
10028014
10028002
10027992
10027980
10027968
10027956
10027946
10027934
10027922
10027908
10027896
10027884
10027872
10027862
10027850
10027838
10027828
10027816
10027804
10027792
10027782
10027770
10027758
10027748
10027736
10027724
10027712
10027702
10027690
10027678
10027666
10027656
10027644
10027632
10027622
10027610
10027598
10027586
10027572
10027560
10027548
10027538
10027526
10027514
10027502
10027492
10027480
10027468
10027458
10027446
10027434
10027422
10027412
10027400
10027392
10027380
10027370
10027358
10027350
10027338
10027328
10027316
10027308
10027296
10027286
10027274
10027266
10027256
10027244
10027236
10027224
10027214
10027202
10027194
10027182
10027172
10027160
10027152
10027140
10027130
10027118
10027110
10027098
10027088
10027076
10027068
10027056
10027046
10027038
10027026
10027014
10027004
10026996
10026984
10026972
10026962
10026954
10026942
10026930
10026924
10026912
10026900
10026888
10026882
10026870
10026858
10026846
10026840
10026828
10026816
10026808
10026798
10026786
10026774
10026766
10026756
10026744
10026736
10026724
10026714
10026702
10026694
10026682
10026672
10026660
10026652
10026640
10026630
10026622
10026610
10026598
10026588
10026580
10026568
10026556
10026550
10026538
10026526
10026514
10026508
10026496
10026484
10026476
10026466
10026454
10026442
10026434
10026424
10026412
10026404
10026392
10026382
10026374
10026362
10026350
10026340
10026332
10026320
10026308
10026302
10026290
10026278
10026270
10026260
10026248
10026236
10026228
10026218
10026206
10026198
10026186
10026176
10026168
10026156
10026144
10026134
10026126
10026114
10026102
10026096
10026084
10026072
10026062
10026050
10026038
10026026
10026016
10026004
10025992
10025980
10025970
10025958
10025946
10025936
10025924
10025912
10025900
10025890
10025878
10025866
10025856
10025844
10025832
10025820
10025810
10025798
10025786
10025774
10025764
10025752
10025740
10025730
10025718
10025706
10025694
10025684
10025672
10025660
10025650
10025638
10025626
10025614
10025604
10025592
10025580
10025568
10025558
10025546
10025534
10025524
10025512
10025500
10025488
10025478
10025466
10025454
10025444
10025432
10025420
10025412
10025402
10025390
10025378
10025366
10025356
10025344
10025332
10025320
10025310
10025298
10025286
10025276
10025264
10025252
10025240
10025230
10025218
10025206
10025196
10025184
10025172
10025160
10025150
10025138
10025126
10025114
10025104
10025092
10025080
10025070
10025058
10025046
10025038
10025028
10025016
10025004
10024992
10024982
10024970
10024958
10024948
10024936
10024924
10024912
10024902
10024890
10024878
10024868
10024856
10024844
10024832
10024822
10024810
10024798
10024786
10024776
10024768
10024756
10024744
10024734
10024722
10024710
10024700
10024688
10024676
10024664
10024654
10024642
10024630
10024620
10024608
10024600
10024588
10024578
10024566
10024554
10024542
10024532
10024520
10024512
10024500
10024490
10024478
10024466
10024456
10024444
10024436
10024424
10024414
10024402
10024390
10024378
10024368
10024360
10024348
10024336
10024326
10024314
10024302
10024290
10024284
10024272
10024260
10024250
10024238
10024226
10024214
10024208
10024196
10024184
10024172
10024162
10024150
10024138
10024130
10024120
10024108
10024096
10024084
10024074
10024062
10024054
10024044
10024032
10024020
10024008
10023998
10023990
10023978
10023966
10023956
10023944
10023932
10023920
10023914
10023902
10023890
10023880
10023868
10023856
10023848
10023838
10023826
10023814
10023802
10023792
10023784
10023772
10023760
10023750
10023738
10023726
10023718
10023708
10023696
10023684
10023674
10023662
10023654
10023642
10023632
10023620
10023608
10023596
10023590
10023578
10023566
10023554
10023544
10023532
10023524
10023512
10023502
10023490
10023478
10023468
10023460
10023448
10023436
10023426
10023414
10023406
10023394
10023384
10023372
10023360
10023348
10023342
10023330
10023318
10023306
10023296
10023288
10023276
10023264
10023254
10023242
10023230
10023220
10023208
10023192
10023180
10023170
10023158
10023146
10023136
10023120
10023108
10023096
10023086
10023074
10023058
10023048
10023036
10023024
10023014
10022998
10022986
10022974
10022964
10022952
10022940
10022926
10022914
10022902
10022890
10022880
10022864
10022852
10022842
10022830
10022818
10022808
10022792
10022780
10022768
10022758
10022746
10022734
10022720
10022708
10022696
10022686
10022674
10022658
10022646
10022636
10022624
10022612
10022602
10022586
10022574
10022562
10022552
10022540
10022528
10022514
10022502
10022490
10022480
10022468
10022456
10022440
10022430
10022418
10022406
10022396
10022384
10022368
10022356
10022346
10022334
10022322
10022312
10022300
10022284
10022274
10022262
10022250
10022238
10022228
10022212
10022200
10022190
10022178
10022166
10022154
10022144
10022128
10022116
10022106
10022094
10022082
10022070
10022056
10022044
10022032
10022022
10022010
10021998
10021986
10021972
10021960
10021948
10021938
10021926
10021914
10021902
10021888
10021876
10021864
10021854
10021842
10021830
10021820
10021808
10021792
10021780
10021770
10021758
10021746
10021736
10021724
10021708
10021696
10021686
10021674
10021662
10021652
10021640
10021632
10021620
10021610
10021598
10021586
10021574
10021564
10021552
10021540
10021530
10021518
10021506
10021494
10021488
10021476
10021464
10021452
10021442
10021430
10021418
10021408
10021396
10021384
10021372
10021362
10021354
10021342
10021330
10021320
10021308
10021296
10021286
10021274
10021262
10021250
10021240
10021228
10021220
10021208
10021198
10021186
10021174
10021162
10021152
10021140
10021128
10021118
10021110
10021098
10021086
10021076
10021064
10021052
10021040
10021030
10021018
10021006
10020996
10020988
10020976
10020964
10020954
10020942
10020930
10020918
10020908
10020896
10020888
10020876
10020866
10020854
10020842
10020832
10020820
10020808
10020796
10020786
10020778
10020766
10020754
10020744
10020732
10020720
10020708
10020698
10020686
10020678
10020668
10020656
10020644
10020632
10020622
10020610
10020598
10020586
10020580
10020568
10020556
10020544
10020534
10020522
10020510
10020500
10020492
10020480
10020468
10020458
10020446
10020434
10020422
10020412
10020404
10020392
10020380
10020370
10020358
10020346
10020336
10020324
10020316
10020304
10020294
10020282
10020270
10020258
10020248
10020236
10020224
10020214
10020202
10020190
10020178
10020168
10020156
10020144
10020132
10020122
10020110
10020098
10020088
10020076
10020060
10020050
10020038
10020026
10020014
10020004
10019992
10019980
10019968
10019958
10019946
10019934
10019924
10019912
10019900
10019888
10019878
10019866
10019854
10019844
10019832
10019820
10019808
10019798
10019786
10019774
10019762
10019752
10019740
10019728
10019718
10019706
10019694
10019682
10019672
10019660
10019648
10019638
10019626
10019614
10019602
10019592
10019580
10019568
10019556
10019546
10019534
10019522
10019512
10019500
10019488
10019476
10019466
10019454
10019442
10019432
10019420
10019408
10019396
10019386
10019374
10019362
10019350
10019340
10019328
10019316
10019306
10019294
10019282
10019270
10019260
10019248
10019236
10019226
10019214
10019202
10019190
10019180
10019168
10019156
10019144
10019134
10019122
10019110
10019100
10019088
10019076
10019064
10019054
10019042
10019030
10019020
10019008
10018996
10018984
10018974
10018962
10018950
10018938
10018928
10018916
10018904
10018894
10018882
10018870
10018858
10018848
10018836
10018824
10018814
10018802
10018790
10018778
10018768
10018756
10018744
10018732
10018722
10018710
10018698
10018688
10018676
10018660
10018650
10018638
10018626
10018614
10018604
10018592
10018580
10018568
10018558
10018546
10018534
10018524
10018508
10018496
10018486
10018474
10018462
10018450
10018440
10018428
10018416
10018404
10018394
10018382
10018370
10018360
10018344
10018332
10018320
10018310
10018298
10018286
10018276
10018264
10018252
10018240
10018230
10018218
10018206
10018196
10018184
10018172
10018156
10018146
10018134
10018122
10018112
10018100
10018088
10018076
10018066
10018054
10018042
10018032
10018020
10018008
10017996
10017986
10017974
10017962
10017948
10017936
10017924
10017912
10017902
10017890
10017878
10017868
10017856
10017844
10017832
10017822
10017810
10017798
10017786
10017776
10017764
10017752
10017742
10017730
10017718
10017704
10017692
10017680
10017668
10017658
10017646
10017634
10017622
10017612
10017600
10017588
10017578
10017566
10017554
10017542
10017532
10017520
10017508
10017498
10017486
10017474
10017462
10017452
10017440
10017428
10017416
10017406
10017394
10017382
10017372
10017360
10017344
10017332
10017322
10017310
10017298
10017288
10017276
10017260
10017250
10017238
10017226
10017210
10017200
10017188
10017176
10017162
10017150
10017138
10017126
10017116
10017100
10017088
10017078
10017066
10017050
10017040
10017028
10017016
10017002
10016990
10016978
10016966
10016952
10016940
10016928
10016918
10016906
10016890
10016880
10016868
10016856
10016840
10016830
10016818
10016806
10016796
10016780
10016768
10016756
10016746
10016730
10016718
10016708
10016696
10016684
10016670
10016658
10016646
10016634
10016620
10016608
10016596
10016586
10016574
10016558
10016548
10016536
10016524
10016510
10016498
10016486
10016474
10016464
10016448
10016436
10016426
10016414
10016402
10016386
10016376
10016364
10016352
10016342
10016326
10016314
10016304
10016292
10016280
10016264
10016254
10016242
10016230
10016220
10016204
10016192
10016180
10016170
10016158
10016142
10016132
10016120
10016108
10016098
10016082
10016070
10016058
10016048
10016036
10016020
10016010
10015998
10015986
10015974
10015960
10015948
10015936
10015926
10015914
10015898
10015888
10015876
10015864
10015852
10015842
10015826
10015814
10015804
10015792
10015780
10015766
10015754
10015742
10015730
10015720
10015708
10015696
10015686
10015674
10015662
10015650
10015640
10015628
10015616
10015604
10015594
10015582
10015570
10015560
10015548
10015540
10015528
10015518
10015506
10015494
10015482
10015472
10015460
10015448
10015438
10015426
10015414
10015402
10015392
10015380
10015368
10015356
10015346
10015334
10015322
10015312
10015300
10015288
10015276
10015266
10015254
10015242
10015232
10015224
10015212
10015200
10015190
10015178
10015166
10015154
10015144
10015132
10015120
10015110
10015098
10015086
10015074
10015064
10015052
10015040
10015028
10015018
10015006
10014994
10014986
10014976
10014964
10014952
10014942
10014930
10014918
10014906
10014896
10014884
10014872
10014862
10014850
10014838
10014826
10014816
10014804
10014792
10014784
10014774
10014762
10014750
10014738
10014728
10014716
10014704
10014694
10014682
10014670
10014658
10014648
10014636
10014624
10014616
10014606
10014594
10014582
10014572
10014560
10014548
10014536
10014526
10014514
10014502
10014492
10014480
10014468
10014460
10014450
10014438
10014426
10014414
10014404
10014392
10014380
10014368
10014358
10014346
10014334
10014324
10014316
10014304
10014292
10014278
10014266
10014254
10014244
10014232
10014220
10014208
10014198
10014186
10014174
10014162
10014148
10014136
10014124
10014114
10014102
10014090
10014080
10014068
10014056
10014044
10014034
10014022
10014006
10013996
10013984
10013972
10013960
10013950
10013938
10013926
10013916
10013904
10013892
10013880
10013866
10013854
10013842
10013832
10013820
10013808
10013796
10013786
10013774
10013762
10013750
10013740
10013728
10013716
10013702
10013690
10013678
10013668
10013656
10013644
10013632
10013622
10013610
10013598
10013586
10013576
10013564
10013552
10013542
10013530
10013514
10013504
10013492
10013480
10013468
10013458
10013446
10013434
10013422
10013412
10013400
10013388
10013378
10013366
10013354
10013342
10013332
10013316
10013304
10013294
10013282
10013270
10013258
10013248
10013236
10013224
10013214
10013202
10013190
10013178
10013168
10013156
10013144
10013134
10013122
10013110
10013098
10013088
10013072
10013060
10013050
10013038
10013026
10013014
10013004
10012992
10012980
10012968
10012958
10012946
10012934
10012924
10012912
10012900
10012888
10012878
10012866
10012854
10012844
10012832
10012820
10012808
10012794
10012782
10012770
10012760
10012744
10012732
10012722
10012706
10012694
10012682
10012668
10012656
10012644
10012634
10012618
10012606
10012596
10012584
10012568
10012556
10012546
10012530
10012518
10012508
10012496
10012480
10012470
10012458
10012442
10012432
10012420
10012408
10012392
10012382
10012370
10012358
10012344
10012332
10012320
10012306
10012294
10012282
10012270
10012256
10012244
10012232
10012222
10012206
10012194
10012184
10012172
10012156
10012144
10012134
10012118
10012106
10012096
10012084
10012068
10012058
10012046
10012034
10012020
10012008
10011996
10011984
10011970
10011958
10011946
10011936
10011920
10011908
10011898
10011886
10011870
10011858
10011848
10011836
10011820
10011810
10011798
10011786
10011772
10011760
10011748
10011736
10011722
10011710
10011698
10011688
10011672
10011660
10011650
10011638
10011622
10011610
10011600
10011588
10011572
10011562
10011550
10011538
10011524
10011512
10011500
10011488
10011478
10011462
10011450
10011440
10011428
10011412
10011402
10011390
10011378
10011362
10011352
10011340
10011328
10011318
10011302
10011290
10011280
10011268
10011252
10011240
10011230
10011218
10011206
10011192
10011180
10011168
10011156
10011146
10011130
10011118
10011108
10011096
10011084
10011074
10011058
10011046
10011034
10011024
10011012
10010996
10010986
10010974
10010962
10010950
10010940
10010924
10010912
10010902
10010890
10010878
10010868
10010852
10010840
10010828
10010818
10010806
10010794
10010780
10010768
10010756
10010746
10010734
10010722
10010706
10010696
10010684
10010672
10010662
10010650
10010634
10010622
10010612
10010600
10010588
10010578
10010566
10010550
10010540
10010528
10010516
10010504
10010494
10010478
10010466
10010456
10010444
10010432
10010420
10010410
10010394
10010382
10010372
10010360
10010348
10010336
10010322
10010310
10010298
10010288
10010276
10010264
10010252
10010238
10010226
10010214
10010204
10010192
10010180
10010168
10010154
10010142
10010130
10010120
10010108
10010096
10010086
10010074
10010058
10010046
10010036
10010024
10010012
10010002
10009990
10009974
10009962
10009952
10009940
10009928
10009918
10009906
10009894
10009880
10009868
10009856
10009844
10009834
10009822
10009810
10009798
10009784
10009772
10009760
10009750
10009738
10009726
10009716
10009704
10009688
10009676
10009666
10009654
10009642
10009632
10009620
10009608
10009596
10009586
10009574
10009562
10009552
10009540
10009528
10009516
10009502
10009490
10009478
10009468
10009456
10009444
10009432
10009422
10009410
10009398
10009386
10009376
10009364
10009352
10009342
10009330
10009318
10009306
10009296
10009280
10009268
10009258
10009246
10009234
10009222
10009212
10009200
10009188
10009178
10009166
10009154
10009142
10009132
10009120
10009108
10009098
10009086
10009074
10009062
10009052
10009040
10009028
10009016
10009002
10008990
10008978
10008968
10008956
10008944
10008934
10008922
10008910
10008898
10008888
10008876
10008864
10008852
10008842
10008830
10008818
10008808
10008796
10008784
10008772
10008762
10008750
10008738
10008728
10008716
10008704
10008692
10008682
10008670
10008658
10008646
10008636
10008624
10008612
10008602
10008590
10008578
10008566
10008556
10008544
10008532
10008522
10008506
10008494
10008482
10008472
10008460
10008448
10008438
10008426
10008414
10008402
10008392
10008380
10008368
10008358
10008346
10008334
10008322
10008312
10008300
10008288
10008276
10008266
10008254
10008242
10008232
10008220
10008208
10008196
10008186
10008174
10008158
10008148
10008136
10008120
10008110
10008098
10008082
10008070
10008060
10008044
10008032
10008022
10008006
10007994
10007984
10007972
10007956
10007946
10007934
10007918
10007906
10007896
10007880
10007868
10007858
10007842
10007830
10007820
10007804
10007792
10007780
10007766
10007754
10007742
10007732
10007716
10007704
10007694
10007678
10007666
10007656
10007640
10007628
10007616
10007602
10007590
10007578
10007568
10007552
10007540
10007530
10007514
10007502
10007492
10007476
10007464
10007452
10007442
10007426
10007414
10007404
10007388
10007376
10007366
10007354
10007338
10007328
10007316
10007300
10007288
10007278
10007262
10007250
10007240
10007228
10007212
10007202
10007190
10007174
10007164
10007152
10007140
10007124
10007114
10007102
10007090
10007076
10007064
10007052
10007038
10007026
10007014
10007002
10006988
10006976
10006964
10006950
10006938
10006926
10006916
10006900
10006888
10006876
10006866
10006850
10006838
10006828
10006812
10006800
10006790
10006778
10006762
10006752
10006740
10006728
10006712
10006702
10006690
10006678
10006664
10006652
10006640
10006628
10006614
10006602
10006590
10006580
10006564
10006552
10006542
10006530
10006518
10006504
10006492
10006480
10006468
10006458
10006442
10006430
10006420
10006408
10006396
10006384
10006370
10006358
10006346
10006336
10006324
10006312
10006298
10006286
10006274
10006262
10006252
10006236
10006224
10006214
10006202
10006190
10006178
10006164
10006152
10006140
10006130
10006118
10006106
10006092
10006080
10006068
10006056
10006046
10006034
10006018
10006008
10005996
10005984
10005972
10005962
10005946
10005934
10005924
10005912
10005900
10005888
10005874
10005862
10005850
10005840
10005828
10005816
10005804
10005790
10005778
10005766
10005756
10005744
10005732
10005718
10005706
10005694
10005682
10005672
10005660
10005648
10005634
10005622
10005610
10005598
10005588
10005576
10005564
10005550
10005538
10005526
10005516
10005504
10005492
10005480
10005466
10005454
10005442
10005432
10005420
10005408
10005396
10005382
10005370
10005358
10005348
10005336
10005324
10005312
10005302
10005286
10005274
10005264
10005252
10005240
10005228
10005218
10005206
10005190
10005180
10005168
10005156
10005146
10005134
10005122
10005110
10005096
10005084
10005072
10005062
10005050
10005038
10005022
10005012
10005000
10004984
10004974
10004962
10004946
10004936
10004924
10004908
10004898
10004886
10004870
10004858
10004848
10004836
10004820
10004810
10004798
10004782
10004772
10004760
10004744
10004734
10004722
10004710
10004694
10004684
10004672
10004656
10004646
10004634
10004618
10004608
10004596
10004584
10004570
10004558
10004546
10004530
10004520
10004508
10004492
10004482
10004470
10004458
10004444
10004432
10004420
10004404
10004394
10004382
10004370
10004356
10004344
10004332
10004318
10004306
10004294
10004282
10004268
10004256
10004244
10004230
10004218
10004206
10004196
10004180
10004168
10004158
10004142
10004130
10004118
10004108
10004092
10004080
10004070
10004058
10004042
10004032
10004020
10004004
10003992
10003982
10003970
10003954
10003944
10003932
10003920
10003906
10003894
10003882
10003868
10003856
10003844
10003832
10003818
10003806
10003794
10003784
10003768
10003756
10003746
10003734
10003718
10003706
10003696
10003684
10003668
10003658
10003646
10003634
10003620
10003608
10003596
10003584
10003570
10003558
10003546
10003536
10003520
10003508
10003498
10003486
10003470
10003458
10003448
10003436
10003424
10003414
10003402
10003386
10003376
10003364
10003352
10003340
10003330
10003318
10003306
10003294
10003284
10003272
10003260
10003250
10003238
10003226
10003214
10003200
10003188
10003176
10003166
10003154
10003142
10003130
10003120
10003108
10003096
10003086
10003074
10003062
10003050
10003040
10003028
10003016
10003004
10002994
10002978
10002966
10002956
10002944
10002932
10002922
10002910
10002898
10002886
10002876
10002864
10002852
10002840
10002830
10002818
10002806
10002796
10002784
10002772
10002760
10002750
10002738
10002726
10002716
10002704
10002688
10002676
10002666
10002654
10002642
10002632
10002620
10002608
10002596
10002586
10002574
10002562
10002552
10002540
10002528
10002516
10002506
10002494
10002482
10002470
10002460
10002448
10002436
10002426
10002414
10002402
10002390
10002380
10002368
10002356
10002346
10002334
10002322
10002310
10002300
10002288
10002276
10002264
10002254
10002242
10002230
10002220
10002208
10002196
10002184
10002174
10002158
10002146
10002136
10002124
10002112
10002100
10002090
10002078
10002066
10002056
10002044
10002032
10002020
10002010
10001998
10001986
10001976
10001964
10001952
10001940
10001926
10001914
10001898
10001888
10001872
10001860
10001846
10001834
10001818
10001808
10001796
10001780
10001770
10001754
10001742
10001728
10001716
10001700
10001688
10001678
10001662
10001650
10001636
10001624
10001608
10001598
10001582
10001570
10001560
10001544
10001532
10001518
10001506
10001490
10001480
10001468
10001452
10001440
10001426
10001414
10001398
10001388
10001376
10001360
10001350
10001334
10001322
10001308
10001296
10001284
10001270
10001258
10001242
10001232
10001216
10001204
10001194
10001178
10001166
10001152
10001140
10001128
10001112
10001102
10001086
10001074
10001060
10001048
10001036
10001022
10001010
10000994
10000984
10000972
10000956
10000946
10000930
10000918
10000906
10000892
10000880
10000864
10000854
10000842
10000826
10000816
10000800
10000788
10000778
10000762
10000750
10000736
10000724
10000712
10000698
10000686
10000670
10000658
10000648
10000632
10000620
10000606
10000594
10000582
10000568
10000556
10000540
10000530
10000518
10000502
10000492
10000476
10000464
10000452
10000438
10000426
10000414
10000400
10000388
10000372
10000362
10000350
10000334
10000324
10000308
10000296
10000286
10000274
10000262
10000250
10000240
10000224
10000212
10000202
10000190
10000178
10000166
10000156
10000144
10000132
10000118
10000106
10000094
10000082
10000072
10000060
10000048
10000038
10000026
10000010
10000000
9999992
9999980
9999968
9999954
9999942
9999930
9999918
9999908
9999896
9999884
9999874
9999862
9999850
9999834
9999824
9999812
9999800
9999790
9999778
9999766
9999754
9999744
9999732
9999720
9999706
9999694
9999682
9999670
9999660
9999648
9999636
9999626
9999614
9999602
9999590
9999580
9999564
9999552
9999542
9999530
9999518
9999506
9999496
9999484
9999472
9999462
9999450
9999438
9999426
9999412
9999400
9999388
9999378
9999366
9999354
9999342
9999332
9999320
9999308
9999298
9999286
9999274
9999262
9999248
9999236
9999224
9999214
9999202
9999190
9999178
9999168
9999156
9999144
9999134
9999122
9999110
9999098
9999088
9999076
9999060
9999050
9999038
9999026
9999014
9999004
9998992
9998980
9998970
9998958
9998946
9998934
9998924
9998912
9998900
9998888
9998878
9998866
9998854
9998840
9998828
9998816
9998804
9998794
9998782
9998770
9998756
9998744
9998732
9998718
9998706
9998694
9998680
9998668
9998652
9998640
9998630
9998614
9998602
9998592
9998576
9998564
9998554
9998538
9998526
9998516
9998500
9998488
9998476
9998462
9998450
9998438
9998424
9998412
9998400
9998386
9998374
9998362
9998348
9998336
9998324
9998310
9998298
9998286
9998274
9998260
9998248
9998236
9998222
9998210
9998198
9998184
9998172
9998160
9998146
9998134
9998122
9998106
9998096
9998084
9998068
9998058
9998046
9998030
9998020
9998008
9997996
9997982
9997970
9997958
9997942
9997932
9997920
9997904
9997894
9997882
9997866
9997856
9997844
9997832
9997816
9997806
9997794
9997778
9997768
9997756
9997740
9997730
9997718
9997706
9997692
9997680
9997668
9997652
9997642
9997630
9997614
9997604
9997592
9997580
9997566
9997554
9997542
9997528
9997516
9997504
9997492
9997478
9997466
9997454
9997440
9997428
9997416
9997406
9997390
9997378
9997366
9997352
9997340
9997328
9997318
9997302
9997290
9997280
9997268
9997252
9997240
9997230
9997214
9997202
9997192
9997180
9997164
9997154
9997142
9997130
9997118
9997108
9997096
9997084
9997070
9997058
9997046
9997034
9997024
9997012
9997000
9996986
9996974
9996962
9996952
9996940
9996928
9996916
9996906
9996890
9996878
9996868
9996856
9996844
9996832
9996822
9996810
9996794
9996784
9996772
9996760
9996748
9996738
9996726
9996714
9996704
9996688
9996676
9996664
9996654
9996642
9996630
9996620
9996608
9996592
9996582
9996570
9996558
9996546
9996536
9996524
9996512
9996500
9996490
9996474
9996462
9996452
9996440
9996428
9996416
9996406
9996394
9996382
9996372
9996356
9996344
9996334
9996322
9996310
9996298
9996288
9996276
9996264
9996252
9996238
9996226
9996214
9996204
9996192
9996180
9996170
9996158
9996146
9996134
9996124
9996108
9996096
9996086
9996074
9996062
9996050
9996040
9996028
9996016
9996006
9995994
9995982
9995966
9995956
9995944
9995932
9995922
9995910
9995898
9995886
9995876
9995864
9995852
9995840
9995830
9995814
9995802
9995792
9995780
9995768
9995758
9995746
9995734
9995722
9995712
9995700
9995688
9995676
9995666
9995650
9995638
9995628
9995612
9995600
9995590
9995574
9995562
9995552
9995540
9995524
9995512
9995502
9995486
9995474
9995464
9995452
9995436
9995426
9995414
9995398
9995388
9995376
9995360
9995348
9995338
9995326
9995310
9995300
9995288
9995276
9995262
9995250
9995238
9995222
9995212
9995200
9995188
9995174
9995162
9995150
9995136
9995124
9995112
9995100
9995086
9995074
9995062
9995052
9995036
9995024
9995014
9994998
9994986
9994976
9994964
9994948
9994936
9994926
9994914
9994898
9994888
9994876
9994864
9994850
9994838
9994826
9994812
9994800
9994788
9994776
9994762
9994750
9994738
9994728
9994712
9994700
9994688
9994678
9994662
9994650
9994640
9994628
9994612
9994602
9994590
9994578
9994564
9994552
9994540
9994528
9994514
9994502
9994490
9994480
9994464
9994452
9994440
9994430
9994414
9994402
9994392
9994380
9994364
9994354
9994342
9994330
9994318
9994304
9994292
9994280
9994270
9994254
9994242
9994232
9994220
9994204
9994194
9994182
9994170
9994158
9994144
9994132
9994120
9994110
9994094
9994082
9994070
9994060
9994048
9994032
9994022
9994010
9993998
9993988
9993976
9993964
9993952
9993938
9993926
9993914
9993904
9993892
9993880
9993868
9993858
9993842
9993830
9993820
9993808
9993796
9993784
9993774
9993762
9993746
9993736
9993724
9993712
9993700
9993690
9993678
9993666
9993652
9993640
9993628
9993618
9993606
9993594
9993582
9993572
9993560
9993544
9993534
9993522
9993510
9993498
9993488
9993476
9993464
9993452
9993442
9993426
9993414
9993404
9993392
9993380
9993370
9993358
9993346
9993334
9993324
9993308
9993296
9993286
9993274
9993262
9993250
9993240
9993228
9993216
9993206
9993190
9993178
9993166
9993156
9993144
9993132
9993122
9993110
9993098
9993086
9993076
9993064
9993048
9993038
9993026
9993014
9993002
9992992
9992980
9992968
9992958
9992946
9992934
9992922
9992908
9992896
9992884
9992874
9992862
9992850
9992838
9992828
9992816
9992804
9992794
9992782
9992770
9992754
9992744
9992732
9992720
9992710
9992698
9992686
9992674
9992664
9992652
9992640
9992630
9992618
9992606
9992594
9992584
9992568
9992556
9992546
9992534
9992522
9992506
9992496
9992484
9992468
9992458
9992446
9992434
9992420
9992408
9992396
9992382
9992370
9992358
9992342
9992332
9992320
9992304
9992294
9992282
9992270
9992256
9992244
9992232
9992218
9992206
9992194
9992178
9992168
9992156
9992144
9992130
9992118
9992106
9992092
9992080
9992068
9992056
9992042
9992030
9992018
9992004
9991992
9991980
9991970
9991954
9991942
9991930
9991916
9991904
9991892
9991882
9991866
9991854
9991844
9991828
9991816
9991806
9991794
9991778
9991766
9991756
9991740
9991728
9991718
9991706
9991690
9991680
9991668
9991656
9991640
9991630
9991618
9991602
9991592
9991580
9991568
9991554
9991542
9991530
9991518
9991504
9991492
9991480
9991470
9991454
9991442
9991432
9991416
9991404
9991394
9991382
9991366
9991354
9991344
9991332
9991316
9991306
9991294
9991282
9991268
9991256
9991244
9991232
9991218
9991206
9991194
9991184
9991168
9991156
9991146
9991134
9991118
9991106
9991096
9991084
9991068
9991058
9991046
9991034
9991020
9991008
9990996
9990984
9990974
9990958
9990946
9990936
9990924
9990912
9990900
9990890
9990878
9990866
9990852
9990840
9990828
9990818
9990806
9990794
9990782
9990772
9990760
9990748
9990736
9990726
9990714
9990702
9990692
9990676
9990664
9990652
9990642
9990630
9990618
9990608
9990596
9990584
9990572
9990562
9990550
9990538
9990528
9990516
9990504
9990492
9990478
9990466
9990454
9990444
9990432
9990420
9990408
9990398
9990386
9990374
9990364
9990352
9990340
9990328
9990318
9990306
9990294
9990282
9990272
9990260
9990248
9990234
9990222
9990210
9990200
9990188
9990176
9990164
9990154
9990142
9990130
9990118
9990108
9990096
9990084
9990074
9990062
9990050
9990038
9990028
9990016
9990004
9989994
9989982
9989970
9989958
9989948
9989936
9989924
9989912
9989902
9989890
9989878
9989864
9989852
9989840
9989830
9989818
9989806
9989794
9989784
9989772
9989760
9989748
9989738
9989726
9989714
9989704
9989692
9989680
9989668
9989658
9989646
9989634
9989624
9989612
9989600
9989588
9989578
9989566
9989554
9989542
9989532
9989520
9989508
9989498
9989486
9989474
9989462
9989452
9989436
9989424
9989414
9989398
9989386
9989376
9989360
9989348
9989336
9989322
9989310
9989298
9989284
9989272
9989260
9989250
9989234
9989222
9989212
9989196
9989184
9989172
9989158
9989146
9989134
9989120
9989108
9989096
9989082
9989070
9989058
9989044
9989032
9989020
9989008
9988994
9988982
9988970
9988956
9988944
9988932
9988918
9988906
9988894
9988880
9988868
9988856
9988844
9988830
9988818
9988806
9988792
9988780
9988768
9988754
9988742
9988730
9988718
9988704
9988692
9988680
9988666
9988654
9988642
9988628
9988616
9988604
9988594
9988578
9988566
9988554
9988540
9988528
9988516
9988506
9988490
9988478
9988468
9988452
9988440
9988430
9988418
9988402
9988390
9988380
9988364
9988352
9988342
9988330
9988314
9988304
9988292
9988280
9988264
9988254
9988242
9988226
9988216
9988204
9988192
9988178
9988166
9988154
9988142
9988128
9988116
9988104
9988090
9988078
9988066
9988056
9988040
9988028
9988018
9988006
9987990
9987978
9987968
9987956
9987940
9987930
9987918
9987906
9987892
9987880
9987868
9987856
9987842
9987830
9987818
9987808
9987796
9987784
9987772
9987762
9987750
9987738
9987724
9987712
9987700
9987688
9987678
9987666
9987654
9987644
9987632
9987620
9987606
9987594
9987582
9987570
9987560
9987548
9987536
9987524
9987514
9987502
9987490
9987476
9987464
9987452
9987442
9987430
9987418
9987406
9987396
9987384
9987372
9987360
9987350
9987334
9987322
9987312
9987300
9987288
9987276
9987266
9987254
9987242
9987232
9987220
9987208
9987196
9987182
9987170
9987158
9987148
9987136
9987124
9987112
9987102
9987090
9987078
9987068
9987056
9987044
9987032
9987018
9987006
9986994
9986984
9986972
9986960
9986948
9986938
9986926
9986914
9986904
9986892
9986880
9986868
9986858
9986846
9986834
9986820
9986808
9986796
9986784
9986774
9986762
9986750
9986740
9986728
9986716
9986704
9986694
9986682
9986670
9986660
9986648
9986636
9986624
9986614
9986602
9986590
9986576
9986564
9986552
9986540
9986530
9986518
9986506
9986494
9986484
9986472
9986460
9986450
9986438
9986426
9986414
9986404
9986392
9986380
9986370
9986358
9986346
9986330
9986320
9986308
9986296
9986286
9986274
9986258
9986248
9986236
9986224
9986212
9986202
9986190
9986174
9986164
9986152
9986140
9986128
9986118
9986102
9986090
9986080
9986068
9986056
9986044
9986034
9986018
9986006
9985996
9985984
9985972
9985960
9985950
9985934
9985922
9985912
9985900
9985888
9985876
9985866
9985850
9985838
9985828
9985816
9985804
9985794
9985782
9985770
9985754
9985744
9985732
9985720
9985710
9985698
9985686
9985670
9985660
9985648
9985636
9985626
9985614
9985602
9985590
9985576
9985564
9985552
9985542
9985530
9985518
9985506
9985496
9985484
9985468
9985458
9985446
9985434
9985424
9985412
9985400
9985388
9985374
9985362
9985350
9985340
9985328
9985316
9985304
9985294
9985282
9985266
9985256
9985244
9985232
9985220
9985210
9985198
9985186
9985176
9985164
9985148
9985136
9985126
9985114
9985102
9985092
9985080
9985068
9985056
9985046
9985030
9985018
9985008
9984996
9984984
9984972
9984962
9984950
9984938
9984928
9984916
9984900
9984888
9984878
9984866
9984854
9984844
9984832
9984820
9984808
9984798
9984786
9984774
9984764
9984752
9984740
9984728
9984718
9984706
9984694
9984682
9984672
9984660
9984648
9984638
9984626
9984614
9984602
9984592
9984580
9984568
9984558
9984546
9984534
9984522
9984512
9984500
9984488
9984476
9984466
9984454
9984442
9984432
9984420
9984408
9984396
9984386
9984374
9984362
9984352
9984340
9984328
9984316
9984306
9984294
9984282
9984272
9984260
9984248
9984236
9984226
9984214
9984202
9984190
9984180
9984168
9984156
9984146
9984134
9984122
9984110
9984100
9984088
9984076
9984066
9984054
9984042
9984030
9984020
9984008
9983996
9983984
9983974
9983962
9983950
9983940
9983928
9983916
9983904
9983894
9983882
9983870
9983860
9983848
9983836
9983824
9983814
9983806
9983794
9983782
9983772
9983760
9983748
9983736
9983726
9983714
9983702
9983692
9983680
9983668
9983656
9983646
9983634
9983622
9983612
9983600
9983588
9983576
9983566
9983554
9983542
9983530
9983524
9983512
9983500
9983488
9983478
9983466
9983454
9983444
9983432
9983420
9983408
9983398
9983386
9983374
9983364
9983352
9983336
9983324
9983314
9983302
9983290
9983276
9983264
9983252
9983242
9983226
9983214
9983202
9983192
9983180
9983164
9983154
9983142
9983130
9983116
9983104
9983092
9983080
9983070
9983054
9983042
9983032
9983020
9983004
9982994
9982982
9982970
9982958
9982944
9982932
9982920
9982910
9982894
9982882
9982872
9982860
9982848
9982832
9982822
9982810
9982798
9982788
9982772
9982760
9982748
9982738
9982726
9982710
9982700
9982688
9982676
9982666
9982650
9982638
9982626
9982616
9982604
9982588
9982578
9982566
9982554
9982542
9982528
9982516
9982504
9982494
9982482
9982466
9982456
9982444
9982432
9982420
9982410
9982394
9982382
9982372
9982360
9982348
9982334
9982322
9982310
9982298
9982288
9982276
9982260
9982250
9982238
9982226
9982214
9982200
9982188
9982176
9982166
9982154
9982142
9982128
9982116
9982104
9982092
9982082
9982070
9982054
9982044
9982032
9982020
9982008
9981998
9981982
9981970
9981960
9981948
9981936
9981924
9981910
9981898
9981886
9981876
9981864
9981852
9981838
9981826
9981814
9981802
9981792
9981780
9981768
9981758
9981746
9981734
9981722
9981712
9981700
9981688
9981678
9981666
9981654
9981642
9981632
9981620
9981604
9981594
9981582
9981570
9981558
9981548
9981536
9981524
9981512
9981502
9981490
9981478
9981468
9981456
9981444
9981432
9981422
9981410
9981398
9981388
9981376
9981364
9981352
9981342
9981330
9981318
9981306
9981296
9981284
9981272
9981262
9981250
9981238
9981226
9981216
9981204
9981192
9981182
9981170
9981158
9981146
9981136
9981124
9981112
9981100
9981090
9981078
9981066
9981056
9981044
9981032
9981020
9981010
9980998
9980986
9980976
9980964
9980952
9980940
9980930
9980918
9980906
9980894
9980884
9980872
9980860
9980850
9980838
9980826
9980814
9980804
9980792
9980780
9980770
9980758
9980746
9980734
9980724
9980712
9980700
9980690
9980678
9980666
9980654
9980644
9980632
9980620
9980608
9980598
9980586
9980574
9980564
9980552
9980540
9980528
9980518
9980506
9980494
9980484
9980472
9980460
9980448
9980438
9980426
9980414
9980402
9980392
9980380
9980368
9980358
9980346
9980334
9980322
9980312
9980300
9980288
9980278
9980266
9980254
9980242
9980232
9980220
9980208
9980194
9980182
9980170
9980158
9980148
9980136
9980124
9980112
9980102
9980090
9980078
9980068
9980056
9980044
9980032
9980022
9980006
9979994
9979984
9979972
9979960
9979948
9979938
9979926
9979914
9979904
9979892
9979880
9979868
9979858
9979846
9979834
9979824
9979812
9979800
9979784
9979774
9979762
9979750
9979740
9979728
9979716
9979704
9979694
9979682
9979670
9979660
9979648
9979636
9979624
9979614
9979602
9979590
9979578
9979568
9979556
9979544
9979534
9979522
9979510
9979496
9979484
9979472
9979460
9979450
9979438
9979426
9979414
9979404
9979392
9979380
9979370
9979358
9979346
9979334
9979324
9979312
9979300
9979290
9979278
9979266
9979254
9979244
9979232
9979220
9979208
9979198
9979186
9979174
9979164
9979152
9979140
9979128
9979118
9979106
9979094
9979084
9979072
9979060
9979048
9979038
9979026
9979014
9979002
9978992
9978980
9978968
9978958
9978946
9978934
9978922
9978912
9978900
9978888
9978878
9978866
9978854
9978842
9978832
9978820
9978808
9978796
9978786
9978774
9978766
9978754
9978744
9978732
9978720
9978710
9978698
9978686
9978674
9978664
9978656
9978644
9978632
9978622
9978610
9978598
9978588
9978576
9978564
9978556
9978546
9978534
9978522
9978510
9978500
9978488
9978476
9978466
9978458
9978446
9978434
9978424
9978412
9978400
9978388
9978378
9978366
9978358
9978346
9978336
9978324
9978312
9978302
9978290
9978278
9978270
9978260
9978248
9978236
9978224
9978214
9978202
9978190
9978182
9978172
9978160
9978148
9978136
9978126
9978114
9978102
9978096
9978084
9978072
9978060
9978050
9978038
9978026
9978018
9978008
9977996
9977984
9977972
9977962
9977950
9977942
9977930
9977920
9977908
9977896
9977886
9977874
9977866
9977854
9977844
9977832
9977820
9977808
9977798
9977790
9977778
9977766
9977756
9977744
9977732
9977724
9977714
9977702
9977690
9977680
9977668
9977656
9977648
9977638
9977626
9977614
9977602
9977592
9977584
9977572
9977560
9977550
9977538
9977526
9977518
9977508
9977496
9977484
9977474
9977462
9977450
9977438
9977428
9977416
9977404
9977394
9977382
9977370
9977358
9977348
9977336
9977324
9977312
9977302
9977290
9977278
9977268
9977256
9977244
9977232
9977222
9977210
9977198
9977188
9977176
9977164
9977152
9977142
9977134
9977122
9977110
9977100
9977088
9977076
9977066
9977054
9977042
9977030
9977020
9977008
9976996
9976984
9976974
9976962
9976950
9976940
9976928
9976916
9976904
9976894
9976882
9976870
9976860
9976848
9976836
9976824
9976814
9976802
9976790
9976778
9976768
9976756
9976744
9976734
9976722
9976710
9976698
9976688
9976680
9976668
9976656
9976646
9976634
9976622
9976612
9976600
9976588
9976576
9976566
9976554
9976542
9976530
9976520
9976508
9976496
9976486
9976474
9976462
9976450
9976440
9976432
9976420
9976408
9976398
9976386
9976374
9976364
9976352
9976340
9976328
9976318
9976306
9976294
9976284
9976272
9976260
9976248
9976238
9976230
9976218
9976206
9976196
9976184
9976172
9976160
9976150
9976138
9976126
9976116
9976104
9976092
9976080
9976070
9976062
9976050
9976038
9976028
9976016
9976004
9975994
9975982
9975970
9975958
9975948
9975936
9975924
9975914
9975902
9975890
9975878
9975868
9975856
9975840
9975830
9975818
9975806
9975794
9975784
9975772
9975760
9975748
9975738
9975726
9975714
9975704
9975692
9975680
9975668
9975658
9975646
9975634
9975624
9975612
9975600
9975588
9975578
9975566
9975554
9975542
9975532
9975520
