0
-909031
-861903
-863221
-873732
-876889
-842273
-798700
-783519
-796162
-797408
-762642
-715131
-695070
-705209
-706809
-671718
-620663
-595873
-603893
-606425
-571645
-517583
-488220
-494228
-498031
-464262
-407823
-374299
-378527
-384037
-351839
-293397
-255941
-258844
-266780
-236772
-176569
-135194
-137039
-148080
-121089
-59685
-14533
-15278
-29749
-6536
55453
104235
104422
85889
104716
167181
219781
220674
197191
210669
273472
330437
332206
303049
310072
372737
434459
437477
402118
401704
463958
531086
535636
492976
483752
545804
619900
626613
574985
554693
616629
700067
710360
648001
613786
675370
771065
786862
711350
659134
720747
834107
858497
764705
686583
749099
891235
931242
809522
688733
752595
946816
1019452
849175
644236
708324
1021219
1185297
895630
417515
438245
1338275
2652995
3386336
2933564
1670368
585938
348036
768288
1157942
1097733
776264
626891
785228
995688
987011
799200
685060
769163
911855
917115
784644
687953
736437
842882
853429
750389
663239
689986
773314
786316
701834
620658
631909
698035
711847
640413
563637
563306
616053
629618
567371
493657
484402
526641
539680
484224
412585
395875
429425
441848
392022
322252
299247
324982
336508
291485
223643
195498
214596
225176
184161
117998
85630
99182
109126
71750
7197
-28777
-20017
-10468
-44238
-106788
-145649
-141186
-132050
-162267
-222419
-263309
-262369
-253303
-280015
-337668
-380003
-381783
-372299
-395275
-450145
-493377
-497417
-487240
-506202
-557674
-601087
-606843
-595821
-610647
-658308
-701217
-708071
-695765
-706235
-749885
-791870
-799235
-785188
-790938
-830185
-870815
-878396
-862461
-863311
-897624
-936281
-943670
-925728
-921593
-950774
-987007
-993791
-973593
-964292
-988192
-1021840
-1027863
-1005170
-990529
-1008918
-1039758
-1044904
-1019902
-1000008
-1012628
-1040329
-1044457
-1017240
-992264
-999194
-1023731
-1026842
-997405
-967369
-968676
-990169
-992470
-961044
-926034
-921748
-940230
-941915
-908947
-869431
-859642
-875066
-876319
-842215
-798572
-783600
-796249
-797411
-762468
-714915
-694966
-705259
-706856
-671633
-620560
-595810
-603845
-606290
-571483
-517523
-488298
-494261
-497903
-464034
-407659
-374292
-378619
-384091
-351723
-293177
-255773
-258849
-266822
-236722
-176467
-135147
-136998
-147945
-120876
-59569
-14596
-15388
-29737
-6317
55705
104333
104297
85736
104742
167402
220005
220712
197148
210697
273571
330473
332154
303112
310332
372948
434409
437260
401996
401874
464311
531288
535559
492743
483662
545982
620182
626702
574903
554697
616757
700052
710179
647910
614063
675780
771166
786521
710930
659123
721178
834590
858542
764272
686192
749184
891644
931438
809370
688725
752956
946872
1018726
848367
644480
709697
1022429
1184875
893655
415822
438998
1341879
2657314
3388255
2931628
1666213
582782
347553
769312
1158372
1097290
776106
627520
785863
995528
986199
798619
685272
769882
912325
916879
783981
687560
736661
843342
853561
750144
663044
690033
773339
786107
701646
620767
632184
698138
711593
640057
563519
563531
616321
629618
567074
493379
484368
526801
539735
484098
412479
395877
429415
441678
391789
322211
299389
325082
336380
291218
223443
195536
214760
225220
183976
117756
85494
99220
109156
71634
7079
-28781
-20013
-10605
-44471
-106899
-145588
-141093
-132100
-162490
-222641
-263388
-262311
-253262
-280106
-337873
-380147
-381816
-372298
-395368
-450238
-493420
-497399
-487305
-506371
-557836
-601097
-606775
-595820
-610779
-658525
-701361
-708051
-695672
-706245
-750028
-792014
-799294
-785174
-791022
-830280
-870853
-878360
-862462
-863436
-897792
-936308
-943581
-925648
-921649
-950920
-987128
-993794
-973481
-964262
-988246
-1021934
-1027882
-1005147
-990571
-1008977
-1039777
-1044822
-1019813
-1000050
-1012737
-1040389
-1044394
-1017114
-992220
-999283
-1023826
-1026838
-997307
-967277
-968672
-990218
-992444
-960953
-926013
-921797
-940216
-941796
-908805
-869413
-859741
-875128
-876243
-842033
-798425
-783599
-796340
-797424
-762358
-714780
-694920
-705289
-706825
-671521
-620470
-595821
-603857
-606208
-571309
-517411
-488322
-494356
-497884
-463877
-407466
-374211
-378673
-384129
-351627
-293001
-255685
-258823
-266791
-236574
-176340
-135153
-137049
-147868
-120666
-59393
-14574
-15490
-29760
-6161
55940
104453
104276
85681
104817
167587
220142
220701
197135
210839
273743
330477
332043
303104
310521
373218
434507
437154
401872
401949
464564
531491
535538
492588
483619
546145
620337
626654
574826
554855
617007
700112
709959
647720
614192
676162
771413
786386
710598
659040
721477
834965
858575
763975
686007
749404
891912
931289
809016
688841
753576
947251
1018275
847482
644227
710598
1023611
1184899
892245
414450
439713
1345057
2660948
3389448
2929429
1662631
580739
347898
770383
1158479
1096479
775565
627903
786662
995770
985661
797942
685208
770395
912749
916719
783493
687340
736851
843607
853470
749914
663033
690243
773411
785880
701364
620740
632415
698310
711449
639721
563341
563623
616519
629600
566856
493166
484382
526916
539699
483926
412366
395971
429458
441560
391583
322085
299440
325209
336351
291008
223247
195502
214851
225228
183835
117573
85447
99242
109137
71509
6959
-28792
-19971
-10670
-44643
-107068
-145609
-141025
-132116
-162627
-222816
-263455
-262266
-253231
-280199
-338035
-380230
-381788
-372319
-395481
-450371
-493451
-497352
-487331
-506511
-557986
-601158
-606732
-595789
-610851
-658677
-701442
-708020
-695659
-706298
-750130
-792094
-799277
-785171
-791104
-830410
-870899
-878311
-862428
-863498
-897908
-936374
-943536
-925572
-921671
-951029
-987195
-993756
-973434
-964262
-988339
-1022001
-1027854
-1005073
-990599
-1009070
-1039819
-1044755
-1019727
-1000039
-1012820
-1040449
-1044349
-1017031
-992188
-999328
-1023885
-1026793
-997191
-967192
-968720
-990259
-992404
-960867
-925979
-921832
-940260
-941728
-908694
-869339
-859754
-875180
-876208
-841916
-798336
-783608
-796375
-797374
-762234
-714677
-694911
-705292
-706783
-671380
-620377
-595815
-603900
-606138
-571153
-517276
-488306
-494378
-497839
-463729
-407303
-374176
-378728
-384108
-351479
-292840
-255620
-258856
-266765
-236429
-176194
-135129
-137115
-147870
-120518
-59195
-14500
-15542
-29786
-6040
56133
104537
104211
85664
104919
167767
220210
220651
197117
210987
273941
330535
331975
303039
310626
373435
434608
437063
401768
402010
464781
531633
535447
492455
483700
546385
620470
626563
574701
554920
617238
700256
709844
647536
614240
676450
771592
786257
710348
659016
721796
835220
858454
763667
685961
749741
892228
931142
808579
688753
754037
947755
1018107
846790
643955
711243
1024471
1184741
890894
413519
441029
1348588
2664232
3389857
2926606
1658870
578776
348458
771849
1158987
1095733
774734
627950
787342
996110
985271
797405
685182
770816
912997
916487
783074
687274
737182
843796
853302
749537
662900
690453
773599
785761
701076
620616
632577
698447
711361
639487
563237
563740
616639
629527
566606
493039
484478
527039
539630
483699
412218
396011
429585
441531
391376
321921
299476
325283
336283
290809
223094
195524
214928
225183
183648
117424
85432
99319
109107
71326
6762
-28814
-19927
-10684
-44784
-107232
-145653
-140991
-132117
-162770
-222994
-263498
-262228
-253271
-280366
-338195
-380272
-381742
-372319
-395598
-450559
-493532
-497335
-487301
-506596
-558140
-601239
-606712
-595789
-610970
-658831
-701516
-707994
-695654
-706402
-750279
-792158
-799223
-785132
-791163
-830564
-870992
-878287
-862400
-863535
-898033
-936456
-943504
-925549
-921707
-951133
-987262
-993722
-973364
-964300
-988453
-1022080
-1027807
-1004976
-990560
-1009161
-1039906
-1044757
-1019664
-1000029
-1012878
-1040504
-1044310
-1016938
-992162
-999381
-1023932
-1026741
-997096
-967174
-968781
-990325
-992348
-960742
-925879
-921862
-940310
-941701
-908565
-869239
-859770
-875227
-876156
-841797
-798257
-783601
-796400
-797291
-762070
-714552
-694928
-705365
-706726
-671249
-620232
-595778
-603938
-606126
-571018
-517127
-488260
-494412
-497804
-463586
-407179
-374168
-378754
-384044
-351313
-292681
-255608
-258937
-266762
-236286
-175990
-135023
-137156
-147889
-120408
-59035
-14437
-15549
-29752
-5912
56296
104574
104152
85670
105104
167972
220265
220551
197042
211081
274167
330701
331943
302972
310698
373610
434715
437011
401739
402148
464987
531674
535312
492377
483866
546664
620598
626459
574471
554906
617505
700511
709825
647367
614214
676636
771758
786161
710185
659131
722125
835368
858159
763284
686033
750256
892648
930985
808013
688403
754361
948339
1018236
846294
643612
711686
1025102
1184385
889570
412965
442983
1352504
2667284
3389524
2923091
1654900
576927
349258
773769
1159917
1095055
773562
627651
787903
996609
985103
797012
685166
771115
913052
916128
782779
687419
737580
843949
852991
749097
662744
690708
773910
785745
700771
620392
632618
698608
711319
639294
563159
563849
616683
629349
566375
493017
484644
527159
539507
483427
411995
396026
429758
441567
391216
321709
299409
325335
336266
290678
223009
195558
214945
225057
183445
117298
85502
99427
109062
71099
6542
-28882
-19831
-10645
-44905
-107405
-145759
-141014
-132155
-162879
-223101
-263514
-262197
-253332
-280529
-338340
-380255
-381680
-372315
-395753
-450773
-493649
-497302
-487250
-506663
-558281
-601353
-606722
-595782
-611044
-658930
-701531
-707973
-695673
-706550
-750438
-792171
-799146
-785074
-791237
-830727
-871127
-878298
-862317
-863539
-898119
-936544
-943521
-925540
-921763
-951215
-987278
-993651
-973344
-964379
-988578
-1022128
-1027715
-1004876
-990547
-1009263
-1040029
-1044765
-1019544
-999941
-1012914
-1040561
-1044301
-1016892
-992151
-999437
-1023950
-1026647
-997004
-967191
-968888
-990385
-992263
-960569
-925789
-921886
-940422
-941718
-908455
-869117
-859741
-875234
-876128
-841691
-798198
-783642
-796406
-797206
-761920
-714505
-695002
-705432
-706673
-671042
-620054
-595766
-604017
-606178
-570920
-516958
-488156
-494391
-497773
-463479
-407094
-374152
-378747
-383919
-351096
-292560
-255652
-259030
-266718
-236108
-175773
-134931
-137189
-147973
-120348
-58856
-14311
-15540
-29747
-5781
56395
104581
104113
85745
105329
168169
220239
220405
196994
211244
274433
330902
331902
302818
310682
373771
434884
437045
401714
402237
465124
531669
535172
492365
484098
546963
620624
626203
574233
554982
617850
700841
709839
647071
614040
676771
771993
786216
710095
659178
722339
835367
857837
763067
686321
750905
892916
930548
807279
688104
754858
949253
1018599
845746
642817
711636
1025687
1184516
888841
412724
444831
1355964
2669630
3388445
2919384
1651556
576264
350842
775599
1160380
1093922
772065
627218
788724
997503
985171
796477
684852
771255
913189
915963
782645
687638
737912
843901
852500
748715
662845
691134
774229
785640
700321
620028
632661
698881
711448
639156
562979
563806
616688
629217
566238
493062
484821
527168
539264
483089
411923
396198
429957
441585
390953
321408
299306
325455
336350
290591
222850
195489
214919
224961
183287
117247
85613
99494
108901
70826
6419
-28842
-19696
-10583
-45052
-107671
-145912
-140977
-132079
-162934
-223245
-263608
-262213
-253418
-280699
-338419
-380219
-381613
-372393
-395982
-450964
-493667
-497210
-487164
-506740
-558493
-601533
-606760
-595724
-611067
-659021
-701604
-707977
-695718
-706681
-750556
-792160
-799063
-785096
-791399
-830934
-871194
-878225
-862195
-863520
-898263
-936721
-943582
-925480
-921707
-951272
-987339
-993669
-973347
-964457
-988678
-1022109
-1027586
-1004823
-990668
-1009422
-1040110
-1044693
-1019394
-999840
-1012981
-1040722
-1044370
-1016802
-992057
-999419
-1023951
-1026619
-996961
-967220
-968945
-990355
-992105
-960437
-925807
-922009
-940528
-941674
-908290
-868947
-859709
-875325
-876193
-841626
-798062
-783551
-796370
-797129
-761828
-714496
-695063
-705398
-706496
-670831
-619982
-595855
-604144
-606153
-570735
-516742
-488059
-494462
-497850
-463440
-406927
-374039
-378723
-383857
-350978
-292512
-255712
-259052
-266589
-235845
-175614
-134960
-137350
-148007
-120209
-58569
-14090
-15554
-29878
-5796
56544
104719
104147
85796
105464
168252
220180
220286
197065
211524
274703
330878
331684
302631
310737
374103
435204
437070
401527
402120
465227
531822
535248
492401
484240
547105
620527
625926
574196
555322
618278
700961
709538
646686
613918
677103
772517
786410
709815
658842
722331
835584
857918
763048
686536
751241
892840
929889
806764
688520
755946
949920
1018156
844506
641824
711863
1027122
1185773
888659
411592
444815
1358006
2672035
3388716
2917200
1649224
575880
352000
776149
1159341
1092346
771478
627977
790008
998279
984770
795354
684185
771567
913879
916205
782382
687386
737902
843831
852297
748646
663156
691501
774169
785160
699885
620020
633054
699258
711468
638749
562538
563762
616936
629386
566156
492899
484748
527114
539103
482963
412016
396424
429978
441287
390605
321292
299442
325679
336453
290378
222512
195325
215006
225071
183259
117132
85543
99429
108753
70666
6384
-28713
-19623
-10743
-45354
-107892
-145900
-140826
-131992
-163042
-223497
-263803
-262245
-253336
-280693
-338531
-380304
-381666
-372517
-396149
-451025
-493578
-497103
-487244
-506976
-558720
-601577
-606657
-595614
-611088
-659233
-701823
-708045
-695669
-706643
-750618
-792229
-799094
-785158
-791517
-830993
-871118
-878089
-862195
-863695
-898493
-936805
-943511
-925318
-921643
-951398
-987519
-993759
-973288
-964398
-988684
-1022123
-1027589
-1004841
-990729
-1009502
-1040053
-1044519
-1019307
-999945
-1013152
-1040794
-1044291
-1016639
-991928
-999468
-1024102
-1026708
-996876
-967100
-968902
-990350
-992081
-960400
-925831
-922086
-940465
-941506
-908116
-868935
-859844
-875440
-876145
-841434
-797871
-783509
-796486
-797244
-761776
-714339
-694936
-705367
-706451
-670759
-619982
-595919
-604116
-605942
-570490
-516657
-488156
-494581
-497856
-463248
-406676
-373905
-378773
-383998
-350991
-292343
-255540
-258981
-266525
-235758
-175587
-135049
-137368
-147843
-119893
-58406
-14190
-15763
-29922
-5663
56850
104949
104125
85620
105378
168388
220368
220390
197126
211638
274753
330786
331567
302761
311111
374372
435157
436810
401320
402189
465571
532200
535296
492134
484008
547170
620757
626082
574243
555415
618371
700809
709216
646647
614368
677650
772588
785952
709288
658735
722784
836268
858238
762647
685923
751082
893139
930128
806821
688736
756309
949714
1017135
843667
642489
713799
1028455
1185016
886204
409364
444876
1361202
2676901
3391874
2916210
1645216
572284
350956
776844
1159904
1092335
771733
628743
790363
997547
983639
794980
684790
772501
914346
915852
781491
686806
738131
844502
852634
748401
662781
691353
774141
785048
699864
620273
633300
699128
710972
638386
562616
564142
617238
629347
565765
492480
484673
527403
539315
482890
411788
396273
429921
441217
390529
321360
299626
325668
336130
290050
222437
195486
215212
225104
183005
116776
85366
99522
108937
70658
6186
-28870
-19710
-10836
-45462
-107890
-145797
-140785
-132194
-163352
-223654
-263724
-262066
-253286
-280851
-338820
-380533
-381631
-372365
-396090
-451155
-493738
-497200
-487336
-507086
-558755
-601497
-606572
-595719
-611338
-659416
-701810
-707902
-695569
-706725
-750831
-792439
-799131
-785022
-791432
-831082
-871273
-878179
-862239
-863780
-898530
-936742
-943407
-925356
-921867
-951584
-987529
-993598
-973120
-964366
-988833
-1022330
-1027667
-1004728
-990583
-1009507
-1040146
-1044587
-1019329
-999983
-1013175
-1040740
-1044146
-1016561
-992050
-999628
-1024132
-1026562
-996679
-967012
-968988
-990511
-992175
-960288
-925634
-922008
-940500
-941540
-908096
-868935
-859852
-875369
-875947
-841285
-797920
-783661
-796550
-797105
-761515
-714159
-694953
-705520
-706546
-670661
-619739
-595717
-604093
-605994
-570481
-516618
-488150
-494531
-497641
-463018
-406654
-374064
-378891
-383882
-350698
-292075
-255475
-259123
-266698
-235706
-175326
-134783
-137324
-147896
-119899
-58372
-14175
-15712
-29751
-5369
56955
104780
103934
85656
105702
168735
220512
220262
196889
211546
274987
331128
331683
302682
311052
374394
435140
436785
401468
402547
465806
532028
534929
492030
484319
547670
621065
625961
573837
555138
618556
701287
709508
646569
614212
677615
772550
785823
709363
659232
723272
836111
857468
762101
686175
751948
893900
930150
805984
687752
756183
950627
1018080
843752
642069
713623
1028255
1183951
884827
409946
448776
1366339
2679301
3389639
2911065
1640571
570608
352502
779847
1161782
1091725
769671
627430
790719
998507
984061
794891
684773
772483
913930
915264
781458
687470
738773
844478
851995
747732
662634
691793
774765
785260
699455
619697
633143
699362
711175
638390
562596
564136
617063
628996
565563
492677
485041
527491
539037
482452
411551
396382
430257
441391
390328
320942
299384
325727
336256
290056
222382
195454
215119
224868
182791
116829
85589
99630
108765
70336
5959
-28878
-19502
-10672
-45531
-108200
-146045
-140825
-132112
-163330
-223718
-263776
-262149
-253450
-281056
-338863
-380363
-381518
-372459
-396365
-451423
-493836
-497070
-487177
-507069
-558987
-601745
-606679
-595653
-611305
-659468
-701867
-707937
-695675
-706907
-750912
-792333
-798975
-785042
-791650
-831320
-871356
-878082
-862079
-863716
-898669
-936983
-943495
-925304
-921767
-951570
-987582
-993604
-973187
-964516
-988945
-1022246
-1027472
-1004638
-990725
-1009702
-1040253
-1044514
-1019136
-999855
-1013231
-1040924
-1044250
-1016520
-991909
-999557
-1024119
-1026535
-996666
-967085
-969075
-990453
-991959
-960133
-925686
-922178
-940610
-941467
-907890
-868737
-859817
-875521
-876103
-841216
-797714
-783527
-796508
-797063
-761470
-714186
-695020
-705457
-706326
-670450
-619713
-595888
-604230
-605951
-570245
-516334
-488043
-494642
-497812
-463008
-406436
-373868
-378797
-383837
-350639
-292094
-255541
-259113
-266462
-235404
-175191
-134935
-137498
-147895
-119679
-58042
-13972
-15775
-29949
-5420
57158
105063
104047
85671
105719
168755
220427
220207
197077
211930
275207
330978
331410
302551
311232
374789
435453
436761
401160
402322
465916
532353
535138
492025
484320
547662
620919
625776
573942
555611
618956
701176
708995
646184
614315
678160
773087
785897
708877
658646
723261
836621
857892
762134
686082
751915
893656
929605
805819
688585
757402
950856
1016881
842208
641624
714776
1030247
1185229
884089
407662
447240
1367699
2682757
3391966
2910425
1638367
569324
352514
779587
1160448
1090551
770018
628960
791915
998419
982966
793781
684502
773274
914970
915526
780774
686708
738616
844794
852194
747783
662770
691869
774449
784720
699229
620043
633641
699514
710830
637863
562297
564305
617526
629249
565345
492233
484820
527551
539152
482483
411570
396421
430125
441057
390091
321049
299678
325870
336091
289672
222104
195452
215364
225060
182685
116493
85321
99624
108819
70328
5912
-28897
-19583
-10911
-45797
-108216
-145865
-140684
-132216
-163633
-223982
-263855
-261999
-253282
-281088
-339114
-380627
-381587
-372401
-396348
-451451
-493864
-497120
-487315
-507303
-559070
-601631
-606513
-595698
-611517
-659709
-701958
-707854
-695517
-706870
-751097
-792588
-799076
-784996
-791573
-831340
-871387
-878108
-862169
-863871
-898770
-936877
-943342
-925252
-921941
-951793
-987681
-993535
-972995
-964409
-989018
-1022462
-1027589
-1004590
-990618
-1009670
-1040259
-1044514
-1019191
-999964
-1013314
-1040843
-1044078
-1016394
-991994
-999767
-1024235
-1026475
-996494
-966925
-969076
-990636
-992069
-960058
-925531
-922077
-940582
-941454
-907877
-868790
-859898
-875455
-875848
-841039
-797746
-783698
-796626
-796993
-761272
-713953
-694952
-705609
-706454
-670401
-619503
-595715
-604177
-605914
-570209
-516355
-488095
-494593
-497587
-462725
-406376
-374008
-378965
-383804
-350404
-291782
-255408
-259217
-266653
-235417
-174986
-134697
-137419
-147885
-119628
-58017
-14035
-15801
-29747
-5097
57298
104899
103825
85649
105977
169111
220636
220128
196821
211824
275408
331306
331555
302546
311240
374795
435366
436657
401324
402724
466168
532220
534766
491840
484532
548117
621255
625705
573548
555295
619083
701636
709309
646151
614210
678110
772971
785670
708950
659224
723798
836500
857169
761541
686239
752727
894450
929665
805029
687618
757217
951719
1017858
842366
641261
714630
1029948
1183947
882583
408335
451291
1372835
2685164
3389934
2905535
1633833
567619
353989
782506
1162281
1089965
767986
627639
792241
999434
983424
793717
684502
773201
914504
914941
780774
687372
739266
844761
851591
747148
662621
692296
775031
784867
698810
619470
633501
699764
711067
637870
562245
564253
617341
628924
565189
492468
485170
527630
538829
482057
411355
396572
430437
441183
389891
320641
299467
325950
336236
289688
222022
195408
215245
224823
182508
116549
85548
99699
108632
70009
5718
-28844
-19410
-10783
-45911
-108541
-146125
-140689
-132079
-163598
-224076
-263962
-262094
-253454
-281265
-339135
-380486
-381484
-372535
-396635
-451674
-493875
-496995
-487214
-507380
-559313
-601869
-606567
-595592
-611454
-659781
-702075
-707935
-695611
-707013
-751160
-792497
-798971
-785047
-791812
-831537
-871435
-877996
-862040
-863874
-898947
-937106
-943390
-925147
-921794
-951821
-987771
-993603
-973069
-964498
-989091
-1022379
-1027438
-1004573
-990771
-1009841
-1040309
-1044394
-1018993
-999903
-1013457
-1041034
-1044127
-1016267
-991809
-999706
-1024310
-1026527
-996488
-966944
-969087
-990535
-991895
-959966
-925595
-922232
-940644
-941301
-907648
-868640
-859948
-875596
-875953
-840910
-797513
-783544
-796634
-797068
-761246
-713937
-694934
-705500
-706259
-670226
-619517
-595861
-604229
-605764
-569946
-516160
-488098
-494742
-497698
-462651
-406129
-373797
-378951
-383892
-350424
-291730
-255364
-259141
-266452
-235213
-174941
-134840
-137518
-147779
-119348
-57783
-14020
-15950
-29912
-5091
57589
105194
103894
85518
105875
169151
220715
220196
196975
212058
275506
331118
331337
302597
311562
375137
435441
436448
401049
402675
466490
532625
534916
491639
484294
548123
621380
625771
573673
555566
619266
701408
708867
646049
614608
678687
773168
785347
708385
658969
724164
837199
857543
761237
685640
752520
894655
929859
805154
688024
757745
951472
1016612
841353
641784
716471
1031434
1183557
880402
406106
451180
1375856
2689845
3393052
2904697
1629891
563950
352832
783028
1162680
1089942
768412
628574
792618
998695
982341
793308
685046
774116
914941
914536
779938
686849
739547
845437
851907
746879
662179
692138
775053
784824
698801
619736
633733
699604
710590
637530
562348
564633
617604
628799
564772
492095
485172
527929
539047
481949
411048
396373
430392
441159
389829
320715
299591
325908
335955
289399
221989
195591
215425
224783
182222
116244
85470
99869
108799
69957
5433
-29067
-19462
-10770
-45963
-108547
-146048
-140714
-132276
-163853
-224176
-263823
-261946
-253461
-281476
-339404
-380595
-381398
-372381
-396643
-451858
-494097
-497078
-487184
-507380
-559341
-601877
-606569
-595720
-611669
-659891
-702007
-707795
-695599
-707171
-751379
-792601
-798925
-784897
-791772
-831659
-871633
-878088
-861989
-863841
-898960
-937110
-943388
-925213
-921981
-951918
-987716
-993453
-972985
-964582
-989247
-1022499
-1027401
-1004403
-990671
-1009917
-1040475
-1044475
-1018941
-999789
-1013415
-1041044
-1044119
-1016279
-991919
-999794
-1024261
-1026350
-996361
-966982
-969229
-990638
-991847
-959771
-925456
-922244
-940772
-941394
-907590
-868500
-859834
-875587
-875921
-840876
-797548
-783613
-796602
-796869
-761074
-713905
-695060
-705610
-706212
-670039
-619310
-595788
-604354
-605870
-569867
-515970
-487932
-494701
-497670
-462611
-406091
-373828
-378920
-383695
-350175
-291649
-255470
-259263
-266427
-234991
-174703
-134753
-137627
-147926
-119307
-57571
-13762
-15871
-29928
-5039
57624
105183
103882
85677
106166
169309
220617
219987
196942
212301
275809
331278
331223
302358
311486
375385
435751
436583
400961
402615
466518
532622
534868
491750
484617
548338
621240
625428
573518
555824
619718
701669
708717
645639
614381
678891
773642
785611
708215
658686
724094
837238
857446
761248
686087
753035
894547
929070
804510
688276
758743
952295
1016452
840268
640734
716548
1032694
1184812
880407
405133
451097
1377606
2691810
3392765
2902294
1627954
564166
354264
783657
1161723
1088376
767708
629209
793858
999372
981873
792268
684451
774463
915690
914847
779658
686521
739471
845361
851710
746850
662510
692461
774944
784365
698424
619764
634093
699924
710534
637133
561976
564645
617876
628986
564675
491878
485041
527880
538949
481855
411155
396553
430392
440884
389530
320649
299754
326090
335913
289137
221679
195522
215562
224926
182169
116035
85300
99826
108761
69876
5423
-28990
-19456
-10973
-46217
-108656
-145982
-140576
-132303
-164057
-224428
-263956
-261884
-253358
-281512
-339573
-380792
-381474
-372388
-396683
-451906
-494053
-497058
-487311
-507590
-559484
-601839
-606462
-595708
-611825
-660088
-702132
-707747
-695494
-707167
-751529
-792800
-798983
-784887
-791774
-831715
-871642
-878051
-862044
-863996
-899093
-937073
-943266
-925147
-922062
-952111
-987835
-993423
-972851
-964521
-989352
-1022662
-1027448
-1004349
-990600
-1009932
-1040477
-1044432
-1018946
-999888
-1013498
-1041017
-1043968
-1016170
-991953
-999932
-1024350
-1026300
-996212
-966840
-969256
-990759
-991887
-959697
-925331
-922175
-940782
-941351
-907521
-868527
-859892
-875559
-875766
-840717
-797498
-783701
-796686
-796804
-760868
-713719
-695013
-705697
-706264
-669925
-619147
-595683
-604326
-605873
-569816
-515940
-487975
-494675
-497529
-462390
-405999
-373898
-379028
-383655
-349974
-291441
-255400
-259341
-266513
-234921
-174487
-134577
-137606
-147952
-119283
-57496
-13785
-15899
-29811
-4793
57758
105100
103733
85685
106380
169560
220708
219870
196786
212311
276030
331522
331266
302256
311463
375447
435793
436565
401025
402847
466704
532536
534627
491672
484832
548723
621434
625290
573228
555741
619969
702020
708821
645453
614202
678964
773777
785566
708216
658957
724432
837167
856974
760893
686320
753689
894989
928821
803791
687828
759094
953132
1016891
839847
640009
716383
1033091
1184710
879573
405228
453598
1381430
2693969
3391420
2898440
1624477
563236
355730
785560
1162244
1087289
766281
628821
794651
1000306
981991
791677
684041
774538
915776
914661
779573
686796
739795
845268
851260
746500
662595
692872
775211
784191
697994
619498
634206
700248
710626
636917
561705
564579
617937
628944
564555
491890
485201
527892
538722
481599
411120
396729
430546
440826
389249
320413
299762
326261
336011
289005
221467
195401
215597
224900
182062
115966
85324
99820
108614
69641
5344
-28916
-19347
-11019
-46432
-108874
-146026
-140489
-132223
-164132
-224636
-264114
-261879
-253338
-281565
-339668
-380808
-381467
-372509
-396873
-452034
-494049
-496986
-487347
-507775
-559669
-601896
-606385
-595611
-611885
-660278
-702271
-707773
-695433
-707174
-751611
-792841
-798983
-784913
-791877
-831825
-871632
-877958
-862038
-864115
-899238
-937137
-943208
-925067
-922064
-952234
-987973
-993438
-972780
-964488
-989382
-1022699
-1027458
-1004328
-990658
-1010002
-1040467
-1044339
-1018871
-999923
-1013622
-1041072
-1043910
-1016024
-991886
-999995
-1024442
-1026296
-996093
-966729
-969235
-990803
-991909
-959656
-925304
-922200
-940767
-941238
-907401
-868510
-859987
-875592
-875668
-840555
-797385
-783741
-796767
-796791
-760743
-713555
-694952
-705739
-706291
-669873
-619048
-595667
-604327
-605756
-569654
-515860
-488018
-494733
-497430
-462213
-405854
-373901
-379095
-383664
-349848
-291217
-255279
-259369
-266541
-234862
-174363
-134504
-137577
-147852
-119102
-57382
-13815
-15968
-29743
-4605
57965
105135
103631
85623
106501
169822
220863
219858
196694
212328
276209
331632
331277
302276
311601
375599
435777
436428
401027
403060
466979
532620
534444
491501
484903
548994
621663
625246
573015
555657
620150
702239
708851
645353
614266
679160
773806
785324
708029
659160
724858
837352
856702
760445
686260
754144
895473
928802
803290
687465
759300
953654
1017063
839496
639813
716907
1033535
1183996
878040
404763
455756
1385405
2697015
3391183
2895096
1620534
561347
356471
787396
1163114
1086643
765193
628502
795194
1000803
981855
791324
684102
774833
915792
914309
779290
686963
740177
845431
850966
746087
662519
693154
775490
784117
697652
619274
634303
700429
710648
636744
561601
564641
617969
628811
564362
491861
485333
527980
538602
481335
410977
396822
430677
440785
389034
320215
299746
326335
336009
288882
221301
195349
215608
224828
181891
115875
85384
99880
108521
69432
5186
-28919
-19266
-11024
-46578
-109076
-146106
-140425
-132191
-164229
-224804
-264180
-261895
-253372
-281704
-339798
-380830
-381423
-372539
-397027
-452198
-494070
-496910
-487325
-507870
-559834
-601979
-606373
-595577
-611941
-660418
-702374
-707767
-695438
-707239
-751722
-792897
-798949
-784935
-791979
-831967
-871672
-877903
-861977
-864184
-899397
-937234
-943186
-924993
-922065
-952316
-988051
-993419
-972725
-964478
-989460
-1022757
-1027405
-1004296
-990681
-1010090
-1040519
-1044270
-1018762
-999937
-1013734
-1041126
-1043841
-1015913
-991828
-1000042
-1024511
-1026295
-996010
-966682
-969269
-990820
-991837
-959565
-925256
-922255
-940795
-941171
-907282
-868436
-860027
-875659
-875629
-840406
-797284
-783745
-796817
-796772
-760612
-713431
-694949
-705767
-706249
-669751
-618945
-595659
-604328
-605694
-569494
-515738
-488028
-494771
-497393
-462040
-405705
-373869
-379153
-383679
-349702
-291056
-255228
-259401
-266545
-234722
-174232
-134451
-137609
-147826
-118952
-57210
-13769
-16025
-29747
-4468
58146
105221
103583
85569
106607
170007
220969
219802
196658
212434
276380
331721
331230
302242
311751
375779
435844
436318
400966
403170
467197
532721
534360
491383
484979
549243
621792
625176
572894
555693
620350
702368
708746
645194
614328
679407
773937
785173
707815
659201
725190
837581
856539
760131
686213
754490
895798
928670
802872
687320
759694
954106
1016901
838874
639631
717569
1034312
1183721
876656
403965
457196
1388891
2700139
3391442
2892276
1616923
559517
357057
788815
1163614
1085948
764384
628553
795829
1001111
981513
790862
684093
775251
916014
914040
778900
686908
740482
845616
850778
745761
662427
693361
775645
784001
697385
619149
634443
700556
710549
636494
561518
564745
618094
628707
564140
491766
485421
528079
538532
481132
410834
396863
430787
440730
388850
320072
299762
326430
335982
288673
221167
195373
215687
224794
181725
115735
85366
99921
108495
69281
5058
-28924
-19213
-11065
-46739
-109220
-146125
-140399
-132239
-164401
-224958
-264223
-261853
-253391
-281830
-339971
-380899
-381394
-372534
-397143
-452350
-494142
-496892
-487329
-507983
-559999
-602060
-606338
-595596
-612043
-660568
-702422
-707737
-695403
-707315
-751870
-792957
-798927
-784887
-792059
-832071
-871749
-877885
-861955
-864223
-899498
-937294
-943134
-924949
-922113
-952441
-988121
-993376
-972680
-964522
-989578
-1022822
-1027371
-1004198
-990699
-1010171
-1040581
-1044247
-1018715
-999925
-1013790
-1041180
-1043804
-1015834
-991830
-1000108
-1024548
-1026229
-995889
-966658
-969328
-990904
-991804
-959430
-925211
-922288
-940835
-941137
-907174
-868373
-860052
-875684
-875565
-840304
-797204
-783768
-796843
-796712
-760480
-713359
-694964
-705797
-706183
-669592
-618810
-595656
-604372
-605661
-569375
-515610
-487986
-494797
-497358
-461907
-405580
-373832
-379174
-383617
-349558
-290921
-255232
-259447
-266492
-234562
-174046
-134409
-137668
-147828
-118834
-57042
-13681
-16064
-29769
-4349
58306
105271
103530
85578
106750
170153
221003
219735
196639
212590
276587
331783
331141
302157
311836
376006
436009
436293
400862
403238
467382
532820
534304
491321
485089
549432
621849
625030
572774
555834
620666
702512
708586
644972
614330
679716
774214
785131
707555
659127
725422
837829
856470
759896
686239
754802
896003
928417
802452
687386
760324
954544
1016554
838021
639267
718234
1035399
1183930
875568
402835
457988
1391899
2703257
3392041
2889883
1613655
557904
357573
789878
1163673
1085094
763868
628970
796604
1001305
980942
790186
684019
775751
916434
913919
778436
686691
740672
845849
850703
745517
662360
693516
775723
783797
697145
619188
634675
700679
710349
636162
561388
564919
618293
628685
563873
491550
485414
528194
538526
480960
410715
396887
430826
440634
388663
320012
299846
326477
335840
288453
221032
195433
215790
224796
181547
115518
85312
100008
108523
69151
4877
-28998
-19214
-11110
-46866
-109318
-146112
-140361
-132322
-164580
-225083
-264215
-261765
-253374
-281963
-340169
-380974
-381359
-372504
-397198
-452487
-494230
-496904
-487337
-508063
-560091
-602080
-606312
-595616
-612196
-660704
-702437
-707659
-695389
-707433
-752040
-793061
-798895
-784808
-792065
-832211
-871861
-877910
-861919
-864248
-899570
-937347
-943127
-924930
-922192
-952548
-988118
-993296
-972612
-964593
-989724
-1022886
-1027329
-1004100
-990635
-1010264
-1040693
-1044264
-1018619
-999886
-1013816
-1041219
-1043791
-1015796
-991838
-1000180
-1024559
-1026112
-995798
-966672
-969438
-990946
-991733
-959272
-925101
-922324
-940911
-941150
-907068
-868236
-860019
-875712
-875551
-840202
-797152
-783781
-796849
-796610
-760338
-713298
-695013
-705834
-706103
-669399
-618695
-595649
-604451
-605695
-569255
-515442
-487898
-494822
-497368
-461827
-405485
-373805
-379158
-383519
-349395
-290833
-255261
-259508
-266419
-234339
-173872
-134404
-137762
-147887
-118730
-56808
-13539
-16062
-29822
-4273
58448
105365
103525
85617
106887
170290
220986
219634
196694
212833
276823
331786
330974
302046
311938
376283
436205
436239
400689
403213
467552
533000
534321
491282
485156
549568
621867
624904
572733
556071
620956
702518
708289
644707
614440
680112
774555
785083
707203
658889
725589
838202
856587
759706
686142
754978
896098
928170
802193
687671
761002
954762
1015810
837005
639195
719402
1036761
1184095
874175
401139
458117
1394736
2706950
3393612
2888052
1610232
555665
357513
790695
1163796
1084552
763707
629622
797237
1001076
980090
789652
684287
776457
916898
913689
777758
686340
740903
846285
850789
745238
662160
693551
775780
783674
697012
619266
634886
700649
710024
635863
561420
565185
618517
628599
563541
491253
485438
528418
538606
480822
410501
396813
430862
440603
388557
319955
299896
326483
335663
288212
220983
195578
215921
224687
181270
115265
85267
100145
108606
69063
4658
-29115
-19208
-11098
-46955
-109429
-146143
-140370
-132422
-164756
-225185
-264164
-261695
-253459
-282187
-340371
-381034
-381275
-372418
-397289
-452716
-494409
-496916
-487286
-508092
-560204
-602164
-606339
-595672
-612312
-660794
-702419
-707599
-695450
-707619
-752209
-793082
-798803
-784737
-792126
-832394
-872021
-877924
-861829
-864234
-899658
-937453
-943165
-924947
-922250
-952611
-988108
-993239
-972617
-964692
-989845
-1022918
-1027212
-1003982
-990664
-1010391
-1040816
-1044274
-1018493
-999775
-1013841
-1041299
-1043815
-1015746
-991780
-1000179
-1024559
-1026061
-995751
-966717
-969533
-990937
-991580
-959134
-925099
-922431
-941021
-941121
-906901
-868075
-859977
-875820
-875615
-840138
-797038
-783710
-796808
-796556
-760263
-713277
-695070
-705827
-705922
-669224
-618634
-595751
-604544
-605629
-569052
-515218
-487811
-494915
-497446
-461747
-405277
-373676
-379145
-383521
-349331
-290776
-255245
-259486
-266278
-234147
-173780
-134491
-137884
-147813
-118480
-56571
-13476
-16183
-29967
-4225
58684
105587
103587
85573
106897
170371
221039
219649
196779
213012
276910
331690
330793
302092
312227
376590
436248
436059
400471
403212
467839
533320
534389
491096
485024
549656
622044
624955
572753
556208
621082
702419
708044
644662
614795
680578
774617
784708
706760
658854
726040
838745
856749
759292
685655
754976
896503
928447
802151
687676
761180
954687
1015176
836519
639824
720921
1037516
1182815
871703
399806
459583
1398667
2711287
3395517
2886066
1605809
552143
356931
792183
1165129
1084699
763300
629513
797303
1000777
979598
789674
684935
777047
916725
912965
777219
686377
741448
846801
850768
744728
661686
693587
776118
783871
696912
619108
634825
700588
709870
635809
561573
565408
618444
628220
563218
491247
485706
528652
538582
480491
410143
396741
431043
440790
388486
319750
299774
326457
335617
288138
220995
195658
215874
224452
181037
115239
85442
100288
108530
68788
4378
-29209
-19083
-10940
-46997
-109628
-146347
-140408
-132415
-164797
-225220
-264152
-261705
-253613
-282403
-340435
-380938
-381173
-372493
-397520
-452930
-494464
-496806
-487172
-508128
-560393
-602365
-606386
-595618
-612295
-660843
-702478
-707654
-695522
-707731
-752281
-793028
-798701
-784784
-792313
-832556
-872036
-877799
-861714
-864229
-899832
-937639
-943195
-924844
-922146
-952631
-988221
-993271
-972633
-964746
-989876
-1022853
-1027121
-1003982
-990795
-1010544
-1040826
-1044096
-1018363
-999763
-1013985
-1041462
-1043830
-1015594
-991633
-1000153
-1024664
-1026115
-995718
-966649
-969493
-990901
-991487
-959084
-925151
-922526
-941002
-940940
-906714
-868060
-860101
-875919
-875591
-839947
-796813
-783638
-796918
-796672
-760222
-713149
-694978
-705795
-705876
-669149
-618643
-595807
-604518
-605431
-568849
-515185
-487945
-495008
-497386
-461540
-405035
-373565
-379235
-383661
-349294
-290570
-255056
-259451
-266275
-234109
-173733
-134476
-137839
-147653
-118257
-56509
-13623
-16334
-29868
-3970
58938
105634
103414
85366
106918
170653
221319
219709
196677
212944
276975
331786
330858
302213
312414
376670
436117
435844
400529
403561
468162
533337
534116
490801
485024
549999
622455
625050
572475
555938
621130
702650
708196
644708
614894
680661
774443
784345
706711
659351
726629
838753
856131
758693
685614
755623
897293
928697
801520
686749
760991
955345
1015851
836589
639655
721029
1037383
1181683
870276
400285
463159
1403410
2713485
3393378
2881309
1601663
550848
358512
794900
1166644
1083901
761357
628480
797832
1001802
979972
789425
684700
776960
916511
912655
777275
686915
741894
846567
850078
744265
661824
694121
776560
783779
696376
618620
634843
701002
710136
635679
561304
565268
618433
628146
563183
491400
485866
528572
538213
480195
410207
397048
431248
440666
388149
319439
299737
326695
335827
288052
220695
195458
215862
224491
181001
115233
85455
100204
108297
68561
4395
-29015
-18964
-11086
-47296
-109889
-146367
-140256
-132251
-164868
-225497
-264401
-261726
-253530
-282386
-340493
-381007
-381230
-372607
-397666
-452946
-494352
-496738
-487295
-508391
-560589
-602359
-606259
-595529
-612354
-661097
-702709
-707689
-695385
-707671
-752360
-793164
-798777
-784844
-792380
-832583
-871986
-877735
-861795
-864452
-899978
-937598
-943029
-924718
-922236
-952841
-988377
-993283
-972473
-964608
-989938
-1023022
-1027216
-1003971
-990767
-1010524
-1040769
-1044052
-1018382
-999909
-1014093
-1041394
-1043653
-1015474
-991695
-1000346
-1024767
-1026079
-995531
-966474
-969493
-991050
-991606
-959017
-925013
-922431
-940994
-940921
-906699
-868098
-860162
-875855
-875368
-839779
-796849
-783794
-796999
-796548
-759979
-712944
-694941
-705946
-705994
-669059
-618393
-595619
-604507
-605480
-568836
-515130
-487936
-494947
-497193
-461344
-405042
-373735
-379314
-383500
-348996
-290370
-255089
-259592
-266392
-234002
-173447
-134234
-137832
-147776
-118309
-56413
-13483
-16230
-29760
-3834
58955
105493
103328
85558
107253
170843
221247
219476
196532
213087
277343
332079
330861
301956
312240
376804
436370
435995
400553
403598
468186
533223
533996
490968
485444
550279
622288
624632
572264
556155
621629
703027
708103
644231
614501
680781
774980
784720
706639
659112
726526
838723
856025
758798
686155
756119
897059
927728
800872
687231
762228
956215
1015546
835266
638356
720965
1038926
1183487
870547
399092
462498
1404650
2715434
3393754
2879714
1600137
550987
359516
794778
1165018
1082323
761325
629764
799160
1002110
979143
788172
684154
777549
917571
913013
776752
686266
741723
846740
850214
744344
662006
694211
776247
783291
696186
618973
635318
701092
709765
635176
561078
565488
618861
628373
562906
490946
485671
528718
538388
480222
410139
396971
431123
440436
387999
319580
299987
326720
335520
287697
220552
195605
216103
224570
180803
114853
85250
100287
108502
68593
4209
-29182
-19058
-11182
-47401
-109867
-146254
-140253
-132500
-165162
-225612
-264275
-261574
-253507
-282577
-340812
-381178
-381172
-372453
-397646
-453146
-494563
-496834
-487286
-508405
-560612
-602345
-606271
-595660
-612591
-661176
-702587
-707513
-695412
-707891
-752587
-793271
-798711
-784672
-792319
-832769
-872219
-877834
-861726
-864364
-899987
-937651
-943083
-924824
-922352
-952883
-988294
-993140
-972476
-964811
-990123
-1023042
-1027070
-1003793
-990721
-1010667
-1040984
-1044140
-1018243
-999720
-1014051
-1041506
-1043717
-1015483
-991711
-1000330
-1024693
-1025948
-995471
-966611
-969677
-991030
-991412
-958840
-924964
-922576
-941148
-940945
-906540
-867869
-860054
-875942
-875506
-839775
-796733
-783708
-796925
-796435
-759926
-713028
-695059
-705894
-705757
-668827
-618369
-595761
-604646
-605453
-568605
-514876
-487825
-495060
-497355
-461330
-404853
-373521
-379246
-383478
-348983
-290350
-255103
-259548
-266177
-233761
-173391
-134430
-137992
-147715
-118008
-56104
-13398
-16368
-29971
-3800
59234
105801
103424
85428
107162
170895
221329
219547
196713
213309
277379
331873
330625
302031
312634
377150
436380
435732
400304
403623
468535
533661
534091
490673
485153
550330
622530
624817
572353
556270
621659
702810
707793
644295
615058
681290
774893
784143
706140
659168
727143
839400
856159
758192
685399
756041
897720
928355
800940
686973
762057
955945
1014968
835062
639456
722781
1039331
1181345
867453
398008
465032
1409698
2720105
3395138
2876818
1594692
546616
358850
797140
1167405
1082795
760481
629056
798936
1001892
978944
788530
684951
777966
916999
912066
776349
686691
742479
847151
849938
743613
661484
694370
776866
783646
695971
618512
635133
701128
709787
635204
561223
565607
618649
627926
562677
491127
486053
528853
538161
479793
409875
397054
431439
440629
387842
319186
299742
326777
335647
287712
220501
195527
215985
224331
180617
114945
85470
100375
108259
68226
4044
-29106
-18849
-11075
-47547
-110188
-146471
-140192
-132315
-165137
-225741
-264441
-261686
-253619
-282676
-340798
-381055
-381139
-372638
-397933
-453293
-494477
-496645
-487259
-508580
-560883
-602536
-606212
-595505
-612516
-661316
-702833
-707646
-695398
-707864
-752614
-793263
-798704
-784787
-792548
-832859
-872111
-877675
-861705
-864529
-900224
-937741
-942995
-924647
-922280
-953038
-988508
-993248
-972380
-964676
-990094
-1023093
-1027127
-1003841
-990818
-1010712
-1040874
-1043949
-1018211
-999883
-1014235
-1041517
-1043564
-1015278
-991639
-1000436
-1024890
-1026009
-995356
-966395
-969571
-991108
-991501
-958817
-924940
-922519
-941058
-940805
-906459
-867967
-860211
-875930
-875279
-839547
-796679
-783820
-797086
-796481
-759743
-712746
-694932
-706001
-705905
-668809
-618206
-595630
-604578
-605370
-568554
-514900
-487913
-495015
-497115
-461064
-404781
-373667
-379379
-383436
-348740
-290086
-255003
-259683
-266350
-233761
-173152
-134169
-137926
-147735
-118016
-56099
-13398
-16336
-29753
-3561
59308
105609
103218
85533
107518
171217
221384
219367
196479
213301
277709
332252
330724
301846
312472
377177
436543
435847
400410
403782
468594
533435
533832
490769
485615
550727
622509
624434
572011
556307
622116
703290
707888
643889
614605
681322
775323
784492
706170
659106
727100
839163
855787
758207
686094
756796
897603
927376
800074
687139
763130
957035
1015068
833937
637950
722376
1040618
1183101
867957
397309
464930
1411152
2721538
3394516
2874529
1593287
547465
360521
797322
1165752
1080970
759998
630085
800410
1002561
978290
787245
684258
778459
918020
912502
775935
686117
742297
847194
849944
743728
661813
694556
776563
783039
695709
618836
635602
701310
709492
634687
560937
565770
619068
628151
562422
490674
485840
528959
538311
479814
409833
397037
431305
440359
387647
319306
300029
326821
335389
287344
220317
195646
216224
224429
180399
114578
85265
100466
108447
68275
3889
-29288
-18964
-11197
-47644
-110158
-146352
-140190
-132557
-165420
-225865
-264330
-261509
-253611
-282887
-341077
-381225
-381077
-372473
-397903
-453476
-494704
-496758
-487255
-508587
-560914
-602511
-606249
-595658
-612753
-661424
-702702
-707480
-695440
-708072
-752837
-793346
-798619
-784635
-792527
-833038
-872350
-877754
-861595
-864442
-900241
-937814
-943071
-924717
-922391
-953056
-988403
-993104
-972416
-964853
-990280
-1023111
-1026973
-1003694
-990792
-1010864
-1041067
-1044015
-1018077
-999714
-1014217
-1041648
-1043667
-1015300
-991585
-1000405
-1024796
-1025898
-995310
-966526
-969721
-991076
-991294
-958632
-924907
-922666
-941185
-940783
-906281
-867765
-860169
-876072
-875422
-839515
-796514
-783683
-797027
-796442
-759725
-712805
-694998
-705932
-705669
-668615
-618192
-595762
-604677
-605277
-568288
-514678
-487852
-495138
-497256
-461005
-404513
-373464
-379374
-383499
-348741
-290031
-254951
-259606
-266170
-233553
-173145
-134333
-138036
-147614
-117713
-55867
-13421
-16521
-29886
-3480
59619
105884
103215
85337
107390
171334
221569
219479
196560
213401
277719
332089
330599
302030
312863
377447
436447
435558
400276
403980
468999
533716
533772
490429
485370
550870
622924
624676
571971
556196
622062
703223
707773
644048
615066
681653
775097
783892
705873
659457
727778
839552
855528
757515
685630
757082
898444
927968
799783
686360
762752
957202
1015276
834084
638589
723303
1040445
1181004
865479
397292
468542
1416369
2724879
3393822
2870391
1588376
544776
361248
800116
1167878
1080772
758297
628869
800542
1003209
978605
787349
684460
778467
917497
911862
775903
686739
742879
847171
849353
743136
661740
694995
777077
783107
695247
618292
635534
701648
709768
634645
560757
565648
618940
627952
562359
490897
486113
528904
537924
479474
409819
397275
431516
440307
387333
318960
299961
327039
335606
287273
220073
195459
216196
224437
180380
114606
85340
100385
108203
68007
3866
-29095
-18824
-11303
-47938
-110394
-146374
-140042
-132411
-165507
-226151
-264552
-261523
-253514
-282858
-341140
-381292
-381154
-372612
-398069
-453494
-494599
-496678
-487354
-508840
-561096
-602503
-606115
-595579
-612829
-661635
-702908
-707482
-695285
-707996
-752939
-793502
-798700
-784662
-792541
-833051
-872307
-877689
-861696
-864645
-900358
-937767
-942904
-924640
-922475
-953266
-988550
-993057
-972249
-964767
-990373
-1023303
-1027067
-1003643
-990705
-1010839
-1041078
-1044002
-1018094
-999798
-1014286
-1041572
-1043513
-1015219
-991678
-1000572
-1024878
-1025786
-995127
-966434
-969807
-991240
-991350
-958534
-924740
-922595
-941246
-940834
-906262
-867726
-860139
-875997
-875240
-839406
-796569
-783835
-797036
-796250
-759484
-712687
-695070
-706049
-705695
-668439
-617962
-595656
-604740
-605404
-568281
-514531
-487730
-495087
-497181
-460915
-404535
-373547
-379354
-383295
-348495
-289942
-255056
-259739
-266144
-233336
-172892
-134220
-138130
-147767
-117686
-55620
-13160
-16437
-29920
-3452
59653
105905
103250
85498
107645
171423
221423
219288
196600
213706
278012
332125
330401
301823
312890
377742
436769
435618
400056
403801
469059
533924
533874
490510
485519
550959
622730
624398
572001
556615
622457
703220
707400
643705
615156
682129
775557
783911
705425
659022
727851
840054
855900
757454
685425
756993
898333
927673
799737
687026
763618
957190
1014143
832933
638684
724795
1042021
1181114
863790
395180
468196
1418963
2729100
3396588
2869510
1584805
541622
360350
800617
1168152
1080682
758675
629713
800854
1002539
977624
787046
685040
779271
917758
911370
775127
686438
743289
847810
849541
742716
661201
694904
777270
783231
695237
618343
635591
701465
709407
634489
560973
565986
619015
627655
561979
490743
486282
529181
537988
479201
409466
397177
431691
440495
387295
318823
299850
326979
335468
287184
220121
195591
216184
224209
180101
114513
85474
100540
108166
67778
3617
-29193
-18702
-11155
-47990
-110611
-146596
-140092
-132393
-165548
-226194
-264546
-261558
-253690
-283071
-341214
-381203
-381034
-372674
-398284
-453717
-494648
-496560
-487256
-508884
-561302
-602711
-606125
-595490
-612802
-661730
-703011
-707549
-695359
-708114
-752990
-793442
-798625
-784720
-792728
-833212
-872318
-877592
-861618
-864700
-900564
-937936
-942896
-924500
-922393
-953348
-988686
-993137
-972209
-964737
-990368
-1023279
-1027018
-1003661
-990830
-1010947
-1041035
-1043840
-1018014
-999865
-1014433
-1041661
-1043443
-1015050
-991583
-1000621
-1025014
-1025865
-995035
-966291
-969730
-991250
-991382
-958520
-924741
-922605
-941197
-940690
-906148
-867764
-860268
-876018
-875122
-839195
-796465
-783878
-797168
-796298
-759336
-712503
-694993
-706115
-705770
-668405
-617849
-595586
-604690
-605274
-568174
-514540
-487823
-495093
-497002
-460701
-404430
-373596
-379475
-383295
-348298
-289701
-254970
-259806
-266246
-233290
-172673
-134036
-138088
-147755
-117638
-55589
-13180
-16432
-29771
-3223
59765
105789
103117
85536
107896
171684
221486
219167
196456
213741
278262
332384
330436
301669
312791
377817
436892
435662
400152
403967
469160
533802
533681
490523
485815
551270
622745
624129
571742
556648
622832
703568
707401
643368
614886
682245
775895
784083
705360
658973
727906
839987
855624
757400
685875
757572
898359
926996
799088
687144
764478
957963
1014043
831959
637771
724949
1043191
1182110
863530
394197
468261
1420886
2731270
3396640
2867355
1582741
541415
361377
801071
1167296
1079402
758295
630472
801904
1002832
976974
786145
684790
779819
918452
911443
774620
685956
743296
848036
849609
742666
661278
695021
777126
782897
695037
618544
635919
701533
709121
634117
560850
566185
619300
627663
561702
490444
486254
529354
538116
479110
409306
397100
431669
440370
387183
318835
299994
326987
335277
286928
220046
195722
216314
224158
179873
114282
85409
100675
108264
67674
3392
-29338
-18714
-11162
-48050
-110685
-146580
-140095
-132539
-165734
-226250
-264474
-261486
-253744
-283273
-341411
-381252
-380941
-372600
-398387
-453911
-494798
-496563
-487181
-508895
-561430
-602802
-606186
-595516
-612894
-661810
-702973
-707499
-695410
-708287
-753133
-793447
-798530
-784679
-792844
-833388
-872425
-877562
-861510
-864686
-900669
-938065
-942950
-924481
-922410
-953367
-988717
-993118
-972240
-964830
-990478
-1023273
-1026906
-1003598
-990884
-1011067
-1041106
-1043791
-1017880
-999814
-1014516
-1041793
-1043462
-1014949
-991475
-1000610
-1025073
-1025867
-995027
-966295
-969766
-991245
-991253
-958407
-924778
-922719
-941212
-940573
-905984
-867685
-860330
-876121
-875119
-839051
-796307
-783823
-797221
-796311
-759271
-712391
-694927
-706081
-705710
-668307
-617825
-595643
-604691
-605138
-567982
-514455
-487875
-495160
-496957
-460503
-404249
-373574
-379545
-383356
-348199
-289519
-254837
-259788
-266276
-233238
-172598
-134038
-138080
-147651
-117456
-55490
-13259
-16540
-29718
-3011
59958
105819
102989
85440
107982
171913
221662
219128
196348
213745
278409
332544
330464
301695
312919
377931
436847
435526
400173
404212
469388
533806
533471
490385
485969
551593
622967
624061
571513
556601
623050
703835
707436
643226
614805
682330
775969
783993
705298
659212
728244
839995
855252
757063
686039
758134
898707
926752
798476
686860
764908
958687
1014262
831395
637138
725004
1043791
1182285
862871
393980
470005
1424045
2733338
3395680
2864116
1579854
540780
362655
802398
1167286
1078285
757324
630595
802813
1003469
976694
785414
684445
780126
918869
911477
774385
685884
743418
848021
849347
742487
661441
695280
777166
782596
694718
618509
636175
701740
709024
633800
560643
566256
619499
627714
561508
490241
486228
529431
538076
478987
409278
397186
431659
440206
386955
318780
300094
327083
335166
286696
219866
195741
216451
224180
179706
114058
85323
100708
108287
67587
3234
-29393
-18727
-11222
-48172
-110782
-146545
-140078
-132627
-165923
-226409
-264490
-261402
-253729
-283423
-341612
-381332
-380921
-372555
-398464
-454065
-494901
-496578
-487177
-508986
-561509
-602818
-606170
-595586
-613043
-661918
-702983
-707440
-695418
-708381
-753289
-793537
-798480
-784608
-792878
-833525
-872541
-877575
-861459
-864685
-900744
-938122
-942956
-924459
-922463
-953458
-988726
-993050
-972206
-964912
-990589
-1023303
-1026852
-1003516
-990910
-1011193
-1041207
-1043766
-1017781
-999775
-1014585
-1041852
-1043446
-1014899
-991436
-1000645
-1025079
-1025804
-994954
-966289
-969838
-991254
-991173
-958290
-924744
-922777
-941262
-940524
-905850
-867594
-860336
-876191
-875090
-838960
-796202
-783801
-797264
-796313
-759183
-712320
-694918
-706099
-705610
-668181
-617765
-595654
-604729
-605085
-567810
-514306
-487874
-495234
-496955
-460376
-404073
-373496
-379571
-383347
-348108
-289392
-254769
-259810
-266227
-233104
-172495
-134007
-138118
-147608
-117299
-55340
-13233
-16595
-29718
-2879
60160
105910
102951
85411
108076
172104
221769
219128
196314
213813
278543
332606
330419
301696
313052
378107
436862
435436
400114
404340
469620
533874
533352
490269
486035
551814
623103
623996
571365
556577
623233
704007
707421
643119
614870
682557
776061
783835
705133
659312
728561
840155
855013
756745
686063
758527
899058
926599
798019
686689
765271
959194
1014238
830885
636821
725432
1044420
1182013
861750
393477
471606
1427320
2735909
3395476
2861258
1576614
539415
363453
803767
1167606
1077466
756511
630661
803487
1003863
976421
784895
684350
780451
919101
911289
774080
685888
743680
848134
849132
742214
661427
695512
777293
782432
694438
618427
636348
701904
708940
633554
560491
566342
619621
627663
561312
490139
486267
529508
537994
478795
409166
397252
431741
440127
386790
318672
300138
327170
335130
286519
219731
195745
216528
224142
179548
113936
85322
100774
108272
67447
3108
-29400
-18692
-11269
-48346
-110916
-146567
-140023
-132662
-166055
-226543
-264517
-261367
-253762
-283556
-341755
-381389
-380864
-372571
-398567
-454193
-494970
-496557
-487199
-509088
-561635
-602884
-606136
-595590
-613143
-662069
-703037
-707404
-695410
-708460
-753412
-793574
-798448
-784597
-792953
-833645
-872603
-877527
-861425
-864750
-900843
-938204
-942902
-924420
-922492
-953572
-988774
-993012
-972151
-964934
-990676
-1023365
-1026814
-1003449
-990912
-1011269
-1041241
-1043722
-1017725
-999755
-1014637
-1041901
-1043427
-1014809
-991418
-1000710
-1025116
-1025781
-994863
-966257
-969882
-991273
-991123
-958194
-924686
-922810
-941306
-940472
-905749
-867552
-860366
-876209
-875058
-838831
-796121
-783842
-797289
-796233
-759067
-712230
-694934
-706136
-705574
-668047
-617649
-595646
-604744
-605031
-567698
-514212
-487854
-495253
-496900
-460229
-403977
-373502
-379611
-383315
-347964
-289248
-254745
-259849
-266224
-232967
-172343
-133983
-138142
-147591
-117173
-55196
-13176
-16652
-29714
-2744
60313
105957
102887
85398
108214
172244
221820
219043
196271
213968
278731
332661
330358
301611
313150
378295
436970
435379
400047
404430
469799
533965
533289
490194
486113
552017
623201
623866
571259
556709
623468
704113
707258
642940
614914
682820
776263
783748
704913
659260
728807
840380
854932
756496
686038
758808
899265
926426
797667
686711
765736
959509
1013904
830207
636724
726202
1045290
1181857
860453
392480
472591
1430326
2738904
3396035
2858960
1573390
537640
363767
804889
1167995
1076927
755992
630847
804001
1003934
975973
784535
684504
780909
919254
910992
773654
685804
743994
848403
849044
741901
661293
695670
777473
782382
694242
618347
636455
701973
708808
633352
560464
566491
619708
627505
561091
490049
486397
529636
537947
478592
409019
397257
431857
440108
386621
318538
300128
327196
335086
286365
219630
195767
216546
224054
179386
113826
85357
100843
108195
67269
2953
-29417
-18616
-11271
-48470
-111070
-146651
-140002
-132647
-166163
-226673
-264554
-261353
-253791
-283664
-341845
-381383
-380837
-372601
-398705
-454341
-494976
-496479
-487190
-509204
-561811
-602959
-606115
-595547
-613185
-662197
-703121
-707396
-695384
-708523
-753500
-793619
-798447
-784596
-793024
-833758
-872604
-877486
-861412
-864834
-900997
-938232
-942870
-924370
-922500
-953679
-988885
-993000
-972074
-964911
-990737
-1023414
-1026806
-1003410
-990909
-1011317
-1041262
-1043667
-1017658
-999794
-1014740
-1041926
-1043334
-1014727
-991417
-1000788
-1025208
-1025750
-994727
-966180
-969907
-991362
-991125
-958111
-924632
-922819
-941325
-940413
-905663
-867500
-860392
-876223
-874968
-838721
-796087
-783877
-797337
-796152
-758890
-712099
-694950
-706191
-705571
-667921
-617507
-595606
-604783
-605031
-567622
-514114
-487821
-495247
-496852
-460120
-403884
-373519
-379637
-383232
-347788
-289117
-254770
-259935
-266201
-232811
-172158
-133879
-138202
-147638
-117088
-55023
-13088
-16657
-29721
-2662
60406
105983
102875
85478
108380
172386
221793
218955
196313
214147
278964
332716
330235
301503
313211
378519
437150
435349
399914
404418
469940
534108
533287
490149
486192
552147
623191
623753
571236
556904
623738
704101
707003
642728
615051
683200
776515
783643
704552
659096
729050
840745
855040
756269
685871
758940
899456
926353
797486
686853
766176
959637
1013308
829499
636938
727401
1046202
1181268
858645
391165
473482
1433577
2742574
3397397
2856899
1569654
535071
363683
806156
1168796
1076676
755547
630903
804274
1003851
975530
784366
684902
781367
919231
910435
773207
685876
744427
848745
848932
741435
660989
695790
777762
782442
694030
618167
636461
702017
708745
633239
560488
566604
619681
627291
560859
490067
486587
529747
537784
478274
408806
397316
432052
440169
386441
318296
300037
327265
335110
286284
219533
195746
216528
223942
179239
113783
85428
100871
108045
67020
2877
-29351
-18486
-11256
-48648
-111290
-146720
-139912
-132562
-166222
-226839
-264676
-261379
-253806
-283730
-341926
-381418
-380845
-372695
-398851
-454434
-494937
-496418
-487251
-509376
-561988
-603018
-606029
-595451
-613250
-662369
-703287
-707412
-695322
-708540
-753599
-793728
-798477
-784602
-793094
-833826
-872615
-877437
-861445
-864979
-901101
-938216
-942756
-924303
-922579
-953832
-988973
-992967
-971958
-964864
-990826
-1023556
-1026839
-1003355
-990866
-1011332
-1041294
-1043656
-1017661
-999846
-1014777
-1041897
-1043234
-1014644
-991483
-1000906
-1025237
-1025620
-994596
-966127
-969971
-991469
-991142
-957984
-924494
-922774
-941377
-940469
-905600
-867430
-860394
-876197
-874876
-838625
-796090
-783952
-797308
-796022
-758721
-712052
-695024
-706267
-705532
-667729
-617332
-595540
-604861
-605090
-567519
-513938
-487697
-495251
-496847
-460065
-403827
-373471
-379602
-383116
-347633
-289074
-254858
-259995
-266079
-232574
-171966
-133903
-138334
-147713
-116977
-54771
-12897
-16674
-29819
-2657
60547
106120
102929
85491
108462
172458
221763
218915
196411
214388
279120
332612
330044
301499
313432
378841
437287
435218
399706
404355
470194
534406
533367
490021
486114
552237
623312
623771
571260
557054
623877
704025
706756
642689
615385
683616
776545
783245
704176
659114
729492
841276
855081
755806
685421
759021
899918
926636
797375
686667
766222
959649
1012983
829239
637453
728531
1046575
1179816
856415
390641
476071
1438087
2746079
3397634
2853721
1565114
532153
363906
808319
1170417
1076523
754431
630299
804485
1004160
975534
784325
685107
781536
918927
909928
773079
686331
744935
848769
848444
740925
660899
696153
778215
782464
693638
617778
636445
702294
708894
633142
560332
566559
619635
627190
560781
490169
486767
529682
537483
478021
408852
397569
432212
440068
386148
318019
300029
327468
335245
286169
219259
195607
216564
224012
179206
113734
85417
100810
107901
66872
2858
-29221
-18439
-11420
-48907
-111442
-146678
-139784
-132532
-166383
-227114
-264850
-261312
-253682
-283742
-342092
-381549
-380908
-372720
-398916
-454492
-494923
-496414
-487350
-509564
-562063
-602932
-605906
-595510
-613443
-662572
-703358
-707336
-695201
-708550
-753793
-793893
-798525
-784544
-793048
-833882
-872690
-877467
-861471
-865044
-901150
-938192
-942686
-924345
-922764
-953962
-988940
-992842
-971886
-964933
-990983
-1023695
-1026821
-1003205
-990754
-1011384
-1041450
-1043732
-1017597
-999779
-1014766
-1041904
-1043201
-1014638
-991545
-1000977
-1025165
-1025475
-994498
-966196
-970138
-991527
-991028
-957805
-924391
-922849
-941509
-940490
-905489
-867259
-860296
-876238
-874933
-838613
-796022
-783899
-797266
-795908
-758657
-712093
-695108
-706250
-705339
-667547
-617288
-595678
-604979
-605065
-567321
-513695
-487640
-495353
-496963
-459996
-403629
-373341
-379573
-383119
-347615
-289023
-254824
-259948
-265926
-232403
-171954
-134048
-138409
-147572
-116686
-54573
-12942
-16826
-29916
-2547
60842
106354
102881
85333
108412
172580
221948
218988
196424
214441
279161
332581
329991
301619
313736
379004
437134
434968
399666
404660
470562
534546
533186
489716
485983
552494
623706
623903
571080
556858
623889
704171
706836
642771
615549
683717
776372
782880
704116
659627
730070
841254
854482
755238
685455
759686
900671
926782
796693
685803
766140
960419
1013727
829213
637017
728344
1046493
1179209
855596
391243
479051
1441826
2747474
3395201
2849396
1562224
532320
366049
810274
1170646
1075088
752721
629825
805501
1005419
975731
783557
684437
781511
919231
910084
773087
686421
744990
848489
847995
740869
661333
696601
778156
781954
693177
617766
636834
702670
708914
632727
559915
566502
619925
627399
560697
489952
486632
529659
537434
477976
408929
397671
432103
439770
385904
318095
300290
327604
335073
285815
219013
195611
216770
224153
179082
113400
85225
100841
108004
66873
2744
-29301
-18514
-11553
-49037
-111439
-146565
-139771
-132735
-166651
-227212
-264724
-261177
-253671
-283927
-342363
-381693
-380838
-372579
-398919
-454675
-495137
-496491
-487343
-509557
-562124
-602957
-605967
-595627
-613589
-662619
-703249
-707232
-695297
-708768
-753974
-793925
-798379
-784418
-793101
-834088
-872899
-877514
-861340
-864949
-901219
-938339
-942772
-924358
-922754
-953981
-988923
-992786
-971918
-965088
-991102
-1023611
-1026660
-1003128
-990882
-1011569
-1041526
-1043655
-1017421
-999675
-1014824
-1042085
-1043296
-1014570
-991388
-1000910
-1025205
-1025537
-994518
-966208
-970125
-991437
-990877
-957755
-924488
-922981
-941495
-940314
-905286
-867207
-860405
-876392
-874952
-838424
-795791
-783809
-797350
-796038
-758626
-711960
-694996
-706199
-705306
-667506
-617290
-595706
-604904
-604860
-567130
-513731
-487792
-495404
-496834
-459758
-403427
-373323
-379720
-383234
-347505
-288763
-254618
-259930
-266045
-232432
-171847
-133898
-138305
-147462
-116603
-54595
-13064
-16871
-29711
-2226
60977
106196
102690
85309
108617
172900
222125
218876
196171
214365
279359
332895
330110
301528
313624
378988
437191
435031
399810
404871
470628
534319
532914
489787
486430
552849
623686
623574
570756
556888
624288
704632
706914
642352
615120
683759
776774
783219
704119
659497
729974
841101
854304
755359
686038
760202
900388
925833
796104
686318
767324
961175
1013338
827930
635862
728479
1048089
1180954
855774
389809
477955
1442725
2749592
3396338
2848611
1560791
531784
366223
809841
1169336
1074153
753266
631286
806368
1004974
974587
782724
684538
782385
920061
910071
772307
685686
745019
849047
848384
740768
661038
696425
778045
781878
693249
618052
637023
702450
708433
632488
560118
566925
620105
627153
560259
489666
486728
529999
537647
477826
408526
397466
432191
439917
385935
318021
300206
327467
334886
285737
219153
195803
216758
223851
178763
113346
85397
101029
108016
66642
2467
-29439
-18400
-11352
-49007
-111651
-146781
-139840
-132694
-166643
-227232
-264730
-261241
-253877
-284119
-342355
-381534
-380743
-372710
-399182
-454858
-495106
-496354
-487228
-509650
-562371
-603189
-605986
-595464
-613506
-662695
-703402
-707324
-695325
-708781
-753954
-793849
-798370
-784561
-793300
-834162
-872769
-877350
-861346
-865088
-901407
-938421
-942692
-924195
-922697
-954084
-989136
-992893
-971850
-964943
-991075
-1023695
-1026711
-1003192
-990931
-1011559
-1041437
-1043535
-1017423
-999818
-1014978
-1042053
-1043102
-1014417
-991422
-1001058
-1025357
-1025511
-994327
-966012
-970101
-991565
-990999
-957711
-924342
-922872
-941472
-940317
-905300
-867272
-860459
-876293
-874744
-838327
-795884
-783983
-797391
-795873
-758397
-711810
-695030
-706354
-705376
-667385
-617036
-595555
-604962
-604968
-567150
-513617
-487673
-495328
-496734
-459690
-403490
-373422
-379683
-382994
-347265
-288721
-254772
-260089
-265981
-232188
-171579
-133808
-138436
-147658
-116593
-54338
-12771
-16795
-29831
-2306
61012
106279
102799
85458
108779
172891
221924
218768
196364
214724
279585
332784
329827
301392
313798
379347
437485
434987
399491
404638
470761
534692
533142
489742
486294
552781
623636
623574
570931
557232
624445
704305
706453
642307
615612
684308
776896
782802
703588
659301
730387
841834
854640
754932
685281
759944
900826
926373
796277
686278
767199
960753
1012631
827767
637034
730183
1048325
1178784
852881
389000
480542
1447392
2753587
3397213
2845698
1555860
528025
365923
812347
1171748
1074508
752099
630241
806175
1005174
974782
783109
684994
782401
919410
909323
772287
686409
745673
849030
847774
740144
660925
696876
778603
782009
692788
617483
636880
702771
708740
632488
559947
566769
619970
627035
560296
489890
486912
529850
537239
477539
408662
397801
432360
439750
385563
317757
300236
327730
335117
285627
218814
195564
216800
223990
178808
113277
85303
100918
107822
66529
2543
-29255
-18393
-11622
-49316
-111744
-146648
-139658
-132688
-166848
-227500
-264903
-261152
-253669
-284072
-342568
-381780
-380814
-372682
-399158
-454840
-495132
-496422
-487393
-509822
-562366
-603035
-605855
-595582
-613768
-662882
-703390
-707172
-695196
-708832
-754178
-794087
-798385
-784391
-793164
-834235
-872971
-877453
-861369
-865099
-901401
-938369
-942665
-924289
-922868
-954192
-989023
-992696
-971791
-965102
-991270
-1023759
-1026626
-1003007
-990850
-1011663
-1041643
-1043624
-1017324
-999645
-1014944
-1042108
-1043212
-1014450
-991425
-1001049
-1025245
-1025400
-994329
-966168
-970256
-991532
-990797
-957541
-924370
-923043
-941618
-940271
-905108
-867056
-860418
-876440
-874871
-838274
-795712
-783847
-797379
-795905
-758403
-711840
-695060
-706265
-705173
-667268
-617108
-595714
-605002
-604781
-566900
-513486
-487737
-495487
-496810
-459545
-403204
-373232
-379754
-383169
-347294
-288585
-254602
-259969
-265949
-232177
-171636
-133897
-138398
-147421
-116322
-54296
-12985
-16974
-29744
-2028
61270
106344
102613
85234
108772
173181
222248
218833
196183
214563
279623
332951
329985
301501
313878
379334
437276
434848
399691
405072
471006
534510
532766
489575
486512
553219
623933
623445
570512
556954
624649
704838
706772
642149
615265
684160
776948
782922
703795
659624
730522
841428
853990
754815
686024
760825
900930
925596
795364
686083
767982
961943
1013134
826960
635463
729408
1049233
1180437
853675
388758
480589
1448346
2754252
3396250
2843832
1555180
529297
367425
812100
1169904
1072866
752012
631460
807468
1005521
973999
781907
684509
783015
920438
909703
771709
685653
745496
849292
848060
740279
660982
696784
778267
781615
692796
617912
637277
702667
708238
632087
559963
567101
620287
627024
559905
489464
486836
530179
537536
477471
408340
397559
432333
439792
385624
317815
300276
327600
334815
285447
218941
195839
216862
223773
178474
113127
85394
101121
107939
66362
2224
-29481
-18314
-11396
-49258
-111892
-146840
-139742
-132754
-166881
-227456
-264811
-261193
-253892
-284330
-342607
-381618
-380688
-372741
-399389
-455075
-495176
-496295
-487259
-509829
-562586
-603273
-605912
-595463
-613686
-662930
-703509
-707279
-695290
-708898
-754174
-793986
-798333
-784518
-793398
-834369
-872879
-877290
-861295
-865213
-901608
-938512
-942620
-924125
-922788
-954281
-989248
-992813
-971737
-964987
-991251
-1023802
-1026682
-1003060
-990909
-1011694
-1041540
-1043476
-1017333
-999826
-1015094
-1042105
-1043011
-1014268
-991406
-1001191
-1025418
-1025392
-994166
-965981
-970219
-991660
-990941
-957515
-924252
-922944
-941556
-940264
-905119
-867124
-860455
-876333
-874656
-838137
-795772
-784008
-797443
-795778
-758170
-711692
-695102
-706407
-705255
-667141
-616844
-595566
-605029
-604934
-566917
-513367
-487617
-495404
-496711
-459485
-403260
-373364
-379717
-382941
-347057
-288525
-254745
-260123
-265892
-231927
-171365
-133810
-138538
-147599
-116317
-54038
-12698
-16934
-29895
-2093
61335
106448
102722
85401
108925
173157
222065
218715
196361
214935
279847
332836
329729
301387
314067
379681
437511
434777
399388
404891
471176
534897
532963
489486
486344
553157
623934
623520
570724
557250
624740
704517
706333
642134
615782
684692
776989
782476
703301
659581
731018
842070
854176
754276
685286
760713
901543
926240
795474
685783
767712
961643
1012723
826962
636565
730911
1049240
1178198
850956
388388
483657
1453181
2757738
3396170
2840275
1550438
526355
367847
814815
1172157
1072834
750380
630198
807513
1006144
974394
782071
684649
782910
919851
909140
771836
686362
745985
849101
847385
739778
661073
697291
778685
781537
692269
617454
637301
703120
708556
631960
559583
566910
620295
627058
559971
489597
486920
529976
537165
477297
408540
397859
432402
439539
385261
317674
300419
327849
334882
285230
218586
195663
216996
223998
178503
112946
85206
101058
107897
66339
2270
-29362
-18355
-11661
-49531
-111922
-146662
-139636
-132846
-167137
-227675
-264838
-261040
-253767
-284406
-342849
-381845
-380712
-372595
-399329
-455164
-495335
-496391
-487343
-509918
-562575
-603173
-605891
-595627
-613922
-663054
-703433
-707137
-695264
-709069
-754384
-794083
-798253
-784381
-793355
-834507
-873085
-877397
-861211
-865113
-901623
-938581
-942675
-924179
-922876
-954314
-989137
-992710
-971770
-965168
-991397
-1023766
-1026516
-1002964
-990954
-1011870
-1041672
-1043467
-1017183
-999671
-1015116
-1042274
-1043146
-1014216
-991292
-1001129
-1025417
-1025424
-994201
-966030
-970235
-991581
-990754
-957446
-924338
-923099
-941589
-940112
-904929
-867063
-860549
-876473
-874699
-837991
-795544
-783914
-797535
-795889
-758149
-711573
-694972
-706354
-705216
-667098
-616919
-595611
-604973
-604725
-566732
-513378
-487758
-495487
-496615
-459263
-403074
-373344
-379858
-383059
-346948
-288267
-254560
-260135
-266018
-231982
-171256
-133669
-138462
-147495
-116228
-54088
-12823
-16952
-29676
-1827
61427
106306
102544
85380
109169
173468
222174
218587
196147
214904
280095
333147
329796
301245
313918
379714
437639
434881
399495
405035
471200
534690
532751
489580
486737
553449
623852
623140
570482
557408
625184
704865
706269
641720
615448
684864
777520
782800
703157
659224
730891
842122
854251
754465
685704
760989
901157
925426
795132
686480
768829
962004
1011888
825703
636056
731770
1050892
1179201
850226
386381
482450
1454529
2761043
3398727
2840020
1548116
524310
367174
814628
1171701
1072602
751066
631312
807841
1005391
973354
781776
685245
783729
920139
908665
771078
686019
746384
849747
847618
739372
660548
697185
778920
781772
692313
617436
637251
702912
708271
631909
559878
567179
620226
626698
559643
489611
487178
530205
537102
476973
408219
397839
432628
439747
385163
317373
300206
327865
334981
285252
218570
195674
216888
223764
178329
112996
85380
101092
107685
66062
2139
-29283
-18205
-11648
-49700
-112174
-146785
-139552
-132687
-167139
-227878
-265045
-261107
-253772
-284415
-342870
-381826
-380728
-372769
-399512
-455208
-495210
-496289
-487417
-510123
-562758
-603194
-605775
-595525
-613977
-663269
-703624
-707132
-695139
-709010
-754486
-794256
-798351
-784374
-793384
-834496
-873067
-877355
-861323
-865287
-901683
-938489
-942541
-924168
-922989
-954469
-989196
-992629
-971647
-965131
-991516
-1023936
-1026565
-1002849
-990844
-1011857
-1041762
-1043531
-1017179
-999684
-1015107
-1042213
-1043034
-1014235
-991415
-1001210
-1025357
-1025255
-994076
-966068
-970363
-991656
-990669
-957280
-924211
-923105
-941728
-940167
-904835
-866883
-860444
-876520
-874752
-837988
-795522
-783907
-797461
-795756
-758075
-711636
-695084
-706337
-705036
-666908
-616840
-595711
-605082
-604683
-566561
-513184
-487674
-495568
-496708
-459200
-402892
-373182
-379841
-383089
-346964
-288239
-254524
-260073
-265850
-231814
-171254
-133805
-138524
-147378
-115982
-53905
-12856
-17096
-29736
-1705
61701
106477
102486
85231
109111
173627
222409
218674
196111
214894
280085
333110
329812
301383
314168
379818
437474
434669
399513
405328
471511
534722
532535
489357
486772
553786
624166
623170
570207
557170
625256
705183
706452
641687
615383
684823
777415
782648
703219
659679
731249
841971
853668
754104
686007
761690
901557
925085
794374
686035
769226
962950
1012434
825232
635011
731277
1051375
1179934
850341
386489
483738
1456659
2761919
3397080
2837162
1546510
524943
368775
815298
1170819
1071180
750410
631899
808968
1005928
972880
780810
684756
784129
920867
908920
770694
685560
746281
849890
847668
739406
660696
697260
778729
781388
692175
617679
637609
702938
707957
631543
559809
567412
620479
626693
559344
489284
487147
530422
537270
476880
408000
397714
432641
439728
385136
317408
300290
327782
334735
285035
218611
195835
216967
223634
178080
112831
85430
101233
107749
65916
1896
-29433
-18128
-11518
-49711
-112322
-146927
-139607
-132725
-167193
-227895
-264995
-261135
-253904
-284594
-342924
-381739
-380641
-372808
-399700
-455388
-495248
-496205
-487324
-510196
-562946
-603353
-605779
-595451
-613949
-663364
-703718
-707205
-695191
-709059
-754500
-794192
-798312
-784439
-793526
-834625
-873024
-877261
-861291
-865386
-901857
-938589
-942486
-924038
-922971
-954596
-989331
-992660
-971560
-965042
-991539
-1024009
-1026609
-1002861
-990878
-1011878
-1041708
-1043447
-1017153
-999779
-1015227
-1042194
-1042925
-1014129
-991433
-1001342
-1025435
-1025191
-993919
-965965
-970402
-991763
-990735
-957202
-924077
-923072
-941738
-940182
-904826
-866861
-860471
-876464
-874628
-837888
-795552
-783986
-797454
-795623
-757898
-711549
-695149
-706427
-705021
-666741
-616670
-595658
-605157
-604762
-566499
-513003
-487584
-495560
-496719
-459181
-402852
-373170
-379787
-382933
-346791
-288193
-254622
-260146
-265767
-231599
-171101
-133836
-138650
-147431
-115842
-53673
-12745
-17143
-29855
-1698
61857
106644
102538
85201
109147
173667
222401
218646
196235
215083
280203
333020
329660
301405
314391
380056
437513
434498
399360
405393
471776
534971
532524
489154
486675
553898
624413
623267
570167
557159
625336
705143
706340
641737
615666
685094
777332
782292
703014
659882
731711
842196
853415
753654
685854
762053
902107
925245
793938
685532
769195
963387
1012758
825124
634921
731548
1051427
1178966
849063
386726
486371
1460292
2763889
3395853
2833708
1543408
524124
370059
816977
1171261
1070184
749185
631631
809728
1006739
972913
780230
684351
784218
921123
908902
770617
685689
746416
849730
847307
739283
660921
697577
778737
781050
691834
617645
637851
703161
707879
631232
559574
567475
620733
626787
559175
489077
487092
530489
537257
476809
408002
397760
432603
439526
384950
317423
300427
327850
334604
284815
218459
195900
217106
223627
177909
112623
85348
101325
107832
65854
1750
-29524
-18150
-11524
-49779
-112368
-146926
-139630
-132855
-167349
-227950
-264934
-261064
-253978
-284794
-343101
-381771
-380570
-372773
-399803
-455575
-495365
-496178
-487281
-510208
-563063
-603460
-605810
-595454
-614007
-663417
-703728
-707177
-695229
-709202
-754622
-794202
-798244
-784457
-793650
-834758
-873075
-877179
-861202
-865426
-901985
-938681
-942474
-923985
-922933
-954658
-989418
-992676
-971540
-965069
-991585
-1024013
-1026563
-1002848
-990942
-1011956
-1041722
-1043348
-1017107
-999821
-1015331
-1042255
-1042868
-1013997
-991386
-1001405
-1025543
-1025201
-993829
-965870
-970418
-991807
-990729
-957145
-924035
-923074
-941723
-940124
-904730
-866878
-860520
-876443
-874524
-837756
-795492
-784049
-797506
-795559
-757760
-711432
-695135
-706496
-705042
-666657
-616524
-595609
-605178
-604773
-566433
-512922
-487524
-495532
-496641
-459057
-402805
-373218
-379808
-382843
-346612
-288092
-254642
-260195
-265752
-231439
-170931
-133779
-138687
-147448
-115759
-53516
-12614
-17154
-29889
-1652
61956
106689
102521
85265
109273
173777
222366
218586
196276
215281
280380
333038
329536
301345
314527
380278
437652
434416
399242
405406
471949
535140
532516
489073
486660
554011
624487
623223
570153
557275
625482
705125
706144
641639
615844
685388
777424
782072
702756
659927
732045
842456
853321
753294
685656
762257
902476
925342
793680
685341
769361
963623
1012635
824801
635098
732267
1051840
1178209
847638
386309
488153
1463580
2766390
3395632
2830968
1540222
522643
370758
818453
1171896
1069587
748278
631453
810241
1007193
972813
779886
684278
784441
921137
908684
770472
685823
746659
849758
847028
739011
660958
697826
778884
780906
691546
617548
638018
703353
707862
631001
559389
567504
620842
626786
559062
488986
487106
530517
537170
476674
407953
397850
432637
439407
384766
317341
300515
327950
334528
284628
218332
195909
217198
223641
177776
112465
85331
101375
107823
65754
1607
-29558
-18135
-11602
-49895
-112454
-146904
-139593
-132920
-167506
-228069
-264938
-261013
-253995
-284914
-343230
-381813
-380536
-372770
-399875
-455704
-495433
-496168
-487264
-510270
-563181
-603507
-605813
-595467
-614103
-663516
-703763
-707165
-695233
-709289
-754731
-794219
-798195
-784439
-793720
-834885
-873152
-877161
-861152
-865461
-902092
-938746
-942471
-923943
-922955
-954737
-989475
-992678
-971528
-965106
-991642
-1024048
-1026511
-1002798
-990960
-1012057
-1041753
-1043312
-1017005
-999804
-1015391
-1042301
-1042824
-1013914
-991342
-1001441
-1025593
-1025177
-993756
-965842
-970425
-991846
-990698
-957071
-924000
-923101
-941752
-940065
-904645
-866854
-860560
-876477
-874455
-837639
-795453
-784067
-797543
-795517
-757646
-711345
-695137
-706534
-705008
-666543
-616430
-595568
-605195
-604722
-566303
-512839
-487529
-495572
-496585
-458937
-402694
-373205
-379860
-382814
-346508
-287990
-254634
-260261
-265720
-231316
-170813
-133726
-138737
-147449
-115666
-53377
-12586
-17182
-29893
-1524
62098
106732
102476
85266
109388
173900
222391
218531
196250
215387
280538
333094
329466
301296
314613
380455
437707
434343
399172
405475
472111
535215
532460
488990
486730
554207
624582
623137
570057
557372
625676
705207
706048
641508
615905
685630
777557
781945
702576
659967
732289
842644
853195
753057
685676
762575
902717
925173
793329
685270
769730
963954
1012427
824249
634931
732817
1052478
1178023
846577
385668
489344
1466354
2768806
3395723
2828637
1537407
521354
371312
819544
1172134
1068946
747725
631598
810772
1007377
972443
779491
684309
784781
921347
908470
770140
685777
746897
849906
846905
738746
660899
698019
779012
780786
691346
617484
638138
703451
707754
630818
559340
567614
620916
626694
558868
488896
487200
530587
537110
476500
407838
397891
432702
439391
384617
317234
300508
327986
334494
284481
218225
195937
217232
223571
177630
112364
85329
101410
107779
65603
1511
-29579
-18082
-11604
-50037
-112612
-146942
-139541
-132910
-167607
-228182
-264973
-260987
-253996
-285001
-343336
-381838
-380513
-372811
-400005
-455803
-495465
-496134
-487275
-510383
-563309
-603559
-605762
-595440
-614181
-663624
-703810
-707131
-695236
-709353
-754829
-794278
-798187
-784408
-793772
-834962
-873168
-877137
-861148
-865528
-902190
-938801
-942418
-923908
-923008
-954822
-989529
-992621
-971462
-965124
-991736
-1024091
-1026484
-1002735
-990968
-1012101
-1041792
-1043288
-1016967
-999816
-1015450
-1042339
-1042796
-1013873
-991364
-1001522
-1025612
-1025099
-993660
-965822
-970481
-991896
-990640
-956954
-923960
-923128
-941798
-940025
-904545
-866744
-860574
-876521
-874427
-837553
-795374
-784068
-797558
-795469
-757550
-711308
-695174
-706550
-704915
-666407
-616358
-595614
-605238
-604655
-566161
-512727
-487534
-495601
-496589
-458829
-402549
-373175
-379868
-382804
-346417
-287855
-254588
-260242
-265686
-231219
-170700
-133712
-138768
-147399
-115498
-53274
-12581
-17258
-29850
-1386
62259
106788
102425
85223
109469
174077
222497
218494
196187
215441
280669
333174
329448
301294
314696
380565
437720
434271
399182
405631
472286
535209
532327
488915
486858
554455
624682
623015
569879
557379
625924
705434
706029
641345
615848
685763
777706
781923
702461
659979
732460
842703
853039
752889
685834
762949
902809
924801
792925
685387
770347
964436
1012224
823536
634445
733235
1053390
1178362
845853
384828
489916
1468626
2771164
3396131
2826778
1534959
520171
371673
820191
1172037
1068335
747515
632087
811309
1007288
971859
779040
684475
785296
921658
908253
769639
685579
747129
850222
846908
738513
660734
698080
779120
780742
691203
617470
638227
703446
707568
630654
559381
567786
620948
626501
558613
488828
487343
530759
537061
476262
407667
397892
432829
439408
384486
317085
300459
328036
334483
284386
218157
195914
217230
223478
177494
112333
85413
101464
107666
65394
1406
-29529
-17999
-11627
-50181
-112789
-147004
-139498
-132856
-167674
-228351
-265072
-261000
-254006
-285069
-343425
-381869
-380520
-372846
-400115
-455895
-495440
-496107
-487342
-510543
-563418
-603541
-605686
-595424
-614266
-663794
-703901
-707101
-695157
-709367
-754954
-794383
-798212
-784384
-793800
-835040
-873228
-877142
-861176
-865598
-902250
-938775
-942364
-923902
-923127
-954960
-989528
-992544
-971384
-965138
-991862
-1024212
-1026470
-1002651
-990903
-1012162
-1041911
-1043305
-1016912
-999756
-1015442
-1042349
-1042785
-1013857
-991380
-1001544
-1025596
-1025020
-993612
-965867
-970594
-991892
-990548
-956838
-923923
-923204
-941869
-940011
-904432
-866635
-860549
-876584
-874474
-837483
-795264
-784021
-797556
-795455
-757501
-711266
-695159
-706514
-704818
-666288
-616351
-595691
-605264
-604546
-565998
-512641
-487572
-495697
-496585
-458687
-402396
-373095
-379940
-382878
-346352
-287708
-254482
-260233
-265688
-231170
-170655
-133717
-138743
-147319
-115378
-53223
-12665
-17321
-29780
-1165
62395
106752
102286
85169
109622
174324
222650
218439
196058
215435
280814
333340
329477
301246
314713
380627
437792
434293
399231
405789
472383
535130
532152
488937
487126
554699
624649
622772
569685
557470
626228
705703
705980
641044
615659
685930
778035
782053
702343
659842
732507
842789
853009
752904
686017
763163
902711
924343
792648
685801
771126
964673
1011518
822567
634229
734087
1054661
1178826
844902
383292
489627
1470560
2774118
3397678
2825667
1532334
518220
371361
820731
1172281
1068191
747574
632500
811527
1006865
971220
778944
685011
785883
921635
907734
769132
685522
747562
850674
846888
738062
660367
698119
779399
780889
691081
617291
638191
703454
707533
630616
559457
567889
620873
626233
558465
488934
487570
530808
536857
475985
407523
398009
433040
439466
384302
316817
300399
328143
334572
284343
218000
195818
217202
223450
177424
112314
85444
101406
107486
65231
1376
-29405
-17924
-11753
-50426
-112930
-146974
-139357
-132796
-167792
-228576
-265216
-260946
-253913
-285089
-343553
-382000
-380562
-372886
-400162
-455928
-495433
-496104
-487418
-510693
-563496
-603492
-605613
-595500
-614455
-663930
-703918
-707020
-695082
-709427
-755112
-794541
-798204
-784299
-793742
-835119
-873343
-877189
-861162
-865596
-902274
-938771
-942367
-923971
-923206
-955009
-989473
-992440
-971379
-965292
-991990
-1024188
-1026360
-1002521
-990897
-1012278
-1042032
-1043332
-1016803
-999654
-1015463
-1042474
-1042837
-1013797
-991314
-1001522
-1025577
-1024999
-993602
-965903
-970620
-991852
-990420
-956766
-924005
-923322
-941898
-939881
-904257
-866574
-860620
-876693
-874468
-837347
-795108
-783973
-797654
-795519
-757450
-711137
-695064
-706503
-704798
-666256
-616334
-595688
-605217
-604418
-565873
-512660
-487676
-495741
-496448
-458464
-402265
-373132
-380062
-382888
-346211
-287497
-254338
-260306
-265800
-231144
-170491
-133554
-138694
-147304
-115348
-53177
-12637
-17274
-29629
-999
62443
106634
102201
85281
109876
174491
222601
218267
195966
215562
281125
333553
329439
301053
314627
380791
438019
434369
399180
405725
472401
535167
532174
489036
487339
554790
624487
622521
569726
557823
626572
705666
705642
640751
615746
686357
778448
782065
701919
659449
732616
843281
853324
752751
685739
763067
902768
924381
792718
686107
771477
964441
1010625
821979
634965
735713
1055391
1177585
842560
382026
490994
1474253
2778071
3399247
2823593
1528033
514907
370983
822529
1173943
1068356
746800
631956
811475
1006915
971195
779122
685398
785996
921194
907140
769050
686049
748105
850628
846391
737569
660297
698524
779865
780918
690638
616864
638168
703768
707740
630502
559233
567766
620862
626231
558455
489023
487635
530683
536568
475819
407670
398267
433075
439226
383993
316685
300517
328378
334641
284122
217704
195695
217357
223588
177390
112126
85289
101374
107513
65224
1356
-29404
-18000
-11918
-50568
-112923
-146845
-139311
-132968
-168050
-228704
-265136
-260816
-253877
-285234
-343819
-382145
-380505
-372745
-400139
-456067
-495607
-496173
-487402
-510675
-563511
-603496
-605650
-595591
-614584
-663966
-703815
-706936
-695188
-709650
-755269
-794505
-798077
-784217
-793817
-835318
-873484
-877185
-861006
-865509
-902352
-938956
-942452
-923931
-923162
-955009
-989514
-992457
-971442
-965361
-992009
-1024125
-1026257
-1002540
-991066
-1012419
-1041995
-1043147
-1016673
-999692
-1015615
-1042585
-1042805
-1013635
-991144
-1001520
-1025730
-1025084
-993539
-965782
-970559
-991865
-990442
-956769
-923997
-923332
-941809
-939754
-904200
-866655
-860735
-876669
-874293
-837172
-795087
-784076
-797766
-795488
-757256
-710939
-695010
-706620
-704932
-666225
-616155
-595546
-605201
-604458
-565867
-512621
-487629
-495642
-496290
-458366
-402312
-373251
-380066
-382701
-345965
-287424
-254471
-260444
-265783
-230951
-170221
-133429
-138788
-147484
-115354
-52972
-12407
-17241
-29731
-1018
62499
106716
102293
85405
109982
174498
222460
218177
196142
215865
281261
333394
329198
300998
314857
381135
438188
434235
398899
405622
472638
535532
532326
488862
487108
554784
624647
622661
569805
557909
626575
705475
705424
640876
616231
686690
778212
781503
701643
659788
733250
843625
853092
752107
685246
763336
903600
924893
792397
685347
771121
964753
1011108
822239
635135
735863
1054993
1176231
841340
382922
494548
1478212
2779205
3396555
2819252
1525204
514967
373083
824619
1174393
1067037
745030
631339
812482
1008242
971474
778370
684632
785916
921551
907390
769132
686081
748008
850310
846049
737651
660774
698843
779625
780328
690330
617054
638608
704024
707550
630040
558886
567841
621266
626463
558264
488638
487457
530792
536745
475855
407613
398200
432967
439047
383913
316848
300700
328288
334309
283855
217723
195930
217506
223510
177107
111859
85241
101560
107664
65135
1063
-29595
-17972
-11804
-50548
-113011
-146954
-139401
-133081
-168130
-228669
-265064
-260822
-254060
-285465
-343851
-382001
-380390
-372789
-400359
-456297
-495669
-496070
-487273
-510703
-563752
-603718
-605697
-595477
-614525
-664038
-703972
-707036
-695203
-709660
-755266
-794442
-798049
-784343
-794025
-835377
-873368
-877029
-861040
-865705
-902551
-938985
-942330
-923754
-923142
-955157
-989717
-992501
-971305
-965208
-992029
-1024253
-1026355
-1002527
-991022
-1012384
-1041964
-1043134
-1016728
-999802
-1015699
-1042473
-1042633
-1013584
-991284
-1001704
-1025750
-1024958
-993360
-965717
-970649
-992032
-990480
-956630
-923804
-923257
-941903
-939851
-904190
-866547
-860639
-876616
-874261
-837162
-795110
-784129
-797667
-795275
-757123
-710991
-695193
-706642
-704745
-665973
-616031
-595625
-605360
-604495
-565700
-512345
-487485
-495742
-496435
-458357
-402143
-373071
-379998
-382699
-345956
-287425
-254469
-260357
-265597
-230765
-170243
-133626
-138894
-147296
-115038
-52791
-12482
-17438
-29807
-895
62821
106930
102198
85176
109919
174681
222737
218313
196089
215804
281260
333433
329257
301164
315057
381136
437956
434042
399029
406047
472932
535397
531965
488670
487300
555233
624978
622587
569394
557624
626773
705960
705697
640710
615908
686571
778334
781632
701803
660030
733321
843293
852556
752083
686005
764114
903503
923955
791572
685523
772170
965778
1011160
821075
633705
735616
1056432
1178093
841734
381699
493551
1478993
2781052
3397483
2818496
1523980
514580
373181
824028
1173033
1066240
745779
632889
813179
1007563
970249
777721
685030
786877
922169
907131
768222
685452
748254
851080
846434
737327
660248
698643
779763
780500
690423
617121
638578
703748
707229
630029
559227
568177
621155
625993
557897
488689
487792
531042
536642
475482
407254
398170
433272
439301
383796
316491
300483
328344
334449
283893
217652
195865
217366
223322
177025
111982
85439
101543
107371
64845
1038
-29415
-17802
-11844
-50814
-113280
-147009
-139251
-132884
-168187
-228946
-265298
-260837
-253959
-285420
-343937
-382136
-380489
-372879
-400428
-456265
-495563
-496049
-487477
-510965
-563804
-603579
-605537
-595531
-614746
-664262
-704031
-706899
-695049
-709667
-755461
-794684
-798104
-784196
-793897
-835428
-873525
-877131
-861068
-865691
-902540
-938961
-942315
-923868
-923312
-955239
-989588
-992320
-971287
-965389
-992208
-1024300
-1026225
-1002365
-990975
-1012530
-1042161
-1043176
-1016558
-999614
-1015667
-1042616
-1042740
-1013571
-991213
-1001654
-1025709
-1024912
-993389
-965807
-970708
-991910
-990275
-956534
-923904
-923439
-941952
-939693
-903975
-866461
-860741
-876803
-874316
-836987
-794869
-784033
-797762
-795438
-757100
-710830
-695027
-706593
-704752
-665982
-616048
-595615
-605241
-604276
-565552
-512419
-487669
-495770
-496258
-458073
-401996
-373167
-380165
-382741
-345773
-287111
-254322
-260460
-265787
-230792
-170039
-133390
-138804
-147347
-115086
-52783
-12452
-17331
-29624
-698
62800
106718
102102
85364
110263
174861
222614
218038
195990
215993
281619
333647
329150
300873
314930
381370
438330
434195
398895
405852
472901
535530
532103
488820
487444
555220
624723
622365
569561
558134
627120
705760
705174
640455
616213
687162
778675
781457
701217
659624
733591
844042
853017
751790
685309
763808
903795
924389
791835
685660
772157
965279
1010289
820879
635001
737449
1056649
1175815
838809
381042
496432
1483897
2784881
3397729
2814980
1518969
511290
373526
826875
1175450
1066234
744060
631573
813227
1008276
970720
777843
685022
786646
921676
906738
768486
686185
748652
850674
845673
736977
660590
699242
780009
780216
689846
616776
638788
704267
707500
629721
558727
567993
621368
626249
557925
488574
487664
530894
536501
475467
407451
398361
433131
438904
383535
316582
300761
328464
334269
283544
217439
195914
217613
223494
176867
111624
85205
101642
107592
64887
855
-29605
-17928
-11926
-50834
-113213
-146940
-139315
-133132
-168397
-228935
-265114
-260743
-254090
-285702
-344133
-382099
-380326
-372788
-400527
-456553
-495795
-496028
-487272
-510890
-563939
-603795
-605642
-595509
-614717
-664273
-704035
-706966
-695230
-709840
-755491
-794554
-797984
-784287
-794150
-835625
-873501
-876976
-860970
-865785
-902745
-939119
-942285
-923708
-923182
-955320
-989808
-992451
-971240
-965293
-992175
-1024319
-1026278
-1002449
-991075
-1012537
-1042034
-1043046
-1016578
-999808
-1015826
-1042585
-1042549
-1013429
-991252
-1001799
-1025835
-1024898
-993205
-965639
-970717
-992070
-990386
-956440
-923726
-923322
-941951
-939746
-903984
-866456
-860707
-876668
-874152
-836954
-794985
-784152
-797722
-795210
-756899
-710844
-695195
-706693
-704669
-665759
-615863
-595608
-605389
-604434
-565481
-512162
-487464
-495792
-496352
-458116
-401934
-373063
-380043
-382620
-345728
-287205
-254441
-260434
-265543
-230518
-170004
-133569
-138960
-147271
-114800
-52540
-12434
-17517
-29796
-658
63080
107018
102124
85154
110119
174988
222847
218184
196021
216003
281572
333530
329150
301112
315245
381458
438088
433912
398929
406222
473272
535534
531800
488512
487479
555579
625136
622412
569188
557755
627170
706196
705506
640398
615989
687019
778617
781466
701448
660042
733776
843622
852327
751640
686027
764682
903897
923599
790930
685538
772994
966410
1010621
819916
633473
736890
1057835
1177698
839514
380228
495688
1484511
2786116
3397993
2814053
1518239
511689
374071
826166
1173692
1065170
744740
633127
814102
1007828
969564
777076
685254
787577
922379
906553
767623
685502
748843
851402
846090
736720
660081
699000
780097
780354
689953
616918
638782
703983
707106
629657
559077
568340
621284
625808
557581
488588
487973
531158
536427
475096
407094
398341
433427
439168
383433
316240
300542
328503
334413
283594
217373
195830
217486
223287
176776
111760
85386
101610
107304
64586
853
-29403
-17763
-11994
-51098
-113484
-146983
-139154
-132990
-168472
-229206
-265343
-260738
-253935
-285632
-344211
-382276
-380425
-372866
-400593
-456504
-495699
-496039
-487489
-511124
-564002
-603655
-605508
-595574
-614943
-664484
-704072
-706842
-695079
-709862
-755703
-794764
-798007
-784144
-794028
-835695
-873689
-877099
-860974
-865751
-902720
-939080
-942300
-923810
-923346
-955362
-989656
-992300
-971255
-965467
-992365
-1024333
-1026109
-1002313
-991075
-1012708
-1042206
-1043060
-1016424
-999633
-1015823
-1042737
-1042681
-1013392
-991103
-1001730
-1025827
-1024914
-993250
-965708
-970736
-991965
-990227
-956406
-923841
-923476
-941957
-939572
-903793
-866429
-860823
-876804
-874136
-836745
-794803
-784116
-797856
-795338
-756844
-710641
-695039
-706714
-704739
-665769
-615816
-595544
-605304
-604268
-565397
-512229
-487603
-495751
-496137
-457872
-401870
-373184
-380189
-382583
-345500
-286962
-254373
-260565
-265699
-230469
-169751
-133311
-138926
-147420
-114869
-52447
-12273
-17391
-29687
-590
63030
106869
102102
85395
110432
175050
222631
217975
196076
216302
281874
333603
328945
300880
315258
381776
438405
433947
398654
406009
473345
535838
532016
488520
487393
555530
625036
622372
569379
558148
627341
705859
705055
640370
616440
687529
778671
781007
700957
660024
734284
844225
852430
751100
685366
764662
904593
924270
790893
684982
772613
966318
1010641
820178
634301
737783
1057419
1175501
837382
380806
499480
1489103
2788213
3396183
2809791
1514481
510590
375696
828643
1174829
1064168
742832
632200
814875
1009141
970039
776500
684554
787346
922508
906723
767837
685779
748843
850938
845583
736760
660603
699453
779973
779823
689552
616971
639204
704313
707001
629218
558706
568382
621660
626064
557428
488200
487760
531225
536600
475144
407087
398280
433265
438942
383366
316410
300738
328463
334110
283315
217381
196036
217644
223209
176497
111509
85370
101788
107434
64486
584
-29627
-17724
-11816
-51057
-113580
-147149
-139264
-133062
-168516
-229175
-265255
-260775
-254156
-285853
-344260
-382125
-380323
-372946
-400823
-456702
-495720
-495922
-487392
-511188
-564228
-603839
-605512
-595420
-614855
-664572
-704256
-706945
-695087
-709861
-755696
-794750
-798038
-784282
-794205
-835730
-873563
-876974
-861024
-865931
-902884
-939085
-942151
-923702
-923416
-955548
-989817
-992274
-971095
-965350
-992430
-1024496
-1026208
-1002236
-990960
-1012654
-1042217
-1043084
-1016468
-999693
-1015830
-1042638
-1042556
-1013394
-991268
-1001868
-1025801
-1024743
-993105
-965731
-970893
-992072
-990159
-956226
-923717
-923507
-942086
-939644
-903701
-866246
-860721
-876851
-874196
-836766
-794751
-784079
-797790
-795227
-756801
-710728
-695130
-706644
-704529
-665583
-615821
-595684
-605372
-604177
-565183
-512051
-487614
-495913
-496225
-457760
-401645
-373023
-380203
-382726
-345504
-286813
-254230
-260480
-265628
-230452
-169767
-133379
-138902
-147197
-114658
-52430
-12443
-17502
-29594
-318
63254
106856
101911
85271
110562
175343
222851
217927
195851
216204
282031
333866
329090
300828
315197
381773
438426
434008
398849
406220
473392
535619
531771
488602
487785
555813
624946
622029
569183
558297
627743
706185
704954
639966
616193
687743
779173
781284
700760
659610
734176
844391
852639
751246
685525
764717
904238
923697
790829
685767
773526
966281
1009535
819097
634454
739201
1058825
1175470
835709
378859
499309
1491656
2792166
3398637
2808782
1510792
507134
374688
829782
1176174
1064625
742724
632151
814641
1008596
969630
776836
685315
787716
922070
905986
767550
686148
749429
851136
845212
736188
660377
699738
780433
779931
689192
616528
639115
704578
707242
629203
558548
568260
621568
625967
557428
488391
487896
531094
536272
474970
407212
398533
433337
438732
383072
316280
300867
328673
334162
283118
217088
195935
217771
223389
176473
111311
85218
101744
107466
64489
555
-29624
-17817
-12024
-51191
-113567
-146983
-139202
-133230
-168762
-229279
-265172
-260636
-254145
-286028
-344486
-382205
-380228
-372824
-400834
-456892
-495905
-495958
-487300
-511163
-564269
-603924
-605570
-595500
-614960
-664575
-704153
-706904
-695195
-710051
-755803
-794691
-797917
-784248
-794323
-835899
-873648
-876890
-860900
-865937
-903023
-939254
-942196
-923600
-923316
-955596
-989942
-992368
-971100
-965343
-992428
-1024469
-1026184
-1002282
-991097
-1012725
-1042159
-1042940
-1016419
-999797
-1015975
-1042663
-1042424
-1013234
-991227
-1001967
-1025937
-1024734
-992972
-965575
-970877
-992196
-990242
-956167
-923590
-923418
-942070
-939651
-903693
-866267
-860764
-876779
-874056
-836681
-794813
-784181
-797780
-795065
-756621
-710653
-695222
-706753
-704495
-665415
-615636
-595633
-605473
-604277
-565109
-511884
-487481
-495887
-496283
-457773
-401591
-372972
-380158
-382596
-345402
-286833
-254317
-260504
-265479
-230216
-169681
-133482
-139023
-147182
-114446
-52193
-12387
-17625
-29703
-274
63478
107050
101934
85129
110500
175466
223022
218016
195905
216230
282022
333790
329036
300948
315442
381873
438283
433802
398840
406478
473684
535653
531552
488407
487839
556123
625239
622013
568902
558090
627888
706507
705145
639871
616042
687708
779203
781293
700827
659917
734369
844172
852172
751085
685982
765341
904322
923117
790175
685778
774243
967028
1009531
818231
633555
739259
1059915
1176524
835586
377831
498949
1492996
2794223
3399408
2807615
1509150
506584
375017
829692
1175343
1063915
743001
633096
815223
1008242
968794
776372
685629
788405
922416
905642
766924
685875
749732
851647
845330
735814
659973
699714
780683
780090
689133
616470
639075
704463
707052
629141
558727
568448
621496
625664
557208
488419
488121
531224
536110
474664
407040
398609
433557
438788
382854
316012
300774
328777
334283
283046
216925
195819
217745
223335
176408
111310
85240
101719
107282
64308
542
-29499
-17755
-12138
-51437
-113701
-146943
-139094
-133202
-168909
-229495
-265284
-260567
-254051
-286058
-344652
-382357
-380262
-372798
-400836
-456961
-495951
-495984
-487400
-511269
-564341
-603876
-605540
-595603
-615122
-664706
-704133
-706784
-695172
-710165
-755952
-794745
-797851
-784172
-794339
-836018
-873783
-876910
-860808
-865876
-903068
-939354
-942236
-923594
-923330
-955609
-989924
-992311
-971121
-965461
-992509
-1024440
-1026057
-1002242
-991163
-1012853
-1042203
-1042854
-1016311
-999780
-1016084
-1042793
-1042422
-1013142
-991136
-1001971
-1026019
-1024785
-992930
-965512
-970834
-992186
-990243
-956162
-923619
-923454
-942026
-939525
-903627
-866315
-860853
-876784
-873936
-836527
-794737
-784242
-797865
-795024
-756471
-710519
-695208
-706835
-704534
-665344
-615492
-595539
-605475
-604276
-565061
-511822
-487449
-495859
-496177
-457673
-401568
-373021
-380160
-382466
-345233
-286746
-254365
-260571
-265442
-230041
-169497
-133446
-139105
-147230
-114354
-52002
-12239
-17648
-29776
-238
63594
107163
101951
85162
110574
175516
222999
217996
195984
216425
282153
333740
328915
300970
315665
382089
438313
433659
398726
406581
473933
535841
531494
488222
487774
556306
625473
622078
568789
558043
627954
706577
705122
639900
616202
687877
779095
781017
700741
660182
734742
844241
851832
750736
686055
765827
904728
922983
789645
685421
774532
967689
1009797
817795
632962
739216
1060400
1176750
835192
377743
500285
1495347
2795613
3398445
2805088
1507180
506470
376087
830396
1174870
1062881
742540
633582
816024
1008466
968269
775725
685535
788881
922862
905593
766465
685567
749850
851906
845412
735653
659872
699761
780667
779953
689062
616552
639239
704428
706804
628935
558773
568657
621576
625519
556941
488320
488250
531394
536081
474449
406850
398607
433687
438839
382742
315858
300716
328817
334250
282967
216876
195831
217731
223213
176269
111278
85323
101740
107166
64115
438
-29459
-17671
-12169
-51602
-113874
-146991
-139026
-133169
-169010
-229667
-265384
-260555
-254019
-286110
-344745
-382429
-380280
-372819
-400935
-457027
-495938
-495974
-487461
-511428
-564434
-603857
-605464
-595601
-615238
-664850
-704178
-706728
-695142
-710228
-756098
-794863
-797847
-784096
-794357
-836137
-873866
-876945
-860813
-865900
-903134
-939373
-942221
-923614
-923399
-955677
-989909
-992259
-971091
-965531
-992598
-1024459
-1026005
-1002171
-991178
-1012960
-1042267
-1042813
-1016215
-999744
-1016150
-1042844
-1042426
-1013067
-991068
-1002004
-1026056
-1024767
-992863
-965491
-970872
-992168
-990168
-956101
-923629
-923505
-942048
-939421
-903502
-866285
-860899
-876842
-873897
-836404
-794670
-784263
-797909
-795022
-756363
-710391
-695164
-706851
-704547
-665245
-615388
-595523
-605483
-604234
-564977
-511764
-487444
-495865
-496090
-457517
-401480
-373060
-380209
-382405
-345077
-286639
-254370
-260627
-265434
-229924
-169348
-133398
-139166
-147265
-114270
-51874
-12166
-17658
-29812
-177
63713
107217
101958
85188
110688
175605
222973
217941
196011
216584
282292
333746
328819
300943
315782
382295
438399
433551
398612
406637
474135
535956
531468
488128
487779
556453
625599
622045
568743
558101
628077
706625
705010
639827
616348
688077
779146
780818
700571
660287
735057
844403
851639
750415
686033
766160
905048
922884
789247
685252
774809
968090
1009801
817408
632716
739556
1060842
1176501
834286
377461
501790
1498087
2797566
3397984
2802590
1504672
505622
376888
831408
1174927
1062128
741959
633787
816657
1008750
967940
775244
685469
789208
923121
905460
766158
685477
750016
852060
845284
735464
659864
699875
780724
779791
688869
616564
639392
704487
706667
628746
558726
568786
621679
625408
556728
488218
488309
531484
536051
474286
406715
398625
433760
438828
382622
315749
300703
328866
334194
282835
216801
195876
217764
223153
176129
111183
85347
101792
107117
63978
331
-29450
-17605
-12189
-51720
-114008
-147023
-138977
-133163
-169091
-229783
-265408
-260544
-254025
-286183
-344872
-382463
-380261
-372863
-401031
-457140
-495967
-495938
-487490
-511512
-564542
-603894
-605449
-595602
-615331
-664964
-704225
-706718
-695123
-710295
-756214
-794909
-797842
-784097
-794417
-836213
-873897
-876919
-860792
-865958
-903207
-939420
-942200
-923581
-923460
-955771
-989943
-992225
-971066
-965557
-992683
-1024500
-1025955
-1002118
-991193
-1013010
-1042312
-1042798
-1016164
-999737
-1016201
-1042898
-1042391
-1012996
-991054
-1002034
-1026092
-1024728
-992802
-965474
-970896
-992208
-990114
-956000
-923590
-923546
-942091
-939400
-903419
-866246
-860921
-876846
-873842
-836297
-794588
-784279
-797945
-794966
-756275
-710322
-695168
-706903
-704490
-665154
-615309
-595519
-605526
-604206
-564866
-511667
-487431
-495880
-496064
-457410
-401386
-373046
-380218
-382374
-344961
-286521
-254347
-260674
-265392
-229813
-169260
-133367
-139186
-147239
-114170
-51752
-12150
-17700
-29773
-71
63842
107254
101906
85184
110773
175755
223026
217884
195983
216666
282442
333799
328756
300905
315866
382417
438439
433511
398607
406746
474266
536008
531371
488049
487901
556617
625657
621931
568604
558156
628304
706745
704920
639672
616354
688295
779291
780751
700419
660286
735247
844541
851542
750232
686076
766425
905183
922692
788961
685306
775239
968356
1009490
816816
632635
740221
1061549
1176268
833172
376675
502726
1500668
2800040
3398342
2800567
1501905
504144
377209
832445
1175308
1061674
741472
633851
817040
1008860
967633
774971
685590
789535
923148
905149
765893
685578
750324
852174
845075
735185
659811
700080
780901
779711
688633
616438
639485
704630
706642
628573
558634
568835
621744
625354
556592
488178
488395
531525
535942
474147
406676
398733
433790
438695
382438
315651
300795
328940
334165
282679
216661
195852
217848
223149
175985
111034
85318
101831
107135
63893
227
-29478
-17616
-12230
-51821
-114073
-147011
-138964
-133245
-169239
-229879
-265404
-260491
-254081
-286324
-344983
-382499
-380210
-372847
-401147
-457275
-496035
-495926
-487454
-511565
-564655
-603956
-605436
-595606
-615396
-665056
-704266
-706687
-695143
-710375
-756288
-794910
-797801
-784099
-794510
-836323
-873928
-876853
-860758
-866025
-903324
-939468
-942169
-923516
-923470
-955846
-990033
-992231
-971007
-965548
-992727
-1024549
-1025956
-1002084
-991220
-1013062
-1042323
-1042763
-1016129
-999770
-1016259
-1042884
-1042315
-1012936
-991091
-1002127
-1026131
-1024669
-992681
-965427
-970963
-992280
-990103
-955914
-923502
-923564
-942122
-939397
-903334
-866165
-860910
-876863
-873797
-836226
-794577
-784286
-797930
-794902
-756179
-710319
-695232
-706904
-704390
-665020
-615272
-595564
-605571
-604147
-564723
-511522
-487423
-495942
-496097
-457322
-401242
-372985
-380247
-382385
-344900
-286446
-254310
-260649
-265356
-229711
-169176
-133385
-139199
-147155
-114009
-51648
-12204
-17768
-29741
101
64016
107255
101807
85133
110867
175965
223171
217848
195913
216702
282581
333908
328772
300888
315895
382501
438481
433467
398610
406863
474371
535975
531257
488057
488087
556828
625628
621723
568485
558316
628592
706906
704803
639425
616264
688520
779605
780790
700209
660144
735359
844725
851573
750155
686085
766539
905202
922491
788816
685564
775697
968402
1008887
816207
632895
741296
1062335
1175712
831605
375645
503620
1503575
2803108
3399350
2798640
1498599
501924
377287
833785
1176214
1061504
740848
633631
817243
1008970
967502
774902
685750
789700
923015
904803
765797
685842
750658
852143
844695
734870
659864
700412
781114
779587
688296
616224
639609
704882
706713
628376
558409
568804
621839
625386
556529
488102
488376
531497
535842
474043
406713
398828
433778
438508
382265
315655
300938
329010
334029
282460
216514
195909
217978
223185
175867
110825
85219
101884
107175
63837
90
-29576
-17619
-12259
-51887
-114119
-147036
-138998
-133328
-169365
-229912
-265337
-260462
-254181
-286533
-345082
-382436
-380126
-372859
-401280
-457444
-496125
-495870
-487360
-511598
-564795
-604091
-605457
-595551
-615402
-665111
-704352
-706737
-695153
-710420
-756319
-794894
-797787
-784157
-794606
-836410
-873889
-876777
-860752
-866142
-903465
-939499
-942070
-923444
-923473
-955995
-990159
-992204
-970917
-965480
-992800
-1024651
-1026007
-1002051
-991172
-1013068
-1042349
-1042753
-1016129
-999811
-1016292
-1042863
-1042240
-1012896
-991158
-1002199
-1026085
-1024533
-992589
-965461
-971076
-992338
-990047
-955772
-923407
-923588
-942224
-939414
-903238
-866015
-860859
-876910
-873828
-836185
-794510
-784237
-797910
-794851
-756134
-710315
-695244
-706854
-704259
-664887
-615255
-595641
-605607
-604023
-564550
-511425
-487460
-496032
-496100
-457185
-401063
-372890
-380310
-382451
-344847
-286292
-254190
-260632
-265370
-229687
-169133
-133341
-139162
-147064
-113921
-51638
-12253
-17804
-29604
337
64092
107165
101663
85159
111102
176174
223203
217729
195746
216751
282807
334125
328789
300736
315834
382642
438666
433558
398595
406865
474434
535964
531229
488145
488285
556946
625496
621511
568516
558611
628876
706854
704486
639173
616395
688927
779919
780724
699817
659866
735557
845202
851795
749928
685738
766515
905411
922622
788808
685642
775851
968277
1008381
815925
633523
742457
1062582
1174234
829542
375330
506229
1507637
2805882
3398919
2795360
1494686
499841
377973
835959
1177570
1061018
739503
632972
817679
1009680
967685
774605
685516
789678
922991
904717
765826
686103
750781
851887
844297
734764
660200
700786
781070
779184
687937
616227
639906
705168
706659
628016
558089
568851
622132
625535
556381
487849
488281
531577
535903
474007
406661
398791
433716
438399
382192
315748
301056
328981
333812
282247
216530
196088
218077
223066
175583
110669
85274
102067
107255
63695
-186
-29720
-17542
-12135
-51900
-114274
-147168
-139033
-133327
-169389
-229928
-265346
-260504
-254300
-286660
-345116
-382357
-380075
-372980
-401508
-457558
-496061
-495740
-487359
-511757
-565005
-604188
-605369
-595447
-615407
-665298
-704517
-706758
-695092
-710395
-756398
-795006
-797847
-784195
-794670
-836424
-873869
-876773
-860843
-866279
-903541
-939437
-941969
-923437
-923635
-956136
-990143
-992096
-970803
-965506
-992939
-1024809
-1026007
-1001899
-991044
-1013122
-1042497
-1042822
-1016079
-999712
-1016266
-1042888
-1042247
-1012909
-991178
-1002219
-1026041
-1024453
-992583
-965546
-971178
-992285
-989866
-955636
-923438
-923725
-942290
-939346
-903074
-865913
-860910
-877036
-873891
-836074
-794300
-784163
-797976
-794915
-756081
-710190
-695162
-706833
-704232
-664849
-615279
-595682
-605541
-603874
-564411
-511467
-487579
-496058
-495926
-456958
-400977
-372973
-380438
-382478
-344677
-286044
-254081
-260726
-265503
-229644
-168932
-133151
-139120
-147129
-113911
-51561
-12158
-17747
-29535
418
64093
107092
101665
85325
111336
176264
223050
217528
195833
217028
283062
334149
328567
300538
315890
382922
438920
433547
398363
406718
474558
536247
531373
488069
488183
556937
625543
621561
568625
558815
628953
706655
704219
639235
616832
689285
779779
780215
699514
660131
736124
845563
851585
749314
685339
766791
906194
923061
788422
684887
775610
968693
1008901
816068
633446
742394
1062300
1173395
828824
376185
509127
1510779
2806591
3396378
2791652
1492798
500773
380110
837096
1176905
1059388
738373
633215
818917
1010663
967460
773566
684832
789956
923720
905035
765528
685659
750669
851998
844373
734825
660302
700777
780826
778880
687916
616582
640225
705017
706177
627705
558225
569194
622322
625383
555987
487586
488362
531882
536082
473816
406306
398644
433846
438554
382171
315591
300913
328908
333750
282213
216584
196135
217983
222832
175429
110734
85454
102111
107073
63394
-282
-29596
-17384
-12105
-52112
-114545
-147287
-138927
-133160
-169410
-230168
-265556
-260534
-254208
-286622
-345167
-382436
-380166
-373075
-401556
-457539
-495992
-495744
-487525
-511984
-565058
-604064
-605268
-595507
-615610
-665472
-704522
-706634
-694964
-710447
-756602
-795207
-797847
-784051
-794585
-836527
-874053
-876854
-860797
-866219
-903536
-939459
-942001
-923520
-923740
-956159
-990052
-992003
-970851
-965680
-993066
-1024732
-1025829
-1001842
-991150
-1013299
-1042572
-1042755
-1015909
-999622
-1016348
-1043064
-1042334
-1012805
-991026
-1002186
-1026127
-1024530
-992555
-965491
-971099
-992256
-989834
-955651
-923522
-923752
-942203
-939159
-902993
-866005
-861058
-877048
-873705
-835880
-794275
-784288
-798099
-794907
-755914
-709975
-695107
-706958
-704374
-664802
-615067
-595514
-605542
-603919
-564422
-511399
-487505
-495980
-495814
-456890
-401023
-373062
-380390
-382243
-344448
-286047
-254259
-260851
-265376
-229387
-168723
-133154
-139296
-147256
-113812
-51276
-11943
-17776
-29723
369
64261
107328
101749
85284
111315
176273
223073
217614
195997
217195
283066
333963
328448
300716
316265
383127
438758
433225
398298
406996
474937
536414
531191
487732
488088
557236
625989
621674
568333
558489
628972
706959
704457
639248
616744
689198
779669
780146
699704
660547
736360
845212
850946
749178
686005
767619
906208
922244
787604
684890
776522
969748
1009055
814997
632038
742130
1063692
1175149
829119
374973
508168
1511639
2808608
3397527
2791019
1491336
499922
379893
836635
1176025
1058989
739182
634475
819240
1009722
966309
773354
685599
790839
923914
904419
764720
685427
751169
852715
844511
734258
659698
700743
781278
779193
687820
616296
640028
704982
706199
627783
558366
569243
622095
625026
555860
487845
488676
531826
535676
473459
406302
398913
434079
438500
381824
315273
300910
329187
333946
282101
216248
195940
218034
222971
175452
110617
85312
102001
106967
63380
-231
-29528
-17457
-12361
-52307
-114516
-147094
-138838
-133351
-169712
-230335
-265495
-260369
-254155
-286799
-345441
-382601
-380085
-372901
-401547
-457747
-496215
-495807
-487461
-511924
-565103
-604163
-605364
-595606
-615688
-665463
-704433
-706623
-695148
-710667
-756682
-795072
-797681
-784069
-794777
-836716
-874091
-876723
-860676
-866237
-903744
-939664
-942042
-923355
-923605
-956200
-990243
-992111
-970813
-965614
-993022
-1024743
-1025871
-1001905
-991246
-1013321
-1042469
-1042619
-1015932
-999814
-1016488
-1042999
-1042133
-1012677
-991089
-1002342
-1026216
-1024440
-992377
-965350
-971171
-992431
-989917
-955533
-923302
-923676
-942273
-939254
-902986
-865910
-860956
-876975
-873665
-835881
-794322
-784309
-797991
-794698
-755763
-710063
-695281
-706970
-704144
-664540
-614979
-595624
-605691
-603924
-564223
-511135
-487420
-496101
-495978
-456829
-400766
-372850
-380370
-382343
-344500
-285959
-254144
-260733
-265285
-229335
-168762
-133250
-139275
-147023
-113537
-51229
-12146
-17919
-29580
669
64500
107290
101544
85150
111430
176594
223351
217575
195700
217052
283269
334279
328590
300620
316125
383112
438828
433361
398461
407140
474914
536177
531014
487947
488546
557471
625742
621253
568222
558860
629503
707147
704129
638779
616600
689608
780295
780321
699236
659961
736334
845746
851430
749161
685706
767359
906119
922245
787846
685485
776912
969216
1007793
814439
633250
744202
1064316
1173204
826157
373816
510488
1516400
2812825
3398386
2787778
1486159
496336
380092
839501
1178396
1058937
737506
633237
819398
1010518
966787
773367
685468
790603
923517
904164
765006
686045
751424
852224
843795
734100
660185
701324
781320
778709
687278
616181
640420
705454
706238
627342
557878
569210
622467
625325
555774
487495
488471
531857
535807
473525
406306
398878
433902
438260
381744
315456
301128
329084
333589
281798
216298
196196
218187
222832
175118
110359
85361
102247
107113
63205
-549
-29735
-17352
-12156
-52277
-114704
-147287
-138913
-133349
-169693
-230322
-265488
-260458
-254358
-286956
-345426
-382434
-380024
-373085
-401839
-457864
-496092
-495661
-487465
-512122
-565367
-604248
-605239
-595427
-615701
-665697
-704689
-706667
-694981
-710577
-756746
-795228
-797800
-784110
-794770
-836701
-874053
-876748
-860794
-866421
-903793
-939521
-941882
-923407
-923812
-956373
-990209
-991952
-970716
-965683
-993216
-1024878
-1025831
-1001707
-991107
-1013386
-1042687
-1042735
-1015825
-999646
-1016428
-1043085
-1042221
-1012681
-991050
-1002300
-1026151
-1024353
-992391
-965486
-971250
-992318
-989692
-955426
-923418
-923841
-942320
-939107
-902748
-865822
-861063
-877149
-873671
-835687
-794081
-784244
-798128
-794843
-755716
-709875
-695130
-706939
-704196
-664577
-614947
-595575
-605571
-603764
-564135
-511242
-487549
-496064
-495719
-456592
-400759
-373040
-380503
-382232
-344223
-285733
-254142
-260916
-265398
-229189
-168466
-133033
-139322
-147209
-113616
-51064
-11897
-17829
-29608
646
64501
107320
101635
85350
111598
176564
223119
217436
195930
217463
283441
334107
328313
300603
316428
383475
438977
433142
398120
407074
475257
536610
531098
487622
488249
557530
626080
621488
568226
558756
629386
707066
704132
639006
616991
689730
779895
779812
699246
660631
736979
845646
850692
748589
685887
768199
906818
922098
786904
684623
777113
970460
1008825
814108
631845
743265
1064690
1174210
826735
374183
511507
1517894
2813251
3396836
2785539
1485468
497681
381515
839042
1176409
1057424
737799
634765
820536
1010332
965640
772400
685512
791553
924365
904058
764077
685317
751615
852958
844214
733812
659676
701116
781431
778865
687376
616264
640361
705173
705932
627360
558254
569504
622297
624822
555457
487637
488837
532031
535570
473118
406063
398984
434213
438407
381506
315064
300962
329288
333839
281801
216043
195993
218138
222844
175128
110398
85348
102097
106880
63062
-471
-29523
-17366
-12447
-52594
-114780
-147117
-138759
-133393
-169965
-230597
-265547
-260292
-254197
-287022
-345718
-382674
-380037
-372912
-401764
-457981
-496271
-495760
-487499
-512138
-565354
-604239
-605302
-595607
-615876
-665701
-704538
-706552
-695108
-710835
-756919
-795163
-797616
-784028
-794909
-836923
-874170
-876670
-860600
-866349
-903934
-939758
-941958
-923281
-923674
-956400
-990322
-992037
-970741
-965672
-993183
-1024827
-1025794
-1001780
-991251
-1013450
-1042532
-1042544
-1015813
-999814
-1016608
-1043057
-1042036
-1012532
-991065
-1002476
-1026304
-1024342
-992182
-965316
-971285
-992485
-989817
-955336
-923225
-923740
-942371
-939171
-902788
-865782
-861002
-877048
-873584
-835657
-794179
-784336
-798039
-794591
-755568
-709931
-695295
-707007
-704036
-664321
-614831
-595652
-605738
-603817
-563959
-510964
-487422
-496163
-495887
-456570
-400542
-372818
-380470
-382310
-344248
-285704
-254050
-260797
-265246
-229091
-168511
-133201
-139328
-146953
-113306
-51014
-12107
-17999
-29534
929
64761
107317
101413
85166
111709
176913
223412
217419
195654
217322
283635
334427
328449
300513
316307
383466
439025
433235
398308
407283
475240
536357
530908
487814
488695
557799
625859
621068
568085
559082
629899
707252
703831
638511
616845
690136
780498
779964
698781
660074
736935
846215
851205
748544
685532
767949
906720
922107
787166
685235
777494
969869
1007557
813585
633120
745306
1065286
1172304
823862
373157
513887
1522565
2817216
3397314
2782177
1480539
494510
381946
841895
1178665
1057229
735976
633490
820780
1011287
966173
772303
685234
791279
924069
903908
764413
685894
751773
852428
843542
733726
660185
701631
781382
778344
686912
616230
640780
705561
705862
626879
557833
569534
622705
625097
555276
487236
488627
532152
535744
473141
405983
398876
434059
438233
381497
315237
301111
329151
333483
281550
216155
196250
218240
222655
174810
110223
85462
102327
106934
62868
-773
-29676
-17220
-12224
-52616
-115033
-147384
-138788
-133316
-169912
-230618
-265637
-260397
-254351
-287122
-345642
-382559
-380028
-373142
-402018
-458029
-496139
-495633
-487560
-512358
-565551
-604263
-605152
-595496
-615964
-665938
-704723
-706538
-694936
-710754
-757038
-795385
-797729
-783985
-794835
-836940
-874221
-876744
-860712
-866446
-903946
-939643
-941879
-923398
-923885
-956514
-990261
-991868
-970667
-965799
-993376
-1024891
-1025677
-1001618
-991223
-1013589
-1042735
-1042572
-1015649
-999652
-1016633
-1043214
-1042147
-1012496
-990956
-1002412
-1026292
-1024351
-992241
-965364
-971268
-992383
-989665
-955286
-923360
-923887
-942309
-938957
-902611
-865809
-861154
-877149
-873468
-835453
-794044
-784373
-798206
-794661
-755427
-709694
-695176
-707072
-704181
-664303
-614660
-595491
-605676
-603779
-563932
-510969
-487436
-496072
-495688
-456437
-400584
-372963
-380478
-382088
-343976
-285622
-254184
-260932
-265203
-228852
-168253
-133116
-139484
-147128
-113241
-50711
-11856
-18003
-29719
846
64905
107536
101525
85205
111698
176893
223365
217439
195878
217567
283662
334197
328274
300654
316677
383721
438916
432921
398186
407508
475641
536545
530717
487484
488617
558116
626300
621190
567783
558769
629948
707583
704083
638531
616763
690088
780385
779872
698961
660542
737212
845836
850504
748380
686207
768772
906825
921316
786305
685262
778480
970883
1007526
812382
631863
745366
1066844
1173884
823799
371530
512816
1523846
2820050
3399108
2781417
1478388
493032
381573
841627
1177997
1056938
736746
634635
821033
1010358
965118
772191
686065
792106
924057
903164
763690
685904
752406
853021
843449
733067
659694
701765
781952
778638
686620
615796
640624
705687
706031
626906
557800
569485
622534
624858
555232
487454
488849
532033
535351
472880
406096
399194
434198
438018
381139
315039
301229
329408
333553
281311
215793
196114
218403
222823
174748
109949
85238
102315
107002
62861
-855
-29719
-17324
-12409
-52730
-114999
-147243
-138795
-133551
-170193
-230698
-265508
-260292
-254425
-287375
-345873
-382569
-379881
-373045
-402135
-458310
-496327
-495593
-487417
-512328
-565734
-604463
-605242
-595456
-615932
-665982
-704793
-706591
-695050
-710866
-757058
-795277
-797655
-784094
-795054
-837057
-874158
-876574
-860678
-866596
-904139
-939707
-941777
-923256
-923900
-956686
-990412
-991864
-970545
-965704
-993441
-1025072
-1025770
-1001564
-991135
-1013562
-1042760
-1042606
-1015670
-999702
-1016648
-1043114
-1042014
-1012470
-991104
-1002525
-1026231
-1024174
-992103
-965411
-971421
-992461
-989554
-955101
-923260
-923946
-942464
-938995
-902449
-865603
-861103
-877226
-873578
-835385
-793887
-784262
-798160
-794678
-755394
-709676
-695173
-706994
-703991
-664174
-614715
-595619
-605657
-603594
-563711
-510923
-487555
-496197
-495605
-456193
-400383
-372972
-380613
-382179
-343839
-285335
-254035
-261002
-265338
-228844
-168093
-132935
-139408
-147107
-113209
-50682
-11851
-17942
-29529
1073
64926
107403
101440
85361
112027
177053
223244
217245
195860
217804
283975
334313
328096
300431
316724
384009
439218
432961
397954
407345
475780
536834
530865
487444
488543
558119
626283
621175
567944
559061
630057
707332
703751
638561
617237
690506
780288
779365
698626
660777
737840
846212
850253
747762
685886
769173
907589
921615
785788
684484
778353
971527
1008191
812418
631495
745193
1066679
1173219
823114
372411
515876
1527243
2820939
3396553
2777578
1476273
493696
383561
842632
1177163
1055305
735951
635272
822266
1010919
964502
771139
685679
792687
924860
903281
763088
685313
752437
853395
843671
732983
659551
701709
781821
778454
686635
616039
640794
705509
705613
626706
558005
569820
622576
624550
554861
487384
489094
532274
535309
472557
405795
399191
434428
438155
380962
314731
301088
329489
333655
281279
215678
196029
218333
222718
174656
109992
85336
102242
106770
62627
-850
-29582
-17264
-12561
-53005
-115150
-147178
-138657
-133525
-170363
-230934
-265605
-260193
-254300
-287441
-346110
-382769
-379906
-372972
-402134
-458398
-496439
-495657
-487480
-512415
-565741
-604436
-605238
-595587
-616122
-666074
-704709
-706518
-695118
-711057
-757229
-795280
-797552
-784042
-795172
-837273
-874277
-876526
-860567
-866580
-904281
-939887
-941821
-923166
-923829
-956712
-990527
-991933
-970555
-965715
-993448
-1025025
-1025722
-1001606
-991254
-1013664
-1042685
-1042461
-1015605
-999804
-1016799
-1043145
-1041890
-1012341
-991072
-1002645
-1026355
-1024144
-991943
-965291
-971481
-992580
-989615
-954997
-923091
-923905
-942517
-939035
-902409
-865535
-861046
-877202
-873496
-835340
-793916
-784330
-798117
-794492
-755262
-709699
-695277
-707033
-703843
-663965
-614615
-595691
-605765
-603567
-563539
-510704
-487500
-496278
-495686
-456088
-400156
-372821
-380612
-382216
-343814
-285243
-253937
-260939
-265249
-228761
-168061
-133009
-139391
-146939
-113004
-50614
-11958
-18050
-29436
1302
65121
107370
101286
85301
112179
177347
223388
217144
195693
217827
284193
334529
328127
300328
316644
384130
439363
433012
397989
407420
475843
536766
530783
487548
488819
558297
626144
620877
567893
559366
630432
707377
703425
638263
617312
690927
780634
779276
698198
660532
738106
846705
850440
747457
685500
769193
907929
921822
785759
684475
778482
971410
1007638
812120
632188
746412
1066938
1171683
821043
372155
518672
1531612
2823723
3395709
2773782
1472360
492259
384845
844729
1177973
1054330
734513
634894
823087
1011819
964512
770494
685203
792789
925178
903371
763001
685345
752478
853250
843387
732925
659806
701955
781709
778066
686400
616204
641131
705607
705336
626342
557897
570025
622827
624511
554570
487125
489116
532489
535387
472368
405550
399099
434499
438211
380895
314661
301057
329454
333512
281152
215692
196131
218331
222528
174438
109960
85458
102321
106645
62388
-1010
-29530
-17122
-12554
-53183
-115354
-147250
-138569
-133441
-170465
-231142
-265746
-260189
-254268
-287477
-346197
-382841
-379942
-373033
-402248
-458463
-496389
-495646
-487572
-512592
-565859
-604384
-605164
-595637
-616314
-666218
-704727
-706436
-695079
-711162
-757410
-795394
-797513
-783929
-795176
-837398
-874404
-876553
-860505
-866569
-904324
-939963
-941843
-923168
-923879
-956788
-990514
-991877
-970551
-965797
-993548
-1025022
-1025610
-1001559
-991348
-1013782
-1042710
-1042350
-1015502
-999794
-1016885
-1043232
-1041846
-1012221
-990998
-1002700
-1026454
-1024159
-991839
-965201
-971467
-992632
-989625
-954939
-923060
-923908
-942471
-938953
-902336
-865571
-861118
-877173
-873360
-835210
-793908
-784411
-798163
-794374
-755072
-709601
-695327
-707090
-703820
-663805
-614467
-595668
-605833
-603591
-563414
-510545
-487402
-496304
-495693
-456021
-400055
-372771
-380608
-382159
-343701
-285186
-253967
-260941
-265129
-228559
-167978
-133065
-139459
-146859
-112779
-50453
-11980
-18156
-29453
1473
65343
107464
101222
85203
112266
177549
223553
217146
195620
217840
284343
334659
328130
300328
316765
384240
439349
432934
398046
407639
476011
536703
530603
487513
489040
558569
626204
620683
567699
559477
630768
707570
703300
638005
617264
691207
780930
779256
697942
660367
738259
846963
850489
747286
685460
769354
907958
921569
785552
684783
779054
971486
1006961
811387
632414
747582
1067753
1170978
819215
371220
520333
1535393
2827045
3395998
2770789
1468414
490132
385417
846528
1178890
1053755
733477
634587
823603
1012282
964411
770165
685184
793014
925154
903067
762862
685529
752760
853203
843024
732685
659956
702273
781794
777802
686074
616137
641355
705788
705239
626028
557719
570138
623002
624512
554343
486924
489108
532607
535405
472247
405448
399121
434518
438102
380748
314621
301152
329453
333367
280948
215645
196217
218371
222412
174236
109824
85500
102428
106596
62201
-1180
-29573
-17035
-12535
-53317
-115545
-147322
-138541
-133446
-170543
-231272
-265820
-260183
-254316
-287570
-346301
-382849
-379918
-373112
-402391
-458577
-496401
-495585
-487621
-512749
-565996
-604411
-605090
-595621
-616423
-666395
-704789
-706373
-695013
-711220
-757572
-795491
-797479
-783908
-795201
-837516
-874501
-876568
-860490
-866597
-904431
-939992
-941814
-923176
-923942
-956878
-990505
-991819
-970523
-965877
-993668
-1025022
-1025532
-1001486
-991386
-1013901
-1042798
-1042304
-1015403
-999789
-1016971
-1043323
-1041827
-1012120
-990961
-1002737
-1026514
-1024135
-991755
-965146
-971476
-992668
-989550
-954879
-923046
-923930
-942482
-938878
-902230
-865553
-861172
-877181
-873262
-835079
-793868
-784451
-798196
-794324
-754938
-709506
-695338
-707162
-703785
-663676
-614341
-595632
-605863
-603570
-563292
-510404
-487378
-496307
-495650
-455897
-399946
-372742
-380600
-382075
-343561
-285090
-253983
-260972
-265065
-228398
-167832
-133063
-139536
-146857
-112633
-50293
-11927
-18231
-29462
1604
65530
107530
101143
85178
112376
177712
223627
217107
195593
217947
284495
334707
328096
300327
316889
384391
439376
432849
398012
407787
476213
536745
530479
487404
489173
558816
626282
620547
567580
559569
631011
707722
703210
637807
617293
691467
781134
779175
697748
660380
738487
847145
850370
747073
685519
769690
908165
921323
785193
684835
779559
971826
1006620
810718
632339
748389
1068547
1170623
817809
370457
521835
1538807
2829981
3396091
2767941
1464948
488515
386073
847887
1179312
1053070
732767
634698
824182
1012523
964064
769755
685258
793364
925296
902801
762549
685587
753055
853320
842796
732377
659929
702515
781932
777633
685780
616074
641551
705935
705116
625790
557622
570254
623126
624426
554127
486817
489202
532676
535319
472047
405337
399186
434601
438032
380562
314509
301186
329533
333294
280768
215530
196259
218435
222364
174063
109683
85514
102501
106562
62047
-1305
-29561
-16991
-12561
-53470
-115693
-147343
-138497
-133478
-170695
-231409
-265840
-260164
-254330
-287707
-346442
-382869
-379888
-373126
-402509
-458719
-496427
-495557
-487632
-512867
-566125
-604443
-605053
-595630
-616530
-666522
-704837
-706328
-695018
-711338
-757700
-795535
-797458
-783874
-795290
-837625
-874561
-876526
-860442
-866673
-904549
-940032
-941796
-923123
-923978
-956980
-990581
-991796
-970474
-965910
-993769
-1025094
-1025482
-1001424
-991395
-1013984
-1042826
-1042260
-1015367
-999810
-1017058
-1043347
-1041757
-1012039
-990941
-1002804
-1026558
-1024086
-991651
-965114
-971551
-992693
-989522
-954755
-922970
-923995
-942524
-938808
-902128
-865481
-861190
-877216
-873224
-834968
-793785
-784462
-798216
-794265
-754822
-709434
-695356
-707176
-703712
-663536
-614253
-595650
-605890
-603509
-563161
-510309
-487370
-496346
-495594
-455740
-399824
-372724
-380656
-382068
-343423
-284937
-253932
-260999
-265050
-228280
-167695
-133002
-139577
-146819
-112495
-50146
-11885
-18269
-29435
1773
65681
107555
101110
85196
112541
177889
223663
216996
195581
218121
284695
334784
328009
300252
317011
384600
439484
432768
397918
407871
476405
536877
530409
487347
489265
559000
626378
620470
567478
559655
631233
707789
703053
637709
617438
691744
781203
778943
697529
660505
738886
847330
850104
746694
685511
770110
908531
921183
784702
684659
779969
972340
1006545
810159
632074
748893
1069208
1170357
816676
370018
523546
1542139
2832465
3395633
2764943
1461879
487509
387009
848972
1179194
1052099
732243
635143
824936
1012660
963468
769169
685305
793916
925604
902539
762075
685439
753328
853579
842699
732056
659799
702666
782068
777537
685558
616023
641661
705984
704962
625584
557634
570421
623176
624226
553896
486798
489355
532775
535179
471787
405226
399275
434730
437962
380340
314315
301191
329641
333300
280604
215356
196228
218510
222355
173914
109565
85487
102496
106509
61904
-1415
-29567
-16987
-12669
-53641
-115787
-147314
-138428
-133566
-170903
-231562
-265818
-260067
-254356
-287877
-346644
-382954
-379819
-373095
-402626
-458894
-496530
-495541
-487607
-512942
-566258
-604519
-605059
-595648
-616624
-666632
-704893
-706342
-695066
-711455
-757799
-795555
-797403
-783901
-795428
-837753
-874554
-876429
-860429
-866753
-904693
-940111
-941723
-923028
-924015
-957106
-990679
-991761
-970394
-965886
-993834
-1025167
-1025476
-1001364
-991374
-1014020
-1042864
-1042220
-1015310
-999825
-1017096
-1043346
-1041685
-1011981
-990995
-1002896
-1026549
-1023953
-991560
-965140
-971630
-992765
-989412
-954590
-922908
-924030
-942629
-938792
-901987
-865347
-861199
-877277
-873220
-834852
-793673
-784447
-798232
-794220
-754714
-709369
-695346
-707148
-703620
-663413
-614199
-595686
-605909
-603378
-562970
-510229
-487440
-496424
-495516
-455557
-399674
-372750
-380748
-382060
-343251
-284726
-253836
-261065
-265094
-228170
-167507
-132916
-139581
-146824
-112399
-50013
-11825
-18252
-29394
1881
65788
107539
101061
85292
112742
178033
223590
216898
195615
218344
284912
334758
327838
300165
317145
384895
439648
432674
397759
407901
476671
537087
530400
487202
489228
559171
626540
620471
567422
559725
631358
707805
702944
637666
617634
691990
781169
778642
697385
660824
739332
847419
849681
746287
685645
770741
908977
920980
784040
684300
780402
973121
1006772
809539
631394
749021
1069948
1170625
816041
369542
524716
1544864
2834715
3395395
2762441
1459315
486728
387729
849545
1178685
1051224
732155
635947
825635
1012404
962637
768708
685635
794617
925914
902141
761417
685249
753748
854030
842646
731612
659496
702769
782358
777572
685357
615851
641678
706063
704894
625478
557646
570500
623129
624027
553733
486860
489531
532769
534914
471528
405217
399470
434855
437836
380017
314143
301286
329835
333324
280367
215080
196152
218607
222399
173794
109359
85382
102522
106496
61806
-1507
-29605
-17007
-12773
-53780
-115827
-147280
-138437
-133704
-171102
-231646
-265755
-259993
-254442
-288098
-346795
-382955
-379732
-373057
-402760
-459109
-496657
-495491
-487523
-513005
-566448
-604664
-605072
-595589
-616646
-666723
-704960
-706370
-695089
-711521
-757872
-795546
-797390
-783964
-795542
-837849
-874533
-876356
-860435
-866933
-904856
-940114
-941597
-922984
-924098
-957260
-990788
-991731
-970282
-965855
-993961
-1025319
-1025518
-1001286
-991298
-1014053
-1042937
-1042242
-1015259
-999792
-1017125
-1043355
-1041667
-1011958
-991037
-1002949
-1026516
-1023840
-991480
-965182
-971743
-992741
-989267
-954457
-922932
-924146
-942687
-938712
-901816
-865235
-861240
-877408
-873226
-834709
-793509
-784391
-798297
-794266
-754650
-709223
-695282
-707167
-703612
-663360
-614152
-595667
-605849
-603254
-562857
-510234
-487517
-496404
-495342
-455339
-399622
-372849
-380815
-381934
-343010
-284545
-253855
-261198
-265130
-227996
-167248
-132758
-139634
-146944
-112348
-49803
-11670
-18228
-29428
1938
65883
107618
101104
85372
112853
178095
223562
216855
195738
218603
285040
334637
327668
300241
317473
385163
439614
432430
397592
408046
477010
537295
530282
486895
489148
559427
626868
620530
567227
559568
631483
708045
703023
637627
617665
692046
781131
778534
697407
661123
739598
847244
849199
746105
686150
771417
909013
920254
783318
684466
781347
973901
1006520
808367
630449
749436
1071444
1171653
815361
367969
524523
1547159
2837999
3396864
2760863
1456212
484570
387502
850189
1178948
1051059
732213
636391
825789
1011884
961974
768738
686353
795143
925614
901360
761023
685585
754359
854280
842271
731009
659283
703120
782842
777619
684936
615457
641719
706363
705041
625304
557391
570417
623172
624040
553686
486855
489552
532683
534709
471405
405321
399660
434801
437527
379772
314162
301497
329923
333155
280050
214894
196249
218827
222454
173560
109076
85274
102666
106632
61733
-1763
-29759
-17012
-12717
-53817
-115932
-147356
-138509
-133788
-171197
-231675
-265698
-260011
-254605
-288319
-346864
-382840
-379658
-373191
-403023
-459265
-496612
-495347
-487499
-513151
-566676
-604813
-605000
-595474
-616648
-666936
-705171
-706380
-694988
-711475
-757955
-795671
-797451
-783965
-795570
-837893
-874532
-876355
-860532
-867044
-904901
-940050
-941522
-923019
-924273
-957416
-990755
-991560
-970206
-965977
-994132
-1025394
-1025409
-1001105
-991270
-1014197
-1043119
-1042261
-1015133
-999674
-1017161
-1043480
-1041721
-1011904
-990947
-1002926
-1026528
-1023854
-991484
-965199
-971751
-992675
-989157
-954431
-923000
-924256
-942650
-938511
-901647
-865263
-861365
-877443
-873095
-834487
-793380
-784460
-798439
-794270
-754448
-709007
-695224
-707267
-703686
-663258
-613954
-595549
-605881
-603299
-562807
-510146
-487420
-496338
-495254
-455253
-399608
-372889
-380765
-381737
-342792
-284520
-254006
-261253
-264959
-227708
-167099
-132865
-139805
-146951
-112141
-49499
-11550
-18381
-29591
1974
66157
107874
101096
85223
112823
178234
223744
216926
195768
218617
285079
334645
327688
300376
317688
385222
439429
432261
397733
408422
477253
537155
529949
486832
489483
559876
627020
620263
566857
559532
631861
708497
703076
637232
617319
692190
781574
778764
697264
660879
739584
847348
849269
746203
686358
771552
908752
919737
783250
685211
782232
973752
1005218
807347
631137
751386
1072671
1170593
812728
366229
525852
1551559
2842737
3398523
2758007
1450922
480813
387493
852679
1180912
1050916
730867
635564
826017
1012456
962178
768661
686316
795074
925351
901102
761166
686070
754605
853904
841640
730850
659735
703644
782801
777080
684455
615481
642151
706702
704930
624814
557016
570522
623579
624223
553413
486462
489425
532833
534849
471359
405139
399534
434749
437453
379720
314223
301563
329802
332873
279872
214995
196461
218820
222164
173270
109028
85483
102812
106529
61403
-1991
-29756
-16804
-12609
-53965
-116271
-147560
-138438
-133632
-171217
-231885
-265894
-260080
-254598
-288345
-346932
-382895
-379716
-373317
-403134
-459280
-496530
-495356
-487674
-513397
-566773
-604671
-604868
-595541
-616911
-667133
-705155
-706228
-694900
-711597
-758215
-795845
-797398
-783794
-795536
-838055
-874736
-876425
-860439
-866979
-904942
-940153
-941573
-923031
-924278
-957416
-990715
-991548
-970269
-966107
-994211
-1025305
-1025269
-1001120
-991439
-1014350
-1043092
-1042089
-1014984
-999736
-1017333
-1043607
-1041658
-1011675
-990831
-1002999
-1026731
-1023903
-991318
-965005
-971722
-992780
-989229
-954367
-922883
-924181
-942622
-938501
-901645
-865304
-861389
-877345
-872915
-834426
-793473
-784583
-798383
-794021
-754249
-709011
-695373
-707343
-703537
-663002
-613780
-595595
-606031
-603329
-562618
-509842
-487295
-496428
-495386
-455188
-399396
-372692
-380756
-381790
-342810
-284451
-253906
-261187
-264846
-227604
-167100
-132933
-139766
-146699
-111871
-49481
-11737
-18487
-29429
2302
66378
107790
100864
85157
113047
178594
223926
216804
195494
218611
285406
335002
327715
300177
317545
385335
439677
432400
397731
408407
477242
537133
529958
486987
489737
559939
626765
619982
566979
560046
632244
708299
702545
637012
617691
692806
781816
778411
696677
660682
740088
848096
849459
745577
685643
771591
909488
920314
783067
684630
781943
973858
1005426
807532
631559
751840
1072225
1168879
811252
367360
530048
1556038
2843822
3395175
2753067
1448266
481726
390115
854220
1180204
1048919
729548
635979
827555
1013516
961729
767323
685579
795601
926355
901421
760586
685440
754529
854234
841897
730839
659622
703535
782614
776922
684527
615782
642310
706435
704458
624661
557335
570923
623544
623751
553024
486468
489762
533124
534738
470927
404808
399588
435069
437650
379509
313807
301383
329960
333068
279856
214794
196264
218747
222154
173245
109015
85462
102696
106305
61253
-1937
-29586
-16822
-12891
-54278
-116299
-147342
-138291
-133760
-171520
-232119
-265883
-259879
-254483
-288486
-347232
-383089
-379648
-373143
-403121
-459493
-496753
-495409
-487596
-513365
-566837
-604784
-604970
-595623
-616975
-667119
-705098
-706251
-695057
-711802
-758274
-795733
-797293
-783892
-795780
-838230
-874720
-876246
-860329
-867112
-905178
-940308
-941509
-922858
-924234
-957585
-990945
-991617
-970124
-965981
-994234
-1025429
-1025360
-1001119
-991394
-1014339
-1043080
-1042098
-1015060
-999813
-1017363
-1043484
-1041496
-1011695
-990985
-1003132
-1026639
-1023672
-991203
-965105
-971912
-992848
-989105
-954138
-922787
-924271
-942783
-938516
-901460
-865041
-861314
-877497
-873048
-834350
-793261
-784456
-798403
-794079
-754240
-708977
-695312
-707241
-703440
-662942
-613853
-595694
-605941
-603070
-562438
-509902
-487497
-496504
-495181
-454899
-399266
-372817
-380936
-381792
-342548
-284149
-253805
-261327
-265025
-227555
-166817
-132697
-139791
-146876
-111912
-49326
-11546
-18381
-29408
2325
66370
107784
100945
85362
113242
178582
223706
216665
195723
218988
285566
334787
327430
300164
317898
385729
439749
432121
397457
408478
477673
537513
529950
486603
489472
560139
627207
620187
566810
559768
632189
708450
702702
637145
617813
692792
781578
778158
696852
661290
740448
847706
848657
745334
686381
772552
909620
919417
782105
684648
783020
975023
1005404
806191
630100
751896
1074060
1170780
811146
365388
528701
1557425
2847146
3397456
2752396
1445594
479433
389321
854260
1180203
1049047
730210
636743
827459
1012441
960858
767610
686691
796249
925864
900398
760124
685876
755342
854545
841424
730089
659332
703955
783272
777028
683991
615182
642286
706883
704757
624521
556985
570709
623584
623844
553061
486481
489724
532912
534490
470884
405043
399794
434943
437238
379233
313930
301696
330054
332804
279451
214631
196442
219018
222175
172945
108655
85386
102890
106497
61178
-2269
-29840
-16780
-12735
-54246
-116437
-147517
-138398
-133819
-171573
-232097
-265843
-259971
-254724
-288699
-347215
-382912
-379579
-373341
-403436
-459630
-496628
-495230
-487638
-513598
-567113
-604842
-604827
-595493
-617066
-667401
-705351
-706227
-694873
-711720
-758411
-795954
-797378
-783834
-795736
-838262
-874777
-876326
-860415
-867182
-905194
-940194
-941446
-922965
-924433
-957663
-990824
-991418
-970135
-966179
-994433
-1025455
-1025188
-1000940
-991428
-1014524
-1043242
-1042032
-1014836
-999661
-1017444
-1043709
-1041571
-1011547
-990788
-1003099
-1026759
-1023769
-991169
-965012
-971847
-992809
-989064
-954152
-922844
-924295
-942656
-938325
-901395
-865198
-861490
-877445
-872792
-834139
-793313
-784627
-798497
-793956
-753974
-708779
-695370
-707435
-703485
-662736
-613550
-595564
-606078
-603240
-562383
-509657
-487298
-496475
-495236
-454922
-399193
-372725
-380793
-381644
-342475
-284189
-253921
-261272
-264745
-227288
-166794
-132902
-139909
-146679
-111565
-49142
-11646
-18603
-29451
2576
66736
107919
100797
85132
113267
178919
224044
216696
195501
218859
285712
335057
327573
300154
317855
385714
439754
432198
397661
408712
477688
537238
529710
486798
489990
560453
626961
619726
566700
560202
632761
708594
702332
636657
617777
693317
782183
778201
696272
660748
740629
848444
849145
745069
685769
772299
909880
919790
782319
684747
782993
974571
1004719
806184
631410
753468
1073798
1168098
808417
365906
533246
1563063
2849668
3395106
2747155
1441278
478605
391604
857014
1180934
1047417
728113
636234
828792
1013985
960964
766455
685696
796383
926646
900840
759917
685486
755139
854485
841424
730246
659621
703997
782866
776566
683989
615693
642649
706672
704179
624149
557169
571169
623772
623544
552572
486276
489960
533313
534579
470512
404581
399711
435236
437487
379112
313598
301472
330086
332932
279477
214552
196317
218870
222044
172900
108760
85501
102799
106197
60933
-2205
-29608
-16732
-12983
-54583
-116579
-147380
-138210
-133843
-171845
-232391
-265924
-259800
-254556
-288762
-347527
-383155
-379577
-373177
-403378
-459802
-496857
-495343
-487626
-513607
-567126
-604888
-604903
-595644
-617186
-667387
-705206
-706189
-695060
-711982
-758525
-795830
-797221
-783874
-795958
-838466
-874799
-876191
-860296
-867251
-905421
-940397
-941429
-922773
-924334
-957799
-991040
-991496
-970016
-966046
-994440
-1025572
-1025298
-1000982
-991421
-1014510
-1043186
-1042000
-1014902
-999811
-1017495
-1043567
-1041388
-1011531
-990975
-1003269
-1026694
-1023563
-991034
-965088
-972013
-992885
-988955
-953949
-922722
-924397
-942848
-938385
-901220
-864959
-861409
-877593
-872928
-834070
-793096
-784492
-798473
-793974
-753968
-708759
-695310
-707309
-703330
-662697
-613650
-595652
-605987
-602983
-562178
-509695
-487472
-496536
-495040
-454597
-399037
-372829
-380977
-381644
-342222
-283893
-253821
-261435
-264931
-227200
-166485
-132648
-139913
-146860
-111618
-48954
-11417
-18499
-29425
2600
66725
107930
100863
85339
113476
178903
223826
216587
195726
219268
285875
334857
327306
300181
318218
386098
439784
431909
397411
408821
478095
537604
529651
486411
489775
560684
627446
619933
566457
559889
632745
708822
702519
636738
617815
693281
781974
778024
696473
661305
740934
848023
848388
744941
686543
773209
909899
918849
781419
684939
784175
975560
1004412
804724
630223
753949
1075735
1169646
807807
363630
531944
1564878
2853720
3397983
2746400
1437860
475508
390610
857492
1181512
1047702
728508
636644
828584
1013086
960315
766862
686727
796842
926046
899874
759634
686087
755861
854573
840839
729582
659544
704525
783396
776484
683373
615171
642759
707197
704432
623878
556695
571015
623964
623757
552551
486124
489822
533186
534442
470499
404745
399820
435056
437125
378928
313762
301745
330105
332590
279133
214490
196548
219069
221906
172548
108485
85508
103045
106303
60745
-2554
-29774
-16615
-12801
-54606
-116823
-147615
-138260
-133790
-171818
-232466
-266021
-259908
-254715
-288904
-347495
-383062
-379583
-373403
-403662
-459861
-496699
-495225
-487753
-513883
-567318
-604842
-604741
-595596
-617377
-667670
-705335
-706098
-694885
-711990
-758736
-796052
-797242
-783736
-795855
-838561
-874986
-876287
-860277
-867233
-905411
-940396
-941448
-922870
-924478
-957820
-990933
-991406
-970073
-966231
-994572
-1025480
-1025099
-1000910
-991541
-1014705
-1043236
-1041848
-1014718
-999782
-1017670
-1043730
-1041382
-1011337
-990809
-1003316
-1026881
-1023633
-990911
-964894
-971962
-992966
-989017
-953912
-922647
-924324
-942775
-938297
-901189
-865022
-861455
-877455
-872700
-833955
-793185
-784650
-798460
-793750
-753749
-708717
-695460
-707423
-703239
-662435
-613435
-595679
-606163
-603028
-561998
-509413
-487336
-496615
-495175
-454553
-398827
-372617
-380949
-381701
-342215
-283831
-253732
-261330
-264774
-227093
-166516
-132756
-139891
-146604
-111342
-48939
-11614
-18637
-29290
2926
66961
107839
100647
85291
113735
179259
223969
216434
195506
219305
286205
335185
327290
299928
318063
386250
440096
432057
397340
408732
478118
537650
529696
486589
490010
560724
627192
619664
566602
560386
633045
708606
702031
636573
618243
693860
782086
777550
695931
661324
741562
848633
848325
744229
685994
773483
910778
919350
780989
684094
783911
976128
1005044
804834
630058
753891
1075446
1168632
806944
364780
535602
1568765
2854493
3394871
2742060
1435723
476571
392841
858308
1180223
1045875
727929
637690
829981
1013414
959378
765708
686566
797713
926919
899796
758784
685442
756060
855253
841113
729241
659069
704410
783544
776585
683386
615202
642742
706975
704173
623858
556998
571237
623779
623301
552311
486319
490159
533241
534143
470131
404649
400068
435317
437057
378576
313438
301753
330367
332739
278923
214131
196375
219183
222088
172495
108268
85353
102971
106285
60703
-2591
-29783
-16717
-12985
-54785
-116802
-147481
-138244
-134027
-172103
-232532
-265878
-259796
-254814
-289171
-347694
-383044
-379449
-373347
-403820
-460118
-496841
-495124
-487608
-513901
-567550
-605064
-604763
-595469
-617310
-667786
-705495
-706176
-694909
-712034
-758782
-796051
-797264
-783859
-796034
-838627
-874883
-876183
-860364
-867447
-905564
-940356
-941297
-922815
-924607
-958033
-991002
-991286
-969938
-966261
-994753
-1025640
-1025080
-1000748
-991430
-1014784
-1043405
-1041948
-1014620
-999680
-1017629
-1043809
-1041434
-1011343
-990804
-1003290
-1026832
-1023550
-990892
-964982
-972033
-992878
-988836
-953826
-922751
-924465
-942775
-938124
-901003
-864988
-861578
-877559
-872610
-833727
-793044
-784697
-798597
-793804
-753590
-708498
-695376
-707521
-703318
-662359
-613244
-595534
-606134
-603039
-561950
-509369
-487310
-496537
-495033
-454447
-398840
-372709
-380923
-381482
-341988
-283792
-253877
-261404
-264633
-226809
-166341
-132805
-140047
-146623
-111104
-48625
-11516
-18751
-29431
3008
67233
108082
100614
85135
113682
179443
224186
216505
195466
219294
286240
335215
327353
300063
318268
386302
439926
431922
397503
409111
478329
537472
529376
486549
490341
561126
627258
619376
566316
560493
633511
708956
701920
636177
618031
694159
782610
777720
695612
660952
741593
848994
848576
744163
685853
773458
910707
919157
781042
684661
784475
975789
1003897
804199
630984
755656
1076042
1166944
804316
364072
538445
1573754
2858146
3394401
2737865
1430976
474476
394134
860921
1181437
1044861
726143
637039
830861
1014534
959526
764985
685944
797775
927256
899927
758746
685446
756070
855034
840851
729271
659420
704630
783305
776122
683208
615473
643132
706990
703772
623484
557001
571569
624022
623148
551892
486069
490283
533544
534217
469836
404313
399979
435489
437183
378454
313185
301635
330365
332760
278869
214087
196364
219101
221893
172367
108317
85472
102960
106070
60458
-2622
-29642
-16608
-13135
-55054
-116972
-147423
-138109
-134040
-172331
-232783
-265943
-259680
-254710
-289284
-347950
-383218
-379404
-373252
-403840
-460291
-497008
-495181
-487617
-513955
-567614
-605111
-604813
-595601
-617468
-667833
-705413
-706119
-695037
-712236
-758898
-795995
-797150
-783862
-796204
-838812
-874912
-876071
-860274
-867512
-905781
-940474
-941236
-922701
-924568
-958182
-991163
-991316
-969819
-966174
-994788
-1025758
-1025147
-1000701
-991402
-1014774
-1043418
-1041918
-1014650
-999743
-1017696
-1043734
-1041299
-1011283
-990901
-1003400
-1026780
-1023394
-990781
-965033
-972166
-992947
-988731
-953646
-922678
-924566
-942893
-938105
-900843
-864837
-861590
-877691
-872666
-833605
-792873
-784595
-798645
-793825
-753534
-708384
-695303
-707464
-703256
-662274
-613256
-595567
-606078
-602877
-561781
-509345
-487416
-496555
-494855
-454228
-398738
-372799
-381025
-381413
-341741
-283571
-253877
-261535
-264674
-226648
-166090
-132682
-140110
-146725
-111042
-48406
-11333
-18753
-29494
3030
67367
108193
100664
85191
113810
179493
224139
216487
195607
219547
286367
335078
327176
300134
318574
386560
439880
431671
397391
409331
478685
537601
529204
486303
490376
561478
627537
619302
566032
560373
633723
709286
702012
635993
617872
694251
782769
777765
695595
661068
741753
848898
848260
744115
686302
773986
910589
918466
780583
685106
785437
976175
1003148
803056
630824
756898
1077444
1166854
802517
362414
539294
1577480
2862318
3395776
2735234
1426413
471413
394196
862811
1182793
1044630
725233
636670
831128
1014705
959356
764935
686207
797960
926991
899475
758640
685834
756425
854900
840326
728964
659633
705050
783412
775774
682779
615409
643444
707266
703642
623059
556739
571674
624297
623207
551644
485779
490259
533701
534277
469726
404155
399948
435494
437116
378349
313185
301683
330317
332552
278692
214099
196505
219116
221704
172114
108242
85586
103052
105947
60197
-2803
-29614
-16490
-13148
-55274
-117210
-147474
-138014
-133980
-172431
-233004
-266076
-259656
-254685
-289350
-348092
-383305
-379432
-373312
-403936
-460350
-496994
-495188
-487723
-514119
-567700
-605067
-604767
-595674
-617661
-667976
-705404
-706025
-695029
-712401
-759075
-796046
-797075
-783803
-796285
-838987
-875037
-876031
-860194
-867511
-905909
-940627
-941272
-922610
-924561
-958259
-991257
-991326
-969821
-966184
-994843
-1025762
-1025084
-1000704
-991498
-1014864
-1043385
-1041800
-1014610
-999825
-1017799
-1043738
-1041169
-1011183
-990927
-1003536
-1026856
-1023315
-990636
-964971
-972248
-993041
-988682
-953488
-922552
-924588
-942995
-938096
-900708
-864705
-861575
-877705
-872667
-833513
-792793
-784596
-798629
-793744
-753430
-708372
-695352
-707445
-703093
-662105
-613223
-595644
-606097
-602749
-561583
-509246
-487456
-496628
-494784
-454008
-398577
-372805
-381116
-381408
-341568
-283369
-253796
-261594
-264710
-226533
-165896
-132585
-140125
-146726
-110946
-48276
-11266
-18734
-29425
3180
67456
108165
100629
85291
114019
179640
224081
216367
195685
219781
286591
335081
327017
300088
318764
386823
439970
431543
397255
409434
478963
537800
529130
486137
490393
561711
627755
619303
565892
560355
633866
709412
701974
635915
617987
694446
782775
777539
695498
661342
742085
848881
847877
743856
686564
774538
910794
918005
780000
685147
786144
976752
1002853
802141
630396
757589
1078574
1167001
801295
361249
540176
1580647
2865657
3396550
2732777
1422807
469310
394437
864007
1183220
1044145
724858
636966
831533
1014589
958878
764707
686547
798370
926931
899022
758332
686022
756860
855011
839990
728574
659627
705401
783633
775591
682402
615259
643624
707506
703587
622786
556545
571751
624450
623183
551449
485633
490275
533761
534205
469560
404078
399999
435499
436967
378163
313134
301758
330350
332401
278472
214007
196579
219184
221580
171876
108081
85624
103150
105894
59976
-2984
-29642
-16422
-13155
-55427
-117382
-147543
-137955
-133963
-172555
-233180
-266161
-259661
-254700
-289457
-348221
-383352
-379437
-373356
-404091
-460470
-497014
-495169
-487759
-514280
-567823
-605053
-604694
-595695
-617797
-668112
-705444
-705971
-695018
-712507
-759232
-796115
-797031
-783748
-796368
-839140
-875130
-876019
-860125
-867556
-906031
-940692
-941237
-922589
-924592
-958326
-991303
-991288
-969794
-966263
-994930
-1025773
-1025032
-1000674
-991555
-1014960
-1043405
-1041716
-1014521
-999858
-1017917
-1043794
-1041099
-1011074
-990906
-1003604
-1026901
-1023252
-990498
-964915
-972298
-993088
-988645
-953372
-922493
-924606
-943023
-938057
-900605
-864628
-861566
-877753
-872596
-833426
-792725
-784608
-798621
-793643
-753293
-708298
-695385
-707468
-702999
-661960
-613132
-595663
-606122
-602667
-561422
-509124
-487463
-496665
-494746
-453835
-398421
-372765
-381147
-381375
-341429
-283226
-253760
-261619
-264682
-226389
-165738
-132529
-140164
-146700
-110805
-48145
-11225
-18775
-29391
3344
67597
108188
100580
85318
114195
179819
224111
216289
195666
219947
286784
335122
326916
300047
318923
387057
440049
431431
397175
409554
479184
537887
529035
486027
490482
561914
627891
619217
565793
560446
634131
709508
701830
635773
618112
694712
782870
777341
695303
661439
742469
849064
847630
743518
686626
774983
911084
917745
779516
685129
786703
977211
1002574
801408
630181
758347
1079425
1166720
799900
360518
541848
1584316
2868690
3396470
2729633
1419138
467765
395237
865334
1183434
1043291
724213
637212
832190
1014754
958395
764266
686661
798825
927089
898668
757947
686058
757208
855156
839733
728247
659603
705642
783769
775413
682098
615187
643817
707628
703449
622532
556452
571895
624547
623066
551190
485541
490373
533865
534097
469347
403983
400078
435605
436881
377946
313017
301833
330425
332305
278266
213877
196609
219255
221513
171703
107953
85638
103204
105831
59814
-3111
-29626
-16349
-13209
-55587
-117547
-147576
-137927
-134018
-172715
-233326
-266186
-259597
-254735
-289613
-348378
-383378
-379385
-373390
-404214
-460620
-497054
-495137
-487776
-514412
-567984
-605125
-604678
-595701
-617915
-668262
-705494
-705924
-695015
-712623
-759382
-796162
-796982
-783743
-796446
-839275
-875163
-875944
-860114
-867642
-906140
-940755
-941180
-922554
-924656
-958448
-991354
-991254
-969729
-966285
-995045
-1025842
-1024993
-1000602
-991551
-1015051
-1043441
-1041681
-1014456
-999857
-1017984
-1043823
-1041047
-1010992
-990895
-1003678
-1026951
-1023185
-990403
-964909
-972378
-993126
-988572
-953252
-922446
-924673
-943066
-937967
-900470
-864592
-861623
-877787
-872514
-833275
-792646
-784634
-798667
-793586
-753139
-708194
-695377
-707490
-702952
-661813
-613009
-595668
-606164
-602622
-561281
-509020
-487450
-496694
-494660
-453695
-398303
-372765
-381184
-381300
-341272
-283094
-253745
-261684
-264622
-226199
-165577
-132529
-140226
-146678
-110640
-47965
-11198
-18840
-29394
3500
67819
108245
100512
85309
114316
179989
224196
216219
195638
220083
286980
335208
326889
300037
319046
387237
440095
431351
397169
409712
479380
537922
528885
485974
490650
562184
627925
619019
565641
560598
634438
709643
701670
635553
618157
695060
783093
777232
694998
661410
742769
849337
847551
743227
686576
775295
911352
917598
779175
685135
787132
977490
1002214
800839
630296
759237
1080006
1165900
798264
360162
544248
1588448
2871493
3395638
2725884
1415489
466613
396520
866957
1183659
1042204
723216
637372
833093
1015220
957961
763603
686563
799285
927414
898483
757545
685956
757421
855341
839601
727980
659583
705815
783824
775227
681895
615230
644002
707648
703214
622292
556479
572090
624611
622848
550939
485475
490561
533971
533951
469034
403818
400176
435748
436849
377712
312838
301827
330534
332306
278104
213693
196577
219309
221509
171557
107820
85623
103232
105774
59663
-3213
-29610
-16345
-13301
-55773
-117636
-147535
-137881
-134106
-172933
-233447
-266166
-259519
-254796
-289796
-348555
-383417
-379309
-373356
-404356
-460839
-497165
-495087
-487747
-514497
-568139
-605215
-604657
-595681
-618000
-668400
-705566
-705944
-695027
-712692
-759469
-796190
-796962
-783784
-796569
-839366
-875177
-875895
-860127
-867779
-906263
-940735
-941106
-922522
-924763
-958602
-991406
-991169
-969638
-966300
-995189
-1025944
-1024929
-1000474
-991529
-1015137
-1043553
-1041668
-1014354
-999802
-1018022
-1043876
-1041028
-1010939
-990887
-1003702
-1026957
-1023150
-990360
-964919
-972421
-993112
-988453
-953165
-922475
-924743
-943040
-937853
-900332
-864568
-861714
-877815
-872414
-833099
-792539
-784692
-798774
-793552
-752967
-708058
-695379
-707588
-702957
-661675
-612844
-595628
-606203
-602610
-561182
-508872
-487390
-496697
-494618
-453565
-398219
-372750
-381159
-381194
-341115
-283021
-253782
-261703
-264490
-225989
-165495
-132577
-140295
-146589
-110416
-47762
-11193
-18958
-29417
3637
68059
108345
100406
85185
114422
180245
224339
216199
195541
220118
287150
335340
326877
300020
319123
387359
440149
431333
397192
409863
479529
537874
528769
486008
490901
562384
627868
618789
565573
560879
634773
709695
701347
635285
618320
695487
783389
777064
694616
661286
743113
849781
847553
742826
686302
775490
911757
917693
778890
684927
787293
977723
1002089
800542
630460
759873
1080214
1164896
796864
360365
547087
1592382
2873428
3393913
2722002
1412585
466492
398200
868170
1183135
1040779
722439
637912
834188
1015677
957351
762696
686373
799866
928023
898371
756965
685631
757639
855691
839629
727718
659379
705860
783940
775164
681778
615211
644070
707611
703049
622176
556594
572263
624573
622571
550698
485556
490790
534004
533697
468730
403768
400350
435903
436746
377412
312604
301888
330741
332353
277895
213436
196526
219411
221555
171437
107622
85529
103245
105761
59566
-3314
-29662
-16380
-13397
-55894
-117679
-147499
-137890
-134250
-173124
-233528
-266063
-259485
-254917
-290026
-348690
-383355
-379209
-373392
-404560
-461049
-497192
-494993
-487665
-514577
-568349
-605370
-604634
-595598
-618025
-668536
-705713
-705980
-694985
-712703
-759558
-796263
-796985
-783789
-796620
-839428
-875163
-875875
-860166
-867879
-906340
-940706
-941032
-922543
-924917
-958742
-991366
-991042
-969589
-966431
-995344
-1025976
-1024843
-1000369
-991525
-1015277
-1043669
-1041654
-1014232
-999725
-1018089
-1044020
-1041058
-1010840
-990784
-1003725
-1027012
-1023173
-990314
-964867
-972409
-993103
-988425
-953148
-922493
-924762
-943006
-937726
-900248
-864631
-861819
-877797
-872249
-832941
-792553
-784798
-798789
-793425
-752752
-707943
-695430
-707672
-702953
-661505
-612653
-595575
-606301
-602675
-561051
-508696
-487268
-496723
-494682
-453519
-398085
-372657
-381131
-381150
-341044
-282975
-253762
-261648
-264381
-225868
-165457
-132665
-140320
-146422
-110179
-47693
-11325
-19082
-29281
3934
68236
108300
100253
85158
114617
180517
224454
216065
195359
220143
287412
335572
326856
299832
319056
387505
440351
431394
397138
409849
479602
537956
528797
486074
491024
562442
627749
618654
565676
561183
634971
709488
701018
635263
618709
695903
783345
776595
694278
661508
743677
850129
847314
742234
686028
775923
912490
917919
778311
684247
787355
978449
1002639
800330
629864
759701
1080444
1164963
796604
360623
548680
1594655
2874540
3392794
2719651
1411032
466735
399130
868152
1182021
1039807
722755
639094
834860
1015167
956351
762253
686859
800691
928300
897878
756246
685416
758130
856258
839620
727181
658942
705996
784352
775325
681537
614918
643997
707720
703119
622121
556505
572199
624498
622461
550695
485671
490874
533887
533427
468604
403895
400561
435890
436460
377173
312620
302084
330850
332204
277574
213272
196581
219634
221621
171236
107331
85420
103382
105913
59499
-3576
-29826
-16350
-13323
-55912
-117803
-147610
-137945
-134300
-173168
-233532
-266085
-259541
-255064
-290177
-348688
-383280
-379199
-373558
-404789
-461114
-497095
-494896
-487764
-514828
-568541
-605365
-604498
-595535
-618145
-668774
-705840
-705902
-694861
-712691
-759742
-796472
-797019
-783704
-796570
-839501
-875301
-875951
-860179
-867867
-906371
-940737
-941066
-922597
-924975
-958739
-991308
-990970
-969652
-966565
-995411
-1025895
-1024700
-1000364
-991672
-1015430
-1043649
-1041501
-1014102
-999761
-1018259
-1044121
-1040987
-1010665
-990691
-1003778
-1027180
-1023192
-990168
-964709
-972369
-993194
-988493
-953092
-922385
-924689
-943002
-937742
-900256
-864606
-861767
-877719
-872157
-832912
-792617
-784850
-798720
-793256
-752656
-708011
-695555
-707674
-702755
-661288
-612619
-595705
-606392
-602583
-560849
-508515
-487312
-496861
-494749
-453369
-397841
-372529
-381204
-381289
-341023
-282757
-253581
-261640
-264444
-225884
-165381
-132531
-140217
-146356
-110150
-47709
-11339
-19018
-29125
4097
68221
108144
100204
85364
114893
180593
224271
215888
195448
220462
287665
335566
326639
299688
319186
387838
440610
431291
396856
409714
479825
538314
528908
485849
490823
562527
628004
618827
565678
561083
634920
709498
701066
635435
618908
695910
783058
776326
694433
662026
744007
849801
846666
742038
686623
776676
912549
917178
777565
684299
788224
979344
1002604
799212
628718
759784
1081991
1166482
796436
358860
547408
1595691
2877389
3395006
2719296
1408685
464397
398241
868522
1182656
1040215
722986
639132
834526
1014597
956099
762715
687562
800798
927647
897205
756296
686103
758618
856048
839001
726800
659131
706473
784610
775120
681046
614636
644224
708187
703262
621803
556085
572152
624773
622706
550605
485382
490704
533938
533563
468654
403854
400469
435754
436339
377182
312761
302164
330714
331933
277466
213398
196811
219598
221337
170974
107349
85642
103506
105780
59235
-3736
-29803
-16181
-13239
-56062
-118067
-147757
-137857
-134113
-173179
-233758
-266280
-259550
-254961
-290123
-348756
-383405
-379286
-373591
-404763
-461095
-497087
-494944
-487887
-514910
-568489
-605216
-604469
-595681
-618341
-668813
-705697
-705779
-694914
-712904
-759884
-796433
-796877
-783624
-796652
-839702
-875444
-875892
-860004
-867816
-906502
-940933
-941105
-922469
-924840
-958778
-991456
-991080
-969640
-966494
-995362
-1025903
-1024759
-1000419
-991710
-1015389
-1043557
-1041446
-1014184
-999912
-1018298
-1044004
-1040838
-1010644
-990840
-1003934
-1027142
-1023035
-990045
-964751
-972522
-993302
-988438
-952895
-922249
-924778
-943181
-937821
-900118
-864384
-861687
-877835
-872280
-832873
-792451
-784728
-798723
-793332
-752678
-707967
-695468
-707584
-702710
-661332
-612704
-595721
-606285
-602392
-560754
-508625
-487445
-496841
-494526
-453186
-397848
-372703
-381308
-381193
-340797
-282620
-253641
-261783
-264519
-225748
-165118
-132391
-140352
-146556
-110182
-47503
-11104
-18994
-29274
4003
68300
108315
100330
85348
114821
180544
224303
215992
195604
220566
287590
335360
326587
299903
319483
387886
440332
431056
396954
410084
480083
538194
528573
485691
490998
562888
628236
618671
565273
560895
635195
709988
701251
635067
618465
695906
783493
776709
694361
661670
743757
849864
846924
742316
686744
776514
912110
916865
777872
685128
788703
978692
1001306
798798
629968
761601
1082278
1164578
793977
358334
549742
1599471
2880019
3394699
2716299
1404994
462537
399228
871043
1184251
1039560
721109
638096
835179
1015913
956592
762102
686734
800593
928037
897634
756425
685901
758310
855802
839004
727101
659468
706455
784192
774718
681137
615117
644509
707927
702777
621597
556338
572512
624861
622438
550245
485278
490934
534245
533607
468381
403503
400407
436028
436599
377097
312411
301956
330811
332169
277557
213288
196626
219516
221352
171064
107418
85608
103343
105610
59202
-3606
-29647
-16253
-13484
-56225
-117989
-147524
-137775
-134310
-173413
-233810
-266135
-259403
-254958
-290295
-348966
-383475
-379157
-373429
-404785
-461284
-497285
-494931
-487724
-514805
-568618
-605423
-604558
-595643
-618250
-668798
-705783
-705902
-695009
-712929
-759823
-796364
-796911
-783773
-796782
-839661
-875254
-875811
-860128
-868006
-906563
-940798
-940957
-922458
-924992
-958925
-991462
-990958
-969490
-966495
-995504
-1026090
-1024757
-1000260
-991564
-1015424
-1043760
-1041554
-1014088
-999739
-1018223
-1044095
-1040965
-1010681
-990767
-1003837
-1027081
-1023066
-990145
-964817
-972502
-993169
-988319
-952940
-922422
-924865
-943049
-937595
-900043
-864531
-861853
-877834
-872122
-832705
-792448
-784862
-798860
-793289
-752527
-707811
-695475
-707752
-702843
-661250
-612487
-595585
-606364
-602589
-560812
-508464
-487279
-496800
-494583
-453263
-397860
-372614
-381189
-381111
-340814
-282728
-253717
-261708
-264295
-225622
-165255
-132619
-140356
-146339
-109914
-47454
-11309
-19159
-29205
4230
68491
108313
100119
85189
114884
180809
224512
215935
195325
220402
287758
335683
326717
299738
319245
387869
440549
431268
397012
409972
479917
538139
528687
485926
491154
562761
627897
618518
565566
561359
635304
709606
700782
635119
618980
696321
783401
776218
693994
661786
744299
850322
846832
741679
686204
776698
912968
917479
777452
684015
788171
979369
1002497
799214
629199
760454
1081780
1165029
795039
359526
550579
1599344
2878695
3392940
2715658
1406274
464569
399933
869622
1182142
1038885
722264
639639
835573
1014995
955531
761885
687366
801358
928231
897156
755712
685697
758767
856468
839137
726571
658849
706434
784733
775149
681003
614628
644215
708059
703098
621754
556223
572270
624675
622433
550454
485488
490915
533938
533309
468409
403857
400640
435871
436246
376919
312601
302249
330885
331948
277268
213186
196769
219714
221395
170872
107168
85534
103538
105846
59191
-3846
-29879
-16208
-13253
-56118
-118093
-147740
-137876
-134254
-173282
-233765
-266202
-259560
-255070
-290281
-348850
-383348
-379237
-373661
-404936
-461219
-497077
-494875
-487891
-515043
-568645
-605298
-604421
-595638
-618392
-668953
-705809
-705780
-694866
-712911
-759972
-796533
-796919
-783582
-796659
-839749
-875491
-875923
-860044
-867870
-906522
-940897
-941090
-922502
-924932
-958829
-991436
-991019
-969627
-966581
-995446
-1025912
-1024685
-1000362
-991763
-1015485
-1043618
-1041390
-1014089
-999889
-1018363
-1044076
-1040808
-1010571
-990796
-1003962
-1027201
-1023040
-989967
-964664
-972523
-993350
-988427
-952847
-922218
-924765
-943173
-937790
-900066
-864386
-861724
-877801
-872216
-832823
-792464
-784784
-798715
-793219
-752577
-707953
-695537
-707602
-702617
-661180
-612625
-595755
-606336
-602361
-560652
-508509
-487440
-496903
-494533
-453091
-397742
-372666
-381348
-381223
-340717
-282507
-253585
-261805
-264516
-225714
-165037
-132370
-140321
-146517
-110073
-47446
-11125
-19011
-29217
4131
68364
108299
100260
85388
114957
180646
224264
215909
195619
220689
287730
335394
326526
299871
319556
388038
440389
430992
396879
410120
480208
538307
528559
485596
490980
563002
628336
618668
565246
560940
635278
710031
701170
635056
618567
696022
783497
776573
694308
661781
743973
849894
846726
742171
686841
776777
912243
916672
777582
685119
789038
978984
1001170
798374
629778
761961
1082776
1164558
793335
357836
550352
1601200
2881641
3394886
2714879
1403161
461614
399500
871707
1184415
1039236
720858
638225
835449
1015934
956355
761939
686838
800801
928060
897451
756263
685977
758489
855863
838865
726931
659479
706582
784240
774615
680996
615091
644610
707979
702690
621459
556293
572599
624912
622378
550135
485217
490972
534271
533551
468269
403474
400457
436063
436576
376999
312377
301977
330849
332112
277467
213210
196636
219552
221346
170972
107353
85588
103369
105584
59127
-3635
-29644
-16241
-13522
-56307
-118031
-147528
-137763
-134326
-173479
-233884
-266161
-259401
-254971
-290359
-349055
-383469
-379137
-373438
-404851
-461372
-497306
-494905
-487727
-514867
-568673
-605453
-604557
-595609
-618295
-668864
-705819
-705893
-694988
-712942
-759879
-796397
-796906
-783774
-796821
-839714
-875278
-875807
-860141
-868062
-906610
-940802
-940920
-922470
-925056
-958981
-991470
-990940
-969498
-966536
-995562
-1026083
-1024713
-1000211
-991593
-1015479
-1043789
-1041535
-1014032
-999728
-1018267
-1044144
-1040950
-1010632
-990725
-1003851
-1027138
-1023066
-990087
-964784
-972500
-993183
-988310
-952920
-922408
-924846
-943042
-937575
-900031
-864525
-861863
-877811
-872058
-832690
-792462
-784903
-798836
-793240
-752459
-707812
-695526
-707763
-702777
-661163
-612432
-595607
-606418
-602576
-560727
-508404
-487241
-496847
-494633
-453215
-397768
-372555
-381191
-381129
-340785
-282687
-253671
-261681
-264301
-225605
-165216
-132607
-140357
-146299
-109870
-47475
-11336
-19150
-29151
4286
68508
108248
100099
85271
115023
180884
224446
215829
195356
220520
287879
335706
326623
299638
319254
387998
440634
431236
396878
409905
479995
538277
528738
485871
491092
562793
627982
618581
565562
561341
635282
709570
700806
635197
619072
696350
783301
776115
694060
662027
744439
850159
846548
741631
686474
777030
912971
917126
777138
684109
788570
979762
1002440
798717
628652
760499
1082499
1165741
794947
358654
549855
1599712
2879996
3394084
2715655
1405238
463396
399428
869847
1182592
1039155
722320
639548
835343
1014811
955532
762127
687625
801326
927904
896886
755831
686029
758939
856271
838812
726474
659080
706681
784771
774983
680765
614544
644377
708294
703138
621560
556007
572271
624864
622563
550397
485323
490816
534003
533433
468459
403778
400549
435818
436269
376991
312637
302207
330770
331868
277300
213295
196827
219640
221263
170813
107249
85662
103564
105733
59065
-3844
-29775
-16121
-13272
-56234
-118229
-147745
-137792
-134145
-173326
-233880
-266318
-259524
-254971
-290246
-348917
-383457
-379262
-373592
-404867
-461201
-497137
-494954
-487899
-514993
-568583
-605268
-604465
-595722
-618453
-668917
-705735
-705754
-694948
-713026
-759987
-796447
-796822
-783621
-796773
-839829
-875446
-875820
-859997
-867886
-906630
-940991
-941059
-922409
-924872
-958899
-991522
-991068
-969541
-966478
-995447
-1026013
-1024757
-1000363
-991700
-1015421
-1043617
-1041448
-1014143
-999898
-1018322
-1043997
-1040807
-1010642
-990860
-1003962
-1027106
-1022940
-990015
-964799
-972597
-993284
-988310
-952816
-922278
-924852
-943193
-937719
-899993
-864367
-861757
-877914
-872263
-832741
-792350
-784729
-798823
-793337
-752580
-707850
-695441
-707627
-702717
-661273
-612603
-595668
-606281
-602376
-560717
-508572
-487420
-496793
-494447
-453121
-397843
-372721
-381278
-381056
-340645
-282616
-253728
-261815
-264401
-225578
-165060
-132489
-140417
-146515
-109971
-47322
-11114
-19112
-29344
4085
68510
108445
100251
85215
114814
180739
224461
216000
195516
220504
287659
335505
326666
299931
319483
387888
440333
431107
397067
410205
480072
538062
528487
485828
491249
562997
628032
618403
565308
561246
635480
709903
700896
634886
618659
696320
783722
776520
693937
661459
744064
850410
847109
741935
686216
776479
912620
917329
777777
684625
788364
978831
1001685
799091
630073
761472
1081770
1163835
793748
359425
551938
1601195
2879680
3392415
2714080
1404785
464121
400670
870814
1182705
1038374
721304
639214
836026
1015774
955787
761415
686784
801285
928611
897508
755740
685440
758528
856415
839281
726767
658975
706332
784471
775011
681134
614900
644297
707867
702866
621726
556423
572435
624628
622267
550331
485528
491035
534042
533282
468268
403750
400679
436007
436330
376856
312466
302194
330972
332083
277304
213069
196650
219726
221510
170928
107144
85434
103474
105844
59225
-3785
-29841
-16288
-13361
-56150
-118006
-147652
-137888
-134340
-173351
-233739
-266123
-259506
-255116
-290341
-348872
-383314
-379175
-373641
-404975
-461261
-497104
-494847
-487815
-515014
-568705
-605353
-604434
-595577
-618344
-668984
-705898
-705810
-694833
-712865
-759939
-796549
-796963
-783639
-796641
-839710
-875423
-875929
-860077
-867905
-906515
-940832
-941053
-922549
-924983
-958837
-991373
-990960
-969618
-966615
-995489
-1025923
-1024651
-1000332
-991764
-1015504
-1043642
-1041375
-1014035
-999861
-1018384
-1044106
-1040859
-1010549
-990732
-1003930
-1027216
-1023074
-990001
-964653
-972505
-993324
-988456
-952898
-922243
-924733
-943130
-937758
-900115
-864447
-861728
-877784
-872159
-832812
-792494
-784806
-798705
-793200
-752574
-707975
-695558
-707613
-702619
-661183
-612624
-595767
-606349
-602365
-560654
-508504
-487432
-496916
-494542
-453109
-397727
-372644
-381348
-381248
-340764
-282533
-253545
-261779
-264523
-225732
-165086
-132373
-140310
-146487
-110104
-47484
-11138
-18994
-29195
4123
68337
108267
100276
85416
114956
180629
224269
215917
195611
220654
287705
335380
326519
299857
319530
388015
440411
431022
396861
410098
480190
538288
528573
485615
490963
562944
628319
618699
565243
560907
635257
710016
701198
635056
618538
695990
783500
776598
694333
661774
743920
849897
846805
742218
686806
776690
912197
916735
777684
685133
788905
978841
1001204
798563
629913
761850
1082543
1164454
793518
358134
550333
1600647
2880913
3394560
2715246
1403925
462174
399568
871484
1184273
1039253
720875
638176
835449
1016025
956463
761888
686703
800730
928166
897622
756282
685852
758370
855873
839011
727042
659424
706452
784187
774709
681138
615129
644503
707882
702719
621602
556391
572546
624814
622315
550197
485334
491013
534238
533503
468297
403529
400509
436100
436575
377004
312362
301974
330884
332195
277497
213178
196563
219567
221444
171046
107350
85521
103345
105681
59241
-3613
-29697
-16283
-13500
-56227
-117947
-147515
-137834
-134388
-173438
-233768
-266101
-259423
-255032
-290371
-348959
-383382
-379119
-373494
-404892
-461336
-497246
-494870
-487692
-514869
-568690
-605484
-604524
-595555
-618213
-668884
-705889
-705907
-694930
-712854
-759827
-796448
-796959
-783758
-796728
-839633
-875312
-875883
-860173
-868011
-906518
-940762
-940968
-922523
-925048
-958888
-991373
-990912
-969548
-966577
-995543
-1025984
-1024655
-1000272
-991680
-1015518
-1043746
-1041483
-1014029
-999744
-1018311
-1044167
-1040966
-1010598
-990672
-1003840
-1027196
-1023147
-990100
-964711
-972435
-993208
-988416
-952986
-922369
-924753
-943031
-937684
-900134
-864564
-861807
-877743
-872082
-832795
-792564
-784891
-798757
-793177
-752539
-707933
-695566
-707683
-702693
-661190
-612561
-595719
-606420
-602510
-560722
-508421
-487295
-496913
-494670
-453234
-397739
-372539
-381249
-381289
-340876
-282635
-253544
-261668
-264449
-225765
-165243
-132466
-140246
-146355
-110050
-47590
-11284
-19034
-29088
4190
68315
108165
100178
85397
115004
180688
224255
215841
195517
220618
287780
335503
326544
299702
319385
388022
440582
431151
396784
409851
480083
538418
528764
485663
490827
562737
628247
618827
565468
560998
635068
709736
701138
635313
618800
695965
783201
776397
694424
662038
744022
849734
846555
742124
686914
776865
912313
916703
777472
684870
788916
979250
1001657
798476
629173
761132
1082796
1165722
794622
357693
548338
1598624
2880510
3395987
2717307
1405132
461948
398447
870483
1184145
1040016
721744
638349
834814
1015330
956437
762482
687161
800625
927679
897360
756471
686166
758481
855744
838812
726994
659529
706603
784280
774697
681012
615016
644545
708060
702869
621525
556185
572450
624933
622554
550274
485196
490840
534225
533687
468449
403523
400370
435963
436597
377142
312505
301974
330743
332084
277552
213335
196652
219479
221317
171054
107453
85632
103367
105608
59175
-3604
-29624
-16244
-13483
-56237
-118006
-147551
-137772
-134283
-173388
-233828
-266171
-259404
-254925
-290258
-348970
-383479
-379167
-373413
-404777
-461268
-497296
-494940
-487729
-514803
-568580
-605416
-604579
-595614
-618232
-668764
-705793
-705908
-695002
-712898
-759795
-796367
-796936
-783789
-796764
-839634
-875249
-875818
-860144
-868002
-906528
-940782
-940949
-922484
-925020
-958909
-991426
-990958
-969516
-966502
-995496
-1026058
-1024731
-1000260
-991584
-1015436
-1043750
-1041537
-1014063
-999702
-1018246
-1044128
-1040998
-1010667
-990741
-1003804
-1027104
-1023120
-990147
-964778
-972458
-993157
-988362
-953002
-922422
-924818
-943031
-937629
-900121
-864583
-861849
-877779
-872102
-832776
-792529
-784896
-798815
-793246
-752535
-707880
-695543
-707742
-702779
-661219
-612507
-595644
-606398
-602595
-560807
-508448
-487244
-496837
-494681
-453308
-397800
-372543
-381186
-381224
-340906
-282735
-253628
-261638
-264383
-225752
-165300
-132566
-140270
-146313
-110025
-47605
-11341
-19083
-29121
4210
68341
108150
100154
85343
114966
180712
224324
215843
195420
220518
287783
335600
326616
299647
319246
387966
440635
431235
396806
409774
479949
538343
528824
485782
490848
562643
628089
618792
565606
561116
635019
709580
701045
635370
618917
696011
783125
776296
694390
662078
744100
849783
846542
742014
686798
776875
912487
916877
777396
684542
788672
979405
1002103
798698
628812
760527
1082615
1166260
795430
357978
547693
1597428
2879503
3395863
2718171
1406407
462728
398244
869650
1183572
1040180
722326
638657
834625
1014974
956308
762650
687412
800671
927561
897238
756440
686231
758561
855787
838784
726915
659456
706610
784412
774774
680957
614881
644464
708151
702991
621566
556102
572354
624965
622672
550372
485169
490743
534178
533711
468537
403596
400351
435878
436541
377206
312600
302001
330696
332016
277548
213407
196713
219488
221280
171022
107471
85678
103400
105620
59166
-3616
-29625
-16215
-13446
-56221
-118034
-147575
-137747
-134219
-173334
-233835
-266216
-259435
-254879
-290189
-348958
-383498
-379222
-373438
-404724
-461231
-497268
-494990
-487743
-514780
-568524
-605379
-604585
-595667
-618249
-668747
-705725
-705888
-695010
-712910
-759769
-796321
-796905
-783774
-796770
-839638
-875250
-875798
-860112
-868002
-906543
-940811
-940965
-922459
-924964
-958898
-991457
-990972
-969495
-966453
-995470
-1026062
-1024764
-1000277
-991551
-1015403
-1043730
-1041570
-1014107
-999742
-1018213
-1044076
-1040980
-1010719
-990767
-1003790
-1027081
-1023087
-990170
-964823
-972464
-993154
-988359
-953016
-922436
-924804
-943014
-937636
-900125
-864556
-861853
-877795
-872106
-832767
-792507
-784871
-798830
-793275
-752546
-707863
-695500
-707731
-702808
-661255
-612518
-595613
-606380
-602621
-560830
-508459
-487249
-496808
-494687
-453329
-397865
-372567
-381168
-381179
-340918
-282777
-253657
-261654
-264352
-225743
-165337
-132604
-140283
-146314
-110013
-47603
-11367
-19095
-29123
4206
68353
108183
100150
85312
114956
180733
224350
215860
195396
220471
287742
335613
326631
299659
319219
387904
440623
431275
396844
409777
479913
538333
528854
485841
490875
562618
628036
618775
565632
561141
635005
709539
701026
635380
618936
696017
783113
776271
694370
662075
744101
849809
846560
742005
686742
776853
912540
916929
777412
684477
788611
979416
1002196
798783
628752
760365
1082519
1166345
795621
358118
547618
1597146
2879202
3395771
2718383
1406730
462954
398212
869471
1183464
1040198
722423
638732
834591
1014909
956306
762698
687437
800673
927557
897234
756456
686246
758566
855790
838812
726910
659428
706614
784423
774801
680979
614860
644468
708165
702999
621564
556087
572337
624969
622686
550361
485192
490728
534175
533696
468547
403621
400358
435886
436545
377216
312610
302008
330687
332040
277575
213417
196711
219489
221289
171049
107473
85673
103399
105608
59176
-3593
-29624
-16218
-13451
-56208
-118026
-147564
-137768
-134225
-173332
-233832
-266199
-259420
-254892
-290200
-348948
-383513
-379196
-373425
-404704
-461222
-497271
-494974
-487753
-514787
-568524
-605383
-604563
-595651
-618229
-668753
-705746
-705878
-695007
-712907
-759790
-796337
-796905
-783763
-796783
-839655
-875257
-875819
-860131
-868008
-906548
-940778
-940968
-922471
-924993
-958915
-991462
-990965
-969505
-966463
-995500
-1026049
-1024772
-1000266
-991569
-1015426
-1043736
-1041554
-1014101
-999736
-1018202
-1044110
-1041008
-1010709
-990749
-1003818
-1027105
-1023105
-990177
-964809
-972448
-993138
-988364
-953007
-922432
-924805
-943017
-937647
-900127
-864577
-861853
-877780
-872105
-832782
-792514
-784880
-798797
-793253
-752556
-707878
-695509
-707732
-702800
-661249
-612515
-595636
-606408
-602609
-560820
-508467
-487261
-496840
-494690
-453326
-397826
-372554
-381195
-381232
-340935
-282750
-253639
-261638
-264375
-225760
-165314
-132560
-140265
-146310
-110037
-47620
-11342
-19069
-29098
4196
68316
108152
100146
85341
114973
180708
224308
215850
195437
220505
287765
335574
326603
299658
319235
387936
440618
431238
396810
409772
479938
538379
528856
485764
490846
562623
628107
618810
565596
561070
634995
709594
701090
635380
618878
695957
783099
776336
694437
662072
744058
849742
846546
742083
686852
776858
912408
916828
777459
684673
788708
979319
1001967
798664
628955
760679
1082625
1166126
795264
357897
547678
1597456
2879648
3396076
2718212
1406223
462483
398179
869878
1183841
1040220
722138
638451
834605
1015132
956461
762639
687254
800560
927600
897341
756520
686217
758486
855733
838835
727004
659510
706574
784293
774744
681039
615000
644494
708053
702901
621582
556190
572430
624948
622608
550307
485196
490797
534226
533714
468485
403535
400357
435960
436607
377185
312531
301964
330725
332096
277595
213371
196646
219481
221332
171079
107461
85648
103358
105607
59211
-3564
-29621
-16257
-13487
-56202
-117958
-147521
-137769
-134280
-173386
-233787
-266153
-259423
-254939
-290241
-348935
-383459
-379153
-373432
-404751
-461257
-497282
-494934
-487711
-514786
-568591
-605428
-604587
-595607
-618200
-668776
-705795
-705909
-694967
-712861
-759766
-796376
-796935
-783775
-796741
-839612
-875259
-875826
-860163
-868000
-906492
-940748
-940964
-922511
-925034
-958890
-991402
-990942
-969536
-966549
-995504
-1026008
-1024701
-1000269
-991620
-1015447
-1043744
-1041517
-1014054
-999718
-1018246
-1044136
-1040999
-1010655
-990704
-1003795
-1027163
-1023144
-990133
-964725
-972414
-993185
-988412
-953025
-922390
-924766
-943026
-937676
-900146
-864584
-861822
-877736
-872092
-832805
-792570
-784879
-798754
-793208
-752557
-707937
-695559
-707707
-702722
-661220
-612560
-595709
-606424
-602536
-560765
-508441
-487299
-496895
-494713
-453283
-397746
-372518
-381259
-381288
-340918
-282663
-253567
-261671
-264456
-225826
-165284
-132492
-140255
-146359
-110083
-47636
-11301
-18995
-29096
4152
68263
108142
100193
85402
114982
180652
224243
215852
195536
220594
287734
335458
326540
299750
319370
387997
440519
431135
396800
409890
480043
538405
528760
485648
490799
562760
628258
618849
565435
560914
635042
709797
701214
635309
618705
695882
783233
776499
694473
661957
743899
849710
846662
742241
686906
776735
912172
916702
777652
685029
788851
978978
1001449
798626
629537
761344
1082561
1165215
794353
357955
548835
1598823
2880200
3395488
2717040
1405149
462167
398751
870824
1184343
1039864
721338
638098
834982
1015728
956634
762273
686836
800549
927919
897603
756486
685971
758300
855776
838993
727137
659507
706448
784178
774736
681175
615135
644493
707891
702773
621642
556380
572519
624820
622386
550258
485334
490958
534210
533568
468372
403554
400471
436047
436603
377063
312394
301970
330863
332206
277528
213208
196565
219537
221445
171099
107370
85526
103333
105685
59278
-3584
-29688
-16311
-13481
-56151
-117923
-147534
-137847
-134381
-173390
-233710
-266086
-259437
-255032
-290315
-348897
-383356
-379151
-373524
-404866
-461273
-497213
-494863
-487715
-514880
-568668
-605446
-604494
-595535
-618188
-668876
-705893
-705900
-694879
-712808
-759806
-796482
-796996
-783706
-796670
-839608
-875313
-875914
-860160
-867949
-906451
-940760
-941022
-922582
-925031
-958830
-991340
-990941
-969607
-966608
-995492
-1025917
-1024650
-1000305
-991708
-1015496
-1043679
-1041443
-1014065
-999804
-1018340
-1044121
-1040921
-1010582
-990683
-1003886
-1027213
-1023154
-990072
-964652
-972447
-993288
-988486
-952960
-922289
-924712
-943090
-937771
-900178
-864501
-861742
-877738
-872163
-832858
-792558
-784833
-798709
-793210
-752601
-707998
-695550
-707615
-702656
-661216
-612661
-595765
-606359
-602428
-560701
-508514
-487415
-496892
-494587
-453189
-397761
-372618
-381328
-381274
-340818
-282561
-253567
-261754
-264557
-225803
-165135
-132368
-140287
-146518
-110154
-47520
-11142
-18971
-29216
4057
68290
108273
100292
85404
114887
180564
224262
215940
195623
220608
287617
335358
326567
299900
319494
387931
440351
431040
396939
410108
480117
538199
528563
485668
491021
562926
628237
618642
565269
560943
635259
710001
701210
635005
618458
695988
783592
776726
694268
661584
743791
850003
847014
742270
686595
776426
912191
917027
777956
685049
788534
978556
1001339
799027
630223
761591
1081861
1164000
793846
359041
550885
1600056
2879354
3393233
2715347
1405409
463821
400141
870852
1183334
1038898
721150
638655
835698
1016010
956255
761605
686573
800925
928533
897755
756028
685475
758320
856204
839321
727017
659110
706235
784305
774988
681277
615005
644288
707786
702838
621800
556476
572445
624630
622286
550375
485558
491011
534027
533320
468345
403762
400656
435988
436355
376927
312495
302150
330951
332129
277367
213112
196627
219702
221521
170988
107172
85439
103460
105848
59279
-3760
-29844
-16294
-13344
-56087
-117997
-147686
-137923
-134306
-173295
-233697
-266134
-259542
-255104
-290279
-348792
-383299
-379217
-373659
-404928
-461192
-497071
-494875
-487849
-514984
-568636
-605307
-604420
-595608
-618345
-668934
-705836
-705802
-694840
-712871
-759945
-796527
-796928
-783607
-796628
-839712
-875451
-875919
-860034
-867845
-906490
-940887
-941096
-922496
-924919
-958819
-991421
-991034
-969652
-966558
-995413
-1025908
-1024707
-1000383
-991752
-1015450
-1043568
-1041401
-1014122
-999909
-1018334
-1044022
-1040822
-1010619
-990849
-1003953
-1027144
-1022994
-990019
-964745
-972543
-993300
-988404
-952872
-922246
-924776
-943197
-937776
-900047
-864374
-861713
-877873
-872273
-832809
-792388
-784731
-798770
-793332
-752655
-707898
-695445
-707593
-702711
-661295
-612664
-595686
-606258
-602386
-560749
-508609
-487428
-496810
-494457
-453154
-397880
-372738
-381292
-381088
-340697
-282642
-253735
-261798
-264418
-225617
-165109
-132497
-140422
-146524
-110029
-47385
-11110
-19112
-29368
4037
68497
108444
100250
85202
114791
180701
224489
216041
195480
220441
287624
335521
326719
299895
319382
387820
440340
431177
397075
410126
479966
538036
528556
485903
491262
562883
627928
618453
565446
561326
635411
709729
700804
634971
618801
696321
783585
776387
693944
661571
744153
850407
847039
741769
686073
776527
912883
917571
777648
684183
788086
979120
1002310
799340
629505
760619
1081590
1164683
794878
359711
550879
1599463
2878543
3392705
2715566
1406379
464728
400000
869600
1182110
1038883
722300
639667
835539
1014956
955513
761950
687448
801354
928132
897085
755769
685781
758819
856416
839045
726531
658930
706518
784772
775111
680915
614565
644255
708169
703168
621687
556108
572239
624768
622561
550462
485397
490807
533968
533427
468492
403832
400550
435808
436262
377004
312682
302218
330761
331876
277326
213321
196830
219648
221263
170838
107274
85656
103547
105715
59083
-3823
-29760
-16140
-13297
-56223
-118175
-147723
-137763
-134124
-173295
-233907
-266308
-259511
-254927
-290188
-348921
-383481
-379262
-373547
-404818
-461185
-497185
-494984
-487881
-514944
-568544
-605288
-604522
-595741
-618388
-668833
-705710
-705790
-694992
-713027
-759908
-796355
-796826
-783703
-796818
-839775
-875351
-875796
-860034
-867961
-906626
-940935
-940986
-922388
-924914
-958940
-991556
-991048
-969492
-966423
-995479
-1026093
-1024800
-1000286
-991580
-1015401
-1043709
-1041524
-1014123
-999802
-1018255
-1044026
-1040886
-1010681
-990826
-1003894
-1027074
-1022986
-990105
-964842
-972539
-993172
-988284
-952902
-922415
-924893
-943084
-937588
-900016
-864490
-861866
-877861
-872132
-832682
-792409
-784856
-798857
-793298
-752491
-707765
-695460
-707755
-702814
-661216
-612456
-595575
-606372
-602566
-560778
-508430
-487258
-496816
-494592
-453243
-397807
-372593
-381197
-381113
-340786
-282700
-253681
-261680
-264296
-225624
-165234
-132593
-140343
-146304
-109904
-47488
-11334
-19155
-29128
4289
68468
108212
100101
85290
115022
180844
224397
215834
195385
220561
287888
335673
326601
299640
319275
388050
440678
431216
396806
409849
480051
538373
528775
485796
490956
562747
628086
618703
565549
561201
635167
709623
700937
635281
618998
696168
783182
776181
694270
662145
744305
849874
846395
741834
686843
777122
912618
916703
777139
684608
789025
979605
1001829
798238
628832
761126
1083126
1165899
794365
357490
548875
1599895
2881563
3395872
2716091
1403843
461527
398779
870797
1184027
1039663
721642
638590
835075
1015316
956166
762292
687280
800846
927735
897164
756271
686192
758647
855804
838688
726840
659508
706704
784354
774602
680879
614988
644630
708096
702748
621395
556184
572546
624990
622450
550124
485161
490910
534292
533596
468284
403448
400433
436065
436560
377012
312387
301974
330839
332088
277442
213220
196642
219534
221327
170966
107332
85591
103368
105586
59144
-3646
-29659
-16264
-13536
-56314
-118026
-147512
-137781
-134374
-173505
-233855
-266130
-259398
-255029
-290415
-349038
-383406
-379119
-373485
-404924
-461373
-497266
-494862
-487702
-514909
-568728
-605493
-604516
-595563
-618256
-668912
-705900
-705878
-694914
-712877
-759893
-796468
-796956
-783740
-796757
-839691
-875334
-875861
-860153
-868034
-906555
-940775
-940962
-922531
-925083
-958921
-991376
-990903
-969569
-966626
-995557
-1025978
-1024617
-1000250
-991709
-1015555
-1043719
-1041416
-1013980
-999794
-1018367
-1044154
-1040890
-1010520
-990694
-1003914
-1027237
-1023094
-989993
-964644
-972472
-993305
-988422
-952888
-922255
-924741
-943082
-937693
-900073
-864460
-861766
-877757
-872109
-832779
-792523
-784847
-798712
-793155
-752509
-707937
-695585
-707637
-702594
-661132
-612590
-595778
-606369
-602377
-560587
-508441
-487416
-496905
-494530
-453061
-397688
-372613
-381365
-381224
-340698
-282480
-253560
-261803
-264528
-225654
-165028
-132365
-140340
-146518
-110033
-47397
-11109
-19003
-29206
4158
68407
108323
100262
85376
114965
180695
224314
215913
195612
220684
287743
335392
326528
299910
319616
388047
440351
430986
396932
410228
480238
538207
528448
485660
491191
563116
628238
618473
565198
561095
635499
710064
701018
634842
618540
696254
783764
776582
694010
661529
744046
850290
846999
741984
686431
776626
912507
917061
777687
684869
788699
978854
1001341
798732
630136
761943
1082148
1163589
793021
359057
552610
1602661
2880867
3392369
2712864
1403352
463522
401012
871374
1182822
1038074
721034
639304
836276
1015832
955577
761240
686888
801484
928668
897353
755546
685428
758699
856511
839170
726578
658916
706446
784607
775009
680997
614774
644329
707981
702873
621661
556338
572430
624665
622268
550308
485499
491029
534005
533215
468268
403781
400690
435945
436208
376785
312519
302277
330922
331916
277180
213114
196761
219756
221369
170768
107096
85525
103582
105825
59067
-3939
-29880
-16154
-13279
-56221
-118204
-147758
-137831
-134231
-173357
-233876
-266278
-259543
-255061
-290327
-348927
-383416
-379234
-373664
-404949
-461253
-497127
-494908
-487926
-515085
-568688
-605281
-604429
-595720
-618498
-668972
-705748
-705736
-694936
-713053
-760047
-796467
-796823
-783614
-796788
-839864
-875474
-875831
-859963
-867920
-906677
-940985
-941036
-922376
-924904
-958942
-991556
-991043
-969528
-966477
-995503
-1026038
-1024748
-1000311
-991665
-1015468
-1043653
-1041454
-1014101
-999871
-1018339
-1044028
-1040806
-1010622
-990870
-1003966
-1027101
-1022911
-989995
-964822
-972618
-993229
-988245
-952793
-922328
-924905
-943169
-937615
-899918
-864409
-861848
-877906
-872144
-832638
-792314
-784821
-798875
-793301
-752456
-707721
-695437
-707727
-702800
-661175
-612437
-595600
-606332
-602478
-560711
-508434
-487287
-496781
-494505
-453140
-397795
-372651
-381222
-381044
-340668
-282623
-253708
-261720
-264250
-225493
-165135
-132599
-140413
-146311
-109783
-47356
-11276
-19201
-29177
4360
68621
108307
100068
85226
115051
180964
224523
215843
195335
220545
287966
335756
326604
299636
319343
388081
440664
431197
396845
409960
480112
538332
528693
485818
491116
562885
628047
618569
565516
561353
635369
709625
700776
635153
619089
696414
783289
776025
694066
662156
744553
850085
846316
741583
686740
777341
912892
916679
776856
684418
789198
979949
1001893
797959
628587
761316
1083467
1165822
793848
357335
549869
1601753
2882870
3395516
2714337
1402181
461031
399289
871295
1183871
1039147
721442
638896
835444
1015244
955790
762081
687450
801155
927809
896910
756019
686246
758904
855929
838532
726607
659497
706880
784460
774490
680686
614935
644727
708204
702700
621236
556111
572606
625054
622424
549993
485074
490955
534342
533555
468193
403406
400461
436093
436499
376892
312323
302017
330853
332049
277339
213150
196669
219587
221282
170838
107271
85601
103404
105549
59007
-3743
-29649
-16228
-13564
-56400
-118113
-147540
-137770
-134393
-173588
-233929
-266139
-259375
-255038
-290500
-349110
-383442
-379107
-373505
-405007
-461479
-497299
-494853
-487717
-514999
-568832
-605513
-604478
-595551
-618339
-669018
-705940
-705861
-694907
-712941
-759989
-796508
-796939
-783709
-796804
-839783
-875391
-875849
-860119
-868047
-906620
-940832
-940951
-922529
-925104
-958996
-991416
-990867
-969546
-966668
-995641
-1026000
-1024589
-1000234
-991762
-1015615
-1043745
-1041349
-1013954
-999802
-1018443
-1044193
-1040837
-1010470
-990706
-1003960
-1027287
-1023060
-989913
-964617
-972508
-993352
-988405
-952828
-922211
-924771
-943127
-937672
-900002
-864390
-861776
-877787
-872088
-832712
-792448
-784831
-798739
-793126
-752447
-707901
-695579
-707646
-702548
-661032
-612531
-595782
-606375
-602294
-560502
-508424
-487446
-496928
-494464
-452955
-397624
-372653
-381389
-381146
-340547
-282378
-253569
-261842
-264473
-225540
-164883
-132348
-140389
-146498
-109936
-47254
-11035
-19071
-29258
4216
68556
108395
100231
85344
115044
180835
224406
215914
195589
220737
287834
335473
326528
299900
319685
388135
440382
430956
396963
410344
480327
538163
528357
485691
491345
563239
628189
618312
565165
561295
635716
710066
700795
634721
618698
696566
783873
776384
693740
661541
744373
850588
846895
741623
686256
776895
912941
917130
777334
684523
788835
979295
1001504
798456
629838
762067
1082470
1163539
792565
358991
553738
1604686
2882296
3391992
2710995
1401596
463023
401483
871689
1182458
1037567
721113
639860
836599
1015489
954977
761137
687342
801923
928569
896863
755228
685643
759143
856686
838896
726186
658819
706724
784902
774940
680646
614550
644447
708229
702943
621412
556088
572414
624838
622344
550171
485338
490986
534057
533247
468196
403713
400679
435911
436117
376717
312522
302305
330886
331776
277070
213142
196865
219751
221200
170583
107075
85668
103629
105671
58846
-4014
-29757
-16071
-13351
-56429
-118385
-147771
-137732
-134204
-173513
-234094
-266359
-259451
-254971
-290387
-349132
-383536
-379220
-373594
-404986
-461408
-497248
-494919
-487894
-515115
-568755
-605367
-604472
-595740
-618544
-669022
-705783
-705754
-694996
-713145
-760083
-796432
-796790
-783696
-796942
-839950
-875410
-875718
-860008
-868070
-906805
-940968
-940923
-922363
-925006
-959106
-991607
-990957
-969416
-966490
-995628
-1026165
-1024705
-1000198
-991617
-1015541
-1043802
-1041461
-1013988
-999788
-1018357
-1044123
-1040846
-1010552
-990782
-1003950
-1027136
-1022934
-989988
-964785
-972586
-993209
-988205
-952762
-922354
-924919
-943107
-937490
-899871
-864459
-861932
-877858
-871966
-832513
-792374
-784934
-798886
-793134
-752283
-707709
-695537
-707777
-702666
-660950
-612328
-595647
-606447
-602465
-560509
-508226
-487263
-496909
-494568
-453019
-397582
-372516
-381261
-381134
-340621
-282472
-253565
-261722
-264308
-225465
-165009
-132500
-140338
-146250
-109726
-47319
-11283
-19141
-29053
4477
68629
108225
100048
85396
115276
181024
224348
215696
195477
220881
288115
335598
326398
299644
319630
388392
440688
430958
396670
410127
480462
538533
528551
485492
491052
563205
628438
618575
565191
561141
635529
710003
700931
634964
618874
696426
783512
776200
694039
662083
744519
850075
846298
741681
687004
777473
912642
916243
776869
685110
789844
979612
1000744
797332
629571
763088
1083921
1163933
791236
356975
553098
1606644
2885758
3394239
2710011
1398063
459846
401053
873748
1184587
1037778
719701
638628
836655
1016422
955641
760998
686789
801531
928566
897124
755566
685739
758865
856238
838728
726513
659273
706770
784439
774491
680713
614993
644722
708015
702489
621253
556345
572761
624859
622031
549859
485331
491248
534267
533164
467882
403499
400758
436186
436258
376527
312212
302211
331094
332005
277027
212860
196661
219825
221404
170648
106933
85455
103548
105724
58946
-4022
-29837
-16210
-13444
-56418
-118253
-147696
-137826
-134403
-173632
-233979
-266180
-259469
-255187
-290590
-349085
-383365
-379121
-373696
-405196
-461482
-497148
-494783
-487895
-515258
-568918
-605375
-604351
-595650
-618584
-669206
-705908
-705696
-694863
-713103
-760211
-796615
-796820
-783578
-796823
-839979
-875575
-875838
-859948
-867989
-906764
-941045
-941023
-922407
-925015
-959043
-991564
-990957
-969519
-966601
-995611
-1026037
-1024631
-1000261
-991773
-1015591
-1043685
-1041310
-1013998
-999926
-1018458
-1044071
-1040693
-1010475
-990860
-1004083
-1027165
-1022844
-989847
-964759
-972691
-993343
-988207
-952641
-922225
-924946
-943245
-937594
-899768
-864261
-861847
-877954
-872106
-832503
-792219
-784792
-798883
-793253
-752320
-707656
-695436
-707709
-702659
-660994
-612356
-595622
-606341
-602359
-560500
-508332
-487360
-496831
-494372
-452899
-397646
-372670
-381272
-380958
-340432
-282455
-253722
-261824
-264210
-225268
-164900
-132565
-140492
-146298
-109597
-47111
-11199
-19279
-29209
4514
68855
108421
100017
85182
115201
181174
224621
215774
195297
220718
288172
335815
326533
299640
319531
388324
440706
431079
396839
410175
480378
538370
528547
485740
491319
563191
628123
618362
565364
561527
635713
709750
700561
634942
619235
696814
783491
775790
693730
662227
745008
850362
846074
741166
686777
777870
913279
916414
776290
684374
789834
980481
1001549
797106
628432
762307
1084422
1165264
792015
356540
552255
1606549
2886623
3395127
2710148
1397552
459183
400457
873095
1184164
1038017
720537
639209
836349
1015544
955188
761444
687550
801738
928034
896517
755545
686280
759305
856114
838227
726201
659479
707175
784601
774241
680335
614881
644985
708329
702479
620922
556048
572818
625190
622212
549681
485011
491147
534481
533396
467872
403242
400591
436223
436376
376603
312139
302078
330982
331982
277055
212940
196681
219665
221222
170615
107076
85583
103470
105494
58792
-3926
-29682
-16191
-13622
-56611
-118287
-147550
-137721
-134476
-173810
-234096
-266131
-259334
-255152
-290714
-349273
-383438
-379030
-373581
-405225
-461658
-497291
-494775
-487761
-515203
-569040
-605564
-604404
-595534
-618527
-669257
-706039
-705797
-694853
-713057
-760196
-796623
-796894
-783666
-796866
-839951
-875505
-875811
-860084
-868117
-906774
-940920
-940935
-922453
-925145
-959113
-991491
-990856
-969500
-966710
-995728
-1026015
-1024528
-1000187
-991820
-1015736
-1043730
-1041254
-1013891
-999879
-1018552
-1044196
-1040714
-1010359
-990752
-1004103
-1027305
-1022914
-989742
-964613
-972649
-993404
-988298
-952599
-922118
-924864
-943256
-937641
-899793
-864234
-861795
-877904
-872076
-832519
-792278
-784827
-798814
-793110
-752276
-707719
-695513
-707661
-702514
-660895
-612417
-595739
-606347
-602212
-560338
-508319
-487434
-496885
-494306
-452741
-397541
-372721
-381383
-380948
-340302
-282275
-253658
-261900
-264308
-225209
-164726
-132416
-140534
-146444
-109609
-46978
-11043
-19244
-29304
4448
68927
108547
100096
85190
115158
181166
224615
215835
195451
220788
288124
335692
326519
299789
319729
388340
440531
430942
396939
410449
480507
538229
528323
485725
491571
563452
628134
618121
565196
561673
636021
709920
700390
634640
619180
697092
783814
775806
693408
661939
745122
850798
846320
740924
686332
777774
913632
916828
776299
684006
789555
980504
1001761
797345
628655
762326
1083971
1164397
791603
357560
554509
1608433
2886520
3393131
2708052
1397018
460211
401514
872997
1183079
1037172
720753
640092
836881
1015233
954490
761130
687903
802284
928172
896147
755083
686235
759679
856436
838121
725797
659201
707343
784951
774337
680077
614577
644973
708558
702641
620827
555817
572721
625267
622331
549681
484910
491026
534420
533367
467878
403329
400601
436112
436213
376549
312268
302186
330897
331771
276940
213019
196819
219691
221058
170446
107063
85724
103551
105406
58617
-4041
-29633
-16070
-13627
-56755
-118443
-147573
-137615
-134413
-173895
-234264
-266240
-259288
-255046
-290725
-349428
-383570
-379035
-373509
-405217
-461753
-497398
-494812
-487750
-515215
-569064
-605599
-604446
-595612
-618547
-669242
-706001
-705799
-694943
-713158
-760203
-796571
-796849
-783721
-796991
-840026
-875447
-875736
-860077
-868212
-906870
-940910
-940845
-922440
-925228
-959218
-991505
-990773
-969421
-966721
-995824
-1026105
-1024507
-1000086
-991762
-1015786
-1043846
-1041265
-1013811
-999815
-1018566
-1044280
-1040755
-1010304
-990677
-1004093
-1027358
-1022949
-989757
-964575
-972632
-993396
-988264
-952609
-922141
-924875
-943192
-937551
-899782
-864300
-861860
-877859
-871952
-832437
-792300
-784880
-798775
-792998
-752189
-707714
-695602
-707701
-702431
-660779
-612343
-595788
-606427
-602189
-560220
-508203
-487438
-496979
-494343
-452660
-397399
-372658
-381441
-381032
-340244
-282137
-253573
-261919
-264369
-225212
-164605
-132313
-140506
-146447
-109610
-46927
-10995
-19194
-29255
4527
68921
108495
100110
85316
115270
181168
224539
215789
195534
220983
288192
335587
326420
299848
319909
388465
440487
430809
396889
410595
480693
538270
528176
485588
491622
563646
628261
618060
565030
561623
636204
710148
700403
634450
619021
697185
784070
775912
693266
661774
745153
850994
846457
740870
686238
777718
913631
916807
776356
684215
789720
980321
1001347
797212
629166
763034
1083976
1163371
790484
357784
556458
1610841
2887497
3391946
2705750
1395425
460239
402574
873744
1182799
1036345
720318
640449
837518
1015412
954082
760645
687853
802678
928484
895996
754713
686037
759847
856744
838159
725556
658988
707379
785141
774444
679963
614413
644944
708623
702675
620782
555766
572696
625227
622267
549672
484959
491076
534349
533213
467809
403375
400681
436079
436066
376425
312265
302279
330926
331656
276793
212987
196898
219753
221004
170290
106960
85753
103616
105399
58513
-4147
-29645
-16009
-13606
-56854
-118571
-147648
-137598
-134373
-173938
-234390
-266326
-259268
-255016
-290770
-349501
-383641
-379068
-373522
-405255
-461788
-497438
-494832
-487810
-515258
-569085
-605571
-604459
-595664
-618637
-669287
-705968
-705782
-694986
-713274
-760275
-796557
-796809
-783719
-797079
-840110
-875457
-875686
-860048
-868273
-906971
-940942
-940808
-922378
-925252
-959319
-991585
-990773
-969364
-966720
-995898
-1026175
-1024497
-1000037
-991745
-1015828
-1043886
-1041282
-1013752
-999772
-1018586
-1044310
-1040757
-1010281
-990645
-1004102
-1027356
-1022911
-989734
-964583
-972651
-993368
-988229
-952570
-922152
-924899
-943174
-937474
-899709
-864318
-861876
-877853
-871886
-832357
-792299
-784930
-798811
-792939
-752087
-707677
-695630
-707724
-702371
-660670
-612278
-595787
-606469
-602174
-560123
-508117
-487415
-497003
-494354
-452571
-397302
-372610
-381460
-381034
-340184
-282040
-253532
-261927
-264388
-225156
-164533
-132303
-140495
-146435
-109537
-46881
-10973
-19189
-29179
4618
68954
108477
100097
85365
115393
181253
224508
215733
195549
221095
288293
335581
326349
299834
320016
388617
440513
430733
396861
410682
480849
538324
528093
485499
491676
563807
628347
617977
564914
561640
636349
710279
700381
634344
619003
697307
784176
775889
693168
661739
745250
851068
846401
740797
686279
777892
913708
916642
776183
684313
790030
980407
1001035
796869
629289
763616
1084301
1162902
789545
357531
557726
1613051
2889035
3391562
2703756
1393452
459623
403232
874557
1182862
1035771
719861
640589
837990
1015586
953796
760308
687871
802960
928642
895885
754451
685976
760025
856851
838098
725381
658941
707489
785234
774358
679817
614384
644987
708670
702609
620684
555740
572756
625253
622165
549539
484940
491158
534379
533133
467688
403349
400741
436122
435995
376303
312215
302317
330967
331608
276681
212909
196915
219775
220956
170186
106866
85760
103671
105355
58405
-4232
-29662
-15976
-13618
-56915
-118660
-147655
-137559
-134397
-174020
-234479
-266343
-259251
-255029
-290840
-349582
-383647
-379044
-373548
-405324
-461866
-497439
-494834
-487810
-515336
-569153
-605604
-604420
-595664
-618711
-669363
-705981
-705745
-694985
-713309
-760360
-796573
-796787
-783730
-797138
-840167
-875472
-875665
-860051
-868329
-907026
-940968
-940766
-922349
-925278
-959373
-991606
-990725
-969332
-966748
-995939
-1026191
-1024483
-1000001
-991767
-1015884
-1043913
-1041238
-1013712
-999794
-1018643
-1044334
-1040706
-1010227
-990632
-1004150
-1027377
-1022880
-989673
-964559
-972683
-993415
-988201
-952508
-922145
-924929
-943185
-937448
-899667
-864282
-861887
-877870
-871860
-832298
-792265
-784938
-798808
-792898
-752030
-707636
-695617
-707742
-702347
-660591
-612223
-595799
-606489
-602135
-560036
-508061
-487421
-497027
-494306
-452483
-397234
-372629
-381495
-380998
-340100
-282001
-253512
-261966
-264334
-225047
-164460
-132293
-140548
-146417
-109457
-46781
-10945
-19232
-29213
4696
69081
108532
100045
85333
115465
181347
224549
215715
195551
221152
288390
335633
326311
299806
320067
388695
440549
430685
396848
410749
480934
538358
528059
485497
491755
563905
628377
617914
564885
561743
636482
710260
700259
634265
619114
697499
784218
775759
693044
661836
745500
851183
846234
740561
686289
778173
913925
916546
775866
684211
790280
980778
1001027
796474
629039
763867
1084776
1162940
788977
357117
558373
1614738
2890601
3391702
2702358
1391643
458687
403468
875161
1183027
1035470
719615
640691
838201
1015593
953579
760198
687999
803117
928601
895646
754343
686132
760205
856823
837880
725235
659038
707656
785273
774195
679631
614389
645176
708752
702501
620467
555685
572880
625379
622143
549388
484817
491189
534469
533145
467561
403232
400737
436179
436021
376214
312133
302304
331008
331589
276601
212838
196890
219786
220912
170121
106836
85762
103654
105309
58314
-4266
-29615
-15976
-13696
-57016
-118702
-147635
-137561
-134451
-174132
-234516
-266304
-259226
-255070
-290941
-349652
-383643
-378997
-373551
-405426
-461965
-497471
-494782
-487792
-515391
-569278
-605664
-604390
-595625
-618736
-669462
-706065
-705746
-694948
-713322
-760426
-796647
-796778
-783690
-797134
-840233
-875529
-875672
-860053
-868339
-907047
-940987
-940770
-922364
-925307
-959392
-991604
-990702
-969349
-966804
-995979
-1026175
-1024422
-999997
-991832
-1015933
-1043900
-1041190
-1013679
-999831
-1018704
-1044340
-1040647
-1010182
-990673
-1004222
-1027410
-1022850
-989590
-964525
-972718
-993472
-988175
-952442
-922059
-924928
-943259
-937456
-899587
-864203
-861893
-877895
-871865
-832246
-792185
-784906
-798830
-792899
-751987
-707594
-695611
-707718
-702314
-660564
-612205
-595793
-606452
-602065
-560006
-508063
-487448
-497018
-494220
-452411
-397236
-372654
-381494
-380914
-339992
-281970
-253582
-261998
-264265
-224923
-164389
-132325
-140618
-146397
-109323
-46645
-10948
-19324
-29234
4733
69235
108604
99988
85250
115492
181504
224673
215699
195467
221139
288492
335743
326340
299779
320055
388746
440618
430727
396838
410760
480959
538350
528052
485543
491832
563938
628306
617848
564929
561885
636558
710154
700104
634302
619359
697677
784115
775495
692946
662100
745820
851166
845912
740317
686422
778584
914166
916339
775416
684024
790643
981344
1001126
795943
628400
763917
1085576
1163586
788709
356238
558060
1615818
2892438
3392743
2701655
1389810
457189
403209
875794
1183636
1035549
719364
640494
838191
1015633
953629
760253
688070
803097
928433
895533
754429
686337
760273
856629
837624
725220
659265
707842
785129
773901
679534
614573
645386
708769
702257
620270
555714
573061
625480
622023
549163
484715
491300
534643
533155
467382
403030
400739
436325
436119
376105
311930
302234
331099
331695
276571
212705
196806
219792
220968
170116
106771
85694
103619
105286
58317
-4264
-29647
-16041
-13781
-57074
-118672
-147579
-137578
-134568
-174217
-234497
-266228
-259208
-255197
-291087
-349667
-383534
-378941
-373645
-405569
-462032
-497431
-494680
-487782
-515516
-569392
-605666
-604309
-595583
-618792
-669579
-706155
-705710
-694852
-713330
-760532
-796771
-796800
-783615
-797099
-840271
-875627
-875729
-860005
-868296
-907067
-941040
-940816
-922374
-925315
-959389
-991597
-990735
-969375
-966810
-995983
-1026137
-1024401
-1000037
-991881
-1015950
-1043835
-1041115
-1013707
-999925
-1018770
-1044276
-1040549
-1010153
-990750
-1004301
-1027383
-1022731
-989507
-964574
-972835
-993495
-988112
-952309
-922013
-924988
-943359
-937454
-899457
-864082
-861879
-877993
-871929
-832176
-792040
-784855
-798897
-792986
-751940
-707484
-695515
-707759
-702384
-660573
-612155
-595720
-606408
-602074
-559996
-508049
-487410
-496953
-494169
-452394
-397281
-372704
-381423
-380788
-339935
-282012
-253664
-261969
-264116
-224799
-164420
-132448
-140660
-146265
-109159
-46604
-11041
-19406
-29192
4918
69361
108568
99857
85202
115583
181682
224758
215610
195291
221131
288687
335929
326306
299608
319960
388880
440842
430815
396735
410626
480982
538534
528179
485521
491741
563884
628345
617955
565037
561886
636487
710079
700114
634449
619528
697658
783887
775301
693089
662447
745960
850882
845490
740292
686928
779024
913999
915715
775061
684394
791368
981595
1000592
795115
628170
764642
1086664
1163939
787783
354694
557526
1617295
2895075
3394413
2700850
1387154
454935
403015
877255
1185004
1035552
718374
639742
838348
1016280
953970
760043
687653
802922
928574
895747
754555
686260
760083
856486
837639
725411
659440
707766
784875
773721
679648
614872
645475
708520
701970
620266
555985
573271
625385
621712
549020
484863
491535
534702
532956
467157
403006
400920
436482
436088
375908
311773
302269
331270
331806
276447
212481
196736
219942
221128
170089
106568
85534
103676
105436
58367
-4395
-29777
-16055
-13713
-57020
-118692
-147656
-137658
-134600
-174181
-234439
-266226
-259296
-255299
-291104
-349606
-383484
-378986
-373788
-405661
-461989
-497295
-494649
-487932
-515662
-569396
-605565
-604236
-595627
-618946
-669656
-706084
-705594
-694847
-713408
-760667
-796786
-796732
-783511
-797113
-840396
-875730
-875700
-859882
-868208
-907166
-941202
-940886
-922282
-925177
-959405
-991732
-990819
-969354
-966711
-995937
-1026182
-1024479
-1000052
-991849
-1015899
-1043819
-1041145
-1013768
-999956
-1018717
-1044206
-1040515
-1010198
-990827
-1004280
-1027283
-1022636
-989520
-964699
-972896
-993413
-987954
-952294
-922149
-925103
-943318
-937330
-899374
-864123
-862004
-878067
-871834
-832051
-791985
-784930
-799028
-793006
-751825
-707327
-695506
-707859
-702471
-660525
-611991
-595623
-606474
-602215
-560025
-507905
-487272
-496946
-494271
-452462
-397219
-372559
-381354
-380809
-339987
-282031
-253603
-261877
-264068
-224818
-164483
-132485
-140565
-146116
-109116
-46703
-11180
-19389
-29000
5082
69292
108375
99811
85352
115800
181713
224575
215447
195370
221342
288817
335878
326120
299495
320077
389089
440961
430668
396496
410557
481200
538807
528204
485254
491506
563980
628698
618126
564829
561572
636441
710330
700402
634440
619275
697467
783976
775569
693287
662403
745715
850682
845584
740622
687197
778899
913497
915378
775388
685138
791676
980936
999605
794985
629292
765901
1086474
1162171
786136
355065
559930
1619771
2895606
3392676
2698392
1385845
455422
404524
878469
1184973
1034481
717351
639722
839267
1017130
953845
759174
687055
803251
929354
896060
754089
685656
760022
856954
838060
725341
659030
707512
785001
774023
679792
614711
645235
708419
702082
620464
556071
573149
625126
621619
549164
485100
491564
534453
532709
467217
403286
401061
436342
435798
375828
311950
302513
331273
331564
276271
212544
196914
220037
221061
169900
106475
85624
103850
105522
58228
-4567
-29861
-15909
-13512
-57007
-118896
-147830
-137599
-134421
-174114
-234569
-266414
-259345
-255174
-290987
-349645
-383619
-379080
-373741
-405550
-461924
-497348
-494771
-488014
-515626
-569300
-605515
-604307
-595764
-618999
-669572
-705946
-705609
-694984
-713553
-760612
-796635
-796646
-783629
-797268
-840447
-875606
-875576
-859915
-868354
-907259
-941155
-940742
-922197
-925243
-959515
-991789
-990755
-969216
-966664
-996044
-1026346
-1024524
-999929
-991690
-1015908
-1043974
-1041263
-1013682
-999791
-1018657
-1044297
-1040649
-1010206
-990722
-1004204
-1027312
-1022726
-989605
-964647
-972774
-993364
-987996
-952368
-922195
-925073
-943201
-937256
-899454
-864263
-862037
-877939
-871703
-832044
-792150
-785038
-798928
-792815
-751785
-707453
-695651
-707870
-702345
-660372
-612008
-595765
-606579
-602141
-559878
-507835
-487323
-497073
-494338
-452367
-397050
-372492
-381499
-380990
-339995
-281849
-253429
-261927
-264273
-224934
-164383
-132285
-140515
-146272
-109261
-46696
-11024
-19270
-29049
4946
69213
108433
99944
85470
115761
181543
224491
215542
195572
221434
288658
335630
326113
299744
320287
389006
440641
430512
396683
410888
481270
538531
527907
485267
491797
564227
628612
617841
564635
561683
636756
710541
700252
634048
619043
697717
784440
775710
692855
661850
745714
851284
846078
740392
686452
778527
913958
916155
775563
684518
790945
980912
1000322
795754
629321
765105
1085495
1161909
787011
356624
560981
1619253
2893691
3390893
2698355
1387676
457437
404814
876827
1183156
1034297
718729
641003
839117
1015928
953032
759528
688010
803685
928946
895369
753875
686020
760538
857090
837709
724886
658900
707875
785444
774067
679389
614313
645316
708865
702370
620269
555613
573002
625433
621986
549157
484787
491289
534541
533012
467365
403139
400852
436253
435919
376026
312022
302371
331071
331500
276401
212716
196947
219845
220838
169933
106714
85778
103727
105246
58138
-4397
-29634
-15937
-13754
-57201
-118820
-147621
-137509
-134527
-174296
-234638
-266310
-259178
-255132
-291103
-349794
-383654
-378940
-373580
-405578
-462123
-497517
-494727
-487794
-515531
-569443
-605700
-604348
-595630
-618843
-669614
-706114
-705714
-694927
-713390
-760542
-796718
-796778
-783685
-797197
-840337
-875573
-875657
-860027
-868381
-907157
-941053
-940770
-922361
-925363
-959465
-991621
-990684
-969341
-966849
-996048
-1026166
-1024366
-999979
-991888
-1016013
-1043900
-1041093
-1013648
-999892
-1018789
-1044338
-1040563
-1010081
-990686
-1004309
-1027432
-1022744
-989481
-964540
-972805
-993507
-988107
-952304
-922003
-925006
-943322
-937428
-899461
-864099
-861889
-877974
-871880
-832132
-792047
-784876
-798899
-792914
-751878
-707459
-695558
-707756
-702330
-660497
-612117
-595731
-606433
-602030
-559917
-507997
-487418
-496958
-494121
-452319
-397213
-372672
-381463
-380778
-339840
-281937
-253663
-262001
-264113
-224724
-164321
-132415
-140662
-146261
-109110
-46531
-11024
-19417
-29213
4962
69421
108598
99855
85186
115647
181752
224794
215592
195322
221191
288741
335957
326306
299605
320013
388924
440836
430770
396697
410669
481062
538536
528135
485496
491783
563973
628382
617908
564998
561943
636580
710105
700052
634390
619570
697753
783927
775240
693042
662498
746066
850925
845416
740206
686962
779169
914024
915571
774939
684487
791611
981679
1000371
794819
628221
765049
1086950
1163691
787147
354392
558183
1618659
2896215
3394418
2699712
1385760
454296
403341
877967
1185263
1035259
717950
639683
838624
1016518
953914
759792
687539
803041
928726
895748
754417
686181
760128
856547
837652
725385
659405
707769
784864
773688
679628
614870
645486
708486
701917
620251
556033
573313
625324
621628
548976
484919
491606
534647
532850
467084
403052
400998
436501
435976
375804
311754
302342
331319
331753
276333
212406
196765
220010
221163
170017
106476
85523
103721
105489
58319
-4505
-29848
-16030
-13645
-57023
-118778
-147737
-137685
-134559
-174156
-234490
-266288
-259321
-255292
-291106
-349608
-383506
-379026
-373815
-405688
-461970
-497282
-494698
-487998
-515719
-569396
-605519
-604248
-595726
-619020
-669654
-706005
-705563
-694905
-713507
-760689
-796733
-796651
-783535
-797179
-840467
-875722
-875628
-859864
-868251
-907248
-941241
-940836
-922219
-925177
-959477
-991805
-990818
-969265
-966656
-995974
-1026301
-1024535
-1000014
-991766
-1015874
-1043881
-1041224
-1013760
-999894
-1018688
-1044219
-1040559
-1010228
-990794
-1004246
-1027259
-1022644
-989584
-964728
-972849
-993346
-987937
-952323
-922197
-925127
-943234
-937231
-899395
-864217
-862071
-877997
-871717
-832003
-792073
-785015
-798996
-792901
-751749
-707357
-695585
-707911
-702435
-660400
-611935
-595670
-606559
-602222
-559950
-507797
-487255
-497027
-494370
-452422
-397062
-372470
-381433
-380951
-340006
-281903
-253469
-261876
-264169
-224889
-164435
-132364
-140513
-146154
-109188
-46731
-11128
-19310
-28983
5045
69226
108383
99879
85466
115852
181627
224479
215472
195533
221478
288743
335665
326071
299659
320263
389109
440740
430517
396585
410815
481337
538665
527982
485191
491677
564218
628735
617971
564604
561559
636671
710617
700381
634119
618996
697589
784377
775784
693009
661929
745625
851119
846014
740549
686692
778555
913718
915899
775629
684835
791175
980747
999920
795582
629619
765585
1085632
1161489
786414
356426
561453
1620053
2894178
3390702
2697686
1387039
457313
405198
877323
1183299
1034016
718356
640922
839368
1016213
953043
759261
687777
803723
929173
895493
753754
685823
760492
857210
837841
724870
658810
707775
785468
774158
679438
614301
645240
708794
702365
620331
555674
572986
625357
621946
549199
484848
491331
534486
532931
467339
403208
400892
436236
435842
375986
312051
302434
331077
331446
276351
212716
196971
219890
220833
169888
106677
85765
103749
105276
58114
-4428
-29640
-15897
-13723
-57207
-118867
-147656
-137503
-134487
-174275
-234689
-266347
-259170
-255102
-291100
-349811
-383683
-378967
-373572
-405552
-462108
-497512
-494748
-487800
-515519
-569429
-605698
-604370
-595637
-618854
-669588
-706101
-705717
-694946
-713415
-760562
-796706
-796756
-783678
-797231
-840345
-875567
-875653
-860025
-868389
-907149
-941036
-940752
-922361
-925369
-959491
-991631
-990671
-969323
-966832
-996071
-1026183
-1024346
-999963
-991883
-1016016
-1043899
-1041100
-1013633
-999884
-1018797
-1044348
-1040552
-1010097
-990681
-1004299
-1027428
-1022753
-989464
-964510
-972826
-993514
-988101
-952280
-922010
-924992
-943329
-937429
-899429
-864070
-861904
-878001
-871875
-832116
-792059
-784880
-798887
-792920
-751879
-707455
-695550
-707758
-702310
-660488
-612124
-595741
-606425
-602028
-559926
-507993
-487418
-496975
-494134
-452306
-397201
-372684
-381462
-380774
-339836
-281925
-253652
-261993
-264119
-224708
-164328
-132425
-140674
-146248
-109073
-46539
-11033
-19433
-29193
4994
69446
108605
99844
85190
115669
181766
224789
215558
195295
221212
288783
335961
326274
299556
320011
388980
440896
430770
396677
410653
481090
538591
528162
485460
491724
563966
628419
617947
564986
561887
636558
710138
700103
634431
619577
697736
783894
775253
693096
662556
746066
850847
845365
740271
687085
779207
913934
915421
774941
684686
791791
981584
1000088
794692
628446
765433
1087079
1163339
786600
354265
558691
1619478
2896744
3394237
2698975
1384996
454013
403693
878522
1185513
1034986
717514
639535
838869
1016858
953934
759543
687345
803098
928951
895870
754323
685996
760087
856669
837764
725360
659312
707704
784884
773769
679690
614846
645416
708434
701906
620314
556102
573276
625223
621553
549009
485034
491628
534567
532742
467084
403139
401059
436452
435858
375749
311833
302448
331328
331641
276246
212431
196849
220064
221132
169915
106411
85532
103807
105529
58254
-4578
-29894
-15957
-13577
-57009
-118859
-147804
-137638
-134490
-174128
-234562
-266374
-259339
-255244
-291061
-349628
-383562
-379056
-373782
-405620
-461956
-497325
-494753
-488018
-515703
-569355
-605494
-604286
-595777
-619051
-669623
-705966
-705579
-694956
-713557
-760672
-796670
-796629
-783617
-797267
-840468
-875656
-875575
-859875
-868335
-907288
-941207
-940774
-922190
-925218
-959539
-991814
-990761
-969217
-966652
-996053
-1026348
-1024517
-999946
-991720
-1015911
-1043981
-1041255
-1013704
-999802
-1018685
-1044312
-1040641
-1010216
-990722
-1004203
-1027293
-1022708
-989581
-964663
-972800
-993352
-987987
-952355
-922183
-925067
-943202
-937240
-899422
-864252
-862050
-877943
-871688
-832032
-792144
-785030
-798933
-792806
-751757
-707461
-695675
-707862
-702305
-660364
-612003
-595767
-606565
-602117
-559850
-507818
-487341
-497092
-494320
-452329
-397008
-372508
-381500
-380985
-339942
-281779
-253450
-261951
-264275
-224899
-164308
-132253
-140557
-146310
-109240
-46631
-10982
-19279
-29080
4958
69257
108506
99947
85420
115754
181594
224539
215591
195567
221410
288665
335654
326150
299776
320300
389000
440612
430518
396738
410934
481276
538469
527875
485331
491903
564253
628515
617740
564686
561852
636847
710458
700088
634028
619234
697883
784402
775529
692755
661939
745938
851428
845965
740144
686357
778711
914297
916213
775276
684161
790988
981388
1000702
795544
628735
764778
1085868
1162628
787289
356163
560355
1619273
2894478
3391781
2698570
1387037
456516
404249
876831
1183509
1034661
718858
640878
838840
1015740
953129
759811
688175
803530
928605
895235
754083
686347
760571
856779
837427
724956
659236
708027
785249
773750
679296
614534
645539
708844
702140
620081
555674
573183
625560
621919
548965
484654
491394
534750
533069
467197
402925
400821
436429
436056
375945
311819
302258
331177
331658
276423
212582
196802
219848
220960
170003
106643
85644
103662
105278
58208
-4382
-29691
-16027
-13809
-57175
-118754
-147609
-137608
-134637
-174304
-234563
-266219
-259210
-255282
-291210
-349722
-383517
-378916
-373729
-405724
-462122
-497369
-494622
-487873
-515683
-569512
-605650
-604234
-595582
-618941
-669742
-706153
-705612
-694802
-713410
-760702
-796851
-796747
-783538
-797137
-840435
-875761
-875704
-859911
-868252
-907191
-941171
-940836
-922294
-925253
-959457
-991723
-990787
-969344
-966762
-995995
-1026185
-1024436
-1000036
-991886
-1015948
-1043844
-1041102
-1013728
-999969
-1018753
-1044203
-1040471
-1010161
-990832
-1004326
-1027306
-1022616
-989488
-964695
-972904
-993431
-987931
-952225
-922109
-925132
-943342
-937278
-899316
-864096
-862042
-878062
-871819
-831981
-791962
-784960
-799026
-792956
-751785
-707299
-695525
-707894
-702474
-660450
-611924
-595616
-606525
-602206
-559969
-507853
-487259
-496967
-494259
-452394
-397131
-372535
-381387
-380839
-339957
-281964
-253564
-261878
-264063
-224805
-164446
-132448
-140538
-146091
-109066
-46676
-11156
-19369
-28977
5125
69324
108362
99797
85434
115897
181716
224518
215427
195448
221466
288863
335775
326046
299561
320233
389197
440882
430556
396488
410701
481360
538781
528057
485131
491592
564186
628825
618056
564646
561528
636623
710571
700387
634207
619079
697578
784255
775706
693083
662121
745710
850964
845814
740566
686922
778757
913619
915606
775519
685057
791488
980799
999593
795235
629683
766039
1085994
1161326
785778
356006
561845
1621188
2895221
3390784
2696747
1385828
456728
405519
877985
1183610
1033730
717904
640790
839636
1016504
953042
759018
687634
803821
929343
895563
753645
685709
760482
857285
837882
724845
658739
707771
785447
774128
679414
614314
645245
708761
702331
620301
555712
572997
625331
621864
549169
484868
491366
534468
532873
467305
403220
400928
436248
435794
375919
312033
302448
331101
331430
276310
212692
196978
219907
220811
169835
106639
85776
103773
105265
58082
-4471
-29633
-15881
-13736
-57245
-118901
-147670
-137479
-134504
-174309
-234707
-266350
-259170
-255113
-291121
-349833
-383685
-378962
-373598
-405579
-462146
-497524
-494734
-487805
-515573
-569450
-605709
-604337
-595642
-618881
-669639
-706138
-705708
-694934
-713432
-760605
-796718
-796758
-783658
-797214
-840357
-875604
-875655
-860012
-868407
-907172
-941051
-940747
-922352
-925389
-959509
-991638
-990661
-969327
-966864
-996085
-1026184
-1024349
-999967
-991891
-1016036
-1043902
-1041081
-1013633
-999920
-1018839
-1044316
-1040502
-1010072
-990710
-1004328
-1027410
-1022706
-989422
-964545
-972857
-993523
-988044
-952248
-921992
-925035
-943373
-937413
-899391
-864053
-861910
-878022
-871865
-832066
-791984
-784881
-798921
-792952
-751851
-707399
-695535
-707767
-702360
-660480
-612059
-595683
-606442
-602049
-559920
-507971
-487390
-496951
-494122
-452305
-397199
-372669
-381429
-380735
-339834
-281959
-253664
-261967
-264044
-224688
-164357
-132464
-140669
-146174
-109005
-46543
-11108
-19476
-29109
5110
69440
108519
99775
85247
115807
181842
224730
215466
195281
221298
288876
335990
326185
299483
320051
389105
440986
430734
396518
410597
481207
538769
528182
485325
491616
564026
628605
618048
564878
561751
636538
710263
700224
634397
619429
697639
783956
775380
693170
662515
745938
850764
845388
740430
687257
779162
913672
915234
775105
685095
791963
981237
999515
794618
629151
766215
1086907
1162145
785532
354680
560557
1621331
2896944
3392687
2697057
1384263
454764
404903
879053
1185050
1034082
717049
639849
839561
1017207
953603
758948
687097
803478
929476
895929
753874
685613
760170
857068
837986
725154
658931
707623
785122
774015
679657
614612
645278
708508
702091
620387
555988
573147
625171
621629
549124
485041
491546
534440
532684
467195
403288
401081
436292
435703
375780
311997
302536
331230
331456
276181
212572
196999
220027
220919
169796
106487
85701
103850
105393
58106
-4589
-29762
-15866
-13590
-57174
-118985
-147791
-137528
-134381
-174220
-234720
-266455
-259245
-255102
-291031
-349776
-383715
-379033
-373648
-405549
-462065
-497460
-494775
-487925
-515602
-569388
-605625
-604365
-595737
-618965
-669580
-706021
-705643
-694999
-713537
-760590
-796643
-796699
-783708
-797316
-840415
-875549
-875584
-860007
-868465
-907257
-941066
-940698
-922280
-925373
-959555
-991683
-990652
-969250
-966823
-996128
-1026281
-1024372
-999880
-991817
-1016031
-1043972
-1041150
-1013576
-999819
-1018793
-1044407
-1040597
-1010065
-990640
-1004275
-1027459
-1022766
-989473
-964519
-972783
-993481
-988102
-952307
-922026
-924988
-943290
-937385
-899432
-864115
-861941
-877949
-871784
-832099
-792096
-784940
-798887
-792847
-751824
-707477
-695617
-707761
-702253
-660417
-612109
-595773
-606444
-601991
-559859
-507952
-487451
-497006
-494114
-452246
-397141
-372684
-381487
-380774
-339797
-281865
-253617
-262037
-264136
-224692
-164279
-132393
-140677
-146273
-109074
-46488
-10980
-19435
-29205
4982
69484
108648
99847
85195
115666
181785
224783
215565
195298
221235
288790
335962
326277
299568
320057
388992
440865
430738
396671
410709
481134
538585
528113
485466
491803
564023
628431
617902
564942
561946
636638
710153
700050
634364
619593
697808
783919
775188
693035
662563
746139
850887
845299
740196
687120
779302
913964
915342
774842
684722
791927
981647
999933
794495
628484
765719
1087249
1163098
786135
354150
559334
1620579
2897442
3393995
2697971
1384055
453765
404082
878995
1185564
1034654
717186
639576
839184
1017028
953828
759299
687236
803228
929137
895851
754148
685884
760115
856785
837800
725281
659193
707684
784962
773826
679670
614798
645382
708436
701937
620321
556078
573261
625200
621537
549016
485053
491636
534524
532675
467066
403209
401111
436401
435758
375728
311885
302530
331319
331533
276172
212466
196914
220081
221039
169813
106395
85625
103852
105483
58147
-4624
-29869
-15893
-13549
-57114
-118970
-147850
-137569
-134422
-174190
-234658
-266431
-259289
-255161
-291059
-349731
-383650
-379062
-373733
-405591
-462016
-497402
-494790
-487996
-515655
-569372
-605556
-604312
-595771
-619032
-669619
-705978
-705602
-695007
-713584
-760628
-796624
-796637
-783673
-797339
-840459
-875576
-875551
-859942
-868431
-907293
-941126
-940695
-922227
-925333
-959593
-991769
-990669
-969217
-966773
-996121
-1026336
-1024435
-999865
-991759
-1015999
-1044018
-1041200
-1013589
-999764
-1018760
-1044391
-1040645
-1010107
-990643
-1004246
-1027426
-1022763
-989506
-964547
-972774
-993444
-988075
-952322
-922076
-925018
-943251
-937336
-899449
-864191
-861967
-877917
-871744
-832096
-792135
-784970
-798873
-792802
-751808
-707502
-695658
-707783
-702229
-660382
-612087
-595790
-606483
-601975
-559814
-507910
-487435
-497036
-494136
-452214
-397096
-372669
-381535
-380832
-339781
-281810
-253590
-262048
-264191
-224714
-164225
-132314
-140660
-146335
-109121
-46454
-10945
-19396
-29222
4963
69468
108661
99892
85223
115674
181754
224780
215597
195382
221251
288737
335888
326267
299653
320107
388967
440802
430708
396733
410784
481155
538509
528054
485476
491887
564084
628387
617819
564932
562011
636698
710148
699985
634325
619611
697876
783977
775153
692931
662526
746209
851009
845352
740087
686997
779320
914127
915463
774774
684501
791826
981821
1000199
794551
628236
765458
1087259
1163437
786446
354134
558999
1620281
2897461
3394269
2698249
1384153
453651
403828
878773
1185521
1034815
717432
639654
839013
1016850
953791
759462
687376
803200
928967
895784
754212
686025
760157
856687
837713
725286
659280
707753
784905
773730
679635
614840
645462
708461
701891
620278
556073
573313
625242
621509
548967
485017
491650
534566
532674
467043
403147
401099
436437
435788
375699
311835
302492
331326
331571
276190
212424
196895
220099
221053
169825
106375
85597
103843
105497
58188
-4650
-29886
-15924
-13555
-57097
-118958
-147836
-137612
-134452
-174180
-234647
-266437
-259317
-255187
-291072
-349693
-383637
-379057
-373754
-405619
-461996
-497384
-494762
-488003
-515681
-569375
-605529
-604306
-595786
-619042
-669619
-705967
-705600
-695013
-713602
-760653
-796631
-796633
-783673
-797329
-840478
-875592
-875539
-859928
-868429
-907302
-941137
-940701
-922237
-925325
-959579
-991769
-990685
-969198
-966746
-996120
-1026347
-1024440
-999869
-991746
-1016002
-1044014
-1041205
-1013596
-999752
-1018760
-1044389
-1040627
-1010112
-990626
-1004244
-1027419
-1022759
-989506
-964547
-972770
-993427
-988064
-952317
-922090
-925021
-943247
-937319
-899430
-864180
-861960
-877918
-871730
-832088
-792140
-784985
-798870
-792792
-751791
-707483
-695661
-707771
-702224
-660378
-612071
-595802
-606511
-601988
-559800
-507918
-487451
-497060
-494144
-452199
-397073
-372645
-381514
-380841
-339783
-281798
-253571
-262032
-264211
-224710
-164212
-132333
-140677
-146321
-109107
-46438
-10931
-19391
-29241
4950
69471
108664
99892
85222
115674
181760
224788
215599
195364
221251
288762
335908
326276
299652
320127
388993
440802
430695
396727
410786
481154
538531
528063
485459
491868
564084
628393
617814
564926
562013
636719
710149
699979
634317
619612
697877
783987
775167
692949
662534
746209
850991
845312
740091
687022
779333
914107
915425
774749
684558
791892
981810
1000121
794473
628287
765570
1087327
1163330
786279
354081
559210
1620599
2897669
3394195
2697980
1383867
453562
403957
878956
1185575
1034684
717280
639628
839107
1016928
953778
759350
687328
803232
929049
895798
754175
685951
760180
856743
837742
725264
659247
707744
784944
773767
679610
614804
645439
708459
701889
620276
556092
573304
625227
621519
548977
485034
491659
534553
532664
467051
403182
401112
436435
435753
375700
311880
302527
331338
331540
276154
212457
196916
220100
221031
169797
106390
85599
103880
105471
58153
-4643
-29869
-15883
-13548
-57109
-118971
-147840
-137575
-134412
-174185
-234682
-266431
-259301
-255145
-291054
-349739
-383658
-379063
-373725
-405618
-462011
-497413
-494770
-487979
-515653
-569369
-605555
-604328
-595794
-619037
-669619
-705978
-705625
-695016
-713582
-760635
-796629
-796649
-783687
-797337
-840457
-875583
-875565
-859968
-868456
-907285
-941101
-940688
-922237
-925357
-959590
-991744
-990661
-969218
-966794
-996132
-1026313
-1024413
-999877
-991777
-1016037
-1044026
-1041185
-1013571
-999769
-1018786
-1044407
-1040617
-1010093
-990622
-1004246
-1027428
-1022767
-989501
-964519
-972772
-993463
-988076
-952324
-922057
-925007
-943267
-937347
-899428
-864161
-861955
-877936
-871758
-832094
-792093
-784954
-798870
-792824
-751809
-707470
-695611
-707763
-702250
-660389
-612076
-595782
-606464
-601972
-559810
-507921
-487451
-497033
-494114
-452224
-397131
-372679
-381498
-380773
-339757
-281829
-253615
-262051
-264138
-224657
-164242
-132389
-140707
-146298
-109062
-46455
-10983
-19452
-29223
5005
69491
108625
99847
85191
115689
181832
224819
215551
195292
221233
288834
335960
326240
299566
320055
389024
440906
430738
396656
410713
481173
538621
528111
485442
491788
564046
628453
617916
564931
561930
636639
710167
700076
634376
619574
697787
783920
775200
693042
662579
746126
850844
845281
740235
687198
779335
913906
915256
774872
684855
792026
981585
999742
794415
628692
766035
1087263
1162693
785693
354207
560006
1621357
2897694
3393504
2697180
1383594
453929
404558
879286
1185457
1034290
716970
639656
839454
1017203
953684
759040
687140
803389
929358
895879
753956
685713
760162
856963
837884
725189
659051
707661
785065
773918
679639
614691
645334
708485
702016
620349
556013
573185
625183
621583
549074
485060
491574
534457
532648
467128
403258
401098
436339
435702
375738
311959
302565
331256
331442
276168
212544
196985
220040
220927
169775
106463
85711
103861
105402
58063
-4612
-29783
-15853
-13584
-57183
-119019
-147816
-137507
-134394
-174242
-234756
-266463
-259239
-255084
-291066
-349820
-383732
-379026
-373635
-405575
-462087
-497491
-494778
-487911
-515586
-569413
-605645
-604355
-595722
-618951
-669611
-706043
-705672
-694994
-713530
-760617
-796662
-796693
-783717
-797314
-840404
-875569
-875597
-860002
-868460
-907252
-941067
-940701
-922304
-925400
-959560
-991678
-990637
-969270
-966844
-996126
-1026251
-1024340
-999917
-991863
-1016049
-1043968
-1041114
-1013587
-999844
-1018836
-1044385
-1040541
-1010061
-990664
-1004319
-1027451
-1022746
-989435
-964505
-972831
-993539
-988098
-952252
-922000
-925018
-943357
-937412
-899396
-864066
-861910
-878009
-871836
-832067
-792004
-784886
-798916
-792884
-751833
-707412
-695560
-707754
-702307
-660444
-612084
-595726
-606427
-602029
-559894
-507961
-487413
-496967
-494107
-452272
-397175
-372682
-381438
-380728
-339806
-281917
-253672
-261999
-264052
-224650
-164333
-132475
-140661
-146172
-109003
-46528
-11094
-19471
-29115
5108
69480
108530
99779
85256
115828
181848
224712
215445
195292
221319
288929
335980
326162
299471
320064
389156
441018
430688
396514
410594
481262
538783
528162
485275
491593
564064
628657
618061
564839
561723
636571
710328
700271
634359
619378
697643
784012
775426
693162
662466
745893
850772
845457
740473
687220
779090
913616
915242
775200
685178
791938
981069
999376
794703
629436
766416
1086670
1161580
785243
355127
561574
1622039
2896657
3391633
2696218
1384378
455556
405500
878866
1184333
1033664
717275
640392
839800
1016938
953204
758805
687341
803765
929534
895720
753618
685589
760391
857293
837959
724902
658757
707716
785388
774115
679478
614394
645246
708689
702262
620329
555806
573027
625277
621803
549145
484933
491425
534459
532804
467255
403222
400972
436261
435757
375863
312026
302486
331119
331420
276253
212662
196997
219929
220810
169796
106623
85790
103774
105257
58051
-4490
-29630
-15864
-13746
-57263
-118927
-147671
-137478
-134505
-174355
-234725
-266352
-259165
-255133
-291161
-349870
-383657
-378944
-373595
-405616
-462185
-497532
-494692
-487813
-515601
-569513
-605720
-604342
-595604
-618880
-669674
-706162
-705702
-694888
-713428
-760633
-796775
-796771
-783646
-797193
-840387
-875641
-875676
-859997
-868365
-907195
-941098
-940786
-922333
-925349
-959486
-991656
-990709
-969352
-966851
-996050
-1026166
-1024366
-1000008
-991920
-1016002
-1043845
-1041054
-1013668
-999966
-1018821
-1044264
-1040453
-1010088
-990777
-1004369
-1027369
-1022631
-989419
-964614
-972903
-993505
-987984
-952209
-922050
-925109
-943372
-937319
-899307
-864052
-862001
-878074
-871842
-831996
-791921
-784917
-799028
-792973
-751782
-707302
-695493
-707843
-702423
-660440
-611942
-595612
-606481
-602167
-559938
-507869
-487276
-496954
-494227
-452368
-397150
-372550
-381398
-380808
-339905
-281943
-253588
-261889
-264054
-224745
-164405
-132454
-140573
-146091
-109040
-46647
-11157
-19378
-28953
5172
69335
108371
99791
85420
115927
181759
224534
215400
195438
221499
288878
335776
326032
299577
320278
389212
440859
430508
396487
410782
481403
538782
527996
485133
491654
564272
628809
617952
564576
561579
636739
710659
700338
634085
619048
697684
784416
775725
692953
661980
745772
851140
845910
740451
686703
778696
913842
915834
775476
684803
791299
980910
999899
795385
629534
765717
1085826
1161445
786107
356360
562036
1621110
2894974
3390584
2696775
1386104
456923
405291
877416
1183190
1033909
718453
641140
839383
1015949
952832
759388
688100
803847
928907
895179
753762
686140
760675
857039
837529
724785
659033
708045
785413
773874
679234
614376
645493
708933
702222
620066
555582
573127
625571
621938
548958
484649
491373
534692
533040
467189
402959
400831
436394
436000
375926
311834
302306
331161
331614
276386
212593
196829
219878
220924
169947
106623
85663
103673
105273
58188
-4393
-29681
-16018
-13814
-57179
-118763
-147601
-137582
-134664
-174343
-234572
-266214
-259205
-255298
-291242
-349741
-383486
-378924
-373756
-405756
-462128
-497347
-494619
-487901
-515741
-569528
-605605
-604203
-595622
-619011
-669765
-706128
-705577
-694840
-713491
-760751
-796836
-796691
-783517
-797150
-840497
-875764
-875665
-859853
-868255
-907252
-941239
-940840
-922242
-925204
-959499
-991791
-990811
-969300
-966712
-996015
-1026279
-1024493
-1000001
-991824
-1015926
-1043899
-1041178
-1013731
-999913
-1018721
-1044227
-1040520
-1010203
-990826
-1004288
-1027276
-1022629
-989519
-964707
-972887
-993364
-987901
-952294
-922191
-925145
-943258
-937195
-899337
-864199
-862069
-877978
-871683
-831979
-792068
-785043
-798990
-792836
-751705
-707368
-695650
-707898
-702328
-660327
-611926
-595716
-606582
-602159
-559819
-507744
-487306
-497077
-494333
-452318
-396986
-372467
-381489
-380983
-339924
-281772
-253426
-261939
-264245
-224857
-164281
-132270
-140539
-146276
-109210
-46619
-10993
-19289
-29057
4976
69290
108496
99944
85432
115782
181627
224544
215566
195560
221439
288706
335672
326147
299787
320341
389026
440626
430526
396750
410957
481278
538465
527870
485390
491972
564261
628455
617682
564741
561979
636894
710354
699969
634082
619412
697987
784312
775318
692710
662168
746162
851382
845694
739982
686486
779052
914442
916004
774890
684048
791280
981847
1000803
795049
628094
764766
1086654
1163503
787230
355053
559295
1619571
2896154
3393437
2698651
1385470
454708
403687
877674
1184653
1034959
718273
640186
838742
1016175
953537
759807
687866
803257
928627
895483
754306
686324
760335
856570
837474
725212
659428
707933
784938
773596
679490
614849
645580
708541
701843
620136
556004
573370
625355
621568
548884
484909
491659
534672
532789
467016
403051
401052
436529
435913
375715
311741
302403
331371
331671
276213
212369
196827
220075
221105
169892
106379
85530
103817
105505
58213
-4583
-29887
-15956
-13586
-57071
-118910
-147824
-137630
-134481
-174175
-234607
-266395
-259322
-255227
-291095
-349672
-383592
-379068
-373772
-405633
-461988
-497356
-494758
-488012
-515683
-569369
-605523
-604285
-595781
-619053
-669626
-705961
-705592
-694994
-713604
-760668
-796646
-796642
-783655
-797329
-840472
-875610
-875541
-859933
-868436
-907313
-941129
-940691
-922216
-925322
-959581
-991761
-990692
-969218
-966738
-996131
-1026350
-1024420
-999868
-991749
-1016015
-1044029
-1041184
-1013601
-999766
-1018746
-1044405
-1040627
-1010102
-990645
-1004245
-1027432
-1022762
-989507
-964540
-972758
-993459
-988066
-952330
-922053
-924998
-943243
-937331
-899439
-864167
-861945
-877926
-871767
-832094
-792112
-784960
-798876
-792815
-751814
-707485
-695628
-707743
-702235
-660399
-612107
-595788
-606476
-601992
-559833
-507939
-487442
-497011
-494104
-452223
-397143
-372685
-381501
-380777
-339771
-281851
-253625
-262040
-264122
-224673
-164281
-132403
-140694
-146263
-109052
-46479
-10998
-19460
-29182
5036
69486
108593
99817
85212
115724
181822
224803
215527
195280
221250
288832
336006
326231
299507
320049
389065
440940
430736
396596
410629
481163
538697
528173
485393
491682
564018
628528
617993
564920
561810
636558
710226
700175
634410
619498
697687
783917
775324
693147
662542
745987
850764
845362
740402
687242
779181
913682
915202
775078
685115
791986
981232
999462
794602
629208
766297
1086859
1161946
785410
354819
560930
1621608
2896840
3392248
2696691
1384318
455141
405219
878983
1184693
1033874
717166
640137
839713
1017087
953402
758857
687226
803633
929549
895828
753704
685574
760295
857264
838004
724998
658783
707654
785326
774115
679532
614444
645223
708644
702244
620362
555848
573034
625236
621783
549169
484947
491439
534442
532789
467268
403255
400963
436230
435737
375869
312046
302504
331132
331419
276277
212672
196986
219924
220816
169808
106628
85788
103778
105244
58056
-4474
-29630
-15876
-13747
-57246
-118915
-147646
-137480
-134514
-174342
-234700
-266332
-259171
-255143
-291160
-349842
-383662
-378918
-373597
-405617
-462157
-497524
-494683
-487796
-515598
-569496
-605736
-604311
-595586
-618879
-669694
-706177
-705674
-694882
-713411
-760635
-796779
-796761
-783632
-797183
-840394
-875661
-875691
-859983
-868344
-907156
-941101
-940789
-922336
-925331
-959476
-991660
-990720
-969364
-966830
-996026
-1026162
-1024380
-1000031
-991900
-1015980
-1043840
-1041087
-1013697
-999970
-1018804
-1044230
-1040455
-1010116
-990818
-1004352
-1027325
-1022596
-989445
-964651
-972912
-993453
-987942
-952215
-922085
-925131
-943355
-937293
-899299
-864089
-862023
-878066
-871820
-831973
-791944
-784940
-799032
-792954
-751755
-707282
-695519
-707886
-702449
-660410
-611907
-595617
-606522
-602201
-559945
-507813
-487249
-496998
-494305
-452384
-397091
-372513
-381392
-380872
-339957
-281914
-253526
-261872
-264097
-224809
-164412
-132390
-140521
-146130
-109122
-46677
-11131
-19336
-28961
5095
69265
108364
99871
85478
115883
181671
224484
215458
195546
221535
288782
335666
326034
299686
320350
389133
440700
430457
396612
410910
481366
538616
527883
485201
491819
564327
628684
617812
564607
561726
636835
710580
700165
633990
619107
697833
784496
775618
692738
661885
745895
851406
845993
740199
686398
778721
914224
916156
775289
684231
791042
981343
1000571
795483
628819
764932
1085924
1162504
787106
356125
560633
1619752
2894857
3391823
2698225
1386552
456194
404246
877019
1183662
1034664
718767
640786
838817
1015781
953191
759863
688181
803457
928542
895244
754162
686401
760514
856656
837376
725039
659370
708057
785094
773613
679352
614704
645606
708722
701960
620061
555848
573328
625509
621724
548856
484759
491559
534759
532946
467052
402918
400938
436538
436045
375811
311682
302308
331332
331733
276337
212407
196740
219994
221100
169960
106465
85510
103728
105462
58254
-4533
-29830
-16011
-13666
-57068
-118806
-147736
-137652
-134582
-174207
-234536
-266311
-259327
-255290
-291111
-349651
-383538
-379029
-373814
-405689
-461985
-497306
-494700
-488021
-515726
-569378
-605501
-604250
-595773
-619078
-669669
-705974
-705555
-694963
-713607
-760687
-796662
-796610
-783601
-797289
-840505
-875646
-875553
-859879
-868377
-907306
-941173
-940718
-922203
-925277
-959564
-991808
-990741
-969182
-966701
-996078
-1026342
-1024485
-999887
-991724
-1015960
-1044020
-1041239
-1013623
-999759
-1018724
-1044355
-1040636
-1010142
-990665
-1004211
-1027384
-1022758
-989542
-964573
-972761
-993424
-988049
-952353
-922116
-925004
-943233
-937306
-899455
-864212
-861985
-877914
-871736
-832097
-792140
-784979
-798858
-792783
-751806
-707498
-695647
-707770
-702221
-660388
-612096
-595795
-606485
-602007
-559822
-507927
-487454
-497041
-494136
-452229
-397113
-372676
-381512
-380805
-339806
-281844
-253609
-262025
-264148
-224694
-164252
-132364
-140681
-146295
-109102
-46488
-10980
-19425
-29211
4998
69479
108619
99846
85201
115669
181802
224796
215577
195308
221217
288789
335987
326271
299534
320022
389027
440905
430739
396624
410649
481122
538648
528176
485421
491715
564008
628509
618005
564954
561822
636543
710195
700165
634423
619499
697672
783913
775321
693168
662561
745979
850753
845372
740427
687253
779148
913663
915241
775118
685097
791931
981191
999514
794669
629197
766213
1086792
1162022
785570
354854
560746
1621228
2896532
3392247
2697029
1384731
455348
405138
878805
1184644
1033944
717259
640132
839648
1017027
953420
758897
687226
803632
929511
895840
753717
685548
760288
857240
838018
724980
658783
707660
785315
774143
679555
614408
645224
708649
702276
620380
555809
573012
625265
621809
549189
484939
491418
534445
532822
467297
403246
400958
436219
435770
375918
312040
302460
331104
331416
276316
212706
196988
219899
220811
169867
106660
85778
103752
105231
58092
-4434
-29630
-15905
-13754
-57221
-118852
-147636
-137509
-134543
-174329
-234672
-266284
-259166
-255160
-291157
-349830
-383610
-378930
-373625
-405633
-462147
-497472
-494668
-487790
-515601
-569513
-605727
-604286
-595566
-618871
-669707
-706195
-705686
-694843
-713402
-760643
-796802
-796770
-783599
-797122
-840386
-875706
-875714
-859968
-868286
-907169
-941132
-940831
-922320
-925272
-959452
-991680
-990762
-969370
-966780
-995998
-1026180
-1024415
-1000050
-991878
-1015935
-1043816
-1041099
-1013732
-999969
-1018773
-1044220
-1040492
-1010178
-990841
-1004342
-1027290
-1022596
-989504
-964695
-972894
-993398
-987917
-952252
-922157
-925149
-943289
-937250
-899341
-864155
-862060
-878045
-871766
-831988
-792025
-784982
-799019
-792926
-751749
-707325
-695579
-707922
-702433
-660390
-611914
-595655
-606571
-602232
-559919
-507780
-487252
-497052
-494346
-452401
-397041
-372483
-381424
-380957
-339980
-281867
-253445
-261894
-264203
-224895
-164368
-132310
-140506
-146217
-109203
-46682
-11045
-19283
-29018
5010
69233
108434
99938
85468
115783
181580
224509
215561
195572
221440
288676
335640
326122
299771
320332
389029
440625
430511
396737
410941
481260
538467
527893
485371
491930
564253
628484
617726
564712
561912
636856
710383
700012
634059
619332
697933
784331
775415
692746
662078
746051
851368
845792
740053
686456
778902
914386
916100
775025
684020
791129
981733
1000878
795247
628129
764561
1086469
1163591
787574
355208
558882
1618730
2895552
3393548
2699393
1386215
454958
403459
877426
1184686
1035160
718364
640073
838587
1016193
953704
759879
687775
803139
928614
895585
754381
686273
760212
856520
837564
725323
659427
707830
784884
773673
679604
614871
645513
708481
701877
620245
556074
573339
625290
621576
548974
484997
491643
534599
532757
467075
403141
401078
436459
435865
375736
311828
302462
331335
331640
276238
212446
196862
220076
221077
169871
106402
85561
103826
105517
58218
-4600
-29885
-15921
-13530
-57064
-118922
-147848
-137585
-134423
-174151
-234619
-266447
-259317
-255166
-291023
-349688
-383652
-379082
-373720
-405552
-461987
-497412
-494795
-487961
-515608
-569327
-605557
-604362
-595767
-618968
-669561
-705982
-705645
-695015
-713541
-760583
-796611
-796686
-783699
-797301
-840394
-875531
-875579
-860009
-868442
-907238
-941059
-940709
-922302
-925380
-959551
-991661
-990655
-969270
-966825
-996111
-1026232
-1024368
-999909
-991827
-1016022
-1043964
-1041127
-1013621
-999836
-1018783
-1044376
-1040561
-1010078
-990672
-1004302
-1027447
-1022741
-989461
-964520
-972809
-993512
-988090
-952268
-921999
-924994
-943356
-937434
-899410
-864056
-861903
-878020
-871872
-832099
-792014
-784886
-798907
-792950
-751864
-707418
-695536
-707777
-702370
-660505
-612083
-595698
-606430
-602062
-559958
-507984
-487362
-496937
-494149
-452358
-397220
-372648
-381388
-380752
-339886
-282001
-253667
-261924
-264037
-224740
-164422
-132487
-140618
-146121
-109044
-46646
-11163
-19431
-29017
5118
69337
108404
99783
85353
115852
181774
224579
215411
195381
221413
288861
335841
326083
299508
320146
389154
440921
430589
396463
410646
481315
538800
528105
485168
491547
564145
628788
618079
564669
561503
636605
710575
700430
634205
619041
697551
784281
775749
693087
662019
745641
851017
845946
740575
686772
778601
913684
915852
775600
684882
791194
980744
999927
795565
629603
765533
1085576
1161531
786568
356570
561458
1619904
2893987
3390672
2697883
1387338
457392
404940
876896
1183121
1034253
718753
641069
839083
1015808
953010
759642
688116
803653
928763
895256
753958
686219
760564
856901
837531
724913
659138
707984
785308
773854
679312
614485
645489
708859
702193
620104
555673
573145
625550
621924
549001
484653
491400
534736
533095
467222
402931
400818
436442
436093
375951
311774
302242
331207
331711
276449
212536
196749
219906
221052
170043
106603
85587
103663
105379
58291
-4414
-29772
-16070
-13743
-57062
-118718
-147662
-137658
-134607
-174205
-234485
-266244
-259287
-255311
-291148
-349619
-383476
-379010
-373817
-405690
-461978
-497280
-494682
-487980
-515704
-569397
-605516
-604231
-595716
-619044
-669657
-706000
-705576
-694908
-713538
-760692
-796712
-796644
-783582
-797239
-840485
-875692
-875602
-859859
-868311
-907266
-941195
-940779
-922202
-925219
-959541
-991819
-990780
-969219
-966672
-996034
-1026347
-1024527
-999923
-991713
-1015912
-1043983
-1041269
-1013673
-999793
-1018674
-1044345
-1040644
-1010186
-990689
-1004193
-1027351
-1022769
-989583
-964596
-972762
-993386
-988045
-952379
-922153
-925020
-943203
-937305
-899499
-864233
-861968
-877890
-871729
-832123
-792168
-784995
-798854
-792793
-751820
-707515
-695648
-707778
-702251
-660418
-612125
-595800
-606496
-602010
-559855
-507956
-487455
-497027
-494166
-452287
-397140
-372659
-381498
-380819
-339838
-281868
-253617
-262019
-264182
-224768
-164290
-132367
-140673
-146322
-109132
-46521
-10983
-19414
-29226
4959
69422
108608
99859
85202
115640
181766
224794
215591
195282
221174
288760
335968
326280
299545
319985
388963
440922
430786
396625
410587
481072
538652
528204
485431
491648
563928
628500
618041
564952
561771
636459
710200
700248
634467
619444
697550
783880
775434
693256
662498
745839
850689
845475
740564
687227
778969
913523
915303
775318
685162
791756
980961
999512
794959
629425
766057
1086365
1161805
785883
355372
560757
1620377
2895336
3391709
2697630
1386034
456339
405159
878159
1184105
1034021
717681
640403
839514
1016729
953321
759054
687420
803623
929399
895742
753746
685620
760334
857268
837996
724936
658752
707667
785409
774198
679512
614314
645199
708751
702371
620374
555710
572955
625328
621939
549221
484855
491304
534481
532974
467375
403172
400835
436223
435889
376013
312024
302371
331072
331501
276428
212724
196904
219848
220863
169961
106718
85749
103667
105238
58198
-4365
-29629
-15981
-13816
-57164
-118739
-147577
-137567
-134617
-174307
-234554
-266201
-259208
-255245
-291177
-349733
-383522
-378925
-373691
-405663
-462092
-497368
-494646
-487866
-515638
-569468
-605642
-604256
-595608
-618919
-669710
-706134
-705622
-694810
-713405
-760668
-796829
-796713
-783514
-797124
-840427
-875757
-875703
-859890
-868233
-907176
-941204
-940868
-922255
-925174
-959434
-991776
-990827
-969311
-966679
-995967
-1026250
-1024495
-1000026
-991794
-1015870
-1043880
-1041200
-1013758
-999885
-1018683
-1044217
-1040558
-1010241
-990795
-1004234
-1027251
-1022652
-989590
-964714
-972818
-993340
-987950
-952345
-922214
-925096
-943201
-937226
-899425
-864264
-862066
-877949
-871710
-832049
-792153
-785040
-798923
-792813
-751780
-707457
-695654
-707865
-702311
-660380
-612034
-595767
-606571
-602123
-559869
-507866
-487362
-497069
-494305
-452329
-397050
-372569
-381511
-380980
-339933
-281822
-253481
-262008
-264286
-224877
-164285
-132260
-140592
-146368
-109260
-46571
-10913
-19321
-29205
4843
69297
108618
99971
85273
115604
181618
224694
215660
195457
221236
288618
335793
326285
299742
320104
388867
440722
430707
396782
410760
481055
538451
528099
485529
491832
563983
628348
617882
565002
561966
636585
710097
700061
634420
619577
697733
783896
775237
693086
662530
746030
850837
845387
740308
687078
779130
913848
915437
775018
684752
791746
981444
999993
794776
628655
765536
1086888
1163006
786520
354533
558961
1619354
2896129
3393617
2698873
1385555
454798
404182
878543
1185241
1034654
717318
639614
839198
1017128
953878
759183
687062
803248
929386
896049
754038
685614
760048
857050
838090
725237
658902
707525
785141
774144
679735
614556
645155
708509
702241
620483
555954
573026
625171
621777
549254
485059
491420
534381
532809
467346
403312
400965
436196
435769
375958
312086
302489
331105
331432
276338
212729
196992
219900
220852
169903
106672
85784
103749
105273
58145
-4428
-29629
-15906
-13720
-57174
-118816
-147636
-137508
-134491
-174266
-234644
-266306
-259183
-255144
-291107
-349767
-383629
-378953
-373606
-405584
-462115
-497487
-494700
-487782
-515548
-569451
-605705
-604330
-595576
-618841
-669631
-706151
-705681
-694846
-713342
-760597
-796790
-796771
-783601
-797115
-840357
-875698
-875714
-859968
-868260
-907117
-941145
-940853
-922337
-925234
-959393
-991677
-990785
-969362
-966759
-995964
-1026164
-1024456
-1000053
-991848
-1015892
-1043820
-1041141
-1013776
-999966
-1018721
-1044184
-1040503
-1010210
-990831
-1004286
-1027256
-1022619
-989567
-964718
-972870
-993374
-987934
-952324
-922198
-925125
-943268
-937262
-899391
-864204
-862047
-877987
-871752
-832028
-792073
-785001
-798996
-792897
-751783
-707388
-695616
-707884
-702391
-660421
-611981
-595713
-606585
-602220
-559931
-507804
-487300
-497073
-494353
-452410
-397052
-372500
-381489
-381017
-340018
-281867
-253449
-261927
-264292
-224937
-164379
-132251
-140532
-146304
-109299
-46683
-10977
-19260
-29125
4870
69202
108527
99984
85376
115646
181539
224588
215653
195544
221312
288572
335688
326260
299793
320178
388869
440617
430655
396830
410857
481089
538396
527999
485516
491916
564048
628320
617791
564930
561972
636648
710133
700007
634314
619523
697801
784023
775285
692970
662391
746056
851029
845521
740203
686850
779064
914073
915716
775004
684402
791455
981631
1000476
794958
628243
764922
1086814
1163691
787269
354492
557950
1618162
2895786
3394382
2700029
1386135
454490
403454
878169
1185454
1035157
717601
639444
838786
1016956
954082
759511
687144
803015
929120
896100
754277
685759
759931
856808
838041
725410
659098
707501
784959
774047
679821
614723
645199
708393
702117
620514
556053
573065
625099
621690
549259
485116
491495
534394
532751
467321
403356
401030
436241
435761
375934
312098
302517
331130
331458
276342
212709
197012
219957
220895
169883
106651
85766
103775
105347
58170
-4442
-29675
-15895
-13663
-57125
-118858
-147699
-137508
-134430
-174226
-234642
-266336
-259207
-255094
-291057
-349754
-383674
-378969
-373569
-405524
-462060
-497509
-494720
-487798
-515508
-569391
-605705
-604362
-595580
-618803
-669590
-706132
-705701
-694893
-713344
-760542
-796742
-796778
-783618
-797113
-840293
-875642
-875715
-859982
-868278
-907087
-941091
-940829
-922353
-925268
-959375
-991628
-990777
-969375
-966789
-995958
-1026133
-1024435
-1000065
-991885
-1015899
-1043798
-1041130
-1013769
-999956
-1018741
-1044193
-1040490
-1010207
-990839
-1004287
-1027272
-1022645
-989549
-964715
-972882
-993381
-987953
-952312
-922160
-925126
-943291
-937292
-899405
-864178
-862044
-878009
-871787
-832035
-792051
-784985
-799010
-792932
-751815
-707379
-695581
-707882
-702431
-660447
-611957
-595684
-606570
-602228
-559965
-507837
-487259
-497033
-494381
-452450
-397089
-372478
-381454
-380994
-340075
-281913
-253451
-261891
-264271
-224962
-164405
-132279
-140515
-146274
-109311
-46717
-10995
-19246
-29075
4861
69176
108465
99985
85416
115650
181505
224546
215630
195562
221300
288548
335655
326240
299806
320190
388847
440603
430647
396817
410838
481067
538378
527997
485496
491877
564023
628321
617809
564937
561952
636623
710148
700036
634306
619468
697749
784035
775319
692954
662312
745997
851031
845592
740223
686753
778965
914076
915806
775069
684343
791316
981595
1000618
795130
628194
764693
1086677
1163852
787650
354621
557567
1617443
2895269
3394500
2700683
1386756
454675
403223
877868
1185435
1035371
717767
639400
838644
1016875
954169
759615
687152
802925
929047
896139
754377
685792
759877
856764
838042
725470
659110
707468
784909
774035
679869
614753
645174
708376
702142
620549
556076
573046
625076
621696
549303
485132
491462
534376
532769
467344
403362
401021
436216
435765
375948
312104
302507
331138
331483
276352
212708
196993
219944
220902
169924
106674
85758
103786
105347
58183
-4419
-29669
-15900
-13651
-57102
-118841
-147670
-137522
-134451
-174189
-234606
-266356
-259192
-255091
-291036
-349738
-383668
-378967
-373570
-405506
-462059
-497495
-494734
-487783
-515484
-569377
-605705
-604361
-595596
-618789
-669569
-706144
-705708
-694862
-713337
-760525
-796761
-796796
-783614
-797106
-840292
-875628
-875718
-859989
-868258
-907064
-941093
-940857
-922354
-925266
-959353
-991630
-990772
-969388
-966791
-995938
-1026152
-1024463
-1000088
-991880
-1015883
-1043785
-1041135
-1013789
-999968
-1018719
-1044190
-1040516
-1010233
-990850
-1004280
-1027245
-1022651
-989570
-964716
-972871
-993382
-987951
-952319
-922180
-925096
-943273
-937278
-899411
-864203
-862030
-878010
-871794
-832074
-792097
-785012
-799004
-792915
-751812
-707396
-695603
-707880
-702424
-660475
-611996
-595691
-606565
-602237
-559978
-507835
-487293
-497056
-494378
-452449
-397086
-372498
-381466
-381035
-340063
-281911
-253446
-261914
-264284
-224995
-164407
-132271
-140518
-146305
-109342
-46727
-10983
-19237
-29133
4828
69169
108502
100001
85381
115610
181470
224572
215667
195535
221242
288519
335690
326261
299790
320154
388813
440600
430680
396837
410816
481026
538373
528032
485533
491859
563971
628292
617828
564973
561943
636575
710102
700056
634377
619511
697708
783952
775323
693052
662395
745965
850928
845530
740314
686910
778993
913940
915681
775114
684506
791419
981483
1000396
795077
628379
764919
1086640
1163627
787419
354626
557753
1617531
2895128
3394251
2700547
1386891
454940
403459
877959
1185387
1035212
717621
639412
838774
1017017
954153
759469
687041
802987
929224
896186
754271
685648
759885
856888
838143
725443
658998
707434
785019
774153
679876
614622
645105
708430
702258
620597
556019
572995
625102
621794
549353
485106
491410
534363
532835
467422
403354
400954
436185
435796
376021
312141
302484
331080
331454
276417
212780
196986
219881
220870
169962
106730
85773
103731
105293
58207
-4355
-29635
-15924
-13712
-57129
-118776
-147619
-137530
-134500
-174212
-234583
-266291
-259208
-255125
-291040
-349698
-383583
-378938
-373602
-405526
-462056
-497461
-494711
-487787
-515515
-569413
-605674
-604331
-595574
-618802
-669600
-706160
-705701
-694820
-713328
-760573
-796798
-796773
-783565
-797077
-840320
-875700
-875725
-859934
-868213
-907085
-941139
-940866
-922313
-925198
-959368
-991672
-990821
-969381
-966730
-995905
-1026176
-1024498
-1000095
-991840
-1015856
-1043814
-1041194
-1013814
-999937
-1018671
-1044180
-1040554
-1010269
-990824
-1004249
-1027234
-1022662
-989637
-964748
-972829
-993332
-987975
-952387
-922212
-925094
-943225
-937261
-899460
-864275
-862054
-877952
-871754
-832091
-792161
-785035
-798954
-792860
-751830
-707468
-695651
-707870
-702358
-660450
-612050
-595760
-606547
-602185
-559943
-507887
-487344
-497080
-494355
-452422
-397109
-372558
-381500
-381009
-340035
-281874
-253483
-261975
-264316
-224980
-164375
-132261
-140570
-146379
-109338
-46643
-10929
-19280
-29222
4776
69241
108591
100000
85269
115513
181530
224689
215695
195445
221153
288533
335792
326344
299741
320023
388774
440709
430767
396808
410665
480928
538429
528154
485556
491754
563845
628315
617974
565070
561891
636415
710030
700149
634527
619513
697545
783802
775340
693240
662525
745831
850666
845478
740547
687144
778921
913607
915472
775333
684936
791533
981085
999931
795143
628998
765397
1086343
1162751
786900
355097
558788
1617985
2894391
3392939
2699912
1387485
456182
404227
877753
1184635
1034718
717749
639848
839062
1016925
953840
759288
687131
803248
929395
896089
754024
685553
760036
857140
838196
725215
658769
707468
785255
774305
679745
614410
645050
708609
702445
620556
555812
572878
625214
621989
549388
484954
491264
534411
532998
467497
403289
400821
436171
435922
376121
312107
302345
331022
331540
276541
212795
196892
219803
220901
170071
106802
85731
103640
105276
58286
-4258
-29627
-16028
-13761
-57067
-118671
-147586
-137597
-134589
-174198
-234451
-266190
-259222
-255224
-291071
-349620
-383501
-378943
-373704
-405600
-461978
-497338
-494657
-487858
-515590
-569382
-605566
-604247
-595606
-618877
-669600
-706089
-705609
-694832
-713377
-760615
-796772
-796720
-783520
-797070
-840368
-875710
-875703
-859887
-868182
-907128
-941201
-940860
-922255
-925128
-959391
-991764
-990863
-969314
-966616
-995914
-1026272
-1024555
-1000048
-991730
-1015827
-1043895
-1041279
-1013782
-999847
-1018622
-1044226
-1040653
-1010291
-990752
-1004171
-1027262
-1022764
-989659
-964690
-972746
-993321
-988038
-952458
-922219
-925021
-943166
-937305
-899557
-864298
-861987
-877882
-871760
-832185
-792220
-784988
-798846
-792839
-751914
-707578
-695650
-707765
-702307
-660485
-612171
-595813
-606493
-602080
-559945
-508013
-487455
-497022
-494221
-452386
-397204
-372652
-381487
-380888
-339954
-281964
-253623
-262005
-264223
-224858
-164386
-132373
-140625
-146332
-109256
-46644
-11014
-19387
-29239
4829
69295
108599
99899
85187
115534
181637
224758
215636
195289
221091
288630
335928
326327
299561
319868
388867
440899
430846
396648
410480
480949
538662
528292
485432
491508
563780
628523
618181
564992
561630
636267
710170
700415
634566
619269
697298
783869
775653
693425
662367
745502
850573
845748
740858
687149
778558
913294
915596
775781
685181
791205
980482
999743
795677
629767
765453
1085425
1161735
787026
356483
560093
1617703
2892464
3391042
2699831
1389339
458231
404646
876477
1183223
1034621
718790
640735
838862
1016049
953372
759671
687804
803392
928914
895637
754090
685954
760309
857011
837865
725110
658952
707729
785303
774143
679547
614389
645264
708814
702408
620370
555659
572973
625447
622079
549232
484724
491255
534638
533185
467430
403028
400719
436332
436151
376134
311919
302198
331131
331778
276604
212664
196729
219829
221097
170204
106724
85587
103603
105413
58425
-4295
-29743
-16092
-13703
-56917
-118622
-147673
-137703
-134565
-174075
-234372
-266226
-259334
-255281
-290990
-349491
-383460
-379028
-373785
-405555
-461848
-497255
-494733
-487985
-515602
-569262
-605463
-604277
-595747
-618949
-669521
-705939
-705588
-694944
-713468
-760550
-796613
-796656
-783623
-797191
-840366
-875596
-875601
-859921
-868318
-907175
-941120
-940768
-922252
-925241
-959465
-991743
-990749
-969264
-966673
-996008
-1026287
-1024496
-999955
-991712
-1015892
-1043991
-1041254
-1013697
-999745
-1018652
-1044354
-1040698
-1010186
-990638
-1004171
-1027380
-1022858
-989620
-964547
-972721
-993453
-988174
-952424
-922067
-924948
-943248
-937449
-899568
-864198
-861880
-877916
-871891
-832262
-792147
-784864
-798850
-792954
-752000
-707544
-695549
-707713
-702363
-660623
-612204
-595708
-606395
-602102
-560065
-508092
-487413
-496917
-494184
-452479
-397339
-372696
-381385
-380798
-340017
-282105
-253686
-261897
-264080
-224873
-164546
-132518
-140598
-146165
-109188
-46793
-11195
-19378
-29054
4964
69199
108366
99831
85341
115709
181586
224517
215495
195393
221269
288680
335767
326138
299546
320052
388986
440835
430636
396544
410578
481146
538694
528130
485238
491492
563999
628706
618123
564727
561434
636423
710511
700522
634267
618896
697369
784284
775937
693149
661814
745366
851068
846232
740708
686478
778169
913723
916334
775933
684474
790486
980661
1000712
796324
629204
764199
1084894
1162696
788611
357041
558799
1615548
2891344
3391915
2701904
1390815
457991
403241
875375
1183397
1035677
719567
640468
837984
1015563
953795
760437
688033
802872
928321
895672
754679
686397
760077
856408
837651
725495
659447
707705
784842
773812
679770
614858
645396
708468
702056
620423
556044
573205
625274
621751
549173
484992
491500
534567
532919
467290
403159
400968
436424
436002
375985
311899
302366
331291
331741
276445
212537
196816
220005
221171
170080
106544
85536
103776
105599
58412
-4449
-29885
-15961
-13470
-56887
-118769
-147823
-137645
-134343
-173985
-234485
-266418
-259357
-255078
-290848
-349549
-383637
-379119
-373663
-405400
-461853
-497393
-494845
-487923
-515439
-569186
-605566
-604396
-595741
-618814
-669418
-705969
-705727
-694996
-713387
-760430
-796598
-796765
-783723
-797170
-840213
-875494
-875665
-860048
-868333
-907051
-940987
-940791
-922392
-925310
-959375
-991574
-990712
-969396
-966817
-995968
-1026128
-1024401
-1000049
-991876
-1015921
-1043823
-1041131
-1013743
-999939
-1018737
-1044227
-1040550
-1010185
-990786
-1004295
-1027329
-1022707
-989562
-964651
-972838
-993455
-988064
-952352
-922104
-925055
-943335
-937425
-899458
-864129
-861955
-878036
-871912
-832160
-792039
-784893
-799001
-793066
-751957
-707387
-695485
-707844
-702553
-660610
-612021
-595600
-606489
-602291
-560117
-507948
-487231
-496960
-494401
-452598
-397231
-372494
-381368
-380969
-340164
-282057
-253487
-261835
-264227
-225066
-164584
-132365
-140453
-146238
-109367
-46865
-11092
-19221
-29021
4828
69041
108393
100018
85451
115610
181387
224448
215635
195575
221271
288460
335598
326237
299816
320156
388746
440539
430661
396843
410794
480974
538331
528014
485502
491822
563925
628305
617860
564949
561855
636513
710136
700119
634341
619362
697598
783996
775439
693062
662215
745781
850962
845764
740390
686693
778708
913968
916018
775329
684287
790967
981356
1000820
795544
628246
764208
1086186
1164122
788512
354969
556446
1615207
2893551
3394661
2702580
1388863
455537
402740
877115
1185320
1035830
718109
639234
838313
1016824
954432
759832
687042
802690
929048
896346
754543
685697
759707
856755
838260
725622
659036
707310
784904
774234
680032
614677
645029
708336
702298
620719
556058
572908
625053
621854
549472
485162
491349
534286
532867
467534
403426
400914
436143
435855
376148
312206
302433
331038
331517
276530
212854
196966
219823
220903
170071
106822
85781
103690
105309
58305
-4260
-29608
-15969
-13700
-57022
-118661
-147601
-137563
-134502
-174154
-234482
-266240
-259206
-255129
-291002
-349633
-383545
-378960
-373616
-405501
-461966
-497376
-494686
-487803
-515466
-569327
-605622
-604293
-595556
-618783
-669555
-706108
-705674
-694825
-713288
-760508
-796786
-796790
-783555
-797023
-840282
-875710
-875751
-859906
-868168
-907039
-941157
-940925
-922313
-925117
-959329
-991715
-990861
-969358
-966644
-995846
-1026190
-1024569
-1000101
-991752
-1015783
-1043829
-1041260
-1013826
-999864
-1018603
-1044186
-1040645
-1010343
-990792
-1004152
-1027232
-1022749
-989691
-964725
-972756
-993309
-988026
-952486
-922260
-925016
-943147
-937306
-899579
-864341
-862002
-877891
-871777
-832217
-792258
-785003
-798860
-792866
-751945
-707588
-695650
-707783
-702332
-660547
-612199
-595799
-606487
-602101
-559995
-508036
-487434
-497027
-494257
-452442
-397262
-372650
-381487
-380948
-340021
-282003
-253615
-261981
-264255
-224950
-164438
-132386
-140606
-146377
-109340
-46699
-11019
-19342
-29255
4751
69247
108577
99938
85191
115470
181548
224741
215641
195284
221027
288578
335906
326355
299564
319807
388778
440884
430893
396656
410414
480869
538644
528352
485467
491449
563691
628491
618234
565036
561534
636151
710153
700505
634614
619182
697170
783829
775750
693514
662271
745320
850524
845875
741013
687071
778327
913198
915764
776037
685166
790890
980261
999927
796097
629867
764992
1084924
1161865
787777
356981
559409
1615945
2890900
3390968
2701362
1391230
459060
404155
875576
1182929
1035094
719365
640752
838432
1015745
953556
760056
687933
803181
928674
895669
754359
686115
760184
856799
837854
725294
659126
707694
785180
774098
679672
614545
645273
708725
702379
620435
555762
572993
625428
622070
549265
484782
491280
534635
533193
467454
403061
400739
436379
436218
376185
311886
302196
331189
331851
276647
212620
196694
219861
221198
170278
106683
85513
103626
105524
58528
-4292
-29821
-16089
-13579
-56809
-118593
-147735
-137732
-134476
-173946
-234314
-266279
-259384
-255228
-290879
-349419
-383493
-379100
-373765
-405453
-461755
-497263
-494805
-487997
-515503
-569140
-605437
-604341
-595770
-618870
-669394
-705879
-705644
-695015
-713447
-760442
-796538
-796701
-783701
-797186
-840246
-875485
-875616
-860007
-868328
-907090
-941023
-940762
-922330
-925274
-959389
-991621
-990717
-969326
-966749
-995976
-1026188
-1024440
-1000013
-991791
-1015904
-1043891
-1041199
-1013719
-999821
-1018696
-1044323
-1040635
-1010204
-990693
-1004212
-1027382
-1022819
-989602
-964572
-972755
-993482
-988188
-952408
-922043
-924973
-943318
-937515
-899563
-864135
-861861
-877993
-871986
-832267
-792067
-784850
-798932
-793076
-752037
-707462
-695471
-707784
-702522
-660707
-612138
-595618
-606416
-602243
-560184
-508073
-487289
-496906
-494325
-452623
-397359
-372564
-381325
-380894
-340188
-282171
-253599
-261814
-264152
-225047
-164654
-132463
-140455
-146152
-109339
-46934
-11184
-19257
-28991
4861
68988
108296
99952
85472
115646
181378
224409
215578
195575
221292
288467
335572
326177
299772
320146
388789
440568
430624
396767
410741
480994
538398
528025
485424
491706
563927
628400
617911
564863
561724
636472
710247
700260
634304
619193
697503
784136
775650
693054
661998
745608
851088
846028
740457
686420
778421
914013
916365
775573
684066
790520
981262
1001245
796020
628153
763567
1085702
1164434
789400
355490
555797
1613650
2892227
3394720
2703961
1390450
456118
402153
876221
1185070
1036317
718670
639236
837838
1016514
954589
760222
687198
802478
928767
896358
754789
685868
759592
856559
838196
725792
659185
707280
784788
774193
680130
614797
645012
708258
702266
620773
556151
572942
624995
621825
549501
485221
491379
534280
532866
467550
403461
400948
436143
435837
376157
312220
302453
331053
331517
276546
212856
196975
219867
220938
170108
106813
85760
103719
105373
58353
-4274
-29635
-15953
-13653
-56980
-118674
-147615
-137558
-134441
-174085
-234464
-266268
-259239
-255116
-290938
-349580
-383546
-378984
-373597
-405448
-461940
-497400
-494713
-487787
-515435
-569287
-605616
-604320
-595553
-618726
-669489
-706094
-705706
-694808
-713250
-760457
-796763
-796796
-783556
-797001
-840230
-875678
-875763
-859926
-868126
-907016
-941124
-940913
-922329
-925114
-959268
-991678
-990892
-969390
-966631
-995830
-1026184
-1024571
-1000109
-991766
-1015756
-1043825
-1041278
-1013862
-999877
-1018560
-1044178
-1040638
-1010347
-990816
-1004143
-1027212
-1022770
-989738
-964741
-972729
-993289
-988057
-952532
-922272
-925019
-943146
-937327
-899620
-864356
-861992
-877868
-871789
-832260
-792276
-785007
-798851
-792875
-751986
-707618
-695661
-707782
-702361
-660591
-612223
-595798
-606483
-602126
-560046
-508062
-487440
-497010
-494275
-452483
-397284
-372655
-381464
-380934
-340062
-282035
-253607
-261983
-264266
-224992
-164496
-132393
-140623
-146360
-109361
-46748
-11034
-19352
-29241
4746
69183
108551
99928
85171
115451
181534
224702
215646
195301
220987
288526
335898
326367
299548
319772
388749
440902
430893
396622
410374
480853
538656
528374
485415
491357
563645
628528
618298
565008
561443
636106
710206
700579
634613
619079
697064
783855
775894
693548
662143
745197
850545
846033
741097
686955
778117
913150
915965
776211
685070
790607
980113
1000161
796444
629873
764582
1084540
1162033
788444
357411
558885
1614621
2889797
3391027
2702557
1392554
459531
403680
874880
1182794
1035544
719800
640710
838027
1015494
953732
760395
688033
802954
928431
895728
754603
686278
760079
856591
837804
725464
659299
707662
784997
774010
679785
614686
645293
708583
702278
620499
555895
573035
625364
621973
549282
484876
491350
534620
533133
467447
403117
400789
436404
436191
376139
311902
302221
331229
331873
276655
212592
196710
219925
221251
170277
106651
85481
103686
105607
58560
-4327
-29876
-16069
-13484
-56743
-118619
-147783
-137699
-134374
-173884
-234341
-266372
-259405
-255130
-290776
-349435
-383585
-379136
-373686
-405351
-461740
-497324
-494848
-487946
-515416
-569095
-605473
-604397
-595763
-618785
-669331
-705919
-705721
-695008
-713359
-760360
-796537
-796743
-783731
-797139
-840163
-875460
-875663
-860068
-868319
-907003
-940939
-940778
-922404
-925289
-959320
-991548
-990739
-969397
-966778
-995908
-1026103
-1024440
-1000071
-991848
-1015867
-1043805
-1041153
-1013778
-999931
-1018676
-1044210
-1040585
-1010241
-990779
-1004243
-1027308
-1022743
-989623
-964663
-972801
-993443
-988116
-952429
-922133
-925014
-943291
-937460
-899547
-864170
-861945
-878013
-871962
-832221
-792078
-784903
-798990
-793080
-752018
-707443
-695505
-707828
-702591
-660697
-612072
-595618
-606487
-602347
-560202
-507995
-487240
-496955
-494447
-452672
-397269
-372490
-381376
-381034
-340285
-282106
-253500
-261835
-264279
-225162
-164650
-132341
-140438
-146285
-109512
-46948
-11072
-19190
-29065
4702
68945
108410
100055
85405
115471
181283
224487
215725
195585
221134
288308
335602
326333
299834
320029
388591
440512
430780
396899
410661
480780
538293
528155
485632
491739
563712
628195
617966
565098
561832
636286
709962
700217
634559
619409
697370
783764
775481
693330
662359
745565
850649
845711
740685
686924
778532
913548
915845
775627
684684
790946
980910
1000515
795803
628768
764332
1085734
1163630
788616
355455
556384
1613953
2891736
3393785
2703488
1390908
457188
403079
876493
1184674
1035717
718355
639437
838322
1016791
954390
759767
686992
802756
929229
896430
754429
685522
759712
856992
838463
725554
658789
707215
785142
774487
680029
614435
644871
708522
702614
620812
555868
572745
625161
622120
549595
485006
491150
534331
533150
467715
403348
400711
436117
436055
376362
312206
302263
330958
331695
276776
212913
196817
219716
221014
170299
106929
85686
103548
105361
58527
-4117
-29664
-16108
-13717
-56857
-118478
-147562
-137682
-134577
-174014
-234260
-266171
-259327
-255253
-290906
-349404
-383426
-379024
-373738
-405474
-461774
-497223
-494708
-487930
-515491
-569162
-605446
-604278
-595685
-618821
-669430
-705938
-705632
-694919
-713354
-760450
-796610
-796685
-783586
-797093
-840246
-875565
-875667
-859923
-868209
-907057
-941099
-940828
-922250
-925143
-959340
-991701
-990825
-969288
-966598
-995877
-1026277
-1024557
-1000024
-991683
-1015787
-1043922
-1041316
-1013776
-999733
-1018582
-1044299
-1040748
-1010284
-990650
-1004108
-1027359
-1022906
-989710
-964586
-972641
-993403
-988230
-952553
-922111
-924906
-943229
-937526
-899678
-864224
-861842
-877895
-871969
-832382
-792216
-784856
-798828
-793024
-752129
-707632
-695524
-707706
-702466
-660765
-612265
-595683
-606360
-602173
-560232
-508200
-487379
-496860
-494245
-452636
-397464
-372654
-381320
-380859
-340189
-282267
-253687
-261835
-264117
-225039
-164714
-132533
-140500
-146161
-109340
-46963
-11250
-19305
-29024
4821
68974
108298
99915
85395
115587
181365
224422
215553
195484
221213
288474
335625
326208
299696
320021
388766
440636
430658
396659
410569
480951
538511
528148
485377
491517
563824
628507
618067
564832
561485
636320
710358
700461
634327
618959
697263
784176
775904
693182
661769
745300
851072
846340
740703
686260
777990
913859
916690
775960
684026
790021
980877
1001499
796666
628387
762984
1084916
1164435
790383
356388
555259
1611507
2890039
3394327
2705759
1392947
457411
401638
874990
1184579
1036877
719429
639315
837311
1016089
954769
760662
687349
802219
928508
896432
755088
686008
759466
856377
838230
725980
659313
707182
784645
774183
680248
614898
644980
708168
702263
620904
556236
572907
624945
621843
549584
485275
491364
534246
532891
467643
403510
400922
436138
435895
376238
312284
302442
331027
331574
276631
212916
196957
219835
220979
170191
106863
85739
103695
105423
58448
-4203
-29646
-15964
-13620
-56878
-118595
-147617
-137570
-134424
-174007
-234389
-266262
-259240
-255078
-290864
-349524
-383542
-379006
-373564
-405359
-461841
-497380
-494726
-487769
-515362
-569224
-605615
-604356
-595568
-618654
-669432
-706084
-705707
-694807
-713198
-760418
-796722
-796823
-783556
-796933
-840169
-875658
-875787
-859942
-868103
-906960
-941119
-940936
-922340
-925080
-959230
-991683
-990911
-969413
-966617
-995760
-1026184
-1024617
-1000133
-991729
-1015711
-1043814
-1041315
-1013893
-999859
-1018527
-1044152
-1040718
-1010391
-990769
-1004089
-1027207
-1022833
-989799
-964739
-972701
-993289
-988116
-952595
-922262
-924960
-943129
-937393
-899693
-864354
-861939
-877850
-871841
-832336
-792306
-784954
-798826
-792918
-752068
-707683
-695632
-707721
-702377
-660685
-612313
-595802
-606434
-602132
-560152
-508181
-487448
-496957
-494253
-452571
-397421
-372703
-381427
-380911
-340132
-282166
-253670
-261947
-264228
-225038
-164624
-132486
-140582
-146311
-109377
-46841
-11138
-19351
-29185
4737
69088
108459
99905
85219
115445
181441
224608
215630
195318
221002
288486
335834
326305
299522
319787
388732
440860
430844
396586
410303
480840
538669
528361
485364
491254
563640
628602
618351
564927
561284
636065
710350
700729
634548
618843
696963
784038
776090
693517
661839
744977
850715
846380
741131
686563
777763
913297
916463
776459
684668
789994
980092
1000845
797052
629532
763514
1084006
1162923
789983
357780
557116
1611783
2888193
3391993
2705183
1394609
459606
402358
873887
1183110
1036570
720309
640223
837254
1015353
954284
760939
687944
802396
928119
896002
755094
686365
759705
856252
837938
725886
659499
707437
784684
773993
680102
614974
645184
708299
702182
620712
556181
573043
625095
621824
549440
485173
491431
534430
532968
467517
403365
400936
436295
436029
376168
312105
302378
331166
331758
276628
212752
196858
219937
221188
170231
106738
85611
103729
105585
58519
-4299
-29802
-15973
-13453
-56776
-118675
-147775
-137611
-134297
-173849
-234392
-266400
-259311
-254988
-290706
-349485
-383634
-379092
-373519
-405236
-461780
-497436
-494850
-487778
-515254
-569111
-605617
-604447
-595616
-618607
-669313
-706027
-705779
-694919
-713202
-760288
-796646
-796863
-783679
-796985
-840075
-875542
-875786
-860036
-868155
-906890
-940992
-940922
-922420
-925175
-959192
-991567
-990869
-969485
-966705
-995774
-1026077
-1024525
-1000187
-991839
-1015731
-1043722
-1041224
-1013902
-999943
-1018565
-1044121
-1040632
-1010378
-990852
-1004150
-1027183
-1022762
-989752
-964763
-972738
-993274
-988039
-952536
-922295
-925036
-943163
-937357
-899636
-864351
-861994
-877910
-871845
-832293
-792268
-784980
-798876
-792958
-752031
-707619
-695639
-707812
-702456
-660664
-612217
-595773
-606518
-602217
-560146
-508090
-487388
-497022
-494388
-452619
-397317
-372611
-381458
-381043
-340217
-282103
-253574
-261934
-264338
-225136
-164570
-132356
-140561
-146439
-109510
-46855
-11016
-19282
-29293
4594
69056
108559
100006
85165
115316
181381
224709
215740
195308
220863
288382
335859
326455
299603
319697
388561
440808
430961
396706
410305
480669
538560
528442
485520
491322
563483
628419
618363
565135
561413
635921
710076
700661
634751
619072
696878
783731
775958
693698
662135
744987
850399
846143
741303
686962
777879
912971
916104
776488
685104
790284
979848
1000345
796890
629959
764068
1084026
1162323
789397
357813
557642
1612104
2887807
3391212
2704741
1394979
460479
403027
873895
1182621
1036167
720326
640528
837495
1015318
954070
760775
687976
802595
928267
895918
754917
686305
759834
856414
837943
725719
659360
707496
784866
774094
679990
614806
645174
708459
702322
620680
556020
573004
625254
622001
549443
485019
491323
534522
533152
467557
403214
400808
436351
436190
376240
312015
302253
331196
331902
276740
212676
196726
219927
221300
170355
106709
85512
103695
105658
58662
-4267
-29865
-16026
-13400
-56650
-118593
-147808
-137691
-134286
-173761
-234313
-266393
-259381
-255023
-290650
-349382
-383614
-379144
-373589
-405203
-461695
-497368
-494873
-487871
-515262
-569030
-605514
-604452
-595691
-618646
-669241
-705957
-705781
-694977
-713222
-760247
-796552
-796830
-783720
-797013
-840039
-875455
-875763
-860096
-868228
-906887
-940937
-940871
-922447
-925218
-959203
-991503
-990809
-969472
-966740
-995782
-1026040
-1024491
-1000166
-991857
-1015772
-1043719
-1041203
-1013906
-999948
-1018594
-1044130
-1040615
-1010369
-990851
-1004163
-1027203
-1022758
-989730
-964761
-972771
-993312
-988074
-952528
-922258
-925047
-943203
-937407
-899630
-864326
-861988
-877932
-871882
-832306
-792229
-784977
-798927
-793030
-752065
-707576
-695592
-707833
-702533
-660707
-612200
-595716
-606525
-602306
-560203
-508055
-487337
-497008
-494463
-452671
-397315
-372547
-381454
-381104
-340290
-282095
-253494
-261919
-264408
-225221
-164595
-132298
-140488
-146449
-109589
-46896
-10971
-19211
-29271
4504
68999
108569
100073
85230
115267
181279
224654
215810
195380
220863
288250
335782
326482
299675
319697
388484
440711
431002
396792
410324
480587
538439
528446
485630
491387
563410
628302
618322
565243
561508
635872
709936
700595
634840
619183
696881
783587
775859
693771
662275
745017
850288
846030
741302
687063
777958
912898
915962
776470
685185
790386
979838
1000220
796801
629982
764158
1084110
1162349
789328
357635
557375
1611822
2887654
3391281
2704976
1395246
460671
403145
873979
1182646
1036102
720214
640485
837595
1015444
954084
760674
687899
802636
928373
896002
754851
686181
759818
856524
838056
725688
659258
707443
784942
774210
679997
614707
645105
708512
702434
620712
555931
572931
625264
622114
549477
484954
491256
534532
533241
467631
403194
400725
436332
436253
376324
312003
302187
331152
331944
276795
212708
196673
219899
221315
170412
106747
85483
103646
105688
58722
-4217
-29898
-16065
-13420
-56616
-118536
-147791
-137717
-134318
-173748
-234260
-266368
-259414
-255056
-290649
-349321
-383591
-379150
-373641
-405211
-461641
-497345
-494896
-487886
-515249
-568985
-605501
-604460
-595719
-618641
-669220
-705913
-705772
-695003
-713224
-760225
-796524
-796837
-783733
-797026
-840040
-875439
-875736
-860111
-868230
-906872
-940911
-940854
-922452
-925228
-959199
-991490
-990802
-969476
-966747
-995778
-1026027
-1024485
-1000179
-991856
-1015750
-1043736
-1041210
-1013890
-999959
-1018598
-1044120
-1040612
-1010367
-990854
-1004173
-1027204
-1022748
-989737
-964749
-972753
-993327
-988092
-952543
-922266
-925025
-943207
-937430
-899655
-864316
-861973
-877937
-871924
-832321
-792215
-784959
-798927
-793054
-752074
-707593
-695576
-707829
-702544
-660722
-612184
-595698
-606516
-602340
-560245
-508087
-487337
-497023
-494476
-452701
-397327
-372541
-381430
-381122
-340327
-282140
-253493
-261884
-264406
-225250
-164633
-132306
-140497
-146455
-109622
-46913
-10971
-19199
-29278
4491
68954
108543
100082
85226
115236
181228
224652
215793
195393
220846
288234
335770
326512
299715
319685
388437
440707
430990
396825
410331
480553
538434
528432
485633
491370
563368
628266
618348
565245
561507
635855
709919
700604
634851
619178
696843
783578
775888
693785
662250
744973
850261
846048
741345
687066
777907
912880
915990
776502
685185
790323
979795
1000252
796877
629987
764071
1084022
1162368
789478
357724
557207
1611439
2887344
3391287
2705311
1395623
460824
403027
873808
1182616
1036194
720315
640469
837489
1015388
954114
760738
687890
802577
928332
896009
754893
686215
759784
856472
838041
725726
659282
707419
784906
774185
680033
614732
645109
708490
702434
620724
555960
572934
625247
622096
549509
484983
491285
534513
533219
467651
403236
400756
436321
436238
376325
312018
302220
331164
331940
276797
212717
196714
219883
221321
170432
106770
85502
103672
105674
58716
-4224
-29870
-16081
-13396
-56606
-118558
-147813
-137708
-134298
-173738
-234253
-266385
-259412
-255043
-290608
-349337
-383606
-379143
-373592
-405192
-461643
-497366
-494893
-487872
-515249
-568995
-605507
-604463
-595713
-618627
-669215
-705930
-705798
-694985
-713196
-760220
-796546
-796834
-783725
-797014
-840017
-875454
-875763
-860096
-868211
-906852
-940923
-940884
-922452
-925211
-959160
-991498
-990837
-969485
-966739
-995763
-1026022
-1024519
-1000211
-991841
-1015724
-1043704
-1041210
-1013911
-999953
-1018569
-1044106
-1040633
-1010407
-990858
-1004142
-1027184
-1022769
-989766
-964765
-972752
-993305
-988090
-952554
-922270
-925027
-943200
-937417
-899664
-864334
-861978
-877934
-871895
-832338
-792261
-784959
-798909
-793027
-752094
-707629
-695610
-707800
-702510
-660741
-612250
-595751
-606510
-602302
-560234
-508098
-487349
-497022
-494442
-452704
-397368
-372595
-381454
-381102
-340312
-282146
-253537
-261914
-264377
-225224
-164631
-132326
-140514
-146449
-109599
-46900
-10983
-19248
-29293
4508
68979
108570
100047
85170
115218
181288
224677
215783
195347
220803
288263
335828
326494
299626
319651
388469
440753
431001
396761
410250
480576
538516
528478
485581
491282
563373
628352
618393
565193
561400
635819
710024
700716
634833
619053
696772
783665
775996
693789
662116
744871
850319
846193
741409
686942
777729
912888
916211
776662
685082
790076
979705
1000485
797155
629969
763731
1083723
1162497
789985
358098
556971
1610714
2886734
3391341
2705994
1396316
460948
402600
873318
1182580
1036560
720612
640430
837187
1015206
954277
761009
687982
802386
928134
896046
755099
686348
759713
856303
838010
725893
659427
707394
784745
774116
680130
614891
645122
708340
702312
620774
556116
572967
625137
621986
549508
485111
491359
534457
533105
467617
403317
400849
436306
436157
376308
312094
302314
331158
331867
276748
212755
196794
219928
221266
170354
106759
85564
103704
105648
58636
-4260
-29828
-16019
-13398
-56658
-118581
-147791
-137672
-134259
-173751
-234319
-266376
-259342
-254968
-290630
-349406
-383638
-379112
-373540
-405156
-461687
-497403
-494874
-487802
-515216
-569041
-605580
-604463
-595634
-618568
-669232
-706005
-705805
-694914
-713138
-760236
-796625
-796865
-783682
-796924
-840002
-875515
-875820
-860070
-868140
-906837
-940989
-940942
-922435
-925147
-959136
-991529
-990883
-969501
-966679
-995712
-1026052
-1024577
-1000204
-991811
-1015679
-1043706
-1041282
-1013935
-999934
-1018527
-1044084
-1040664
-1010446
-990852
-1004103
-1027171
-1022794
-989822
-964789
-972700
-993262
-988105
-952614
-922305
-924992
-943135
-937394
-899730
-864405
-861969
-877860
-871868
-832373
-792325
-784991
-798847
-792963
-752130
-707696
-695637
-707756
-702426
-660731
-612316
-595780
-606448
-602197
-560220
-508180
-487444
-496985
-494336
-452658
-397417
-372681
-381445
-380986
-340242
-282203
-253641
-261926
-264308
-225163
-164647
-132426
-140577
-146382
-109513
-46911
-11091
-19300
-29243
4607
69014
108477
99980
85178
115322
181338
224630
215694
195311
220864
288372
335829
326407
299563
319661
388573
440826
430955
396634
410231
480694
538626
528444
485434
491205
563472
628562
618437
565021
561248
635893
710268
700793
634646
618805
696784
783924
776198
693650
661798
744786
850609
846492
741299
686542
777526
913168
916628
776699
684628
789673
979898
1001099
797432
629505
762993
1083616
1163309
790884
358048
555898
1609588
2886683
3392447
2707169
1396504
460099
401649
873183
1183224
1037195
720612
639908
836807
1015321
954686
761233
687772
802051
928052
896295
755365
686311
759451
856142
838127
726113
659496
707220
784531
774122
680332
615027
645029
708147
702271
620958
556287
572937
624969
621881
549651
485289
491363
534287
532972
467702
403507
400900
436169
435988
376313
312266
302408
331083
331690
276735
212921
196918
219854
221104
170294
106886
85717
103698
105532
58567
-4165
-29685
-16002
-13508
-56750
-118564
-147655
-137608
-134353
-173870
-234311
-266280
-259292
-255033
-290730
-349443
-383552
-379019
-373541
-405240
-461742
-497390
-494791
-487751
-515248
-569115
-605605
-604379
-595543
-618587
-669318
-706044
-705745
-694838
-713109
-760323
-796691
-796849
-783575
-796884
-840082
-875630
-875802
-859944
-868049
-906889
-941102
-940974
-922349
-925044
-959168
-991664
-990947
-969418
-966571
-995715
-1026157
-1024657
-1000157
-991700
-1015645
-1043798
-1041384
-1013939
-999819
-1018459
-1044176
-1040767
-1010440
-990766
-1004035
-1027204
-1022889
-989842
-964707
-972626
-993259
-988184
-952673
-922280
-924916
-943123
-937475
-899777
-864389
-861892
-877823
-871923
-832454
-792355
-784922
-798784
-792976
-752199
-707761
-695601
-707675
-702417
-660813
-612393
-595773
-606375
-602157
-560275
-508275
-487431
-496887
-494278
-452713
-397550
-372726
-381357
-380877
-340245
-282312
-253726
-261878
-264172
-225135
-164783
-132549
-140521
-146230
-109450
-47045
-11263
-19296
-29091
4714
68933
108299
99936
85353
115469
181295
224438
215606
195436
221070
288367
335647
326268
299654
319879
388642
440672
430760
396660
410420
480801
538505
528246
485402
491396
563663
628488
618221
564918
561378
636111
710277
700581
634452
618841
697053
784110
776046
693348
661721
745059
850933
846479
740921
686229
777727
913688
916837
776257
683994
789676
980669
1001741
797075
628402
762448
1084500
1164880
791333
356556
553734
1608976
2888396
3394855
2707971
1395031
457990
401016
874416
1184749
1037415
719578
638941
836990
1016251
955163
760780
687046
801938
928610
896773
755200
685805
759216
856426
838539
726152
659150
706941
784670
774461
680465
614802
644766
708168
702502
621102
556185
572712
624894
622044
549823
485286
491175
534163
533066
467869
403561
400757
435997
435998
376481
312376
302322
330915
331640
276864
213068
196895
219706
221005
170396
107060
85737
103556
105394
58620
-4017
-29614
-16094
-13680
-56755
-118375
-147545
-137701
-134516
-173911
-234182
-266141
-259327
-255195
-290812
-349307
-383389
-379044
-373687
-405352
-461676
-497210
-494741
-487882
-515375
-569071
-605436
-604327
-595655
-618719
-669337
-705912
-705642
-694906
-713273
-760345
-796574
-796715
-783597
-797013
-840149
-875533
-875691
-859937
-868138
-906969
-941058
-940867
-922281
-925104
-959279
-991662
-990845
-969340
-966602
-995824
-1026222
-1024580
-1000045
-991675
-1015734
-1043913
-1041356
-1013814
-999759
-1018543
-1044286
-1040780
-1010321
-990660
-1004068
-1027348
-1022955
-989737
-964590
-972628
-993401
-988271
-952582
-922108
-924857
-943244
-937612
-899743
-864208
-861822
-877925
-872058
-832436
-792194
-784811
-798876
-793158
-752238
-707621
-695448
-707706
-702590
-660885
-612270
-595619
-606364
-602303
-560382
-508219
-487305
-496838
-494386
-452834
-397509
-372573
-381269
-380975
-340390
-282330
-253608
-261752
-264221
-225251
-164847
-132467
-140402
-146233
-109572
-47120
-11213
-19165
-29021
4627
68776
108287
100070
85452
115429
181123
224365
215732
195602
221062
288173
335494
326347
299867
319951
388448
440437
430797
396937
410588
480621
538210
528204
485662
491632
563539
628125
618058
565167
561714
636069
709889
700328
634687
619319
697127
783666
775650
693509
662284
745301
850514
845883
740948
686920
778218
913304
916007
776015
684750
790516
980486
1000660
796375
629019
763809
1085017
1163702
789610
356181
555296
1611124
2889054
3393411
2705801
1394120
459003
402738
875149
1183988
1036204
719155
639620
837844
1016353
954521
760186
687174
802578
929005
896470
754646
685637
759632
856912
838492
725672
658829
707181
785138
774568
680067
614410
644861
708581
702741
620849
555785
572689
625261
622328
549663
484894
491067
534454
533365
467799
403232
400604
436205
436317
376497
312090
302117
331017
331920
276948
212834
196649
219739
221257
170518
106914
85510
103545
105595
58766
-4108
-29820
-16167
-13545
-56590
-118405
-147707
-137792
-134425
-173761
-234138
-266288
-259450
-255153
-290673
-349251
-383491
-379161
-373712
-405256
-461574
-497251
-494866
-487964
-515319
-568937
-605405
-604427
-595759
-618695
-669191
-705844
-705740
-695008
-713284
-760226
-796474
-796782
-783741
-797075
-840039
-875405
-875711
-860088
-868233
-906878
-940895
-940824
-922433
-925231
-959218
-991495
-990771
-969467
-966752
-995809
-1026046
-1024487
-1000159
-991855
-1015778
-1043730
-1041216
-1013881
-999944
-1018617
-1044160
-1040635
-1010355
-990834
-1004185
-1027244
-1022786
-989725
-964715
-972754
-993363
-988104
-952525
-922235
-925014
-943227
-937441
-899651
-864298
-861959
-877963
-871936
-832325
-792219
-784929
-798944
-793073
-752083
-707591
-695570
-707839
-702566
-660735
-612210
-595710
-606526
-602355
-560252
-508087
-487318
-497013
-494482
-452730
-397351
-372544
-381438
-381109
-340337
-282137
-253506
-261907
-264404
-225239
-164642
-132322
-140503
-146445
-109632
-46938
-10981
-19210
-29290
4496
68978
108567
100077
85214
115224
181271
224667
215804
195365
220805
288272
335800
326482
299657
319635
388462
440763
431012
396770
410263
480583
538504
528491
485581
491286
563384
628361
618409
565195
561391
635831
710029
700691
634805
619041
696792
783696
776029
693778
662095
744855
850365
846228
741379
686892
777700
912914
916253
776660
685025
790026
979732
1000546
797216
629930
763636
1083685
1162570
790097
358134
556934
1610673
2886780
3391476
2706084
1396252
460739
402387
873270
1182679
1036704
720658
640326
837070
1015178
954338
761094
687967
802304
928070
896077
755215
686378
759610
856210
837999
725967
659491
707357
784644
774065
680195
614978
645117
708255
702257
620839
556215
572992
625069
621884
549534
485203
491379
534371
532989
467635
403444
400900
436224
436028
376259
312181
302386
331118
331746
276699
212819
196867
219887
221160
170304
106824
85668
103734
105569
58578
-4228
-29756
-15984
-13472
-56734
-118599
-147710
-137610
-134318
-173844
-234351
-266342
-259280
-255012
-290709
-349458
-383597
-379050
-373523
-405232
-461769
-497397
-494794
-487741
-515247
-569113
-605604
-604411
-595555
-618587
-669351
-706052
-705770
-694848
-713142
-760316
-796704
-796861
-783592
-796898
-840095
-875620
-875802
-859947
-868056
-906897
-941079
-940963
-922351
-925063
-959185
-991646
-990929
-969431
-966593
-995741
-1026167
-1024631
-1000155
-991696
-1015678
-1043803
-1041350
-1013909
-999817
-1018465
-1044160
-1040772
-1010439
-990760
-1004037
-1027195
-1022886
-989820
-964702
-972648
-993285
-988170
-952655
-922262
-924900
-943113
-937462
-899772
-864366
-861891
-877814
-871897
-832427
-792332
-784901
-798802
-792988
-752182
-707725
-695578
-707679
-702423
-660814
-612380
-595742
-606367
-602168
-560272
-508284
-487446
-496890
-494258
-452686
-397536
-372718
-381329
-380869
-340235
-282298
-253723
-261861
-264138
-225099
-164785
-132552
-140505
-146203
-109432
-47030
-11262
-19305
-29052
4757
68915
108281
99953
85396
115523
181278
224394
215603
195504
221131
288363
335593
326234
299698
319957
388650
440588
430699
396726
410534
480830
538438
528169
485429
491526
563705
628412
618093
564929
561516
636198
710220
700438
634429
619035
697197
784033
775841
693254
661888
745254
850920
846232
740765
686381
778028
913748
916574
775957
684106
790096
980890
1001455
796581
628258
762949
1085127
1164834
790534
355820
554006
1610377
2889830
3395081
2706722
1393376
457317
401652
875439
1185062
1036831
718857
638925
837554
1016694
954977
760257
686856
802251
928987
896739
754847
685521
759371
856760
838610
725859
658887
707011
784963
774598
680274
614543
644739
708381
702648
620995
555961
572635
625062
622201
549754
485076
491092
534274
533213
467853
403406
400673
436071
436142
376487
312242
302212
330931
331755
276908
212975
196770
219671
221080
170444
107004
85637
103510
105439
58660
-4044
-29702
-16156
-13665
-56712
-118389
-147614
-137751
-134528
-173873
-234153
-266183
-259401
-255255
-290785
-349274
-383409
-379085
-373756
-405366
-461624
-497177
-494782
-487964
-515413
-569031
-605373
-604337
-595751
-618777
-669290
-705833
-705664
-695010
-713345
-760300
-796483
-796713
-783696
-797096
-840124
-875444
-875665
-860033
-868252
-906973
-940954
-940789
-922377
-925246
-959282
-991552
-990751
-969396
-966730
-995855
-1026114
-1024483
-1000088
-991803
-1015805
-1043823
-1041238
-1013808
-999888
-1018617
-1044221
-1040659
-1010284
-990767
-1004180
-1027309
-1022804
-989690
-964652
-972735
-993420
-988169
-952507
-922143
-925001
-943292
-937498
-899621
-864207
-861909
-878005
-872005
-832314
-792155
-784886
-798956
-793117
-752086
-707500
-695516
-707832
-702617
-660747
-612157
-595646
-606517
-602382
-560265
-508041
-487267
-496990
-494502
-452736
-397317
-372499
-381386
-381109
-340351
-282116
-253459
-261843
-264400
-225270
-164627
-132291
-140465
-146420
-109627
-46946
-11003
-19172
-29223
4533
68936
108523
100110
85255
115267
181231
224638
215811
195437
220883
288232
335748
326478
299720
319728
388468
440689
430985
396818
410361
480575
538427
528413
485633
491418
563422
628297
618317
565237
561534
635908
709976
700602
634820
619169
696899
783643
775885
693742
662243
745005
850306
846060
741317
687026
777908
912924
916033
776497
685153
790317
979826
1000319
796921
629991
764046
1083965
1162312
789499
357892
557560
1611842
2887555
3391222
2705030
1395288
460564
402844
873694
1182637
1036346
720460
640476
837350
1015257
954165
760917
688012
802481
928144
895970
755065
686380
759762
856281
837938
725850
659474
707439
784705
774032
680092
614928
645169
708306
702232
620752
556181
573030
625114
621879
549486
485178
491415
534429
532989
467568
403383
400908
436260
436024
376215
312150
302391
331142
331745
276651
212789
196864
219922
221150
170238
106787
85657
103719
105554
58522
-4260
-29740
-15954
-13477
-56798
-118623
-147709
-137597
-134321
-173898
-234374
-266325
-259278
-255010
-290742
-349491
-383601
-379025
-373537
-405269
-461810
-497425
-494776
-487738
-515281
-569163
-605610
-604396
-595561
-618619
-669385
-706086
-705760
-694827
-713144
-760348
-796729
-796827
-783571
-796905
-840142
-875634
-875809
-859953
-868075
-906922
-941115
-940950
-922320
-925049
-959217
-991678
-990931
-969389
-966585
-995743
-1026171
-1024623
-1000130
-991705
-1015688
-1043819
-1041361
-1013879
-999797
-1018495
-1044188
-1040764
-1010402
-990747
-1004053
-1027221
-1022894
-989806
-964665
-972629
-993294
-988172
-952610
-922227
-924911
-943135
-937471
-899731
-864336
-861879
-877825
-871917
-832428
-792303
-784895
-798799
-792972
-752158
-707687
-695542
-707667
-702429
-660784
-612344
-595730
-606372
-602172
-560263
-508236
-487406
-496892
-494256
-452671
-397510
-372687
-381339
-380865
-340233
-282300
-253692
-261827
-264130
-225099
-164779
-132542
-140479
-146181
-109408
-47030
-11262
-19265
-29004
4779
68895
108261
99957
85442
115547
181268
224374
215610
195549
221162
288354
335551
326244
299769
320019
388660
440535
430675
396778
410621
480829
538335
528119
485507
491636
563753
628304
618015
564975
561657
636256
710112
700322
634473
619194
697309
783924
775661
693274
662082
745432
850812
845979
740702
686641
778284
913665
916210
775772
684360
790498
980913
1000988
796172
628501
763648
1085453
1164258
789580
355590
555119
1612045
2890620
3394306
2705125
1392358
457530
402549
875928
1184684
1036143
718645
639330
838024
1016717
954572
759949
686968
802623
929136
896516
754541
685513
759631
856973
838514
725584
658780
707187
785179
774567
680030
614387
644848
708601
702686
620814
555789
572700
625251
622243
549600
484901
491082
534451
533305
467735
403217
400644
436210
436254
376411
312075
302144
331011
331873
276864
212817
196693
219755
221206
170441
106868
85540
103562
105536
58679
-4156
-29803
-16161
-13571
-56674
-118463
-147725
-137772
-134459
-173833
-234200
-266276
-259416
-255181
-290753
-349311
-383488
-379139
-373729
-405316
-461648
-497270
-494860
-487973
-515357
-569020
-605441
-604405
-595757
-618746
-669273
-705885
-705731
-695020
-713307
-760276
-796516
-796768
-783733
-797093
-840083
-875436
-875705
-860084
-868282
-906922
-940921
-940842
-922437
-925251
-959238
-991504
-990771
-969464
-966789
-995830
-1026051
-1024482
-1000144
-991849
-1015796
-1043738
-1041192
-1013862
-999941
-1018627
-1044138
-1040580
-1010340
-990847
-1004189
-1027216
-1022733
-989721
-964748
-972778
-993326
-988044
-952484
-922261
-925039
-943212
-937391
-899598
-864310
-861988
-877939
-871867
-832264
-792247
-784984
-798918
-792969
-752012
-707604
-695617
-707827
-702459
-660646
-612190
-595753
-606523
-602252
-560142
-508065
-487398
-497038
-494378
-452608
-397306
-372632
-381467
-381019
-340174
-282091
-253581
-261941
-264322
-225110
-164569
-132384
-140576
-146393
-109451
-46825
-11049
-19322
-29257
4653
69094
108523
99960
85189
115377
181440
224686
215684
195305
220942
288468
335889
326356
299523
319740
388691
440874
430906
396579
410288
480794
538686
528392
485358
491275
563616
628612
618347
564919
561284
636049
710348
700724
634509
618828
696978
784067
776115
693449
661787
744985
850812
846431
741053
686431
777754
913444
916623
776374
684386
789881
980335
1001185
797052
629076
763122
1084245
1163611
790407
357321
556109
1611291
2888844
3393278
2705825
1393979
458362
401738
874372
1184048
1036945
719837
639575
837156
1015832
954716
760845
687486
802162
928365
896380
755143
686075
759470
856323
838217
726017
659342
707188
784625
774217
680297
614902
644952
708176
702317
620932
556213
572878
624937
621871
549640
485254
491297
534214
532933
467701
403520
400866
436067
435917
376297
312306
302411
330963
331571
276714
212968
196931
219764
220948
170241
106946
85748
103594
105337
58483
-4110
-29607
-16044
-13699
-56876
-118481
-147548
-137651
-134541
-174018
-234282
-266153
-259278
-255222
-290922
-349426
-383429
-378996
-373713
-405461
-461777
-497230
-494700
-487920
-515481
-569153
-605447
-604293
-595678
-618823
-669433
-705918
-705602
-694917
-713359
-760428
-796600
-796700
-783606
-797090
-840233
-875546
-875651
-859939
-868232
-907049
-941052
-940797
-922283
-925186
-959353
-991667
-990798
-969322
-966668
-995908
-1026226
-1024511
-1000022
-991736
-1015824
-1043896
-1041276
-1013751
-999781
-1018628
-1044296
-1040694
-1010244
-990676
-1004152
-1027365
-1022855
-989645
-964559
-972705
-993465
-988193
-952476
-922072
-924952
-943325
-937550
-899616
-864168
-861865
-878019
-872017
-832311
-792080
-784848
-798963
-793119
-752089
-707475
-695467
-707823
-702601
-660728
-612113
-595593
-606483
-602338
-560255
-508031
-487251
-496951
-494451
-452696
-397297
-372497
-381363
-381066
-340302
-282126
-253471
-261816
-264311
-225194
-164645
-132316
-140443
-146350
-109555
-46938
-11033
-19187
-29159
4629
68943
108480
100102
85344
115377
181283
224568
215785
195484
220989
288305
335711
326427
299790
319873
388548
440642
430907
396861
410488
480682
538395
528334
485649
491549
563538
628249
618192
565215
561654
636041
709944
700446
634759
619296
697085
783640
775720
693641
662346
745221
850374
845862
741129
687110
778182
913050
915838
776245
685217
790671
980034
1000069
796480
629943
764536
1084423
1162049
788654
357522
558499
1613779
2889040
3391013
2703325
1393517
459952
403411
874425
1182685
1035840
720086
640632
837721
1015343
953903
760666
688063
802712
928235
895792
754859
686396
759919
856374
837813
725674
659454
707559
784782
773947
679960
614906
645250
708369
702159
620629
556129
573096
625151
621814
549360
485131
491465
534443
532924
467473
403340
400966
436290
435975
376111
312100
302412
331182
331671
276560
212745
196902
219934
221085
170159
106741
85694
103761
105514
58424
-4327
-29724
-15931
-13534
-56894
-118700
-147689
-137556
-134365
-174000
-234441
-266304
-259246
-255046
-290862
-349561
-383599
-379005
-373544
-405365
-461876
-497413
-494735
-487781
-515382
-569258
-605620
-604346
-595561
-618692
-669460
-706097
-705710
-694826
-713223
-760452
-796758
-796790
-783553
-796967
-840238
-875669
-875766
-859900
-868102
-907008
-941149
-940916
-922274
-925080
-959293
-991735
-990883
-969327
-966575
-995846
-1026246
-1024626
-1000051
-991659
-1015760
-1043902
-1041355
-1013820
-999778
-1018536
-1044271
-1040744
-1010334
-990668
-1004099
-1027292
-1022897
-989717
-964605
-972639
-993374
-988211
-952538
-922129
-924895
-943217
-937478
-899669
-864243
-861872
-877892
-871932
-832364
-792207
-784845
-798828
-793014
-752128
-707596
-695507
-707698
-702476
-660759
-612259
-595673
-606377
-602202
-560227
-508150
-487344
-496884
-494292
-452665
-397426
-372620
-381314
-380879
-340224
-282225
-253639
-261805
-264133
-225075
-164710
-132472
-140448
-146177
-109399
-47001
-11192
-19215
-28994
4785
68922
108309
100018
85479
115567
181304
224411
215648
195598
221205
288346
335544
326282
299846
320069
388630
440504
430726
396888
410713
480835
538289
528122
485612
491755
563750
628209
617973
565108
561837
636303
709960
700214
634581
619434
697372
783721
775470
693374
662432
745568
850541
845647
740754
687084
778588
913385
915662
775721
684984
791069
980634
1000073
795773
629346
764857
1085433
1162615
787960
356144
558044
1615036
2891077
3391941
2702216
1391401
458775
404022
875845
1183344
1035193
719089
640442
838434
1015985
953750
759982
687719
803077
928779
895841
754389
686027
760104
856804
837964
725351
659106
707611
785123
774111
679733
614574
645229
708647
702365
620469
555848
573033
625384
622026
549279
484873
491346
534627
533134
467430
403110
400828
436400
436154
376117
311922
302270
331241
331861
276590
212593
196736
219953
221234
170209
106625
85537
103732
105623
58518
-4395
-29853
-15978
-13443
-56809
-118738
-147818
-137635
-134307
-173904
-234466
-266414
-259328
-255016
-290770
-349547
-383671
-379081
-373554
-405313
-461862
-497439
-494832
-487805
-515342
-569205
-605629
-604418
-595623
-618667
-669398
-706072
-705774
-694892
-713226
-760388
-796711
-796839
-783621
-797009
-840155
-875602
-875776
-859997
-868175
-906969
-941067
-940922
-922377
-925152
-959252
-991631
-990871
-969420
-966655
-995801
-1026151
-1024564
-1000133
-991747
-1015745
-1043804
-1041282
-1013864
-999855
-1018566
-1044168
-1040674
-1010343
-990778
-1004125
-1027227
-1022812
-989748
-964717
-972703
-993295
-988097
-952547
-922233
-924965
-943140
-937380
-899651
-864330
-861935
-877847
-871826
-832314
-792268
-784940
-798815
-792919
-752047
-707661
-695591
-707695
-702362
-660659
-612287
-595766
-606396
-602092
-560131
-508162
-487420
-496906
-494210
-452550
-397412
-372708
-381362
-380810
-340101
-282211
-253694
-261868
-264100
-224972
-164662
-132541
-140540
-146155
-109296
-46908
-11241
-19321
-28997
4880
69024
108297
99913
85455
115675
181408
224402
215538
195543
221300
288498
335575
326180
299765
320140
388786
440554
430621
396756
410744
480980
538362
528019
485466
491744
563895
628330
617888
564919
561784
636462
710138
700182
634391
619328
697504
783970
775491
693123
662235
745707
850863
845734
740519
686784
778654
913758
915888
775481
684546
791045
981120
1000497
795585
628672
764549
1086000
1163490
788100
355316
557126
1615310
2892572
3393336
2702135
1389861
457176
403709
876809
1184316
1035200
718337
639912
838655
1016600
953934
759615
687313
803112
929168
896069
754189
685702
760041
857063
838160
725265
658839
707528
785305
774296
679721
614389
645131
708746
702517
620490
555708
572893
625408
622145
549332
484759
491225
534630
533217
467491
403071
400711
436390
436209
376176
311887
302199
331187
331868
276634
212608
196686
219892
221250
170248
106657
85489
103675
105583
58546
-4364
-29872
-16036
-13495
-56787
-118678
-147805
-137697
-134363
-173907
-234410
-266391
-259367
-255096
-290807
-349505
-383644
-379125
-373630
-405333
-461819
-497414
-494851
-487885
-515381
-569177
-605591
-604408
-595681
-618733
-669376
-706014
-705743
-694953
-713297
-760376
-796662
-796818
-783685
-797070
-840159
-875561
-875744
-860045
-868244
-906966
-941023
-940895
-922412
-925225
-959268
-991592
-990833
-969435
-966735
-995834
-1026110
-1024520
-1000138
-991807
-1015778
-1043767
-1041231
-1013865
-999917
-1018609
-1044146
-1040622
-1010342
-990830
-1004174
-1027200
-1022745
-989719
-964726
-972745
-993306
-988052
-952505
-922249
-925013
-943147
-937330
-899590
-864333
-861979
-877863
-871802
-832253
-792262
-784979
-798823
-792871
-751996
-707631
-695623
-707733
-702335
-660595
-612251
-595785
-606410
-602074
-560071
-508128
-487442
-496930
-494194
-452495
-397356
-372719
-381400
-380816
-340042
-282141
-253716
-261908
-264106
-224918
-164608
-132547
-140566
-146159
-109242
-46856
-11219
-19352
-29029
4930
69107
108314
99874
85407
115684
181475
224454
215507
195484
221303
288567
335634
326150
299677
320119
388849
440645
430598
396684
410720
481046
538470
528029
485377
491694
563947
628451
617918
564841
561726
636512
710259
700228
634289
619241
697568
784095
775557
693048
662106
745699
851011
845844
740437
686635
778607
913913
916044
775389
684347
790958
981278
1000751
795553
628405
764360
1086137
1163833
788275
355067
556833
1615376
2893165
3393913
2702157
1389248
456451
403487
877112
1184731
1035279
718069
639669
838709
1016791
954056
759519
687154
803090
929277
896162
754169
685590
760002
857094
838207
725252
658802
707483
785324
774358
679727
614341
645078
708739
702527
620496
555689
572878
625405
622147
549332
484771
491204
534603
533205
467481
403050
400713
436349
436192
376178
311897
302192
331175
331848
276647
212609
196681
219890
221218
170257
106665
85515
103667
105569
58507
-4370
-29856
-16068
-13538
-56815
-118674
-147812
-137703
-134392
-173935
-234420
-266380
-259367
-255123
-290834
-349504
-383611
-379108
-373662
-405362
-461817
-497389
-494826
-487902
-515418
-569183
-605582
-604430
-595706
-618755
-669413
-706011
-705738
-694984
-713330
-760385
-796631
-796807
-783692
-797101
-840183
-875560
-875715
-860033
-868253
-906989
-941021
-940875
-922400
-925247
-959294
-991596
-990797
-969432
-966757
-995864
-1026123
-1024486
-1000133
-991850
-1015812
-1043783
-1041207
-1013853
-999936
-1018636
-1044168
-1040599
-1010321
-990836
-1004166
-1027198
-1022716
-989690
-964739
-972774
-993292
-988020
-952497
-922250
-925019
-943153
-937307
-899578
-864339
-862002
-877872
-871762
-832225
-792266
-784994
-798832
-792861
-751967
-707612
-695629
-707735
-702316
-660583
-612248
-595805
-606441
-602068
-560050
-508111
-487442
-496942
-494169
-452458
-397348
-372705
-381407
-380802
-340015
-282130
-253702
-261927
-264094
-224889
-164570
-132535
-140589
-146161
-109220
-46826
-11210
-19359
-29014
4958
69133
108331
99846
85410
115711
181515
224451
215503
195499
221324
288579
335644
326136
299689
320141
388900
440634
430586
396693
410737
481089
538461
528011
485370
491716
564013
628440
617883
564838
561746
636553
710263
700168
634260
619261
697616
784102
775509
693018
662139
745779
851008
845765
740386
686685
778711
913940
915954
775316
684394
791084
981317
1000610
795399
628451
764582
1086262
1163643
787900
354988
557349
1616209
2893641
3393661
2701401
1388609
456387
403784
877328
1184642
1035024
717992
639831
838852
1016774
953875
759447
687240
803209
929272
896023
754068
685640
760095
857123
838121
725182
658829
707586
785329
774271
679636
614361
645153
708765
702468
620409
555673
572941
625434
622092
549250
484744
491275
534646
533199
467422
403016
400732
436381
436199
376118
311866
302201
331202
331856
276588
212565
196699
219915
221205
170194
106586
85497
103694
105570
58466
-4384
-29897
-16038
-13524
-56857
-118726
-147823
-137679
-134368
-173962
-234481
-266410
-259350
-255098
-290868
-349568
-383646
-379105
-373648
-405395
-461882
-497417
-494817
-487878
-515415
-569227
-605625
-604417
-595666
-618780
-669453
-706034
-705745
-694957
-713317
-760420
-796678
-796808
-783671
-797089
-840221
-875581
-875748
-860008
-868261
-907034
-941070
-940863
-922376
-925215
-959306
-991642
-990835
-969409
-966719
-995869
-1026143
-1024518
-1000103
-991827
-1015815
-1043795
-1041232
-1013821
-999904
-1018622
-1044172
-1040603
-1010298
-990802
-1004186
-1027219
-1022728
-989690
-964714
-972748
-993298
-988034
-952491
-922233
-925006
-943156
-937314
-899579
-864308
-861957
-877865
-871771
-832229
-792232
-784964
-798830
-792868
-751979
-707598
-695615
-707735
-702323
-660572
-612214
-595779
-606427
-602061
-560025
-508103
-487435
-496931
-494180
-452448
-397350
-372701
-381380
-380789
-340015
-282127
-253700
-261909
-264067
-224873
-164579
-132518
-140551
-146129
-109184
-46823
-11231
-19356
-28980
4991
69115
108293
99882
85456
115750
181492
224415
215528
195552
221363
288577
335592
326125
299739
320206
388881
440573
430573
396744
410825
481086
538378
527974
485457
491822
563997
628357
617834
564898
561870
636566
710140
700082
634343
619430
697652
783972
775370
693059
662354
745880
850875
845573
740391
686928
778874
913789
915652
775274
684698
791401
981203
1000136
795201
628871
765190
1086272
1162850
787096
355239
558675
1617535
2893756
3392504
2700098
1388302
457064
404482
877227
1183931
1034579
718264
640369
839023
1016410
953497
759500
687605
803402
929068
895720
754033
685885
760303
857016
837875
725104
658981
707760
785290
774051
679538
614471
645325
708758
702300
620304
555745
573084
625477
621958
549128
484783
491388
534675
533096
467284
403026
400853
436474
436120
375980
311828
302297
331274
331801
276478
212507
196757
219993
221206
170087
106515
85554
103773
105574
58377
-4486
-29854
-15946
-13501
-56944
-118842
-147808
-137594
-134354
-174046
-234567
-266434
-259293
-255034
-290903
-349673
-383682
-379044
-373585
-405427
-461961
-497477
-494784
-487804
-515439
-569328
-605678
-604391
-595604
-618752
-669546
-706120
-705714
-694878
-713304
-760511
-796772
-796813
-783595
-797040
-840279
-875682
-875756
-859929
-868206
-907059
-941154
-940897
-922310
-925146
-959342
-991713
-990851
-969350
-966668
-995893
-1026226
-1024555
-1000037
-991737
-1015830
-1043891
-1041262
-1013785
-999834
-1018620
-1044239
-1040677
-1010269
-990733
-1004166
-1027294
-1022796
-989669
-964623
-972710
-993361
-988096
-952474
-922149
-924966
-943214
-937397
-899560
-864222
-861921
-877882
-871852
-832229
-792150
-784900
-798849
-792913
-751984
-707546
-695558
-707714
-702363
-660593
-612186
-595713
-606407
-602112
-560080
-508067
-487347
-496913
-494207
-452494
-397316
-372627
-381342
-380803
-340055
-282108
-253621
-261849
-264094
-224923
-164594
-132463
-140481
-146132
-109240
-46845
-11183
-19285
-28971
4944
69092
108355
99943
85473
115707
181459
224440
215593
195595
221329
288522
335611
326215
299824
320199
388812
440577
430652
396848
410828
481000
538337
528034
485553
491848
563931
628269
617865
565023
561946
636508
710019
700099
634497
619547
697584
783788
775330
693253
662535
745810
850628
845445
740593
687231
778887
913470
915400
775476
685162
791536
980746
999617
795313
629590
765691
1085770
1161713
786607
356197
560421
1618479
2893013
3390886
2699193
1388829
458158
404826
876497
1183025
1034518
718989
640964
838812
1015734
953238
759899
688114
803375
928594
895411
754278
686336
760377
856652
837551
725217
659348
707868
785027
773774
679579
614789
645493
708589
702017
620296
556012
573253
625332
621708
549079
484983
491564
534585
532849
467200
403187
401025
436416
435895
375881
311938
302462
331259
331615
276328
212581
196928
220012
221024
169932
106578
85702
103825
105438
58222
-4464
-29709
-15869
-13613
-57079
-118840
-147698
-137522
-134432
-174182
-234612
-266329
-259199
-255105
-291052
-349717
-383607
-378940
-373610
-405545
-462044
-497424
-494686
-487814
-515539
-569431
-605642
-604263
-595571
-618862
-669646
-706112
-705636
-694811
-713388
-760644
-796772
-796713
-783533
-797123
-840409
-875725
-875653
-859871
-868241
-907206
-941207
-940817
-922201
-925173
-959455
-991789
-990795
-969230
-966655
-996004
-1026328
-1024538
-999951
-991699
-1015919
-1043982
-1041247
-1013657
-999749
-1018669
-1044375
-1040679
-1010170
-990619
-1004216
-1027411
-1022840
-989558
-964523
-972737
-993489
-988132
-952352
-922017
-924965
-943313
-937458
-899482
-864083
-861881
-878023
-871932
-832158
-792017
-784861
-798939
-793015
-751931
-707386
-695475
-707825
-702495
-660561
-612011
-595621
-606488
-602238
-560063
-507915
-487258
-496967
-494348
-452506
-397155
-372475
-381385
-380960
-340086
-281945
-253466
-261864
-264244
-224971
-164456
-132306
-140491
-146284
-109321
-46725
-10973
-19245
-29128
4849
69190
108539
100013
85342
115598
181527
224640
215676
195463
221202
288563
335793
326336
299725
320039
388826
440749
430781
396759
410632
480984
538524
528207
485509
491650
563862
628435
618091
565006
561732
636380
710184
700349
634530
619333
697402
783917
775613
693336
662310
745568
850708
845784
740779
687043
778565
913435
915727
775771
685039
791086
980546
999947
795860
629683
765156
1085185
1161767
787347
356945
560541
1618059
2892730
3391192
2699781
1388934
457466
403851
876061
1183455
1035236
719215
640544
838286
1015681
953626
760228
688000
803012
928421
895612
754569
686342
760076
856433
837656
725483
659451
707673
784776
773781
679811
614907
645345
708353
701977
620468
556149
573182
625109
621610
549218
485147
491517
534388
532735
467315
403372
401026
436201
435732
375949
312129
302511
331096
331440
276379
212756
197000
219884
220847
169947
106746
85798
103689
105243
58194
-4332
-29611
-15982
-13808
-57146
-118713
-147585
-137577
-134622
-174266
-234480
-266173
-259242
-255295
-291134
-349619
-383448
-378959
-373797
-405680
-461964
-497274
-494681
-487989
-515697
-569347
-605489
-604254
-595732
-619010
-669614
-705966
-705577
-694971
-713554
-760609
-796615
-796640
-783633
-797284
-840412
-875562
-875577
-859955
-868406
-907239
-941066
-940715
-922276
-925348
-959540
-991667
-990666
-969284
-966817
-996073
-1026226
-1024368
-999962
-991852
-1016010
-1043910
-1041107
-1013657
-999905
-1018786
-1044294
-1040512
-1010121
-990753
-1004316
-1027372
-1022656
-989469
-964637
-972876
-993449
-987996
-952281
-922108
-925116
-943339
-937320
-899359
-864149
-862029
-878031
-871786
-832021
-792051
-784989
-799019
-792910
-751772
-707388
-695622
-707895
-702393
-660393
-611974
-595725
-606575
-602176
-559904
-507833
-487347
-497093
-494298
-452335
-397074
-372581
-381528
-380962
-339916
-281825
-253534
-262006
-264269
-224822
-164299
-132327
-140647
-146349
-109189
-46526
-10982
-19421
-29238
4920
69405
108585
99852
85204
115678
181746
224729
215512
195278
221234
288802
335944
326198
299465
320010
389075
440950
430670
396478
410555
481224
538804
528154
485189
491503
564102
628792
618052
564634
561490
636605
710608
700399
634109
618995
697601
784440
775775
692892
661837
745698
851328
846105
740307
686334
778567
914211
916303
775305
684035
790869
981526
1001003
795512
628179
764304
1086270
1163827
787947
355080
558028
1617756
2895390
3394301
2700263
1386345
454450
403240
877985
1185418
1035229
717648
639443
838842
1016971
954042
759390
687080
803143
929292
896075
754110
685620
760030
857067
838094
725221
658847
707543
785245
774202
679668
614424
645138
708674
702372
620426
555752
572949
625319
621963
549217
484814
491286
534539
533027
467381
403092
400791
436309
436009
376028
311902
302270
331124
331684
276478
212606
196764
219868
221027
170072
106639
85571
103638
105408
58326
-4399
-29809
-16071
-13678
-56985
-118743
-147761
-137666
-134520
-174135
-234499
-266348
-259354
-255235
-291014
-349600
-383594
-379088
-373742
-405542
-461936
-497377
-494810
-487958
-515572
-569301
-605571
-604377
-595759
-618930
-669529
-706008
-705698
-694994
-713471
-760518
-796657
-796763
-783700
-797201
-840308
-875586
-875677
-860036
-868361
-907124
-941037
-940806
-922380
-925322
-959417
-991624
-990761
-969382
-966818
-995967
-1026141
-1024442
-1000078
-991887
-1015913
-1043825
-1041137
-1013766
-999948
-1018699
-1044199
-1040535
-1010221
-990814
-1004236
-1027244
-1022668
-989591
-964726
-972832
-993340
-987959
-952370
-922215
-925061
-943191
-937261
-899462
-864263
-862020
-877897
-871696
-832111
-792187
-785005
-798862
-792788
-751839
-707537
-695661
-707752
-702250
-660452
-612148
-595796
-606442
-602007
-559921
-508012
-487432
-496973
-494124
-452321
-397249
-372693
-381417
-380739
-339874
-282005
-253675
-261930
-264031
-224748
-164461
-132528
-140588
-146095
-109078
-46714
-11215
-19392
-28957
5112
69243
108333
99842
85468
115871
181639
224454
215471
195554
221474
288719
335621
326077
299755
320340
389036
440612
430503
396733
410928
481224
538423
527899
485418
491957
564180
628389
617736
564851
562005
636757
710184
699960
634261
619556
697873
784005
775203
692962
662508
746124
850898
845351
740251
687119
779231
913836
915307
775017
684929
791896
981307
999622
794686
629147
766083
1086645
1161932
785706
355230
560963
1620823
2895491
3391336
2697158
1386021
456768
405435
877821
1183485
1033849
718196
640968
839432
1016145
952948
759371
688013
803757
928889
895265
753889
686205
760612
856899
837473
724932
659213
708024
785218
773714
679341
614636
645588
708728
701982
620115
555862
573312
625460
621693
548922
484870
491603
534688
532826
467073
403078
401061
436481
435870
375758
311837
302482
331332
331594
276209
212477
196922
220065
221014
169835
106461
85670
103868
105419
58124
-4563
-29741
-15857
-13630
-57188
-118933
-147729
-137497
-134450
-174264
-234707
-266365
-259181
-255133
-291123
-349819
-383631
-378921
-373616
-405627
-462135
-497453
-494667
-487800
-515632
-569497
-605675
-604265
-595579
-618937
-669743
-706139
-705600
-694808
-713456
-760717
-796801
-796675
-783533
-797163
-840471
-875745
-875650
-859854
-868268
-907280
-941250
-940801
-922173
-925209
-959539
-991828
-990774
-969205
-966664
-996066
-1026366
-1024493
-999907
-991704
-1015965
-1044029
-1041222
-1013603
-999775
-1018738
-1044409
-1040619
-1010082
-990629
-1004252
-1027441
-1022780
-989468
-964508
-972809
-993520
-988103
-952286
-921996
-925017
-943347
-937422
-899399
-864041
-861916
-878059
-871875
-832071
-791964
-784882
-799004
-793003
-751808
-707299
-695508
-707871
-702470
-660461
-611915
-595630
-606533
-602216
-559939
-507806
-487237
-497018
-494338
-452395
-397058
-372474
-381443
-380962
-339982
-281814
-253451
-261926
-264247
-224890
-164303
-132239
-140560
-146322
-109239
-46576
-10911
-19304
-29167
4934
69353
108615
99936
85260
115637
181678
224744
215623
195373
221224
288727
335913
326282
299599
320026
388985
440914
430765
396626
410616
481150
538710
528207
485357
491605
564024
628642
618084
564834
561653
636518
710416
700362
634326
619196
697562
784167
775666
693120
662131
745679
851007
845903
740526
686748
778623
913818
915940
775509
684619
791099
981010
1000322
795587
629089
764985
1085766
1162407
787211
356179
560351
1619382
2894950
3392442
2698801
1386397
455391
403646
877328
1184528
1035084
718316
640061
838644
1016331
953748
759753
687589
803116
928838
895765
754297
686011
760102
856711
837808
725294
659164
707633
784978
773928
679675
614680
645267
708467
702109
620411
555956
573084
625176
621716
549166
484980
491412
534428
532817
467289
403238
400912
436217
435803
375936
312004
302386
331080
331505
276369
212665
196895
219833
220859
169945
106675
85674
103643
105254
58194
-4392
-29689
-16041
-13809
-57142
-118746
-147642
-137652
-134638
-174265
-234513
-266260
-259313
-255322
-291144
-349646
-383511
-379035
-373813
-405679
-461979
-497311
-494751
-488036
-515714
-569361
-605506
-604304
-595805
-619038
-669596
-705971
-705616
-695036
-713585
-760596
-796616
-796675
-783711
-797321
-840396
-875559
-875611
-860032
-868446
-907212
-941041
-940722
-922355
-925386
-959488
-991627
-990673
-969341
-966859
-996049
-1026163
-1024357
-1000025
-991930
-1015973
-1043823
-1041072
-1013709
-999969
-1018788
-1044209
-1040463
-1010185
-990855
-1004333
-1027272
-1022596
-989526
-964731
-972886
-993365
-987891
-952280
-922208
-925141
-943224
-937198
-899379
-864236
-862061
-877935
-871659
-832010
-792144
-785050
-798897
-792749
-751740
-707492
-695690
-707786
-702207
-660359
-612087
-595819
-606488
-601980
-559805
-507929
-487461
-497007
-494102
-452239
-397166
-372698
-381459
-380717
-339777
-281908
-253683
-261980
-264033
-224670
-164366
-132504
-140643
-146106
-108986
-46590
-11173
-19448
-28988
5173
69366
108384
99772
85419
115948
181742
224486
215406
195496
221557
288843
335670
326008
299669
320377
389166
440691
430461
396677
410976
481374
538503
527822
485313
491972
564294
628473
617668
564738
562011
636898
710285
699910
634132
619553
698004
784123
775147
692824
662458
746271
851065
845310
740056
687040
779373
914052
915297
774793
684807
792068
981569
999626
794392
628922
766292
1087067
1162000
785215
354770
561374
1622190
2896865
3391527
2695949
1384407
455954
405758
878548
1183751
1033508
717773
640978
839750
1016313
952804
759131
687997
803942
929015
895179
753715
686153
760719
856983
837428
724802
659166
708112
785292
773680
679221
614590
645656
708785
701943
620002
555809
573353
625511
621655
548806
484807
491629
534733
532798
466989
403020
401060
436517
435863
375689
311790
302487
331346
331568
276136
212417
196941
220095
220976
169771
106420
85691
103882
105399
58065
-4628
-29728
-15821
-13647
-57235
-119005
-147723
-137467
-134455
-174346
-234757
-266369
-259156
-255150
-291204
-349869
-383638
-378897
-373641
-405697
-462190
-497455
-494647
-487827
-515688
-569566
-605672
-604225
-595600
-618983
-669780
-706152
-705582
-694825
-713490
-760774
-796810
-796658
-783510
-797221
-840543
-875758
-875612
-859851
-868336
-907331
-941246
-940755
-922162
-925262
-959594
-991846
-990732
-969184
-966712
-996128
-1026361
-1024434
-999874
-991757
-1016033
-1044037
-1041184
-1013586
-999781
-1018807
-1044414
-1040579
-1010037
-990624
-1004293
-1027474
-1022736
-989413
-964494
-972848
-993528
-988048
-952202
-921973
-925046
-943387
-937377
-899321
-864035
-861953
-878094
-871850
-831997
-791932
-784914
-799024
-792943
-751733
-707258
-695516
-707890
-702434
-660368
-611878
-595625
-606559
-602193
-559866
-507723
-487258
-497055
-494340
-452315
-396965
-372467
-381491
-380962
-339893
-281747
-253420
-261981
-264273
-224809
-164210
-132228
-140612
-146331
-109152
-46465
-10906
-19375
-29200
4959
69475
108655
99886
85210
115685
181812
224814
215548
195292
221271
288874
335996
326227
299491
320057
389152
440994
430690
396494
410622
481299
538836
528131
485212
491573
564163
628805
618039
564656
561576
636685
710587
700358
634124
619080
697705
784412
775671
692881
661959
745858
851323
845960
740271
686508
778769
914217
916092
775208
684244
791179
981534
1000620
795229
628445
764903
1086458
1163099
787001
355184
559815
1620351
2896901
3393597
2697985
1384273
453823
403787
878577
1185361
1034726
717419
639715
839159
1016925
953713
759215
687270
803384
929270
895835
753912
685699
760245
857075
837904
725034
658900
707676
785258
774041
679478
614426
645273
708697
702237
620271
555724
573035
625367
621864
549083
484778
491362
534564
532933
467220
403032
400852
436344
435929
375888
311830
302291
331167
331624
276352
212513
196782
219907
221002
169941
106520
85590
103699
105357
58215
-4534
-29831
-16022
-13705
-57126
-118868
-147777
-137646
-134532
-174226
-234609
-266369
-259311
-255250
-291110
-349728
-383629
-379065
-373758
-405626
-462056
-497439
-494763
-487955
-515651
-569406
-605635
-604340
-595734
-618983
-669636
-706074
-705687
-694986
-713501
-760616
-796712
-796746
-783684
-797259
-840419
-875653
-875660
-859979
-868368
-907213
-941119
-940812
-922335
-925317
-959489
-991707
-990753
-969333
-966798
-996025
-1026209
-1024425
-1000000
-991847
-1015966
-1043880
-1041140
-1013728
-999912
-1018730
-1044248
-1040541
-1010161
-990767
-1004268
-1027294
-1022648
-989527
-964658
-972826
-993381
-987972
-952318
-922129
-925049
-943223
-937265
-899411
-864189
-861983
-877908
-871695
-832048
-792107
-784970
-798876
-792780
-751772
-707458
-695597
-707740
-702241
-660388
-612074
-595727
-606426
-601993
-559861
-507935
-487374
-496936
-494108
-452291
-397142
-372618
-381398
-380727
-339851
-281940
-253610
-261903
-264024
-224694
-164377
-132437
-140563
-146082
-109027
-46638
-11126
-19322
-28946
5134
69316
108404
99896
85483
115887
181688
224525
215524
195598
221505
288750
335697
326139
299783
320354
389052
440658
430565
396769
410973
481257
538438
527938
485481
491982
564163
628390
617778
564929
562057
636734
710149
699979
634357
619652
697854
783939
775195
693067
662620
746102
850788
845307
740363
687293
779229
913630
915168
775166
685245
791975
980967
999274
794814
629734
766481
1086199
1160938
785237
356185
563051
1622635
2895841
3390261
2695693
1385128
456541
405337
877536
1183268
1034000
718587
641118
839144
1015751
952925
759711
688252
803585
928526
895152
754158
686466
760514
856580
837334
725114
659471
707993
784928
773533
679458
614881
645585
708473
701792
620186
556084
573346
625225
621459
548957
485062
491648
534471
532600
467083
403260
401115
436302
435643
375722
312004
302559
331165
331357
276167
212630
197019
219923
220748
169754
106608
85798
103765
105173
58006
-4470
-29626
-15951
-13856
-57297
-118835
-147577
-137556
-134689
-174434
-234641
-266212
-259215
-255352
-291293
-349759
-383499
-378950
-373829
-405807
-462094
-497296
-494657
-488018
-515810
-569471
-605519
-604241
-595775
-619147
-669718
-705966
-705549
-694989
-713644
-760718
-796651
-796612
-783679
-797393
-840521
-875580
-875533
-859969
-868499
-907324
-941073
-940653
-922286
-925423
-959591
-991657
-990615
-969291
-966902
-996153
-1026206
-1024316
-999942
-991925
-1016063
-1043887
-1041034
-1013623
-999968
-1018849
-1044270
-1040425
-1010072
-990817
-1004403
-1027328
-1022549
-989416
-964690
-972955
-993422
-987855
-952195
-922162
-925179
-943275
-937178
-899276
-864179
-862109
-877994
-871644
-831910
-792069
-785069
-798952
-792738
-751655
-707408
-695685
-707842
-702204
-660248
-611995
-595815
-606547
-601970
-559722
-507845
-487438
-497068
-494108
-452131
-397068
-372680
-381514
-380740
-339697
-281817
-253657
-262049
-264047
-224567
-164263
-132459
-140706
-146146
-108901
-46480
-11133
-19499
-29015
5243
69476
108414
99730
85394
115997
181872
224543
215361
195447
221592
288957
335756
325980
299615
320418
389268
440737
430407
396594
410997
481477
538574
527799
485234
492000
564436
628553
617621
564628
562017
637032
710378
699860
634010
619544
698152
784247
775098
692672
662432
746413
851203
845252
739873
687000
779546
914224
915235
774563
684740
792290
981806
999566
794092
628795
766587
1087440
1161898
784657
354462
562067
1623772
2898161
3391486
2694596
1382830
455311
406142
879160
1183851
1033113
717469
641083
840051
1016401
952589
758934
688035
804127
929088
895030
753563
686177
760869
857041
837295
724663
659184
708226
785328
773565
679114
614605
645742
708808
701850
619904
555838
573434
625510
621572
548736
484808
491708
534759
532716
466897
403014
401136
436550
435788
375595
311776
302538
331366
331479
276050
212408
196995
220112
220917
169659
106385
85739
103907
105323
57947
-4651
-29691
-15821
-13712
-57347
-119021
-147695
-137462
-134535
-174428
-234808
-266331
-259121
-255181
-291290
-349928
-383610
-378875
-373695
-405788
-462251
-497424
-494593
-487881
-515774
-569607
-605644
-604196
-595645
-619085
-669848
-706130
-705544
-694849
-713584
-760825
-796784
-796604
-783529
-797314
-840602
-875730
-875542
-859832
-868403
-907388
-941214
-940691
-922158
-925314
-959675
-991813
-990670
-969179
-966789
-996202
-1026347
-1024368
-999852
-991804
-1016086
-1044006
-1041094
-1013550
-999854
-1018862
-1044411
-1040506
-1009994
-990684
-1004392
-1027456
-1022638
-989351
-964531
-972933
-993546
-987977
-952134
-921995
-925148
-943408
-937273
-899237
-864047
-862041
-878088
-871766
-831867
-791922
-784994
-799060
-792856
-751615
-707247
-695599
-707924
-702335
-660233
-611841
-595713
-606604
-602095
-559725
-507700
-487317
-497137
-494246
-452146
-396919
-372557
-381575
-380911
-339727
-281654
-253507
-262055
-264205
-224630
-164107
-132313
-140712
-146301
-108973
-46364
-10943
-19472
-29172
5133
69607
108620
99764
85216
115872
181969
224765
215410
195285
221452
289047
335983
326062
299459
320241
389354
441008
430500
396402
410804
481554
538859
527932
485078
491745
564443
628858
617825
564492
561717
637016
710714
700085
633866
619188
698086
784591
775424
692531
662028
746286
851569
845674
739782
686492
779305
914626
915796
774522
684087
791855
982215
1000382
794235
627948
765732
1087749
1163208
785438
353699
560547
1623341
2899699
3393643
2695188
1381186
452998
405285
880256
1185346
1033405
716490
640173
840225
1017249
952985
758471
687390
804111
929618
895399
753318
685689
760774
857418
837617
724523
658805
708089
785602
773862
679053
614271
645583
709030
702125
619852
555543
573273
625666
621797
548722
484574
491541
534849
532927
466909
402814
400954
436612
435970
375624
311602
302385
331417
331648
276090
212268
196840
220117
221065
169728
106260
85589
103906
105458
58018
-4769
-29854
-15841
-13601
-57272
-119131
-147836
-137477
-134440
-174383
-234873
-266452
-259168
-255114
-291208
-349970
-383744
-378931
-373608
-405735
-462286
-497568
-494654
-487821
-515707
-569648
-605753
-604261
-595587
-619017
-669853
-706216
-705614
-694828
-713528
-760822
-796877
-796694
-783500
-797221
-840598
-875810
-875638
-859832
-868328
-907376
-941301
-940765
-922143
-925257
-959626
-991879
-990728
-969151
-966696
-996155
-1026414
-1024457
-999848
-991725
-1016073
-1044077
-1041157
-1013529
-999764
-1018831
-1044438
-1040584
-1010014
-990631
-1004333
-1027497
-1022705
-989362
-964474
-972855
-993557
-988040
-952154
-921939
-925066
-943412
-937352
-899245
-863968
-861973
-878100
-871804
-831920
-791877
-784920
-799025
-792923
-751646
-707193
-695525
-707898
-702390
-660287
-611809
-595620
-606583
-602161
-559768
-507651
-487250
-497094
-494282
-452198
-396885
-372462
-381510
-380927
-339777
-281649
-253423
-261999
-264232
-224675
-164111
-132207
-140640
-146309
-109030
-46346
-10861
-19417
-29207
5079
69601
108696
99835
85209
115820
181964
224849
215498
195284
221388
289038
336045
326135
299455
320164
389302
441072
430613
396430
410711
481484
538900
528043
485095
491680
564379
628906
617930
564542
561660
636911
710718
700232
633937
619114
697964
784596
775540
692631
661971
746147
851542
845802
739930
686425
779118
914559
915942
774737
684065
791616
982070
1000515
794540
628043
765452
1087396
1163184
785832
354123
560704
1623257
2899744
3393933
2695390
1380942
452327
404685
880183
1185763
1033803
716465
639831
840019
1017359
953250
758540
687214
803910
929659
895562
753413
685597
760595
857390
837757
724611
658720
707980
785568
773943
679107
614236
645461
708959
702177
619930
555514
573180
625623
621820
548793
484560
491461
534797
532956
466950
402823
400911
436536
435984
375676
311600
302337
331358
331652
276149
212264
196789
220059
221046
169751
106278
85544
103830
105427
58049
-4741
-29874
-15892
-13609
-57244
-119087
-147850
-137521
-134472
-174350
-234861
-266494
-259221
-255138
-291192
-349959
-383762
-378979
-373655
-405717
-462271
-497578
-494716
-487848
-515699
-569633
-605775
-604299
-595614
-618998
-669847
-706219
-705650
-694846
-713507
-760808
-796897
-796724
-783531
-797245
-840562
-875796
-875640
-859868
-868349
-907346
-941304
-940803
-922181
-925271
-959603
-991869
-990762
-969192
-966701
-996152
-1026392
-1024449
-999875
-991752
-1016043
-1044031
-1041168
-1013556
-999795
-1018801
-1044425
-1040591
-1010028
-990620
-1004306
-1027452
-1022726
-989394
-964505
-972838
-993522
-988033
-952175
-921976
-925047
-943368
-937315
-899262
-863986
-861971
-878068
-871800
-831913
-791878
-784897
-799000
-792897
-751659
-707214
-695508
-707876
-702351
-660276
-611829
-595633
-606531
-602122
-559776
-507671
-487234
-497046
-494254
-452212
-396915
-372468
-381465
-380891
-339779
-281658
-253418
-261988
-264201
-224680
-164127
-132205
-140597
-146269
-109046
-46361
-10877
-19370
-29168
5072
69573
108687
99863
85266
115820
181944
224817
215516
195342
221391
289001
336037
326180
299523
320201
389290
441019
430638
396508
410745
481445
538876
528050
485169
491710
564361
628854
617925
564598
561702
636881
710655
700208
634002
619168
697941
784506
775530
692705
662031
746127
851469
845771
740008
686525
779138
914447
915867
774801
684200
791631
981926
1000376
794605
628273
765586
1087215
1162865
785731
354478
561262
1623646
2899678
3393589
2695116
1380883
452370
404640
880048
1185698
1033870
716595
639878
839909
1017272
953279
758628
687269
803859
929562
895559
753455
685646
760589
857327
837728
724655
658777
707940
785522
773933
679150
614290
645463
708911
702135
619941
555569
573178
625572
621819
548789
484577
491472
534747
532921
466948
402826
400904
436523
435934
375656
311636
302330
331319
331638
276128
212277
196769
220047
221003
169743
106300
85533
103807
105398
58034
-4742
-29886
-15903
-13641
-57274
-119087
-147857
-137561
-134481
-174371
-234840
-266487
-259243
-255162
-291209
-349956
-383738
-378996
-373668
-405732
-462273
-497570
-494711
-487856
-515715
-569623
-605763
-604322
-595646
-619017
-669847
-706239
-705656
-694878
-713536
-760806
-796874
-796711
-783568
-797260
-840585
-875808
-875655
-859883
-868360
-907361
-941281
-940786
-922187
-925285
-959612
-991864
-990740
-969199
-966730
-996154
-1026376
-1024455
-999855
-991753
-1016050
-1044030
-1041175
-1013560
-999810
-1018819
-1044406
-1040574
-1010038
-990634
-1004317
-1027456
-1022715
-989392
-964509
-972851
-993517
-988011
-952176
-921956
-925045
-943363
-937313
-899250
-863991
-861967
-878065
-871764
-831905
-791895
-784902
-799008
-792895
-751659
-707200
-695506
-707865
-702353
-660267
-611802
-595637
-606534
-602098
-559743
-507677
-487250
-497036
-494237
-452184
-396871
-372452
-381472
-380876
-339767
-281640
-253402
-261979
-264182
-224652
-164087
-132204
-140630
-146265
-109005
-46339
-10862
-19377
-29143
5099
69597
108676
99858
85267
115839
181964
224835
215520
195342
221438
289031
336040
326146
299513
320225
389325
441058
430607
396485
410760
481489
538875
528043
485141
491730
564398
628881
617925
564553
561718
636937
710698
700180
633951
619179
698025
784567
775506
692661
662049
746210
851536
845733
739901
686506
779212
914527
915836
774700
684182
791748
982058
1000366
794436
628151
765711
1087460
1162865
785443
354212
561467
1624381
2900403
3393659
2694442
1380055
451990
404889
880454
1185794
1033627
716375
639911
840141
1017356
953137
758472
687240
804019
929653
895473
753332
685621
760692
857408
837678
724551
658742
708037
785579
773896
679069
614256
645523
708989
702130
619873
555529
573236
625625
621795
548726
484534
491508
534803
532917
466888
402794
400911
436577
435947
375582
311575
302348
331363
331624
276057
212231
196774
220081
221034
169701
106255
85542
103853
105412
57992
-4771
-29893
-15883
-13644
-57327
-119146
-147862
-137516
-134479
-174419
-234918
-266481
-259214
-255137
-291265
-350016
-383771
-378967
-373661
-405758
-462338
-497571
-494700
-487853
-515734
-569690
-605781
-604279
-595611
-619055
-669879
-706243
-705635
-694826
-713561
-760867
-796911
-796696
-783520
-797268
-840643
-875842
-875635
-859833
-868348
-907413
-941333
-940778
-922153
-925281
-959654
-991892
-990727
-969169
-966728
-996183
-1026427
-1024445
-999815
-991748
-1016089
-1044088
-1041146
-1013520
-999792
-1018857
-1044451
-1040557
-1009976
-990621
-1004338
-1027490
-1022680
-989341
-964482
-972871
-993574
-988006
-952102
-921926
-925069
-943404
-937300
-899208
-863960
-861969
-878084
-871780
-831848
-791836
-784916
-799044
-792881
-751608
-707171
-695526
-707901
-702341
-660225
-611764
-595629
-606579
-602109
-559680
-507597
-487239
-497087
-494258
-452138
-396833
-372457
-381528
-380890
-339699
-281577
-253419
-262035
-264197
-224620
-164022
-132196
-140680
-146311
-108969
-46272
-10862
-19442
-29182
5149
69690
108723
99789
85214
115910
182068
224852
215463
195266
221455
289123
336062
326087
299422
320262
389418
441099
430536
396408
410809
481609
538953
527961
485044
491728
564531
628948
617847
564428
561710
637104
710798
700111
633817
619176
698181
784695
775436
692453
662001
746382
851698
845674
739677
686458
779428
914764
915781
774377
684037
791988
982412
1000337
793993
627865
766015
1088058
1163042
784830
353471
561626
1625572
2901659
3393759
2693285
1378691
451642
405546
881193
1185780
1033015
715955
640132
840605
1017502
952805
758140
687324
804322
929803
895284
753080
685644
760935
857550
837532
724311
658724
708204
785694
773777
678864
614209
645669
709113
702055
619701
555466
573361
625733
621738
548562
484498
491588
534914
532862
466740
402744
401004
436656
435896
375476
311523
302410
331476
331595
275949
212173
196848
220163
221013
169587
106160
85598
103936
105398
57873
-4874
-29841
-15807
-13644
-57425
-119222
-147830
-137453
-134472
-174487
-234967
-266478
-259146
-255137
-291335
-350073
-383747
-378874
-373633
-405840
-462408
-497563
-494629
-487831
-515811
-569746
-605794
-604219
-595597
-619115
-669990
-706250
-705540
-694798
-713624
-760945
-796911
-796640
-783489
-797322
-840719
-875833
-875566
-859804
-868417
-907485
-941334
-940703
-922127
-925318
-959745
-991916
-990674
-969114
-966770
-996280
-1026450
-1024374
-999784
-991800
-1016171
-1044102
-1041097
-1013462
-999820
-1018922
-1044474
-1040499
-1009925
-990644
-1004437
-1027526
-1022634
-989262
-964477
-972956
-993585
-987947
-952039
-921927
-925139
-943433
-937254
-899132
-863957
-862051
-878134
-871705
-831751
-791845
-784998
-799075
-792807
-751482
-707141
-695613
-707958
-702291
-660106
-611735
-595700
-606630
-602069
-559573
-507569
-487322
-497164
-494206
-452007
-396783
-372529
-381592
-380847
-339600
-281544
-253482
-262103
-264158
-224487
-163956
-132287
-140767
-146257
-108823
-46195
-10943
-19554
-29174
5315
69770
108653
99677
85244
116039
182156
224783
215315
195285
221612
289259
336014
325947
299446
320425
389551
441032
430394
396374
410976
481785
538890
527766
484994
491944
564728
628894
617616
564359
561906
637304
710756
699861
633720
619402
698431
784650
775113
692312
662235
746712
851673
845284
739455
686695
779882
914781
915312
774017
684302
792626
982542
999711
793351
628120
767006
1088575
1162192
783428
353236
563241
1627753
2902296
3392256
2691171
1377953
452674
406899
881308
1184737
1032169
716213
641023
840987
1016976
952163
758155
687901
804697
929491
894769
753024
686060
761250
857363
837131
724236
659041
708481
785580
773438
678742
614450
645923
709025
701734
619578
555675
573593
625690
621469
548434
484656
491818
534871
532610
466618
402849
401206
436645
435689
375331
311614
302596
331469
331401
275815
212270
197013
220182
220832
169445
106227
85755
103974
105257
57724
-4835
-29698
-15773
-13790
-57573
-119189
-147682
-137392
-134591
-174638
-234957
-266328
-259084
-255285
-291487
-350074
-383619
-378828
-373753
-405984
-462410
-497449
-494548
-487936
-515962
-569766
-605675
-604147
-595686
-619256
-669985
-706138
-705484
-694897
-713766
-760990
-796792
-796545
-783563
-797457
-840753
-875726
-875467
-859870
-868558
-907535
-941225
-940599
-922147
-925458
-959804
-991807
-990563
-969160
-966896
-996316
-1026328
-1024262
-999796
-991906
-1016236
-1044014
-1040970
-1013476
-999925
-1018992
-1044399
-1040356
-1009912
-990763
-1004516
-1027434
-1022501
-989252
-964614
-973050
-993518
-987797
-952022
-922060
-925236
-943353
-937093
-899078
-864056
-862152
-878085
-871555
-831714
-791951
-785111
-799046
-792667
-751439
-707247
-695719
-707933
-702122
-660034
-611829
-595821
-606598
-601899
-559491
-507665
-487436
-497109
-494033
-451914
-396875
-372659
-381584
-380674
-339466
-281596
-253631
-262092
-263991
-224352
-164037
-132425
-140756
-146079
-108684
-46268
-11110
-19569
-28992
5466
69723
108454
99630
85422
116221
182087
224596
215262
195455
221809
289209
335780
325853
299631
320661
389533
440797
430284
396560
411221
481752
538618
527634
485197
492219
564713
628596
617437
564574
562258
637343
710426
699622
633898
619788
698518
784302
774798
692485
662718
746854
851243
844871
739629
687317
780107
914302
914698
774136
685108
793068
981960
998742
793302
629246
767976
1087981
1160459
782519
354537
565776
1628996
2901007
3389817
2690029
1379038
454444
407318
880090
1183422
1032185
717322
641743
840525
1016091
951966
758810
688495
804478
928857
894540
753446
686528
761147
856872
836894
724528
659436
708465
785175
773202
678967
614802
645926
708695
701524
619739
555977
573600
625410
621249
548555
484932
491857
534636
532410
466699
403088
401263
436456
435503
375400
311831
302650
331287
331215
275850
212454
197102
220029
220648
169471
106416
85840
103829
105060
57747
-4658
-29615
-15870
-13953
-57571
-119053
-147610
-137516
-134760
-174656
-234835
-266245
-259172
-255415
-291514
-349954
-383533
-378917
-373892
-406009
-462304
-497364
-494636
-488078
-516002
-569683
-605587
-604209
-595828
-619317
-669895
-706040
-705532
-695031
-713806
-760880
-796710
-796594
-783694
-797495
-840659
-875648
-875512
-859989
-868614
-907462
-941132
-940634
-922277
-925505
-959720
-991709
-990572
-969263
-966960
-996242
-1026232
-1024264
-999910
-991972
-1016149
-1043913
-1040976
-1013569
-1000005
-1018940
-1044287
-1040341
-1010014
-990837
-1004443
-1027346
-1022491
-989340
-964673
-972976
-993402
-987788
-952109
-922123
-925187
-943251
-937087
-899185
-864144
-862097
-877959
-871553
-831813
-792021
-785056
-798923
-792630
-751532
-707338
-695654
-707792
-702096
-660110
-611894
-595776
-606494
-601849
-559574
-507750
-487389
-497012
-493986
-451991
-396956
-372619
-381455
-380629
-339560
-281696
-253604
-261976
-263937
-224447
-164148
-132400
-140636
-146014
-108765
-46369
-11071
-19412
-28907
5393
69596
108478
99792
85498
116138
181960
224604
215434
195550
221727
289062
335785
326025
299726
320548
389361
440801
430439
396692
411134
481570
538623
527823
485324
492103
564510
628588
617646
564723
562132
637083
710380
699872
634096
619669
698209
784212
775081
692771
662607
746496
851140
845209
739967
687168
779641
914123
915098
774638
685006
792454
981619
999232
794090
629278
767065
1087186
1160846
783815
355256
565006
1627594
2900676
3391098
2691596
1379147
452896
405753
880019
1184703
1033223
717037
640712
840080
1016658
952719
758791
687824
804049
929159
895099
753504
686056
760769
857052
837360
724621
659060
708114
785303
773593
679095
614504
645612
708780
701870
619848
555709
573319
625452
621547
548674
484705
491588
534691
532675
466819
402901
401013
436472
435737
375525
311658
302410
331293
331424
275972
212303
196862
220025
220861
169597
106286
85588
103801
105259
57887
-4799
-29843
-15923
-13790
-57412
-119155
-147832
-137560
-134588
-174516
-234915
-266470
-259247
-255278
-291360
-350022
-383744
-378995
-373753
-405869
-462351
-497566
-494715
-487929
-515843
-569718
-605761
-604286
-595677
-619143
-669946
-706245
-705610
-694894
-713639
-760907
-796909
-796692
-783567
-797333
-840667
-875840
-875627
-859883
-868429
-907444
-941321
-940744
-922171
-925331
-959723
-991876
-990692
-969162
-966785
-996215
-1026401
-1024413
-999823
-991806
-1016112
-1044075
-1041125
-1013497
-999823
-1018873
-1044427
-1040510
-1009945
-990629
-1004390
-1027469
-1022628
-989300
-964474
-972913
-993548
-987942
-952047
-921912
-925091
-943398
-937252
-899135
-863923
-861991
-878087
-871716
-831784
-791815
-784929
-799051
-792822
-751511
-707115
-695520
-707932
-702304
-660113
-611708
-595618
-606585
-602079
-559593
-507540
-487237
-497108
-494205
-452016
-396739
-372441
-381536
-380840
-339600
-281495
-253392
-262055
-264163
-224495
-163938
-132187
-140697
-146268
-108858
-46166
-10836
-19466
-29179
5278
69809
108741
99760
85227
116006
182191
224900
215407
195264
221565
289267
336111
326023
299399
320349
389593
441145
430464
396348
410906
481808
539007
527861
484961
491845
564722
629026
617721
564320
561809
637302
710876
699955
633666
619266
698443
784795
775234
692250
662095
746712
851840
845437
739373
686521
779826
914977
915496
773939
684055
792556
982767
999978
793285
627778
766829
1088833
1162569
783387
352854
563285
1628759
2903843
3393096
2690361
1376053
451129
406768
882214
1185474
1032039
715592
640720
841285
1017421
952171
757791
687665
804834
929769
894812
752779
685846
761311
857563
837167
724052
658897
708533
785740
773452
678602
614323
645957
709136
701785
619461
555544
573583
625769
621488
548312
484540
491803
534968
532641
466517
402738
401210
436703
435681
375242
311499
302581
331532
331425
275732
212165
197014
220225
220825
169356
106148
85723
104004
105261
57676
-4917
-29731
-15724
-13772
-57624
-119273
-147700
-137359
-134592
-174713
-235035
-266362
-259064
-255269
-291561
-350175
-383665
-378801
-373742
-406058
-462483
-497488
-494537
-487934
-516018
-569855
-605700
-604112
-595680
-619323
-670058
-706169
-705467
-694897
-713814
-761041
-796824
-796522
-783564
-797513
-840828
-875761
-875447
-859857
-868599
-907588
-941249
-940594
-922158
-925504
-959850
-991834
-990546
-969117
-966907
-996374
-1026369
-1024242
-999766
-991921
-1016280
-1044015
-1040927
-1013440
-999955
-1019025
-1044389
-1040317
-1009890
-990770
-1004540
-1027435
-1022457
-989220
-964606
-973067
-993526
-987764
-951963
-922037
-925271
-943382
-937046
-899034
-864051
-862177
-878059
-871505
-831653
-791919
-785129
-799019
-792597
-751380
-707240
-695718
-707899
-702077
-659989
-611804
-595840
-606592
-601835
-559422
-507641
-487464
-497110
-493971
-451858
-396860
-372687
-381576
-380629
-339412
-281571
-253647
-262087
-263927
-224275
-164018
-132457
-140750
-146022
-108596
-46227
-11132
-19559
-28902
5567
69743
108443
99637
85473
116300
182135
224571
215262
195516
221907
289241
335765
325857
299680
320728
389554
440744
430256
396629
411307
481798
538586
527613
485251
492314
564758
628560
617418
564618
562331
637381
710375
699575
633964
619894
698542
784221
774753
692562
662826
746885
851168
844797
739681
687454
780169
914199
914583
774182
685290
793162
981825
998551
793336
629549
768203
1087797
1159953
782247
354981
566878
1630151
2901559
3389529
2689157
1378087
453811
407126
880205
1183631
1032322
717279
641608
840448
1016128
952054
758819
688413
804399
928859
894605
753471
686457
761071
856869
836946
724540
659388
708385
785175
773250
678986
614748
645846
708679
701583
619767
555913
573516
625383
621279
548569
484869
491755
534621
532472
466719
403041
401180
436413
435521
375412
311759
302566
331260
331235
275864
212386
196981
219986
220672
169475
106351
85718
103784
105101
57774
-4731
-29723
-15926
-13928
-57533
-119110
-147710
-137568
-134731
-174618
-234881
-266357
-259220
-255397
-291489
-350018
-383654
-378970
-373871
-405987
-462344
-497468
-494698
-488030
-515962
-569704
-605699
-604271
-595789
-619261
-669951
-706167
-705594
-694993
-713743
-760915
-796816
-796669
-783642
-797441
-840680
-875751
-875589
-859951
-868534
-907465
-941250
-940715
-922253
-925436
-959730
-991824
-990676
-969222
-966840
-996240
-1026365
-1024358
-999854
-991864
-1016139
-1044015
-1041074
-1013542
-999869
-1018888
-1044375
-1040460
-1009976
-990696
-1004383
-1027435
-1022598
-989311
-964516
-972912
-993514
-987898
-952058
-921976
-925124
-943357
-937196
-899133
-863991
-862009
-878045
-871661
-831782
-791850
-784944
-798979
-792749
-751504
-707142
-695550
-707872
-702223
-660096
-611719
-595645
-606551
-602004
-559559
-507555
-487244
-497074
-494125
-451985
-396749
-372467
-381514
-380799
-339559
-281510
-253411
-262019
-264116
-224458
-163934
-132203
-140681
-146220
-108804
-46143
-10840
-19436
-29113
5311
69800
108734
99776
85282
116054
182197
224881
215417
195299
221603
289288
336113
326038
299439
320388
389609
441150
430464
396382
410927
481816
539015
527887
484997
491862
564736
629022
617746
564349
561838
637338
710900
699974
633669
619283
698442
784813
775246
692265
662095
746726
851875
845458
739383
686487
779835
915017
915532
773920
684042
792574
982831
999991
793233
627725
766904
1088918
1162550
783193
352746
563625
1629602
2904708
3393260
2689661
1374956
450409
406762
882661
1185793
1031913
715301
640616
841443
1017578
952143
757642
687576
804907
929878
894773
752663
685804
761384
857640
837151
723948
658817
708568
785778
773437
678531
614278
645984
709190
701763
619378
555506
573616
625834
621469
548264
484479
491819
535002
532634
466454
402704
401218
436754
435670
375162
311446
302590
331534
331387
275672
212105
197011
220246
220805
169299
106102
85730
104002
105232
57609
-4960
-29713
-15711
-13794
-57684
-119321
-147704
-137357
-134624
-174779
-235109
-266376
-259040
-255266
-291617
-350216
-383653
-378805
-373766
-406095
-462537
-497490
-494522
-487927
-516082
-569886
-605690
-604111
-595681
-619348
-670109
-706171
-705458
-694889
-713855
-761084
-796823
-796520
-783551
-797539
-840865
-875772
-875435
-859862
-868619
-907634
-941259
-940558
-922145
-925541
-959883
-991831
-990527
-969130
-966941
-996401
-1026352
-1024199
-999766
-991950
-1016294
-1044008
-1040912
-1013440
-999974
-1019044
-1044383
-1040284
-1009871
-990786
-1004551
-1027430
-1022416
-989185
-964608
-973088
-993506
-987704
-951952
-922070
-925289
-943350
-937011
-899003
-864052
-862184
-878047
-871466
-831642
-791935
-785129
-799010
-792571
-751358
-707255
-695750
-707888
-702038
-659955
-611817
-595839
-606577
-601805
-559403
-507643
-487459
-497088
-493938
-451813
-396830
-372674
-381557
-380573
-339354
-281568
-253644
-262080
-263885
-224232
-163995
-132456
-140744
-145985
-108587
-46234
-11112
-19541
-28878
5583
69735
108429
99658
85515
116332
182135
224559
215286
195569
221935
289257
335776
325868
299704
320753
389565
440759
430279
396657
411327
481798
538588
527625
485277
492320
564749
628560
617432
564653
562357
637376
710377
699617
633995
619896
698520
784230
774796
692579
662819
746866
851183
844847
739713
687407
780108
914198
914654
774249
685254
793056
981807
998663
793434
629503
768043
1087736
1160053
782390
355046
566973
1630565
2902262
3390031
2688922
1377121
452759
406734
880637
1184283
1032466
716886
641218
840491
1016483
952232
758635
688115
804373
929108
894770
753344
686215
761019
857042
837099
724477
659180
708303
785300
773401
678934
614554
645766
708781
701700
619695
555727
573434
625482
621418
548546
484696
491682
534716
532584
466686
402874
401075
436500
435639
375379
311624
302456
331324
331371
275851
212253
196890
220052
220789
169481
106220
85621
103827
105197
57762
-4865
-29828
-15910
-13827
-57530
-119246
-147832
-137530
-134627
-174625
-234998
-266479
-259199
-255282
-291478
-350127
-383760
-378952
-373772
-405970
-462465
-497606
-494692
-487936
-515943
-569829
-605813
-604256
-595677
-619233
-670048
-706282
-705584
-694894
-713716
-761007
-796936
-796653
-783556
-797395
-840778
-875874
-875588
-859847
-868483
-907549
-941357
-940734
-922130
-925378
-959818
-991935
-990674
-969105
-966777
-996322
-1026473
-1024350
-999748
-991780
-1016217
-1044129
-1041074
-1013420
-999783
-1018937
-1044488
-1040484
-1009851
-990610
-1004459
-1027552
-1022611
-989194
-964444
-972971
-993630
-987909
-951932
-921864
-925142
-943449
-937196
-899033
-863871
-862037
-878161
-871678
-831644
-791739
-784991
-799098
-792773
-751369
-707044
-695581
-707983
-702230
-659988
-611607
-595686
-606659
-602012
-559438
-507428
-487279
-497179
-494168
-451865
-396633
-372486
-381630
-380807
-339412
-281379
-253433
-262126
-264122
-224323
-163804
-132215
-140808
-146228
-108654
-46004
-10877
-19609
-29126
5480
69963
108678
99608
85235
116216
182372
224831
215249
195284
221816
289481
336061
325830
299398
320603
389806
441075
430250
396317
411186
482023
538925
527625
484934
492145
565019
628921
617424
564265
562125
637620
710783
699613
633560
619631
698811
784701
774788
692076
662502
747179
851746
844893
739134
687011
780462
914910
914746
773518
684640
793471
982793
998890
792479
628499
768450
1089248
1160826
781223
353098
566599
1632589
2904792
3390433
2686819
1374730
452406
408372
882123
1184020
1031081
716177
641879
841510
1016545
951400
758066
688477
805091
929215
894183
752896
686470
761560
857130
836633
724097
659367
708765
785414
773016
678586
614704
646156
708871
701383
619434
555865
573785
625560
621123
548279
484809
491990
534790
532316
466444
402983
401357
436533
435405
375156
311699
302729
331382
331136
275635
212316
197139
220100
220578
169270
106279
85846
103873
105012
57562
-4810
-29618
-15831
-14012
-57731
-119186
-147618
-137456
-134812
-174808
-234965
-266276
-259142
-255456
-291653
-350101
-383581
-378880
-373920
-406149
-462443
-497404
-494596
-488101
-516118
-569806
-605625
-604182
-595839
-619393
-670025
-706107
-705504
-695026
-713888
-760997
-796766
-796574
-783683
-797590
-840774
-875693
-875488
-859968
-868657
-907556
-941210
-940626
-922238
-925542
-959807
-991774
-990560
-969220
-966975
-996314
-1026292
-1024256
-999851
-991969
-1016219
-1043963
-1040964
-1013520
-999973
-1018966
-1044349
-1040360
-1009948
-990764
-1004459
-1027386
-1022471
-989279
-964605
-972984
-993447
-987777
-952037
-922042
-925174
-943312
-937075
-899080
-864037
-862084
-877995
-871533
-831710
-791900
-785017
-798948
-792640
-751437
-707171
-695590
-707828
-702115
-660017
-611743
-595690
-606533
-601897
-559495
-507583
-487311
-497045
-494035
-451910
-396774
-372497
-381488
-380691
-339492
-281504
-253453
-262009
-264022
-224359
-163916
-132233
-140662
-146128
-108719
-46150
-10889
-19437
-29021
5437
69828
108702
99784
85335
116139
182214
224850
215425
195384
221707
289315
336079
326024
299501
320500
389649
441122
430450
396423
411033
481856
538984
527833
485015
491954
564813
629027
617702
564357
561906
637414
710879
699925
633660
619343
698551
784831
775192
692239
662148
746836
851914
845397
739295
686564
779978
915076
915436
773808
684076
792756
982939
999876
792997
627727
767200
1089176
1162328
782656
352600
564519
1631327
2906067
3393231
2688208
1373186
449545
407055
883333
1186012
1031575
714907
640650
841743
1017731
951947
757382
687584
805111
929985
894655
752476
685785
761512
857716
837038
723788
658794
708688
785871
773347
678365
614231
646083
709249
701676
619256
555447
573700
625889
621391
548125
484438
491882
535047
532565
466327
402641
401271
436783
435630
375052
311396
302636
331568
331325
275551
212066
197034
220291
220759
169189
106031
85756
104050
105178
57487
-5024
-29705
-15694
-13856
-57776
-119391
-147709
-137339
-134681
-174868
-235144
-266340
-259022
-255320
-291693
-350269
-383651
-378782
-373806
-406194
-462581
-497483
-494506
-487973
-516151
-569949
-605707
-604091
-595734
-619438
-670151
-706154
-705427
-694941
-713940
-761152
-796835
-796493
-783589
-797614
-840910
-875763
-875409
-859875
-868701
-907670
-941252
-940541
-922159
-925596
-959932
-991816
-990482
-969131
-966996
-996446
-1026337
-1024159
-999777
-992001
-1016330
-1044012
-1040864
-1013436
-1000008
-1019078
-1044364
-1040252
-1009858
-990826
-1004570
-1027402
-1022378
-989176
-964630
-973095
-993498
-987667
-951919
-922085
-925298
-943312
-936971
-898986
-864062
-862184
-878010
-871417
-831600
-791931
-785130
-798981
-792532
-751323
-707222
-695731
-707858
-701981
-659906
-611783
-595824
-606538
-601744
-559360
-507625
-487440
-497056
-493885
-451781
-396801
-372648
-381526
-380540
-339336
-281543
-253607
-262024
-263842
-224217
-163979
-132388
-140692
-145969
-108557
-46202
-11074
-19498
-28861
5596
69797
108515
99720
85521
116336
182174
224636
215332
195559
221901
289282
335864
325943
299698
320701
389604
440871
430336
396624
411275
481809
538717
527723
485223
492235
564774
628702
617529
564577
562224
637377
710569
699748
633899
619701
698509
784454
774979
692487
662558
746830
851454
845122
739610
687057
780001
914530
915032
774121
684740
792866
982251
999228
793366
628742
767561
1088264
1161051
782581
354083
566137
1631439
2904726
3391963
2688312
1374265
450158
406505
882330
1185732
1032209
715570
640536
841149
1017447
952298
757826
687536
804714
929791
894879
752767
685748
761219
857592
837226
724026
658765
708453
785768
773519
678572
614170
645862
709171
701847
619396
555393
573506
625819
621533
548274
484382
491699
534989
532700
466461
402581
401084
436757
435769
375183
311339
302460
331552
331483
275649
211960
196879
220266
220886
169291
105965
85596
104006
105310
57586
-5086
-29850
-15723
-13741
-57694
-119480
-147855
-137359
-134563
-174788
-235237
-266497
-259063
-255212
-291601
-350335
-383800
-378817
-373683
-406105
-462670
-497631
-494533
-487887
-516064
-570010
-605817
-604130
-595616
-619352
-670214
-706282
-705463
-694834
-713859
-761199
-796946
-796507
-783486
-797519
-840964
-875871
-875436
-859777
-868614
-907705
-941351
-940559
-922067
-925496
-959953
-991938
-990527
-969050
-966917
-996471
-1026443
-1024207
-999674
-991925
-1016369
-1044093
-1040914
-1013354
-999918
-1019106
-1044476
-1040276
-1009782
-990749
-1004599
-1027503
-1022406
-989090
-964572
-973118
-993583
-987708
-951841
-921998
-925309
-943416
-936998
-898893
-863990
-862220
-878102
-871448
-831526
-791854
-785161
-799055
-792531
-751231
-707145
-695751
-707940
-701993
-659838
-611709
-595852
-606641
-601778
-559279
-507549
-487463
-497128
-493900
-451687
-396731
-372672
-381593
-380557
-339259
-281478
-253638
-262111
-263861
-224128
-163896
-132446
-140794
-145966
-108453
-46114
-11112
-19599
-28864
5712
69879
108453
99608
85516
116441
182267
224598
215234
195561
222048
289385
335790
325804
299697
320858
389703
440794
430198
396630
411432
481916
538621
527549
485218
492413
564915
628628
617351
564570
562421
637509
710437
699525
633892
619939
698698
784327
774691
692456
662847
747033
851299
844752
739548
687417
780294
914380
914583
774025
685192
793311
982076
998573
793094
629354
768366
1088168
1159960
781709
354626
567858
1632734
2904282
3390284
2687129
1374595
451328
407042
881738
1184828
1032061
716208
641087
840963
1016877
952092
758201
687963
804644
929394
894695
753015
686041
761188
857293
837072
724188
658997
708452
785541
773386
678683
614384
645838
708985
701718
619487
555560
573482
625674
621457
548340
484497
491695
534867
532627
466504
402667
401087
436628
435680
375229
311395
302442
331464
331399
275687
212022
196849
220183
220850
169314
105999
85568
103940
105262
57622
-5054
-29879
-15790
-13753
-57666
-119434
-147899
-137422
-134567
-174740
-235206
-266527
-259119
-255226
-291586
-350329
-383820
-378862
-373692
-406080
-462665
-497653
-494604
-487869
-516035
-570016
-605892
-604173
-595606
-619305
-670214
-706346
-705519
-694813
-713800
-761180
-796998
-796560
-783459
-797493
-840955
-875955
-875484
-859762
-868542
-907729
-941436
-940627
-922048
-925460
-959969
-991989
-990565
-969018
-966852
-996484
-1026500
-1024233
-999657
-991872
-1016343
-1044166
-1040960
-1013332
-999870
-1019114
-1044514
-1040332
-1009751
-990664
-1004603
-1027577
-1022437
-989078
-964484
-973111
-993645
-987730
-951819
-921921
-925297
-943454
-937035
-898867
-863927
-862195
-878170
-871490
-831492
-791780
-785127
-799107
-792569
-751199
-707092
-695724
-707984
-702042
-659795
-611645
-595838
-606671
-601813
-559229
-507463
-487447
-497187
-493947
-451658
-396660
-372656
-381638
-380594
-339210
-281377
-253615
-262180
-263913
-224079
-163796
-132408
-140844
-146008
-108398
-46003
-11077
-19638
-28894
5752
69969
108476
99548
85480
116502
182364
224631
215160
195498
222081
289469
335830
325743
299647
320909
389797
440832
430140
396571
411502
482054
538666
527481
485176
492478
565017
628638
617246
564508
562503
637646
710470
699428
633806
620015
698847
784354
774571
692355
662937
747230
851339
844605
739412
687515
780543
914418
914351
773811
685306
793628
982170
998273
792749
629457
768869
1088416
1159525
780966
354532
568791
1634011
2904798
3389583
2685935
1373985
451597
407613
881838
1184407
1031692
716291
641439
841108
1016659
951824
758200
688195
804769
929261
894516
752995
686215
761298
857183
836901
724168
659123
708500
785454
773254
678658
614459
645933
708935
701620
619471
555616
573558
625604
621351
548303
484562
491742
534820
532548
466493
402736
401124
436615
435622
375189
311437
302472
331415
331339
275659
212056
196896
220147
220790
169295
106009
85606
103932
105218
57588
-5075
-29859
-15799
-13813
-57693
-119439
-147888
-137455
-134614
-174769
-235206
-266540
-259118
-255258
-291593
-350336
-383854
-378892
-373704
-406096
-462660
-497674
-494613
-487887
-516059
-570017
-605905
-604201
-595626
-619336
-670237
-706357
-705518
-694802
-713809
-761216
-797019
-796577
-783479
-797483
-840967
-875969
-875508
-859750
-868545
-907744
-941432
-940621
-922039
-925454
-959981
-992022
-990557
-969017
-966847
-996498
-1026533
-1024252
-999648
-991845
-1016365
-1044176
-1040946
-1013317
-999839
-1019118
-1044552
-1040330
-1009716
-990637
-1004607
-1027593
-1022445
-989038
-964481
-973098
-993641
-987756
-951794
-921899
-925295
-943481
-937040
-898831
-863904
-862197
-878176
-871473
-831468
-791751
-785114
-799121
-792578
-751182
-707035
-695730
-708004
-702026
-659754
-611606
-595835
-606684
-601809
-559218
-507413
-487428
-497208
-493942
-451625
-396623
-372647
-381669
-380594
-339168
-281342
-253598
-262167
-263902
-224042
-163771
-132411
-140850
-146005
-108369
-45978
-11069
-19654
-28901
5769
69984
108485
99549
85478
116519
182403
224630
215144
195494
222126
289512
335819
325737
299634
320918
389851
440850
430122
396564
411527
482080
538676
527460
485136
492485
565049
628661
617247
564495
562524
637706
710486
699384
633770
620032
698904
784380
774534
692305
662939
747277
851370
844547
739341
687512
780596
914466
914318
773736
685288
793714
982240
998226
792649
629447
769009
1088556
1159457
780752
354425
569111
1634691
2905370
3389607
2685366
1373273
451237
407704
882118
1184532
1031540
716115
641430
841224
1016742
951767
758087
688149
804828
929326
894488
752912
686176
761345
857241
836914
724098
659070
708551
785523
773262
678605
614433
645938
708991
701614
619410
555578
573574
625658
621363
548261
484505
491749
534857
532528
466439
402666
401132
436637
435610
375136
311380
302474
331449
331339
275615
212008
196883
220186
220805
169259
105972
85597
103935
105218
57561
-5110
-29867
-15776
-13807
-57719
-119478
-147904
-137423
-134609
-174803
-235258
-266547
-259088
-255235
-291645
-350383
-383834
-378849
-373707
-406119
-462721
-497673
-494569
-487873
-516103
-570075
-605908
-604173
-595613
-619359
-670282
-706381
-705494
-694811
-713832
-761266
-797021
-796544
-783467
-797529
-841012
-875965
-875486
-859740
-868605
-907775
-941441
-940597
-922022
-925488
-960017
-991997
-990544
-968984
-966877
-996523
-1026521
-1024207
-999639
-991893
-1016395
-1044183
-1040912
-1013293
-999887
-1019139
-1044530
-1040280
-1009690
-990671
-1004621
-1027568
-1022413
-989023
-964507
-973143
-993626
-987685
-951756
-921927
-925343
-943459
-936979
-898814
-863919
-862210
-878153
-871449
-831443
-791768
-785147
-799101
-792520
-751129
-707058
-695747
-707976
-701996
-659718
-611607
-595840
-606662
-601763
-559168
-507439
-487446
-497190
-493880
-451585
-396624
-372667
-381631
-380526
-339136
-281361
-253615
-262158
-263858
-224006
-163780
-132421
-140840
-145958
-108345
-45990
-11075
-19648
-28870
5800
69983
108471
99545
85504
116558
182397
224612
215168
195550
222150
289521
335832
325754
299674
320952
389845
440839
430144
396582
411528
482079
538658
527487
485187
492502
565059
628676
617269
564491
562514
637697
710520
699439
633776
620016
698889
784412
774589
692315
662891
747247
851414
844645
739366
687430
780550
914539
914454
773754
685167
793604
982326
998425
792685
629219
768792
1088646
1159784
780881
354194
568888
1634991
2906251
3390357
2685169
1372156
450146
407499
882780
1185180
1031524
715591
641120
841469
1017156
951852
757778
687885
804964
929635
894547
752671
685963
761409
857482
836978
723909
658873
708599
785713
773331
678443
614252
645971
709149
701665
619289
555404
573573
625803
621420
548130
484349
491773
534994
532601
466312
402552
401139
436771
435666
375052
311255
302498
331574
331391
275519
211907
196887
220275
220818
169163
105867
85596
104031
105260
57478
-5189
-29856
-15695
-13771
-57816
-119591
-147883
-137350
-134596
-174893
-235361
-266520
-259042
-255239
-291719
-350457
-383831
-378791
-373729
-406206
-462781
-497665
-494523
-487889
-516174
-570143
-605865
-604100
-595633
-619455
-670344
-706330
-705419
-694814
-713931
-761312
-796987
-796485
-783499
-797617
-841057
-875908
-875402
-859751
-868682
-907830
-941406
-940532
-922049
-925570
-960062
-991959
-990473
-969004
-966959
-996557
-1026479
-1024159
-999651
-991971
-1016448
-1044108
-1040842
-1013289
-999952
-1019186
-1044484
-1040209
-1009706
-990743
-1004672
-1027500
-1022326
-989044
-964566
-973160
-993564
-987621
-951779
-921991
-925349
-943390
-936912
-898831
-863972
-862236
-878088
-871359
-831429
-791823
-785168
-799038
-792449
-751133
-707104
-695767
-707936
-701911
-659721
-611677
-595868
-606602
-601680
-559175
-507474
-487463
-497131
-493814
-451579
-396678
-372678
-381587
-380484
-339149
-281404
-253622
-262105
-263808
-224020
-163810
-132411
-140760
-145908
-108372
-46034
-11054
-19563
-28840
5776
69947
108514
99642
85549
116515
182352
224672
215253
195561
222078
289468
335873
325830
299683
320890
389816
440922
430234
396571
411435
482045
538758
527590
485149
492362
565006
628798
617419
564470
562345
637641
710653
699603
633730
619807
698822
784600
774802
692259
662615
747140
851652
844918
739305
687088
780406
914854
914842
773688
684662
793337
982756
999045
792652
628481
768252
1089143
1160869
781231
353190
567630
1635176
2908077
3392097
2685020
1370201
448312
407462
884144
1186205
1031190
714553
640698
842058
1017869
951750
757119
687549
805336
930141
894542
752206
685698
761663
857881
836973
723556
658676
708792
786020
773293
678161
614069
646149
709382
701637
619025
555283
573739
625994
621374
547924
484266
491923
535167
532537
466129
402469
401258
436895
435606
374861
311213
302625
331672
331322
275365
211860
197025
220350
220742
168993
105837
85708
104116
105151
57319
-5217
-29728
-15614
-13878
-57981
-119598
-147739
-137271
-134690
-175052
-235361
-266413
-258993
-255356
-291871
-350472
-383701
-378735
-373816
-406363
-462780
-497521
-494457
-488003
-516308
-570129
-605754
-604056
-595747
-619589
-670322
-706224
-705370
-694923
-714061
-761300
-796867
-796435
-783590
-797739
-841060
-875823
-875359
-859844
-868802
-907805
-941293
-940492
-922122
-925669
-960052
-991867
-990428
-969094
-967069
-996550
-1026370
-1024089
-999714
-992053
-1016414
-1044014
-1040793
-1013355
-1000025
-1019162
-1044405
-1040195
-1009769
-990814
-1004645
-1027428
-1022309
-989098
-964635
-973147
-993485
-987589
-951815
-922024
-925313
-943345
-936911
-898869
-863993
-862193
-878026
-871364
-831496
-791841
-785111
-798975
-792462
-751191
-707113
-695697
-707862
-701946
-659790
-611669
-595795
-606562
-601715
-559231
-507475
-487369
-497079
-493879
-451662
-396651
-372559
-381509
-380524
-339214
-281359
-253484
-262033
-263879
-224118
-163765
-132272
-140708
-145999
-108464
-45968
-10903
-19522
-28925
5693
70039
108705
99701
85418
116387
182438
224860
215302
195422
221959
289561
336099
325899
299493
320712
389911
441178
430315
396378
411237
482164
539069
527696
484909
492161
565123
629116
617509
564205
562080
637777
711039
699730
633424
619498
698972
785038
774950
691875
662263
747322
852200
845085
738837
686619
780603
915498
915042
773098
684066
793614
983616
999343
791847
627569
768512
1090466
1161577
780236
351570
567474
1637156
2910367
3392303
2682915
1368009
448091
408946
885312
1185776
1029951
714102
641448
842869
1017687
950948
756795
688064
805914
930012
893928
751961
686094
762112
857738
836468
723363
659039
709165
785876
772868
677994
614387
646467
709271
701240
618899
555577
574008
625877
621020
547798
484511
492169
535063
532210
466015
402706
401490
436789
435290
374762
311415
302823
331570
331044
275269
212044
197206
220276
220476
168923
106011
85882
104034
104923
57229
-5060
-29586
-15716
-14093
-58032
-119451
-147628
-137347
-134881
-175105
-235218
-266298
-259062
-255521
-291925
-350345
-383594
-378812
-373984
-406400
-462682
-497461
-494541
-488132
-516349
-570037
-605687
-604111
-595848
-619606
-670261
-706183
-705464
-695032
-714061
-761229
-796855
-796517
-783664
-797727
-840970
-875777
-875428
-859926
-868782
-907739
-941285
-940581
-922198
-925640
-959987
-991855
-990512
-969139
-967014
-996490
-1026395
-1024183
-999737
-991967
-1016355
-1044065
-1040888
-1013381
-999948
-1019082
-1044417
-1040288
-1009787
-990727
-1004549
-1027464
-1022406
-989095
-964508
-973037
-993573
-987736
-951823
-921886
-925220
-943409
-937024
-898877
-863862
-862107
-878114
-871505
-831481
-791677
-785011
-799076
-792603
-751184
-706943
-695592
-707956
-702091
-659758
-611467
-595667
-606650
-601892
-559223
-507270
-487225
-497168
-494040
-451649
-396442
-372439
-381640
-380719
-339198
-281154
-253361
-262163
-264049
-224093
-163554
-132136
-140831
-146173
-108434
-45735
-10789
-19643
-29109
5706
70263
108795
99553
85247
116462
182691
224975
215135
195228
222032
289816
336176
325715
299332
320850
390179
441209
430083
396228
411411
482435
539065
527412
484764
492349
565453
629091
617182
564059
562347
638128
710973
699322
633268
619861
699377
784927
774445
691693
662715
747824
852026
844436
738590
687216
781263
915265
914149
772754
684850
794571
983350
998041
791216
628656
770157
1090396
1159453
778390
352519
570843
1639639
2909415
3388976
2680658
1368838
450534
410011
884010
1183928
1029670
715425
642536
842450
1016552
950622
757550
688809
805678
929239
893653
752476
686636
761984
857191
836248
723731
659424
709071
785449
772703
678280
614687
646367
708924
701137
619129
555781
573906
625615
620934
547983
484675
492042
534814
532174
466186
402807
401374
436597
435297
374908
311498
302678
331409
331064
275394
212082
197070
220134
220519
169057
106017
85723
103921
104988
57378
-5074
-29755
-15823
-14005
-57911
-119469
-147782
-137443
-134785
-174978
-235277
-266469
-259146
-255414
-291782
-350407
-383798
-378876
-373862
-406251
-462741
-497648
-494601
-487995
-516199
-570102
-605901
-604174
-595701
-619475
-670324
-706385
-705507
-694895
-713932
-761286
-797050
-796590
-783527
-797586
-841045
-876013
-875507
-859769
-868633
-907830
-941487
-940621
-922025
-925473
-960060
-992075
-990551
-968971
-966881
-996569
-1026579
-1024249
-999584
-991832
-1016429
-1044255
-1040933
-1013230
-999817
-1019164
-1044593
-1040300
-1009633
-990622
-1004656
-1027622
-1022404
-988937
-964425
-973137
-993692
-987716
-951678
-921821
-925328
-943526
-936975
-898710
-863798
-862218
-878214
-871427
-831321
-791651
-785124
-799151
-792529
-751006
-706928
-695717
-708047
-701975
-659580
-611475
-595831
-606740
-601749
-559033
-507284
-487422
-497248
-493880
-451427
-396461
-372626
-381691
-380530
-338989
-281175
-253576
-262215
-263847
-223852
-163604
-132379
-140888
-145957
-108200
-45802
-11040
-19707
-28873
5971
70189
108514
99460
85488
116701
182587
224668
215063
195500
222302
289725
335880
325640
299631
321105
390045
440896
430029
396517
411672
482297
538739
527366
485088
492633
565285
628743
617132
564384
562638
637954
710612
699275
633622
620136
699172
784512
774412
692117
662991
747589
851590
844441
739069
687505
780942
914763
914197
773347
685185
794102
982691
998156
792060
629115
769498
1089351
1159418
779603
353627
570526
1638406
2909032
3390222
2682182
1368705
448621
408282
884188
1185544
1030704
714811
641244
842172
1017474
951419
757229
687883
805409
929912
894297
752228
685877
761749
857744
836787
723528
658786
708836
785918
773188
678117
614123
646173
709354
701569
618954
555296
573733
625987
621327
547850
484203
491892
535153
532515
466041
402379
401227
436903
435580
374761
311123
302571
331701
331319
275278
211752
196966
220389
220728
168914
105713
85663
104147
105175
57211
-5332
-29820
-15598
-13870
-58059
-119714
-147817
-137268
-134683
-175113
-235493
-266493
-258956
-255346
-291960
-350591
-383760
-378713
-373794
-406419
-462928
-497605
-494448
-487969
-516371
-570265
-605835
-604035
-595704
-619642
-670451
-706297
-705368
-694890
-714118
-761414
-796934
-796394
-783531
-797785
-841181
-875873
-875313
-859797
-868832
-907925
-941346
-940451
-922077
-925704
-960165
-991912
-990380
-969041
-967113
-996642
-1026419
-1024064
-999641
-992065
-1016517
-1044061
-1040750
-1013288
-1000037
-1019227
-1044425
-1040140
-1009710
-990814
-1004693
-1027461
-1022252
-989011
-964603
-973185
-993517
-987534
-951738
-922004
-925360
-943364
-936833
-898771
-863966
-862229
-878051
-871311
-831378
-791790
-785155
-799009
-792405
-751084
-707072
-695715
-707886
-701884
-659684
-611596
-595781
-606572
-601667
-559106
-507379
-487360
-497085
-493811
-451544
-396544
-372545
-381562
-380497
-339089
-281246
-253469
-262077
-263856
-223990
-163633
-132237
-140737
-146012
-108354
-45834
-10870
-19557
-28929
5791
70187
108756
99652
85392
116492
182603
224948
215250
195366
222034
289738
336174
325841
299437
320806
390079
441245
430249
396298
411321
482357
539167
527578
484819
492238
565362
629241
617373
564042
562158
638030
711170
699562
633232
619566
699272
785195
774762
691630
662335
747685
852371
844850
738497
686695
781080
915734
914717
772600
684144
794232
983984
998878
791079
627579
769540
1091217
1160867
778595
351100
569621
1640732
2912450
3391167
2679684
1365435
447888
410211
886071
1185251
1029009
713979
642145
843368
1017402
950349
756642
688504
806280
929829
893480
751850
686399
762404
857642
836111
723235
659252
709388
785780
772576
677883
614550
646636
709185
701005
618767
555673
574149
625826
620805
547690
484577
492249
535010
532045
465902
402730
401559
436739
435160
374669
311436
302858
331537
330919
275184
212041
197202
220237
220387
168830
105983
85868
103991
104853
57150
-5127
-29616
-15750
-14162
-58099
-119509
-147671
-137384
-134926
-175156
-235292
-266378
-259103
-255552
-291969
-350434
-383696
-378841
-373978
-406419
-462752
-497547
-494561
-488116
-516369
-570136
-605793
-604146
-595823
-619609
-670346
-706284
-705486
-694992
-714040
-761316
-796972
-796547
-783598
-797708
-841072
-875926
-875483
-859846
-868715
-907842
-941429
-940584
-922093
-925565
-960060
-992017
-990531
-969031
-966923
-996552
-1026532
-1024222
-999635
-991894
-1016432
-1044208
-1040920
-1013275
-999850
-1019142
-1044586
-1040306
-1009656
-990600
-1004633
-1027609
-1022418
-988939
-964381
-973125
-993710
-987736
-951661
-921772
-925281
-943546
-937007
-898693
-863740
-862159
-878226
-871487
-831295
-791545
-785079
-799187
-792575
-750990
-706813
-695664
-708069
-702032
-659544
-611347
-595744
-606751
-601788
-558992
-507168
-487334
-497287
-493934
-451379
-396322
-372534
-381735
-380594
-338951
-281027
-253483
-262266
-263921
-223806
-163455
-132303
-140959
-146040
-108120
-45639
-10953
-19764
-28942
6012
70348
108616
99408
85411
116763
182778
224750
215000
195423
222375
289890
335960
325551
299519
321180
390255
440983
429922
396416
411750
482517
538816
527233
484962
492719
565521
628817
616968
564247
562732
638201
710685
699103
633483
620246
699437
784606
774214
691917
663118
747905
851679
844176
738828
687642
781318
914873
913851
772994
685329
794611
982882
997670
791495
629286
770326
1089792
1158691
778355
353476
572266
1640933
2910281
3389194
2679942
1367142
448652
409126
884580
1185112
1030165
714811
641694
842432
1017241
951064
757180
688166
805604
929787
894037
752178
686079
761887
857639
836590
723480
658898
708960
785861
773019
678038
614199
646257
709298
701441
618897
555321
573784
625968
621229
547783
484205
491927
535158
532428
465983
402368
401250
436891
435528
374714
311072
302584
331705
331284
275186
211691
196938
220398
220715
168830
105639
85640
104144
105131
57169
-5421
-29840
-15578
-13864
-58106
-119799
-147840
-137254
-134694
-175182
-235559
-266503
-258954
-255325
-292024
-350674
-383821
-378706
-373798
-406500
-462993
-497654
-494415
-487975
-516444
-570334
-605857
-603991
-595695
-619710
-670545
-706338
-705340
-694882
-714170
-761501
-796978
-796382
-783534
-797842
-841244
-875907
-875318
-859803
-868875
-907992
-941388
-940428
-922060
-925728
-960215
-991955
-990369
-969007
-967125
-996698
-1026452
-1024034
-999626
-992090
-1016559
-1044081
-1040726
-1013252
-1000036
-1019270
-1044450
-1040112
-1009661
-990818
-1004739
-1027471
-1022204
-988944
-964586
-973221
-993543
-987515
-951690
-921994
-925389
-943385
-936805
-898711
-863955
-862253
-878061
-871263
-831319
-791751
-785146
-799032
-792369
-751003
-707001
-695699
-707892
-701860
-659608
-611527
-595777
-606580
-601645
-559047
-507317
-487342
-497101
-493798
-451457
-396457
-372524
-381564
-380497
-339038
-281161
-253449
-262083
-263848
-223920
-163559
-132201
-140784
-146001
-108269
-45731
-10807
-19594
-28947
5877
70303
108807
99609
85361
116556
182714
224983
215207
195320
222095
289882
336238
325784
299387
320878
390243
441319
430174
396209
411394
482509
539222
527499
484709
492299
565536
629308
617291
563946
562228
638238
711248
699422
633096
619668
699505
785284
774571
691459
662434
747957
852471
844618
738273
686834
781415
915852
914377
772289
684281
794746
984142
998400
790554
627774
770335
1091620
1160119
777390
351016
571340
1643142
2913542
3390091
2677510
1364037
447991
411007
886342
1184752
1028494
714059
642594
843590
1017154
950011
756653
688792
806411
929661
893225
751834
686586
762495
857503
835920
723209
659358
709462
785714
772446
677857
614636
646676
709135
700910
618756
555719
574156
625777
620752
547673
484613
492260
534952
531990
465879
402721
401527
436699
435134
374628
311404
302828
331503
330901
275149
212002
197163
220204
220392
168816
105928
85816
103970
104853
57150
-5191
-29699
-15766
-14135
-58115
-119602
-147765
-137425
-134905
-175178
-235390
-266466
-259101
-255514
-291984
-350514
-383785
-378845
-373943
-406428
-462881
-497665
-494587
-488063
-516364
-570240
-605908
-604149
-595756
-619589
-670441
-706398
-705501
-694915
-714032
-761427
-797103
-796554
-783505
-797677
-841192
-876041
-875451
-859758
-868715
-907948
-941528
-940573
-921990
-925537
-960181
-992106
-990526
-968922
-966912
-996667
-1026645
-1024174
-999532
-991886
-1016513
-1044283
-1040862
-1013159
-999827
-1019241
-1044634
-1040259
-1009531
-990612
-1004735
-1027668
-1022357
-988822
-964390
-973227
-993736
-987627
-951558
-921789
-925376
-943545
-936897
-898574
-863753
-862249
-878251
-871349
-831178
-791573
-785188
-799193
-792427
-750853
-706863
-695752
-708067
-701884
-659424
-611395
-595840
-606734
-601630
-558860
-507186
-487428
-497248
-493781
-451265
-396364
-372650
-381723
-380440
-338816
-281075
-253577
-262246
-263763
-223679
-163491
-132382
-140926
-145891
-108022
-45687
-11029
-19728
-28799
6125
70312
108543
99450
85548
116843
182714
224687
215036
195538
222418
289842
335911
325620
299649
321211
390198
440967
429991
396501
411763
482461
538839
527331
485034
492689
565459
628873
617095
564291
562641
638115
710761
699275
633496
620083
699355
784749
774433
691904
662888
747777
851891
844476
738785
687285
781141
915206
914314
772947
684774
794321
983353
998393
791466
628392
769706
1090441
1159983
778679
352213
571024
1641762
2913097
3391477
2679209
1363890
445854
409142
886651
1186575
1029581
713256
641182
843381
1018251
950867
756217
687745
806204
930483
893914
751469
685769
762315
858177
836476
722927
658672
709306
786243
772900
677593
614036
646554
709594
701292
618509
555211
574081
626170
621030
547434
484180
492193
535300
532229
465669
402357
401501
437013
435294
374442
311095
302822
331781
331050
274941
211730
197186
220452
220472
168610
105702
85857
104169
104916
56939
-5358
-29634
-15584
-14106
-58314
-119726
-147653
-137235
-134896
-175378
-235504
-266347
-258955
-255548
-292175
-350615
-383661
-378703
-373991
-406626
-462934
-497517
-494439
-488135
-516560
-570277
-605745
-604022
-595852
-619819
-670489
-706224
-705357
-695028
-714244
-761440
-796912
-796417
-783643
-797894
-841190
-875854
-875361
-859901
-868905
-907935
-941354
-940476
-922137
-925727
-960146
-991929
-990422
-969065
-967082
-996639
-1026465
-1024110
-999674
-992029
-1016489
-1044114
-1040823
-1013290
-999961
-1019216
-1044497
-1040199
-1009676
-990713
-1004667
-1027542
-1022328
-988955
-964462
-973146
-993620
-987644
-951660
-921818
-925297
-943462
-936938
-898678
-863756
-862149
-878163
-871418
-831265
-791542
-785039
-799129
-792521
-750959
-706779
-695614
-708013
-702007
-659527
-611300
-595681
-606725
-601814
-558972
-507062
-487252
-497260
-493963
-451360
-396233
-372429
-381731
-380621
-338904
-280922
-253375
-262249
-263979
-223791
-163308
-132163
-140949
-146109
-108116
-45484
-10815
-19782
-29037
6022
70527
108760
99373
85295
116778
182940
224909
214970
195286
222377
290104
336135
325510
299393
321192
390461
441158
429861
396248
411766
482735
538990
527152
484785
492749
565777
629008
616890
564033
562731
638461
710879
698972
633227
620257
699741
784813
774027
691618
663136
748253
851907
843955
738450
687658
781776
915171
913562
772508
685357
795228
983287
997261
790765
629264
771245
1090542
1158119
776888
352973
574043
1644002
2912111
3388248
2677163
1364944
448450
410205
885237
1184658
1029365
714684
642254
842873
1017047
950562
757044
688479
805906
929650
893688
752069
686268
762115
857577
836318
723348
659041
709123
785820
772824
677941
614290
646356
709267
701269
618782
555369
573877
625953
621100
547663
484246
492009
535152
532326
465875
402370
401299
436887
435441
374602
311035
302617
331694
331199
275095
211640
196970
220419
220663
168742
105569
85633
104158
105096
57051
-5487
-29847
-15588
-13899
-58221
-119900
-147884
-137227
-134707
-175283
-235650
-266540
-258918
-255361
-292103
-350772
-383846
-378674
-373811
-406570
-463097
-497672
-494405
-487981
-516525
-570441
-605913
-603975
-595706
-619774
-670630
-706364
-705311
-694892
-714239
-761579
-797001
-796355
-783519
-797876
-841319
-875939
-875281
-859780
-868914
-908066
-941408
-940392
-922038
-925776
-960283
-991971
-990331
-968991
-967164
-996771
-1026467
-1023990
-999575
-992106
-1016612
-1044115
-1040694
-1013214
-1000044
-1019309
-1044463
-1040079
-1009617
-990813
-1004780
-1027486
-1022186
-988916
-964574
-973237
-993551
-987484
-951641
-921962
-925389
-943395
-936778
-898653
-863898
-862236
-878079
-871247
-831257
-791692
-785137
-799029
-792354
-750934
-706943
-695704
-707919
-701853
-659534
-611447
-595740
-606594
-601646
-558983
-507209
-487302
-497143
-493813
-451381
-396364
-372467
-381592
-380500
-338957
-281034
-253382
-262123
-263879
-223842
-163417
-132140
-140808
-146033
-108212
-45583
-10751
-19640
-29020
5908
70436
108859
99526
85309
116643
182883
225062
215133
195236
222201
290037
336329
325667
299302
320971
390427
441393
430042
396130
411519
482729
539260
527343
484624
492437
565767
629320
617094
563818
562402
638482
711253
699183
632974
619865
699786
785234
774270
691313
662695
748324
852432
844205
738087
687148
781877
915781
913863
772017
684735
795365
984085
997658
790102
628365
771365
1091693
1158863
776112
351481
573732
1645603
2914071
3388475
2675426
1363149
448389
411536
886192
1184206
1028288
714386
642967
843528
1016808
949842
756834
688993
806367
929462
893161
751932
686689
762451
857383
835888
723270
659407
709399
785619
772449
677897
614613
646610
709105
700950
618769
555654
574069
625763
620782
547656
484508
492154
534965
532052
465875
402599
401419
436712
435202
374631
311271
302701
331527
331003
275120
211836
197041
220251
220490
168782
105742
85689
104027
104978
57120
-5387
-29837
-15700
-14002
-58163
-119795
-147885
-137352
-134750
-175213
-235599
-266579
-259043
-255384
-292007
-350740
-383932
-378779
-373789
-406489
-463063
-497792
-494497
-487940
-516422
-570426
-606002
-604081
-595648
-619668
-670653
-706489
-705390
-694810
-714127
-761594
-797148
-796429
-783444
-797783
-841340
-876077
-875351
-859693
-868833
-908100
-941552
-940450
-921957
-925688
-960316
-992102
-990377
-968891
-967044
-996809
-1026599
-1024018
-999477
-992024
-1016659
-1044232
-1040726
-1013123
-999988
-1019387
-1044563
-1040061
-1009519
-990747
-1004818
-1027594
-1022168
-988804
-964530
-973308
-993628
-987455
-951535
-921924
-925478
-943454
-936737
-898565
-863874
-862320
-878130
-871195
-831162
-791702
-785223
-799071
-792289
-750838
-706947
-695788
-707945
-701761
-659428
-611476
-595862
-606627
-601530
-558871
-507259
-487432
-497145
-493696
-451297
-396412
-372603
-381608
-380374
-338858
-281109
-253517
-262136
-263734
-223731
-163496
-132274
-140796
-145872
-108087
-45651
-10878
-19631
-28860
6046
70371
108740
99552
85453
116717
182788
224938
215158
195415
222262
289954
336209
325747
299454
321015
390326
441276
430102
396259
411523
482600
539219
527437
484736
492397
565647
629318
617221
563911
562299
638344
711296
699382
633033
619690
699614
785356
774518
691358
662451
748140
852604
844557
738096
686790
781618
916063
914318
772020
684211
794989
984473
998321
790127
627568
770738
1092192
1160004
776514
350460
572464
1645775
2915846
3390105
2675202
1361268
446748
411623
887474
1185009
1027836
713482
642764
844131
1017331
949648
756283
688858
806773
929790
892993
751546
686608
762757
857612
835731
722981
659360
709644
785778
772309
677656
614590
646805
709189
700795
618581
555689
574258
625827
620652
547507
484556
492334
535002
531901
465741
402665
401585
436752
435065
374501
311322
302836
331533
330865
275037
211885
197156
220244
220338
168683
105804
85804
104007
104847
57030
-5321
-29721
-15738
-14138
-58226
-119732
-147814
-137378
-134886
-175267
-235521
-266501
-259083
-255493
-292049
-350655
-383849
-378823
-373888
-406504
-463001
-497743
-494553
-488033
-516417
-570375
-605976
-604129
-595718
-619678
-670606
-706483
-705446
-694836
-714096
-761579
-797162
-796491
-783448
-797746
-841327
-876091
-875394
-859697
-868775
-908062
-941578
-940516
-921940
-925596
-960294
-992169
-990432
-968855
-966978
-996802
-1026674
-1024094
-999455
-991929
-1016656
-1044285
-1040778
-1013071
-999901
-1019372
-1044638
-1040121
-1009476
-990685
-1004821
-1027655
-1022227
-988762
-964459
-973316
-993693
-987489
-951468
-921854
-925470
-943516
-936762
-898508
-863809
-862336
-878189
-871204
-831095
-791622
-785244
-799138
-792290
-750786
-706904
-695829
-708008
-701745
-659348
-611419
-595884
-606688
-601521
-558794
-507212
-487461
-497202
-493668
-451199
-396369
-372654
-381659
-380332
-338771
-281077
-253572
-262188
-263687
-223643
-163455
-132338
-140849
-145816
-108001
-45652
-10957
-19653
-28778
6130
70356
108642
99525
85534
116842
182795
224835
215134
195506
222377
289932
336107
325697
299553
321113
390306
441177
430076
396366
411642
482591
539107
527423
484840
492514
565616
629212
617214
564022
562391
638286
711202
699376
633146
619767
699555
785275
774564
691470
662469
748054
852541
844638
738182
686761
781497
916029
914463
772136
684086
794806
984481
998583
790290
627358
770415
1092194
1160457
776833
350251
571946
1645748
2916647
3391058
2675253
1360257
445603
411383
888142
1185708
1027798
712911
642430
844373
1017752
949691
755963
688615
806910
930070
893012
751312
686439
762861
857812
835751
722799
659257
709728
785927
772288
677507
614510
646890
709320
700766
618439
555625
574339
625916
620615
547389
484495
492393
535070
531867
465644
402630
401655
436796
435003
374416
311305
302896
331585
330816
274946
211875
197210
220273
220301
168607
105794
85844
104019
104773
56960
-5300
-29684
-15721
-14186
-58277
-119706
-147754
-137369
-134948
-175330
-235518
-266464
-259073
-255548
-292122
-350667
-383818
-378808
-373962
-406552
-463012
-497696
-494539
-488077
-516464
-570374
-605947
-604135
-595739
-619714
-670585
-706463
-705450
-694900
-714111
-761560
-797159
-796488
-783481
-797744
-841325
-876088
-875425
-859714
-868776
-908076
-941591
-940533
-921962
-925601
-960293
-992157
-990450
-968881
-966963
-996786
-1026690
-1024108
-999451
-991932
-1016632
-1044326
-1040787
-1013073
-999876
-1019350
-1044648
-1040153
-1009444
-990638
-1004812
-1027678
-1022232
-988724
-964417
-973309
-993733
-987508
-951447
-921806
-925480
-943566
-936779
-898458
-863770
-862339
-878229
-871202
-831058
-791597
-785256
-799164
-792282
-750736
-706853
-695808
-708024
-701752
-659327
-611396
-595888
-606712
-601505
-558756
-507176
-487453
-497207
-493659
-451178
-396339
-372653
-381671
-380318
-338713
-281042
-253589
-262193
-263661
-223606
-163430
-132340
-140888
-145821
-107955
-45627
-10975
-19689
-28777
6185
70387
108616
99485
85555
116887
182806
224812
215100
195525
222431
289971
336085
325681
299570
321181
390329
441153
430050
396381
411668
482615
539093
527397
484850
492553
565621
629194
617188
564059
562448
638329
711172
699357
633141
619807
699594
785241
774533
691462
662512
748069
852510
844618
738187
686790
781498
916032
914470
772124
684118
794821
984493
998595
790258
627351
770424
1092232
1160436
776791
350212
572047
1646065
2916976
3391152
2674980
1359808
445333
411414
888355
1185815
1027722
712799
642420
844478
1017805
949647
755861
688611
806982
930123
892981
751256
686443
762889
857832
835737
722749
659229
709746
785954
772276
677468
614502
646901
709320
700763
618420
555619
574358
625936
620605
547353
484487
492410
535079
531864
465626
402619
401662
436799
434999
374400
311297
302914
331598
330806
274926
211860
197219
220290
220298
168608
105794
85837
104025
104786
56947
-5331
-29673
-15710
-14208
-58302
-119717
-147745
-137362
-134957
-175329
-235528
-266480
-259054
-255535
-292138
-350661
-383840
-378823
-373943
-406569
-463034
-497702
-494539
-488072
-516475
-570381
-605979
-604120
-595752
-619714
-670605
-706475
-705452
-694888
-714143
-761573
-797156
-796493
-783482
-797754
-841319
-876105
-875407
-859716
-868787
-908091
-941609
-940506
-921948
-925626
-960309
-992185
-990426
-968866
-966987
-996817
-1026678
-1024096
-999454
-991940
-1016656
-1044313
-1040769
-1013075
-999882
-1019372
-1044674
-1040114
-1009452
-990651
-1004846
-1027688
-1022204
-988725
-964446
-973333
-993724
-987471
-951420
-921823
-925494
-943539
-936755
-898475
-863794
-862362
-878217
-871175
-831060
-791596
-785254
-799148
-792277
-750734
-706870
-695820
-708024
-701748
-659313
-611387
-595883
-606693
-601501
-558740
-507178
-487463
-497206
-493645
-451158
-396350
-372648
-381663
-380314
-338717
-281050
-253573
-262185
-263665
-223605
-163435
-132336
-140868
-145802
-107951
-45611
-10961
-19674
-28769
6148
70397
108667
99504
85549
116870
182829
224858
215104
195493
222408
289966
336122
325690
299524
321150
390364
441217
430073
396337
411633
482639
539155
527398
484778
492514
565682
629261
617173
563965
562416
638377
711258
699334
633050
619780
699662
785358
774515
691349
662473
748155
852616
844556
738059
686758
781643
916149
914345
771960
684119
795041
984600
998409
789987
627421
770804
1092460
1160111
776220
350153
572799
1646962
2917148
3390435
2674145
1359652
445835
411875
888242
1185334
1027495
713025
642749
844468
1017523
949471
756020
688824
806975
929933
892874
751352
686592
762899
857700
835640
722825
659335
709741
785856
772227
677521
614573
646885
709255
700732
618459
555661
574328
625861
620588
547410
484511
492371
535049
531881
465667
402627
401614
436775
435033
374417
311276
302869
331562
330821
274949
211855
197171
220259
220330
168614
105750
85778
104017
104818
56966
-5382
-29747
-15699
-14137
-58292
-119790
-147812
-137367
-134879
-175309
-235589
-266540
-259049
-255485
-292123
-350731
-383901
-378787
-373906
-406552
-463099
-497762
-494511
-487991
-516468
-570466
-606035
-604100
-595673
-619706
-670684
-706506
-705399
-694828
-714137
-761644
-797203
-796450
-783425
-797789
-841381
-876112
-875359
-859675
-868804
-908139
-941609
-940464
-921930
-925655
-960371
-992152
-990366
-968842
-967049
-996853
-1026666
-1024024
-999453
-991994
-1016708
-1044284
-1040708
-1013061
-999963
-1019430
-1044609
-1040049
-1009442
-990717
-1004863
-1027639
-1022156
-988730
-964497
-973335
-993664
-987430
-951446
-921881
-925494
-943486
-936700
-898478
-863840
-862362
-878175
-871147
-831075
-791645
-785251
-799118
-792232
-750757
-706912
-695805
-707965
-701699
-659325
-611422
-595875
-606658
-601497
-558786
-507190
-487414
-497156
-493638
-451187
-396344
-372610
-381639
-380345
-338768
-281042
-253508
-262147
-263709
-223658
-163397
-132243
-140818
-145862
-108020
-45586
-10859
-19651
-28843
6092
70442
108766
99524
85449
116789
182893
224983
215111
195392
222336
290058
336265
325683
299400
321085
390468
441353
430042
396188
411573
482766
539314
527386
484616
492445
565812
629400
617134
563788
562365
638545
711384
699255
632887
619793
699870
785432
774351
691172
662568
748412
852661
844281
737860
686952
782003
916138
913973
771728
684441
795529
984561
997769
789623
627899
771637
1092483
1159095
775287
350611
574433
1648167
2916667
3388782
2673092
1360129
447004
412289
887552
1184505
1027489
713670
643152
844197
1017043
949425
756395
689076
806784
929608
892848
751591
686735
762758
857504
835675
723019
659422
709624
785718
772261
677669
614607
646765
709167
700788
618570
555649
574202
625821
620691
547487
484445
492236
535019
531980
465703
402529
401492
436785
435145
374461
311179
302740
331588
330947
274981
211721
197050
220292
220447
168639
105635
85665
104063
104948
56988
-5514
-29851
-15666
-14002
-58282
-119924
-147918
-137304
-134771
-175321
-235740
-266619
-258968
-255365
-292150
-350876
-383949
-378726
-373819
-406588
-463196
-497793
-494447
-487950
-516530
-570558
-606038
-604007
-595657
-619783
-670766
-706501
-705335
-694818
-714247
-761708
-797146
-796381
-783459
-797885
-841448
-876052
-875277
-859690
-868923
-908198
-941524
-940383
-921952
-925779
-960403
-992064
-990288
-968888
-967149
-996879
-1026563
-1023965
-999510
-992095
-1016716
-1044200
-1040633
-1013116
-1000047
-1019404
-1044514
-1040002
-1009501
-990799
-1004856
-1027546
-1022124
-988799
-964556
-973308
-993595
-987393
-951498
-921946
-925464
-943423
-936699
-898530
-863879
-862304
-878099
-871176
-831127
-791636
-785173
-799051
-792279
-750822
-706875
-695722
-707931
-701762
-659405
-611384
-595769
-606625
-601563
-558832
-507122
-487322
-497159
-493759
-451245
-396260
-372467
-381625
-380460
-338801
-280905
-253358
-262158
-263844
-223712
-163272
-132109
-140852
-146018
-108056
-45437
-10697
-19707
-29009
6064
70631
108898
99466
85268
116801
183079
225108
215015
195211
222367
290264
336346
325565
299264
321151
390660
441401
429882
396076
411708
482968
539270
527156
484542
492646
566011
629319
616878
563764
562653
638756
711231
698924
632874
620154
700090
785191
773965
691198
663015
748682
852359
843835
737935
687507
782290
915719
913363
771805
685145
795916
984029
996965
789694
628893
772278
1091773
1157722
774940
351926
576131
1648464
2915409
3387524
2673134
1361091
447507
411707
886674
1184429
1028139
714124
642877
843645
1016988
949862
756642
688822
806417
929666
893209
751731
686452
762470
857615
835991
723084
659130
709388
785855
772567
677680
614313
646576
709338
701081
618550
555347
574050
626019
620948
547454
484172
492107
535206
532204
465668
402252
401384
436975
435350
374387
310932
302656
331770
331111
274883
211489
196992
220468
220579
168540
105422
85666
104234
105049
56844
-5647
-29831
-15510
-13967
-58414
-120039
-147846
-137159
-134769
-175475
-235807
-266523
-258862
-255427
-292286
-350910
-383821
-378612
-373899
-406746
-463215
-497654
-494347
-488064
-516693
-570561
-605877
-603937
-595772
-619942
-670749
-706354
-705274
-694956
-714381
-761692
-796995
-796322
-783584
-798023
-841397
-875920
-875257
-859830
-869032
-908133
-941408
-940379
-922064
-925837
-960326
-991970
-990322
-969000
-967202
-996809
-1026485
-1023988
-999583
-992105
-1016632
-1044139
-1040685
-1013195
-1000030
-1019323
-1044484
-1040070
-1009571
-990751
-1004763
-1027521
-1022189
-988843
-964498
-973212
-993606
-987504
-951551
-921848
-925373
-943470
-936826
-898556
-863729
-862186
-878173
-871306
-831133
-791509
-785087
-799140
-792430
-750801
-706708
-695611
-708044
-701925
-659384
-611193
-595664
-606746
-601708
-558818
-506944
-487248
-497290
-493876
-451186
-396088
-372421
-381766
-380579
-338723
-280756
-253362
-262323
-263930
-223603
-163153
-132131
-141012
-146041
-107918
-45305
-10788
-19854
-28983
6236
70709
108764
99299
85354
117013
183125
224887
214870
195359
222613
290267
336092
325383
299424
321426
390647
441114
429734
396284
411998
482933
538966
527020
484792
492951
565961
628990
616745
564033
562940
638661
710867
698819
633183
620419
699947
784838
773904
691546
663269
748461
851965
843844
738334
687719
781964
915301
913503
772342
685310
795403
983541
997294
790457
628992
771414
1091037
1158287
776293
352344
574836
1646921
2915647
3389571
2674791
1360420
445216
410324
887556
1186253
1028693
712973
641686
843879
1018162
950328
755929
687969
806561
930504
893569
751180
685817
762594
858267
836239
722624
658634
709542
786388
772732
677300
613965
646748
709742
701135
618213
555115
574238
626317
620902
547158
484046
492315
535419
532099
465388
402242
401602
437097
435167
374172
310973
302886
331860
330918
274700
211584
197234
220510
220339
168373
105570
85916
104229
104772
56717
-5489
-29608
-15546
-14213
-58538
-119889
-147651
-137195
-135010
-175573
-235641
-266364
-258939
-255622
-292356
-350754
-383686
-378708
-374064
-406772
-463067
-497570
-494453
-488197
-516684
-570412
-605813
-604025
-595879
-619911
-670630
-706328
-705371
-695011
-714310
-761577
-797006
-796456
-783633
-797926
-841316
-875993
-875383
-859840
-868916
-908051
-941477
-940484
-922051
-925722
-960268
-992096
-990438
-968953
-967023
-996752
-1026617
-1024108
-999514
-991930
-1016595
-1044293
-1040828
-1013113
-999861
-1019303
-1044652
-1040196
-1009464
-990587
-1004770
-1027703
-1022305
-988722
-964322
-973262
-993776
-987572
-951397
-921698
-925407
-943605
-936853
-898409
-863636
-862266
-878315
-871272
-831001
-791446
-785176
-799254
-792361
-750665
-706696
-695758
-708132
-701795
-659228
-611240
-595858
-606792
-601569
-558646
-507014
-487444
-497317
-493700
-451035
-396184
-372638
-381757
-380338
-338587
-280894
-253566
-262297
-263680
-223463
-163287
-132347
-140967
-145799
-107803
-45496
-11005
-19798
-28743
6340
70519
108598
99391
85586
117040
182943
224778
214977
195552
222616
290085
336009
325555
299597
321346
390440
441104
429948
396418
411851
482728
539024
527283
484871
492729
565753
629109
617057
564064
562606
638433
711109
699225
633172
619990
699723
785197
774407
691451
662655
748193
852501
844456
738148
686904
781676
916040
914323
771993
684172
795030
984612
998431
790031
627332
770740
1092538
1160237
776158
349946
572986
1648014
2918615
3391134
2673282
1357749
444377
411845
889187
1186015
1027243
712362
642529
844883
1017946
949375
755595
688659
807215
930192
892808
751037
686460
763072
857915
835577
722586
659250
709897
785996
772150
677337
614507
647008
709371
700659
618287
555580
574424
625950
620516
547260
484467
492452
535089
531800
465530
402568
401681
436819
434942
374287
311236
302925
331597
330767
274863
211802
197187
220293
220283
168525
105702
85805
104046
104768
56868
-5441
-29734
-15699
-14171
-58353
-119835
-147828
-137351
-134911
-175407
-235669
-266558
-259028
-255500
-292188
-350807
-383917
-378768
-373892
-406611
-463162
-497796
-494494
-487995
-516524
-570534
-606059
-604061
-595692
-619768
-670754
-706534
-705378
-694804
-714190
-761716
-797220
-796413
-783431
-797850
-841461
-876144
-875305
-859664
-868860
-908207
-941593
-940430
-921896
-925723
-960439
-992152
-990334
-968832
-967097
-996897
-1026628
-1023971
-999428
-992039
-1016734
-1044270
-1040658
-1013044
-999993
-1019443
-1044590
-1040005
-1009421
-990762
-1004905
-1027595
-1022084
-988718
-964522
-973366
-993659
-987385
-951426
-921900
-925519
-943471
-936659
-898455
-863850
-862361
-878133
-871120
-831058
-791631
-785224
-799075
-792211
-750743
-706885
-695776
-707946
-701695
-659328
-611367
-595820
-606637
-601494
-558759
-507124
-487373
-497147
-493679
-451182
-396249
-372519
-381639
-380396
-338758
-280920
-253406
-262170
-263772
-223654
-163289
-132153
-140866
-145969
-107997
-45415
-10732
-19685
-28974
6123
70618
108886
99480
85305
116823
183084
225106
215040
195241
222375
290279
336382
325567
299254
321145
390683
441441
429891
396067
411697
482999
539343
527183
484513
492637
566060
629374
616870
563699
562625
638826
711277
698918
632830
620125
700180
785274
773942
691125
662992
748775
852426
843791
737811
687478
782405
915814
913324
771670
685135
796075
984151
996890
789506
628869
772505
1091990
1157590
774541
351780
576657
1649464
2916158
3387414
2672246
1360157
447150
411926
887025
1184494
1027936
713941
642899
843813
1017048
949768
756532
688801
806517
929737
893167
751650
686434
762537
857667
835974
722989
659092
709429
785925
772564
677604
614249
646605
709402
701080
618472
555276
574072
626080
620934
547366
484083
492125
535275
532216
465560
402189
401404
437046
435342
374299
310844
302685
331845
331110
274794
211447
197029
220540
220550
168451
105398
85708
104264
104987
56752
-5664
-29769
-15473
-14040
-58518
-120059
-147815
-137141
-134839
-175575
-235822
-266486
-258857
-255492
-292375
-350916
-383778
-378622
-373961
-406821
-463212
-497616
-494354
-488124
-516760
-570557
-605833
-603924
-595815
-619977
-670744
-706321
-705263
-694994
-714430
-761690
-796974
-796337
-783628
-798045
-841391
-875914
-875272
-859856
-869042
-908119
-941403
-940401
-922103
-925851
-960335
-992001
-990346
-968993
-967160
-996788
-1026515
-1024009
-999574
-992096
-1016624
-1044169
-1040743
-1013182
-999986
-1019314
-1044551
-1040122
-1009545
-990694
-1004761
-1027614
-1022260
-988792
-964409
-973226
-993690
-987570
-951484
-921736
-925347
-943532
-936853
-898494
-863651
-862202
-878244
-871330
-831042
-791411
-785104
-799213
-792450
-750711
-706629
-695659
-708118
-701923
-659255
-611130
-595736
-606815
-601662
-558663
-506916
-487323
-497357
-493818
-451055
-396048
-372521
-381830
-380473
-338597
-280749
-253474
-262367
-263799
-223441
-163155
-132272
-141033
-145917
-107779
-45349
-10929
-19865
-28824
6391
70646
108629
99281
85513
117142
183070
224767
214875
195492
222706
290222
336001
325419
299568
321492
390565
441029
429790
396425
412034
482834
538916
527106
484896
492940
565858
628975
616874
564123
562874
638559
710920
699007
633253
620271
699810
784963
774140
691562
663000
748286
852199
844210
738286
687289
781747
915693
914025
772222
684624
795094
984151
998103
790297
627870
770807
1091989
1159791
776388
350631
573385
1647896
2918546
3391514
2673634
1357343
443337
411107
889470
1186866
1027597
711881
641931
844891
1018477
949647
755294
688247
807245
930604
892998
750800
686147
763114
858198
835721
722391
659006
709929
786232
772243
677138
614330
647073
709565
700708
618129
555452
574496
626102
620541
547122
484369
492506
535225
531799
465394
402495
401751
436914
434907
374177
311194
302989
331663
330713
274722
211763
197296
220342
220198
168423
105698
85887
104071
104690
56778
-5429
-29672
-15670
-14249
-58439
-119834
-147758
-137328
-135007
-175484
-235649
-266503
-259033
-255559
-292245
-350792
-383841
-378780
-373978
-406686
-463152
-497748
-494498
-488066
-516588
-570516
-606009
-604102
-595735
-619786
-670758
-706530
-705407
-694865
-714212
-761701
-797214
-796455
-783452
-797846
-841455
-876171
-875334
-859664
-868867
-908211
-941637
-940455
-921900
-925696
-960454
-992205
-990341
-968814
-967078
-996909
-1026681
-1023988
-999400
-992016
-1016761
-1044304
-1040648
-1013015
-999968
-1019465
-1044636
-1040017
-1009390
-990727
-1004919
-1027638
-1022103
-988675
-964497
-973387
-993671
-987359
-951383
-921879
-925526
-943487
-936655
-898406
-863812
-862375
-878171
-871088
-830987
-791616
-785267
-799102
-792190
-750688
-706849
-695813
-707970
-701660
-659274
-611358
-595839
-606651
-601457
-558706
-507114
-487389
-497166
-493629
-451119
-396245
-372539
-381621
-380337
-338699
-280902
-253434
-262173
-263728
-223592
-163264
-132142
-140873
-145928
-107943
-45411
-10748
-19695
-28948
6165
70659
108888
99462
85351
116871
183118
225100
215045
195246
222398
290302
336393
325544
299260
321171
390717
441469
429885
396059
411727
483065
539361
527150
484513
492675
566141
629411
616844
563678
562668
638901
711328
698887
632769
620163
700244
785305
773899
691063
663011
748861
852471
843719
737747
687530
782531
915864
913239
771563
685151
796209
984238
996794
789347
628878
772725
1092131
1157424
774183
351683
577223
1650446
2916849
3387297
2671424
1359265
446749
412098
887379
1184613
1027776
713758
642901
843960
1017167
949701
756386
688768
806619
929823
893135
751514
686360
762600
857754
835957
722878
659009
709492
786019
772563
677479
614178
646656
709493
701075
618360
555202
574118
626167
620927
547267
484021
492166
535362
532198
465481
402125
401448
437089
435323
374208
310817
302718
331886
331064
274706
211402
197068
220564
220512
168349
105358
85759
104320
104929
56666
-5709
-29724
-15464
-14102
-58591
-120059
-147764
-137141
-134913
-175645
-235827
-266438
-258833
-255553
-292456
-350920
-383754
-378612
-374011
-406898
-463240
-497600
-494354
-488146
-516794
-570568
-605847
-603949
-595854
-620021
-670732
-706308
-705283
-695011
-714432
-761684
-796996
-796372
-783633
-798032
-841398
-875923
-875282
-859862
-869043
-908133
-941426
-940418
-922092
-925816
-960341
-992042
-990366
-968964
-967132
-996804
-1026566
-1024049
-999549
-992037
-1016634
-1044242
-1040754
-1013120
-999915
-1019317
-1044609
-1040132
-1009472
-990632
-1004778
-1027681
-1022254
-988733
-964343
-973234
-993769
-987544
-951394
-921694
-925402
-943607
-936836
-898411
-863607
-862235
-878317
-871306
-830977
-791369
-785155
-799252
-792366
-750631
-706616
-695725
-708141
-701818
-659185
-611130
-595804
-606831
-601569
-558595
-506935
-487408
-497340
-493700
-450978
-396097
-372593
-381818
-380364
-338506
-280796
-253561
-262329
-263692
-223372
-163186
-132349
-141022
-145820
-107716
-45387
-10991
-19840
-28737
6433
70624
108611
99344
85593
117153
183042
224780
214939
195556
222697
290179
336030
325498
299605
321464
390547
441085
429867
396392
411932
482816
539026
527210
484862
492820
565850
629148
616997
564036
562685
638549
711128
699153
633109
620041
699836
785242
774309
691348
662689
748358
852600
844364
737977
686910
781888
916193
914213
771782
684162
795309
984832
998285
789647
627276
771181
1092946
1159976
775344
349638
574031
1649935
2919901
3390676
2671513
1356204
444108
412495
889669
1185799
1026755
712245
642864
845142
1017805
949057
755507
688872
807405
930132
892588
750973
686602
763199
857830
835419
722552
659357
709963
785952
772050
677284
614571
647067
709337
700588
618262
555618
574431
625923
620468
547212
484446
492443
535101
531790
465475
402526
401650
436823
434965
374263
311164
302849
331615
330805
274814
211688
197138
220330
220330
168495
105589
85742
104090
104818
56828
-5555
-29796
-15637
-14111
-58401
-119984
-147917
-137287
-134850
-175450
-235813
-266631
-258957
-255435
-292237
-350948
-383984
-378694
-373830
-406710
-463307
-497846
-494428
-487949
-516642
-570673
-606059
-603988
-595650
-619880
-670882
-706522
-705292
-694816
-714330
-761833
-797182
-796342
-783456
-797993
-841546
-876068
-875217
-859690
-869008
-908285
-941535
-940326
-921939
-925851
-960483
-992086
-990239
-968880
-967210
-996926
-1026563
-1023902
-999466
-992138
-1016769
-1044183
-1040578
-1013075
-1000067
-1019450
-1044526
-1039962
-1009467
-990799
-1004878
-1027557
-1022087
-988762
-964550
-973333
-993614
-987381
-951468
-921895
-925458
-943437
-936694
-898485
-863795
-862276
-878126
-871174
-831054
-791552
-785137
-799079
-792295
-750736
-706760
-695685
-707993
-701803
-659313
-611207
-595698
-606707
-601610
-558726
-506943
-487252
-497242
-493816
-451136
-396045
-372409
-381742
-380518
-338683
-280706
-253298
-262280
-263911
-223529
-163058
-132070
-141013
-146056
-107843
-45214
-10715
-19854
-29007
6285
70809
108856
99269
85317
117081
183265
224990
214826
195297
222679
290427
336172
325344
299372
321487
390799
441181
429671
396209
412064
483081
539036
526949
484734
493045
566127
629054
616647
563948
563033
638844
710931
698722
633083
620503
700132
784896
773792
691432
663337
748675
852074
843708
738172
687770
782199
915448
913365
772093
685276
795684
983788
997169
790091
628841
771782
1091528
1158180
775555
351848
575685
1649130
2917747
3389833
2672842
1357774
443881
410855
888801
1186667
1028038
712220
641734
844533
1018497
949985
755389
687969
807018
930745
893287
750778
685835
762953
858428
835981
722287
658687
709841
786469
772459
677028
614022
647001
709771
700895
617991
555186
574447
626326
620677
546974
484139
492498
535396
531868
465250
402312
401765
437060
434973
374035
311028
303007
331809
330750
274595
211645
197320
220459
220189
168281
105618
85947
104159
104664
56638
-5489
-29585
-15593
-14321
-58583
-119863
-147682
-137285
-135065
-175584
-235660
-266411
-258992
-255653
-292353
-350807
-383790
-378766
-374041
-406765
-463136
-497678
-494489
-488136
-516666
-570527
-605961
-604080
-595803
-619868
-670730
-706486
-705408
-694911
-714275
-761698
-797200
-796470
-783509
-797883
-841448
-876141
-875357
-859681
-868856
-908211
-941645
-940464
-921900
-925679
-960446
-992242
-990384
-968808
-967020
-996909
-1026721
-1024031
-999367
-991978
-1016771
-1044352
-1040698
-1012981
-999926
-1019483
-1044685
-1040027
-1009347
-990666
-1004943
-1027685
-1022094
-988625
-964458
-973405
-993728
-987370
-951316
-921833
-925549
-943539
-936648
-898348
-863762
-862403
-878199
-871075
-830936
-791589
-785277
-799125
-792170
-750617
-706815
-695824
-708005
-701638
-659190
-611321
-595863
-606658
-601426
-558654
-507079
-487395
-497179
-493610
-451066
-396229
-372557
-381644
-380321
-338629
-280865
-253432
-262188
-263709
-223529
-163235
-132159
-140883
-145913
-107898
-45367
-10739
-19707
-28923
6239
70690
108893
99461
85354
116912
183161
225122
215012
195254
222463
290363
336405
325537
299238
321228
390776
441471
429855
396020
411772
483121
539382
527121
484484
492704
566205
629425
616774
563636
562724
638965
711323
698821
632742
620208
700350
785313
773800
691016
663101
748960
852480
843635
737680
687588
782625
915852
913113
771482
685227
796348
984228
996632
789234
628968
772923
1092186
1157207
773919
351755
577775
1651258
2917421
3387256
2670806
1358425
446184
412072
887702
1184863
1027705
713496
642775
844103
1017373
949714
756198
688619
806703
930027
893157
751332
686233
762658
857925
835967
722708
658892
709564
786181
772560
677334
614064
646709
709638
701088
618208
555093
574171
626302
620922
547113
483944
492235
535445
532142
465332
402063
401529
437162
435248
374070
310781
302814
331942
330968
274590
211410
197187
220604
220410
168255
105368
85851
104309
104820
56597
-5659
-29644
-15449
-14209
-58665
-120027
-147692
-137142
-134992
-175698
-235789
-266390
-258870
-255636
-292491
-350888
-383709
-378643
-374074
-406916
-463200
-497579
-494394
-488199
-516808
-570543
-605839
-603989
-595898
-620023
-670730
-706350
-705350
-695034
-714402
-761669
-797028
-796408
-783627
-798005
-841410
-875993
-875336
-859828
-868961
-908132
-941512
-940478
-922018
-925753
-960369
-992132
-990401
-968913
-967070
-996819
-1026661
-1024090
-999455
-991964
-1016674
-1044325
-1040762
-1013022
-999842
-1019380
-1044701
-1040134
-1009387
-990572
-1004844
-1027756
-1022240
-988644
-964334
-973336
-993809
-987490
-951300
-921685
-925495
-943622
-936742
-898298
-863630
-862345
-878300
-871167
-830880
-791437
-785256
-799247
-792232
-750547
-706696
-695815
-708108
-701687
-659105
-611236
-595898
-606786
-601434
-558533
-507007
-487455
-497276
-493566
-450947
-396168
-372643
-381729
-380253
-338511
-280865
-253569
-262246
-263606
-223405
-163254
-132323
-140940
-145766
-107754
-45434
-10923
-19739
-28748
6360
70618
108713
99427
85552
117050
183043
224942
215035
195448
222562
290213
336231
325589
299457
321268
390626
441361
429945
396205
411765
482967
539331
527264
484607
492625
566032
629487
617017
563695
562496
638800
711482
699085
632726
619893
700186
785592
774142
690927
662669
748813
852853
844023
737536
687053
782499
916379
913584
771231
684571
796217
984917
997228
788838
628027
772740
1093147
1158111
773498
350399
577171
1652386
2919172
3387659
2669449
1356901
446118
413214
888461
1184398
1026797
713356
643467
844591
1017030
949091
756139
689157
807018
929683
892692
751392
686688
762879
857620
835602
722815
659285
709697
785896
772285
677436
614386
646793
709350
700864
618346
555349
574204
626035
620779
547242
484135
492219
535266
532058
465466
402207
401453
437042
435243
374200
310833
302711
331824
331040
274700
211385
197040
220538
220518
168346
105302
85703
104315
104977
56670
-5769
-29812
-15453
-14045
-58619
-120167
-147823
-137120
-134852
-175672
-235919
-266503
-258806
-255517
-292472
-351030
-383806
-378584
-373969
-406916
-463306
-497629
-494322
-488136
-516866
-570650
-605862
-603915
-595840
-620082
-670836
-706334
-705257
-695006
-714483
-761768
-797005
-796327
-783626
-798082
-841458
-875937
-875261
-859849
-869075
-908208
-941447
-940377
-922071
-925868
-960390
-992041
-990323
-968960
-967178
-996846
-1026576
-1024011
-999524
-992069
-1016675
-1044233
-1040730
-1013107
-999938
-1019376
-1044613
-1040115
-1009453
-990622
-1004806
-1027680
-1022243
-988687
-964324
-973270
-993785
-987541
-951364
-921675
-925420
-943607
-936806
-898343
-863573
-862267
-878321
-871275
-830906
-791359
-785164
-799269
-792324
-750561
-706598
-695754
-708147
-701780
-659086
-611125
-595831
-606845
-601542
-558526
-506913
-487418
-497350
-493658
-450898
-396056
-372627
-381814
-380294
-338429
-280757
-253562
-262334
-263629
-223312
-163157
-132337
-141022
-145775
-107652
-45344
-10980
-19834
-28712
6484
70652
108610
99352
85594
117171
183089
224807
214952
195549
222712
290237
336093
325531
299553
321433
390609
441191
429895
396337
411897
482900
539159
527237
484757
492758
565951
629305
617011
563864
562601
638696
711352
699151
632875
619921
700041
785519
774279
691065
662598
748640
852888
844261
737639
686850
782271
916490
913938
771319
684206
795915
985144
997770
788935
627449
772216
1093474
1159036
773825
349594
576178
1652519
2920537
3388843
2669160
1355475
445053
413441
889413
1184825
1026339
712765
643490
845088
1017267
948816
755820
689239
807351
929798
892447
751177
686808
763127
857636
835377
722670
659401
709860
785854
772082
677373
614537
646931
709280
700663
618310
555515
574315
625953
620588
547223
484281
492294
535161
531945
465463
402310
401501
436920
435123
374218
310933
302728
331740
330965
274737
211457
197025
220468
220469
168392
105336
85662
104250
104970
56711
-5768
-29851
-15480
-14023
-58554
-120176
-147920
-137125
-134817
-175626
-235973
-266575
-258832
-255458
-292445
-351071
-383867
-378570
-373908
-406907
-463381
-497711
-494329
-488067
-516831
-570699
-605902
-603904
-595785
-620069
-670895
-706374
-705226
-694955
-714486
-761811
-797025
-796288
-783588
-798109
-841523
-875953
-875203
-859809
-869097
-908239
-941452
-940341
-922051
-925912
-960443
-992013
-990280
-968965
-967223
-996881
-1026526
-1023973
-999531
-992123
-1016697
-1044200
-1040678
-1013120
-999984
-1019379
-1044569
-1040079
-1009476
-990693
-1004809
-1027634
-1022211
-988715
-964372
-973273
-993735
-987498
-951383
-921680
-925388
-943595
-936808
-898367
-863588
-862230
-878291
-871290
-830920
-791346
-785133
-799259
-792377
-750590
-706564
-695684
-708164
-701835
-659120
-611079
-595768
-606847
-601563
-558526
-506851
-487377
-497372
-493703
-450892
-395989
-372571
-381827
-380353
-338436
-280713
-253535
-262363
-263679
-223287
-163095
-132317
-141049
-145798
-107623
-45300
-10977
-19865
-28729
6523
70700
108616
99318
85583
117218
183122
224790
214908
195553
222758
290264
336050
325470
299590
321503
390648
441152
429849
396380
411983
482925
539081
527170
484802
492853
565979
629231
616960
563932
562696
638704
711258
699099
632956
620010
700009
785433
774260
691148
662649
748587
852790
844268
737709
686867
782169
916457
914028
771393
684144
795784
985166
997918
789014
627306
772002
1093519
1159342
774019
349365
575825
1652574
2921095
3389409
2669105
1354808
444417
413454
889860
1185128
1026196
712456
643424
845302
1017428
948722
755620
689187
807471
929883
892381
751047
686793
763240
857689
835317
722594
659420
709945
785873
772024
677314
614550
646997
709294
700605
618264
555550
574369
625950
620550
547201
484321
492352
535160
531888
465459
402349
401537
436911
435075
374217
310957
302770
331728
330927
274732
211478
197054
220448
220451
168387
105373
85658
104235
104951
56713
-5775
-29857
-15517
-14032
-58554
-120199
-147931
-137152
-134813
-175607
-235973
-266595
-258827
-255432
-292440
-351102
-383905
-378571
-373890
-406893
-463408
-497721
-494314
-488048
-516838
-570744
-605956
-603902
-595789
-620085
-670902
-706390
-705218
-694952
-714522
-761844
-797042
-796270
-783576
-798144
-841549
-875956
-875194
-859806
-869113
-908249
-941443
-940337
-922056
-925934
-960455
-992013
-990285
-968964
-967242
-996904
-1026535
-1023948
-999520
-992128
-1016711
-1044198
-1040657
-1013113
-1000008
-1019401
-1044587
-1040071
-1009463
-990689
-1004817
-1027624
-1022202
-988718
-964375
-973278
-993708
-987489
-951381
-921705
-925405
-943590
-936808
-898366
-863583
-862241
-878288
-871280
-830903
-791322
-785146
-799266
-792365
-750566
-706562
-695708
-708158
-701825
-659100
-611049
-595775
-606858
-601563
-558514
-506833
-487375
-497375
-493683
-450892
-395990
-372589
-381855
-380330
-338398
-280698
-253545
-262375
-263663
-223280
-163088
-132312
-141062
-145804
-107602
-45281
-10958
-19870
-28727
6543
70716
108617
99303
85602
117255
183142
224798
214899
195560
222791
290289
336056
325458
299571
321507
390666
441163
429846
396342
411986
482953
539107
527186
484773
492821
565991
629259
616955
563886
562676
638743
711322
699088
632899
620006
700057
785486
774227
691101
662636
748647
852871
844251
737625
686867
782277
916505
913950
771276
684156
795906
985238
997805
788844
627336
772240
1093656
1159119
773670
349381
576339
1653240
2921330
3389048
2668530
1354506
444542
413635
889862
1184994
1026102
712512
643515
845282
1017342
948679
755657
689255
807480
929826
892362
751061
686804
763216
857669
835332
722593
659415
709943
785876
772024
677299
614544
647001
709328
700631
618242
555500
574337
625975
620573
547175
484268
492334
535174
531897
465411
402314
401535
436935
435109
374174
310912
302745
331782
330953
274689
211417
197037
220502
220462
168328
105307
85657
104259
104937
56650
-5819
-29858
-15455
-14028
-58621
-120220
-147893
-137111
-134832
-175679
-236014
-266578
-258806
-255457
-292492
-351119
-383876
-378562
-373937
-406941
-463416
-497712
-494292
-488095
-516893
-570747
-605905
-603885
-595815
-620122
-670910
-706383
-705228
-694974
-714537
-761850
-797030
-796283
-783598
-798132
-841537
-875961
-875201
-859818
-869126
-908240
-941445
-940362
-922057
-925915
-960443
-992028
-990300
-968942
-967220
-996902
-1026566
-1023970
-999511
-992096
-1016724
-1044239
-1040680
-1013093
-999972
-1019377
-1044613
-1040090
-1009441
-990646
-1004831
-1027688
-1022207
-988683
-964334
-973289
-993781
-987520
-951334
-921644
-925409
-943621
-936799
-898322
-863567
-862258
-878316
-871245
-830862
-791318
-785187
-799271
-792323
-750526
-706560
-695741
-708169
-701771
-659054
-611085
-595833
-606845
-601507
-558463
-506860
-487412
-497358
-493614
-450851
-396019
-372620
-381821
-380280
-338375
-280729
-253562
-262333
-263619
-223263
-163125
-132347
-141015
-145733
-107609
-45308
-10963
-19830
-28698
6503
70700
108653
99352
85615
117215
183132
224844
214941
195527
222719
290303
336137
325502
299544
321451
390675
441265
429890
396284
411922
483007
539245
527200
484677
492758
566079
629408
616953
563757
562611
638824
711466
699099
632767
619917
700191
785633
774172
690903
662617
748821
852973
844087
737432
686938
782536
916562
913680
771083
684352
796288
985231
997349
788561
627697
772871
1093651
1158324
772987
349766
577608
1654076
2920887
3387881
2667887
1354903
445250
413769
889350
1184530
1026253
712930
643635
845031
1017119
948786
755891
689264
807310
929753
892471
751200
686758
763079
857677
835452
722643
659306
709819
785916
772157
677313
614410
646901
709401
700775
618245
555355
574267
626094
620698
547131
484120
492272
535311
532034
465374
402153
401480
437059
435201
374088
310776
302755
331877
331002
274589
211326
197059
220580
220482
168241
105249
85705
104343
104905
56551
-5850
-29777
-15420
-14101
-58708
-120214
-147804
-137081
-134899
-175749
-235979
-266477
-258787
-255573
-292565
-351069
-383776
-378574
-374026
-407015
-463376
-497629
-494321
-488170
-516918
-570686
-605854
-603914
-595876
-620134
-670855
-706344
-705263
-695020
-714515
-761792
-797046
-796340
-783619
-798096
-841494
-875990
-875270
-859826
-869085
-908228
-941478
-940393
-922034
-925849
-960434
-992090
-990349
-968924
-967140
-996872
-1026635
-1024025
-999457
-992021
-1016731
-1044326
-1040719
-1013040
-999899
-1019426
-1044692
-1040120
-1009369
-990588
-1004854
-1027751
-1022202
-988579
-964308
-973335
-993825
-987474
-951240
-921652
-925479
-943670
-936730
-898238
-863589
-862368
-878339
-871136
-830811
-791388
-785246
-799266
-792224
-750470
-706648
-695838
-708128
-701647
-659030
-611158
-595907
-606792
-601392
-558449
-506943
-487481
-497301
-493533
-450860
-396095
-372651
-381747
-380192
-338404
-280783
-253543
-262256
-263561
-223296
-163174
-132313
-140941
-145735
-107676
-45332
-10900
-19763
-28739
6443
70710
108765
99416
85527
117107
183185
224999
214995
195423
222606
290359
336324
325555
299378
321347
390792
441441
429899
396100
411810
483130
539437
527164
484471
492701
566244
629569
616852
563556
562611
639063
711550
698892
632588
620078
700473
785603
773880
690793
662913
749137
852825
843675
737369
687368
782888
916311
913127
771017
684957
796724
984822
996602
788510
628553
773545
1093119
1157089
772596
350902
579109
1654398
2919869
3386823
2667930
1355650
445513
413163
888738
1184687
1026836
713125
643216
844645
1017309
949193
755922
688880
807055
929983
892826
751141
686379
762905
857939
835731
722530
658946
709720
786209
772416
677155
614070
646860
709690
700945
618066
555057
574264
626348
620811
546950
483897
492318
535509
532063
465181
402003
401577
437225
435162
373917
310702
302878
331989
330916
274425
211328
197227
220632
220319
168095
105298
85887
104353
104747
56453
-5743
-29636
-15455
-14291
-58790
-120106
-147678
-137126
-135056
-175807
-235852
-266383
-258875
-255690
-292583
-350962
-383713
-378648
-374124
-406984
-463275
-497625
-494400
-488230
-516886
-570624
-605901
-604005
-595890
-620064
-670828
-706420
-705367
-695017
-714420
-761773
-797138
-796415
-783573
-798000
-841512
-876096
-875348
-859736
-868958
-908255
-941622
-940460
-921943
-925740
-960490
-992242
-990386
-968794
-967059
-996951
-1026754
-1024033
-999333
-991945
-1016817
-1044397
-1040698
-1012924
-999870
-1019517
-1044761
-1040013
-1009271
-990618
-1004956
-1027746
-1022091
-988520
-964401
-973439
-993790
-987343
-951221
-921776
-925585
-943574
-936603
-898228
-863712
-862427
-878248
-871017
-830801
-791505
-785315
-799165
-792113
-750501
-706749
-695852
-708028
-701588
-659081
-611253
-595877
-606692
-601368
-558506
-506993
-487419
-497209
-493550
-450950
-396116
-372546
-381677
-380275
-338518
-280759
-253415
-262200
-263670
-223412
-163105
-132126
-140906
-145902
-107763
-45218
-10691
-19765
-28931
6324
70852
108943
99382
85319
117034
183369
225157
214902
195199
222610
290582
336440
325417
299203
321412
391001
441467
429696
396007
411981
483328
539340
526908
484443
492963
566426
629371
616570
563634
562983
639190
711227
698570
632724
620509
700577
785219
773564
691015
663382
749177
852353
843362
737664
687875
782854
915742
912873
771461
685457
796546
984172
996437
789170
629099
773102
1092222
1157005
773599
351694
578537
1653141
2919722
3388281
2669355
1355227
443577
411889
889434
1186271
1027326
712085
642185
844926
1018382
949582
755211
688141
807297
930778
893056
750569
685865
763143
858505
835835
722080
658628
709990
786604
772338
676776
613945
647134
709887
700769
617779
555116
574555
626429
620573
546765
484056
492612
535485
531758
465027
402235
401832
437129
434883
373840
310954
303079
331851
330627
274421
211571
197352
220478
220103
168121
105517
85954
104173
104595
56498
-5595
-29605
-15598
-14370
-58707
-119991
-147737
-137268
-135079
-175703
-235811
-266485
-258972
-255660
-292449
-350965
-383861
-378751
-374029
-406869
-463305
-497784
-494475
-488097
-516756
-570689
-606087
-604039
-595751
-619956
-670921
-706601
-705355
-694849
-714333
-761910
-797285
-796394
-783403
-797960
-841648
-876215
-875268
-859622
-868971
-908392
-941673
-940351
-921854
-925817
-960613
-992202
-990240
-968767
-967185
-997056
-1026678
-1023887
-999356
-992110
-1016875
-1044285
-1040544
-1012974
-1000067
-1019560
-1044611
-1039886
-1009344
-990792
-1004993
-1027618
-1021987
-988610
-964529
-973436
-993652
-987273
-951309
-921865
-925550
-943473
-936584
-898343
-863761
-862342
-878139
-871052
-830899
-791494
-785192
-799120
-792201
-750589
-706698
-695693
-708004
-701720
-659159
-611138
-595705
-606721
-601525
-558570
-506845
-487246
-497261
-493756
-450973
-395919
-372391
-381761
-380461
-338500
-280549
-253317
-262334
-263839
-223364
-162892
-132089
-141078
-145997
-107671
-45057
-10741
-19930
-28945
6518
70979
108814
99178
85387
117298
183418
224940
214731
195366
222905
290587
336149
325248
299420
321694
390932
441143
429582
396268
412264
483229
538998
526853
484754
493179
566249
629062
616586
563938
563127
638966
710998
698717
633040
620508
700257
785049
773815
691293
663211
748793
852375
843842
737925
687460
782326
915958
913618
771644
684687
795813
984670
997659
789357
627737
771885
1093060
1159214
774390
349678
575890
1653160
2922704
3390975
2668812
1352303
441677
412781
891419
1186763
1026099
711100
642666
845938
1018429
948702
754784
688710
807941
930529
892320
750425
686487
763591
858135
835202
722107
659256
710266
786161
771839
676921
614495
647303
709483
700409
617946
555531
574616
626046
620321
546943
484361
492571
535184
531658
465231
402404
401729
436905
434857
374048
311037
302916
331690
330715
274593
211554
197148
220390
220281
168267
105395
85727
104158
104799
56643
-5785
-29851
-15554
-14121
-58625
-120223
-147958
-137199
-134837
-175649
-236045
-266651
-258864
-255452
-292452
-351178
-383994
-378597
-373883
-406928
-463505
-497830
-494323
-488029
-516856
-570851
-606038
-603869
-595717
-620119
-671025
-706462
-705194
-694894
-714548
-761946
-797111
-796241
-783529
-798185
-841650
-876022
-875156
-859773
-869175
-908349
-941488
-940294
-922000
-925963
-960547
-992039
-990215
-968915
-967282
-996974
-1026543
-1023890
-999480
-992167
-1016784
-1044201
-1040608
-1013061
-1000016
-1019454
-1044599
-1040018
-1009415
-990686
-1004858
-1027640
-1022155
-988664
-964381
-973300
-993742
-987440
-951329
-921684
-925424
-943597
-936770
-898304
-863556
-862273
-878302
-871225
-830820
-791305
-785169
-799286
-792328
-750474
-706506
-695717
-708167
-701767
-659008
-611018
-595818
-606866
-601507
-558401
-506795
-487390
-497395
-493620
-450785
-395939
-372591
-381841
-380277
-338309
-280640
-253532
-262379
-263617
-223188
-163048
-132316
-141050
-145743
-107512
-45229
-10965
-19867
-28697
6606
70801
108660
99308
85599
117292
183235
224874
214915
195535
222816
290394
336159
325465
299512
321525
390775
441296
429846
396263
411967
483100
539261
527144
484628
492781
566173
629456
616909
563696
562648
638973
711536
699006
632645
619963
700356
785689
774064
690786
662690
749054
853055
843932
737263
687049
782799
916650
913447
770837
684501
796667
985318
996975
788210
627896
773463
1093875
1157690
772138
349858
578998
1655904
2921730
3387168
2666366
1353733
444987
414047
889611
1184512
1026072
712829
643660
845122
1017184
948731
755775
689198
807334
929841
892478
751075
686645
763110
857811
835491
722510
659157
709847
786080
772199
677169
614215
646903
709569
700825
618052
555154
574311
626237
620728
546964
483938
492332
535466
532040
465193
401996
401566
437222
435177
373927
310653
302832
332000
330924
274423
211263
197160
220658
220356
168081
105233
85849
104387
104774
56388
-5823
-29656
-15409
-14252
-58836
-120198
-147705
-137098
-135060
-175865
-235939
-266403
-258825
-255687
-292653
-351041
-383728
-378607
-374118
-407044
-463335
-497627
-494385
-488240
-516932
-570673
-605881
-603969
-595901
-620111
-670861
-706411
-705324
-695030
-714490
-761815
-797126
-796391
-783575
-798061
-841548
-876112
-875322
-859754
-868998
-908293
-941630
-940432
-921931
-925776
-960495
-992234
-990377
-968791
-967056
-996989
-1026780
-1024024
-999337
-991962
-1016821
-1044422
-1040685
-1012901
-999877
-1019551
-1044748
-1040012
-1009252
-990618
-1004985
-1027754
-1022078
-988503
-964397
-973461
-993783
-987313
-951180
-921756
-925617
-943582
-936552
-898208
-863695
-862426
-878241
-870998
-830788
-791513
-785317
-799160
-792081
-750471
-706728
-695823
-708018
-701552
-659029
-611230
-595878
-606687
-601351
-558476
-506958
-487407
-497206
-493551
-450896
-396059
-372529
-381667
-380262
-338468
-280704
-253390
-262228
-263685
-223379
-163043
-132102
-140930
-145923
-107751
-45127
-10656
-19807
-28965
6372
70948
108975
99326
85287
117113
183441
225173
214847
195201
222684
290652
336402
325336
299215
321509
391076
441413
429622
396015
412101
483420
539261
526812
484503
493104
566494
629278
616471
563669
563114
639249
711143
698495
632795
620629
700578
785107
773511
691082
663470
749179
852283
843358
737747
687915
782806
915729
912954
771525
685404
796443
984215
996621
789212
628866
772861
1092387
1157485
773759
351242
578090
1653652
2921164
3389400
2668869
1353416
442112
412005
890598
1186985
1026895
711253
642037
845515
1018805
949315
754694
688133
807686
930967
892759
750253
685971
763489
858554
835522
721876
658809
710258
786541
772071
676682
614136
647326
709799
700513
617720
555288
574693
626303
620360
546739
484207
492678
535372
531611
465032
402358
401875
437008
434750
373870
311029
303047
331754
330577
274444
211604
197302
220412
220111
168150
105483
85870
104138
104629
56555
-5661
-29712
-15629
-14287
-58661
-120100
-147861
-137254
-134991
-175676
-235943
-266623
-258961
-255543
-292455
-351098
-383981
-378694
-373906
-406859
-463469
-497869
-494386
-487999
-516790
-570860
-606123
-603936
-595674
-620018
-671059
-706601
-705238
-694813
-714458
-762013
-797223
-796257
-783437
-798121
-841723
-876126
-875171
-859696
-869128
-908435
-941577
-940260
-921918
-925947
-960628
-992096
-990182
-968842
-967295
-997065
-1026583
-1023844
-999426
-992191
-1016848
-1044196
-1040541
-1013047
-1000099
-1019520
-1044548
-1039931
-1009401
-990773
-1004925
-1027574
-1022047
-988662
-964451
-973340
-993673
-987368
-951332
-921767
-925442
-943515
-936701
-898305
-863622
-862273
-878242
-871190
-830851
-791320
-785118
-799234
-792295
-750514
-706512
-695678
-708145
-701794
-659030
-610978
-595718
-606849
-601574
-558415
-506706
-487313
-497401
-493700
-450793
-395859
-372532
-381872
-380356
-338305
-280544
-253470
-262415
-263665
-223141
-162938
-132289
-141123
-145793
-107471
-45116
-10917
-19933
-28722
6674
70887
108651
99229
85593
117377
183307
224820
214821
195559
222916
290432
336076
325376
299553
321649
390817
441184
429762
396320
412119
483136
539177
527091
484713
492936
566195
629329
616841
563776
562750
638962
711434
698980
632744
620055
700330
785639
774080
690842
662675
748984
853062
844032
737304
686942
782694
916746
913636
770818
684266
796545
985530
997270
788154
627516
773297
1094199
1158158
772087
349291
578744
1656588
2922948
3387711
2665637
1352439
444321
414425
890293
1184658
1025646
712490
643836
845485
1017235
948464
755599
689340
807582
929846
892264
750960
686744
763241
857753
835326
722461
659255
709948
786035
772094
677134
614302
646989
709516
700719
618052
555237
574331
626211
620671
546958
483984
492342
535412
532002
465167
401996
401548
437201
435170
373915
310651
302813
331980
330938
274393
211230
197156
220673
220380
168055
105182
85802
104389
104799
56373
-5883
-29676
-15369
-14244
-58870
-120230
-147733
-137066
-135040
-175910
-236001
-266425
-258813
-255694
-292699
-351091
-383750
-378582
-374124
-407101
-463378
-497635
-494353
-488233
-516967
-570700
-605884
-603967
-595928
-620157
-670900
-706413
-705317
-695036
-714527
-761859
-797135
-796390
-783589
-798084
-841577
-876109
-875298
-859756
-869025
-908322
-941635
-940423
-921922
-925794
-960546
-992259
-990368
-968789
-967076
-997016
-1026782
-1023999
-999326
-991977
-1016848
-1044419
-1040661
-1012870
-999877
-1019564
-1044757
-1039980
-1009221
-990623
-1005003
-1027760
-1022055
-988466
-964390
-973494
-993808
-987292
-951151
-921762
-925626
-943597
-936550
-898186
-863688
-862441
-878248
-870971
-830748
-791477
-785306
-799154
-792067
-750437
-706704
-695841
-708018
-701534
-659003
-611194
-595862
-606694
-601356
-558458
-506927
-487388
-497210
-493554
-450896
-396036
-372505
-381693
-380271
-338440
-280645
-253349
-262256
-263719
-223328
-162950
-132068
-140977
-145926
-107691
-45069
-10633
-19842
-28973
6421
71021
108992
99291
85289
117176
183510
225143
214809
195223
222772
290720
336359
325284
299233
321620
391139
441365
429559
396049
412196
483442
539211
526778
484527
493187
566513
629226
616440
563724
563180
639258
711107
698466
632840
620671
700566
785093
773504
691104
663478
749162
852307
843400
737761
687849
782745
915797
913062
771495
685249
796361
984371
996878
789178
628547
772682
1092687
1157970
773743
350633
577729
1654349
2922545
3390153
2668132
1351874
441206
412393
891488
1187254
1026353
710766
642225
845972
1018862
948938
754474
688334
807989
930922
892448
750156
686176
763673
858446
835287
721830
659035
710375
786423
771877
676679
614315
647403
709679
700371
617727
555430
574733
626188
620257
546777
484302
492694
535277
531562
465096
402386
401834
436957
434761
373911
311013
302987
331711
330617
274481
211545
197239
220411
220177
168196
105418
85769
104152
104717
56550
-5774
-29814
-15560
-14181
-58672
-120232
-147942
-137205
-134900
-175696
-236054
-266680
-258888
-255452
-292488
-351232
-384030
-378620
-373864
-406967
-463549
-497873
-494306
-488012
-516893
-570893
-606060
-603874
-595714
-620142
-671094
-706528
-705190
-694898
-714584
-762012
-797153
-796250
-783512
-798211
-841710
-876051
-875162
-859748
-869194
-908400
-941507
-940257
-921984
-925991
-960567
-992063
-990201
-968890
-967295
-997018
-1026576
-1023879
-999458
-992159
-1016806
-1044220
-1040593
-1013032
-1000030
-1019488
-1044599
-1039985
-1009382
-990691
-1004900
-1027669
-1022127
-988598
-964354
-973320
-993775
-987433
-951265
-921633
-925451
-943622
-936748
-898228
-863515
-862300
-878337
-871182
-830762
-791278
-785180
-799304
-792280
-750405
-706484
-695745
-708172
-701703
-658926
-610981
-595845
-606877
-601441
-558326
-506775
-487432
-497393
-493557
-450711
-395928
-372640
-381830
-380212
-338255
-280630
-253568
-262369
-263563
-223139
-163027
-132314
-141015
-145686
-107481
-45190
-10916
-19849
-28688
6629
70824
108700
99342
85596
117295
183271
224934
214917
195471
222791
290464
336280
325475
299435
321482
390898
441419
429846
396136
411923
483253
539420
527104
484478
492785
566364
629613
616803
563512
562670
639194
711634
698816
632489
620111
700644
785689
773788
690640
662948
749378
852956
843519
737135
687432
783193
916455
912930
770733
685032
797120
985015
996295
788098
628621
774123
1093499
1156621
771665
350735
580535
1656790
2921538
3386528
2665933
1353441
444486
413516
889569
1185014
1026459
712597
643165
845033
1017606
949049
755523
688729
807339
930301
892762
750770
686183
763149
858234
835680
722200
658764
709919
786488
772338
676831
613898
647043
709910
700876
617744
554938
574476
626517
620667
546688
483853
492533
535627
531891
464921
402017
401781
437270
434944
373707
310738
303061
331976
330673
274253
211398
197368
220609
220121
167965
105351
85971
104295
104566
56333
-5709
-29574
-15510
-14412
-58874
-120098
-147680
-137211
-135160
-175855
-235882
-266447
-258946
-255723
-292584
-351028
-383821
-378697
-374088
-406988
-463387
-497776
-494453
-488151
-516833
-570750
-606056
-604042
-595788
-620033
-670973
-706603
-705327
-694858
-714411
-761957
-797309
-796365
-783416
-798013
-841703
-876253
-875246
-859603
-869016
-908442
-941720
-940330
-921844
-925848
-960675
-992238
-990226
-968729
-967190
-997121
-1026700
-1023835
-999325
-992153
-1016949
-1044306
-1040513
-1012941
-1000077
-1019625
-1044614
-1039839
-1009298
-990792
-1005020
-1027626
-1021954
-988563
-964519
-973459
-993663
-987249
-951274
-921845
-925559
-943491
-936566
-898290
-863714
-862338
-878174
-871038
-830866
-791434
-785173
-799143
-792179
-750525
-706612
-695686
-708051
-701727
-659062
-611021
-595711
-606771
-601533
-558472
-506710
-487231
-497336
-493739
-450834
-395800
-372420
-381832
-380445
-338364
-280464
-253350
-262409
-263786
-223194
-162819
-132144
-141148
-145904
-107493
-44999
-10819
-19996
-28830
6691
71018
108732
99146
85511
117463
183432
224854
214730
195478
222999
290580
336083
325268
299549
321792
390934
441116
429620
396333
412274
483227
539054
526935
484769
493130
566244
629193
616704
563895
562979
638985
711233
698865
632865
620260
700315
785425
774019
690998
662849
748921
852892
844021
737458
686980
782589
916651
913749
770968
684150
796316
985573
997586
788280
627201
772900
1094383
1158766
772339
348769
578131
1656927
2924203
3388671
2665211
1350978
443262
414626
891149
1185044
1025248
711978
643862
845903
1017425
948208
755305
689405
807856
929913
892072
750804
686840
763436
857766
835151
722340
659365
710091
785981
771925
677072
614417
647083
709465
700585
618005
555310
574410
626139
620573
546924
484046
492368
535372
531922
465167
402061
401576
437152
435132
373913
310653
302812
331957
330942
274406
211184
197125
220677
220394
168031
105121
85789
104400
104815
56366
-5939
-29728
-15370
-14219
-58908
-120293
-147751
-137050
-135034
-175944
-236052
-266436
-258789
-255677
-292706
-351124
-383757
-378577
-374127
-407119
-463415
-497629
-494347
-488248
-517004
-570754
-605889
-603954
-595916
-620176
-670940
-706407
-705290
-695039
-714552
-761866
-797124
-796386
-783583
-798086
-841595
-876127
-875290
-859745
-869052
-908333
-941647
-940420
-921936
-925779
-960555
-992261
-990345
-968775
-967084
-997020
-1026804
-1023988
-999308
-991977
-1016875
-1044455
-1040629
-1012877
-999901
-1019582
-1044774
-1039961
-1009200
-990629
-1005035
-1027762
-1022015
-988470
-964414
-973504
-993781
-987260
-951154
-921782
-925626
-943564
-936506
-898171
-863713
-862444
-878221
-870962
-830757
-791488
-785303
-799129
-792052
-750441
-706699
-695822
-708009
-701547
-659011
-611174
-595834
-606699
-601364
-558448
-506887
-487357
-497218
-493578
-450869
-395972
-372454
-381702
-380327
-338430
-280590
-253321
-262272
-263768
-223308
-162878
-132042
-141014
-145982
-107655
-44997
-10644
-19886
-28978
6500
71103
108950
99203
85294
117274
183575
225095
214724
195257
222887
290736
336279
325204
299321
321723
391135
441275
429499
396133
412301
483435
539112
526752
484625
493279
566488
629144
616434
563822
563247
639202
711061
698517
632898
620658
700510
785083
773600
691144
663376
749060
852371
843584
737761
687630
782646
916015
913350
771431
684839
796185
984772
997330
788989
627844
772419
1093378
1158802
773549
349479
577124
1655381
2924347
3390741
2666857
1350162
440864
413371
892250
1186829
1025531
710715
642909
846393
1018470
948366
754540
688879
808217
930546
892072
750273
686593
763785
858124
835012
721979
659314
710402
786164
771712
676814
614508
647373
709472
700303
617864
555526
574649
626064
620269
546855
484293
492576
535231
531647
465154
402307
401694
436952
434898
373958
310891
302869
331762
330785
274504
211372
197102
220484
220332
168161
105219
85676
104277
104863
56497
-5918
-29882
-15428
-14104
-58778
-120381
-147920
-137083
-134873
-175840
-236160
-266595
-258763
-255499
-292657
-351274
-383908
-378532
-373970
-407103
-463563
-497728
-494263
-488124
-517030
-570877
-605935
-603853
-595845
-620250
-671042
-706400
-705189
-695016
-714642
-761938
-797079
-796284
-783615
-798214
-841644
-876022
-875206
-859820
-869176
-908356
-941529
-940354
-922006
-925917
-960542
-992136
-990297
-968871
-967179
-996991
-1026679
-1023978
-999404
-992044
-1016809
-1044353
-1040669
-1012949
-999894
-1019513
-1044755
-1040061
-1009247
-990566
-1004947
-1027814
-1022139
-988471
-964280
-973427
-993872
-987370
-951121
-921647
-925579
-943675
-936610
-898115
-863589
-862431
-878317
-871020
-830685
-791382
-785317
-799237
-792067
-750339
-706638
-695886
-708091
-701529
-658920
-611127
-595917
-606771
-601289
-558345
-506914
-487454
-497251
-493459
-450765
-396028
-372590
-381712
-380180
-338362
-280690
-253462
-262246
-263595
-223249
-163016
-132151
-140955
-145827
-107644
-45119
-10690
-19810
-28870
6484
70973
108974
99329
85351
117177
183506
225207
214857
195197
222741
290715
336470
325340
299194
321531
391180
441491
429592
395978
412125
483514
539352
526785
484414
493130
566619
629359
616427
563609
563170
639383
711224
698431
632699
620662
700742
785188
773400
690953
663516
749349
852378
843255
737584
687937
783003
915858
912839
771336
685410
796661
984396
996533
788924
628745
773156
1092784
1157428
773182
350815
578731
1655444
2922910
3389587
2667263
1351281
441103
412535
891641
1187253
1026250
710698
642222
846077
1018928
948893
754370
688291
808082
931002
892413
750046
686145
763760
858512
835227
721754
659003
710453
786475
771830
676600
614296
647449
709711
700349
617657
555408
574784
626210
620202
546700
484287
492705
535279
531523
465031
402377
401850
436975
434741
373855
311006
303015
331735
330602
274438
211511
197228
220425
220183
168142
105360
85773
104170
104723
56516
-5824
-29823
-15541
-14180
-58709
-120280
-147957
-137179
-134886
-175762
-236111
-266671
-258840
-255476
-292575
-351287
-384015
-378567
-373894
-407014
-463597
-497822
-494279
-488044
-516981
-570948
-606020
-603854
-595749
-620218
-671106
-706482
-705166
-694940
-714633
-762019
-797112
-796235
-783555
-798233
-841712
-876016
-875149
-859794
-869216
-908397
-941491
-940285
-922018
-925976
-960572
-992090
-990226
-968886
-967275
-997020
-1026614
-1023916
-999441
-992133
-1016819
-1044290
-1040641
-1013008
-999957
-1019488
-1044683
-1040013
-1009321
-990602
-1004909
-1027753
-1022146
-988547
-964288
-973351
-993835
-987422
-951177
-921596
-925519
-943673
-936689
-898137
-863500
-862358
-878357
-871118
-830665
-791304
-785280
-799303
-792165
-750321
-706529
-695852
-708151
-701572
-658881
-611077
-595901
-606822
-601335
-558305
-506856
-487487
-497311
-493448
-450706
-395999
-372649
-381770
-380148
-338270
-280658
-253514
-262274
-263533
-223186
-163037
-132235
-140955
-145734
-107570
-45155
-10787
-19781
-28782
6529
70903
108885
99352
85446
117185
183417
225143
214903
195275
222703
290649
336453
325405
299225
321463
391111
441582
429706
395955
412000
483499
539475
526905
484360
492972
566601
629518
616513
563485
562999
639411
711400
698468
632537
620535
700814
785357
773402
690783
663417
749493
852525
843174
737409
687937
783207
915940
912640
771115
685513
796987
984464
996182
788660
629044
773674
1092771
1156736
772603
351224
579846
1655987
2922223
3388438
2666887
1352005
441951
412546
890952
1186818
1026527
711160
642240
845733
1018805
949106
754556
688162
807867
931058
892647
750063
685958
763629
858637
835439
721719
658805
710371
786606
771951
676537
614137
647442
709847
700429
617593
555276
574769
626310
620262
546617
484185
492740
535380
531532
464962
402337
401897
437021
434709
373792
310991
303080
331765
330536
274376
211528
197283
220438
220104
168088
105410
85846
104157
104640
56490
-5765
-29783
-15571
-14248
-58720
-120223
-147922
-137220
-134945
-175754
-236071
-266670
-258880
-255474
-292543
-351238
-384016
-378607
-373877
-406982
-463596
-497873
-494324
-488021
-516924
-570943
-606076
-603857
-595723
-620164
-671110
-706533
-705176
-694898
-714621
-762037
-797150
-796224
-783524
-798245
-841743
-876056
-875131
-859743
-869225
-908436
-941519
-940256
-921987
-926005
-960592
-992077
-990210
-968900
-967313
-997040
-1026586
-1023886
-999461
-992159
-1016830
-1044251
-1040613
-1013011
-1000000
-1019501
-1044642
-1040009
-1009335
-990653
-1004910
-1027693
-1022126
-988575
-964320
-973336
-993821
-987427
-951192
-921593
-925472
-943675
-936716
-898150
-863476
-862341
-878372
-871144
-830690
-791266
-785234
-799322
-792177
-750339
-706504
-695819
-708164
-701613
-658872
-611018
-595902
-606847
-601353
-558300
-506815
-487473
-497338
-493476
-450701
-395965
-372647
-381790
-380135
-338252
-280662
-253529
-262294
-263528
-223159
-163034
-132268
-140968
-145707
-107524
-45170
-10830
-19802
-28744
6567
70889
108834
99350
85478
117228
183383
225108
214936
195328
222717
290603
336429
325444
299250
321448
391071
441574
429726
395953
411994
483463
539510
526932
484341
492939
566605
629559
616552
563461
562952
639417
711435
698511
632506
620496
700844
785416
773421
690735
663392
749509
852578
843180
737363
687900
783249
916001
912611
771048
685497
797041
984491
996118
788560
629065
773826
1092817
1156599
772434
351260
580099
1656208
2922141
3388154
2666722
1352086
442164
412582
890811
1186716
1026566
711256
642265
845664
1018726
949119
754595
688169
807831
931047
892690
750097
685925
763584
858666
835456
721700
658771
710356
786632
771975
676527
614108
647430
709870
700450
617583
555253
574770
626348
620264
546598
484189
492748
535395
531536
464926
402309
401904
437046
434704
373772
310999
303084
331768
330555
274377
211520
197294
220439
220091
168080
105403
85829
104170
104647
56474
-5756
-29772
-15586
-14260
-58739
-120225
-147921
-137207
-134945
-175756
-236083
-266658
-258892
-255488
-292557
-351237
-384019
-378607
-373874
-406984
-463616
-497893
-494313
-488002
-516918
-570958
-606083
-603863
-595721
-620187
-671134
-706535
-705175
-694891
-714618
-762065
-797161
-796221
-783517
-798232
-841735
-876041
-875124
-859762
-869243
-908439
-941497
-940255
-922003
-926011
-960608
-992072
-990187
-968889
-967308
-997037
-1026604
-1023900
-999446
-992150
-1016827
-1044263
-1040605
-1013017
-1000000
-1019494
-1044646
-1040008
-1009329
-990645
-1004918
-1027725
-1022133
-988542
-964316
-973358
-993822
-987432
-951174
-921593
-925488
-943677
-936686
-898155
-863492
-862350
-878378
-871120
-830667
-791264
-785263
-799303
-792159
-750325
-706516
-695828
-708171
-701590
-658863
-611040
-595911
-606850
-601326
-558272
-506830
-487476
-497323
-493463
-450695
-395973
-372643
-381781
-380145
-338248
-280656
-253540
-262291
-263529
-223161
-163016
-132244
-140970
-145728
-107543
-45162
-10810
-19801
-28759
6563
70921
108883
99348
85457
117213
183421
225137
214905
195280
222721
290664
336476
325399
299209
321462
391123
441583
429694
395938
412033
483524
539463
526893
484344
492994
566639
629507
616498
563473
563045
639448
711405
698445
632550
620568
700851
785351
773373
690783
663459
749506
852510
843156
737408
687951
783221
915954
912646
771122
685511
796989
984486
996195
788628
628983
773676
1092839
1156798
772583
351106
579818
1656266
2922708
3388712
2666630
1351390
441516
412611
891323
1187008
1026347
710906
642242
845935
1018881
948974
754409
688196
807999
931058
892529
750007
686009
763719
858619
835311
721675
658882
710432
786570
771874
676525
614224
647487
709790
700338
617577
555336
574797
626266
620207
546648
484241
492747
535333
531507
464985
402351
401892
436997
434696
373815
310984
303030
331750
330564
274393
211516
197253
220418
220133
168116
105345
85779
104173
104699
56466
-5841
-29820
-15554
-14192
-58735
-120296
-147934
-137173
-134907
-175776
-236144
-266683
-258842
-255466
-292593
-351284
-383992
-378565
-373912
-407051
-463634
-497829
-494271
-488034
-516993
-570947
-606029
-603841
-595777
-620232
-671117
-706488
-705163
-694936
-714647
-762025
-797101
-796223
-783556
-798254
-841729
-876025
-875135
-859784
-869239
-908427
-941521
-940292
-922007
-925997
-960589
-992088
-990239
-968880
-967260
-997001
-1026615
-1023926
-999439
-992110
-1016818
-1044319
-1040637
-1012987
-999931
-1019492
-1044719
-1040031
-1009281
-990599
-1004914
-1027776
-1022125
-988490
-964280
-973381
-993860
-987414
-951136
-921607
-925551
-943679
-936655
-898109
-863537
-862420
-878357
-871054
-830644
-791311
-785317
-799297
-792096
-750309
-706588
-695868
-708117
-701541
-658862
-611087
-595930
-606784
-601286
-558290
-506849
-487458
-497290
-493448
-450713
-396007
-372599
-381724
-380166
-338292
-280644
-253478
-262265
-263573
-223216
-162992
-132151
-140949
-145803
-107572
-45096
-10719
-19793
-28870
6510
71001
108948
99336
85340
117198
183522
225195
214849
195215
222745
290762
336459
325325
299174
321567
391205
441494
429571
395960
412168
483574
539343
526772
484421
493180
566660
629347
616375
563596
563213
639434
711213
698379
632699
620712
700783
785202
773391
690953
663536
749392
852387
843239
737585
687922
782996
915885
912869
771296
685336
796649
984523
996645
788851
628558
773084
1093020
1157704
773080
350382
578591
1656084
2923960
3390072
2666579
1350055
440508
412939
892280
1187322
1025797
710419
642469
846414
1018865
948575
754259
688549
808283
930875
892166
750023
686368
763876
858373
835048
721760
659163
710501
786320
771670
676635
614430
647466
709572
700258
617727
555491
574751
626131
620205
546767
484310
492670
535248
531556
465075
402312
401773
436978
434813
373894
310904
302914
331767
330690
274433
211393
197129
220485
220268
168136
105226
85683
104264
104830
56450
-5947
-29872
-15438
-14104
-58812
-120412
-147930
-137091
-134886
-175858
-236205
-266598
-258759
-255520
-292689
-351288
-383914
-378528
-373999
-407138
-463598
-497722
-494248
-488138
-517061
-570900
-605949
-603847
-595852
-620281
-671066
-706410
-705195
-695019
-714668
-761964
-797065
-796265
-783601
-798225
-841667
-876039
-875223
-859807
-869170
-908375
-941543
-940347
-921990
-925916
-960565
-992159
-990314
-968860
-967167
-996995
-1026729
-1023976
-999358
-992003
-1016840
-1044416
-1040673
-1012903
-999872
-1019551
-1044777
-1040032
-1009203
-990560
-1004999
-1027833
-1022066
-988419
-964324
-973488
-993862
-987308
-951084
-921699
-925630
-943635
-936546
-898103
-863630
-862458
-878272
-870949
-830660
-791420
-785338
-799197
-792019
-750346
-706675
-695871
-708047
-701501
-658939
-611153
-595880
-606717
-601300
-558386
-506874
-487378
-497217
-493502
-450818
-395969
-372486
-381694
-380259
-338383
-280569
-253334
-262255
-263689
-223259
-162870
-132047
-141007
-145928
-107607
-44962
-10613
-19887
-28968
6517
71143
108989
99213
85302
117303
183628
225120
214725
195253
222930
290805
336322
325179
299298
321779
391198
441288
429468
396136
412356
483500
539119
526702
484609
493306
566528
629131
616408
563822
563287
639256
711072
698503
632895
620668
700534
785135
773620
691120
663336
749093
852484
843629
737675
687526
782686
916182
913417
771261
684647
796280
985105
997460
788675
627455
772583
1093976
1158988
772932
348819
577585
1656914
2925518
3390295
2665246
1349048
441153
414273
892485
1186208
1024958
710915
643498
846518
1018028
948039
754706
689252
808249
930243
891875
750412
686827
763760
857927
834939
722110
659422
710322
786041
771704
676901
614518
647266
709443
700393
617897
555415
574531
626103
620392
546867
484140
492461
535320
531777
465109
402114
401618
437088
435031
373865
310690
302815
331938
330890
274382
211189
197111
220641
220385
168002
105074
85758
104416
104831
56328
-5981
-29738
-15356
-14206
-58934
-120357
-147774
-137032
-135035
-175999
-236101
-266451
-258780
-255684
-292783
-351186
-383756
-378566
-374150
-407175
-463464
-497647
-494340
-488259
-517046
-570787
-605907
-603946
-595929
-620214
-670962
-706438
-705293
-695038
-714558
-761906
-797163
-796370
-783572
-798105
-841645
-876162
-875283
-859730
-869052
-908391
-941715
-940408
-921874
-925808
-960623
-992305
-990322
-968705
-967095
-997111
-1026827
-1023934
-999258
-992015
-1016961
-1044442
-1040571
-1012838
-999960
-1019661
-1044745
-1039866
-1009202
-990705
-1005087
-1027725
-1021943
-988468
-964470
-973511
-993731
-987205
-951163
-921834
-925639
-943518
-936466
-898176
-863734
-862436
-878181
-870936
-830751
-791470
-785261
-799118
-792088
-750449
-706636
-695737
-707998
-701600
-659015
-611058
-595735
-606745
-601467
-558435
-506745
-487255
-497288
-493684
-450799
-395789
-372381
-381833
-380417
-338335
-280397
-253291
-262411
-263796
-223159
-162749
-132109
-141139
-145936
-107442
-44908
-10785
-20026
-28873
6750
71124
108771
99135
85497
117521
183550
224898
214680
195464
223083
290657
336100
325217
299522
321875
391033
441149
429577
396311
412346
483328
539091
526890
484730
493158
566341
629239
616680
563823
562985
639112
711349
698819
632760
620253
700466
785578
773945
690809
662810
749132
853089
843921
737196
686948
782897
916894
913522
770576
684213
796836
985792
997109
787697
627414
773818
1094743
1157843
771055
348935
580217
1659288
2924811
3387212
2663245
1350131
443590
415075
891038
1184640
1025128
712169
644006
845802
1017298
948259
755380
689347
807762
929973
892191
750760
686656
763375
857936
835319
722226
659080
710031
786265
772116
676884
614077
647083
709773
700751
617767
555009
574459
626456
620641
546649
483781
492484
535653
531907
464872
401882
401732
437343
435007
373619
310606
303022
332072
330724
274154
211243
197338
220673
220130
167839
105238
85980
104366
104571
56210
-5815
-29569
-15465
-14443
-58976
-120182
-147670
-137160
-135184
-175957
-235962
-266432
-258903
-255752
-292688
-351099
-383850
-378684
-374110
-407076
-463458
-497780
-494435
-488164
-516902
-570846
-606103
-604008
-595772
-620079
-671092
-706660
-705311
-694854
-714462
-762052
-797343
-796323
-783396
-798093
-841823
-876274
-875189
-859612
-869113
-908554
-941700
-940256
-921840
-925949
-960746
-992218
-990154
-968739
-967279
-997181
-1026677
-1023784
-999319
-992207
-1016976
-1044266
-1040467
-1012936
-1000109
-1019633
-1044605
-1039831
-1009296
-990813
-1005014
-1027604
-1021960
-988548
-964470
-973415
-993669
-987288
-951237
-921731
-925506
-943543
-936607
-898213
-863575
-862304
-878271
-871112
-830741
-791271
-785140
-799255
-792243
-750364
-706425
-695702
-708180
-701723
-658879
-610873
-595750
-606894
-601479
-558256
-506641
-487360
-497421
-493599
-450623
-395777
-372579
-381897
-380233
-338131
-280480
-253536
-262442
-263548
-223002
-162878
-132291
-141099
-145692
-107359
-45063
-10916
-19901
-28653
6764
70960
108689
99266
85624
117431
183405
224941
214853
195491
222931
290598
336267
325407
299421
321589
391034
441470
429744
396079
412042
483408
539481
527037
484399
492884
566591
629690
616676
563406
562817
639446
711689
698648
632357
620276
700921
785730
773532
690491
663157
749673
852957
843230
736989
687688
783551
916420
912544
770545
685342
797538
984989
995852
787844
628965
774646
1093530
1156006
771033
350939
581897
1658881
2923319
3386864
2664359
1350762
442465
413432
890948
1186131
1026117
711440
642681
845747
1018476
948934
754633
688310
807881
930971
892596
750035
685921
763634
858734
835456
721602
658670
710400
786765
771983
676382
613990
647459
709977
700441
617408
555143
574849
626464
620229
546446
484093
492804
535475
531476
464789
402242
401959
437109
434650
373634
310922
303125
331820
330486
274228
211463
197334
220454
220032
167979
105339
85850
104192
104594
56365
-5841
-29756
-15551
-14290
-58837
-120309
-147905
-137176
-134984
-175857
-236169
-266694
-258859
-255520
-292631
-351344
-384047
-378563
-373907
-407087
-463709
-497894
-494289
-488050
-517018
-571043
-606085
-603821
-595738
-620278
-671225
-706520
-705137
-694905
-714709
-762123
-797160
-796211
-783532
-798300
-841804
-876049
-875112
-859761
-869271
-908487
-941530
-940253
-921998
-926042
-960647
-992108
-990198
-968872
-967306
-997071
-1026646
-1023906
-999388
-992115
-1016885
-1044332
-1040606
-1012948
-999934
-1019532
-1044734
-1039993
-1009248
-990584
-1004965
-1027804
-1022087
-988440
-964250
-973415
-993879
-987358
-951047
-921594
-925597
-943720
-936592
-898016
-863511
-862438
-878382
-870992
-830554
-791288
-785326
-799273
-792029
-750227
-706547
-695880
-708128
-701463
-658785
-611070
-595925
-606787
-601249
-558214
-506812
-487474
-497292
-493418
-450655
-395931
-372578
-381741
-380135
-338219
-280562
-253428
-262262
-263580
-223143
-162874
-132105
-140983
-145837
-107524
-44966
-10636
-19868
-28910
6597
71166
109012
99249
85318
117339
183692
225214
214734
195197
222917
290916
336454
325205
299200
321760
391343
441437
429442
396004
412364
483690
539261
526628
484465
493367
566760
629275
616290
563639
563354
639502
711158
698314
632709
620786
700828
785202
773387
690944
663517
749422
852521
843323
737474
687767
783053
916198
913048
771049
684910
796708
985119
996983
788336
627745
773191
1094140
1158370
772110
348842
578941
1659139
2927239
3390299
2663417
1346615
439774
414587
893559
1186680
1024464
710236
643463
847045
1018353
947745
754240
689219
808641
930458
891648
750074
686800
764050
858088
834738
721826
659415
710541
786146
771555
676667
614481
647439
709519
700243
617713
555405
574661
626149
620274
546689
484097
492566
535367
531682
464947
402062
401674
437126
434932
373708
310603
302848
331964
330802
274218
211077
197136
220685
220322
167864
104988
85749
104458
104771
56168
-6109
-29729
-15312
-14258
-59101
-120478
-147758
-136996
-135082
-176127
-236212
-266457
-258748
-255720
-292885
-351298
-383794
-378538
-374165
-407293
-463575
-497676
-494315
-488266
-517147
-570915
-605955
-603911
-595926
-620295
-671079
-706514
-705282
-695014
-714648
-762042
-797234
-796341
-783545
-798162
-841779
-876245
-875250
-859672
-869083
-908519
-941775
-940348
-921827
-925847
-960748
-992344
-990236
-968679
-967152
-997228
-1026845
-1023866
-999199
-992082
-1017041
-1044446
-1040478
-1012770
-1000025
-1019727
-1044744
-1039793
-1009133
-990745
-1005155
-1027710
-1021860
-988393
-964466
-973555
-993726
-987127
-951085
-921803
-925638
-943526
-936430
-898087
-863675
-862436
-878193
-870898
-830655
-791380
-785250
-799149
-792067
-750325
-706516
-695708
-708060
-701591
-658860
-610914
-595718
-606790
-601433
-558285
-506565
-487233
-497371
-493639
-450622
-395646
-372402
-381915
-380352
-338134
-280288
-253361
-262479
-263691
-222924
-162644
-132169
-141200
-145812
-107229
-44815
-10852
-20055
-28747
6936
71202
108724
99100
85583
117660
183614
224871
214671
195544
223204
290757
336132
325226
299543
321920
391163
441265
429587
396264
412338
483490
539287
526901
484577
493118
566593
629515
616637
563555
562926
639405
711661
698737
632403
620187
700872
785938
773745
690381
662860
749688
853366
843490
736707
687221
783646
917063
912821
770005
684715
797829
985893
996068
786926
628142
775271
1094958
1156146
769302
349546
583426
1662848
2926177
3385803
2660511
1347877
442645
415214
891653
1185090
1025002
711648
643697
846105
1017815
948277
754834
688936
808024
930551
892264
750192
686204
763638
858506
835342
721664
658699
710334
786738
772032
676324
613812
647405
710115
700551
617283
554881
574790
626654
620361
546264
483802
492793
535709
531573
464559
401984
401994
437311
434655
373386
310724
303202
331991
330421
273986
211340
197432
220591
219929
167707
105251
85984
104270
104465
56155
-5884
-29653
-15528
-14465
-59030
-120334
-147836
-137196
-135133
-175999
-236193
-266630
-258897
-255633
-292741
-351366
-384046
-378628
-373962
-407140
-463741
-497946
-494313
-488051
-517057
-571137
-606215
-603860
-595707
-620277
-671321
-706653
-705147
-694833
-714715
-762259
-797281
-796181
-783475
-798343
-841962
-876163
-875075
-859699
-869338
-908630
-941584
-940162
-921917
-926104
-960789
-992144
-990105
-968813
-967385
-997189
-1026642
-1023786
-999357
-992218
-1016964
-1044318
-1040503
-1012906
-1000020
-1019614
-1044707
-1039906
-1009207
-990636
-1005013
-1027752
-1022023
-988410
-964270
-973439
-993858
-987315
-951009
-921542
-925580
-943723
-936603
-897961
-863428
-862408
-878422
-870984
-830476
-791175
-785312
-799354
-792038
-750108
-706420
-695884
-708207
-701448
-658637
-610926
-595938
-606850
-601201
-558065
-506690
-487487
-497360
-493351
-450457
-395807
-372617
-381802
-380056
-338036
-280461
-253470
-262322
-263480
-222965
-162784
-132155
-141001
-145728
-107363
-44882
-10671
-19885
-28797
6746
71233
109019
99221
85382
117440
183781
225257
214719
195200
222995
291048
336517
325154
299156
321811
391529
441546
429400
395912
412424
483898
539406
526576
484350
493432
566998
629407
616184
563489
563431
639768
711296
698170
632532
620908
701147
785320
773155
690715
663668
749786
852637
843052
737209
687910
783475
916322
912696
770694
685094
797265
985305
996526
787817
627931
773986
1094566
1157715
770941
348658
580795
1662173
2929413
3389962
2660789
1343703
438465
415195
894760
1187026
1023806
709546
643564
847651
1018634
947362
753766
689224
809029
930676
891390
749704
686799
764352
858245
834507
721492
659390
710787
786267
771347
676402
614470
647615
709609
700095
617481
555356
574813
626232
620130
546489
484040
492662
535416
531565
464774
401996
401749
437204
434841
373522
310518
302897
332027
330732
274058
210986
197157
220737
220247
167684
104857
85764
104495
104694
56016
-6221
-29736
-15276
-14330
-59262
-120608
-147786
-136955
-135116
-176268
-236343
-266475
-258709
-255775
-293035
-351413
-383821
-378520
-374196
-407409
-463707
-497720
-494297
-488302
-517263
-571040
-606003
-603896
-595935
-620410
-671216
-706542
-705265
-695011
-714717
-762156
-797300
-796323
-783522
-798225
-841897
-876305
-875230
-859622
-869162
-908637
-941815
-940293
-921776
-925904
-960856
-992387
-990169
-968625
-967212
-997313
-1026886
-1023792
-999135
-992121
-1017151
-1044461
-1040420
-1012722
-1000057
-1019817
-1044758
-1039727
-1009080
-990755
-1005204
-1027716
-1021788
-988314
-964467
-973615
-993750
-987071
-950998
-921759
-925666
-943539
-936369
-898008
-863604
-862441
-878231
-870867
-830561
-791286
-785239
-799207
-792014
-750186
-706391
-695719
-708133
-701575
-658711
-610769
-595712
-606852
-601404
-558102
-506438
-487250
-497438
-493574
-450437
-395503
-372438
-381946
-380237
-337924
-280171
-253391
-262514
-263587
-222742
-162527
-132210
-141230
-145691
-107049
-44703
-10862
-20074
-28645
7096
71289
108719
99097
85642
117776
183725
224920
214673
195538
223282
290925
336241
325204
299489
321985
391340
441416
429572
396152
412383
483692
539460
526850
484390
493154
566870
629734
616514
563306
562971
639769
711857
698522
632121
620319
701308
786045
773391
690091
663102
750178
853410
843024
736394
687578
784203
917053
912258
769687
685133
798473
985902
995366
786441
628603
776192
1095142
1155191
768167
349726
585531
1665878
2928293
3385626
2658087
1344735
440741
415427
893057
1185945
1024496
710610
643429
846824
1018510
948033
754037
688660
808567
931085
892043
749518
686013
764111
858897
835054
721115
658609
710759
786972
771699
675894
613868
647779
710217
700195
616957
554983
575080
626659
620030
546027
483900
493009
535658
531289
464383
402045
402106
437256
434470
373258
310720
303236
331950
330321
273876
211244
197386
220571
219895
167631
105120
85889
104294
104475
56045
-6082
-29777
-15471
-14399
-59149
-120578
-147949
-137092
-135042
-176147
-236456
-266730
-258765
-255565
-292941
-351640
-384082
-378488
-373978
-407380
-463977
-497946
-494188
-488096
-517287
-571283
-606123
-603745
-595784
-620517
-671444
-706586
-705068
-694934
-714916
-762342
-797199
-796127
-783548
-798481
-842009
-876124
-875055
-859760
-869415
-908686
-941631
-940197
-921941
-926127
-960835
-992210
-990133
-968762
-967326
-997246
-1026765
-1023820
-999263
-992140
-1017042
-1044460
-1040513
-1012774
-999938
-1019716
-1044862
-1039878
-1009020
-990539
-1005145
-1027895
-1021955
-988215
-964228
-973602
-993946
-987156
-950831
-921578
-925725
-943752
-936377
-897781
-863481
-862550
-878365
-870790
-830327
-791246
-785417
-799279
-791840
-749973
-706450
-695934
-708127
-701314
-658549
-610911
-595918
-606789
-601131
-557991
-506610
-487405
-497305
-493337
-450407
-395665
-372491
-381778
-380111
-337974
-280211
-253314
-262388
-263594
-222864
-162483
-132000
-141147
-145853
-107198
-44543
-10570
-20060
-28914
6967
71568
109016
99011
85362
117769
184092
225163
214500
195289
223397
291283
336344
324938
299309
322234
391676
441343
429220
396091
412763
483993
539229
526447
484493
493661
567054
629312
616143
563584
563537
639839
711371
698233
632503
620795
701209
785618
773338
690488
663322
749917
853195
843297
736698
687337
783765
917233
912960
769795
684289
797859
986669
996641
786277
626942
775298
1096607
1157343
767927
347087
584153
1668536
2932861
3387194
2654858
1340203
439463
417641
895140
1185325
1022539
710142
644803
847851
1017772
946762
754050
689769
809073
930299
891170
749777
686898
764319
858207
834538
721416
659189
710730
786468
771506
676190
614088
647587
709961
700275
617153
554893
574817
626648
620277
546055
483573
492748
535849
531619
464298
401616
401939
437528
434734
373075
310293
303159
332235
330487
273604
210910
197438
220845
219906
167320
104895
86022
104492
104358
55724
-6180
-29560
-15330
-14598
-59441
-120574
-147708
-137048
-135311
-176394
-236367
-266506
-258811
-255854
-293075
-351502
-383962
-378596
-374169
-407445
-463872
-497925
-494340
-488194
-517265
-571282
-606255
-603880
-595777
-620421
-671511
-706780
-705162
-694826
-714783
-762480
-797446
-796181
-783373
-798386
-842195
-876342
-875042
-859560
-869390
-908906
-941770
-940096
-921781
-926173
-961051
-992292
-989985
-968659
-967471
-997435
-1026742
-1023655
-999209
-992305
-1017198
-1044353
-1040336
-1012771
-1000125
-1019818
-1044694
-1039700
-1009080
-990750
-1005159
-1027731
-1021844
-988273
-964323
-973545
-993835
-987172
-950901
-921544
-925628
-943696
-936472
-897821
-863343
-862408
-878424
-870928
-830308
-791032
-785295
-799394
-792000
-749899
-706185
-695846
-708285
-701408
-658375
-610679
-595911
-606965
-601150
-557771
-506426
-487464
-497451
-493279
-450141
-395551
-372639
-381906
-379938
-337700
-280208
-253492
-262418
-263339
-222602
-162538
-132190
-141113
-145590
-106990
-44647
-10735
-19960
-28679
7078
71474
108989
99160
85490
117731
184029
225292
214650
195263
223229
291325
336626
325081
299116
322002
391841
441732
429288
395781
412569
484284
539631
526406
484118
493565
567456
629666
615955
563196
563595
640303
711573
697880
632164
621076
701766
785611
772768
690246
663849
750499
852934
842523
736613
688158
784346
916681
912039
769890
685344
798378
985844
995648
786579
628104
775689
1095663
1156395
768273
348120
584689
1668895
2934123
3389011
2654979
1337474
435933
416651
897197
1187555
1022342
708231
643898
848916
1019082
946566
752866
689342
809879
931046
890794
748944
686826
764968
858512
834047
720885
659369
711261
786502
770972
675868
614402
647998
709811
699753
617000
555260
575081
626399
619870
546057
483920
492883
535562
531341
464357
401828
401904
437335
434649
373134
310306
302999
332150
330552
273671
210752
197240
220871
220121
167337
104624
85826
104611
104566
55662
-6459
-29708
-15187
-14459
-59574
-120854
-147790
-136879
-135235
-176580
-236594
-266482
-258636
-255861
-293318
-351681
-383875
-378460
-374271
-407677
-463965
-497777
-494218
-488342
-517506
-571300
-606102
-603851
-595958
-620616
-671483
-706659
-705185
-694995
-714899
-762442
-797421
-796234
-783470
-798405
-842176
-876402
-875145
-859565
-869312
-908890
-941916
-940210
-921702
-926038
-961107
-992461
-990046
-968513
-967351
-997535
-1026920
-1023645
-999048
-992232
-1017332
-1044503
-1040279
-1012600
-1000113
-1019957
-1044788
-1039604
-1008943
-990792
-1005334
-1027753
-1021677
-988186
-964434
-973686
-993784
-986947
-950816
-921690
-925739
-943609
-936295
-897789
-863461
-862481
-878312
-870778
-830301
-791084
-785257
-799296
-791939
-749922
-706159
-695729
-708225
-701457
-658392
-610548
-595748
-606964
-601276
-557760
-506198
-487327
-497544
-493399
-450053
-395303
-372510
-382043
-380053
-337548
-279966
-253453
-262576
-263393
-222390
-162322
-132243
-141281
-145529
-106737
-44483
-10836
-20120
-28537
7373
71557
108818
99045
85673
118022
184063
225085
214597
195488
223470
291285
336451
325088
299316
322143
391776
441679
429407
395895
412565
484243
539746
526587
484076
493385
567489
629958
616151
562987
563327
640454
712006
697985
631787
620793
702044
786103
772758
689750
663642
750961
853423
842299
736000
688113
785043
917124
911481
769150
685610
799421
986142
994560
785592
628835
777389
1095951
1154365
766208
349043
588507
1672192
2934081
3386332
2652606
1336985
436419
416671
896772
1187525
1022686
708258
643475
848780
1019565
946920
752483
688728
809918
931695
891087
748444
686235
765127
859126
834206
720374
658931
711519
786990
770955
675377
614151
648300
710137
699603
616575
555167
575412
626595
619604
545710
483945
493172
535629
531030
464115
401938
402159
437295
434344
372968
310458
303172
332033
330298
273596
210890
197291
220743
219920
167291
104653
85787
104506
104538
55671
-6530
-29863
-15233
-14375
-59576
-121026
-147946
-136868
-135129
-176619
-236828
-266665
-258588
-255738
-293390
-351914
-383983
-378343
-374188
-407807
-464184
-497828
-494109
-488305
-517663
-571472
-606089
-603736
-595978
-620803
-671630
-706604
-705085
-695069
-715103
-762521
-797319
-796161
-783571
-798586
-842198
-876310
-875072
-859658
-869424
-908912
-941844
-940204
-921776
-926108
-961100
-992476
-990108
-968540
-967312
-997538
-1027011
-1023717
-998981
-992123
-1017334
-1044629
-1040332
-1012490
-1000011
-1020008
-1044933
-1039601
-1008804
-990685
-1005398
-1027894
-1021634
-988006
-964381
-973802
-993871
-986878
-950648
-921644
-925852
-943645
-936148
-897634
-863489
-862610
-878313
-870613
-830165
-791156
-785373
-799247
-791774
-749825
-706248
-695808
-708132
-701297
-658329
-610573
-595777
-606893
-601167
-557722
-506182
-487259
-497474
-493400
-450046
-395183
-372376
-382037
-380117
-337530
-279772
-253310
-262616
-263483
-222333
-162098
-132095
-141384
-145666
-106613
-44228
-10771
-20262
-28619
7547
71800
108818
98868
85664
118262
184264
225023
214434
195544
223749
291431
336329
324946
299429
322439
391889
441520
429271
396039
412820
484269
539587
526518
484228
493559
567501
629893
616162
563049
563320
640447
712120
698122
631707
620616
702097
786419
772910
689512
663344
751107
853896
842450
735562
687766
785344
917707
911499
768489
685229
799996
986928
994381
784549
628456
778486
1097139
1153752
764165
348327
591007
1676268
2936042
3384404
2648921
1334951
436999
418018
896896
1186518
1022065
708662
644132
848774
1019082
946678
752655
688930
809889
931603
891091
748407
686117
765103
859318
834324
720158
658650
711532
787301
771072
675104
613838
648346
710442
699671
616255
554905
575536
626844
619585
545385
483749
493322
535825
530915
463795
401828
402322
437392
434170
372710
310426
303349
332087
330105
273358
210898
197454
220712
219722
167136
104697
85884
104449
104354
55532
-6565
-29822
-15287
-14474
-59635
-121052
-147991
-136901
-135130
-176666
-236920
-266751
-258594
-255702
-293435
-352075
-384094
-378345
-374121
-407871
-464369
-497939
-494054
-488244
-517742
-571659
-606161
-603635
-595912
-620914
-671792
-706633
-704988
-695013
-715233
-762676
-797310
-796074
-783564
-798718
-842346
-876286
-874997
-859702
-869573
-908987
-941804
-940129
-921821
-926223
-961148
-992420
-990044
-968567
-967375
-997565
-1026998
-1023715
-999005
-992159
-1017350
-1044650
-1040350
-1012451
-999933
-1020040
-1044990
-1039647
-1008710
-990585
-1005424
-1027980
-1021661
-987898
-964283
-973851
-993969
-986870
-950514
-921567
-925911
-943713
-936081
-897484
-863422
-862676
-878354
-870507
-830024
-791112
-785455
-799280
-791633
-749664
-706227
-695891
-708129
-701163
-658203
-610579
-595824
-606853
-601040
-557611
-506191
-487288
-497431
-493291
-449957
-395148
-372368
-381986
-380071
-337463
-279677
-253229
-262606
-263512
-222265
-161955
-132004
-141402
-145710
-106561
-44065
-10672
-20301
-28686
7632
72008
108910
98775
85600
118386
184453
225064
214301
195478
223918
291655
336335
324792
299416
322638
392084
441459
429092
396044
413033
484463
539531
526367
484274
493788
567637
629817
616014
563080
563515
640559
712071
698017
631704
620702
702185
786498
772923
689404
663282
751231
854117
842496
735343
687575
785545
918127
911549
768057
684933
800337
987538
994384
783822
628014
779120
1098149
1153631
762687
347383
592607
1679893
2938685
3383668
2645550
1331975
436536
419330
897813
1186038
1021127
708498
644749
849235
1018815
946178
752585
689263
810120
931457
890813
748337
686237
765233
859305
834174
720030
658597
711589
787391
771041
674913
613698
648415
710597
699662
616042
554734
575610
627020
619550
545147
483590
493403
535983
530887
463559
401696
402426
437516
434089
372485
310305
303441
332172
329986
273155
210815
197544
220792
219617
166936
104629
85958
104486
104236
55377
-6598
-29754
-15282
-14605
-59780
-121113
-147972
-136906
-135214
-176764
-236999
-266797
-258581
-255741
-293543
-352178
-384173
-378321
-374119
-407960
-464512
-498037
-494036
-488219
-517838
-571803
-606234
-603613
-595881
-621007
-671945
-706696
-704931
-695000
-715337
-762811
-797369
-796005
-783546
-798840
-842471
-876317
-874943
-859684
-869662
-909103
-941814
-940058
-921796
-926308
-961253
-992449
-989996
-968565
-967442
-997647
-1027000
-1023660
-998992
-992198
-1017423
-1044678
-1040294
-1012412
-999940
-1020058
-1045032
-1039597
-1008642
-990571
-1005471
-1028017
-1021614
-987813
-964242
-973886
-994008
-986804
-950391
-921518
-925955
-943762
-936037
-897361
-863360
-862719
-878399
-870449
-829878
-791050
-785501
-799309
-791552
-749509
-706150
-695935
-708177
-701064
-658043
-610506
-595866
-606874
-600951
-557446
-506116
-487297
-497442
-493221
-449831
-395057
-372359
-381980
-380009
-337339
-279577
-253214
-262644
-263485
-222151
-161822
-131971
-141416
-145695
-106430
-43913
-10615
-20363
-28695
7753
72163
108962
98732
85585
118514
184636
225108
214230
195469
224072
291835
336366
324705
299386
322782
392270
441489
428989
396023
413192
484641
539543
526231
484211
493948
567835
629853
615909
563032
563664
640776
712116
697887
631614
620816
702437
786562
772768
689243
663362
751481
854284
842344
735107
687602
785851
918364
911371
767688
684880
800768
987921
994125
783200
627879
779834
1098880
1153251
761380
346831
594344
1683301
2941246
3383243
2642475
1328791
435467
420289
898995
1186097
1020303
707988
645071
849822
1018894
945699
752193
689383
810507
931545
890485
748033
686305
765523
859413
833979
719786
658614
711816
787490
770881
674676
613651
648591
710709
699520
615810
554674
575712
627106
619428
544950
483526
493499
536051
530767
463378
401607
402493
437607
433990
372293
310236
303509
332240
329889
272960
210702
197555
220841
219538
166762
104518
85969
104543
104175
55215
-6746
-29773
-15226
-14655
-59952
-121264
-147998
-136889
-135276
-176918
-237134
-266823
-258537
-255765
-293687
-352329
-384203
-378287
-374137
-408098
-464629
-498045
-494014
-488236
-517968
-571951
-606274
-603585
-595898
-621117
-672074
-706741
-704907
-694996
-715423
-762940
-797411
-795980
-783538
-798892
-842575
-876365
-874908
-859673
-869737
-909213
-941873
-940035
-921763
-926361
-961361
-992501
-989965
-968504
-967476
-997742
-1027052
-1023608
-998913
-992200
-1017513
-1044710
-1040232
-1012335
-999982
-1020147
-1045080
-1039539
-1008550
-990567
-1005562
-1028036
-1021541
-987718
-964225
-973947
-994034
-986736
-950325
-921491
-926009
-943788
-935959
-897261
-863328
-862754
-878417
-870373
-829771
-790992
-785516
-799335
-791497
-749409
-706077
-695923
-708188
-701017
-657929
-610406
-595845
-606907
-600903
-557313
-505993
-487273
-497489
-493190
-449679
-394935
-372349
-382044
-379984
-337163
-279453
-253203
-262693
-263416
-221986
-161697
-131957
-141478
-145616
-106229
-43794
-10619
-20405
-28632
7937
72292
108940
98674
85646
118695
184788
225123
214181
195494
224215
291994
336413
324668
299394
322896
392439
441583
428946
395969
413283
484828
539644
526155
484094
493994
568072
629988
615794
562869
563722
641063
712295
697744
631394
620904
702763
786742
772536
688995
663525
751899
854393
842017
734808
687788
786334
918469
910952
767301
685151
801364
988049
993596
782661
628124
780683
1099264
1152478
760180
346786
596284
1686404
2943438
3382913
2639870
1325766
433958
420793
900307
1186606
1019661
707138
645051
850513
1019337
945361
751575
689332
811017
931893
890214
747524
686243
765915
859626
833683
719388
658620
712149
787601
770592
674395
613713
648844
710745
699262
615585
554740
575897
627102
619226
544779
483547
493622
536059
530624
463217
401582
402564
437598
433898
372159
310140
303517
332274
329868
272841
210585
197547
220881
219530
166607
104348
85932
104601
104184
55050
-6913
-29819
-15153
-14625
-60122
-121431
-148020
-136777
-135263
-177106
-237309
-266815
-258485
-255830
-293872
-352459
-384149
-378228
-374220
-408255
-464738
-498014
-493950
-488316
-518115
-572027
-606254
-603557
-595977
-621246
-672155
-706760
-704908
-695047
-715509
-763004
-797451
-795987
-783536
-798945
-842656
-876424
-874914
-859611
-869746
-909312
-941963
-940021
-921692
-926363
-961457
-992591
-989922
-968405
-967498
-997856
-1027145
-1023556
-998793
-992218
-1017656
-1044768
-1040160
-1012243
-1000021
-1020284
-1045081
-1039419
-1008473
-990643
-1005649
-1028030
-1021417
-987629
-964275
-974024
-994017
-986622
-950242
-921522
-926040
-943751
-935885
-897193
-863295
-862755
-878403
-870341
-829707
-790924
-785486
-799325
-791473
-749306
-705948
-695889
-708238
-701030
-657820
-610247
-595819
-606993
-600915
-557170
-505794
-487277
-497582
-493173
-449488
-394772
-372368
-382129
-379907
-336964
-279320
-253264
-262773
-263316
-221761
-161607
-132047
-141539
-145494
-106033
-43695
-10701
-20441
-28499
8121
72368
108907
98667
85737
118826
184865
225143
214189
195523
224277
292101
336516
324680
299349
322918
392588
441743
428944
395828
413268
485062
539889
526111
483894
494008
568363
630240
615676
562573
563773
641450
712469
697472
631129
621104
703211
786804
772126
688746
663859
752385
854346
841499
734585
688242
786854
918346
910396
767106
685613
801912
987952
993004
782383
628545
781304
1099322
1151845
759430
346821
597737
1689032
2945919
3383433
2637667
1322147
431508
421066
902230
1187713
1018892
705759
644857
851563
1020083
944852
750642
689262
811759
932301
889703
746904
686377
766499
859737
833162
718987
658883
712564
787548
770127
674140
613966
649118
710619
698893
615459
554899
576040
627006
618996
544663
483601
493671
535988
530503
463132
401517
402514
437606
433887
372050
310000
303444
332342
329899
272712
210349
197469
220990
219583
166466
104079
85855
104768
104234
54844
-7160
-29828
-14993
-14641
-60359
-121633
-147965
-136671
-135388
-177375
-237437
-266695
-258398
-255986
-294108
-352530
-384057
-378177
-374371
-408471
-464800
-497954
-493955
-488457
-518271
-572077
-606253
-603595
-596051
-621320
-672224
-706811
-704932
-695056
-715533
-763103
-797565
-796012
-783513
-798957
-842783
-876572
-874908
-859533
-869731
-909479
-942116
-939995
-921564
-926368
-961641
-992714
-989835
-968292
-967533
-998065
-1027179
-1023395
-998711
-992348
-1017799
-1044765
-1039995
-1012194
-1000132
-1020407
-1045011
-1039264
-1008464
-990735
-1005710
-1027951
-1021293
-987611
-964324
-974036
-993967
-986574
-950225
-921515
-926018
-943741
-935859
-897116
-863199
-862712
-878439
-870347
-829610
-790760
-785427
-799404
-791528
-749156
-705751
-695853
-708359
-701057
-657611
-610051
-595813
-607113
-600889
-556925
-505641
-487318
-497698
-493038
-449216
-394652
-372480
-382216
-379730
-336700
-279257
-253401
-262797
-263103
-221532
-161583
-132137
-141513
-145315
-105874
-43689
-10723
-20396
-28382
8219
72413
108988
98731
85754
118856
184995
225318
214235
195448
224283
292291
336736
324661
299150
322923
392891
442005
428853
395557
413310
485456
540110
525904
483621
494156
568807
630332
615310
562402
564111
641885
712401
697025
631042
621572
703622
786568
771658
688762
664366
752712
854080
841087
734649
688670
787081
918127
910099
767143
685817
801989
987942
993004
782320
628323
781206
1099734
1152400
759170
345820
597749
1691688
2950029
3385339
2634979
1316962
428408
422157
905058
1188634
1017272
704238
645350
852967
1020264
943750
749990
689903
812613
932093
888836
746646
686985
766965
859407
832552
718946
659328
712813
787255
769748
674161
614209
649186
710442
698748
615450
554922
576011
626950
618997
544617
483454
493555
536069
530608
463001
401253
402432
437785
434006
371849
309653
303366
332569
330022
272418
210008
197467
221247
219597
166141
103848
85965
104941
104121
54503
-7289
-29638
-14886
-14870
-60667
-121673
-147781
-136638
-135613
-177600
-237437
-266589
-258429
-256184
-294286
-352534
-384033
-378253
-374501
-408549
-464830
-498031
-494041
-488472
-518271
-572165
-606382
-603642
-595998
-621302
-672361
-706987
-704960
-694951
-715543
-763312
-797772
-795983
-783328
-798975
-843027
-876746
-874805
-859372
-869840
-909720
-942184
-939828
-921468
-926525
-961839
-992679
-989653
-968274
-967755
-998184
-1027097
-1023249
-998726
-992508
-1017889
-1044648
-1039883
-1012221
-1000242
-1020427
-1044953
-1039230
-1008477
-990757
-1005685
-1027940
-1021317
-987597
-964245
-973984
-994019
-986617
-950129
-921339
-925985
-943878
-935927
-896973
-862994
-862684
-878586
-870388
-829406
-790553
-785463
-799570
-791469
-748925
-705609
-695964
-708478
-700902
-657353
-609971
-595979
-607143
-600652
-556685
-505637
-487493
-497681
-492796
-449031
-394716
-372597
-382137
-379510
-336562
-279282
-253415
-262694
-262974
-221469
-161537
-132052
-141414
-145281
-105853
-43537
-10516
-20337
-28496
8230
72659
109238
98702
85555
118847
185332
225583
214108
195183
224370
292692
336914
324422
298941
323170
393315
442026
428509
395490
413720
485815
539940
525527
483688
494662
569063
630042
614966
562559
564613
642043
712083
696793
631233
621922
703660
786371
771587
688894
664461
752676
854139
841255
734630
688388
786990
918564
910556
766852
685046
801944
988973
993801
781502
626814
781280
1101729
1153634
757507
343197
598555
1696832
2954904
3384790
2629595
1312308
428419
424999
906292
1186967
1015453
704622
647016
853477
1019191
942777
750319
690788
812747
931430
888416
746898
687373
766946
859135
832481
719016
659290
712695
787267
769876
674077
613910
649071
710687
698937
615190
554490
575970
627329
619199
544254
482991
493619
536476
530695
462581
400879
402572
438112
433912
371411
309469
303652
332768
329730
272040
210009
197772
221306
219259
165820
103919
86212
104883
103774
54292
-7220
-29532
-14992
-15098
-60784
-121645
-147789
-136748
-135734
-177652
-237496
-266702
-258502
-256158
-294290
-352681
-384253
-378295
-374372
-408547
-465086
-498274
-494014
-488317
-518319
-572465
-606605
-603538
-595838
-621428
-672675
-707100
-704808
-694868
-715728
-763585
-797741
-795789
-783347
-799235
-843204
-876609
-874648
-859479
-870097
-909812
-942049
-939723
-921594
-926739
-961883
-992568
-989619
-968363
-967837
-998169
-1027056
-1023274
-998767
-992488
-1017852
-1044714
-1039955
-1012176
-1000111
-1020402
-1045104
-1039311
-1008328
-990579
-1005704
-1028150
-1021367
-987399
-964042
-974056
-994205
-986601
-949868
-921197
-926122
-944009
-935800
-896715
-862952
-862864
-878635
-870169
-829160
-790622
-785674
-799541
-791200
-748730
-705706
-696099
-708356
-700653
-657246
-610078
-596028
-607025
-600483
-556628
-505655
-487441
-497558
-492731
-449004
-394590
-372448
-382092
-379585
-336556
-279054
-253201
-262711
-263146
-221409
-161199
-131819
-141552
-145498
-105712
-43155
-10375
-20553
-28648
8440
73037
109243
98434
85532
119251
185611
225397
213822
195351
224825
292861
336647
324200
299206
323597
393357
441726
428402
395782
414026
485793
539747
525535
483894
494768
569020
630052
615125
562591
564464
642020
712396
697048
631026
621543
703772
787004
771894
688382
663873
753012
855015
841419
733773
687812
787706
919562
910298
765629
684811
803258
989926
992722
779806
627237
783722
1102727
1151073
754165
343901
603952
1702128
2955312
3380746
2625546
1311309
429469
425516
905655
1186409
1015666
704965
646815
853210
1019434
943141
750108
690210
812699
932085
888780
746342
686626
767066
859939
832728
718301
658630
712986
788019
769909
673324
613470
649504
711216
698714
614558
554369
576455
627557
618756
543774
483138
494078
536460
530178
462270
401137
402912
437965
433486
371258
309699
303797
332563
329458
271996
210133
197764
221132
219129
165827
103881
86046
104798
103824
54307
-7426
-29756
-14988
-14937
-60817
-121959
-148055
-136626
-135526
-177769
-237879
-266902
-258319
-256001
-294482
-353025
-384292
-378073
-374345
-408854
-465346
-498171
-493801
-488424
-518661
-572623
-606426
-603411
-596031
-621743
-672716
-706920
-704756
-695070
-715971
-763564
-797615
-795805
-783514
-799354
-843194
-876609
-874721
-859560
-870090
-909806
-942150
-939840
-921560
-926610
-961925
-992774
-989703
-968206
-967696
-998297
-1027317
-1023316
-998557
-992368
-1018049
-1044940
-1039883
-1011945
-1000092
-1020631
-1045211
-1039126
-1008121
-990651
-1005950
-1028137
-1021126
-987257
-964215
-974246
-994086
-986327
-949821
-921380
-926224
-943849
-935570
-896703
-863083
-862895
-878506
-870048
-829176
-790613
-785588
-799451
-791190
-748758
-705599
-695950
-708374
-700772
-657198
-609806
-595845
-607141
-600632
-556499
-505323
-487301
-497745
-492885
-448781
-394246
-372409
-382317
-379618
-336222
-278801
-253304
-262937
-263020
-221021
-161048
-132064
-141696
-145212
-105344
-43145
-10651
-20601
-28283
8776
72979
109031
98476
85825
119405
185532
225348
213961
195497
224858
292864
336783
324368
299174
323433
393461
442078
428534
395516
413804
486064
540277
525587
483433
494543
569474
630595
614962
562049
564424
642649
712774
696627
630515
621854
704526
787064
771133
688008
664609
753818
854682
840380
733633
688892
788463
918928
909195
765730
686002
803834
989080
991723
780110
628322
784045
1101946
1150386
754417
344531
604533
1703605
2958262
3383264
2624461
1306376
424740
425181
909055
1188982
1014585
702282
646238
855052
1020808
942253
748548
690230
813990
932549
887829
745497
687102
768019
859835
831756
717959
659325
713583
787611
769124
673288
614091
649794
710782
698221
614647
554746
576486
627234
618537
543879
483229
493938
536329
530220
462301
400963
402691
438008
433682
371175
309296
303581
332792
329706
271789
209633
197599
221424
219322
165507
103428
86066
105123
103866
53913
-7698
-29615
-14753
-15098
-61248
-122099
-147783
-136504
-135806
-178133
-237861
-266620
-258316
-256333
-294746
-352969
-384117
-378156
-374628
-408999
-465287
-498136
-493942
-488562
-518687
-572639
-606544
-603540
-596011
-621685
-672816
-707164
-704845
-694908
-715872
-763779
-797927
-795832
-783280
-799279
-843473
-876851
-874651
-859334
-870127
-910114
-942291
-939638
-921399
-926783
-962188
-992780
-989485
-968155
-967927
-998497
-1027176
-1023068
-998596
-992634
-1018145
-1044745
-1039703
-1012027
-1000291
-1020661
-1045062
-1039030
-1008207
-990733
-1005893
-1028070
-1021158
-987272
-964143
-974164
-994139
-986433
-949756
-921173
-926120
-943997
-935720
-896539
-862792
-862833
-878714
-870125
-828935
-790328
-785624
-799684
-791170
-748436
-705393
-696089
-708533
-700598
-656857
-609758
-596067
-607189
-600348
-556201
-505373
-487520
-497706
-492539
-448560
-394374
-372568
-382187
-379324
-336105
-278874
-253317
-262773
-262853
-220993
-161037
-131924
-141559
-145250
-105384
-42976
-10373
-20535
-28504
8700
73311
109396
98428
85518
119422
185999
225665
213772
195171
225002
293355
336945
324041
298959
323810
393927
441996
428109
395499
414339
486428
539955
525142
483628
495207
569705
630146
614603
562367
564990
642696
712353
696446
630831
622123
704416
786886
771274
688196
664477
753632
854958
840849
733491
688181
788305
919801
909978
765109
684693
803868
990750
992666
778692
626422
784665
1104631
1151247
751604
341721
606800
1710314
2962854
3380813
2617725
1302325
426284
428480
909324
1186395
1012965
703482
648092
855021
1019337
941575
749290
691026
813778
931931
887733
745815
687168
767745
859788
832020
717933
658901
713387
788010
769477
672952
613463
649740
711368
698530
614143
554095
576589
627843
618662
543271
482763
494210
536786
530073
461732
400765
403066
438258
433312
370710
309359
303963
332820
329249
271435
209818
197930
221310
218871
165300
103622
86219
104931
103565
53845
-7629
-29644
-14926
-15193
-61218
-122160
-147990
-136606
-135737
-178111
-238093
-266934
-258302
-256125
-294775
-353317
-384419
-378037
-374392
-409096
-465671
-498337
-493751
-488393
-518903
-572980
-606589
-603307
-595973
-622002
-673097
-707061
-704625
-695021
-716226
-763934
-797722
-795666
-783481
-799602
-843516
-876671
-874576
-859513
-870320
-910099
-942188
-939685
-921508
-926827
-962180
-992813
-989588
-968165
-967854
-998490
-1027356
-1023188
-998464
-992448
-1018198
-1044998
-1039786
-1011807
-1000091
-1020771
-1045310
-1039024
-1007919
-990583
-1006086
-1028256
-1020996
-986986
-964114
-974412
-994217
-986182
-949520
-921272
-926370
-943964
-935413
-896391
-862974
-863033
-878570
-869826
-828840
-790497
-785697
-799492
-790966
-748418
-705452
-696027
-708403
-700536
-656851
-609664
-595906
-607147
-600434
-556181
-505127
-487287
-497762
-492722
-448466
-393984
-372352
-382371
-379500
-335899
-278478
-253230
-263010
-262927
-220670
-160708
-131970
-141830
-145171
-104962
-42756
-10573
-20747
-28248
9172
73386
109088
98306
85860
119835
185970
225383
213762
195532
225254
293266
336806
324159
299172
323862
393896
442131
428323
395485
414155
486505
540362
525344
483312
494874
569958
630752
614722
561810
564659
643221
713015
696313
630150
622040
705186
787409
770763
687495
664777
754624
855139
839887
732887
689029
789453
919506
908525
764668
686105
805184
989953
990791
778454
628319
786136
1103583
1148925
750894
343579
609569
1712440
2964365
3381669
2616598
1298542
422114
427439
911990
1189192
1012577
700876
646910
856579
1021169
941142
747510
690494
815023
932913
887072
744667
687198
768769
860130
831178
717220
659326
714170
787887
768652
672633
614024
650241
711004
697816
614052
554624
576843
627447
618206
543330
483050
494210
536507
529925
461803
400733
402886
438188
433447
370701
309045
303720
332936
329483
271325
209358
197709
221587
219144
165071
103157
86133
105229
103675
53470
-8005
-29565
-14627
-15262
-61648
-122408
-147800
-136424
-135944
-178522
-238176
-266673
-258247
-256459
-295127
-353302
-384179
-378073
-374711
-409334
-465625
-498227
-493857
-488589
-518985
-572969
-606644
-603456
-596024
-621964
-673161
-707286
-704742
-694901
-716122
-764092
-798035
-795701
-783252
-799533
-843773
-876964
-874527
-859279
-870334
-910394
-942356
-939516
-921336
-926955
-962445
-992843
-989346
-968058
-968072
-998733
-1027265
-1022954
-998461
-992703
-1018351
-1044827
-1039578
-1011866
-1000302
-1020836
-1045156
-1038902
-1008009
-990693
-1006037
-1028179
-1020997
-987047
-964055
-974303
-994263
-986273
-949482
-921050
-926262
-944097
-935541
-896242
-862675
-862974
-878808
-869932
-828599
-790211
-785746
-799708
-790955
-748078
-705236
-696178
-708554
-700358
-656519
-609570
-596104
-607228
-600148
-555854
-505149
-487513
-497730
-492371
-448219
-394096
-372519
-382228
-379199
-335755
-278540
-253266
-262853
-262771
-220649
-160655
-131832
-141698
-145207
-104997
-42558
-10284
-20721
-28493
9101
73758
109459
98226
85552
119874
186426
225654
213539
195243
225460
293786
336941
323791
299004
324262
394342
442017
427894
395499
414729
486847
540020
524918
483541
495509
570152
630308
614393
562168
565196
643213
712660
696237
630447
622225
705082
787353
770967
687586
664489
754448
855591
840410
732599
688214
789439
920553
909221
763815
684841
805535
991636
991347
776787
626761
787298
1106159
1148994
747615
341358
612863
1719449
2968186
3378381
2609901
1295151
423974
430387
911815
1186717
1011378
702170
648438
856333
1019914
940757
748153
690951
814742
932565
887187
744775
686943
768534
860428
831531
716957
658679
714093
788494
768998
672111
613341
650357
711663
697968
613435
554122
577111
627967
618109
542709
482805
494595
536837
529594
461243
400735
403306
438285
432987
370296
309234
304085
332836
329002
271080
209600
197926
221379
218756
164948
103287
86159
105041
103505
53458
-8038
-29747
-14749
-15207
-61646
-122642
-148082
-136418
-135755
-178552
-238529
-266935
-258116
-256238
-295240
-353691
-384357
-377887
-374561
-409572
-465978
-498274
-493632
-488568
-519294
-573233
-606560
-603244
-596140
-622307
-673324
-707091
-704584
-695107
-716462
-764172
-797857
-795662
-783462
-799751
-843781
-876842
-874548
-859433
-870424
-910385
-942420
-939617
-921345
-926879
-962472
-993017
-989461
-967954
-967898
-998830
-1027530
-1023009
-998252
-992555
-1018504
-1045080
-1039556
-1011603
-1000238
-1021035
-1045322
-1038767
-1007761
-990729
-1006293
-1028233
-1020770
-986840
-964201
-974523
-994189
-985998
-949350
-921238
-926413
-943950
-935262
-896169
-862814
-863012
-878619
-869740
-828566
-790248
-785678
-799601
-790917
-748085
-705124
-696029
-708549
-700477
-656451
-609308
-595926
-607314
-600308
-555708
-504798
-487409
-497923
-492483
-447969
-393735
-372501
-382461
-379181
-335405
-278265
-253344
-263067
-262627
-220240
-160515
-132048
-141838
-144940
-104610
-42516
-10518
-20742
-28141
9442
73690
109250
98276
85846
120047
186361
225653
213665
195361
225442
293825
337141
323969
298889
324088
394567
442451
427975
395141
414556
487238
540495
524842
483071
495432
570681
630708
614075
561679
565365
643883
712845
695679
630063
622709
705789
787228
770181
687395
665297
755131
855113
839506
732649
689222
789964
919884
908380
764080
685757
805737
991008
990962
777135
627052
786992
1106014
1149605
747994
340499
612158
1721670
2973146
3381608
2607417
1288689
419528
431448
915598
1188147
1009366
700068
648949
858226
1020336
939381
747184
691693
815870
932382
886055
744426
687763
769199
859930
830670
716965
659393
714385
787992
768462
672235
613753
650370
711328
697794
613538
554139
576967
627934
618233
542677
482510
494389
537016
529864
461068
400256
403172
438618
433199
369985
308776
304062
333200
329077
270656
209236
198060
221656
218660
164534
103095
86379
105207
103258
53069
-8078
-29460
-14707
-15556
-61958
-122572
-147854
-136473
-136083
-178771
-238470
-266855
-258249
-256432
-295319
-353683
-384456
-378004
-374592
-409556
-466115
-498506
-493711
-488456
-519271
-573475
-606838
-603250
-595962
-622311
-673623
-707317
-704489
-694921
-716541
-764457
-797951
-795481
-783364
-799937
-844024
-876835
-874363
-859420
-870667
-910584
-942320
-939434
-921417
-927163
-962589
-992865
-989316
-968060
-968131
-998848
-1027375
-1022950
-998344
-992640
-1018492
-1045046
-1039582
-1011623
-1000161
-1020999
-1045406
-1038866
-1007685
-990541
-1006275
-1028418
-1020863
-986664
-963969
-974568
-994401
-986003
-949096
-921064
-926551
-944135
-935172
-895930
-862737
-863194
-878724
-869539
-828321
-790266
-785862
-799614
-790648
-747874
-705230
-696193
-708461
-700174
-656337
-609410
-595995
-607191
-600084
-555641
-504841
-487329
-497790
-492415
-447962
-393642
-372323
-382412
-379292
-335386
-278009
-253117
-263109
-262803
-220169
-160167
-131830
-141981
-145105
-104429
-42165
-10444
-20986
-28207
9758
74009
109197
98040
85896
120437
186601
225453
213442
195550
225884
293934
336870
323815
299177
324474
394558
442198
427927
395414
414752
487174
540439
524953
483182
495378
570685
630951
614314
561512
565073
644016
713359
695866
629633
622358
706148
787871
770192
686731
665004
755761
855772
839179
731824
689229
790917
920364
907570
763144
686263
807157
991228
989424
776004
628282
789207
1106010
1146757
745713
342216
616973
1725400
2973197
3379186
2605059
1287189
418397
430857
916202
1189424
1009658
698882
647939
858792
1021652
939538
746030
690916
816509
933410
885954
743440
687355
769849
860578
830325
716170
659322
715011
788272
767969
671712
613937
650893
711338
697241
613212
554478
577349
627730
617728
542549
482802
494571
536764
529514
461046
400458
403176
438444
433080
369980
308719
303915
333168
329172
270643
208978
197844
221769
218828
164386
102748
86227
105418
103393
52859
-8414
-29532
-14479
-15500
-62246
-122848
-147804
-136291
-136164
-179078
-238626
-266722
-258129
-256610
-295629
-353774
-384277
-377966
-374826
-409787
-466094
-498364
-493752
-488679
-519423
-573457
-606804
-603310
-596073
-622366
-673659
-707422
-704607
-694916
-716516
-764578
-798165
-795553
-783244
-799891
-844214
-877068
-874353
-859245
-870672
-910800
-942465
-939342
-921267
-927226
-962828
-992938
-989173
-967954
-968245
-999040
-1027361
-1022778
-998294
-992810
-1018644
-1044957
-1039407
-1011641
-1000340
-1021077
-1045277
-1038735
-1007702
-990638
-1006279
-1028336
-1020814
-986676
-963947
-974520
-994407
-986043
-949072
-920920
-926461
-944222
-935241
-895789
-862536
-863168
-878855
-869592
-828123
-790058
-785892
-799745
-790619
-747641
-705056
-696281
-708595
-700073
-656058
-609332
-596142
-607237
-599895
-555396
-504825
-487504
-497801
-492178
-447746
-393699
-372456
-382321
-379066
-335259
-278048
-253132
-262995
-262695
-220140
-160126
-131715
-141886
-145130
-104438
-41989
-10222
-20969
-28366
9756
74295
109419
97936
85677
120533
186958
225636
213267
195387
226082
294291
336919
323541
299082
324778
394857
442069
427630
395460
415158
487420
540211
524680
483342
495810
570803
630658
614129
561745
565386
644022
713185
695842
629762
622382
706094
788005
770396
686630
664701
755784
856267
839486
731420
688663
791121
921200
907796
762360
685586
807718
992349
989363
774684
627646
790523
1107600
1146063
743101
341272
620230
1730543
2975320
3376396
2600441
1285121
419589
432444
915926
1188012
1009168
699645
648594
858558
1021162
939488
746212
690845
816387
933564
886168
743204
686924
769881
861073
830528
715724
658843
715171
788769
768010
671187
613596
651178
711720
697117
612734
554295
577644
627967
617479
542143
482796
494890
536842
529178
460774
400562
403440
438376
432725
369807
308855
304081
333024
328898
270546
209069
197880
221640
218713
164381
102700
86123
105350
103459
52831
-8601
-29711
-14460
-15392
-62302
-123092
-147941
-136198
-136039
-179207
-238914
-266813
-257988
-256552
-295816
-353997
-384284
-377829
-374858
-410041
-466270
-498290
-493636
-488788
-519668
-573566
-606688
-603245
-596218
-622573
-673691
-707324
-704583
-695047
-716624
-764576
-798122
-795578
-783300
-799912
-844231
-877138
-874397
-859196
-870622
-910882
-942637
-939395
-921168
-927147
-962943
-993116
-989164
-967815
-968205
-999189
-1027493
-1022690
-998147
-992822
-1018790
-1045024
-1039275
-1011512
-1000403
-1021230
-1045292
-1038590
-1007647
-990760
-1006396
-1028244
-1020637
-986638
-964078
-974580
-994313
-985931
-949050
-920984
-926461
-944152
-935193
-895774
-862502
-863077
-878854
-869635
-828070
-789906
-785825
-799814
-790665
-747502
-704879
-696219
-708704
-700093
-655878
-609130
-596135
-607362
-599847
-555192
-504692
-487567
-497895
-492077
-447529
-393595
-372559
-382407
-378891
-335047
-278050
-253270
-263015
-262496
-219932
-160136
-131794
-141844
-144971
-104327
-41992
-10228
-20898
-28303
9765
74376
109563
97997
85618
120503
187129
225844
213259
195235
226079
294540
337125
323465
298906
324873
395173
442210
427462
395315
415346
487730
540225
524428
483258
496092
571111
630584
613831
561743
565753
644254
712970
695547
629854
622746
706238
787779
770206
686759
664923
755800
856177
839491
731445
688550
791077
921458
908069
762158
685107
807738
993021
989798
774078
626759
790713
1108886
1146609
741804
339758
621241
1734311
2978584
3375877
2596651
1281762
419333
434236
916902
1187143
1007950
699717
649567
858959
1020533
938865
746388
691406
816499
933171
885873
743322
687094
769850
860968
830517
715675
658693
715143
788943
768130
670991
613317
651199
711997
697205
612461
554027
577740
628241
617475
541847
482610
495052
537055
529066
460467
400473
403619
438476
432536
369539
308846
304250
333057
328689
270341
209137
198020
221601
218525
164234
102744
86186
105266
103296
52749
-8596
-29746
-14499
-15411
-62351
-123218
-148045
-136203
-136003
-179274
-239086
-266930
-257951
-256471
-295920
-354196
-384352
-377758
-374796
-410152
-466459
-498336
-493542
-488757
-519817
-573709
-606676
-603157
-596231
-622721
-673797
-707286
-704510
-695114
-716785
-764644
-798070
-795546
-783391
-800037
-844281
-877113
-874399
-859255
-870663
-910885
-942665
-939429
-921141
-927126
-962967
-993206
-989209
-967741
-968169
-999263
-1027604
-1022701
-998061
-992801
-1018881
-1045118
-1039241
-1011395
-1000404
-1021337
-1045338
-1038487
-1007518
-990777
-1006494
-1028264
-1020546
-986559
-964112
-974668
-994281
-985790
-948983
-921035
-926537
-944103
-935091
-895740
-862525
-863108
-878821
-869580
-828060
-789878
-785789
-799814
-790683
-747476
-704775
-696159
-708732
-700128
-655802
-608999
-596114
-607419
-599880
-555057
-504529
-487539
-497968
-492070
-447363
-393457
-372591
-382479
-378846
-334874
-277939
-253348
-263072
-262380
-219757
-160068
-131886
-141873
-144835
-104153
-41957
-10280
-20884
-28200
9879
74404
109555
98019
85685
120570
187172
225920
213290
195181
226105
294673
337245
323427
298811
324897
395348
442363
427388
395164
415399
487956
540343
524283
483124
496217
571342
630620
613629
561629
565936
644515
712958
695318
629809
623010
706480
787682
769942
686749
665217
756000
856041
839277
731466
688762
791226
921396
908007
762091
685031
807791
993241
989943
773833
626353
790817
1109523
1146959
741158
338873
621778
1736754
2981128
3376048
2594145
1278861
418420
435368
918082
1186969
1007014
699362
650119
859490
1020340
938326
746254
691782
816766
933004
885533
743268
687323
769991
860845
830339
715669
658786
715172
788935
768075
670924
613228
651205
712087
697234
612301
553863
577780
628384
617484
541646
482469
495100
537181
529043
460275
400342
403704
438588
432468
369369
308791
304355
333112
328579
270199
209089
198106
221640
218379
164100
102730
86239
105261
103191
52640
-8663
-29706
-14514
-15489
-62437
-123269
-148086
-136208
-136006
-179315
-239171
-266985
-257940
-256470
-295961
-354291
-384428
-377730
-374768
-410239
-466566
-498361
-493502
-488757
-519913
-573815
-606694
-603116
-596258
-622834
-673897
-707286
-704459
-695132
-716887
-764720
-798063
-795520
-783426
-800118
-844350
-877105
-874388
-859285
-870718
-910941
-942640
-939403
-921166
-927159
-963023
-993219
-989186
-967732
-968177
-999329
-1027648
-1022701
-997996
-992765
-1018932
-1045156
-1039220
-1011341
-1000382
-1021402
-1045400
-1038467
-1007459
-990770
-1006563
-1028307
-1020481
-986483
-964137
-974736
-994293
-985730
-948914
-921044
-926578
-944103
-935027
-895679
-862539
-863148
-878803
-869517
-827991
-789863
-785788
-799815
-790625
-747417
-704737
-696165
-708727
-700095
-655731
-608935
-596097
-607454
-599852
-554987
-504446
-487527
-498001
-492049
-447265
-393369
-372586
-382512
-378821
-334767
-277848
-253351
-263122
-262348
-219643
-159999
-131896
-141898
-144779
-104045
-41888
-10282
-20912
-28154
9999
74458
109536
98017
85715
120626
187260
225943
213260
195183
226151
294765
337305
323414
298784
324948
395476
442441
427343
395112
415452
488090
540412
524219
483060
496288
571495
630667
613523
561556
566033
644665
712993
695209
629715
623106
706631
787701
769818
686661
665321
756187
856091
839142
731357
688848
791414
921455
907855
761923
685072
808025
993405
989798
773548
626310
791171
1109883
1146782
740479
338568
622688
1738657
2982610
3375849
2592406
1277007
417792
435944
918819
1186989
1006494
699066
650327
859849
1020370
938034
746047
691891
817016
933041
885358
743116
687387
770151
860871
830203
715501
658793
715294
788985
767977
670768
613226
651291
712139
697139
612179
553857
577863
628416
617399
541529
482430
495177
537226
528964
460165
400307
403751
438620
432417
369272
308729
304370
333155
328530
270068
209034
198125
221655
218352
164007
102675
86244
105313
103154
52568
-8725
-29714
-14491
-15505
-62523
-123343
-148098
-136187
-136033
-179414
-239233
-266973
-257889
-256504
-296047
-354380
-384435
-377713
-374786
-410313
-466632
-498391
-493473
-488765
-519991
-573882
-606705
-603087
-596255
-622885
-673964
-707319
-704443
-695137
-716947
-764784
-798100
-795496
-783411
-800174
-844398
-877123
-874351
-859283
-870759
-911024
-942687
-939374
-921137
-927195
-963086
-993241
-989159
-967695
-968217
-999382
-1027663
-1022662
-997987
-992815
-1018988
-1045156
-1039188
-1011313
-1000401
-1021443
-1045384
-1038417
-1007432
-990774
-1006590
-1028315
-1020446
-986433
-964114
-974744
-994298
-985705
-948861
-921013
-926575
-944101
-934991
-895616
-862474
-863147
-878830
-869489
-827930
-789832
-785804
-799832
-790605
-747325
-704683
-696193
-708750
-700056
-655649
-608901
-596115
-607448
-599806
-554914
-504432
-487564
-498005
-491983
-447211
-393362
-372587
-382505
-378778
-334711
-277806
-253314
-263100
-262346
-219604
-159915
-131870
-141926
-144792
-103989
-41783
-10243
-20933
-28162
10041
74568
109571
97938
85690
120721
187356
225936
213179
195191
226284
294867
337269
323337
298799
325060
395546
442395
427287
395144
415558
488153
540394
524188
483079
496354
571540
630672
613525
561555
566061
644741
713047
695209
629660
623063
706716
787833
769819
686527
665253
756321
856281
839092
731106
688795
791651
921718
907708
761584
685114
808442
993600
989419
773085
626510
791854
1110100
1146059
739593
338753
624205
1740342
2983171
3375084
2591088
1276059
417503
436087
919067
1187123
1006400
698821
650224
860031
1020622
938022
745770
691731
817190
933284
885307
742816
687251
770330
861106
830107
715239
658742
715502
789094
767815
670591
613270
651475
712153
696949
612073
553939
577988
628388
617247
541464
482495
495214
537158
528891
460130
400332
403755
438591
432387
369237
308700
304339
333146
328547
270047
208967
198078
221683
218386
163938
102548
86191
105355
103191
52485
-8825
-29730
-14418
-15513
-62642
-123434
-148047
-136122
-136098
-179546
-239276
-266931
-257867
-256579
-296157
-354383
-384380
-377708
-374883
-410390
-466645
-498356
-493489
-488826
-520004
-573897
-606740
-603114
-596263
-622897
-674000
-707359
-704470
-695116
-716941
-764839
-798161
-795505
-783346
-800157
-844483
-877218
-874336
-859210
-870790
-911089
-942723
-939318
-921087
-927239
-963176
-993233
-989070
-967679
-968284
-999418
-1027626
-1022596
-998012
-992892
-1019020
-1045125
-1039147
-1011347
-1000448
-1021437
-1045354
-1038417
-1007446
-990768
-1006573
-1028312
-1020470
-986419
-964053
-974715
-994356
-985745
-948832
-920949
-926567
-944180
-935023
-895527
-862411
-863162
-878921
-869484
-827804
-789772
-785881
-799882
-790527
-747225
-704697
-696274
-708755
-699944
-655593
-608950
-596179
-607417
-599714
-554861
-504449
-487562
-497950
-491926
-447194
-393359
-372556
-382475
-378758
-334703
-277776
-253252
-263089
-262381
-219592
-159831
-131784
-141942
-144879
-103970
-41640
-10160
-21026
-28249
10112
74731
109611
97835
85670
120871
187481
225870
213071
195248
226438
294896
337134
323270
298922
325208
395553
442278
427265
395264
415631
488124
540334
524219
483156
496356
571526
630723
613590
561521
565937
644733
713219
695313
629518
622895
706834
788132
769872
686238
665062
756568
856617
839014
730743
688766
792083
921890
907306
761210
685434
809067
993556
988667
772747
627185
792707
1109881
1144830
738909
339633
625880
1741331
2982987
3374438
2590627
1275604
416832
435631
919376
1187847
1006579
698232
649713
860286
1021248
938081
745191
691363
817503
933786
885241
742336
687099
770686
861360
829897
714917
658835
715794
789100
767498
670454
613489
651680
712013
696695
612049
554143
578056
628213
617084
541531
482630
495195
537054
528841
460172
400336
403667
438545
432432
369260
308601
304258
333209
328660
270014
208776
197997
221799
218492
163870
102365
86181
105510
103240
52319
-8957
-29641
-14302
-15565
-62796
-123437
-147925
-136084
-136236
-179677
-239236
-266812
-257901
-256727
-296254
-354322
-384326
-377775
-374970
-410379
-466607
-498386
-493569
-488851
-519974
-573920
-606822
-603167
-596215
-622857
-674074
-707486
-704487
-695015
-716899
-764953
-798283
-795481
-783257
-800158
-844603
-877249
-874266
-859135
-870870
-911208
-942680
-939222
-921107
-927392
-963228
-993143
-989010
-967756
-968404
-999444
-1027534
-1022544
-998070
-992952
-1018978
-1045072
-1039166
-1011390
-1000439
-1021382
-1045354
-1038479
-1007447
-990685
-1006529
-1028386
-1020547
-986379
-963937
-974723
-994439
-985780
-948723
-920835
-926613
-944308
-935016
-895406
-862352
-863260
-878945
-869359
-827702
-789824
-785973
-799848
-790363
-747171
-704804
-696341
-708672
-699802
-655569
-609027
-596191
-607339
-599636
-554875
-504494
-487540
-497876
-491921
-447226
-393319
-372450
-382423
-378854
-334758
-277644
-253135
-263144
-262526
-219589
-159664
-131686
-142054
-144982
-103882
-41499
-10171
-21167
-28250
10296
74815
109461
97716
85789
121083
187477
225671
213021
195448
226614
294819
336981
323283
299082
325275
395436
442218
427372
395355
415567
488047
540444
524369
483088
496148
571518
630982
613756
561319
565711
644884
713591
695363
629154
622696
707113
788424
769703
685902
665169
756993
856639
838534
730515
689248
792572
921567
906591
761210
686218
809497
992938
987906
772988
628113
792969
1109059
1144124
739345
340583
626095
1740889
2983219
3375647
2591265
1274361
414694
434918
920716
1189338
1006351
696878
649192
861160
1022079
937759
744400
691319
818155
933985
884734
742006
687457
771104
861137
829383
714939
659291
715988
788729
767177
670624
613829
651659
711700
696552
612237
554296
577931
628051
617152
541651
482568
495041
537047
529013
460232
400128
403502
438687
432648
369196
308322
304157
333421
328796
269856
208539
198034
222006
218484
163650
102305
86347
105587
103078
52151
-8876
-29470
-14349
-15783
-62897
-123318
-147811
-136163
-136398
-179695
-239120
-266777
-258014
-256789
-296175
-354285
-384405
-377846
-374924
-410303
-466629
-498545
-493619
-488723
-519880
-574021
-606988
-603163
-596069
-622825
-674206
-707598
-704391
-694885
-716966
-765106
-798261
-795327
-783255
-800323
-844689
-877131
-874133
-859245
-871032
-911206
-942548
-939176
-921235
-927499
-963174
-993044
-989024
-967858
-968403
-999347
-1027520
-1022629
-998111
-992881
-1018915
-1045152
-1039275
-1011340
-1000302
-1021359
-1045509
-1038575
-1007336
-990550
-1006559
-1028542
-1020580
-986235
-963860
-974808
-994539
-985692
-948596
-920893
-926745
-944279
-934844
-895354
-862497
-863381
-878857
-869198
-827722
-789987
-786013
-799714
-790287
-747240
-704874
-696289
-708571
-699815
-655656
-609017
-596082
-607301
-599747
-554973
-504378
-487371
-497927
-492107
-447238
-393130
-372325
-382562
-379009
-334668
-277449
-253110
-263296
-262562
-219427
-159554
-131811
-142180
-144868
-103692
-41538
-10405
-21205
-28038
10464
74676
109282
97793
86023
121126
187296
225599
213164
195559
226535
294720
337078
323472
299060
325049
395413
442472
427534
395159
415324
488150
540802
524415
482762
495974
571785
631282
613596
560986
565752
645228
713612
694993
629043
623118
707427
788119
769212
686033
665766
757141
856073
838124
730919
689838
792443
920972
906485
761775
686509
808983
992496
988364
773696
627772
791853
1108927
1145651
740557
339399
623612
1740447
2985926
3378499
2590908
1271384
412820
435974
922544
1189319
1004993
696469
650183
861818
1021351
936850
744717
692312
818270
933163
884254
742509
688082
770951
860533
829285
715385
659516
715706
788461
767335
670893
613734
651371
711727
696875
612324
553965
577706
628310
617489
541528
482161
494966
537402
529228
459996
399842
403600
438971
432652
368925
308269
304396
333501
328578
269676
208708
198276
221912
218196
163595
102531
86482
105427
102865
52198
-8694
-29447
-14500
-15855
-62768
-123240
-147914
-136289
-136322
-179529
-239168
-266986
-258030
-256605
-296063
-354431
-384614
-377795
-374723
-410276
-466834
-498639
-493471
-488586
-519976
-574167
-606940
-602998
-596095
-622984
-674252
-707412
-704306
-695059
-717143
-765045
-798087
-795320
-783433
-800427
-844575
-877030
-874214
-859382
-871023
-911084
-942520
-939289
-921273
-927368
-963082
-993142
-989150
-967798
-968237
-999357
-1027693
-1022721
-997963
-992705
-1018993
-1045310
-1039251
-1011185
-1000246
-1021472
-1045587
-1038462
-1007246
-990659
-1006701
-1028461
-1020392
-986227
-964042
-974897
-994375
-985548
-948690
-921060
-926748
-944101
-934781
-895463
-862572
-863288
-878748
-869254
-827829
-789927
-785863
-799705
-790437
-747282
-704710
-696160
-708660
-700009
-655625
-608789
-595993
-607467
-599884
-554852
-504202
-487427
-498078
-492078
-447071
-393107
-372520
-382648
-378828
-334495
-277558
-253328
-263253
-262292
-219347
-159754
-131962
-142045
-144659
-103718
-41704
-10415
-21028
-27950
10335
74573
109425
97961
85885
120893
187344
225877
213247
195278
226321
294894
337398
323419
298720
324992
395690
442644
427308
394953
415500
488409
540649
524106
482812
496386
571892
630862
613306
561296
566211
645142
713125
694859
629480
623403
707131
787750
769381
686441
665675
756668
856044
838669
731136
689246
791922
921441
907393
761628
685345
808547
993618
989481
772995
626142
791766
1110695
1146613
739121
337698
624481
1743051
2986508
3375815
2588231
1272233
415994
437399
920765
1187102
1005146
698221
650918
860819
1020420
937258
745550
692222
817575
933057
884850
742778
687572
770523
860917
829860
715224
658854
715566
789054
767737
670511
613194
651477
712252
696968
611909
553770
578006
628545
617263
541269
482324
495292
537313
528823
459890
400189
403848
438699
432276
369006
308617
304466
333216
328411
269866
208899
198158
221736
218273
163804
102518
86253
105368
103085
52369
-8867
-29685
-14420
-15565
-62715
-123505
-148073
-136104
-136112
-179619
-239377
-266968
-257852
-256588
-296248
-354496
-384434
-377664
-374882
-410479
-466749
-498391
-493466
-488837
-520107
-574008
-606765
-603096
-596285
-622982
-674093
-707388
-704442
-695121
-717019
-764947
-798179
-795470
-783361
-800224
-844554
-877232
-874311
-859189
-870833
-911166
-942746
-939307
-921071
-927304
-963239
-993250
-989045
-967658
-968328
-999506
-1027645
-1022541
-997971
-992911
-1019058
-1045125
-1039105
-1011312
-1000457
-1021466
-1045377
-1038391
-1007412
-990768
-1006600
-1028340
-1020432
-986366
-964035
-974762
-994376
-985703
-948745
-920899
-926618
-944234
-934990
-895436
-862345
-863222
-878941
-869405
-827713
-789740
-785925
-799884
-790439
-747131
-704683
-696312
-708730
-699844
-655486
-608911
-596198
-607396
-599623
-554789
-504432
-487570
-497922
-491877
-447138
-393317
-372527
-382438
-378755
-334670
-277682
-253202
-263118
-262399
-219538
-159714
-131717
-141990
-144921
-103887
-41494
-10149
-21101
-28268
10268
74840
109566
97751
85731
121037
187562
225772
213014
195349
226622
294934
337055
323239
299017
325315
395554
442228
427265
395337
415684
488127
540383
524274
483122
496289
571572
630899
613663
561402
565834
644881
713488
695329
629247
622768
707065
788413
769754
685926
665088
756968
856748
838625
730452
689104
792573
921753
906682
761043
686021
809593
993221
987917
772680
627957
793240
1109397
1143967
738783
340395
626764
1741929
2983619
3375045
2590365
1273965
414919
435240
920650
1189089
1006278
696995
649282
861119
1022023
937754
744374
691279
818152
934062
884749
741940
687395
771140
861201
829395
714863
659241
716042
788790
767143
670542
613806
651713
711741
696533
612197
554289
577975
628071
617104
541600
482568
495070
537063
528993
460187
400131
403529
438699
432633
369173
308305
304179
333426
328782
269829
208533
198048
221999
218492
163628
102292
86340
105603
103076
52117
-8891
-29466
-14330
-15807
-62908
-123321
-147797
-136162
-136420
-179689
-239116
-266782
-258007
-256793
-296189
-354294
-384417
-377864
-374934
-410312
-466667
-498554
-493617
-488704
-519895
-574064
-606992
-603134
-596034
-622843
-674249
-707591
-704364
-694893
-717013
-765118
-798255
-795313
-783258
-800348
-844684
-877101
-874132
-859255
-871052
-911185
-942522
-939172
-921245
-927495
-963145
-993036
-989029
-967859
-968392
-999333
-1027535
-1022654
-998080
-992818
-1018917
-1045197
-1039293
-1011328
-1000244
-1021364
-1045567
-1038570
-1007280
-990517
-1006589
-1028561
-1020525
-986203
-963898
-974872
-994517
-985633
-948605
-920950
-926775
-944223
-934805
-895377
-862557
-863374
-878805
-869198
-827749
-789992
-786002
-799686
-790291
-747275
-704864
-696238
-708559
-699875
-655662
-608954
-596028
-607327
-599821
-554946
-504299
-487338
-497979
-492142
-447190
-393053
-372336
-382609
-378982
-334599
-277459
-253178
-263325
-262458
-219363
-159612
-131884
-142158
-144771
-103649
-41587
-10448
-21131
-27940
10458
74605
109264
97849
86026
121060
187284
225680
213234
195487
226410
294749
337214
323499
298906
324957
395526
442621
427495
394987
415294
488321
540863
524300
482695
496098
571913
631164
613425
561072
566016
645283
713378
694825
629236
623359
707352
787846
769169
686279
665877
756943
855905
838268
731136
689728
792126
920978
906895
761932
686055
808574
992858
989097
773627
626826
791322
1109808
1146857
740362
337971
622904
1741446
2987062
3377985
2589449
1271183
414287
437120
921899
1187912
1004713
697461
650919
861374
1020582
936868
745320
692526
817870
932832
884483
742836
687978
770623
860538
829606
715467
659219
715498
788692
767659
670774
613358
651320
712058
697090
612093
553702
577799
628553
617461
541316
482148
495169
537461
529026
459872
400021
403795
438833
432392
368954
308514
304506
333324
328393
269771
208910
198256
221744
218173
163746
102615
86380
105325
102960
52343
-8749
-29613
-14517
-15664
-62683
-123382
-148084
-136201
-136115
-179532
-239352
-267055
-257897
-256504
-296165
-354537
-384532
-377673
-374777
-410425
-466836
-498453
-493428
-488758
-520092
-574059
-606783
-603034
-596254
-623043
-674125
-707336
-704391
-695159
-717087
-764915
-798107
-795442
-783421
-800281
-844499
-877129
-874315
-859267
-870843
-911094
-942688
-939329
-921124
-927268
-963164
-993278
-989126
-967671
-968251
-999476
-1027706
-1022590
-997925
-992845
-1019078
-1045206
-1039128
-1011254
-1000439
-1021494
-1045407
-1038369
-1007359
-990773
-1006631
-1028331
-1020408
-986371
-964100
-974796
-994342
-985671
-948786
-920983
-926619
-944144
-934962
-895488
-862416
-863195
-878897
-869427
-827774
-789767
-785869
-799870
-790506
-747162
-704652
-696266
-708755
-699929
-655527
-608878
-596166
-607449
-599692
-554804
-504398
-487586
-497984
-491899
-447121
-393305
-372571
-382473
-378721
-334652
-277708
-253252
-263111
-262346
-219540
-159775
-131768
-141963
-144870
-103930
-41595
-10144
-21060
-28252
10192
74795
109590
97789
85678
120966
187536
225838
213041
195283
226557
294952
337111
323222
298964
325293
395565
442248
427263
395303
415676
488131
540349
524235
483135
496332
571550
630817
613634
561468
565890
644825
713382
695322
629370
622802
706985
788314
769824
686013
665047
756826
856730
838784
730523
688956
792438
921839
906855
761067
685870
809455
993292
988087
772702
627789
793115
1109465
1144124
738889
340338
626500
1741482
2983125
3374858
2590774
1274762
415460
435145
920205
1188866
1006491
697296
649259
860885
1021923
937915
744544
691214
818001
934048
884891
742004
687328
771065
861226
829476
714915
659199
715972
788803
767212
670573
613800
651694
711749
696563
612229
554305
577964
628062
617131
541663
482594
495047
537037
529001
460236
400152
403512
438685
432665
369208
308329
304152
333386
328820
269890
208561
198035
222008
218492
163666
102307
86350
105576
103079
52153
-8847
-29451
-14343
-15805
-62890
-123268
-147796
-136188
-136407
-179661
-239092
-266799
-258036
-256780
-296143
-354264
-384424
-377859
-374892
-410267
-466641
-498551
-493624
-488684
-519850
-574038
-606995
-603150
-596019
-622820
-674241
-707584
-704378
-694897
-716993
-765090
-798213
-795312
-783283
-800345
-844635
-877086
-874150
-859300
-871049
-911151
-942501
-939206
-921282
-927463
-963102
-993037
-989065
-967868
-968349
-999304
-1027551
-1022699
-998087
-992796
-1018894
-1045193
-1039313
-1011314
-1000236
-1021352
-1045561
-1038587
-1007297
-990547
-1006603
-1028534
-1020525
-986214
-963940
-974849
-994494
-985631
-948645
-920984
-926768
-944195
-934797
-895435
-862593
-863358
-878773
-869200
-827813
-790012
-785945
-799675
-790342
-747322
-704865
-696215
-708577
-699935
-655731
-608931
-596002
-607333
-599862
-554975
-504279
-487331
-498004
-492201
-447201
-393096
-372379
-382633
-378961
-334603
-277526
-253257
-263292
-262414
-219381
-159699
-131940
-142102
-144717
-103706
-41693
-10450
-21075
-27938
10365
74524
109324
97924
85992
120940
187212
225749
213283
195421
226286
294719
337289
323533
298827
324868
395534
442671
427478
394957
415286
488302
540756
524233
482746
496194
571847
631016
613384
561203
566087
645143
713185
694856
629406
623377
707146
787705
769326
686498
665802
756655
855850
838547
731301
689473
791807
921108
907310
761990
685589
808238
993170
989602
773568
626302
791087
1110152
1147179
740248
337774
622862
1740967
2985775
3376877
2589944
1273210
415987
437002
920582
1187216
1005334
698293
650855
860704
1020338
937335
745730
692295
817445
932876
884889
742984
687681
770380
860745
829926
715433
658934
715398
788919
767843
670673
613199
651364
712203
697078
612049
553763
577894
628521
617365
541370
482348
495246
537312
528918
459994
400235
403806
438678
432357
369127
308671
304430
333196
328473
269963
208967
198148
221686
218298
163890
102574
86243
105348
103127
52458
-8807
-29715
-14456
-15520
-62636
-123438
-148058
-136131
-136076
-179561
-239305
-266955
-257857
-256566
-296192
-354405
-384388
-377690
-374866
-410407
-466658
-498357
-493484
-488826
-520035
-573913
-606744
-603134
-596270
-622903
-674013
-707379
-704488
-695098
-716939
-764863
-798197
-795504
-783338
-800149
-844532
-877232
-874310
-859188
-870797
-911131
-942720
-939285
-921081
-927287
-963201
-993208
-989047
-967702
-968339
-999435
-1027579
-1022571
-998033
-992924
-1018984
-1045074
-1039154
-1011391
-1000442
-1021379
-1045345
-1038452
-1007481
-990732
-1006514
-1028358
-1020539
-986412
-963983
-974687
-994403
-985808
-948790
-920857
-926579
-944281
-935035
-895478
-862373
-863250
-878939
-869401
-827750
-789827
-785947
-799841
-790394
-747197
-704805
-696350
-708682
-699849
-655609
-609032
-596197
-607321
-599650
-554942
-504529
-487538
-497870
-491964
-447295
-393343
-372457
-382435
-378893
-334824
-277672
-253092
-263135
-262560
-219653
-159672
-131671
-142073
-145018
-103931
-41518
-10199
-21173
-28222
10291
74727
109391
97744
85860
121062
187366
225620
213075
195504
226560
294709
336958
323380
299137
325152
395293
442244
427496
395357
415394
487932
540523
524508
483034
495972
571483
631115
613820
561192
565560
644909
713667
695323
629103
622748
707174
788289
769526
685982
665402
756973
856278
838351
730835
689607
792388
921054
906538
761756
686515
808999
992339
988172
773844
628208
791879
1108313
1145144
741085
340466
623351
1738052
2983142
3378118
2593459
1274427
413653
434710
921456
1189732
1005991
696648
649540
861377
1021643
937349
744760
691955
818064
933304
884493
742588
687993
770823
860522
829383
715499
659543
715615
788389
767393
671050
613819
651272
711616
696935
612493
554051
577608
628181
617567
541746
482244
494865
537301
529335
460184
399884
403515
438891
432747
369111
308332
304345
333469
328671
269815
208803
198251
221891
218271
163723
102619
86464
105379
102913
52327
-8599
-29471
-14566
-15810
-62608
-123126
-147946
-136328
-136258
-179407
-239095
-267000
-258059
-256537
-295943
-354347
-384587
-377803
-374681
-410189
-466757
-498576
-493472
-488609
-519922
-574037
-606852
-603027
-596120
-622916
-674123
-707342
-704343
-695081
-717042
-764896
-798033
-795392
-783463
-800321
-844442
-877006
-874281
-859367
-870890
-910979
-942543
-939372
-921254
-927257
-963018
-993174
-989200
-967775
-968159
-999296
-1027714
-1022746
-997952
-992714
-1018962
-1045256
-1039242
-1011258
-1000306
-1021450
-1045489
-1038445
-1007366
-990721
-1006637
-1028361
-1020404
-986381
-964133
-974810
-994304
-985642
-948844
-921084
-926643
-944075
-934945
-895618
-862540
-863185
-878787
-869440
-827939
-789888
-785791
-799802
-790593
-747368
-704696
-696154
-708744
-700069
-655665
-608866
-596079
-607462
-599827
-554903
-504392
-487536
-498012
-491995
-447199
-393332
-372580
-382510
-378777
-334704
-277808
-253332
-263101
-262330
-219606
-159932
-131872
-141917
-144806
-104021
-41797
-10240
-20935
-28198
10044
74584
109587
97935
85671
120739
187389
225897
213160
195211
226307
294837
337201
323318
298859
325102
395485
442295
427295
395241
415573
488043
540304
524249
483167
496293
571411
630671
613646
561601
565909
644629
713185
695391
629606
622833
706672
788074
769970
686347
664981
756408
856564
839099
730836
688725
791940
921769
907330
761425
685564
808889
993232
988635
773138
627503
792369
1109182
1144802
739874
340375
624850
1738716
2981009
3375032
2593244
1277777
416941
434509
918818
1188419
1007283
698110
649095
860134
1021634
938404
745072
691076
817509
933926
885300
742325
687160
770724
861214
829768
715136
659105
715764
788769
767404
670760
613782
651550
711703
696690
612406
554339
577852
627989
617238
541851
482670
494969
536950
529091
460421
400249
403437
438594
432745
369392
308430
304103
333338
328891
270066
208671
197995
221934
218596
163837
102424
86317
105529
103151
52327
-8739
-29474
-14384
-15738
-62724
-123147
-147796
-136238
-136362
-179497
-238956
-266782
-258072
-256731
-295988
-354149
-384426
-377903
-374842
-410108
-466516
-498540
-493654
-488635
-519735
-573932
-606963
-603152
-595999
-622703
-674124
-707534
-704397
-694922
-716895
-764964
-798162
-795349
-783324
-800271
-844521
-877035
-874203
-859338
-870958
-911012
-942445
-939247
-921296
-927393
-962994
-993006
-989148
-967909
-968292
-999199
-1027521
-1022781
-998137
-992732
-1018813
-1045209
-1039376
-1011346
-1000211
-1021311
-1045559
-1038610
-1007345
-990554
-1006558
-1028511
-1020556
-986303
-963999
-974814
-994413
-985683
-948763
-921035
-926712
-944116
-934859
-895583
-862645
-863284
-878733
-869315
-827970
-790063
-785897
-799663
-790478
-747472
-704894
-696156
-708576
-700071
-655863
-608954
-595953
-607382
-599978
-555101
-504334
-487377
-498022
-492209
-447299
-393224
-372455
-382606
-378953
-334726
-277706
-253333
-263231
-262386
-219531
-159911
-131995
-142016
-144724
-103911
-41891
-10452
-20970
-27990
10125
74360
109364
98028
85890
120675
187120
225845
213347
195309
226093
294639
337353
323548
298750
324785
395451
442574
427432
395006
415298
488119
540548
524236
482928
496216
571561
630747
613493
561478
566049
644741
712972
695105
629703
623188
706673
787620
769716
686729
665422
756169
855942
839082
731448
688943
791336
921354
907863
762038
685092
807930
993350
989868
773663
626286
791046
1109797
1146784
740649
338733
622582
1738103
2981890
3375651
2593034
1277972
418205
435566
918297
1187016
1006916
699226
650058
859606
1020544
938348
746025
691586
816892
933266
885552
742994
687153
770162
861104
830293
715371
658722
715396
789033
767881
670745
613354
651415
712033
696955
612262
554106
577903
628216
617256
541706
482668
495131
537018
528951
460376
400449
403626
438487
432535
369468
308713
304187
333102
328735
270249
208922
197940
221728
218602
164057
102485
86167
105455
103326
52511
-8809
-29648
-14371
-15524
-62610
-123273
-147906
-136148
-136197
-179498
-239043
-266771
-257956
-256689
-296046
-354139
-384305
-377845
-374937
-410186
-466429
-498373
-493632
-488769
-519762
-573761
-606830
-603234
-596136
-622654
-673959
-707502
-704509
-694913
-716739
-764869
-798259
-795466
-783230
-800110
-844500
-877160
-874248
-859225
-870869
-911068
-942525
-939227
-921225
-927385
-963029
-993008
-989070
-967886
-968362
-999218
-1027426
-1022676
-998196
-992866
-1018797
-1045050
-1039327
-1011491
-1000312
-1021239
-1045443
-1038663
-1007483
-990555
-1006441
-1028466
-1020669
-986382
-963884
-974713
-994489
-985839
-948761
-920919
-926681
-944224
-934951
-895536
-862563
-863310
-878809
-869311
-827919
-790083
-785970
-799685
-790408
-747452
-704988
-696232
-708529
-699971
-655906
-609142
-596034
-607266
-599893
-555213
-504483
-487331
-497921
-492249
-447490
-393271
-372334
-382562
-379113
-334890
-277654
-253184
-263250
-262563
-219628
-159820
-131912
-142091
-144834
-103917
-41844
-10483
-21070
-28003
10191
74333
109236
97964
85998
120782
186981
225626
213366
195492
226119
294432
337189
323664
298907
324693
395215
442567
427652
395031
415045
487990
540739
524465
482793
495930
571557
630992
613587
561264
565868
644824
713150
695076
629542
623185
706805
787585
769528
686723
665669
756264
855641
838792
731690
689397
791276
920752
907622
762579
685613
807533
992624
990071
774549
626354
789919
1109163
1147983
742292
338363
619993
1735850
2982242
3377784
2594511
1277780
417527
435615
918819
1187100
1006556
699139
650412
859769
1020164
938040
746333
692079
816828
932745
885410
743463
687542
769924
860637
830309
715822
658861
715104
788843
768108
671019
613233
651129
712071
697275
612342
553847
577752
628360
617506
541694
482481
495085
537154
529037
460314
400403
403688
438535
432497
369442
308815
304317
333085
328619
270264
209108
198041
221616
218480
164186
102696
86163
105325
103287
52704
-8669
-29727
-14446
-15415
-62434
-123279
-148009
-136147
-136055
-179352
-239098
-266848
-257917
-256580
-295990
-354166
-384325
-377770
-374863
-410186
-466421
-498314
-493595
-488815
-519796
-573689
-606731
-603232
-596215
-622662
-673825
-707398
-704539
-695028
-716729
-764732
-798197
-795541
-783269
-800013
-844409
-877183
-874334
-859184
-870733
-911000
-942612
-939295
-921165
-927276
-963035
-993057
-989069
-967845
-968330
-999254
-1027450
-1022648
-998180
-992891
-1018803
-1044998
-1039292
-1011537
-1000374
-1021203
-1045349
-1038630
-1007571
-990644
-1006395
-1028378
-1020708
-986506
-963914
-974619
-994460
-985910
-948853
-920874
-926589
-944253
-935080
-895577
-862493
-863259
-878865
-869399
-827937
-790032
-785971
-799719
-790436
-747464
-705021
-696303
-708550
-699936
-655909
-609221
-596090
-607225
-599851
-555253
-504626
-487387
-497834
-492195
-447576
-393385
-372346
-382459
-379112
-335012
-277711
-253106
-263188
-262688
-219789
-159835
-131813
-142093
-144961
-104021
-41827
-10431
-21080
-28094
10121
74328
109208
97910
85979
120794
186946
225548
213340
195538
226159
294315
337029
323677
299039
324695
395041
442432
427733
395176
414956
487770
540737
524637
482847
495729
571388
631097
613791
561242
565618
644721
713281
695200
629453
623023
706768
787662
769562
686659
665662
756276
855581
838726
731748
689584
791268
920479
907442
762816
685988
807409
992053
989881
775118
626876
789481
1108264
1148094
743534
338869
618384
1733319
2981264
3379227
2596722
1278736
417023
434965
918887
1187581
1006720
698952
650263
859778
1020200
938038
746389
692169
816792
932577
885341
743652
687751
769840
860384
830284
716075
659053
714944
788590
768176
671296
613301
650941
711977
697438
612545
553797
577582
628386
617683
541796
482411
494988
537219
529182
460378
400346
403652
438581
432561
369480
308840
304330
333081
328619
270307
209174
198071
221581
218450
164252
102829
86205
105246
103273
52785
-8550
-29725
-14542
-15407
-62317
-123187
-148057
-136192
-135973
-179234
-239043
-266924
-257942
-256501
-295900
-354153
-384330
-377773
-374809
-410131
-466388
-498298
-493564
-488773
-519755
-573627
-606674
-603209
-596237
-622656
-673763
-707331
-704558
-695068
-716712
-764637
-798137
-795574
-783303
-799965
-844308
-877156
-874400
-859183
-870645
-910936
-942623
-939335
-921142
-927223
-962978
-993065
-989126
-967824
-968282
-999216
-1027451
-1022664
-998182
-992866
-1018780
-1044987
-1039280
-1011543
-1000391
-1021189
-1045291
-1038634
-1007642
-990680
-1006349
-1028325
-1020717
-986590
-963957
-974592
-994415
-985967
-948925
-920898
-926540
-944259
-935155
-895644
-862494
-863227
-878875
-869486
-828002
-790026
-785950
-799737
-790493
-747522
-705033
-696281
-708549
-699975
-655978
-609268
-596104
-607222
-599847
-555324
-504724
-487421
-497802
-492192
-447648
-393505
-372365
-382417
-379126
-335112
-277793
-253083
-263171
-262730
-219878
-159887
-131775
-142067
-145026
-104126
-41887
-10400
-21058
-28144
10056
74288
109228
97931
85940
120726
186887
225511
213353
195560
226111
294236
336977
323700
299085
324634
394904
442369
427793
395231
414919
487649
540686
524719
482905
495620
571235
631097
613905
561257
565504
644584
713302
695314
629503
622907
706633
787659
769653
686707
665585
756151
855527
838786
731843
689560
791128
920361
907497
763019
686048
807203
991806
989956
775506
627053
789083
1107771
1148260
744377
339272
617260
1731166
2979863
3379779
2598662
1280423
417350
434341
918376
1187703
1007164
699136
650043
859508
1020210
938255
746556
692135
816610
932498
885472
743819
687758
769692
860301
830404
716260
659078
714793
788499
768270
671453
613346
650810
711917
697544
612700
553813
577469
628349
617793
541934
482404
494923
537179
529279
460487
400365
403586
438568
432613
369566
308880
304311
333063
328675
270424
209245
198074
221571
218487
164324
102881
86206
105219
103292
52887
-8490
-29739
-14553
-15367
-62224
-123123
-148061
-136240
-135954
-179148
-238990
-266919
-257955
-256461
-295822
-354090
-384318
-377772
-374798
-410050
-466314
-498282
-493596
-488780
-519680
-573564
-606671
-603233
-596230
-622580
-673677
-707296
-704576
-695071
-716630
-764556
-798115
-795609
-783322
-799911
-844240
-877154
-874403
-859189
-870625
-910890
-942596
-939378
-921176
-927180
-962929
-993068
-989144
-967843
-968250
-999157
-1027433
-1022709
-998234
-992851
-1018726
-1044979
-1039322
-1011580
-1000385
-1021146
-1045272
-1038670
-1007671
-990669
-1006309
-1028316
-1020757
-986616
-963944
-974562
-994422
-985990
-948988
-920896
-926518
-944228
-935195
-895723
-862533
-863213
-878848
-869506
-828062
-790085
-785941
-799726
-790518
-747584
-705096
-696274
-708534
-700012
-656041
-609320
-596091
-607210
-599918
-555406
-504741
-487403
-497813
-492248
-447736
-393523
-372336
-382424
-379193
-335198
-277877
-253099
-263148
-262735
-219959
-159967
-131814
-142026
-145036
-104195
-41964
-10435
-21046
-28133
9953
74167
109203
97983
85958
120625
186758
225502
213414
195541
225996
294130
336991
323768
299077
324532
394812
442407
427845
395217
414794
487570
540678
524758
482913
495563
571136
631033
613917
561351
565506
644449
713183
695378
629644
622903
706460
787551
769755
686886
665531
755897
855431
838975
732051
689473
790827
920286
907802
763265
685857
806783
991766
990370
775786
626784
788544
1107674
1148784
744976
339215
616275
1729508
2978386
3379598
2600158
1282580
418575
433938
917294
1187314
1007753
699774
649942
858957
1020031
938666
746925
691977
816235
932453
885799
744035
687588
769462
860343
830626
716358
658943
714693
788582
768440
671518
613280
650763
711908
697598
612761
553889
577450
628276
617788
542044
482544
494889
537071
529262
460631
400492
403549
438457
432654
369741
308967
304230
332992
328762
270574
209278
198002
221544
218602
164465
102911
86154
105219
103414
52978
-8460
-29759
-14527
-15315
-62170
-123051
-148013
-136215
-135941
-179107
-238880
-266853
-257976
-256488
-295742
-353951
-384288
-377838
-374811
-409950
-466181
-498270
-493659
-488759
-519574
-573468
-606673
-603284
-596199
-622463
-673603
-707345
-704603
-695004
-716535
-764520
-798150
-795615
-783280
-799865
-844204
-877114
-874384
-859209
-870616
-910810
-942511
-939353
-921213
-927196
-962842
-992973
-989179
-967931
-968263
-999078
-1027366
-1022764
-998303
-992815
-1018627
-1044957
-1039411
-1011638
-1000331
-1021070
-1045298
-1038769
-1007697
-990602
-1006277
-1028359
-1020819
-986624
-963913
-974552
-994436
-986025
-949018
-920959
-926523
-944212
-935179
-895776
-862611
-863213
-878797
-869503
-828169
-790173
-785906
-799656
-790569
-747712
-705157
-696246
-708493
-700093
-656196
-609362
-596030
-607189
-600007
-555531
-504763
-487348
-497826
-492373
-447830
-393522
-372339
-382463
-379259
-335242
-277908
-253150
-263172
-262733
-219987
-160101
-131921
-142013
-144987
-104260
-42133
-10524
-20970
-28090
9843
74014
109179
98072
85955
120452
186634
225560
213504
195495
225814
294033
337093
323845
298968
324349
394794
442487
427864
395117
414716
487545
540631
524703
482961
495631
571051
630851
613878
561518
565604
644264
712926
695424
629889
622945
706163
787328
769946
687175
665438
755513
855352
839353
732305
689148
790358
920382
908333
763405
685351
806342
992040
990952
775832
626274
788240
1107838
1149059
745092
339299
616012
1728147
2976217
3378455
2601584
1285624
420539
433387
915595
1186743
1008711
700659
649601
858105
1019940
939340
747282
691561
815774
932651
886296
744096
687212
769237
860611
830957
716322
658726
714651
788730
768515
671493
613315
650820
711860
697519
612877
554109
577511
628085
617679
542240
482771
494857
536869
529275
460897
400641
403433
438332
432776
369977
309020
304080
332931
328943
270753
209257
197868
221554
218793
164579
102839
86083
105300
103533
53027
-8455
-29681
-14492
-15314
-62153
-122944
-147905
-136224
-136025
-179059
-238710
-266739
-258047
-256577
-295648
-353770
-384244
-377933
-374831
-409804
-466053
-498302
-493754
-488717
-519416
-573391
-606742
-603333
-596085
-622319
-673591
-707407
-704612
-694916
-716459
-764520
-798153
-795569
-783236
-799875
-844168
-877027
-874342
-859271
-870664
-910729
-942390
-939360
-921320
-927217
-962737
-992873
-989210
-968028
-968222
-998932
-1027326
-1022857
-998354
-992713
-1018529
-1045000
-1039511
-1011632
-1000221
-1021019
-1045379
-1038849
-1007665
-990520
-1006271
-1028438
-1020832
-986627
-963950
-974582
-994394
-985960
-949067
-921062
-926560
-944112
-935124
-895887
-862747
-863205
-878710
-869519
-828313
-790266
-785835
-799581
-790649
-747864
-705181
-696131
-708464
-700234
-656305
-609315
-595943
-607259
-600187
-555610
-504682
-487332
-497913
-492481
-447827
-393549
-372406
-382507
-379212
-335254
-278063
-253323
-263134
-262610
-220054
-160310
-132022
-141900
-144881
-104392
-42344
-10531
-20826
-28089
9647
73858
109278
98203
85848
120209
186575
225735
213585
195299
225605
294082
337221
323826
298806
324306
394844
442429
427767
395149
414839
487487
540384
524607
483150
495776
570837
630530
613925
561809
565629
643931
712717
695642
630184
622784
705740
787303
770351
687348
665025
755097
855565
839874
732271
688560
790073
920816
908783
763186
684885
806370
992326
990850
775573
626549
788769
1107522
1148000
744883
340570
616816
1726377
2972839
3377048
2603887
1289279
421919
431886
913947
1187096
1010096
700980
648608
857446
1020527
940139
747119
690798
815606
933227
886703
743814
686803
769331
860907
830966
716176
658791
714805
788626
768306
671594
613683
650898
711529
697325
613148
554439
577413
627767
617678
542585
482946
494647
536681
529440
461189
400640
403197
438282
433057
370169
308894
303899
333025
329210
270835
209080
197801
221706
218908
164550
102834
86186
105353
103451
52986
-8297
-29511
-14533
-15475
-62108
-122701
-147771
-136352
-136138
-178921
-238488
-266734
-258201
-256561
-295439
-353629
-384336
-378035
-374716
-409604
-466015
-498452
-493774
-488516
-519236
-573429
-606840
-603302
-595955
-622282
-673632
-707384
-704510
-694882
-716536
-764479
-797986
-795497
-783350
-799939
-844046
-876837
-874361
-859423
-870660
-910558
-942303
-939462
-921430
-927133
-962572
-992886
-989366
-968060
-968059
-998824
-1027431
-1022987
-998297
-992571
-1018497
-1045132
-1039599
-1011570
-1000150
-1021067
-1045441
-1038810
-1007651
-990598
-1006334
-1028345
-1020735
-986685
-964113
-974610
-994281
-985908
-949208
-921213
-926501
-943984
-935165
-896067
-862813
-863076
-878622
-869663
-828480
-790239
-785698
-799618
-790863
-747978
-705081
-696045
-708600
-700426
-656348
-609210
-595949
-607361
-600225
-555584
-504758
-487449
-497931
-492350
-447842
-393757
-372586
-382441
-379055
-335330
-278303
-253385
-263010
-262545
-220220
-160513
-131974
-141752
-144948
-104652
-42428
-10357
-20733
-28283
9379
73882
109482
98209
85612
120063
186652
225810
213465
195183
225626
294089
337073
323669
298906
324447
394684
442103
427705
395421
414972
487183
540086
524742
483465
495723
570461
630394
614228
562012
565320
643544
712853
696068
630145
622241
705499
787717
770783
687086
664498
755087
855981
839964
731938
688466
790375
920770
908275
763126
685569
806763
991552
989906
776037
627971
788941
1105914
1146879
746193
342659
616130
1722548
2969846
3378292
2607931
1291641
420718
429811
914069
1188905
1010890
699913
647524
857818
1021482
940250
746529
690636
815979
933317
886368
743825
687306
769495
860403
830595
716571
659398
714702
788046
768191
672124
614025
650586
711156
697515
613602
554479
577035
627660
618052
542873
482743
494355
536813
529830
461255
400344
403040
438541
433295
370103
308729
303947
333205
329203
270733
209234
198008
221690
218712
164584
103130
86357
105197
103277
53137
-8016
-29475
-14732
-15513
-61855
-122518
-147894
-136514
-136030
-178642
-238423
-266913
-258240
-256332
-295218
-353707
-384475
-377960
-374488
-409491
-466094
-498449
-493640
-488464
-519298
-573412
-606698
-603204
-596044
-622363
-673472
-707139
-704514
-695065
-716542
-764257
-797817
-795581
-783478
-799834
-843820
-876830
-874523
-859437
-870469
-910430
-942410
-939611
-921338
-926923
-962522
-993044
-989428
-967927
-967923
-998862
-1027517
-1022946
-998231
-992603
-1018553
-1045055
-1039477
-1011615
-1000310
-1021076
-1045268
-1038725
-1007813
-990782
-1006255
-1028165
-1020766
-986883
-964184
-974445
-994175
-986077
-949389
-921141
-926342
-944025
-935382
-896166
-862671
-862957
-878767
-869883
-828493
-790090
-785691
-799770
-790929
-747932
-705089
-696150
-708631
-700301
-656325
-609437
-596117
-607277
-600075
-555665
-505041
-487554
-497770
-492288
-448049
-393978
-372522
-382252
-379136
-335610
-278386
-253208
-262903
-262794
-220499
-160437
-131753
-141788
-145255
-104794
-42326
-10260
-20852
-28440
9384
73936
109344
98074
85701
120212
186500
225483
213444
195445
225737
293770
336766
323832
299207
324364
394308
442007
428001
395552
414640
486855
540269
525102
483361
495210
570300
630809
614537
561686
564874
643640
713232
696077
629827
622185
705717
787663
770404
687085
664978
755263
855375
839441
732405
689262
790178
919781
908027
764074
686230
805952
990472
990405
777534
627982
787009
1104890
1148913
748993
341908
611485
1718651
2970582
3382171
2610404
1291166
419782
430310
914851
1188462
1010093
700332
648635
857793
1020258
939720
747545
691636
815491
932194
886328
744790
687733
768841
859803
830983
717251
659280
714081
787981
768777
672417
613567
650167
711458
698080
613586
553998
576890
628043
618336
542707
482550
494482
536989
529751
461176
400544
403293
438426
433012
370188
309143
304133
332908
328973
270993
209579
197977
221397
218709
164900
103303
86168
105038
103480
53459
-8049
-29750
-14748
-15183
-61654
-122645
-148082
-136383
-135744
-178585
-238543
-266894
-258092
-256293
-295310
-353647
-384277
-377899
-374655
-409586
-465867
-498191
-493709
-488673
-519267
-573123
-606534
-603350
-596191
-622203
-673235
-707174
-704710
-695058
-716298
-764140
-797980
-795717
-783322
-799587
-843844
-877030
-874551
-859270
-870357
-910503
-942459
-939520
-921289
-926985
-962554
-992910
-989305
-968025
-968112
-998824
-1027301
-1022894
-998433
-992747
-1018404
-1044855
-1039547
-1011827
-1000322
-1020869
-1045191
-1038915
-1007925
-990615
-1006080
-1028264
-1020995
-986899
-963976
-974377
-994365
-986244
-949303
-921015
-926378
-944137
-935400
-896106
-862751
-863110
-878731
-869718
-828521
-790354
-785831
-799594
-790758
-748077
-705367
-696169
-708418
-700288
-656560
-609590
-596008
-607136
-600221
-555947
-505040
-487315
-497755
-492566
-448236
-393835
-372346
-382378
-379405
-335666
-278249
-253203
-263073
-262859
-220430
-160487
-131971
-141884
-145080
-104693
-42551
-10571
-20792
-28162
9391
73561
109124
98272
85895
119994
186172
225495
213715
195455
225356
293568
337058
324053
298939
323920
394310
442390
428099
395184
414384
487014
540445
524948
483170
495344
570448
630574
614194
561866
565307
643535
712623
695869
630370
622615
705296
786997
770541
687759
665022
754505
855031
840119
733002
688682
789220
920037
909270
764331
684910
804974
991443
991912
777242
626307
786493
1106216
1149933
748257
340839
611711
1718717
2968276
3378876
2610394
1295604
424271
430361
911520
1186537
1011571
702410
648370
856095
1019893
940986
748240
690766
814598
932719
887377
744736
686760
768523
860581
831587
716852
658662
714203
788479
768847
672132
613582
650470
711440
697742
613589
554462
577150
627669
617979
543004
483091
494472
536548
529647
461596
400878
403077
438123
433203
370596
309150
303780
332859
329380
271261
209374
197695
221543
219117
165001
103063
86108
105252
103665
53404
-8069
-29553
-14623
-15315
-61746
-122435
-147778
-136427
-136010
-178582
-238202
-266692
-258280
-256472
-295124
-353339
-384241
-378102
-374668
-409300
-465703
-498362
-493842
-488478
-518959
-573117
-606763
-603375
-595914
-622020
-673327
-707290
-704616
-694886
-716294
-764204
-797909
-795590
-783354
-799744
-843785
-876748
-874453
-859454
-870492
-910315
-942199
-939553
-921497
-926981
-962323
-992790
-989479
-968152
-967959
-998603
-1027371
-1023117
-998412
-992480
-1018324
-1045036
-1039726
-1011711
-1000106
-1020881
-1045351
-1038938
-1007833
-990637
-1006195
-1028254
-1020885
-986899
-964169
-974478
-994186
-986061
-949453
-921280
-926386
-943921
-935330
-896346
-862923
-862987
-878582
-869846
-828775
-790329
-785608
-799581
-791045
-748260
-705215
-695981
-708560
-700593
-656625
-609418
-595964
-607311
-600337
-555873
-505005
-487488
-497876
-492465
-448154
-394039
-372605
-382330
-379173
-335692
-278606
-253394
-262871
-262667
-220628
-160813
-131950
-141638
-145087
-105034
-42729
-10352
-20613
-28427
8998
73611
109439
98305
85518
119754
186333
225689
213578
195214
225380
293674
336882
323824
299045
324203
394217
441933
427945
395578
414637
486657
539964
525076
483638
495314
569910
630353
614644
562150
564871
643022
712871
696484
630305
621870
704978
787630
771098
687360
664313
754569
855617
840197
732532
688583
789649
920025
908549
764162
685881
805650
990393
990482
777836
628386
786886
1103917
1148214
750014
343768
610837
1713653
2964555
3381015
2615785
1298020
421954
427625
912247
1189225
1012341
700708
647100
856805
1021038
940840
747520
690845
815129
932613
886817
744849
687528
768719
859813
831085
717472
659475
713988
787675
768754
672851
613978
650005
711000
698107
614153
554356
576625
627653
618556
543264
482677
494122
536854
530154
461579
400486
402989
438452
433386
370473
309108
303977
332986
329214
271166
209655
198002
221423
218794
165086
103531
86286
104973
103442
53653
-7715
-29619
-14873
-15255
-61390
-122311
-148006
-136572
-135720
-178254
-238278
-266956
-258236
-256125
-294964
-353469
-384363
-377961
-374475
-409305
-465757
-498233
-493709
-488555
-519085
-573001
-606478
-603316
-596151
-622092
-673055
-707030
-704704
-695113
-716228
-763921
-797825
-795782
-783443
-799520
-843568
-876863
-874647
-859356
-870194
-910243
-942411
-939679
-921310
-926778
-962373
-992943
-989436
-968024
-967958
-998701
-1027323
-1022966
-998436
-992678
-1018334
-1044822
-1039583
-1011891
-1000329
-1020802
-1045104
-1038924
-1008075
-990720
-1005990
-1028127
-1021050
-987128
-964092
-974262
-994249
-986349
-949547
-921073
-926227
-944115
-935574
-896318
-862738
-862997
-878766
-869927
-828683
-790348
-785771
-799629
-790916
-748245
-705448
-696178
-708428
-700371
-656738
-609760
-596055
-607096
-600236
-556132
-505270
-487387
-497670
-492579
-448501
-394115
-372350
-382253
-379496
-335985
-278465
-253140
-262989
-263004
-220734
-160637
-131889
-141832
-145236
-104981
-42693
-10550
-20791
-28268
9183
73387
109072
98305
85880
119813
185926
225393
213800
195530
225189
293238
336861
324187
299091
323729
393924
442263
428320
395335
414103
486597
540419
525246
483227
494982
570074
630604
614478
561908
565008
643237
712617
696079
630473
622436
704984
786869
770732
688026
664978
754116
854698
840263
733502
688784
788637
919456
909502
765139
685092
804088
990615
992513
778566
626349
784826
1104982
1151268
750937
341245
607796
1712706
2964762
3380473
2615512
1300256
425770
429090
909845
1186307
1012642
703341
648134
855160
1019503
941585
749038
690775
813894
932295
887843
745435
686805
767966
860297
832042
717425
658625
713723
788357
769273
672537
613521
650142
711379
698081
613934
554462
576922
627592
618207
543302
483172
494327
536430
529793
461894
401021
402983
437995
433310
370898
309348
303718
332735
329477
271583
209579
197635
221445
219219
165327
103284
86043
105180
103785
53678
-7895
-29594
-14678
-15193
-61470
-122249
-147780
-136482
-135918
-178351
-238009
-266651
-258310
-256412
-294907
-353109
-384200
-378152
-374618
-409100
-465482
-498285
-493925
-488466
-518748
-572884
-606711
-603440
-595883
-621821
-673125
-707234
-704664
-694871
-716106
-763989
-797857
-795650
-783378
-799605
-843603
-876702
-874509
-859481
-870370
-910126
-942143
-939619
-921544
-926903
-962162
-992739
-989561
-968216
-967885
-998453
-1027307
-1023216
-998517
-992429
-1018175
-1044993
-1039828
-1011804
-1000090
-1020779
-1045301
-1039045
-1007961
-990630
-1006093
-1028200
-1020991
-987065
-964209
-974373
-994124
-986172
-949630
-921353
-926298
-943874
-935468
-896517
-862968
-862897
-878542
-869971
-828978
-790427
-785570
-799544
-791170
-748463
-705322
-695945
-708540
-700701
-656841
-609574
-595951
-607275
-600450
-556118
-505187
-487500
-497811
-492551
-448401
-394239
-372612
-382268
-379273
-335963
-278819
-253395
-262805
-262775
-220894
-160999
-131944
-141583
-145211
-105317
-42926
-10359
-20570
-28523
8757
73403
109416
98376
85497
119545
186078
225604
213675
195255
225178
293393
336786
323978
299137
323979
393857
441842
428138
395687
414404
486285
539885
525290
483723
495034
569539
630318
614897
562250
564593
642669
712813
696735
630444
621658
704650
787481
771286
687624
664270
754146
855273
840375
733011
688641
789082
919525
908845
764922
685998
804742
989646
991072
779092
628461
785299
1102679
1149403
752648
344277
607002
1707623
2961114
3382773
2620935
1302474
423227
426392
910750
1189001
1013268
701653
646990
855910
1020487
941374
748400
690936
814413
932118
887259
745573
687569
768101
859493
831564
718067
659423
713510
787536
769198
673295
613864
649629
710986
698469
614465
554277
576400
627669
618818
543504
482720
494020
536788
530251
461853
400717
402977
438282
433420
370769
309366
303938
332807
329268
271520
209917
197924
221276
218922
165435
103714
86159
104873
103657
53999
-7589
-29721
-14920
-15054
-61109
-122203
-148057
-136542
-135573
-178071
-238113
-266870
-258214
-256120
-294799
-353251
-384237
-377995
-374501
-409134
-465465
-498108
-493780
-488573
-518874
-572704
-606423
-603447
-596139
-621858
-672831
-707036
-704815
-695059
-715970
-763737
-797841
-795846
-783352
-799305
-843444
-876895
-874679
-859330
-870110
-910120
-942326
-939671
-921379
-926782
-962230
-992778
-989447
-968152
-967968
-998516
-1027164
-1023047
-998601
-992663
-1018137
-1044728
-1039724
-1012032
-1000250
-1020613
-1045084
-1039121
-1008190
-990629
-1005871
-1028170
-1021237
-987211
-964026
-974192
-994271
-986450
-949639
-921121
-926231
-944064
-935606
-896461
-862897
-863006
-878657
-869928
-828907
-790549
-785726
-799501
-790991
-748519
-705612
-696089
-708352
-700540
-657026
-609868
-595918
-607058
-600490
-556401
-505319
-487306
-497708
-492798
-448709
-394176
-372352
-382319
-379596
-336108
-278646
-253283
-262969
-262967
-220874
-160959
-132050
-141734
-145156
-105187
-43068
-10642
-20602
-28249
8865
73037
109082
98505
85811
119438
185671
225500
213962
195366
224811
293075
337002
324282
298914
323492
393789
442234
428316
395339
414065
486400
540127
525211
483484
495036
569687
630204
614605
562328
564978
642661
712255
696433
630939
622174
704288
786730
771326
688385
664446
753379
854826
841027
733703
688071
788033
919756
910173
765246
684640
803718
990560
992543
778903
626911
784753
1103869
1150444
752097
343272
606916
1707302
2958716
3379757
2621255
1307076
427812
426387
907250
1187016
1014897
703842
646644
854144
1020248
942752
749038
689880
813541
932826
888334
745405
686593
767899
860248
832035
717711
658980
713655
787901
769147
673080
614026
649906
710851
698152
614565
554784
576550
627225
618483
543862
483270
493939
536298
530238
462324
400919
402672
438058
433753
371168
309241
303574
332855
329725
271729
209645
197731
221462
219216
165448
103570
86204
105042
103677
53916
-7492
-29488
-14893
-15258
-61145
-121902
-147804
-136690
-135836
-177943
-237745
-266771
-258452
-256174
-294529
-352988
-384341
-378188
-374346
-408807
-465418
-498342
-493849
-488314
-518661
-572775
-606576
-603380
-595940
-621779
-672869
-706977
-704674
-695029
-716060
-763683
-797640
-795753
-783497
-799432
-843274
-876608
-874688
-859533
-870135
-909882
-942179
-939819
-921511
-926612
-961995
-992844
-989680
-968136
-967698
-998406
-1027351
-1023227
-998497
-992449
-1018141
-1044873
-1039733
-1011952
-1000255
-1020682
-1045094
-1039023
-1008200
-990779
-1005931
-1028023
-1021100
-987358
-964262
-974159
-994047
-986410
-949889
-921284
-926095
-943934
-935754
-896687
-862858
-862774
-878666
-870212
-829061
-790394
-785583
-799638
-791246
-748558
-705485
-696084
-708493
-700622
-657001
-609908
-596087
-607124
-600364
-556392
-505553
-487504
-497620
-492625
-448801
-394482
-372467
-382108
-379494
-336378
-278917
-253196
-262782
-263118
-221229
-161027
-131811
-141656
-145453
-105493
-42972
-10445
-20662
-28497
8755
73137
109103
98350
85719
119502
185619
225253
213833
195542
224966
292844
336633
324309
299294
323548
393387
441950
428571
395621
413792
485964
540216
525642
483473
494501
569406
630577
614994
562068
564441
642625
712654
696563
630617
621973
704434
786798
771080
688289
664777
753551
854333
840517
734055
688883
787922
918680
909741
766232
685504
802932
989269
992994
780576
626949
782559
1102751
1152776
755181
342400
601912
1703080
2959117
3383256
2623806
1307354
427576
426885
907547
1186320
1014282
704481
647667
853908
1019026
942409
750132
690803
812925
931694
888419
746460
686941
767116
859745
832595
718348
658692
713010
788026
769870
673250
613476
649567
711223
698620
614480
554441
576547
627505
618601
543770
483273
494111
536326
530072
462343
401248
402876
437849
433485
371354
309666
303638
332541
329623
272076
209943
197572
221239
219378
165826
103601
85930
105006
104013
54161
-7615
-29667
-14781
-14964
-61049
-121988
-147808
-136545
-135735
-177964
-237706
-266617
-258375
-256301
-294587
-352785
-384106
-378235
-374558
-408773
-465117
-498179
-493997
-488455
-518463
-572530
-606607
-603552
-595865
-621498
-672765
-707175
-704776
-694834
-715823
-763683
-797769
-795750
-783353
-799335
-843298
-876601
-874607
-859512
-870173
-909852
-942039
-939733
-921635
-926753
-961887
-992615
-989683
-968348
-967782
-998217
-1027177
-1023325
-998652
-992381
-1017942
-1044891
-1039957
-1011998
-1000037
-1020575
-1045217
-1039200
-1008173
-990616
-1005910
-1028145
-1021163
-987288
-964231
-974235
-994068
-986356
-949912
-921431
-926175
-943809
-935645
-896825
-863103
-862812
-878487
-870175
-829277
-790566
-785495
-799508
-791370
-748815
-705499
-695926
-708487
-700889
-657177
-609789
-595920
-607216
-600607
-556482
-505479
-487499
-497731
-492716
-448816
-394547
-372619
-382177
-379411
-336357
-279130
-253393
-262703
-262925
-221302
-161332
-131947
-141458
-145333
-105724
-43258
-10366
-20463
-28629
8377
73005
109321
98494
85485
119192
185650
225454
213820
195296
224836
292887
336616
324194
299231
323591
393315
441708
428433
395807
413969
485708
539792
525657
483887
494610
568963
630247
615267
562424
564194
642096
712705
697105
630701
621385
704027
787155
771617
688127
664177
753399
854739
840757
733834
688664
788043
918732
909468
766184
685993
803197
988569
992135
781045
628405
782771
1100914
1151427
756733
344877
600896
1698121
2955348
3385033
2629006
1310235
426177
424553
907668
1188145
1015068
703619
646808
854147
1019596
942436
749893
690868
813103
931510
888163
746703
687421
767073
859165
832394
718918
659242
712737
787398
769910
673909
613692
649118
710938
698989
614929
554282
576121
627584
619102
543961
482988
493895
536533
530384
462386
401108
402873
437982
433546
371359
309770
303782
332512
329486
272127
210225
197714
221070
219224
165991
103943
85983
104784
103972
54481
-7387
-29822
-14935
-14777
-60718
-121951
-147982
-136574
-135489
-177761
-237726
-266704
-258307
-256131
-294490
-352784
-384072
-378140
-374526
-408775
-465006
-498009
-493984
-488555
-518460
-572298
-606398
-603618
-596019
-621425
-672500
-707051
-704936
-694911
-715618
-763498
-797831
-795900
-783289
-799114
-843195
-876738
-874710
-859396
-870038
-909841
-942098
-939712
-921542
-926723
-961910
-992573
-989600
-968363
-967861
-998180
-1027043
-1023296
-998808
-992490
-1017827
-1044715
-1040007
-1012192
-1000084
-1020398
-1045129
-1039357
-1008293
-990527
-1005738
-1028192
-1021346
-987360
-964101
-974143
-994179
-986487
-949903
-921379
-926190
-943877
-935666
-896826
-863167
-862886
-878478
-870116
-829344
-790756
-785567
-799386
-791294
-748961
-705735
-695919
-708332
-700884
-657418
-609926
-595805
-607123
-600776
-556729
-505467
-487349
-497738
-492928
-448970
-394508
-372526
-382238
-379570
-336458
-279144
-253438
-262781
-262938
-221331
-161477
-132111
-141465
-145233
-105770
-43531
-10559
-20337
-28445
8249
72697
109258
98670
85514
118911
185415
225577
214024
195163
224500
292799
336838
324284
299040
323362
393308
441807
428422
395722
413940
485684
539685
525550
483951
494737
568837
629920
615198
562736
564357
641747
712275
697227
631166
621373
703496
786972
772084
688459
663756
752806
854899
841401
733925
688020
787606
919068
910021
766116
685494
803015
988800
992268
780964
628491
782946
1100570
1150728
756881
346115
601234
1695546
2951172
3383427
2632072
1315051
428012
422705
905710
1188704
1016755
703756
645527
853514
1020348
943276
749683
690193
812965
931952
888453
746590
687294
767128
859207
832343
719006
659456
712757
787152
769786
674207
614068
649035
710557
698946
615348
554548
575891
627286
619269
544347
482991
493588
536479
530726
462628
400961
402654
438057
433833
371477
309679
303729
332624
329613
272168
210266
197788
221074
219186
166064
104124
86114
104702
103857
54609
-7128
-29736
-15076
-14842
-60504
-121726
-148023
-136708
-135409
-177505
-237656
-266818
-258370
-255946
-294272
-352769
-384159
-378116
-374388
-408658
-464998
-498013
-493909
-488498
-518425
-572223
-606291
-603569
-596076
-621433
-672359
-706889
-704945
-695015
-715591
-763270
-797705
-796004
-783370
-798990
-843021
-876731
-874831
-859372
-869849
-909728
-942168
-939808
-921483
-926579
-961856
-992624
-989622
-968323
-967802
-998160
-1027018
-1023265
-998818
-992525
-1017821
-1044620
-1039961
-1012304
-1000188
-1020331
-1044995
-1039359
-1008471
-990580
-1005621
-1028098
-1021449
-987505
-964081
-974030
-994183
-986647
-949979
-921285
-926104
-943946
-935800
-896885
-863126
-862872
-878521
-870164
-829376
-790813
-785628
-799378
-791270
-749032
-705863
-695975
-708250
-700861
-657560
-610122
-595833
-606999
-600793
-556913
-505617
-487277
-497676
-493068
-449176
-394545
-372433
-382248
-379740
-336615
-279168
-253402
-262826
-263077
-221427
-161513
-132164
-141508
-145251
-105806
-43641
-10697
-20361
-28389
8211
72490
109104
98757
85642
118811
185162
225510
214192
195232
224271
292571
336905
324456
298955
323102
393181
441913
428506
395595
413744
485626
539746
525568
483910
494680
568767
629827
615155
562826
564446
641607
712009
697181
631429
621491
703194
786610
772179
688877
663757
752316
854680
841844
734313
687678
787004
919121
910648
766385
684994
802466
988972
992903
781187
628057
782458
1100579
1151170
757330
346200
600440
1693466
2948616
3382421
2634037
1318699
430280
422007
903703
1188089
1017938
704760
645044
852554
1020442
944092
749946
689617
812546
932214
888924
746632
686982
766965
859350
832522
719019
659415
712729
787120
769808
674325
614225
649026
710374
698909
615589
554796
575824
627055
619273
544640
483194
493446
536315
530851
462886
401000
402469
438046
434036
371678
309650
303616
332652
329775
272286
210260
197752
221123
219259
166136
104213
86160
104698
103861
54682
-6956
-29631
-15153
-14907
-60384
-121516
-147974
-136800
-135412
-177320
-237460
-266863
-258460
-255880
-294072
-352652
-384202
-378149
-374293
-408492
-464938
-498023
-493911
-488417
-518326
-572169
-606265
-603545
-596057
-621392
-672276
-706818
-704943
-695074
-715555
-763140
-797597
-796030
-783462
-798919
-842853
-876658
-874891
-859445
-869754
-909613
-942164
-939879
-921491
-926455
-961756
-992635
-989705
-968323
-967741
-998118
-1027017
-1023282
-998839
-992524
-1017775
-1044592
-1039964
-1012334
-1000205
-1020281
-1044934
-1039357
-1008567
-990650
-1005571
-1028019
-1021495
-987618
-964101
-973925
-994144
-986768
-950113
-921282
-926037
-943944
-935930
-896984
-863109
-862822
-878539
-870249
-829455
-790831
-785602
-799399
-791331
-749104
-705937
-696011
-708242
-700854
-657658
-610264
-595875
-606947
-600783
-557050
-505752
-487277
-497592
-493122
-449376
-394644
-372376
-382181
-379832
-336773
-279224
-253337
-262792
-263180
-221557
-161578
-132158
-141509
-145314
-105909
-43746
-10739
-20345
-28373
8144
72342
109018
98791
85684
118697
184946
225438
214264
195277
224112
292364
336888
324596
298986
322901
393008
441955
428638
395564
413538
485475
539769
525673
483905
494551
568639
629805
615223
562881
564405
641457
711881
697224
631586
621529
702983
786394
772292
689149
663770
751990
854446
842046
734652
687578
786518
918959
911060
766769
684766
801853
988828
993426
781675
627805
781696
1100245
1151782
758343
346343
598883
1690714
2946378
3382429
2636466
1321821
431833
421331
902244
1187653
1018774
705603
644830
851783
1020240
944672
750396
689394
812081
932208
889329
746860
686799
766718
859372
832775
719206
659342
712570
787095
769927
674498
614270
648918
710295
698982
615782
554902
575730
626936
619347
544872
483302
493340
536195
530946
463106
401090
402364
437952
434170
371875
309709
303531
332601
329893
272451
210341
197725
221097
219352
166272
104300
86165
104674
103909
54808
-6855
-29624
-15182
-14881
-60242
-121395
-147961
-136843
-135389
-177185
-237341
-266840
-258496
-255826
-293920
-352536
-384207
-378211
-374246
-408353
-464823
-498013
-493923
-488381
-518227
-572081
-606240
-603578
-596057
-621290
-672147
-706769
-704968
-695073
-715480
-763035
-797561
-796045
-783474
-798866
-842751
-876615
-874946
-859474
-869665
-909469
-942132
-939947
-921532
-926388
-961668
-992625
-989758
-968348
-967674
-998025
-1027002
-1023330
-998879
-992489
-1017690
-1044556
-1040009
-1012402
-1000201
-1020209
-1044896
-1039405
-1008636
-990649
-1005513
-1027997
-1021572
-987709
-964124
-973878
-994126
-986809
-950201
-921295
-925980
-943921
-935980
-897075
-863149
-862798
-878523
-870318
-829569
-790879
-785580
-799373
-791394
-749243
-706031
-695991
-708193
-700919
-657791
-610338
-595873
-606930
-600850
-557180
-505838
-487263
-497550
-493163
-449511
-394772
-372380
-382148
-379886
-336919
-279332
-253347
-262775
-263200
-221710
-161706
-132162
-141494
-145354
-106038
-43857
-10753
-20299
-28398
7991
72211
108982
98845
85685
118557
184801
225390
214334
195268
223983
292214
336832
324677
299004
322769
392841
441910
428734
395607
413434
485293
539689
525756
483959
494434
568434
629734
615344
562978
564299
641232
711822
697389
631699
621402
702720
786322
772447
689298
663661
751715
854346
842223
734859
687530
786226
918770
911242
767107
684780
801460
988465
993634
782277
627950
781046
1099549
1152141
759641
346877
597170
1687410
2944016
3383024
2639452
1324682
432668
420425
901281
1187734
1019494
705964
644549
851331
1020166
945014
750719
689357
811748
932037
889533
747187
686842
766433
859185
832973
719520
659396
712355
786950
770115
674761
614276
648722
710206
699162
615995
554898
575569
626891
619504
545032
483329
493256
536176
531063
463250
401156
402332
437895
434240
372018
309813
303516
332546
329942
272631
210465
197701
221028
219388
166463
104431
86128
104620
103982
54985
-6755
-29671
-15224
-14784
-60090
-121290
-147984
-136870
-135326
-177040
-237234
-266820
-258512
-255800
-293813
-352414
-384154
-378221
-374237
-408251
-464695
-497951
-493965
-488387
-518116
-571937
-606198
-603615
-596030
-621170
-672035
-706752
-705001
-695043
-715366
-762930
-797557
-796102
-783445
-798756
-842672
-876609
-874964
-859439
-869612
-909397
-942095
-939953
-921552
-926379
-961566
-992545
-989756
-968407
-967669
-997922
-1026935
-1023368
-998944
-992458
-1017593
-1044520
-1040076
-1012464
-1000153
-1020121
-1044898
-1039515
-1008697
-990614
-1005447
-1027986
-1021630
-987765
-964134
-973857
-994097
-986849
-950259
-921365
-925964
-943871
-935998
-897190
-863232
-862774
-878492
-870358
-829699
-790968
-785555
-799343
-791469
-749386
-706080
-695937
-708181
-701015
-657922
-610368
-595800
-606936
-600950
-557284
-505895
-487262
-497572
-493216
-449588
-394850
-372432
-382145
-379878
-337004
-279491
-253425
-262729
-263187
-221811
-161870
-132206
-141409
-145371
-106215
-44030
-10753
-20228
-28463
7816
72085
109046
98924
85589
118377
184748
225433
214366
195200
223890
292129
336789
324645
299010
322757
392700
441781
428739
395743
413416
485079
539565
525878
484124
494329
568164
629649
615516
563101
564109
640957
711832
697629
631763
621133
702511
786428
772683
689295
663452
751566
854368
842316
734933
687586
786126
918508
911124
767419
685100
801234
987895
993560
782946
628448
780417
1098525
1152351
761171
347656
595296
1683901
2942050
3384353
2642560
1326684
432538
419487
901013
1188178
1019833
705935
644412
851187
1020004
945018
751046
689599
811518
931640
889564
747649
687066
766128
858861
833119
719934
659460
712010
786785
770369
675043
614205
648463
710208
699458
616167
554776
575429
626970
619699
545105
483264
493233
536225
531093
463329
401255
402369
437835
434169
372149
310014
303555
332407
329899
272827
210649
197658
220884
219442
166681
104540
86040
104533
104095
55169
-6721
-29750
-15226
-14637
-59952
-121307
-148010
-136826
-135214
-176977
-237187
-266769
-258489
-255828
-293807
-352279
-384034
-378251
-374315
-408198
-464522
-497889
-494053
-488436
-517990
-571773
-606185
-603711
-596032
-621017
-671930
-706809
-705064
-694974
-715223
-762880
-797623
-796100
-783360
-798682
-842638
-876598
-874918
-859441
-869644
-909374
-941974
-939917
-921642
-926419
-961482
-992424
-989787
-968528
-967681
-997808
-1026866
-1023452
-999028
-992404
-1017483
-1044516
-1040184
-1012516
-1000069
-1020041
-1044954
-1039607
-1008689
-990563
-1005420
-1028051
-1021657
-987764
-964149
-973887
-994063
-986795
-950335
-921459
-925993
-943813
-935994
-897290
-863358
-862755
-878384
-870393
-829841
-791024
-785463
-799277
-791578
-749519
-706048
-695833
-708220
-701189
-658009
-610327
-595778
-607006
-601081
-557344
-505884
-487315
-497627
-493207
-449590
-394970
-372561
-382132
-379819
-337091
-279671
-253492
-262624
-263148
-221990
-162039
-132169
-141284
-145405
-106412
-44113
-10640
-20141
-28606
7616
72085
109161
98923
85433
118268
184742
225462
214280
195178
223925
292054
336624
324620
299153
322826
392517
441556
428809
395940
413384
484815
539432
526046
484270
494155
567895
629703
615796
563110
563788
640766
712057
697858
631633
620825
702468
786602
772735
689179
663459
751657
854215
842056
735071
687977
786117
917974
910854
767891
685635
800889
987085
993608
783912
628805
779387
1097542
1153208
763087
347762
592496
1680644
2941528
3386673
2644968
1327222
432017
419410
901315
1188053
1019556
706283
645030
851025
1019227
944820
751747
690144
811136
930987
889682
748272
687227
765667
858567
833460
720329
659311
711629
786826
770790
675208
613907
648260
710428
699751
616126
554552
575417
627144
619746
545062
483335
493360
536165
530954
463377
401534
402476
437645
434051
372322
310266
303523
332226
329921
273044
210771
197528
220785
219614
166879
104519
85882
104533
104328
55316
-6779
-29836
-15119
-14503
-59952
-121305
-147943
-136743
-135273
-177009
-237056
-266589
-258486
-255963
-293771
-352082
-383916
-378345
-374397
-408087
-464337
-497862
-494163
-488422
-517797
-571669
-606285
-603775
-595901
-620856
-671922
-706900
-705093
-694858
-715141
-762913
-797605
-796046
-783338
-798729
-842613
-876463
-874850
-859543
-869719
-909256
-941829
-939926
-921746
-926426
-961325
-992338
-989872
-968595
-967584
-997655
-1026886
-1023612
-999047
-992246
-1017407
-1044625
-1040301
-1012454
-999961
-1020071
-1045022
-1039611
-1008635
-990578
-1005493
-1027996
-1021557
-987792
-964306
-973904
-993940
-986757
-950463
-921607
-925935
-943674
-936028
-897455
-863401
-862637
-878336
-870540
-829993
-790980
-785359
-799343
-791750
-749586
-705971
-695804
-708335
-701300
-657987
-610288
-595851
-607056
-601015
-557310
-506025
-487454
-497572
-493068
-449645
-395185
-372640
-382003
-379736
-337221
-279830
-253440
-262506
-263225
-222202
-162097
-132021
-141223
-145591
-106617
-44055
-10484
-20197
-28786
7517
72155
109151
98802
85407
118383
184706
225215
214208
195360
224032
291861
336367
324668
299380
322779
392220
441452
429013
396054
413148
484559
539557
526336
484191
493772
567780
629980
615988
562878
563484
640838
712276
697786
631459
620937
702648
786394
772361
689296
663925
751686
853640
841785
735554
688464
785767
917297
910997
768656
685700
800027
986690
994509
784786
628031
777806
1097643
1155328
764446
346187
589481
1679378
2942413
3387524
2644925
1327844
433942
420599
900200
1186155
1019445
707854
645859
850156
1018214
945144
752715
690214
810393
930742
890255
748678
686836
765195
858820
834033
720312
658765
711473
787255
771098
674975
613636
648362
710638
699682
615985
554716
575633
627000
619462
545126
483684
493441
535871
530785
463640
401802
402372
437397
434093
372605
310322
303288
332127
330157
273251
210623
197330
220896
219872
166942
104327
85825
104703
104430
55229
-6814
-29693
-15045
-14633
-60020
-121140
-147725
-136816
-135463
-176975
-236832
-266502
-258646
-256048
-293615
-351925
-383989
-378469
-374305
-407865
-464304
-498052
-494213
-488211
-517654
-571759
-606413
-603713
-595762
-620826
-671995
-706856
-704947
-694872
-715259
-762888
-797427
-795964
-783492
-798842
-842487
-876271
-874897
-859702
-869711
-909107
-941779
-940050
-921801
-926283
-961211
-992446
-990036
-968535
-967408
-997646
-1027036
-1023643
-998928
-992167
-1017492
-1044694
-1040225
-1012382
-1000048
-1020153
-1044935
-1039469
-1008703
-990768
-1005511
-1027833
-1021509
-987964
-964409
-973810
-993846
-986827
-950599
-921575
-925790
-943702
-936204
-897518
-863257
-862519
-878456
-870715
-829967
-790826
-785350
-799478
-791776
-749497
-705996
-695932
-708350
-701141
-657952
-610499
-596005
-606955
-600845
-557384
-506245
-487481
-497423
-493049
-449820
-395291
-372507
-381890
-379901
-337432
-279780
-253261
-262527
-263451
-222301
-161937
-131907
-141373
-145744
-106537
-43972
-10622
-20326
-28668
7715
72038
108881
98778
85658
118449
184453
225034
214351
195564
223907
291603
336414
324920
299377
322485
392104
441714
429218
395798
412814
484654
539899
526335
483885
493708
567996
630013
615713
562813
563809
640991
711867
697468
631761
621405
702486
785838
772307
689820
664112
751181
853293
842212
736021
688065
785060
917545
911944
768766
684609
799380
987640
995644
784292
626716
777844
1098900
1155504
763107
345761
591202
1680576
2940381
3384110
2644426
1331052
436922
420180
897880
1185432
1020820
708800
645057
849171
1018655
946173
752594
689209
810131
931583
890829
748128
686155
765409
859428
834015
719861
658808
711882
787232
770661
674942
614133
648598
710224
699297
616261
555174
575571
626609
619428
545495
483834
493167
535715
531041
463871
401616
402074
437524
434471
372658
309991
303167
332414
330388
273110
210477
197450
221059
219770
166777
104489
86086
104660
104144
55195
-6520
-29519
-15227
-14804
-59899
-120930
-147792
-136994
-135412
-176748
-236802
-266719
-258720
-255818
-293428
-352061
-384191
-378404
-374075
-407856
-464455
-498048
-494053
-488191
-517797
-571764
-606196
-603624
-595930
-620993
-671863
-706635
-704982
-695055
-715271
-762702
-797344
-796105
-783579
-798689
-842367
-876399
-875040
-859617
-869473
-909099
-941976
-940145
-921639
-926161
-961333
-992572
-989945
-968432
-967473
-997772
-1026959
-1023493
-998972
-992361
-1017491
-1044472
-1040123
-1012568
-1000205
-1020051
-1044773
-1039522
-1008876
-990737
-1005345
-1027829
-1021692
-988013
-964237
-973697
-993995
-987021
-950523
-921371
-925805
-943851
-936243
-897402
-863233
-862664
-878505
-870564
-829886
-791009
-785529
-799352
-791581
-749547
-706214
-695974
-708147
-701069
-658124
-610595
-595870
-606838
-600983
-557560
-506166
-487289
-497469
-493324
-449927
-395074
-372376
-382067
-380078
-337340
-279644
-253351
-262687
-263365
-222117
-162023
-132194
-141402
-145471
-106438
-44246
-10826
-20179
-28477
7613
71817
108905
98998
85637
118170
184381
225316
214511
195294
223609
291770
336726
324882
299033
322412
392371
441786
428966
395734
413089
484772
539540
526026
484153
494120
567868
629529
615659
563256
563975
640602
711630
697806
632060
621062
702034
786120
772931
689709
663350
750979
854034
842695
735458
687391
785395
918209
911662
768046
684895
800376
987452
994197
783900
628377
779204
1097611
1153151
763173
348329
592504
1678520
2937864
3384816
2647375
1332014
434634
418074
898910
1187917
1021232
706937
643926
850159
1019804
945767
751696
689397
810895
931440
890052
748174
686999
765681
858687
833469
720371
659459
711670
786629
770666
675462
614251
648199
710080
699695
616514
554824
575207
626858
619893
545396
483344
493076
536126
531247
463624
401425
402308
437708
434278
372424
310206
303476
332295
330006
273117
210843
197598
220800
219568
166946
104698
85975
104451
104244
55433
-6578
-29785
-15273
-14512
-59756
-121167
-148007
-136832
-135164
-176797
-237001
-266690
-258530
-255817
-293640
-352066
-383960
-378334
-374305
-408009
-464296
-497835
-494129
-488416
-517785
-571562
-606174
-603785
-595979
-620814
-671756
-706818
-705117
-694917
-715068
-762766
-797593
-796127
-783341
-798598
-842516
-876507
-874916
-859514
-869599
-909215
-941868
-939948
-921720
-926395
-961298
-992327
-989890
-968631
-967602
-997633
-1026836
-1023594
-999107
-992287
-1017351
-1044545
-1040322
-1012557
-999989
-1019974
-1044995
-1039666
-1008711
-990563
-1005413
-1027997
-1021649
-987871
-964265
-973872
-993966
-986800
-950501
-921615
-925923
-943690
-936058
-897503
-863437
-862625
-878314
-870545
-830058
-791045
-785343
-799291
-791778
-749666
-706062
-695780
-708289
-701335
-658105
-610362
-595823
-607054
-601090
-557407
-506057
-487433
-497578
-493132
-449735
-395230
-372643
-382016
-379796
-337309
-279905
-253473
-262489
-263218
-222255
-162191
-132077
-141203
-145593
-106691
-44170
-10523
-20125
-28789
7426
72054
109160
98837
85375
118256
184609
225220
214248
195333
223937
291792
336361
324706
299382
322720
392133
441404
429054
396099
413097
484453
539516
526374
484233
493709
567661
629935
616058
562943
563409
640727
712211
697860
631529
620883
702480
786347
772468
689404
663870
751519
853544
841874
735700
688425
785540
917178
911141
768868
685676
799744
986545
994742
785113
627935
777363
1097426
1155711
765050
346229
588566
1677891
2941281
3387509
2646139
1329458
434813
420325
899407
1185874
1019884
708305
645767
849747
1018084
945442
752963
690084
810117
930719
890498
748806
686702
765038
858879
834203
720349
658683
711417
787296
771143
675024
613687
648368
710581
699630
616097
554845
575630
626894
619437
545265
483790
493398
535775
530811
463778
401851
402289
437356
434195
372722
310302
303199
332172
330268
273305
210593
197277
220947
219951
166958
104346
85864
104732
104406
55243
-6723
-29610
-15097
-14701
-59962
-121018
-147713
-136891
-135477
-176888
-236758
-266531
-258694
-256000
-293522
-351902
-384051
-378498
-374212
-407797
-464321
-498104
-494199
-488152
-517626
-571756
-606385
-603690
-595780
-620881
-671954
-706762
-704952
-694941
-715279
-762793
-797337
-796006
-783555
-798809
-842406
-876263
-874961
-859710
-869620
-909032
-941835
-940129
-921772
-926200
-961214
-992514
-990061
-968481
-967368
-997692
-1027074
-1023618
-998897
-992218
-1017514
-1044630
-1040170
-1012463
-1000151
-1020115
-1044834
-1039463
-1008791
-990792
-1005439
-1027785
-1021558
-988023
-964373
-973734
-993867
-986940
-950629
-921484
-925744
-943775
-936275
-897481
-863193
-862543
-878529
-870707
-829906
-790874
-785439
-799453
-791668
-749486
-706128
-696011
-708264
-701079
-658049
-610599
-595977
-606872
-600860
-557493
-506261
-487376
-497382
-493166
-449922
-395208
-372386
-381953
-380041
-337466
-279674
-253224
-262634
-263515
-222222
-161934
-132060
-141430
-145605
-106450
-44105
-10768
-20283
-28513
7710
71887
108827
98897
85738
118330
184334
225138
214498
195468
223710
291616
336603
324958
299148
322333
392252
441874
429101
395643
412900
484793
539773
526114
483984
493990
567998
629706
615581
563086
564033
640789
711582
697564
632029
621330
702167
785841
772692
689925
663691
750912
853680
842673
735765
687423
785081
918177
912115
768204
684411
799981
987873
994836
783701
627589
779052
1098399
1153683
762557
347501
592921
1679844
2938262
3383573
2646062
1332324
436021
418611
898034
1187026
1021456
707675
643999
849663
1019743
946166
751733
688956
810732
931818
890329
747894
686643
765765
858989
833488
720108
659359
711862
786731
770492
675314
614380
648357
709995
699487
616497
555016
575271
626694
619774
545514
483464
493015
536033
531296
463676
401329
402182
437754
434413
372437
310049
303409
332385
330070
273037
210741
197631
220879
219531
166854
104694
86051
104479
104152
55374
-6506
-29704
-15302
-14611
-59758
-121083
-148008
-136921
-135176
-176754
-237030
-266759
-258545
-255757
-293603
-352127
-384035
-378286
-374238
-408038
-464357
-497837
-494088
-488391
-517836
-571614
-606132
-603755
-596014
-620881
-671776
-706743
-705116
-694980
-715115
-762730
-797555
-796149
-783385
-798571
-842527
-876535
-874948
-859488
-869571
-909242
-941923
-939974
-921678
-926373
-961363
-992362
-989839
-968569
-967621
-997675
-1026813
-1023546
-999101
-992340
-1017367
-1044511
-1040276
-1012565
-1000036
-1019979
-1044945
-1039675
-1008739
-990547
-1005386
-1028028
-1021703
-987840
-964202
-973848
-993996
-986840
-950458
-921556
-925943
-943717
-936025
-897447
-863442
-862682
-878327
-870512
-830023
-791060
-785402
-799286
-791708
-749654
-706074
-695776
-708252
-701313
-658125
-610345
-595788
-607055
-601088
-557395
-506029
-487406
-497606
-493159
-449701
-395181
-372630
-382022
-379765
-337248
-279878
-253497
-262521
-263189
-222179
-162170
-132102
-141198
-145546
-106646
-44173
-10535
-20140
-28780
7459
72079
109168
98862
85365
118284
184666
225265
214244
195316
223971
291855
336396
324665
299341
322766
392210
441416
428993
396070
413164
484519
539499
526333
484233
493790
567713
629931
616015
562939
563454
640785
712238
697849
631488
620873
702548
786390
772436
689344
663886
751597
853597
841807
735611
688449
785671
917265
911053
768729
685683
799898
986645
994625
784915
627950
777603
1097614
1155554
764629
346079
589164
1679023
2942115
3387355
2645090
1328400
434463
420639
899795
1185882
1019591
708147
645862
849902
1018095
945298
752848
690112
810238
930794
890424
748665
686673
765139
858952
834116
720208
658686
711529
787363
771056
674886
613684
648465
710616
699555
615994
554860
575682
626892
619394
545223
483788
493413
535780
530789
463732
401816
402299
437399
434208
372659
310232
303216
332215
330279
273246
210515
197310
220999
219915
166856
104321
85898
104746
104321
55151
-6722
-29574
-15083
-14736
-60040
-121050
-147698
-136896
-135507
-176926
-236790
-266551
-258699
-255974
-293527
-351960
-384088
-378477
-374193
-407822
-464422
-498133
-494146
-488157
-517721
-571825
-606353
-603637
-595807
-620939
-671998
-706740
-704933
-694972
-715336
-762834
-797358
-796010
-783565
-798834
-842433
-876297
-874990
-859687
-869600
-909101
-941895
-940128
-921732
-926199
-961290
-992572
-990004
-968418
-967401
-997745
-1027072
-1023537
-998898
-992297
-1017543
-1044580
-1040119
-1012461
-1000190
-1020157
-1044817
-1039431
-1008793
-990784
-1005427
-1027818
-1021593
-987996
-964316
-973723
-993924
-986956
-950566
-921411
-925767
-943844
-936241
-897397
-863160
-862612
-878558
-870616
-829839
-790901
-785507
-799420
-791582
-749439
-706133
-696006
-708219
-701023
-658015
-610577
-595927
-606847
-600875
-557461
-506167
-487320
-497420
-493203
-449849
-395074
-372351
-382017
-380054
-337328
-279579
-253283
-262690
-263411
-222057
-161898
-132125
-141434
-145487
-106342
-44117
-10820
-20260
-28460
7738
71897
108857
98924
85707
118315
184442
225277
214483
195354
223720
291830
336753
324857
299058
322454
392444
441868
428948
395665
413134
484916
539619
525963
484076
494192
568040
629601
615568
563157
564070
640800
711645
697645
631975
621194
702230
786130
772773
689625
663438
751162
854106
842592
735312
687427
785617
918348
911544
767772
684870
800677
987715
994000
783442
628331
779745
1098075
1152793
762227
348017
593781
1680915
2939643
3384533
2645260
1329720
433730
418702
899851
1188039
1020575
706461
644162
850671
1019875
945376
751429
689576
811200
931460
889801
747976
687072
765875
858716
833301
720201
659455
711787
786689
770565
675273
614154
648273
710191
699646
616297
554714
575312
626995
619822
545195
483277
493231
536198
531083
463410
401404
402415
437745
434118
372280
310178
303529
332285
329900
273002
210779
197586
220812
219550
166849
104573
85948
104522
104266
55316
-6765
-29825
-15172
-14508
-59927
-121302
-147960
-136766
-135252
-176998
-237080
-266604
-258490
-255938
-293765
-352120
-383944
-378320
-374377
-408097
-464358
-497869
-494146
-488430
-517834
-571684
-606252
-603777
-595921
-620841
-671918
-706911
-705066
-694859
-715167
-762943
-797614
-796013
-783353
-798768
-842643
-876460
-874835
-859561
-869746
-909262
-941826
-939930
-921771
-926456
-961347
-992363
-989903
-968605
-967562
-997673
-1026937
-1023614
-999005
-992224
-1017451
-1044676
-1040287
-1012388
-999942
-1020132
-1045041
-1039546
-1008607
-990640
-1005556
-1027964
-1021507
-987817
-964346
-973913
-993911
-986713
-950459
-921607
-925921
-943673
-936032
-897440
-863330
-862586
-878376
-870591
-829941
-790864
-785326
-799411
-791791
-749476
-705898
-695853
-708392
-701199
-657872
-610332
-595957
-607041
-600875
-557242
-506088
-487513
-497517
-492990
-449656
-395218
-372587
-381927
-379745
-337259
-279772
-253310
-262502
-263319
-222176
-161914
-131925
-141338
-145709
-106500
-43879
-10496
-20334
-28741
7759
72218
108983
98683
85601
118577
184658
225077
214234
195549
224103
291792
336380
324797
299409
322677
392247
441678
429131
395858
412965
484765
539906
526289
483860
493758
568160
630128
615660
562682
563850
641220
712033
697360
631549
621458
702772
785982
772118
689588
664223
751533
853419
841945
735757
688204
785462
917677
911637
768411
684719
799876
987909
995307
783685
626642
778565
1099558
1155056
761737
345287
593103
1684130
2942955
3383563
2641280
1327826
435765
421057
899083
1185593
1020050
708159
645239
849827
1018905
945744
752063
689229
810640
931835
890496
747693
686188
765832
859570
833661
719538
658911
712152
787244
770368
674732
614200
648760
710239
699128
616084
555128
575643
626678
619364
545299
483686
493217
535853
531017
463636
401402
402151
437708
434400
372358
309837
303294
332510
330205
272848
210420
197580
221089
219558
166565
104444
86138
104647
104017
55052
-6615
-29570
-15264
-14846
-60018
-121104
-147880
-136940
-135355
-176912
-237070
-266789
-258594
-255768
-293639
-352312
-384190
-378282
-374165
-408116
-464611
-497982
-493984
-488338
-518013
-571852
-606165
-603626
-596041
-621105
-671941
-706714
-705021
-695059
-715314
-762847
-797497
-796111
-783462
-798704
-842571
-876570
-874968
-859473
-869576
-909349
-942061
-939987
-921577
-926366
-961502
-992501
-989782
-968457
-967665
-997847
-1026896
-1023420
-998984
-992445
-1017536
-1044494
-1040141
-1012516
-1000130
-1020070
-1044913
-1039552
-1008708
-990587
-1005437
-1028034
-1021662
-987766
-964136
-973867
-994078
-986827
-950299
-921444
-925985
-943831
-935977
-897249
-863341
-862757
-878396
-870387
-829815
-791020
-785496
-799299
-791538
-749460
-706029
-695838
-708222
-701163
-657975
-610267
-595789
-607025
-601031
-557273
-505858
-487349
-497644
-493166
-449525
-394957
-372567
-382120
-379757
-337027
-279645
-253485
-262625
-263116
-221938
-162002
-132141
-141279
-145401
-106374
-44015
-10549
-20167
-28668
7638
72222
109225
98825
85402
118411
184891
225387
214167
195258
224132
292127
336496
324539
299260
322965
392515
441488
428814
396003
413395
484808
539531
526135
484197
494032
567994
629950
615823
562844
563628
641053
712348
697722
631303
620968
702888
786610
772248
689025
663932
752055
853902
841530
735143
688516
786290
917621
910640
768104
685783
800712
987088
994027
783988
628048
778824
1098450
1154682
762725
345580
591893
1683942
2945802
3386873
2640733
1323604
432571
421915
901728
1186137
1018371
707224
646266
850888
1018340
944611
752210
690290
810854
930963
889948
748180
686743
765587
859136
833774
719804
658678
711869
787523
770793
674516
613651
648739
710730
699313
615646
554807
575891
627001
619181
544910
483699
493563
535879
530627
463443
401669
402390
437504
434080
372374
310037
303285
332325
330165
272955
210336
197355
221112
219788
166561
104132
85963
104815
104197
54885
-6906
-29545
-15048
-14859
-60254
-121215
-147716
-136858
-135590
-177136
-236988
-266600
-258653
-256014
-293729
-352211
-384184
-378399
-374207
-408060
-464657
-498168
-494057
-488179
-517951
-572052
-606380
-603570
-595847
-621167
-672171
-706755
-704871
-695030
-715492
-762984
-797418
-795985
-783564
-798927
-842608
-876412
-874956
-859613
-869678
-909290
-942025
-940067
-921617
-926268
-961474
-992650
-989895
-968351
-967525
-997932
-1027088
-1023409
-998828
-992414
-1017695
-1044596
-1040009
-1012382
-1000232
-1020230
-1044852
-1039388
-1008693
-990751
-1005489
-1027888
-1021549
-987821
-964207
-973800
-994036
-986873
-950333
-921310
-925891
-943914
-936098
-897173
-863114
-862740
-878570
-870413
-829636
-790891
-785595
-799400
-791417
-749284
-706071
-696005
-708191
-700927
-657840
-610402
-595887
-606899
-600852
-557260
-505917
-487261
-497529
-493205
-449576
-394808
-372380
-382153
-379921
-336991
-279408
-253381
-262768
-263226
-221776
-161790
-132201
-141446
-145337
-106112
-43944
-10752
-20251
-28429
7902
72163
109034
98882
85612
118471
184808
225445
214300
195186
223976
292235
336799
324603
299018
322853
392789
441738
428673
395748
413509
485150
539548
525835
484137
494405
568232
629687
615519
563034
564076
641084
712005
697634
631582
621061
702727
786687
772563
688974
663502
751982
854485
841890
734662
687947
786630
918356
910548
767287
685634
801643
987631
993099
782927
628735
780549
1098517
1152428
761086
347148
595228
1685743
2945387
3386096
2640339
1322232
430207
420894
903255
1188073
1018150
705523
645653
851975
1019224
944037
751286
690436
811682
931080
889238
747876
687295
766039
858779
833225
719880
659163
711937
787138
770625
674708
613713
648565
710747
699509
615612
554449
575771
627300
619393
544623
483341
493632
536187
530615
463080
401547
402612
437629
433840
372108
310144
303491
332249
329863
272824
210476
197457
220944
219635
166583
104134
85850
104766
104298
54899
-7107
-29725
-14969
-14726
-60386
-121463
-147783
-136710
-135540
-177347
-237153
-266531
-258534
-256134
-293974
-352237
-384033
-378394
-374394
-408185
-464609
-498107
-494129
-488284
-517933
-572059
-606502
-603652
-595799
-621114
-672303
-706938
-704878
-694894
-715525
-763192
-797525
-795878
-783482
-799043
-842764
-876396
-874831
-859654
-869854
-909371
-941918
-939968
-921721
-926417
-961492
-992601
-989927
-968396
-967504
-997917
-1027172
-1023486
-998766
-992289
-1017721
-1044739
-1040014
-1012232
-1000168
-1020349
-1044957
-1039300
-1008560
-990791
-1005631
-1027865
-1021369
-987759
-964327
-973888
-993921
-986731
-950334
-921415
-925889
-943832
-936091
-897171
-863048
-862637
-878593
-870504
-829545
-790712
-785526
-799513
-791453
-749115
-705905
-696049
-708309
-700866
-657662
-610345
-595995
-606938
-600686
-557114
-505971
-487370
-497486
-493029
-449517
-394851
-372355
-382071
-379888
-336988
-279280
-253205
-262752
-263339
-221721
-161542
-132057
-141552
-145455
-105967
-43712
-10735
-20405
-28419
8142
72306
108906
98770
85766
118708
184843
225311
214298
195389
224088
292230
336828
324696
299016
322786
392887
441996
428738
395556
413424
485422
539794
525703
483899
494483
568575
629789
615238
562891
564376
641387
711858
697297
631631
621471
702899
786400
772344
689139
663686
751957
854482
842080
734618
687611
786574
918883
910889
766797
685026
801987
988508
993099
781894
628306
781680
1099630
1151540
758975
346919
598316
1689496
2946174
3383709
2637584
1321273
430427
421006
903301
1188478
1018296
704824
645027
852411
1020119
944050
750428
690061
812265
931622
888924
747241
687280
766560
858909
832756
719576
659436
712289
786984
770196
674644
613986
648688
710554
699328
615638
554473
575712
627308
619482
544536
483120
493593
536372
530699
462870
401275
402664
437830
433786
371812
310015
303664
332358
329698
272599
210487
197608
220936
219418
166427
104201
85915
104687
104172
54867
-7134
-29817
-14989
-14671
-60424
-121646
-147908
-136629
-135468
-177462
-237361
-266581
-258428
-256129
-294157
-352402
-383992
-378288
-374482
-408406
-464677
-498010
-494104
-488402
-518077
-572088
-606464
-603684
-595845
-621145
-672351
-707038
-704916
-694831
-715515
-763316
-797640
-795855
-783391
-799092
-842926
-876450
-874732
-859598
-869959
-909498
-941914
-939875
-921719
-926548
-961564
-992530
-989848
-968426
-967594
-997948
-1027135
-1023496
-998744
-992274
-1017731
-1044826
-1040060
-1012146
-1000088
-1020400
-1045046
-1039261
-1008417
-990735
-1005739
-1027954
-1021299
-987642
-964345
-974006
-993927
-986601
-950251
-921446
-925939
-943768
-935970
-897130
-863078
-862639
-878551
-870493
-829518
-790624
-785484
-799556
-791512
-749006
-705757
-696024
-708404
-700861
-657490
-610226
-596030
-607004
-600614
-556921
-505908
-487472
-497503
-492875
-449353
-394837
-372419
-382038
-379774
-336898
-279267
-253176
-262714
-263321
-221697
-161435
-131929
-141566
-145517
-105907
-43536
-10661
-20502
-28464
8284
72495
108917
98645
85787
118921
184962
225225
214217
195498
224290
292279
336734
324667
299087
322864
392941
442070
428760
395486
413412
485557
539977
525693
483707
494475
568841
629963
615089
562701
564490
641704
711926
697016
631498
621727
703170
786312
772061
689129
663972
752146
854384
841925
734613
687645
786650
919069
910983
766541
684684
802153
989080
993230
781235
627782
782269
1100672
1151362
757434
346160
600242
1693041
2948101
3382279
2634468
1319314
430513
421832
903537
1188158
1018009
704721
645022
852607
1020437
943992
749976
689795
812576
932042
888821
746764
687171
766921
859146
832495
719189
659481
712608
787038
769910
674414
614106
648895
710475
699098
615529
554551
575797
627279
619370
544452
483036
493564
536443
530738
462718
401101
402670
437952
433790
371615
309845
303712
332487
329619
272378
210417
197705
220989
219304
166250
104149
85980
104697
104047
54733
-7174
-29817
-15006
-14715
-60505
-121769
-147971
-136611
-135458
-177549
-237510
-266651
-258358
-256107
-294280
-352534
-384008
-378239
-374522
-408548
-464789
-497999
-494060
-488490
-518237
-572168
-606451
-603673
-595919
-621221
-672430
-707083
-704905
-694842
-715557
-763398
-797720
-795848
-783352
-799129
-843043
-876522
-874689
-859547
-870028
-909618
-941929
-939803
-921699
-926638
-961668
-992519
-989774
-968420
-967658
-998026
-1027146
-1023441
-998749
-992285
-1017779
-1044858
-1040034
-1012111
-1000059
-1020461
-1045126
-1039264
-1008339
-990702
-1005797
-1027997
-1021247
-987534
-964318
-974092
-993957
-986502
-950152
-921443
-925999
-943775
-935882
-897050
-863074
-862661
-878545
-870425
-829435
-790575
-785464
-799578
-791483
-748908
-705653
-696028
-708444
-700830
-657354
-610121
-596061
-607053
-600538
-556760
-505809
-487493
-497530
-492786
-449205
-394779
-372466
-382042
-379668
-336759
-279173
-253183
-262720
-263281
-221585
-161301
-131884
-141596
-145505
-105794
-43370
-10615
-20567
-28452
8429
72666
108948
98572
85802
119085
185123
225233
214127
195508
224464
292399
336725
324581
299129
323029
393100
442103
428722
395467
413485
485745
540083
525611
483609
494554
569041
630048
614969
562560
564604
641964
711999
696860
631366
621867
703452
786359
771854
688990
664128
752410
854437
841710
734426
687741
786945
919248
910840
766237
684668
802536
989451
993046
780649
627604
782917
1101418
1151031
756096
345604
602021
1696450
2950512
3381640
2631403
1316396
429673
422746
904538
1188117
1017278
704286
645287
853113
1020544
943627
749585
689842
812949
932219
888561
746418
687176
767234
859291
832289
718913
659481
712838
787126
769700
674167
614097
649065
710555
698927
615322
554540
575910
627321
619246
544274
482972
493660
536540
530626
462523
401009
402747
438025
433715
371448
309753
303766
332538
329536
272197
210298
197738
221025
219214
166094
104051
86007
104714
103973
54574
-7281
-29815
-14969
-14769
-60633
-121868
-147977
-136571
-135503
-177707
-237646
-266669
-258334
-256138
-294427
-352693
-384030
-378186
-374544
-408682
-464919
-498027
-494022
-488497
-518349
-572268
-606475
-603634
-595936
-621355
-672538
-707114
-704893
-694831
-715654
-763528
-797773
-795810
-783344
-799217
-843178
-876565
-874654
-859539
-870115
-909729
-941967
-939763
-921659
-926667
-961764
-992580
-989726
-968384
-967684
-998105
-1027178
-1023390
-998686
-992312
-1017876
-1044893
-1039990
-1012031
-1000059
-1020521
-1045153
-1039187
-1008266
-990702
-1005861
-1028024
-1021181
-987461
-964313
-974127
-993983
-986465
-950070
-921417
-926047
-943817
-935821
-896935
-863025
-862715
-878575
-870348
-829313
-790496
-785500
-799601
-791390
-748783
-705600
-696061
-708467
-700752
-657224
-610051
-596077
-607069
-600487
-556645
-505715
-487490
-497547
-492737
-449090
-394655
-372425
-382087
-379655
-336617
-279044
-253152
-262768
-263246
-221410
-161183
-131913
-141636
-145451
-105631
-43260
-10614
-20587
-28397
8572
72772
108957
98526
85817
119212
185265
225275
214086
195504
224561
292598
336812
324525
299064
323137
393299
442162
428588
395418
413674
485954
540081
525484
483578
494728
569250
630068
614843
562530
564720
642129
712058
696753
631256
621927
703679
786531
771768
688760
664122
752724
854684
841552
734068
687774
787401
919494
910478
765798
684839
803133
989652
992520
780080
627830
783735
1101789
1150330
754979
345457
603700
1699388
2952868
3381615
2628819
1313086
428030
423514
906102
1188513
1016331
703462
645599
853917
1020637
943002
749230
690167
813364
932138
888146
746215
687344
767452
859292
832084
718742
659483
712961
787238
769625
673937
613991
649194
710732
698871
615043
554377
576061
627505
619122
543982
482899
493826
536596
530457
462309
401018
402868
438049
433545
371263
309728
303823
332553
329450
272057
210208
197727
221067
219199
165947
103874
85967
104823
103979
54394
-7487
-29796
-14854
-14807
-60857
-121992
-147923
-136538
-135606
-177894
-237733
-266612
-258317
-256234
-294537
-352761
-384053
-378188
-374575
-408778
-465054
-498115
-494025
-488480
-518443
-572453
-606560
-603582
-595875
-621452
-672722
-707167
-704800
-694844
-715799
-763662
-797758
-795748
-783373
-799352
-843250
-876558
-874616
-859552
-870184
-909809
-942014
-939764
-921643
-926695
-961862
-992652
-989710
-968282
-967678
-998208
-1027274
-1023342
-998573
-992359
-1018016
-1044927
-1039868
-1011969
-1000150
-1020617
-1045116
-1039087
-1008228
-990749
-1005901
-1028022
-1021134
-987405
-964282
-974140
-994025
-986449
-949972
-921330
-926053
-943897
-935808
-896785
-862907
-862758
-878680
-870270
-829145
-790464
-785608
-799635
-791261
-748641
-705604
-696114
-708434
-700631
-657114
-609995
-596047
-607038
-600420
-556556
-505618
-487418
-497578
-492747
-448948
-394495
-372377
-382148
-379671
-336447
-278836
-253165
-262872
-263172
-221172
-161038
-131969
-141698
-145313
-105408
-43182
-10665
-20589
-28286
8724
72877
108998
98546
85836
119287
185442
225410
214062
195396
224626
292868
336949
324391
298937
323326
393595
442154
428377
395411
413950
486174
539983
525299
483644
494979
569395
630017
614774
562545
564815
642273
712180
696752
631092
621829
703886
786852
771745
688378
663977
753155
855111
841259
733547
687932
788102
919646
909799
765330
685346
803953
989623
991720
779641
628334
784511
1101892
1149680
754191
345329
604999
1702271
2956008
3382513
2626074
1308570
425559
424608
908432
1188943
1014852
702554
646417
854905
1020328
942100
749047
690769
813755
931868
887723
746167
687532
767558
859273
831990
718580
659348
713047
787477
769654
673626
613716
649354
711040
698808
614628
554201
576317
627691
618873
543635
482933
494084
536602
530148
462112
401088
403002
437980
433362
371168
309687
303792
332531
329418
271945
210016
197661
221182
219249
165759
103609
85956
104991
103976
54112
-7683
-29716
-14742
-14982
-61125
-122080
-147805
-136498
-135772
-178056
-237767
-266616
-258357
-256330
-294664
-352860
-384136
-378230
-374549
-408824
-465253
-498251
-493965
-488381
-518527
-572692
-606664
-603470
-595840
-621643
-672918
-707121
-704698
-694918
-716001
-763747
-797689
-795716
-783462
-799469
-843313
-876587
-874648
-859564
-870194
-909874
-942129
-939784
-921567
-926650
-961992
-992805
-989676
-968165
-967695
-998416
-1027358
-1023225
-998490
-992461
-1018155
-1044857
-1039738
-1011946
-1000264
-1020698
-1045064
-1039005
-1008202
-990785
-1005917
-1027998
-1021109
-987345
-964211
-974145
-994109
-986448
-949815
-921190
-926122
-944010
-935755
-896587
-862827
-862876
-878715
-870093
-828945
-790469
-785722
-799582
-791058
-748528
-705615
-696143
-708364
-700524
-657053
-609929
-595982
-607026
-600438
-556465
-505423
-487308
-497654
-492792
-448770
-394219
-372346
-382290
-379630
-336192
-278705
-253292
-262958
-262963
-220918
-160998
-132094
-141715
-145144
-105264
-43154
-10647
-20546
-28263
8769
72994
109162
98561
85712
119306
185706
225627
213932
195193
224784
293216
337023
324145
298897
323659
393844
442018
428169
395533
414280
486282
539845
525212
483755
495108
569433
630081
614838
562477
564726
642416
712522
696817
630749
621626
704287
787339
771560
687831
664085
753829
855273
840605
733164
688524
788802
919396
909025
765197
686009
804413
989343
991271
779619
628494
784589
1102173
1150087
753869
344158
604962
1705383
2960629
3384012
2622351
1303299
423876
426811
910263
1187971
1013107
702651
647746
855358
1019526
941424
749305
691258
813779
931646
887663
746130
687380
767572
859551
832114
718190
658899
713218
787973
769638
673047
613407
649726
711397
698484
614166
554301
576714
627655
618439
543441
483174
494277
536421
529882
462063
401148
402954
437922
433380
371106
309496
303662
332656
329544
271761
209685
197583
221416
219315
165449
103360
86062
105137
103784
53803
-7711
-29529
-14748
-15242
-61332
-122047
-147748
-136595
-135924
-178140
-237828
-266707
-258425
-256304
-294684
-353066
-384325
-378188
-374413
-408926
-465543
-498362
-493816
-488338
-518755
-572916
-606596
-603331
-595968
-621924
-672997
-706998
-704651
-695067
-716158
-763768
-797675
-795750
-783511
-799495
-843381
-876722
-874712
-859482
-870145
-910040
-942322
-939772
-921378
-926684
-962212
-992906
-989535
-968052
-967858
-998588
-1027282
-1023038
-998491
-992640
-1018239
-1044771
-1039646
-1011988
-1000306
-1020678
-1045073
-1039034
-1008162
-990679
-1005909
-1028146
-1021173
-987183
-964030
-974191
-994291
-986421
-949606
-921109
-926275
-944090
-935560
-896391
-862900
-863034
-878641
-869857
-828861
-790564
-785755
-799490
-790965
-748492
-705557
-696043
-708353
-700561
-656968
-609723
-595879
-607154
-600530
-556260
-505134
-487311
-497830
-492738
-448478
-394081
-372494
-382363
-379382
-335891
-278708
-253424
-262911
-262751
-220783
-161025
-132064
-141596
-145086
-105233
-43006
-10452
-20539
-28409
8788
73316
109412
98421
85526
119501
186083
225657
213672
195232
225186
293414
336788
323937
299140
324023
393896
441828
428118
395706
414405
486295
539944
525323
483675
494963
569611
630498
614906
562066
564511
642865
712997
696570
630238
621834
704961
787354
770861
687622
664754
754382
854874
839968
733264
689136
789000
919083
908855
765326
685950
804239
989732
991919
779301
627237
784342
1103931
1151502
752331
341490
606080
1710978
2964941
3382014
2616479
1299997
425245
429133
910145
1186326
1012484
703362
648303
855174
1019350
941534
749158
690836
813820
932281
887879
745417
686728
767978
860353
831997
717332
658666
713845
788305
769095
672545
613746
650244
711189
697889
614044
554674
576883
627403
618181
543447
483189
494175
536403
529962
461981
400825
402816
438170
433572
370819
309069
303691
332983
329548
271337
209478
197850
221546
218977
165086
103441
86304
105081
103469
53613
-7656
-29502
-14876
-15329
-61352
-122135
-147904
-136631
-135820
-178195
-238142
-266925
-258308
-256138
-294844
-353425
-384405
-377998
-374431
-409239
-465716
-498234
-493701
-488538
-519069
-572939
-606461
-603351
-596154
-622055
-673001
-707034
-704752
-695085
-716139
-763896
-797886
-795800
-783375
-799446
-843615
-876935
-874629
-859297
-870226
-910292
-942355
-939568
-921357
-926929
-962389
-992776
-989367
-968134
-968049
-998615
-1027194
-1023022
-998549
-992652
-1018219
-1044821
-1039732
-1011927
-1000171
-1020718
-1045266
-1039074
-1007963
-990536
-1006051
-1028308
-1021040
-986954
-964073
-974432
-994266
-986146
-949454
-921267
-926406
-943947
-935340
-896368
-862967
-862992
-878558
-869841
-828828
-790420
-785612
-799546
-791053
-748361
-705268
-695961
-708542
-700618
-656681
-609482
-595974
-607308
-600349
-555938
-505095
-487514
-497813
-492429
-448247
-394161
-372603
-382252
-379192
-335824
-278667
-253309
-262832
-262799
-220761
-160780
-131823
-141673
-145280
-105119
-42586
-10294
-20773
-28502
9108
73644
109258
98171
85702
119942
186172
225362
213586
195538
225462
293387
336713
324046
299233
324000
393956
442084
428271
395486
414228
486628
540404
525253
483206
494960
570197
630737
614445
561781
565020
643427
712733
695947
630339
622541
705219
786936
770559
687887
665072
754334
854844
840194
733257
688679
788925
919882
909474
764555
684795
804707
991344
992014
777438
626485
786450
1105713
1149464
748617
341917
611830
1716673
2965442
3378219
2612862
1298591
424805
428743
910550
1187501
1012736
702022
647216
856020
1020908
941442
747557
690214
814994
933209
887153
744414
687056
768934
860248
831050
717099
659401
714274
787815
768535
672654
614077
650197
710983
697886
614053
554439
576694
627610
618425
543192
482680
494154
536880
530092
461459
400447
403091
438472
433261
370325
309111
304071
332963
329079
271082
209668
198002
221371
218744
165036
103451
86202
104975
103535
53615
-7934
-29746
-14778
-15128
-61520
-122592
-148042
-136381
-135733
-178543
-238416
-266788
-258124
-256343
-295251
-353459
-384157
-377984
-374726
-409469
-465693
-498171
-493812
-488664
-519088
-573005
-606660
-603443
-596040
-622014
-673266
-707316
-704691
-694858
-716209
-764219
-798017
-795604
-783293
-799703
-843847
-876815
-874413
-859420
-870534
-910370
-942218
-939512
-921485
-927026
-962358
-992813
-989468
-968145
-967969
-998641
-1027393
-1023090
-998356
-992496
-1018373
-1045071
-1039655
-1011661
-1000173
-1020967
-1045330
-1038838
-1007810
-990724
-1006247
-1028192
-1020809
-986950
-964246
-974442
-994117
-986080
-949473
-921213
-926315
-943964
-935438
-896284
-862707
-862920
-878749
-869928
-828567
-790140
-785702
-799749
-790946
-748024
-705210
-696200
-708553
-700294
-656470
-609591
-596114
-607161
-600076
-555848
-505158
-487463
-497693
-492431
-448252
-393978
-372363
-382291
-379366
-335743
-278294
-253120
-263033
-262930
-220469
-160411
-131911
-141921
-145104
-104681
-42507
-10570
-20837
-28145
9436
73574
109111
98257
85900
119991
186191
225568
213739
195368
225331
293688
337154
323990
298842
324020
394490
442340
427898
395213
414634
487097
540207
524785
483357
495626
570378
630301
614211
562103
565361
643358
712609
696114
630410
622281
705184
787469
770952
687371
664393
754741
855834
840168
732192
688438
790043
920526
908387
763528
685799
806381
990962
989970
776875
628376
788033
1104763
1147419
748224
343233
613338
1718485
2968607
3380926
2611237
1292482
419706
429415
914729
1189131
1010416
699978
648279
857907
1020495
939691
747403
691634
815565
932192
886295
744811
687754
768817
859809
831048
717244
659170
714054
788118
768885
672281
613403
650247
711665
698029
613362
554017
577118
628064
618059
542596
482807
494679
536794
529476
461216
400796
403319
438189
432921
370331
309191
303945
332822
329137
271073
209365
197767
221547
218998
164849
102963
86076
105311
103593
53207
-8230
-29553
-14547
-15403
-61950
-122572
-147751
-136404
-136119
-178751
-238328
-266722
-258265
-256505
-295243
-353528
-384379
-378071
-374582
-409430
-465991
-498468
-493735
-488425
-519208
-573405
-606759
-603225
-595999
-622323
-673492
-707159
-704514
-695059
-716537
-764256
-797811
-795579
-783492
-799846
-843826
-876841
-874535
-859433
-870449
-910446
-942456
-939609
-921269
-926904
-962605
-993062
-989368
-967905
-968016
-998934
-1027440
-1022838
-998281
-992747
-1018564
-1044921
-1039425
-1011718
-1000376
-1020981
-1045184
-1038800
-1007883
-990690
-1006141
-1028236
-1020938
-986850
-963967
-974428
-994374
-986155
-949187
-920982
-926440
-944162
-935287
-895960
-862735
-863171
-878720
-869604
-828407
-790335
-785851
-799556
-790695
-747988
-705255
-696111
-708441
-700312
-656441
-609376
-595925
-607258
-600263
-555688
-504758
-487347
-497939
-492489
-447908
-393676
-372507
-382466
-379124
-335332
-278269
-253407
-263027
-262532
-220205
-160519
-132006
-141749
-144933
-104672
-42450
-10347
-20722
-28339
9351
73938
109515
98158
85572
120132
186699
225721
213392
195285
225795
294056
336891
323645
299111
324567
394531
441978
427823
395563
414881
487041
540216
524971
483360
495378
570462
630832
614401
561594
564981
643889
713320
695878
629692
622427
706058
787627
770101
687018
665300
755532
855268
839174
732391
689455
790307
919856
908085
763925
685867
805990
991241
990974
776719
626619
787333
1106992
1149677
746517
339651
614245
1725260
2974164
3378685
2603935
1288435
421828
432595
914203
1186551
1009694
701300
649086
857373
1020115
940027
747364
690973
815505
933107
886701
743836
686809
769351
860906
830888
716142
658907
714887
788507
768153
671661
613869
650907
711342
697255
613289
554536
577291
627651
617787
542687
482820
494469
536768
529681
461139
400322
403099
438563
433211
369925
308667
304053
333250
329044
270546
209178
198106
221690
218553
164435
103111
86383
105156
103187
53054
-8114
-29569
-14752
-15470
-61922
-122760
-148038
-136401
-135900
-178812
-238761
-266994
-258043
-256308
-295525
-353934
-384352
-377816
-374695
-409846
-466148
-498244
-493629
-488746
-519513
-573366
-606620
-603303
-596213
-622396
-673502
-707309
-704647
-694991
-716461
-764450
-798152
-795601
-783246
-799832
-844180
-877045
-874361
-859278
-870661
-910736
-942403
-939339
-921343
-927254
-962706
-992856
-989255
-968060
-968212
-998923
-1027366
-1022904
-998327
-992662
-1018557
-1045114
-1039549
-1011551
-1000154
-1021090
-1045478
-1038759
-1007575
-990599
-1006415
-1028363
-1020666
-986614
-964146
-974667
-994234
-985838
-949172
-921211
-926511
-943979
-935136
-895989
-862716
-863054
-878710
-869703
-828316
-790039
-785708
-799773
-790839
-747731
-704922
-696157
-708662
-700198
-656058
-609244
-596162
-607317
-599898
-555397
-504885
-487552
-497786
-492161
-447781
-393739
-372450
-382301
-379087
-335334
-278068
-253125
-263049
-262780
-220146
-160073
-131763
-141987
-145127
-104340
-42028
-10421
-21009
-28159
9881
74071
109156
98038
85983
120521
186648
225525
213505
195502
225822
294069
337117
323844
298922
324370
394885
442506
427789
395067
414847
487634
540499
524540
483047
495891
571075
630586
613790
561741
565765
644127
712761
695549
630089
622817
705945
787514
770338
687079
664863
755428
856044
839747
731640
688450
790841
921232
908039
762417
685513
807650
992226
989283
774871
628007
790413
1106925
1145782
743925
342168
619464
1728526
2974613
3378182
2602573
1284814
417443
431593
917482
1189595
1008621
698251
648604
859605
1021273
938608
746002
691770
816865
932716
885352
743763
687948
769793
860074
830232
716487
659364
714729
788232
768258
671713
613476
650678
711760
697651
612851
553834
577414
628303
617809
542006
482492
494908
537080
529223
460614
400533
403565
438411
432621
369756
308977
304183
332978
328817
270577
209165
197899
221624
218719
164393
102674
86110
105406
103436
52767
-8583
-29576
-14415
-15528
-62383
-122951
-147800
-136263
-136220
-179208
-238704
-266719
-258138
-256652
-295674
-353855
-384389
-377990
-374742
-409816
-466305
-498556
-493661
-488498
-519517
-573732
-606884
-603138
-596021
-622629
-673864
-707305
-704405
-695058
-716830
-764624
-797923
-795473
-783488
-800100
-844157
-876929
-874407
-859407
-870672
-910741
-942534
-939489
-921226
-927071
-962872
-993159
-989256
-967784
-968135
-999198
-1027548
-1022712
-998128
-992838
-1018804
-1045020
-1039266
-1011519
-1000424
-1021217
-1045278
-1038608
-1007659
-990723
-1006355
-1028305
-1020730
-986621
-963956
-974561
-994446
-985980
-948930
-920897
-926563
-944243
-935093
-895665
-862589
-863262
-878806
-869400
-828062
-790156
-785923
-799625
-790473
-747627
-705073
-696175
-708511
-700095
-656081
-609154
-595958
-607306
-600083
-555304
-504479
-487349
-498006
-492295
-447491
-393384
-372522
-382572
-378960
-334897
-277942
-253392
-263121
-262392
-219790
-160167
-131959
-141853
-144823
-104235
-42053
-10302
-20863
-28239
9777
74378
109555
97974
85613
120552
187164
225779
213196
195318
226236
294501
336948
323430
299098
324973
395029
442108
427581
395460
415255
487562
540361
524698
483173
495733
571075
631030
614049
561302
565358
644567
713501
695420
629344
622796
706807
787857
769587
686546
665621
756357
855590
838622
731710
689640
791305
920446
907470
762871
685864
807314
992305
990149
774876
626379
789589
1108977
1148104
742502
338558
620026
1735166
2980671
3376564
2595224
1280080
419099
435007
917302
1186861
1007634
699709
649682
859068
1020661
938868
746086
691168
816750
933602
885784
742820
686993
770315
861175
830098
715370
659091
715562
788653
767541
671045
613898
651353
711511
696856
612733
554383
577591
627898
617523
542106
482541
494735
537068
529415
460501
400031
403360
438815
432878
369349
308447
304286
333379
328724
270033
208971
198225
221749
218290
163982
102837
86414
105246
103040
52640
-8485
-29601
-14620
-15575
-62361
-123178
-148078
-136234
-135990
-179279
-239158
-266970
-257930
-256490
-295996
-354233
-384325
-377735
-374868
-410245
-466463
-498315
-493587
-488829
-519822
-573721
-606762
-603233
-596210
-622664
-673902
-707484
-704533
-694949
-716744
-764872
-798266
-795442
-783243
-800142
-844509
-877079
-874210
-859280
-870928
-911027
-942439
-939232
-921311
-927380
-962947
-992983
-989158
-967939
-968255
-999152
-1027554
-1022803
-998094
-992678
-1018836
-1045262
-1039377
-1011301
-1000232
-1021391
-1045516
-1038515
-1007377
-990706
-1006610
-1028345
-1020440
-986440
-964149
-974768
-994282
-985687
-948911
-921085
-926575
-944073
-935025
-895670
-862496
-863121
-878876
-869539
-827917
-789817
-785870
-799854
-790542
-747314
-704806
-696321
-708687
-699887
-655697
-609126
-596196
-607304
-599709
-555062
-504611
-487486
-497824
-492045
-447421
-393365
-372354
-382440
-379040
-334877
-277604
-253097
-263237
-262614
-219611
-159701
-131847
-142121
-144863
-103821
-41732
-10492
-21094
-27960
10281
74410
109261
97962
85995
120821
187091
225758
213348
195363
226152
294674
337361
323531
298731
324853
395518
442533
427334
395051
415478
488174
540430
524173
483066
496374
571536
630629
613535
561603
565994
644640
713124
695364
629610
622828
706696
788166
769969
686184
664961
756617
856622
838829
730671
689095
792308
921443
906710
761487
686345
809181
992488
988008
773687
628372
792053
1108150
1144948
741204
340584
623106
1737783
2983441
3378664
2593355
1273753
413600
435445
921682
1188886
1005356
697281
650510
861195
1020643
937077
745545
692528
817621
932679
884699
743135
687889
770333
860567
829912
715564
658978
715374
788933
767868
670663
613202
651435
712202
696974
612020
553942
578042
628337
617130
541472
482622
495260
537047
528808
460202
400371
403637
438518
432506
369305
308533
304173
333263
328792
269977
208624
197994
221962
218539
163709
102344
86373
105581
103037
52162
-8769
-29390
-14416
-15875
-62805
-123160
-147818
-136296
-136394
-179525
-239063
-266930
-258075
-256610
-296019
-354381
-384605
-377772
-374700
-410259
-466841
-498589
-493427
-488650
-520057
-574085
-606789
-603014
-596218
-623026
-674121
-707310
-704374
-695153
-717058
-764886
-798109
-795462
-783405
-800223
-844532
-877204
-874332
-859174
-870837
-911190
-942733
-939262
-921078
-927369
-963237
-993153
-988987
-967741
-968415
-999452
-1027502
-1022541
-998101
-992956
-1018959
-1045074
-1039205
-1011372
-1000346
-1021358
-1045469
-1038558
-1007359
-990545
-1006566
-1028536
-1020528
-986198
-963898
-974879
-994503
-985597
-948599
-920990
-926802
-944177
-934748
-895416
-862613
-863350
-878748
-869219
-827817
-789955
-785886
-799697
-790444
-747265
-704690
-696136
-708722
-700036
-655561
-608758
-596081
-607514
-599785
-554749
-504297
-487581
-498046
-491892
-447033
-393259
-372583
-382493
-378680
-334578
-277690
-253231
-263100
-262344
-219493
-159691
-131709
-142034
-144933
-103814
-41415
-10158
-21194
-28232
10435
74875
109411
97691
85913
121236
187470
225570
213035
195564
226674
294805
337032
323420
299095
325162
395493
442507
427475
395072
415368
488353
540888
524287
482656
496182
572036
631159
613292
561052
566186
645375
713246
694707
629337
623541
707339
787728
769229
686393
665770
756824
856177
838639
730906
689091
792139
921889
907310
761000
685204
809325
994098
988591
771969
626943
793613
1110654
1144032
737271
339586
628589
1745196
2985316
3373803
2587637
1272003
414558
435937
921484
1189222
1005621
696328
649472
861892
1022223
937070
743928
691786
818751
933739
884028
741944
688036
771363
860679
828965
715081
659609
715943
788484
767156
670700
613696
651492
711883
696826
612030
553768
577869
628570
617388
541143
482044
495255
537520
528862
459652
400003
403925
438845
432199
368791
308548
304540
333254
328302
269683
208814
198175
221769
218235
163625
102318
86230
105503
103133
52114
-9107
-29642
-14236
-15691
-63076
-123596
-147857
-136021
-136401
-179931
-239328
-266755
-257925
-256888
-296418
-354436
-384393
-377813
-374980
-410451
-466821
-498609
-493550
-488697
-520055
-574269
-607048
-603029
-596053
-623061
-674439
-707530
-704235
-695005
-717285
-765226
-798115
-795265
-783435
-800538
-844690
-877064
-874186
-859350
-871078
-911217
-942669
-939280
-921158
-927366
-963280
-993324
-989067
-967594
-968302
-999594
-1027744
-1022493
-997859
-992936
-1019218
-1045215
-1039015
-1011201
-1000494
-1021588
-1045406
-1038290
-1007292
-990747
-1006675
-1028389
-1020392
-986221
-963922
-974831
-994525
-985655
-948494
-920755
-926758
-944347
-934796
-895155
-862370
-863425
-878926
-869077
-827479
-789865
-786084
-799743
-790121
-747028
-704769
-696294
-708585
-699728
-655451
-608796
-596029
-607381
-599735
-554688
-504076
-487367
-498100
-492024
-446836
-392869
-372490
-382709
-378708
-334228
-277401
-253345
-263279
-262150
-219088
-159584
-131913
-142039
-144604
-103539
-41448
-10239
-21069
-28084
10490
75020
109659
97718
85726
121233
187870
225903
212872
195319
226895
295289
337108
323062
299027
325629
395846
442264
427148
395299
415872
488454
540595
524185
482881
496317
572056
631337
613461
560860
565945
645661
713848
694708
628733
623350
708011
788254
768756
685737
666133
757736
856179
837699
730571
690004
792957
921357
906350
761119
686000
809566
993859
988646
771960
626198
793250
1111993
1145523
736176
336908
629201
1751083
2991369
3373430
2581057
1266173
414463
439111
922600
1187310
1004033
697075
650847
861888
1021392
936810
744101
691690
818732
934227
884255
741237
687356
771764
861545
828871
714171
659308
716609
788927
766631
670041
613883
652088
711820
696187
611777
554143
578150
628297
617001
541110
482138
495190
537470
528933
459524
399650
403813
439108
432343
368419
308121
304617
333590
328227
269218
208609
198414
221908
217924
163235
102337
86469
105437
102786
51916
-9099
-29625
-14372
-15768
-63136
-123819
-148072
-135988
-136270
-180081
-239705
-266934
-257759
-256798
-296701
-354768
-384371
-377630
-375111
-410825
-466976
-498456
-493473
-488923
-520340
-574316
-606996
-603079
-596189
-623150
-674559
-707701
-704311
-694907
-717263
-765461
-798358
-795190
-783280
-800660
-845014
-877169
-874011
-859282
-871296
-911439
-942586
-939093
-921210
-927623
-963370
-993215
-988997
-967699
-968404
-999633
-1027799
-1022566
-997792
-992821
-1019300
-1045393
-1039000
-1010992
-1000409
-1021752
-1045567
-1038158
-1007078
-990785
-1006861
-1028407
-1020182
-986086
-964054
-974965
-994396
-985449
-948466
-920829
-926753
-944301
-934783
-895095
-862201
-863351
-879040
-869146
-827297
-789615
-786083
-799897
-790073
-746728
-704605
-696427
-708685
-699522
-655155
-608787
-596187
-607347
-599447
-554476
-504084
-487411
-497994
-491875
-446761
-392723
-372331
-382688
-378787
-334077
-277041
-253201
-263454
-262222
-218807
-159233
-131935
-142256
-144499
-103143
-41253
-10408
-21189
-27807
10848
75069
109521
97774
85915
121384
187954
226041
212934
195206
226903
295609
337399
322974
298766
325761
396317
442440
426860
395130
416240
488898
540482
523796
482938
496842
572333
631067
613227
561062
566236
645734
713858
694784
628628
623166
708230
788787
768838
685176
665849
758348
856835
837344
729750
690156
794002
921685
905363
760346
686830
810858
993620
987174
771465
627418
794402
1111685
1144512
735485
336727
630284
1754729
2996340
3375224
2576933
1259487
411318
441182
925707
1187293
1001790
696178
652186
863084
1020740
935568
744111
692611
819046
933680
883815
741320
687480
771819
861688
828935
713780
658869
716809
789476
766598
669380
613560
652496
712221
695854
611185
554143
578597
628362
616514
540773
482338
495466
537347
528580
459368
399706
403822
439051
432285
368270
307844
304507
333767
328314
268921
208239
198435
222150
217844
162839
102097
86618
105585
102526
51531
-9152
-29454
-14370
-16070
-63389
-123838
-148046
-136063
-136372
-180191
-239890
-267089
-257724
-256712
-296840
-355072
-384536
-377500
-375027
-411088
-467291
-498472
-493331
-488987
-520641
-574521
-606909
-602993
-596349
-623405
-674633
-707643
-704326
-695034
-717364
-765582
-798496
-795227
-783201
-800662
-845209
-877368
-873963
-859126
-871384
-911727
-942704
-938967
-921129
-927788
-963601
-993177
-988830
-967704
-968590
-999758
-1027728
-1022453
-997820
-992897
-1019324
-1045445
-1039038
-1010918
-1000305
-1021820
-1045729
-1038141
-1006866
-990699
-1007027
-1028524
-1020040
-985878
-964051
-975132
-994426
-985235
-948289
-920900
-926882
-944230
-934579
-894987
-862240
-863376
-878975
-869070
-827185
-789483
-786031
-800001
-790102
-746498
-704348
-696450
-708822
-699449
-654850
-608604
-596296
-607449
-599257
-554188
-504032
-487523
-497981
-491635
-446532
-392703
-372347
-382629
-378671
-333955
-276881
-253060
-263464
-262287
-218627
-158926
-131797
-142392
-144555
-102862
-40913
-10384
-21370
-27751
11216
75315
109414
97640
86107
121713
188079
225959
212910
195360
227076
295755
337549
322984
298633
325795
396652
442716
426720
394898
416395
489350
540646
523498
482757
497200
572787
630997
612812
561029
566690
646064
713683
694512
628674
623424
708429
788900
768828
684918
665682
758705
857382
837289
729116
689911
794725
922395
904912
759353
686940
812129
994149
985979
770217
628176
796377
1112069
1142378
733336
337517
634083
1759382
2999573
3375283
2573143
1253842
407965
442228
928677
1188268
1000055
694562
652783
864612
1020915
934386
743417
693274
819872
933428
883011
741111
687973
772156
861504
828556
713595
658843
716926
789680
766547
668959
613253
652705
712580
695735
610664
553934
578903
628610
616227
540306
482311
495778
537385
528200
459065
399783
404011
439003
432025
368083
307783
304525
333775
328260
268715
207955
198391
222304
217862
162539
101796
86648
105745
102435
51170
-9361
-29354
-14272
-16251
-63718
-123952
-147959
-136059
-136585
-180411
-240000
-267117
-257750
-256785
-296993
-355293
-384671
-377464
-375006
-411262
-467583
-498590
-493238
-488991
-520888
-574780
-606930
-602890
-596422
-623675
-674815
-707609
-704253
-695122
-717590
-765715
-798494
-795223
-783225
-800743
-845378
-877485
-873938
-859053
-871427
-911931
-942839
-938885
-921014
-927882
-963832
-993250
-988697
-967618
-968722
-999929
-1027728
-1022330
-997769
-993019
-1019448
-1045412
-1038933
-1010877
-1000319
-1021890
-1045798
-1038103
-1006757
-990621
-1007106
-1028647
-1019953
-985656
-964002
-975273
-994502
-985097
-948092
-920904
-927021
-944221
-934364
-894805
-862237
-863441
-878931
-868902
-827025
-789420
-786034
-799989
-790012
-746339
-704183
-696415
-708906
-699395
-654596
-608394
-596305
-607517
-599128
-553894
-503854
-487602
-498050
-491451
-446247
-392600
-372423
-382632
-378491
-333714
-276766
-253051
-263456
-262200
-218445
-158688
-131716
-142449
-144574
-102630
-40609
-10338
-21512
-27725
11516
75583
109385
97478
86182
122051
188300
225879
212803
195467
227334
295953
337560
322932
298658
325976
396932
442886
426647
394738
416544
489743
540836
523296
482568
497425
573206
631087
612501
560874
567041
646500
713670
694159
628594
623773
708798
788901
768565
684751
665786
759038
857678
837137
728632
689801
795323
922936
904584
758529
686880
813137
994846
985222
768953
628343
798112
1113022
1140794
730851
337567
638137
1764946
3002720
3373995
2568520
1248900
405668
443284
931004
1188969
998701
693197
653137
865910
1021261
933437
742619
693627
820688
933508
882302
740642
688262
772637
861472
828105
713312
658970
717206
789754
766313
668641
613129
652918
712793
695574
610245
553744
579149
628812
615993
539886
482213
496024
537513
527950
458691
399704
404199
439057
431788
367783
307692
304598
333810
328114
268445
207768
198396
222405
217786
162263
101558
86661
105883
102348
50855
-9595
-29313
-14164
-16376
-64006
-124119
-147898
-136003
-136722
-180676
-240168
-267100
-257747
-256873
-297195
-355511
-384734
-377443
-375017
-411463
-467821
-498645
-493146
-488981
-521100
-575016
-606978
-602814
-596443
-623891
-675043
-707643
-704187
-695180
-717794
-765888
-798503
-795179
-783270
-800892
-845533
-877551
-873922
-859033
-871516
-912094
-942925
-938803
-920932
-927977
-964006
-993326
-988605
-967531
-968828
-1000095
-1027752
-1022223
-997695
-993100
-1019574
-1045441
-1038845
-1010773
-1000378
-1022000
-1045810
-1038036
-1006615
-990591
-1007209
-1028727
-1019881
-985498
-963956
-975371
-994575
-984987
-947898
-920854
-927109
-944249
-934242
-894631
-862193
-863533
-878942
-868768
-826864
-789343
-786079
-800024
-789898
-746119
-704063
-696447
-708933
-699288
-654367
-608240
-596341
-607589
-599020
-553634
-503700
-487637
-498085
-491320
-445986
-392431
-372454
-382676
-378348
-333473
-276580
-253035
-263491
-262124
-218228
-158481
-131677
-142514
-144526
-102385
-40368
-10305
-21606
-27687
11771
75844
109414
97367
86237
122328
188557
225912
212694
195502
227612
296217
337603
322796
298650
326184
397213
442947
426509
394675
416751
490045
540916
523122
482445
497657
573583
631178
612277
560714
567275
646903
713744
693879
628386
624000
709228
789010
768253
684495
665983
759545
857882
836814
728209
689944
795927
923285
904154
757890
686978
813980
995369
984606
767902
628364
799448
1114035
1139816
728602
337064
641456
1770650
3006565
3372867
2563391
1243824
403971
444861
932962
1189084
997325
692271
653650
866933
1021440
932649
741981
693893
821370
933661
881757
740144
688393
773124
861616
827700
712867
659016
717585
789899
765973
668221
613104
653217
712935
695305
609881
553692
579376
628941
615785
539537
482094
496204
537628
527737
458361
399577
404326
439163
431611
367452
307550
304714
333914
327969
268131
207607
198461
222482
217636
161959
101404
86710
105946
102231
50583
-9763
-29296
-14121
-16486
-64275
-124336
-147929
-135956
-136813
-180932
-240376
-267127
-257659
-256950
-297443
-355717
-384754
-377372
-375092
-411679
-468038
-498681
-493091
-489044
-521295
-575221
-607022
-602752
-596481
-624072
-675227
-707692
-704132
-695171
-717948
-766096
-798578
-795122
-783228
-801041
-845750
-877623
-873814
-859004
-871679
-912281
-942965
-938714
-920907
-928097
-964166
-993372
-988538
-967473
-968898
-1000255
-1027811
-1022144
-997614
-993142
-1019731
-1045495
-1038746
-1010656
-1000410
-1022135
-1045864
-1037911
-1006497
-990636
-1007333
-1028736
-1019751
-985372
-963955
-975460
-994590
-984869
-947752
-920812
-927175
-944284
-934129
-894443
-862099
-863570
-879004
-868667
-826625
-789227
-786130
-800074
-789764
-745884
-703951
-696507
-708978
-699138
-654149
-608141
-596357
-607603
-598891
-553416
-503564
-487633
-498109
-491227
-445760
-392220
-372425
-382736
-378284
-333222
-276371
-253032
-263582
-262012
-217942
-158263
-131676
-142589
-144391
-102104
-40181
-10311
-21659
-27579
12024
76057
109450
97307
86263
122538
188841
226004
212603
195461
227843
296538
337671
322636
298594
326481
397550
442972
426284
394660
417068
490372
540925
522918
482398
497895
573890
631262
612118
560596
567431
647262
713963
693694
628088
624113
709716
789307
767950
684084
666198
760185
858065
836287
727803
690308
796640
923417
903564
757398
687266
814742
995702
984084
767106
628303
800452
1115097
1139360
726609
335986
644131
1776645
3011323
3371987
2557541
1238282
402791
447014
934698
1188563
995853
691795
654367
867723
1021389
931973
741486
694061
821920
933901
881371
739561
688319
773623
861955
827339
712255
658945
718093
790122
765558
667751
613196
653609
712970
694918
609555
553749
579602
628968
615539
539267
482034
496320
537714
527617
458065
399381
404421
439332
431535
367107
307312
304833
334073
327785
267758
207466
198606
222535
217411
161636
101275
86778
105943
102059
50333
-9941
-29308
-14084
-16571
-64511
-124568
-147990
-135862
-136831
-181188
-240669
-267188
-257555
-257027
-297748
-355936
-384713
-377277
-375223
-411979
-468216
-498675
-493067
-489170
-521519
-575380
-607083
-602738
-596495
-624228
-675451
-707803
-704074
-695118
-718079
-766338
-798711
-795020
-783181
-801247
-845979
-877631
-873711
-859005
-871875
-912467
-942948
-938632
-920928
-928238
-964306
-993412
-988485
-967429
-968942
-1000390
-1027936
-1022098
-997478
-993134
-1019902
-1045631
-1038645
-1010486
-1000441
-1022347
-1045909
-1037741
-1006353
-990687
-1007470
-1028733
-1019591
-985255
-963973
-975529
-994586
-984765
-947635
-920748
-927206
-944356
-934074
-894240
-861955
-863637
-879115
-868562
-826381
-789096
-786249
-800134
-789579
-745627
-703896
-696602
-708950
-698926
-653949
-608055
-596366
-607567
-598752
-553216
-503383
-487571
-498150
-491187
-445530
-391983
-372376
-382844
-378239
-332906
-276102
-253057
-263714
-261862
-217580
-158094
-131790
-142633
-144204
-101830
-40036
-10320
-21662
-27475
12224
76268
109559
97266
86228
122704
189183
226178
212458
195326
228098
296953
337731
322388
298593
326882
397859
442875
426055
394749
417413
490594
540872
522786
482428
498080
574131
631414
612044
560404
567437
647653
714302
693524
627655
624175
710344
789585
767447
683642
666606
760912
858050
835614
727512
690841
797255
923359
903034
757094
687501
815256
996059
983902
766356
627783
801154
1116564
1139523
724444
334152
646739
1783406
3016300
3370074
2550840
1233229
402614
449310
935785
1187688
994678
691594
654922
868260
1021489
931587
740906
693916
822462
934442
881080
738712
688073
774294
862471
826862
711504
659038
718707
790196
764943
667351
613464
653986
712862
694489
609325
553833
579739
628950
615370
539017
481831
496352
537910
527604
457677
399057
404517
439602
431417
366623
307088
305047
334226
327472
267372
207447
198821
222524
217124
161388
101218
86795
105908
101917
50143
-10136
-29416
-14017
-16541
-64741
-124915
-148088
-135710
-136821
-181509
-240969
-267135
-257414
-257172
-298123
-356099
-384617
-377240
-375436
-412243
-468325
-498680
-493089
-489247
-521659
-575556
-607216
-602749
-596456
-624330
-675737
-707983
-704002
-695039
-718265
-766654
-798767
-794867
-783214
-801519
-846194
-877572
-873591
-859102
-872091
-912596
-942945
-938595
-920938
-928305
-964418
-993510
-988487
-967335
-968925
-1000555
-1028089
-1022033
-997294
-993144
-1020130
-1045716
-1038458
-1010355
-1000555
-1022520
-1045875
-1037529
-1006294
-990829
-1007555
-1028657
-1019467
-985188
-963959
-975530
-994611
-984730
-947463
-920592
-927250
-944502
-934022
-893991
-861803
-863757
-879240
-868376
-826062
-789083
-786418
-800103
-789316
-745427
-703901
-696656
-708880
-698758
-653789
-607957
-596318
-607562
-598719
-553045
-503153
-487478
-498250
-491217
-445247
-391649
-372359
-383011
-378131
-332522
-275903
-253213
-263763
-261609
-217248
-158015
-131875
-142627
-144022
-101629
-39894
-10229
-21648
-27484
12361
76575
109772
97151
86071
122916
189619
226290
212172
195299
228498
297282
337600
322129
298742
327321
398063
442707
425948
394898
417641
490748
540959
522794
482344
498085
574445
631792
611961
559989
567447
648262
714711
693108
627215
624567
711080
789543
766745
683452
667289
761478
857784
835075
727474
691220
797580
923441
902947
756774
687139
815592
997069
984202
765064
626564
802244
1118904
1139234
721016
332723
651592
1791204
3019613
3366262
2544316
1229516
402721
450693
936480
1187580
994121
690902
654745
869019
1022348
931261
739677
693495
823450
935313
880492
737612
688160
775249
862632
825988
711006
659563
719252
789925
764331
667200
613740
654127
712738
694325
609165
553659
579735
629173
615420
538625
481415
496454
538300
527521
457124
398757
404832
439831
431030
366158
307139
305358
334162
327072
267112
207489
198881
222440
216956
161233
101063
86691
105947
101976
49950
-10515
-29545
-13817
-16487
-65077
-125271
-148031
-135520
-136998
-181938
-241119
-266961
-257358
-257449
-298412
-356167
-384580
-377302
-375557
-412364
-468462
-498813
-493138
-489205
-521748
-575866
-607430
-602637
-596335
-624545
-676095
-708055
-703815
-695054
-718600
-766865
-798653
-794739
-783346
-801784
-846302
-877537
-873588
-859185
-872180
-912687
-943068
-938640
-920858
-928269
-964600
-993728
-988440
-967123
-968944
-1000837
-1028234
-1021809
-997135
-993345
-1020346
-1045650
-1038228
-1010322
-1000739
-1022605
-1045774
-1037430
-1006286
-990819
-1007555
-1028722
-1019476
-985054
-963802
-975582
-994806
-984716
-947164
-920401
-927392
-944632
-933816
-893675
-861814
-863959
-879184
-868065
-825879
-789139
-786474
-799989
-789122
-745305
-703836
-696583
-708857
-698752
-653634
-607693
-596198
-607688
-598770
-552747
-502808
-487518
-498456
-491075
-444846
-391519
-372565
-383042
-377799
-332193
-275887
-253315
-263696
-261381
-217063
-157909
-131751
-142560
-144041
-101519
-39578
-9995
-21761
-27675
12576
77055
109887
96876
86053
123388
189944
226075
211955
195537
228964
297405
337388
322059
298958
327525
398159
442808
426008
394794
417610
491076
541369
522735
481892
498102
575062
632124
611542
559594
567901
648933
714533
692439
627219
625291
711462
789183
766355
683589
667619
761605
857860
835139
727251
690846
797821
924356
903202
755683
686279
816597
998596
983580
763005
626641
805033
1120114
1136231
717340
333939
657837
1797246
3021130
3363631
2540211
1225660
400187
450742
938806
1189412
993167
688536
654289
870921
1023614
930098
738156
693948
824825
935254
879225
737244
689077
775824
862069
825308
711055
659939
719335
789758
764234
667067
613462
654109
713094
694440
608639
553148
579957
629695
615297
537954
481232
496919
538496
527018
456654
398967
405191
439666
430558
365975
307261
305385
334035
326954
266975
207275
198723
222530
217067
160980
100594
86590
106255
102003
49491
-10844
-29375
-13641
-16775
-65554
-125329
-147800
-135553
-137340
-182197
-241134
-266936
-257457
-257587
-298517
-356346
-384788
-377316
-375444
-412486
-468866
-499055
-492956
-489080
-522052
-576250
-607424
-602430
-596431
-624920
-676273
-707889
-703711
-695271
-718865
-766937
-798615
-794778
-783441
-801842
-846406
-877696
-873628
-859047
-872140
-912949
-943325
-938557
-920618
-928347
-964925
-993805
-988198
-967045
-969204
-1001031
-1028090
-1021637
-997206
-993541
-1020405
-1045556
-1038190
-1010343
-1000712
-1022611
-1045892
-1037486
-1006107
-990629
-1007650
-1028949
-1019442
-984728
-963685
-975812
-994905
-984455
-946937
-920520
-927605
-944523
-933523
-893568
-861907
-863989
-879063
-867949
-825816
-789041
-786387
-800038
-789186
-745140
-703532
-696515
-709060
-698768
-653265
-607403
-596342
-607848
-598511
-552359
-502769
-487738
-498409
-490712
-444584
-391540
-372610
-382908
-377633
-332109
-275750
-253143
-263672
-261469
-216945
-157520
-131532
-142750
-144201
-101169
-39108
-10017
-22026
-27523
13089
77244
109612
96759
86383
123779
189978
225967
212017
195713
229085
297556
337642
322137
298750
327495
398600
443248
425821
394372
417801
491719
541510
522211
481775
498734
575536
631768
611061
559833
568523
649085
714242
692358
627368
625360
711537
789516
766577
683180
667121
762037
858846
835127
726135
690507
799033
925141
902096
754495
687253
818424
998321
981453
762256
628471
806800
1119439
1134213
716475
334818
659960
1800935
3025908
3365889
2536275
1217719
395437
452852
943233
1189915
990200
687218
656186
872471
1022497
928447
738440
695270
825071
934427
878745
737451
689222
775757
862204
825434
710633
659363
719507
790507
764306
666207
612975
654702
713658
693963
607896
553314
580584
629596
614583
537662
481609
497191
538190
526642
456598
398980
405085
439651
430650
365823
306854
305241
334335
327131
266550
206767
198837
222909
216901
160432
100449
86917
106325
101581
49102
-10779
-29179
-13754
-17079
-65703
-125368
-147905
-135644
-137334
-182289
-241451
-267217
-257345
-257396
-298750
-356831
-384876
-377054
-375454
-412894
-469111
-498875
-492812
-489331
-522418
-576283
-607253
-602484
-596663
-625071
-676305
-707985
-703837
-695252
-718859
-767159
-798909
-794744
-783184
-801877
-846785
-877904
-873418
-858913
-872409
-913228
-943225
-938316
-920725
-928694
-965029
-993638
-988112
-967157
-969314
-1001054
-1028130
-1021669
-997125
-993409
-1020472
-1045818
-1038226
-1010037
-1000587
-1022862
-1046088
-1037279
-1005817
-990728
-1007946
-1028892
-1019104
-984647
-963918
-975920
-994730
-984259
-946916
-920563
-927545
-944504
-933555
-893461
-861666
-863921
-879238
-868019
-825505
-788708
-786463
-800239
-789020
-744729
-703440
-696769
-709079
-698387
-652992
-607512
-596495
-607705
-598246
-552256
-502742
-487610
-498314
-490729
-444508
-391238
-372382
-383050
