0
994567
991577
780487
627044
773101
1090637
1166046
800170
364166
522552
1522674
2801177
3399810
2837615
1566711
543579
356445
782897
1160461
1099548
783020
626556
772399
986968
998504
819732
687622
748931
896240
930297
813110
696289
714721
821899
864959
783996
678588
670318
748901
795074
738464
642700
616119
672088
718048
679199
592193
552429
589477
633087
607666
529022
479675
500427
540100
525146
454589
398437
404876
439544
432678
370117
309387
303253
332092
331512
276824
213470
196350
218750
222930
175994
111785
85174
100860
108428
69122
5584
-28930
-20172
-10314
-42144
-103637
-144622
-142700
-131530
-156127
-214263
-260162
-264831
-253204
-270874
-324493
-373779
-384643
-373260
-384307
-432434
-483612
-500122
-489562
-494415
-536132
-587677
-609161
-599945
-598999
-633636
-684112
-709747
-702239
-696044
-723022
-770996
-799926
-794403
-783508
-802459
-846649
-877899
-874572
-859588
-870300
-909515
-942108
-941009
-922637
-925079
-958282
-991149
-992370
-971282
-965606
-991882
-1024017
-1027496
-1004455
-990966
-1009613
-1040039
-1045593
-1021392
-1000610
-1011077
-1038818
-1046325
-1021728
-994323
-996276
-1020416
-1029632
-1005432
-972259
-965545
-985229
-995849
-972839
-934875
-919555
-934082
-945739
-924652
-882995
-859344
-868072
-880371
-861877
-817749
-786224
-788604
-801116
-785858
-740539
-701782
-697387
-709594
-698120
-652923
-607788
-596313
-607666
-600433
-556732
-506164
-487396
-497314
-494628
-453765
-398925
-372802
-380615
-382659
-346038
-288177
-254730
-259704
-266540
-235412
-175903
-135284
-136688
-148162
-123748
-64117
-16540
-13549
-29357
-12878
45318
99426
107757
88104
95642
150726
210937
225555
202758
200347
250518
316223
338256
313232
299987
343322
413848
444488
418487
393554
427856
502380
543121
517669
480194
503021
580596
633209
610290
559417
567779
647216
714080
696319
630920
620971
700836
785278
776397
694915
661102
739410
846679
852447
752258
685516
759338
898742
929443
805511
688476
751983
943359
1021881
862701
652130
688751
988220
1190551
962463
477203
370727
1108520
2397430
3321502
3148468
2018280
810058
324127
609863
1074157
1168273
891540
643554
698425
927459
1023651
888305
712921
708465
850402
938842
862518
724426
692199
785186
864959
821563
707733
659484
719268
790130
767669
671966
613677
648498
710205
701965
620910
556365
571289
623596
625274
556762
488616
487152
529937
538452
481018
411315
396148
429321
442382
394897
325317
298797
322387
338134
299682
231689
195800
210021
226959
196746
131591
88195
93383
110260
87585
26336
-22766
-26153
-10284
-26123
-82489
-135650
-146972
-132965
-142639
-193298
-248840
-267364
-255828
-259948
-304260
-360534
-385375
-376770
-376007
-413360
-468902
-499053
-493682
-488677
-518707
-572021
-606414
-604431
-595825
-618194
-667968
-705444
-706878
-695312
-709899
-754882
-794219
-799011
-785095
-791931
-831024
-871002
-878967
-863311
-862579
-894836
-934234
-945068
-928314
-920288
-944946
-982604
-995910
-978668
-963836
-980285
-1015075
-1030395
-1013244
-992248
-1000122
-1030914
-1047821
-1031311
-1004852
-1003967
-1029876
-1047760
-1032440
-1001373
-991790
-1011932
-1030212
-1016601
-981933
-963836
-977478
-995605
-984100
-946868
-920745
-927337
-944641
-935668
-897003
-863464
-862609
-878479
-872314
-833404
-793273
-784637
-798431
-795349
-757385
-711639
-695159
-706237
-706359
-670532
-620330
-596038
-603759
-607116
-574554
-521148
-489227
-493011
-499481
-471343
-416137
-376922
-376129
-385528
-362823
-307250
-261260
-255249
-267181
-250854
-196472
-144348
-132507
-146514
-137359
-85754
-28228
-10009
-25360
-24078
23071
85083
110351
94451
87341
128387
193878
226745
211395
195495
228637
296417
337585
323974
299072
322540
391265
441406
431091
397125
408874
477050
536987
531799
488861
486694
552520
623168
625518
573791
555114
616363
699066
712005
651916
613281
667144
763793
791687
723754
660278
702697
816375
865997
790985
694641
719207
855407
938873
857940
713531
707611
878051
1021667
937744
708435
638458
874511
1160614
1090484
635253
323333
763854
1950042
3108673
3342193
2461791
1166931
386718
456695
939819
1190490
1004760
699432
646148
850494
1019226
952178
760284
686614
797454
926239
904235
766265
685668
746643
849151
850219
745391
662475
690979
773193
787536
706085
623168
628295
693328
715423
651824
570526
557830
607574
633911
584625
506134
479522
515319
543304
505859
431213
393646
416534
444305
416839
346801
300750
311676
337799
318756
254058
201660
201629
224914
213012
154205
97412
87371
107025
101104
48675
-10681
-29663
-14343
-15289
-60943
-121307
-148040
-137481
-134399
-172973
-232727
-266052
-260467
-254180
-285552
-343231
-381835
-381286
-372589
-396636
-450927
-493469
-497863
-487457
-504241
-553924
-598999
-608093
-596618
-606262
-650238
-696502
-709869
-697937
-700683
-738037
-784088
-801239
-789367
-785552
-815490
-860015
-880340
-868988
-859100
-881072
-922729
-945556
-935119
-919708
-933288
-970947
-995513
-986358
-966125
-971069
-1003601
-1029144
-1021545
-997222
-993591
-1020050
-1045745
-1039947
-1012359
-1000305
-1019897
-1044921
-1041137
-1011199
-991119
-1003204
-1026733
-1025085
-993713
-966217
-970336
-991546
-992095
-960327
-926147
-921997
-940185
-942901
-911712
-871795
-859283
-873718
-878570
-848907
-804351
-783569
-793609
-800384
-773254
-725280
-696502
-701507
-709991
-686279
-636199
-599884
-599304
-609191
-589721
-538909
-495666
-489074
-499938
-485443
-435394
-385986
-372955
-384246
-375366
-327514
-272918
-253082
-264221
-261413
-217315
-158569
-131683
-141876
-145477
-106628
-44921
-10772
-19195
-29357
2746
66040
107635
101928
85235
109191
172637
221740
219940
196929
211212
273223
329895
333251
304382
307586
366363
430572
440643
406555
397186
450714
522491
541076
502716
479125
525115
604370
633789
592376
552734
588348
675140
718322
675628
617462
639007
733551
794677
753112
673004
675231
777954
863555
826843
719207
693511
805511
927246
902008
756134
685974
809722
992492
993774
784576
627410
768249
1086090
1168640
808776
368316
512420
1500823
2782653
3399261
2855499
1588836
554504
352844
774230
1157440
1103881
788085
626464
768402
984558
1000396
823089
688323
746582
894226
931213
815643
697296
713256
820220
865356
785980
679779
669494
747467
795135
740081
643981
615722
670898
717895
680511
593536
552398
588531
632812
608734
530364
479919
499664
539764
526000
455902
398864
404327
439117
433349
371368
310028
302917
331665
332000
278015
214263
196197
218353
223266
177124
112670
85205
100463
108642
70129
6530
-28778
-20507
-10192
-41259
-102630
-144317
-142944
-131500
-155364
-213226
-259735
-265014
-253265
-270202
-323486
-373229
-384765
-373382
-383789
-431457
-482971
-500152
-489746
-494018
-535217
-586975
-609100
-600158
-598724
-632812
-683349
-709625
-702484
-695892
-722290
-770233
-799743
-794677
-783508
-801849
-845916
-877685
-874816
-859710
-869812
-908782
-941802
-941284
-922882
-924743
-957580
-990814
-992614
-971618
-965393
-991271
-1023651
-1027709
-1004882
-990936
-1009094
-1039642
-1045806
-1021911
-1000732
-1010650
-1038421
-1046508
-1022277
-994598
-995971
-1020019
-1029754
-1006011
-972656
-965362
-984863
-995941
-973449
-935424
-919525
-933746
-945800
-925262
-883666
-859436
-867767
-880371
-862487
-818511
-786468
-788360
-801055
-786437
-741363
-702178
-697204
-709503
-698638
-653808
-608306
-596191
-607513
-600860
-557647
-506805
-487396
-497131
-494964
-454711
-399719
-372894
-380401
-382934
-346954
-289062
-254913
-259460
-266693
-236267
-176879
-135589
-136413
-148162
-124542
-65185
-16998
-13305
-29266
-13549
44219
98846
108001
88348
95062
149566
210205
225738
203155
199951
249359
315368
338378
313781
299774
342163
412811
444519
419128
393554
426757
501190
543029
518432
480468
502014
579223
632965
611145
559967
566925
645660
713592
697265
631835
620300
699096
784484
777404
696258
660705
737457
845458
853485
754150
685546
757080
896850
930419
808197
689208
749298
940338
1022583
866729
654296
685363
982635
1190307
969848
484283
365936
1089385
2375762
3313934
3161163
2041015
825927
324890
601470
1068481
1170593
897247
645446
695190
923919
1024169
891723
714813
706878
847839
938690
864868
726226
691467
783233
864532
823242
709472
659271
717773
789550
768920
673583
613861
647369
709533
702880
622436
556854
570465
622924
625946
558197
489318
486602
529266
538909
482299
412139
395874
428710
442657
396087
326293
298736
321868
338287
300750
232727
195922
209564
226989
197692
132659
88500
93017
110198
88378
27435
-22277
-26397
-10406
-25451
-81420
-135040
-147125
-133148
-142089
-192260
-248138
-267395
-256011
-259521
-303253
-359741
-385314
-376983
-375732
-412475
-468078
-498901
-493927
-488525
-517883
-571166
-606140
-604644
-595764
-617492
-667083
-705078
-707092
-695373
-709350
-754028
-793823
-799194
-785247
-791503
-830230
-870544
-879119
-863586
-862304
-894104
-933746
-945190
-928649
-920166
-944305
-982086
-995971
-979064
-963867
-979766
-1014526
-1030456
-1013702
-992401
-999725
-1030426
-1047821
-1031799
-1005157
-1003692
-1029388
-1047698
-1032928
-1001831
-991668
-1011474
-1030151
-1017089
-982482
-963867
-977111
-995483
-984588
-947540
-920928
-927032
-944488
-936126
-897735
-863800
-862365
-878295
-872741
-834197
-793731
-784515
-798248
-795715
-758209
-712249
-695129
-706024
-706665
-671356
-621032
-596099
-603546
-607330
-575408
-522003
-489440
-492797
-499603
-472137
-417053
-377258
-375915
-385528
-363555
-308227
-261718
-255065
-267120
-251495
-197509
-144927
-132385
-146331
-137878
-86822
-28961
-9918
-25085
-24475
21972
84228
110351
94818
87097
127319
192901
226654
211822
195434
227661
295318
337371
324523
299224
321624
390075
441070
431671
397491
408111
475738
536437
532409
489440
486114
551086
622436
626129
574676
554748
614868
698059
712554
653076
613220
665557
762451
792144
725280
660583
701080
814575
866271
792907
695526
717529
853027
938812
860412
715301
705932
874603
1020874
941101
711883
636962
868865
1157836
1095672
643829
323547
748901
1927276
3094818
3348388
2483001
1186737
392547
450073
932098
1190185
1010223
703186
644317
846405
1018218
955047
763122
686096
794799
925079
905975
768615
685821
744781
847961
851318
747406
662994
689697
772064
788208
707824
623962
627441
692291
715820
653350
571502
557342
606689
634063
585937
507232
479339
514526
543304
507019
432342
393707
415863
444213
417816
347991
301025
311187
337615
319580
255218
202148
201263
224670
213684
155364
98052
87158
106750
101623
49804
-9948
-29724
-14617
-14892
-59875
-120452
-147979
-137756
-134124
-172027
-231811
-265838
-260711
-254028
-284667
-342285
-381530
-381500
-372528
-395904
-449981
-493041
-498046
-487518
-503631
-552978
-598510
-608215
-596740
-605773
-649353
-695953
-709960
-698150
-700317
-737213
-783477
-801269
-789611
-785339
-814758
-859375
-880310
-869262
-859039
-880432
-922088
-945495
-935455
-919799
-932769
-970306
-995391
-986694
-966308
-970703
-1002990
-1028991
-1021942
-997558
-993347
-1019500
-1045532
-1040344
-1012817
-1000244
-1019409
-1044677
-1041503
-1011749
-991210
-1002807
-1026458
-1025421
-994354
-966461
-970001
-991271
-992401
-960998
-926513
-921783
-939910
-943176
-912414
-872314
-859191
-873443
-878753
-849639
-805023
-783630
-793334
-800506
-773986
-726043
-696685
-701263
-710052
-686981
-637054
-600189
-599121
-609191
-590393
-539855
-496124
-488922
-499847
-486053
-436370
-386566
-372863
-384094
-375854
-328552
-273651
-253082
-264007
-261810
-218322
-159393
-131744
-141601
-145751
-107604
-45867
-10925
-18890
-29479
1800
65002
107330
102294
85296
108337
171508
221313
220306
197143
210510
272033
329315
333648
304779
307006
365112
429840
441009
407135
396789
449432
521545
541381
503479
478973
523834
603240
633972
593353
552856
587097
673767
718353
676788
617950
637847
731872
794464
754486
673950
674163
775909
863006
828430
720764
692687
803009
926147
903839
758575
685546
806427
990356
995910
788635
627899
763427
1081451
1171081
817352
372650
502563
1479034
2763916
3398376
2873168
1611053
565673
349456
765533
1154296
1108123
793182
626464
764404
982086
1002227
826477
689056
744232
892211
932067
818176
698364
711853
818511
865692
787994
680999
668701
746032
795166
741699
645294
615356
669708
717742
681793
594848
552368
587554
632507
609802
531707
480163
498931
539367
526824
457214
399353
403778
438720
433990
372650
310668
302581
331237
332489
279205
215057
196044
217956
223632
178222
113555
85235
100097
108856
71136
7507
-28594
-20812
-10101
-40344
-101593
-143981
-143218
-131469
-154571
-212188
-259277
-265197
-253326
-269561
-322448
-372680
-384887
-373504
-383270
-430480
-482330
-500183
-489929
-493621
-534301
-586273
-609069
-600372
-598480
-631988
-682617
-709503
-702728
-695770
-721588
-769470
-799560
-794921
-783508
-801239
-845153
-877410
-875091
-859832
-869354
-908050
-941497
-941558
-923126
-924407
-956909
-990478
-992858
-971954
-965240
-990661
-1023284
-1027954
-1005310
-990905
-1008575
-1039245
-1046020
-1022399
-1000854
-1010253
-1037994
-1046661
-1022857
-994873
-995666
-1019622
-1029876
-1006622
-973083
-965209
-984497
-996032
-974060
-935974
-919494
-933410
-945831
-925903
-884307
-859558
-867462
-880340
-863098
-819274
-786743
-788116
-800994
-787017
-742218
-702575
-697052
-709381
-699157
-654724
-608856
-596099
-607360
-601318
-558563
-507476
-487396
-496917
-495330
-455657
-400512
-373016
-380187
-383178
-347869
-289978
-255126
-259216
-266815
-237152
-177886
-135925
-136169
-148162
-125335
-66253
-17456
-13061
-29113
-14251
43090
98266
108215
88623
94512
148437
209472
225921
203552
199554
248199
314483
338500
314300
299591
341033
411773
444549
419799
393585
425689
499969
542907
519195
480743
501037
577850
632659
612030
560546
566070
644134
713073
698211
632781
619659
697357
783630
778411
697601
660339
735473
844177
854461
756042
685638
754821
894927
931335
810882
690002
746673
937286
1023223
870727
656524
682037
977020
1189910
977142
491485
361419
1070434
2353973
3306030
3173522
2063690
842010
325866
593139
1062683
1172790
902954
647430
692016
920349
1024597
895111
716735
705352
845275
938507
867187
728088
690765
781311
864074
824920
711212
659118
716278
788940
770141
675231
614074
646240
708862
703765
623992
557342
569671
622253
626586
559631
490020
486083
528594
539337
483612
412994
395599
428100
442932
397247
327239
298675
321319
338409
301788
233795
196075
209136
226989
198608
133758
88836
92651
110137
89172
28533
-21820
-26641
-10528
-24780
-80322
-134429
-147277
-133331
-141571
-191223
-247406
-267425
-256225
-259124
-302276
-358978
-385223
-377197
-375457
-411560
-467224
-498718
-494140
-488372
-517089
-570281
-605895
-604858
-595733
-616821
-666229
-704742
-707305
-695434
-708801
-753204
-793395
-799377
-785430
-791107
-829437
-870086
-879272
-863830
-862030
-893371
-933258
-945281
-928985
-920043
-943664
-981567
-996063
-979431
-963897
-979248
-1014007
-1030456
-1014129
-992584
-999328
-1029907
-1047790
-1032257
-1005462
-1003448
-1028900
-1047668
-1033416
-1002258
-991546
-1011016
-1030029
-1017578
-983032
-963897
-976715
-995361
-985076
-948181
-921081
-926727
-944335
-936584
-898498
-864135
-862152
-878082
-873138
-834991
-794219
-784393
-798034
-796081
-759033
-712860
-695129
-705810
-706939
-672210
-621765
-596221
-603302
-607513
-576232
-522827
-489685
-492584
-499725
-472930
-417999
-377624
-375732
-385559
-364288
-309234
-262207
-254913
-267028
-252136
-198577
-145538
-132263
-146148
-138427
-87921
-29693
-9857
-24780
-24871
20904
83374
110321
95184
86853
126281
191894
226562
212280
195373
226654
294219
337158
325042
299377
320739
388854
440673
432250
397857
407348
474426
535888
532989
490051
485534
549682
621673
626708
575531
554412
613372
697052
713104
654266
613189
664001
761108
792572
726776
660949
699462
812805
866516
794799
696472
715911
850585
938659
862854
717102
704345
871154
1019989
944396
715393
635559
863250
1154937
1100708
652404
323974
734222
1904510
3080688
3354248
2504058
1206695
398681
443603
924316
1189758
1015625
707000
642578
842285
1017089
957885
766021
685668
792114
923858
907684
770965
686004
742950
846771
852386
749420
663574
688446
770935
788879
709564
624755
626617
691253
716186
654846
572479
556884
605743
634216
587249
508300
479187
513732
543304
508148
433502
393798
415222
444091
418762
349151
301330
310668
337432
320373
256408
202636
200897
224426
214324
156524
98693
86975
106475
102142
50903
-9185
-29785
-14892
-14526
-58837
-119598
-147888
-138031
-133850
-171051
-230895
-265655
-260955
-253875
-283813
-341339
-381195
-381713
-372497
-395172
-449035
-492645
-498199
-487548
-503021
-552032
-597991
-608337
-596893
-605285
-648468
-695373
-710021
-698333
-699981
-736389
-782836
-801269
-789855
-785156
-814025
-858703
-880279
-869567
-858978
-879791
-921417
-945404
-935791
-919891
-932281
-969635
-995239
-987060
-966522
-970336
-1002380
-1028778
-1022308
-997894
-993133
-1018920
-1045288
-1040679
-1013244
-1000183
-1018920
-1044433
-1041839
-1012268
-991302
-1002380
-1026184
-1025726
-994964
-966674
-969696
-990997
-992675
-961669
-926910
-921600
-939605
-943389
-913146
-872833
-859130
-873168
-878936
-850372
-805664
-783691
-793060
-800628
-774719
-726806
-696868
-701019
-710113
-687683
-637908
-600494
-598907
-609161
-591033
-540771
-496582
-488769
-499755
-486633
-437347
-387176
-372772
-383941
-376342
-329559
-274353
-253082
-263793
-262176
-219329
-160247
-131835
-141326
-145996
-108581
-46844
-11138
-18554
-29602
885
63934
107025
102661
85327
107513
170379
220886
220672
197357
209808
270812
328735
334014
305175
306457
363861
429107
441345
407714
396453
448181
520629
541625
504241
478851
522552
602111
634124
594329
553039
585845
672393
718353
677947
618499
636688
730194
794250
755828
674926
673156
773864
862426
830017
722320
691894
800476
924987
905639
761047
685180
803161
988159
997985
792755
628479
758666
1076751
1173370
825866
377136
492950
1457366
2744995
3397125
2890594
1633331
577117
346252
756835
1151000
1112274
798309
626556
760437
979553
1003997
829864
689849
741943
890136
932891
820709
699462
710479
816772
865997
789978
682250
667907
744598
795166
743286
646606
615020
668518
717529
683074
596221
552368
586608
632202
610809
533050
480438
498199
538970
527648
458526
399841
403259
438293
434631
373901
311340
302246
330810
332946
280395
215850
195892
217529
223937
179321
114471
85266
99731
109069
72143
8483
-28381
-21148
-9979
-39459
-100585
-143646
-143463
-131469
-153808
-211151
-258789
-265380
-253387
-268920
-321441
-372100
-384979
-373657
-382751
-429504
-481658
-500213
-490112
-493255
-533386
-585540
-609008
-600585
-598236
-631164
-681854
-709381
-702972
-695678
-720855
-768707
-799346
-795196
-783508
-800659
-844390
-877166
-875366
-859954
-868896
-907318
-941192
-941802
-923370
-924102
-956237
-990112
-993103
-972320
-965057
-990051
-1022888
-1028167
-1005737
-990905
-1008056
-1038848
-1046203
-1022888
-1001007
-1009826
-1037597
-1046813
-1023406
-995178
-995391
-1019226
-1029998
-1007202
-973510
-965026
-984100
-996093
-974670
-936523
-919464
-933044
-945831
-926513
-884979
-859680
-867187
-880340
-863677
-820037
-787017
-787872
-800933
-787567
-743041
-703002
-696868
-709259
-699645
-655609
-609405
-596038
-607208
-601745
-559509
-508178
-487396
-496734
-495666
-456573
-401306
-373138
-379943
-383392
-348754
-290863
-255371
-258972
-266937
-237976
-178894
-136291
-135925
-148162
-126129
-67321
-17944
-12817
-28991
-14923
41961
97656
108428
88867
93994
147277
208709
226104
203948
199188
247039
313568
338592
314819
299407
339904
410705
444519
420440
393615
424621
498779
542755
519958
481048
500091
576477
632324
612884
561157
565246
642578
712493
699157
633728
619049
695617
782775
779388
698974
660034
733520
842864
855438
757965
685760
752593
892974
932220
813568
690856
744079
934204
1023803
874725
658843
678833
971405
1189361
984313
498779
357147
1051666
2332092
3297790
3185607
2086364
858306
327087
584869
1056762
1174865
908660
649536
688903
916748
1024932
898468
718750
703857
842712
938293
869476
729949
690093
779357
863555
826568
712982
658996
714813
788299
771331
676879
614318
645141
708160
704650
625518
557861
568878
621551
627197
561035
490722
485565
527923
539733
484924
413879
395324
427490
443145
398437
328247
298645
320800
338500
302856
234832
196228
208679
226989
199523
134857
89172
92315
110046
89965
29663
-21331
-26885
-10681
-24139
-79223
-133819
-147399
-133514
-141052
-190155
-246704
-267456
-256439
-258758
-301300
-358154
-385162
-377441
-375183
-410675
-466369
-498535
-494354
-488220
-516296
-569427
-605590
-605072
-595703
-616149
-665344
-704376
-707489
-695526
-708251
-752349
-792968
-799560
-785583
-790710
-828643
-869598
-879394
-864074
-861785
-892669
-932739
-945373
-929290
-919952
-943054
-981018
-996124
-979827
-963928
-978729
-1013458
-1030487
-1014556
-992767
-998931
-1029357
-1047760
-1032745
-1005798
-1003173
-1028411
-1047576
-1033905
-1002716
-991424
-1010589
-1029937
-1018066
-983581
-963928
-976348
-995208
-985565
-948852
-921295
-926422
-944183
-937042
-899230
-864471
-861938
-877899
-873535
-835784
-794677
-784271
-797821
-796417
-759887
-713470
-695098
-705596
-707214
-673034
-622528
-596313
-603088
-607696
-577056
-523681
-489898
-492370
-499816
-473724
-418945
-377990
-375518
-385559
-364990
-310241
-262695
-254730
-266937
-252777
-199645
-146148
-132141
-145935
-138916
-88989
-30426
-9796
-24505
-25238
19836
82489
110290
95581
86639
125244
190887
226409
212738
195343
225708
293090
336883
325531
299530
319885
387603
440277
432800
398223
406616
473083
535308
533569
490661
484985
548278
620880
627258
576416
554107
611877
695983
713623
655426
613189
662445
759704
792968
728271
661376
697875
810974
866699
796722
697448
714324
848144
938476
865295
718963
702819
867706
1019042
947631
718933
634246
857666
1151947
1105651
661041
324615
719757
1881774
3066284
3359771
2524993
1226837
405059
437255
916442
1189178
1020996
710876
640930
838165
1015930
960662
768920
685272
789459
922607
909362
773376
686248
741119
845550
853424
751464
664184
687194
769775
789489
711303
625610
625823
690216
716522
656372
573486
556457
604827
634338
588562
509429
479034
512939
543273
509277
434661
393920
414581
443939
419708
350372
301666
310180
337219
321166
257598
203125
200561
224182
214965
157684
99334
86761
106201
102630
52001
-8422
-29846
-15197
-14160
-57800
-118743
-147827
-138305
-133605
-170104
-229980
-265441
-261199
-253753
-282989
-340393
-380859
-381927
-372467
-394439
-448059
-492187
-498382
-487609
-502410
-551116
-597473
-608459
-597015
-604827
-647552
-694793
-710083
-698547
-699676
-735565
-782226
-801269
-790130
-784973
-813293
-858062
-880218
-869873
-858947
-879180
-920745
-945281
-936126
-919982
-931793
-968994
-995086
-987426
-966766
-969970
-1001770
-1028594
-1022644
-998229
-992919
-1018371
-1045074
-1041046
-1013702
-1000122
-1018432
-1044158
-1042175
-1012817
-991394
-1001983
-1025909
-1026031
-995574
-966949
-969390
-990692
-992950
-962341
-927307
-921417
-939300
-943634
-913848
-873382
-859069
-872863
-879119
-851104
-806335
-783752
-792785
-800750
-775421
-727569
-697052
-700775
-710174
-688385
-638763
-600830
-598724
-609161
-591674
-541717
-497070
-488647
-499664
-487182
-438323
-387786
-372711
-383789
-376831
-330535
-275085
-253082
-263580
-262542
-220336
-161102
-131927
-141052
-146209
-109558
-47790
-11322
-18249
-29663
0
62896
106719
102996
85418
106689
169219
220428
221038
197601
209106
269622
328125
334350
305572
305938
362609
428314
441650
408325
396118
446899
519653
541900
505035
478759
521301
600952
634277
595306
553222
584625
670989
718322
679107
619049
635528
728515
793975
757202
675933
672149
771850
861785
831542
723937
691162
797973
923797
907409
763549
684875
799896
985931
999969
796844
629150
753967
1071990
1175537
834350
381805
483642
1435791
2725860
3395507
2907806
1655670
588806
343231
748107
1147552
1116363
803497
626770
756500
976928
1005706
833282
690734
739685
888031
933654
823242
700592
709106
815032
866271
791961
683532
667144
743133
795135
744873
647949
614715
667327
717315
684356
597564
552398
585662
631835
611846
534393
480743
497467
538574
528442
459838
400360
402740
437835
435241
375152
312042
301940
330352
333404
281555
216674
195770
217132
224243
180419
115417
85327
99365
109252
73120
9490
-28167
-21453
-9918
-38604
-99548
-143280
-143707
-131469
-153045
-210113
-258331
-265563
-253479
-268280
-320404
-371520
-385070
-373779
-382263
-428527
-480987
-500213
-490295
-492889
-532501
-584808
-608947
-600799
-598022
-630340
-681091
-709228
-703216
-695556
-720153
-767913
-799133
-795440
-783538
-800079
-843597
-876892
-875610
-860107
-868438
-906585
-940856
-942047
-923614
-923797
-955566
-989746
-993347
-972656
-964904
-989440
-1022491
-1028381
-1006164
-990875
-1007537
-1038421
-1046386
-1023406
-1001159
-1009429
-1037170
-1046966
-1023956
-995452
-995117
-1018798
-1030090
-1007812
-973937
-964904
-983734
-996154
-975280
-937072
-919464
-932708
-945861
-927093
-885650
-859832
-866882
-880279
-864288
-820800
-787292
-787658
-800842
-788116
-743896
-703399
-696716
-709136
-700134
-656494
-609954
-595947
-607025
-602142
-560424
-508880
-487426
-496520
-495971
-457489
-402130
-373260
-379730
-383605
-349670
-291778
-255615
-258728
-267028
-238830
-179901
-136657
-135681
-148162
-126892
-68389
-18432
-12573
-28839
-15563
40832
97015
108642
89141
93475
146118
207946
226257
204345
198822
245910
312652
338653
315368
299255
338775
409667
444488
421112
393707
423553
497558
542602
520721
481384
499114
575103
631988
613739
561767
564453
641021
711914
700073
634704
618469
693878
781860
780303
700378
659759
731567
841522
856353
759887
685943
750396
890991
933013
816253
691772
741546
931060
1024291
878692
661224
675720
965759
1188720
991424
506164
353149
1033111
2310119
3289215
3197387
2108978
874847
328582
576660
1050720
1176818
914398
651733
685821
913116
1025238
901824
720794
702392
840087
937988
871734
731872
689483
777404
863006
828186
714752
658905
713317
787628
772521
678527
614593
644042
707458
705474
627075
558410
568084
620819
627777
562469
491485
485076
527252
540130
486206
414764
395080
426879
443389
399597
329254
298614
320251
338592
303863
235900
196411
208221
226989
200408
135955
89538
91979
109954
90728
30761
-20812
-27099
-10833
-23498
-78155
-133178
-147521
-133697
-140533
-189117
-245941
-267456
-256652
-258361
-300323
-357360
-385040
-377655
-374938
-409790
-465515
-498321
-494598
-488098
-515502
-568542
-605316
-605285
-595703
-615478
-664489
-704010
-707672
-695587
-707702
-751495
-792541
-799713
-785766
-790313
-827850
-869110
-879516
-864349
-861541
-891937
-932189
-945465
-929626
-919860
-942443
-980468
-996154
-980224
-963989
-978210
-1012908
-1030487
-1015014
-992950
-998535
-1028839
-1047729
-1033203
-1006134
-1002929
-1027893
-1047515
-1034393
-1003173
-991333
-1010131
-1029815
-1018554
-984161
-963989
-975952
-995056
-986022
-949493
-921478
-926116
-944000
-937469
-899963
-864807
-861724
-877685
-873931
-836578
-795196
-784149
-797607
-796722
-760681
-714111
-695129
-705352
-707458
-673889
-623260
-596435
-602844
-607879
-577850
-524536
-490142
-492126
-499908
-474487
-419860
-378356
-375335
-385559
-365692
-311248
-263183
-254577
-266845
-253387
-200683
-146789
-132019
-145751
-139434
-90057
-31188
-9765
-24230
-25604
18768
81604
110260
95947
86456
124206
189880
226287
213195
195312
224731
291992
336639
326049
299713
319030
386383
439849
433349
398620
405914
471771
534698
534149
491302
484466
546844
620056
627807
577301
553802
610412
694915
714111
656616
613189
660919
758300
793334
729766
661804
696319
809143
866821
798614
698455
712768
845703
938232
867675
720855
701324
864257
1018035
950805
722503
633056
852111
1148834
1110443
669677
325500
705535
1859008
3051635
3364929
2545806
1247100
411712
431060
908508
1188446
1026336
714874
639343
834045
1014648
963409
771881
684967
786834
921295
910980
775756
686523
739318
844268
854431
753479
664794
685974
768615
790100
713043
626495
625061
689147
716827
657867
574493
556030
603881
634460
589843
510528
478912
512145
543243
510375
435852
394042
413940
443786
420654
351562
302001
309692
336975
321929
258789
203643
200225
223907
215576
158843
100006
86578
105895
103088
53131
-7629
-29876
-15472
-13824
-56793
-117858
-147705
-138580
-133392
-169158
-229034
-265197
-261444
-253631
-282165
-339416
-380523
-382141
-372436
-393707
-447113
-491760
-498535
-487701
-501831
-550170
-596954
-608551
-597167
-604370
-646667
-694183
-710144
-698760
-699371
-734741
-781585
-801269
-790405
-784790
-812561
-857391
-880157
-870178
-858917
-878570
-920074
-945159
-936462
-920074
-931304
-968353
-994934
-987762
-966979
-969635
-1001159
-1028381
-1023010
-998596
-992736
-1017822
-1044830
-1041381
-1014160
-1000061
-1017944
-1043884
-1042510
-1013366
-991485
-1001586
-1025604
-1026336
-996185
-967193
-969116
-990386
-993225
-963012
-927703
-921234
-938995
-943847
-914550
-873931
-859008
-872589
-879272
-851837
-806976
-783813
-792541
-800842
-776153
-728332
-697265
-700561
-710205
-689056
-639617
-601196
-598510
-609130
-592315
-542633
-497528
-488494
-499572
-487731
-439300
-388397
-372650
-383636
-377288
-331542
-275848
-253112
-263336
-262878
-221313
-161956
-132049
-140777
-146453
-110504
-48767
-11535
-17944
-29754
-885
61828
106384
103332
85479
105895
168090
219970
221405
197845
208435
268402
327514
334686
305999
305419
361358
427520
441955
408935
395812
445648
518707
542114
505828
478698
520050
599761
634399
596252
553466
583435
669586
718261
680267
619598
634429
726837
793670
758514
676940
671203
769805
861145
833068
725555
690460
795471
922546
909118
766082
684631
796691
983612
1001892
800964
629913
749359
1067138
1177551
842803
386657
474578
1414337
2706573
3393524
2924774
1678100
600769
340423
739379
1143981
1120330
808746
627075
752593
974273
1007354
836700
691650
737457
885894
934356
825744
701782
707794
813262
866485
793914
684814
666442
741668
795074
746429
649322
614440
666137
717071
685607
598937
552459
584716
631469
612823
535736
481048
496734
538146
529205
461151
400909
402252
437377
435821
376403
312744
301635
329925
333831
282745
217529
195678
216705
224548
181488
116333
85388
98968
109436
74127
10498
-27954
-21759
-9857
-37719
-98510
-142913
-143951
-131500
-152313
-209075
-257812
-265747
-253570
-267669
-319396
-370910
-385162
-373931
-381774
-427551
-480316
-500213
-490478
-492523
-531585
-584075
-608886
-601043
-597778
-629516
-680297
-709075
-703460
-695465
-719451
-767150
-798919
-795684
-783569
-799499
-842834
-876586
-875854
-860260
-867980
-905853
-940521
-942291
-923858
-923492
-954864
-989379
-993560
-973022
-964752
-988830
-1022094
-1028564
-1006622
-990905
-1007019
-1037994
-1046539
-1023895
-1001312
-1009033
-1036773
-1047088
-1024505
-995758
-994842
-1018402
-1030181
-1008392
-974395
-964752
-983337
-996185
-975891
-937652
-919464
-932373
-945861
-927703
-886352
-859985
-866577
-880249
-864837
-821594
-787567
-787414
-800750
-788635
-744720
-703857
-696563
-708984
-700622
-657409
-610534
-595886
-606842
-602539
-561340
-509582
-487457
-496307
-496307
-458404
-402954
-373382
-379486
-383819
-350555
-292724
-255859
-258483
-267120
-239654
-180908
-137023
-135437
-148132
-127624
-69458
-18951
-12359
-28686
-16204
39703
96374
108825
89447
92956
144989
207153
226379
204772
198486
244750
311737
338714
315917
299102
337677
408569
444458
421752
393768
422515
496337
542419
521484
481719
498199
573730
631622
614562
562408
563690
639465
711303
700958
635681
617919
692138
780944
781250
701782
659515
729644
840148
857269
761810
686157
748229
888946
933776
818939
692718
739044
927917
1024719
882659
663665
672668
960083
1187896
998443
513641
349395
1014709
2288055
3280303
3208862
2131561
891601
330291
568542
1044586
1178649
920104
654022
682830
909423
1025421
905181
722900
701019
837493
937652
873992
733795
688934
775451
862426
829772
716552
658874
711853
786926
773651
680206
614929
642944
706695
706298
628601
558990
567321
620086
628326
563873
492248
484588
526550
540466
487487
415679
394866
426239
443572
400756
330261
298614
319702
338684
304901
236999
196624
207794
226959
201324
137084
89904
91644
109863
91491
31860
-20294
-27343
-10986
-22888
-77056
-132537
-147613
-133880
-140045
-188079
-245208
-267456
-256866
-258026
-299346
-356536
-384948
-377868
-374694
-408905
-464660
-498107
-494812
-487976
-514739
-567657
-605010
-605499
-595703
-614837
-663604
-703613
-707855
-695709
-707183
-750671
-792083
-799865
-785980
-789947
-827056
-868621
-879638
-864624
-861297
-891235
-931671
-945556
-929962
-919769
-941802
-979919
-996215
-980621
-964050
-977722
-1012359
-1030487
-1015441
-993164
-998168
-1028320
-1047698
-1033660
-1006469
-1002716
-1027404
-1047424
-1034881
-1003631
-991241
-1009704
-1029693
-1019012
-984741
-964050
-975585
-994903
-986450
-950164
-921691
-925811
-943817
-937866
-900695
-865173
-861511
-877502
-874298
-837371
-795684
-784057
-797363
-797058
-761505
-714752
-695129
-705139
-707702
-674713
-624023
-596557
-602630
-608032
-578674
-525390
-490386
-491912
-500000
-475250
-420837
-378723
-375122
-385528
-366394
-312286
-263702
-254425
-266723
-253997
-201751
-147430
-131927
-145538
-139923
-91125
-31982
-9735
-23925
-25939
17700
80718
110198
96313
86273
123199
188873
226104
213623
195312
223785
290832
336334
326568
299896
318176
385162
439422
433898
399017
405212
470428
534088
534698
491943
483947
545440
619232
628326
578216
553558
608947
693817
714569
657775
613250
659423
756896
793670
731292
662261
694793
807281
866943
800476
699493
711242
843261
937927
870056
722808
699920
860809
1016937
953948
726135
631958
846557
1145629
1115112
678344
326629
691589
1836303
3036682
3369750
2566467
1267547
418640
424987
900512
1187591
1031616
718902
637847
829925
1013336
966094
774871
684692
784179
919921
912567
778198
686859
737548
842987
855407
755523
665496
684783
767425
790649
714782
627380
624298
688079
717102
659362
575531
555633
602966
634521
591125
511688
478820
511352
543182
511474
437042
394195
413299
443634
421569
352752
302368
309204
336730
322692
260009
204193
199890
223632
216186
160003
100708
86395
105590
103576
54229
-6805
-29907
-15777
-13488
-55755
-116973
-147613
-138854
-133178
-168243
-228118
-264953
-261688
-253540
-281341
-338439
-380157
-382324
-372436
-393005
-446136
-491302
-498687
-487762
-501251
-549224
-596405
-608642
-597320
-603942
-645782
-693572
-710174
-698974
-699066
-733917
-780914
-801269
-790649
-784637
-811859
-856719
-880096
-870483
-858886
-877960
-919403
-945037
-936798
-920196
-930816
-967681
-994750
-988128
-967224
-969299
-1000549
-1028167
-1023345
-998931
-992523
-1017242
-1044555
-1041748
-1014617
-1000030
-1017456
-1043609
-1042846
-1013916
-991607
-1001190
-1025299
-1026641
-996826
-967468
-968811
-990081
-993469
-963684
-928131
-921051
-938690
-944061
-915252
-874481
-858978
-872283
-879425
-852539
-807678
-783905
-792266
-800933
-776855
-729125
-697479
-700317
-710235
-689727
-640502
-601562
-598327
-609069
-592926
-543579
-498046
-488372
-499481
-488281
-440277
-389007
-372589
-383453
-377746
-332550
-276580
-253112
-263122
-263214
-222320
-162841
-132171
-140502
-146636
-111450
-49743
-11779
-17608
-29815
-1770
60760
106018
103668
85601
105133
166931
219451
221740
198120
207794
267211
326873
335021
306427
304931
360107
426727
442230
409515
395507
444396
517700
542327
506591
478637
518798
598571
634490
597229
553680
582244
668151
718200
681396
620208
633331
725128
793334
759857
678009
670288
767761
860412
834564
727203
689819
792968
921234
910797
768615
684448
793487
981262
1003753
805084
630767
744781
1062225
1179412
851196
391662
465789
1392974
2687072
3391204
2941528
1700561
612976
337829
730651
1140258
1124237
814025
627471
748718
971557
1008911
840118
692657
735260
883728
935028
828277
703002
706512
811492
866699
795867
686157
665740
740203
794952
747985
650695
614196
664916
716796
686828
600341
552520
583770
631103
613800
537109
481414
496032
537689
529968
462493
401458
401733
436920
436401
377655
313476
301330
329467
334259
283935
218383
195587
216278
224822
182556
117279
85449
98602
109588
75073
11505
-27709
-22094
-9796
-36865
-97473
-142517
-144195
-131530
-151580
-208038
-257324
-265899
-253662
-267059
-318389
-370300
-385253
-374084
-381317
-426574
-479614
-500213
-490692
-492187
-530700
-583343
-608795
-601257
-597595
-628723
-679534
-708923
-703704
-695404
-718750
-766357
-798675
-795928
-783630
-798919
-842071
-876312
-876129
-860412
-867553
-905120
-940185
-942535
-924133
-923187
-954193
-988983
-993774
-973358
-964630
-988250
-1021667
-1028778
-1007049
-990905
-1006530
-1037567
-1046691
-1024414
-1001495
-1008636
-1036346
-1047210
-1025054
-996093
-994567
-1017974
-1030242
-1008972
-974853
-964630
-982971
-996215
-976501
-938232
-919464
-932037
-945831
-928283
-887023
-860137
-866302
-880187
-865417
-822357
-787872
-787200
-800628
-789154
-745574
-704284
-696411
-708862
-701080
-658294
-611114
-595855
-606658
-602935
-562255
-510284
-487518
-496093
-496582
-459320
-403778
-373535
-379272
-384033
-351440
-293640
-256134
-258239
-267211
-240478
-181915
-137420
-135192
-148071
-128356
-70556
-19470
-12145
-28503
-16815
38574
95703
109008
89721
92468
143829
206359
226501
205169
198181
243621
310791
338775
316436
298980
336578
407501
444396
422393
393890
421508
495086
542205
522216
482086
497283
572326
631225
615386
563079
562957
637908
710662
701843
636657
617401
690429
779968
782135
703186
659332
727722
838775
858093
763763
686431
746093
886901
934509
821594
693756
736572
924743
1025054
886566
666198
669738
954406
1186981
1005340
521240
345886
996520
2265899
3271057
3220031
2154113
908569
332275
560455
1038299
1180358
925842
656402
679901
905700
1025573
908477
725036
699676
834869
937255
876190
735778
688415
773498
861816
831329
718383
658843
710388
786193
774780
681884
615264
641876
705932
707092
630157
559570
566589
619354
628875
565307
493041
484130
525848
540832
488769
416625
394653
425628
443756
401885
331268
298645
319152
338745
305908
238067
196838
207336
226928
202178
138183
90301
91308
109741
92224
32989
-19744
-27557
-11169
-22277
-75958
-131866
-147735
-134094
-139587
-187042
-244445
-267425
-257080
-257659
-298370
-355712
-384826
-378112
-374481
-408020
-463775
-497894
-495025
-487884
-513977
-566772
-604705
-605712
-595703
-614196
-662719
-703247
-708038
-695800
-706695
-749816
-791625
-800018
-786163
-789550
-826263
-868103
-879760
-864898
-861083
-890533
-931121
-945617
-930328
-919677
-941192
-979370
-996246
-981018
-964111
-977233
-1011810
-1030487
-1015869
-993377
-997802
-1027770
-1047637
-1034118
-1006805
-1002471
-1026916
-1047332
-1035339
-1004089
-991149
-1009246
-1029571
-1019500
-985321
-964111
-975189
-994750
-986907
-950836
-921936
-925506
-943603
-938293
-901428
-865539
-861297
-877288
-874664
-838165
-796203
-783966
-797149
-797363
-762329
-715393
-695159
-704895
-707946
-675537
-624786
-596710
-602386
-608184
-579467
-526275
-490661
-491699
-500061
-476013
-421783
-379119
-374938
-385498
-367065
-313293
-264221
-254272
-266601
-254577
-202789
-148101
-131835
-145324
-140380
-92193
-32775
-9704
-23620
-26275
16662
79803
110137
96710
86090
122192
187835
225952
214080
195312
222869
289703
336029
327056
300109
317352
383911
438964
434417
399444
404541
469116
533447
535247
492584
483489
544036
618377
628845
579101
553314
607482
692718
714996
658966
613342
657928
755462
793945
732788
662750
693298
805419
867004
802368
700561
709777
840789
937561
872406
724792
698547
857360
1015777
957031
729797
630950
841064
1142303
1119628
687042
327941
677856
1813598
3021453
3374206
2586975
1288116
425842
419036
892456
1186584
1036834
723052
636444
825775
1011901
968750
777893
684509
781555
918518
914123
780609
687225
735778
841644
856323
757568
666198
683593
766204
791168
716522
628295
623565
686981
717346
660858
576599
555236
602020
634582
592407
512817
478729
510559
543090
512542
438232
394348
412658
443420
422454
353973
302764
308715
336486
323425
261199
204742
199554
223327
216766
161163
101409
86242
105285
104003
55328
-6011
-29937
-16082
-13153
-54748
-116088
-147460
-139129
-132965
-167327
-227172
-264709
-261932
-253417
-280517
-337463
-379791
-382537
-372436
-392333
-445159
-490814
-498840
-487854
-500671
-548278
-595855
-608734
-597473
-603515
-644897
-692962
-710205
-699188
-698760
-733123
-780273
-801239
-790924
-784484
-811126
-856048
-880004
-870788
-858886
-877349
-918731
-944915
-937103
-920318
-930358
-967041
-994567
-988464
-967468
-968963
-999908
-1027923
-1023712
-999298
-992370
-1016693
-1044311
-1042053
-1015075
-1000000
-1016998
-1043304
-1043151
-1014465
-991729
-1000823
-1024993
-1026916
-997436
-967742
-968536
-989776
-993713
-964355
-928558
-920898
-938385
-944244
-915954
-875030
-858917
-871978
-879547
-853271
-808349
-783996
-791992
-801025
-777557
-729919
-697723
-700073
-710235
-690399
-641387
-601928
-598144
-609039
-593536
-544525
-498535
-488250
-499359
-488830
-441253
-389648
-372528
-383270
-378173
-333526
-277343
-253173
-262878
-263549
-223297
-163696
-132293
-140228
-146850
-112396
-50720
-12023
-17303
-29846
-2624
59661
105651
104003
85693
104339
165802
218963
222076
198394
207153
265991
326202
335357
306884
304473
358886
425903
442504
410156
395233
443145
516693
542510
507385
478607
517578
597351
634552
598205
553955
581085
666717
718078
682556
620819
632293
723419
792968
761138
679077
669403
765716
859680
836059
728881
689208
790466
919921
912414
771179
684356
790313
978881
1005523
809234
631713
740295
1057281
1181121
859558
396820
457244
1371734
2667388
3388519
2958007
1723083
625457
335418
721923
1136413
1128051
819366
627960
744873
968750
1010437
843566
693695
733093
881530
935638
830780
704284
705261
809692
866821
797790
687530
665100
738739
794830
749511
652099
613952
663726
716491
688049
601745
552642
582824
630676
614746
538482
481781
495330
537231
530700
463806
402038
401275
436431
436950
378936
314208
301055
328979
334625
285095
219238
195495
215850
225067
183654
118255
85571
98205
109710
76049
12512
-27435
-22399
-9735
-36041
-96435
-142120
-144439
-131561
-150848
-207000
-256805
-266052
-253753
-266479
-317352
-369689
-385314
-374237
-380859
-425628
-478912
-500213
-490875
-491851
-529785
-582580
-608703
-601501
-597381
-627929
-678741
-708740
-703948
-695312
-718048
-765563
-798431
-796203
-783660
-798370
-841278
-876007
-876342
-860565
-867126
-904388
-939819
-942779
-924407
-922912
-953521
-988586
-993988
-973724
-964508
-987640
-1021270
-1028930
-1007476
-990936
-1006042
-1037139
-1046844
-1024902
-1001647
-1008270
-1035888
-1047302
-1025604
-996398
-994323
-1017578
-1030334
-1009552
-975311
-964508
-982574
-996246
-977081
-938812
-919494
-931671
-945831
-928894
-887725
-860290
-865997
-880126
-865966
-823120
-788208
-786987
-800537
-789672
-746429
-704742
-696289
-708709
-701538
-659179
-611724
-595794
-606475
-603302
-563171
-510986
-487548
-495910
-496887
-460235
-404602
-373718
-379028
-384216
-352294
-294586
-256408
-258026
-267272
-241302
-182922
-137817
-134979
-148040
-129089
-71624
-19989
-11932
-28350
-17456
37475
95031
109161
90026
92010
142700
205566
226623
205596
197875
242492
309844
338775
316986
298889
335510
406402
444305
423065
394012
420501
493835
541961
522979
482452
496398
570922
630798
616210
563751
562225
636383
710021
702697
637695
616912
688690
778991
782989
704589
659149
725830
837341
858917
765686
686737
743957
884826
935150
824279
694824
734161
921539
1025299
890441
668792
666870
948730
1185913
1012145
528930
342651
978515
2243682
3261505
3230865
2176574
925750
334472
552459
1031921
1181945
931579
658874
677032
901947
1025604
911804
727233
698394
832244
936828
878387
737792
687927
771545
861145
832885
720214
658874
708923
785430
775878
683593
615631
640808
705169
707855
631713
560211
565856
618591
629394
566711
493835
483703
525146
541137
490051
417572
394470
424987
443939
403045
332305
298675
318603
338775
306915
239166
197082
206909
226867
203063
139312
90698
90972
109619
92956
34118
-19195
-27770
-11322
-21697
-74890
-131195
-147827
-134307
-139129
-186004
-243682
-267425
-257324
-257324
-297424
-354858
-384674
-378326
-374267
-407165
-462890
-497650
-495239
-487792
-513214
-565856
-604370
-605895
-595703
-613555
-661834
-702819
-708221
-695922
-706176
-748962
-791137
-800140
-786346
-789215
-825469
-867584
-879852
-865173
-860870
-889801
-930572
-945678
-930664
-919616
-940582
-978820
-996246
-981414
-964202
-976745
-1011260
-1030456
-1016296
-993591
-997436
-1027252
-1047576
-1034576
-1007171
-1002258
-1026397
-1047241
-1035797
-1004577
-991088
-1008819
-1029418
-1019958
-985900
-964202
-974822
-994567
-987335
-951507
-922149
-925231
-943420
-938690
-902160
-865936
-861114
-877044
-875000
-838928
-796722
-783874
-796905
-797637
-763153
-716033
-695159
-704650
-708160
-676330
-625579
-596862
-602172
-608337
-580261
-527160
-490936
-491485
-500091
-476745
-422729
-379547
-374755
-385467
-367736
-314300
-264770
-254150
-266479
-255157
-203857
-148773
-131744
-145111
-140838
-93261
-33569
-9704
-23315
-26580
15625
78887
110046
97076
85937
121185
186798
225738
214538
195343
221923
288574
335723
327545
300323
316558
382659
438507
434936
399871
403900
467773
532806
535766
493255
483032
542663
617492
629333
580017
553100
606018
691558
715393
660156
613433
656433
753997
794219
734283
663299
691802
803558
867004
804199
701690
708343
838287
937164
874725
726806
697235
853912
1014526
960052
733520
630065
835571
1138885
1124053
695739
329498
664367
1790893
3005981
3378295
2607330
1308807
433288
413269
884307
1185424
1042022
727264
635131
821655
1010437
971343
780944
684387
778930
917053
915649
783050
687652
734008
840301
857238
759582
666931
682434
764953
791687
718261
629272
622833
685882
717590
662322
577697
554901
601074
634613
593658
514007
478668
509765
542968
513610
439453
394561
412017
443237
423339
355194
303161
308258
336212
324157
262390
205322
199249
223022
217346
162322
102111
86090
104980
104431
56427
-5187
-29937
-16387
-12847
-53710
-115173
-147338
-139404
-132781
-166412
-226196
-264434
-262176
-253356
-279693
-336486
-379394
-382720
-372436
-391632
-444183
-490356
-498962
-487945
-500122
-547332
-595306
-608825
-597625
-603088
-644012
-692352
-710235
-699401
-698486
-732299
-779602
-801208
-791198
-784362
-810424
-855346
-879913
-871093
-858886
-876770
-918060
-944763
-937438
-920440
-929901
-966369
-994354
-988800
-967742
-968658
-999298
-1027709
-1024047
-999664
-992187
-1016143
-1044036
-1042388
-1015563
-1000000
-1016510
-1043029
-1043457
-1015014
-991882
-1000427
-1024688
-1027191
-998046
-968048
-968261
-989440
-993927
-965026
-928985
-920745
-938079
-944427
-916656
-875610
-858886
-871704
-879699
-853973
-809051
-784118
-791717
-801086
-778259
-730712
-697967
-699859
-710235
-691070
-642242
-602294
-597961
-608978
-594146
-545471
-499053
-488159
-499237
-489349
-442230
-390319
-372497
-383087
-378601
-334533
-278137
-253204
-262664
-263854
-224273
-164611
-132446
-139953
-147003
-113342
-51727
-12298
-16998
-29907
-3509
58593
105255
104339
85815
103576
164642
218444
222412
198669
206512
264801
325531
335662
307342
304016
357635
425079
442779
410766
394989
441894
515686
542694
508178
478607
516387
596130
634582
599151
554260
579925
665252
717926
683654
621490
631256
721710
792572
762451
680175
668548
763671
858917
837493
730560
688629
787994
918518
914031
773742
684295
787170
976409
1007232
813354
632781
735870
1052246
1182708
867858
402160
449005
1350646
2647521
3385467
2974243
1745635
638183
333251
713195
1132415
1131774
824737
628570
741027
965911
1011871
847015
694824
730957
879302
936187
833312
705596
704040
807891
866943
799743
688934
664459
737243
794647
751007
653533
613769
662536
716156
689239
603149
552764
581878
630249
615692
539886
482177
494628
536743
531433
465118
402648
400787
435943
437469
380187
314971
300811
328521
335021
286254
220123
195434
215393
225311
184692
119232
85662
97839
109832
76995
13549
-27160
-22705
-9704
-35186
-95367
-141693
-144683
-131622
-150146
-205963
-256256
-266204
-253875
-265899
-316345
-369049
-385375
-374420
-380401
-424652
-478210
-500183
-491088
-491546
-528900
-581817
-608581
-601715
-597198
-627136
-677947
-708557
-704193
-695251
-717376
-764739
-798187
-796447
-783721
-797790
-840515
-875671
-876586
-860748
-866729
-903656
-939453
-942993
-924682
-922668
-952850
-988189
-994201
-974090
-964385
-987060
-1020843
-1029113
-1007934
-990997
-1005554
-1036712
-1046997
-1025421
-1001861
-1007904
-1035461
-1047424
-1026153
-996734
-994079
-1017150
-1030364
-1010131
-975769
-964385
-982177
-996246
-977661
-939392
-919525
-931335
-945770
-929443
-888427
-860473
-865722
-880035
-866516
-823913
-788513
-786773
-800415
-790191
-747283
-705230
-696136
-708557
-701965
-660064
-612304
-595764
-606292
-603668
-564056
-511718
-487609
-495697
-497161
-461120
-405456
-373901
-378784
-384368
-353179
-295532
-256713
-257781
-267333
-242095
-183959
-138244
-134735
-147979
-129821
-72692
-20538
-11718
-28167
-18035
36346
94360
109344
90332
91552
141571
204742
226715
206024
197601
241394
308868
338806
317535
298797
334442
405273
444183
423706
394134
419494
492584
541717
523712
482849
495544
569519
630340
617004
564422
561523
634826
709320
703552
638702
616455
686981
777984
783843
706024
659027
723937
835876
859710
767639
687072
741882
882690
935760
826934
695953
731811
918304
1025482
894317
671478
664123
943023
1184722
1018859
536682
339691
960723
2221374
3251586
3241394
2199005
943145
336944
544525
1025451
1183380
937286
661437
674224
898132
1025573
915069
729492
697143
829589
936309
880554
739807
687469
769592
860443
834381
722076
658935
707489
784667
776947
685272
616027
639739
704376
708587
633270
560852
565124
617797
629882
568115
494689
483276
524444
541442
491333
418518
394287
424346
444061
404174
333374
298736
318084
338806
307891
240264
197326
206481
226806
203887
140441
91125
90667
109497
93658
35217
-18615
-27954
-11535
-21118
-73791
-130523
-147888
-134521
-138671
-184967
-242889
-267364
-257537
-257019
-296478
-354034
-384521
-378570
-374084
-406311
-462005
-497406
-495452
-487701
-512481
-564971
-604034
-606109
-595733
-612945
-660949
-702392
-708374
-696014
-705688
-748107
-790679
-800292
-786560
-788848
-824707
-867065
-879943
-865447
-860656
-889099
-930023
-945739
-930999
-919586
-940002
-978240
-996246
-981781
-964294
-976257
-1010681
-1030426
-1016723
-993835
-997100
-1026702
-1047485
-1035034
-1007507
-1002044
-1025909
-1047119
-1036254
-1005065
-991027
-1008361
-1029266
-1020385
-986480
-964294
-974456
-994384
-987762
-952178
-922393
-924957
-943206
-939086
-902923
-866333
-860931
-876831
-875366
-839721
-797271
-783813
-796661
-797912
-763946
-716705
-695220
-704406
-708374
-677154
-626342
-597015
-601928
-608459
-581024
-528015
-491241
-491302
-500152
-477478
-423675
-379974
-374603
-385437
-368408
-315338
-265319
-253997
-266357
-255706
-204895
-149444
-131683
-144897
-141265
-94329
-34362
-9704
-23010
-26885
14587
77941
109954
97473
85784
120208
185760
225555
214965
195373
221038
287414
335388
328033
300567
315765
381408
437988
435455
400329
403259
466461
532135
536254
493927
482574
541259
616607
629821
580963
552917
604583
690429
715789
661346
613586
654968
752502
794464
735778
663848
690368
801635
867004
806060
702850
706939
835815
936706
877014
728881
696014
850463
1013244
963012
737243
629272
830139
1135375
1128295
704467
331268
651153
1768249
2990234
3382049
2627502
1329650
441009
407623
876129
1184143
1047180
731536
633911
817504
1008880
973907
784027
684295
776336
915557
917114
785522
688140
732269
838897
858093
761627
667724
681274
763702
792144
719970
630249
622161
684783
717773
663787
578796
554565
600097
634613
594909
515167
478637
508972
542846
514648
440673
394744
411376
442993
424224
356414
303558
307800
335937
324859
263610
205902
198944
222717
217895
163482
102844
85937
104675
104858
57495
-4333
-29907
-16693
-12573
-52703
-114257
-147186
-139678
-132598
-165496
-225250
-264160
-262420
-253265
-278900
-335510
-378997
-382904
-372467
-390960
-443206
-489837
-499114
-488037
-499603
-546386
-594726
-608917
-597808
-602691
-643127
-691711
-710235
-699615
-698211
-731506
-778930
-801147
-791442
-784210
-809722
-854675
-879791
-871398
-858886
-876190
-917358
-944580
-937744
-920593
-929443
-965698
-994171
-989105
-967987
-968322
-998687
-1027435
-1024353
-1000061
-992034
-1015563
-1043731
-1042694
-1016021
-1000000
-1016021
-1042694
-1043731
-1015563
-992034
-1000061
-1024353
-1027435
-998687
-968322
-967987
-989105
-994171
-965698
-929443
-920593
-937744
-944580
-917358
-876190
-858886
-871398
-879791
-854675
-809722
-784210
-791442
-801147
-778930
-731506
-698211
-699615
-710235
-691711
-643127
-602691
-597808
-608917
-594726
-546386
-499603
-488037
-499114
-489837
-443206
-390960
-372467
-382904
-378997
-335510
-278900
-253265
-262420
-264160
-225250
-165496
-132598
-139678
-147186
-114257
-52703
-12573
-16693
-29907
-4333
57495
104858
104675
85937
102844
163482
217895
222717
198944
205902
263610
324859
335937
307800
303558
356414
424224
442993
411376
394744
440673
514648
542846
508972
478637
515167
594909
634613
600097
554565
578796
663787
717773
684783
622161
630249
719970
792144
763702
681274
667724
761627
858093
838897
732269
688140
785522
917114
915557
776336
684295
784027
973907
1008880
817504
633911
731536
1047180
1184143
876129
407623
441009
1329650
2627502
3382049
2990234
1768249
651153
331268
704467
1128295
1135375
830139
629272
737243
963012
1013244
850463
696014
728881
877014
936706
835815
706939
702850
806060
867004
801635
690368
663848
735778
794464
752502
654968
613586
661346
715789
690429
604583
552917
580963
629821
616607
541259
482574
493927
536254
532135
466461
403259
400329
435455
437988
381408
315765
300567
328033
335388
287414
221038
195373
214965
225555
185760
120208
85784
97473
109954
77941
14587
-26885
-23010
-9704
-34362
-94329
-141265
-144897
-131683
-149444
-204895
-255706
-266357
-253997
-265319
-315338
-368408
-385437
-374603
-379974
-423675
-477478
-500152
-491302
-491241
-528015
-581024
-608459
-601928
-597015
-626342
-677154
-708374
-704406
-695220
-716705
-763946
-797912
-796661
-783813
-797271
-839721
-875366
-876831
-860931
-866333
-902923
-939086
-943206
-924957
-922393
-952178
-987762
-994384
-974456
-964294
-986480
-1020385
-1029266
-1008361
-991027
-1005065
-1036254
-1047119
-1025909
-1002044
-1007507
-1035034
-1047485
-1026702
-997100
-993835
-1016723
-1030426
-1010681
-976257
-964294
-981781
-996246
-978240
-940002
-919586
-930999
-945739
-930023
-889099
-860656
-865447
-879943
-867065
-824707
-788848
-786560
-800292
-790679
-748107
-705688
-696014
-708374
-702392
-660949
-612945
-595733
-606109
-604034
-564971
-512481
-487701
-495452
-497406
-462005
-406311
-374084
-378570
-384521
-354034
-296478
-257019
-257537
-267364
-242889
-184967
-138671
-134521
-147888
-130523
-73791
-21118
-11535
-27954
-18615
35217
93658
109497
90667
91125
140441
203887
226806
206481
197326
240264
307891
338806
318084
298736
333374
404174
444061
424346
394287
418518
491333
541442
524444
483276
494689
568115
629882
617797
565124
560852
633270
708587
704376
639739
616027
685272
776947
784667
707489
658935
722076
834381
860443
769592
687469
739807
880554
936309
829589
697143
729492
915069
1025573
898132
674224
661437
937286
1183380
1025451
544525
336944
943145
2199005
3241394
3251586
2221374
960723
339691
536682
1018859
1184722
943023
664123
671478
894317
1025482
918304
731811
695953
826934
935760
882690
741882
687072
767639
859710
835876
723937
659027
706024
783843
777984
686981
616455
638702
703552
709320
634826
561523
564422
617004
630340
569519
495544
482849
523712
541717
492584
419494
394134
423706
444183
405273
334442
298797
317535
338806
308868
241394
197601
206024
226715
204742
141571
91552
90332
109344
94360
36346
-18035
-28167
-11718
-20538
-72692
-129821
-147979
-134735
-138244
-183959
-242095
-267333
-257781
-256713
-295532
-353179
-384368
-378784
-373901
-405456
-461120
-497161
-495697
-487609
-511718
-564056
-603668
-606292
-595764
-612304
-660064
-701965
-708557
-696136
-705230
-747283
-790191
-800415
-786773
-788513
-823913
-866516
-880035
-865722
-860473
-888427
-929443
-945770
-931335
-919525
-939392
-977661
-996246
-982177
-964385
-975769
-1010131
-1030364
-1017150
-994079
-996734
-1026153
-1047424
-1035461
-1007904
-1001861
-1025421
-1046997
-1036712
-1005554
-990997
-1007934
-1029113
-1020843
-987060
-964385
-974090
-994201
-988189
-952850
-922668
-924682
-942993
-939453
-903656
-866729
-860748
-876586
-875671
-840515
-797790
-783721
-796447
-798187
-764739
-717376
-695251
-704193
-708557
-677947
-627136
-597198
-601715
-608581
-581817
-528900
-491546
-491088
-500183
-478210
-424652
-380401
-374420
-385375
-369049
-316345
-265899
-253875
-266204
-256256
-205963
-150146
-131622
-144683
-141693
-95367
-35186
-9704
-22705
-27160
13549
76995
109832
97839
85662
119232
184692
225311
215393
195434
220123
286254
335021
328521
300811
314971
380187
437469
435943
400787
402648
465118
531433
536743
494628
482177
539886
615692
630249
581878
552764
603149
689239
716156
662536
613769
653533
751007
794647
737243
664459
688934
799743
866943
807891
704040
705596
833312
936187
879302
730957
694824
847015
1011871
965911
741027
628570
824737
1131774
1132415
713195
333251
638183
1745635
2974243
3385467
2647521
1350646
449005
402160
867858
1182708
1052246
735870
632781
813354
1007232
976409
787170
684295
773742
914031
918518
787994
688629
730560
837493
858917
763671
668548
680175
762451
792572
721710
631256
621490
683654
717926
665252
579925
554260
599151
634582
596130
516387
478607
508178
542694
515686
441894
394989
410766
442779
425079
357635
304016
307342
335662
325531
264801
206512
198669
222412
218444
164642
103576
85815
104339
105255
58593
-3509
-29907
-16998
-12298
-51727
-113342
-147003
-139953
-132446
-164611
-224273
-263854
-262664
-253204
-278137
-334533
-378601
-383087
-372497
-390319
-442230
-489349
-499237
-488159
-499053
-545471
-594146
-608978
-597961
-602294
-642242
-691070
-710235
-699859
-697967
-730712
-778259
-801086
-791717
-784118
-809051
-853973
-879699
-871704
-858886
-875610
-916656
-944427
-938079
-920745
-928985
-965026
-993927
-989440
-968261
-968048
-998046
-1027191
-1024688
-1000427
-991882
-1015014
-1043457
-1043029
-1016510
-1000000
-1015563
-1042388
-1044036
-1016143
-992187
-999664
-1024047
-1027709
-999298
-968658
-967742
-988800
-994354
-966369
-929901
-920440
-937438
-944763
-918060
-876770
-858886
-871093
-879913
-855346
-810424
-784362
-791198
-801208
-779602
-732299
-698486
-699401
-710235
-692352
-644012
-603088
-597625
-608825
-595306
-547332
-500122
-487945
-498962
-490356
-444183
-391632
-372436
-382720
-379394
-336486
-279693
-253356
-262176
-264434
-226196
-166412
-132781
-139404
-147338
-115173
-53710
-12847
-16387
-29937
-5187
56427
104431
104980
86090
102111
162322
217346
223022
199249
205322
262390
324157
336212
308258
303161
355194
423339
443237
412017
394561
439453
513610
542968
509765
478668
514007
593658
634613
601074
554901
577697
662322
717590
685882
622833
629272
718261
791687
764953
682434
666931
759582
857238
840301
734008
687652
783050
915649
917053
778930
684387
780944
971343
1010437
821655
635131
727264
1042022
1185424
884307
413269
433288
1308807
2607330
3378295
3005981
1790893
664367
329498
695739
1124053
1138885
835571
630065
733520
960052
1014526
853912
697235
726806
874725
937164
838287
708343
701690
804199
867004
803558
691802
663299
734283
794219
753997
656433
613433
660156
715393
691558
606018
553100
580017
629333
617492
542663
483032
493255
535766
532806
467773
403900
399871
434936
438507
382659
316558
300323
327545
335723
288574
221923
195343
214538
225738
186798
121185
85937
97076
110046
78887
15625
-26580
-23315
-9704
-33569
-93261
-140838
-145111
-131744
-148773
-203857
-255157
-266479
-254150
-264770
-314300
-367736
-385467
-374755
-379547
-422729
-476745
-500091
-491485
-490936
-527160
-580261
-608337
-602172
-596862
-625579
-676330
-708160
-704650
-695159
-716033
-763153
-797637
-796905
-783874
-796722
-838928
-875000
-877044
-861114
-865936
-902160
-938690
-943420
-925231
-922149
-951507
-987335
-994567
-974822
-964202
-985900
-1019958
-1029418
-1008819
-991088
-1004577
-1035797
-1047241
-1026397
-1002258
-1007171
-1034576
-1047576
-1027252
-997436
-993591
-1016296
-1030456
-1011260
-976745
-964202
-981414
-996246
-978820
-940582
-919616
-930664
-945678
-930572
-889801
-860870
-865173
-879852
-867584
-825469
-789215
-786346
-800140
-791137
-748962
-706176
-695922
-708221
-702819
-661834
-613555
-595703
-605895
-604370
-565856
-513214
-487792
-495239
-497650
-462890
-407165
-374267
-378326
-384674
-354858
-297424
-257324
-257324
-267425
-243682
-186004
-139129
-134307
-147827
-131195
-74890
-21697
-11322
-27770
-19195
34118
92956
109619
90972
90698
139312
203063
226867
206909
197082
239166
306915
338775
318603
298675
332305
403045
443939
424987
394470
417572
490051
541137
525146
483703
493835
566711
629394
618591
565856
560211
631713
707855
705169
640808
615631
683593
775878
785430
708923
658874
720214
832885
861145
771545
687927
737792
878387
936828
832244
698394
727233
911804
1025604
901947
677032
658874
931579
1181945
1031921
552459
334472
925750
2176574
3230865
3261505
2243682
978515
342651
528930
1012145
1185913
948730
666870
668792
890441
1025299
921539
734161
694824
824279
935150
884826
743957
686737
765686
858917
837341
725830
659149
704589
782989
778991
688690
616912
637695
702697
710021
636383
562225
563751
616210
630798
570922
496398
482452
522979
541961
493835
420501
394012
423065
444305
406402
335510
298889
316986
338775
309844
242492
197875
205596
226623
205566
142700
92010
90026
109161
95031
37475
-17456
-28350
-11932
-19989
-71624
-129089
-148040
-134979
-137817
-182922
-241302
-267272
-258026
-256408
-294586
-352294
-384216
-379028
-373718
-404602
-460235
-496887
-495910
-487548
-510986
-563171
-603302
-606475
-595794
-611724
-659179
-701538
-708709
-696289
-704742
-746429
-789672
-800537
-786987
-788208
-823120
-865966
-880126
-865997
-860290
-887725
-928894
-945831
-931671
-919494
-938812
-977081
-996246
-982574
-964508
-975311
-1009552
-1030334
-1017578
-994323
-996398
-1025604
-1047302
-1035888
-1008270
-1001647
-1024902
-1046844
-1037139
-1006042
-990936
-1007476
-1028930
-1021270
-987640
-964508
-973724
-993988
-988586
-953521
-922912
-924407
-942779
-939819
-904388
-867126
-860565
-876342
-876007
-841278
-798370
-783660
-796203
-798431
-765563
-718048
-695312
-703948
-708740
-678741
-627929
-597381
-601501
-608703
-582580
-529785
-491851
-490875
-500213
-478912
-425628
-380859
-374237
-385314
-369689
-317352
-266479
-253753
-266052
-256805
-207000
-150848
-131561
-144439
-142120
-96435
-36041
-9735
-22399
-27435
12512
76049
109710
98205
85571
118255
183654
225067
215850
195495
219238
285095
334625
328979
301055
314208
378936
436950
436431
401275
402038
463806
530700
537231
495330
481781
538482
614746
630676
582824
552642
601745
688049
716491
663726
613952
652099
749511
794830
738739
665100
687530
797790
866821
809692
705261
704284
830780
935638
881530
733093
693695
843566
1010437
968750
744873
627960
819366
1128051
1136413
721923
335418
625457
1723083
2958007
3388519
2667388
1371734
457244
396820
859558
1181121
1057281
740295
631713
809234
1005523
978881
790313
684356
771179
912414
919921
790466
689208
728881
836059
859680
765716
669403
679077
761138
792968
723419
632293
620819
682556
718078
666717
581085
553955
598205
634552
597351
517578
478607
507385
542510
516693
443145
395233
410156
442504
425903
358886
304473
306884
335357
326202
265991
207153
198394
222076
218963
165802
104339
85693
104003
105651
59661
-2624
-29846
-17303
-12023
-50720
-112396
-146850
-140228
-132293
-163696
-223297
-263549
-262878
-253173
-277343
-333526
-378173
-383270
-372528
-389648
-441253
-488830
-499359
-488250
-498535
-544525
-593536
-609039
-598144
-601928
-641387
-690399
-710235
-700073
-697723
-729919
-777557
-801025
-791992
-783996
-808349
-853271
-879547
-871978
-858917
-875030
-915954
-944244
-938385
-920898
-928558
-964355
-993713
-989776
-968536
-967742
-997436
-1026916
-1024993
-1000823
-991729
-1014465
-1043151
-1043304
-1016998
-1000000
-1015075
-1042053
-1044311
-1016693
-992370
-999298
-1023712
-1027923
-999908
-968963
-967468
-988464
-994567
-967041
-930358
-920318
-937103
-944915
-918731
-877349
-858886
-870788
-880004
-856048
-811126
-784484
-790924
-801239
-780273
-733123
-698760
-699188
-710205
-692962
-644897
-603515
-597473
-608734
-595855
-548278
-500671
-487854
-498840
-490814
-445159
-392333
-372436
-382537
-379791
-337463
-280517
-253417
-261932
-264709
-227172
-167327
-132965
-139129
-147460
-116088
-54748
-13153
-16082
-29937
-6011
55328
104003
105285
86242
101409
161163
216766
223327
199554
204742
261199
323425
336486
308715
302764
353973
422454
443420
412658
394348
438232
512542
543090
510559
478729
512817
592407
634582
602020
555236
576599
660858
717346
686981
623565
628295
716522
791168
766204
683593
666198
757568
856323
841644
735778
687225
780609
914123
918518
781555
684509
777893
968750
1011901
825775
636444
723052
1036834
1186584
892456
419036
425842
1288116
2586975
3374206
3021453
1813598
677856
327941
687042
1119628
1142303
841064
630950
729797
957031
1015777
857360
698547
724792
872406
937561
840789
709777
700561
802368
867004
805419
693298
662750
732788
793945
755462
657928
613342
658966
714996
692718
607482
553314
579101
628845
618377
544036
483489
492584
535247
533447
469116
404541
399444
434417
438964
383911
317352
300109
327056
336029
289703
222869
195312
214080
225952
187835
122192
86090
96710
110137
79803
16662
-26275
-23620
-9704
-32775
-92193
-140380
-145324
-131835
-148101
-202789
-254577
-266601
-254272
-264221
-313293
-367065
-385498
-374938
-379119
-421783
-476013
-500061
-491699
-490661
-526275
-579467
-608184
-602386
-596710
-624786
-675537
-707946
-704895
-695159
-715393
-762329
-797363
-797149
-783966
-796203
-838165
-874664
-877288
-861297
-865539
-901428
-938293
-943603
-925506
-921936
-950836
-986907
-994750
-975189
-964111
-985321
-1019500
-1029571
-1009246
-991149
-1004089
-1035339
-1047332
-1026916
-1002471
-1006805
-1034118
-1047637
-1027770
-997802
-993377
-1015869
-1030487
-1011810
-977233
-964111
-981018
-996246
-979370
-941192
-919677
-930328
-945617
-931121
-890533
-861083
-864898
-879760
-868103
-826263
-789550
-786163
-800018
-791625
-749816
-706695
-695800
-708038
-703247
-662719
-614196
-595703
-605712
-604705
-566772
-513977
-487884
-495025
-497894
-463775
-408020
-374481
-378112
-384826
-355712
-298370
-257659
-257080
-267425
-244445
-187042
-139587
-134094
-147735
-131866
-75958
-22277
-11169
-27557
-19744
32989
92224
109741
91308
90301
138183
202178
226928
207336
196838
238067
305908
338745
319152
298645
331268
401885
443756
425628
394653
416625
488769
540832
525848
484130
493041
565307
628875
619354
566589
559570
630157
707092
705932
641876
615264
681884
774780
786193
710388
658843
718383
831329
861816
773498
688415
735778
876190
937255
834869
699676
725036
908477
1025573
905700
679901
656402
925842
1180358
1038299
560455
332275
908569
2154113
3220031
3271057
2265899
996520
345886
521240
1005340
1186981
954406
669738
666198
886566
1025054
924743
736572
693756
821594
934509
886901
746093
686431
763763
858093
838775
727722
659332
703186
782135
779968
690429
617401
636657
701843
710662
637908
562957
563079
615386
631225
572326
497283
482086
522216
542205
495086
421508
393890
422393
444396
407501
336578
298980
316436
338775
310791
243621
198181
205169
226501
206359
143829
92468
89721
109008
95703
38574
-16815
-28503
-12145
-19470
-70556
-128356
-148071
-135192
-137420
-181915
-240478
-267211
-258239
-256134
-293640
-351440
-384033
-379272
-373535
-403778
-459320
-496582
-496093
-487518
-510284
-562255
-602935
-606658
-595855
-611114
-658294
-701080
-708862
-696411
-704284
-745574
-789154
-800628
-787200
-787872
-822357
-865417
-880187
-866302
-860137
-887023
-928283
-945831
-932037
-919464
-938232
-976501
-996215
-982971
-964630
-974853
-1008972
-1030242
-1017974
-994567
-996093
-1025054
-1047210
-1036346
-1008636
-1001495
-1024414
-1046691
-1037567
-1006530
-990905
-1007049
-1028778
-1021667
-988250
-964630
-973358
-993774
-988983
-954193
-923187
-924133
-942535
-940185
-905120
-867553
-860412
-876129
-876312
-842071
-798919
-783630
-795928
-798675
-766357
-718750
-695404
-703704
-708923
-679534
-628723
-597595
-601257
-608795
-583343
-530700
-492187
-490692
-500213
-479614
-426574
-381317
-374084
-385253
-370300
-318389
-267059
-253662
-265899
-257324
-208038
-151580
-131530
-144195
-142517
-97473
-36865
-9796
-22094
-27709
11505
75073
109588
98602
85449
117279
182556
224822
216278
195587
218383
283935
334259
329467
301330
313476
377655
436401
436920
401733
401458
462493
529968
537689
496032
481414
537109
613800
631103
583770
552520
600341
686828
716796
664916
614196
650695
747985
794952
740203
665740
686157
795867
866699
811492
706512
703002
828277
935028
883728
735260
692657
840118
1008911
971557
748718
627471
814025
1124237
1140258
730651
337829
612976
1700561
2941528
3391204
2687072
1392974
465789
391662
851196
1179412
1062225
744781
630767
805084
1003753
981262
793487
684448
768615
910797
921234
792968
689819
727203
834564
860412
767761
670288
678009
759857
793334
725128
633331
620208
681396
718200
668151
582244
553680
597229
634490
598571
518798
478637
506591
542327
517700
444396
395507
409515
442230
426727
360107
304931
306427
335021
326873
267211
207794
198120
221740
219451
166931
105133
85601
103668
106018
60760
-1770
-29815
-17608
-11779
-49743
-111450
-146636
-140502
-132171
-162841
-222320
-263214
-263122
-253112
-276580
-332550
-377746
-383453
-372589
-389007
-440277
-488281
-499481
-488372
-498046
-543579
-592926
-609069
-598327
-601562
-640502
-689727
-710235
-700317
-697479
-729125
-776855
-800933
-792266
-783905
-807678
-852539
-879425
-872283
-858978
-874481
-915252
-944061
-938690
-921051
-928131
-963684
-993469
-990081
-968811
-967468
-996826
-1026641
-1025299
-1001190
-991607
-1013916
-1042846
-1043609
-1017456
-1000030
-1014617
-1041748
-1044555
-1017242
-992523
-998931
-1023345
-1028167
-1000549
-969299
-967224
-988128
-994750
-967681
-930816
-920196
-936798
-945037
-919403
-877960
-858886
-870483
-880096
-856719
-811859
-784637
-790649
-801269
-780914
-733917
-699066
-698974
-710174
-693572
-645782
-603942
-597320
-608642
-596405
-549224
-501251
-487762
-498687
-491302
-446136
-393005
-372436
-382324
-380157
-338439
-281341
-253540
-261688
-264953
-228118
-168243
-133178
-138854
-147613
-116973
-55755
-13488
-15777
-29907
-6805
54229
103576
105590
86395
100708
160003
216186
223632
199890
204193
260009
322692
336730
309204
302368
352752
421569
443634
413299
394195
437042
511474
543182
511352
478820
511688
591125
634521
602966
555633
575531
659362
717102
688079
624298
627380
714782
790649
767425
684783
665496
755523
855407
842987
737548
686859
778198
912567
919921
784179
684692
774871
966094
1013336
829925
637847
718902
1031616
1187591
900512
424987
418640
1267547
2566467
3369750
3036682
1836303
691589
326629
678344
1115112
1145629
846557
631958
726135
953948
1016937
860809
699920
722808
870056
937927
843261
711242
699493
800476
866943
807281
694793
662261
731292
793670
756896
659423
613250
657775
714569
693817
608947
553558
578216
628326
619232
545440
483947
491943
534698
534088
470428
405212
399017
433898
439422
385162
318176
299896
326568
336334
290832
223785
195312
213623
226104
188873
123199
86273
96313
110198
80718
17700
-25939
-23925
-9735
-31982
-91125
-139923
-145538
-131927
-147430
-201751
-253997
-266723
-254425
-263702
-312286
-366394
-385528
-375122
-378723
-420837
-475250
-499969
-491912
-490386
-525390
-578674
-608032
-602630
-596557
-624023
-674713
-707702
-705139
-695129
-714752
-761505
-797058
-797363
-784057
-795684
-837371
-874298
-877502
-861511
-865173
-900695
-937866
-943817
-925811
-921691
-950164
-986450
-994903
-975585
-964050
-984741
-1019012
-1029693
-1009704
-991241
-1003631
-1034881
-1047424
-1027404
-1002716
-1006469
-1033660
-1047698
-1028320
-998168
-993164
-1015441
-1030487
-1012359
-977722
-964050
-980621
-996215
-979919
-941802
-919769
-929962
-945556
-931671
-891235
-861297
-864624
-879638
-868621
-827056
-789947
-785980
-799865
-792083
-750671
-707183
-695709
-707855
-703613
-663604
-614837
-595703
-605499
-605010
-567657
-514739
-487976
-494812
-498107
-464660
-408905
-374694
-377868
-384948
-356536
-299346
-258026
-256866
-267456
-245208
-188079
-140045
-133880
-147613
-132537
-77056
-22888
-10986
-27343
-20294
31860
91491
109863
91644
89904
137084
201324
226959
207794
196624
236999
304901
338684
319702
298614
330261
400756
443572
426239
394866
415679
487487
540466
526550
484588
492248
563873
628326
620086
567321
558990
628601
706298
706695
642944
614929
680206
773651
786926
711853
658874
716552
829772
862426
775451
688934
733795
873992
937652
837493
701019
722900
905181
1025421
909423
682830
654022
920104
1178649
1044586
568542
330291
891601
2131561
3208862
3280303
2288055
1014709
349395
513641
998443
1187896
960083
672668
663665
882659
1024719
927917
739044
692718
818939
933776
888946
748229
686157
761810
857269
840148
729644
659515
701782
781250
780944
692138
617919
635681
700958
711303
639465
563690
562408
614562
631622
573730
498199
481719
521484
542419
496337
422515
393768
421752
444458
408569
337677
299102
315917
338714
311737
244750
198486
204772
226379
207153
144989
92956
89447
108825
96374
39703
-16204
-28686
-12359
-18951
-69458
-127624
-148132
-135437
-137023
-180908
-239654
-267120
-258483
-255859
-292724
-350555
-383819
-379486
-373382
-402954
-458404
-496307
-496307
-487457
-509582
-561340
-602539
-606842
-595886
-610534
-657409
-700622
-708984
-696563
-703857
-744720
-788635
-800750
-787414
-787567
-821594
-864837
-880249
-866577
-859985
-886352
-927703
-945861
-932373
-919464
-937652
-975891
-996185
-983337
-964752
-974395
-1008392
-1030181
-1018402
-994842
-995758
-1024505
-1047088
-1036773
-1009033
-1001312
-1023895
-1046539
-1037994
-1007019
-990905
-1006622
-1028564
-1022094
-988830
-964752
-973022
-993560
-989379
-954864
-923492
-923858
-942291
-940521
-905853
-867980
-860260
-875854
-876586
-842834
-799499
-783569
-795684
-798919
-767150
-719451
-695465
-703460
-709075
-680297
-629516
-597778
-601043
-608886
-584075
-531585
-492523
-490478
-500213
-480316
-427551
-381774
-373931
-385162
-370910
-319396
-267669
-253570
-265747
-257812
-209075
-152313
-131500
-143951
-142913
-98510
-37719
-9857
-21759
-27954
10498
74127
109436
98968
85388
116333
181488
224548
216705
195678
217529
282745
333831
329925
301635
312744
376403
435821
437377
402252
400909
461151
529205
538146
496734
481048
535736
612823
631469
584716
552459
598937
685607
717071
666137
614440
649322
746429
795074
741668
666442
684814
793914
866485
813262
707794
701782
825744
934356
885894
737457
691650
836700
1007354
974273
752593
627075
808746
1120330
1143981
739379
340423
600769
1678100
2924774
3393524
2706573
1414337
474578
386657
842803
1177551
1067138
749359
629913
800964
1001892
983612
796691
684631
766082
909118
922546
795471
690460
725555
833068
861145
769805
671203
676940
758514
793670
726837
634429
619598
680267
718261
669586
583435
553466
596252
634399
599761
520050
478698
505828
542114
518707
445648
395812
408935
441955
427520
361358
305419
305999
334686
327514
268402
208435
197845
221405
219970
168090
105895
85479
103332
106384
61828
-885
-29754
-17944
-11535
-48767
-110504
-146453
-140777
-132049
-161956
-221313
-262878
-263336
-253112
-275848
-331542
-377288
-383636
-372650
-388397
-439300
-487731
-499572
-488494
-497528
-542633
-592315
-609130
-598510
-601196
-639617
-689056
-710205
-700561
-697265
-728332
-776153
-800842
-792541
-783813
-806976
-851837
-879272
-872589
-859008
-873931
-914550
-943847
-938995
-921234
-927703
-963012
-993225
-990386
-969116
-967193
-996185
-1026336
-1025604
-1001586
-991485
-1013366
-1042510
-1043884
-1017944
-1000061
-1014160
-1041381
-1044830
-1017822
-992736
-998596
-1023010
-1028381
-1001159
-969635
-966979
-987762
-994934
-968353
-931304
-920074
-936462
-945159
-920074
-878570
-858917
-870178
-880157
-857391
-812561
-784790
-790405
-801269
-781585
-734741
-699371
-698760
-710144
-694183
-646667
-604370
-597167
-608551
-596954
-550170
-501831
-487701
-498535
-491760
-447113
-393707
-372436
-382141
-380523
-339416
-282165
-253631
-261444
-265197
-229034
-169158
-133392
-138580
-147705
-117858
-56793
-13824
-15472
-29876
-7629
53131
103088
105895
86578
100006
158843
215576
223907
200225
203643
258789
321929
336975
309692
302001
351562
420654
443786
413940
394042
435852
510375
543243
512145
478912
510528
589843
634460
603881
556030
574493
657867
716827
689147
625061
626495
713043
790100
768615
685974
664794
753479
854431
844268
739318
686523
775756
910980
921295
786834
684967
771881
963409
1014648
834045
639343
714874
1026336
1188446
908508
431060
411712
1247100
2545806
3364929
3051635
1859008
705535
325500
669677
1110443
1148834
852111
633056
722503
950805
1018035
864257
701324
720855
867675
938232
845703
712768
698455
798614
866821
809143
696319
661804
729766
793334
758300
660919
613189
656616
714111
694915
610412
553802
577301
627807
620056
546844
484466
491302
534149
534698
471771
405914
398620
433349
439849
386383
319030
299713
326049
336639
291992
224731
195312
213195
226287
189880
124206
86456
95947
110260
81604
18768
-25604
-24230
-9765
-31188
-90057
-139434
-145751
-132019
-146789
-200683
-253387
-266845
-254577
-263183
-311248
-365692
-385559
-375335
-378356
-419860
-474487
-499908
-492126
-490142
-524536
-577850
-607879
-602844
-596435
-623260
-673889
-707458
-705352
-695129
-714111
-760681
-796722
-797607
-784149
-795196
-836578
-873931
-877685
-861724
-864807
-899963
-937469
-944000
-926116
-921478
-949493
-986022
-995056
-975952
-963989
-984161
-1018554
-1029815
-1010131
-991333
-1003173
-1034393
-1047515
-1027893
-1002929
-1006134
-1033203
-1047729
-1028839
-998535
-992950
-1015014
-1030487
-1012908
-978210
-963989
-980224
-996154
-980468
-942443
-919860
-929626
-945465
-932189
-891937
-861541
-864349
-879516
-869110
-827850
-790313
-785766
-799713
-792541
-751495
-707702
-695587
-707672
-704010
-664489
-615478
-595703
-605285
-605316
-568542
-515502
-488098
-494598
-498321
-465515
-409790
-374938
-377655
-385040
-357360
-300323
-258361
-256652
-267456
-245941
-189117
-140533
-133697
-147521
-133178
-78155
-23498
-10833
-27099
-20812
30761
90728
109954
91979
89538
135955
200408
226989
208221
196411
235900
303863
338592
320251
298614
329254
399597
443389
426879
395080
414764
486206
540130
527252
485076
491485
562469
627777
620819
568084
558410
627075
705474
707458
644042
614593
678527
772521
787628
713317
658905
714752
828186
863006
777404
689483
731872
871734
937988
840087
702392
720794
901824
1025238
913116
685821
651733
914398
1176818
1050720
576660
328582
874847
2108978
3197387
3289215
2310119
1033111
353149
506164
991424
1188720
965759
675720
661224
878692
1024291
931060
741546
691772
816253
933013
890991
750396
685943
759887
856353
841522
731567
659759
700378
780303
781860
693878
618469
634704
700073
711914
641021
564453
561767
613739
631988
575103
499114
481384
520721
542602
497558
423553
393707
421112
444488
409667
338775
299255
315368
338653
312652
245910
198822
204345
226257
207946
146118
93475
89141
108642
97015
40832
-15563
-28839
-12573
-18432
-68389
-126892
-148162
-135681
-136657
-179901
-238830
-267028
-258728
-255615
-291778
-349670
-383605
-379730
-373260
-402130
-457489
-495971
-496520
-487426
-508880
-560424
-602142
-607025
-595947
-609954
-656494
-700134
-709136
-696716
-703399
-743896
-788116
-800842
-787658
-787292
-820800
-864288
-880279
-866882
-859832
-885650
-927093
-945861
-932708
-919464
-937072
-975280
-996154
-983734
-964904
-973937
-1007812
-1030090
-1018798
-995117
-995452
-1023956
-1046966
-1037170
-1009429
-1001159
-1023406
-1046386
-1038421
-1007537
-990875
-1006164
-1028381
-1022491
-989440
-964904
-972656
-993347
-989746
-955566
-923797
-923614
-942047
-940856
-906585
-868438
-860107
-875610
-876892
-843597
-800079
-783538
-795440
-799133
-767913
-720153
-695556
-703216
-709228
-681091
-630340
-598022
-600799
-608947
-584808
-532501
-492889
-490295
-500213
-480987
-428527
-382263
-373779
-385070
-371520
-320404
-268280
-253479
-265563
-258331
-210113
-153045
-131469
-143707
-143280
-99548
-38604
-9918
-21453
-28167
9490
73120
109252
99365
85327
115417
180419
224243
217132
195770
216674
281555
333404
330352
301940
312042
375152
435241
437835
402740
400360
459838
528442
538574
497467
480743
534393
611846
631835
585662
552398
597564
684356
717315
667327
614715
647949
744873
795135
743133
667144
683532
791961
866271
815032
709106
700592
823242
933654
888031
739685
690734
833282
1005706
976928
756500
626770
803497
1116363
1147552
748107
343231
588806
1655670
2907806
3395507
2725860
1435791
483642
381805
834350
1175537
1071990
753967
629150
796844
999969
985931
799896
684875
763549
907409
923797
797973
691162
723937
831542
861785
771850
672149
675933
757202
793975
728515
635528
619049
679107
718322
670989
584625
553222
595306
634277
600952
521301
478759
505035
541900
519653
446899
396118
408325
441650
428314
362609
305938
305572
334350
328125
269622
209106
197601
221038
220428
169219
106689
85418
102996
106719
62896
0
-29663
-18249
-11322
-47790
-109558
-146209
-141052
-131927
-161102
-220336
-262542
-263580
-253082
-275085
-330535
-376831
-383789
-372711
-387786
-438323
-487182
-499664
-488647
-497070
-541717
-591674
-609161
-598724
-600830
-638763
-688385
-710174
-700775
-697052
-727569
-775421
-800750
-792785
-783752
-806335
-851104
-879119
-872863
-859069
-873382
-913848
-943634
-939300
-921417
-927307
-962341
-992950
-990692
-969390
-966949
-995574
-1026031
-1025909
-1001983
-991394
-1012817
-1042175
-1044158
-1018432
-1000122
-1013702
-1041046
-1045074
-1018371
-992919
-998229
-1022644
-1028594
-1001770
-969970
-966766
-987426
-995086
-968994
-931793
-919982
-936126
-945281
-920745
-879180
-858947
-869873
-880218
-858062
-813293
-784973
-790130
-801269
-782226
-735565
-699676
-698547
-710083
-694793
-647552
-604827
-597015
-608459
-597473
-551116
-502410
-487609
-498382
-492187
-448059
-394439
-372467
-381927
-380859
-340393
-282989
-253753
-261199
-265441
-229980
-170104
-133605
-138305
-147827
-118743
-57800
-14160
-15197
-29846
-8422
52001
102630
106201
86761
99334
157684
214965
224182
200561
203125
257598
321166
337219
310180
301666
350372
419708
443939
414581
393920
434661
509277
543273
512939
479034
509429
588562
634338
604827
556457
573486
656372
716522
690216
625823
625610
711303
789489
769775
687194
664184
751464
853424
845550
741119
686248
773376
909362
922607
789459
685272
768920
960662
1015930
838165
640930
710876
1020996
1189178
916442
437255
405059
1226837
2524993
3359771
3066284
1881774
719757
324615
661041
1105651
1151947
857666
634246
718933
947631
1019042
867706
702819
718963
865295
938476
848144
714324
697448
796722
866699
810974
697875
661376
728271
792968
759704
662445
613189
655426
713623
695983
611877
554107
576416
627258
620880
548278
484985
490661
533569
535308
473083
406616
398223
432800
440277
387603
319885
299530
325531
336883
293090
225708
195343
212738
226409
190887
125244
86639
95581
110290
82489
19836
-25238
-24505
-9796
-30426
-88989
-138916
-145935
-132141
-146148
-199645
-252777
-266937
-254730
-262695
-310241
-364990
-385559
-375518
-377990
-418945
-473724
-499816
-492370
-489898
-523681
-577056
-607696
-603088
-596313
-622528
-673034
-707214
-705596
-695098
-713470
-759887
-796417
-797821
-784271
-794677
-835784
-873535
-877899
-861938
-864471
-899230
-937042
-944183
-926422
-921295
-948852
-985565
-995208
-976348
-963928
-983581
-1018066
-1029937
-1010589
-991424
-1002716
-1033905
-1047576
-1028411
-1003173
-1005798
-1032745
-1047760
-1029357
-998931
-992767
-1014556
-1030487
-1013458
-978729
-963928
-979827
-996124
-981018
-943054
-919952
-929290
-945373
-932739
-892669
-861785
-864074
-879394
-869598
-828643
-790710
-785583
-799560
-792968
-752349
-708251
-695526
-707489
-704376
-665344
-616149
-595703
-605072
-605590
-569427
-516296
-488220
-494354
-498535
-466369
-410675
-375183
-377441
-385162
-358154
-301300
-258758
-256439
-267456
-246704
-190155
-141052
-133514
-147399
-133819
-79223
-24139
-10681
-26885
-21331
29663
89965
110046
92315
89172
134857
199523
226989
208679
196228
234832
302856
338500
320800
298645
328247
398437
443145
427490
395324
413879
484924
539733
527923
485565
490722
561035
627197
621551
568878
557861
625518
704650
708160
645141
614318
676879
771331
788299
714813
658996
712982
826568
863555
779357
690093
729949
869476
938293
842712
703857
718750
898468
1024932
916748
688903
649536
908660
1174865
1056762
584869
327087
858306
2086364
3185607
3297790
2332092
1051666
357147
498779
984313
1189361
971405
678833
658843
874725
1023803
934204
744079
690856
813568
932220
892974
752593
685760
757965
855438
842864
733520
660034
698974
779388
782775
695617
619049
633728
699157
712493
642578
565246
561157
612884
632324
576477
500091
481048
519958
542755
498779
424621
393615
420440
444519
410705
339904
299407
314819
338592
313568
247039
199188
203948
226104
208709
147277
93994
88867
108428
97656
41961
-14923
-28991
-12817
-17944
-67321
-126129
-148162
-135925
-136291
-178894
-237976
-266937
-258972
-255371
-290863
-348754
-383392
-379943
-373138
-401306
-456573
-495666
-496734
-487396
-508178
-559509
-601745
-607208
-596038
-609405
-655609
-699645
-709259
-696868
-703002
-743041
-787567
-800933
-787872
-787017
-820037
-863677
-880340
-867187
-859680
-884979
-926513
-945831
-933044
-919464
-936523
-974670
-996093
-984100
-965026
-973510
-1007202
-1029998
-1019226
-995391
-995178
-1023406
-1046813
-1037597
-1009826
-1001007
-1022888
-1046203
-1038848
-1008056
-990905
-1005737
-1028167
-1022888
-990051
-965057
-972320
-993103
-990112
-956237
-924102
-923370
-941802
-941192
-907318
-868896
-859954
-875366
-877166
-844390
-800659
-783508
-795196
-799346
-768707
-720855
-695678
-702972
-709381
-681854
-631164
-598236
-600585
-609008
-585540
-533386
-493255
-490112
-500213
-481658
-429504
-382751
-373657
-384979
-372100
-321441
-268920
-253387
-265380
-258789
-211151
-153808
-131469
-143463
-143646
-100585
-39459
-9979
-21148
-28381
8483
72143
109069
99731
85266
114471
179321
223937
217529
195892
215850
280395
332946
330810
302246
311340
373901
434631
438293
403259
399841
458526
527648
538970
498199
480438
533050
610809
632202
586608
552368
596221
683074
717529
668518
615020
646606
743286
795166
744598
667907
682250
789978
865997
816772
710479
699462
820709
932891
890136
741943
689849
829864
1003997
979553
760437
626556
798309
1112274
1151000
756835
346252
577117
1633331
2890594
3397125
2744995
1457366
492950
377136
825866
1173370
1076751
758666
628479
792755
997985
988159
803161
685180
761047
905639
924987
800476
691894
722320
830017
862426
773864
673156
674926
755828
794250
730194
636688
618499
677947
718353
672393
585845
553039
594329
634124
602111
522552
478851
504241
541625
520629
448181
396453
407714
441345
429107
363861
306457
305175
334014
328735
270812
209808
197357
220672
220886
170379
107513
85327
102661
107025
63934
885
-29602
-18554
-11138
-46844
-108581
-145996
-141326
-131835
-160247
-219329
-262176
-263793
-253082
-274353
-329559
-376342
-383941
-372772
-387176
-437347
-486633
-499755
-488769
-496582
-540771
-591033
-609161
-598907
-600494
-637908
-687683
-710113
-701019
-696868
-726806
-774719
-800628
-793060
-783691
-805664
-850372
-878936
-873168
-859130
-872833
-913146
-943389
-939605
-921600
-926910
-961669
-992675
-990997
-969696
-966674
-994964
-1025726
-1026184
-1002380
-991302
-1012268
-1041839
-1044433
-1018920
-1000183
-1013244
-1040679
-1045288
-1018920
-993133
-997894
-1022308
-1028778
-1002380
-970336
-966522
-987060
-995239
-969635
-932281
-919891
-935791
-945404
-921417
-879791
-858978
-869567
-880279
-858703
-814025
-785156
-789855
-801269
-782836
-736389
-699981
-698333
-710021
-695373
-648468
-605285
-596893
-608337
-597991
-552032
-503021
-487548
-498199
-492645
-449035
-395172
-372497
-381713
-381195
-341339
-283813
-253875
-260955
-265655
-230895
-171051
-133850
-138031
-147888
-119598
-58837
-14526
-14892
-29785
-9185
50903
102142
106475
86975
98693
156524
214324
224426
200897
202636
256408
320373
337432
310668
301330
349151
418762
444091
415222
393798
433502
508148
543304
513732
479187
508300
587249
634216
605743
556884
572479
654846
716186
691253
626617
624755
709564
788879
770935
688446
663574
749420
852386
846771
742950
686004
770965
907684
923858
792114
685668
766021
957885
1017089
842285
642578
707000
1015625
1189758
924316
443603
398681
1206695
2504058
3354248
3080688
1904510
734222
323974
652404
1100708
1154937
863250
635559
715393
944396
1019989
871154
704345
717102
862854
938659
850585
715911
696472
794799
866516
812805
699462
660949
726776
792572
761108
664001
613189
654266
713104
697052
613372
554412
575531
626708
621673
549682
485534
490051
532989
535888
474426
407348
397857
432250
440673
388854
320739
299377
325042
337158
294219
226654
195373
212280
226562
191894
126281
86853
95184
110321
83374
20904
-24871
-24780
-9857
-29693
-87921
-138427
-146148
-132263
-145538
-198577
-252136
-267028
-254913
-262207
-309234
-364288
-385559
-375732
-377624
-417999
-472930
-499725
-492584
-489685
-522827
-576232
-607513
-603302
-596221
-621765
-672210
-706939
-705810
-695129
-712860
-759033
-796081
-798034
-784393
-794219
-834991
-873138
-878082
-862152
-864135
-898498
-936584
-944335
-926727
-921081
-948181
-985076
-995361
-976715
-963897
-983032
-1017578
-1030029
-1011016
-991546
-1002258
-1033416
-1047668
-1028900
-1003448
-1005462
-1032257
-1047790
-1029907
-999328
-992584
-1014129
-1030456
-1014007
-979248
-963897
-979431
-996063
-981567
-943664
-920043
-928985
-945281
-933258
-893371
-862030
-863830
-879272
-870086
-829437
-791107
-785430
-799377
-793395
-753204
-708801
-695434
-707305
-704742
-666229
-616821
-595733
-604858
-605895
-570281
-517089
-488372
-494140
-498718
-467224
-411560
-375457
-377197
-385223
-358978
-302276
-259124
-256225
-267425
-247406
-191223
-141571
-133331
-147277
-134429
-80322
-24780
-10528
-26641
-21820
28533
89172
110137
92651
88836
133758
198608
226989
209136
196075
233795
301788
338409
321319
298675
327239
397247
442932
428100
395599
412994
483612
539337
528594
486083
490020
559631
626586
622253
569671
557342
623992
703765
708862
646240
614074
675231
770141
788940
716278
659118
711212
824920
864074
781311
690765
728088
867187
938507
845275
705352
716735
895111
1024597
920349
692016
647430
902954
1172790
1062683
593139
325866
842010
2063690
3173522
3306030
2353973
1070434
361419
491485
977142
1189910
977020
682037
656524
870727
1023223
937286
746673
690002
810882
931335
894927
754821
685638
756042
854461
844177
735473
660339
697601
778411
783630
697357
619659
632781
698211
713073
644134
566070
560546
612030
632659
577850
501037
480743
519195
542907
500000
425689
393585
419799
444549
411773
341033
299591
314300
338500
314483
248199
199554
203552
225921
209472
148437
94512
88623
108215
98266
43090
-14251
-29113
-13061
-17456
-66253
-125335
-148162
-136169
-135925
-177886
-237152
-266815
-259216
-255126
-289978
-347869
-383178
-380187
-373016
-400512
-455657
-495330
-496917
-487396
-507476
-558563
-601318
-607360
-596099
-608856
-654724
-699157
-709381
-697052
-702575
-742218
-787017
-800994
-788116
-786743
-819274
-863098
-880340
-867462
-859558
-884307
-925903
-945831
-933410
-919494
-935974
-974060
-996032
-984497
-965209
-973083
-1006622
-1029876
-1019622
-995666
-994873
-1022857
-1046661
-1037994
-1010253
-1000854
-1022399
-1046020
-1039245
-1008575
-990905
-1005310
-1027954
-1023284
-990661
-965240
-971954
-992858
-990478
-956909
-924407
-923126
-941558
-941497
-908050
-869354
-859832
-875091
-877410
-845153
-801239
-783508
-794921
-799560
-769470
-721588
-695770
-702728
-709503
-682617
-631988
-598480
-600372
-609069
-586273
-534301
-493621
-489929
-500183
-482330
-430480
-383270
-373504
-384887
-372680
-322448
-269561
-253326
-265197
-259277
-212188
-154571
-131469
-143218
-143981
-101593
-40344
-10101
-20812
-28594
7507
71136
108856
100097
85235
113555
178222
223632
217956
196044
215057
279205
332489
331237
302581
310668
372650
433990
438720
403778
399353
457214
526824
539367
498931
480163
531707
609802
632507
587554
552368
594848
681793
717742
669708
615356
645294
741699
795166
746032
668701
680999
787994
865692
818511
711853
698364
818176
932067
892211
744232
689056
826477
1002227
982086
764404
626464
793182
1108123
1154296
765533
349456
565673
1611053
2873168
3398376
2763916
1479034
502563
372650
817352
1171081
1081451
763427
627899
788635
995910
990356
806427
685546
758575
903839
926147
803009
692687
720764
828430
863006
775909
674163
673950
754486
794464
731872
637847
617950
676788
718353
673767
587097
552856
593353
633972
603240
523834
478973
503479
541381
521545
449432
396789
407135
441009
429840
365112
307006
304779
333648
329315
272033
210510
197143
220306
221313
171508
108337
85296
102294
107330
65002
1800
-29479
-18890
-10925
-45867
-107604
-145751
-141601
-131744
-159393
-218322
-261810
-264007
-253082
-273651
-328552
-375854
-384094
-372863
-386566
-436370
-486053
-499847
-488922
-496124
-539855
-590393
-609191
-599121
-600189
-637054
-686981
-710052
-701263
-696685
-726043
-773986
-800506
-793334
-783630
-805023
-849639
-878753
-873443
-859191
-872314
-912414
-943176
-939910
-921783
-926513
-960998
-992401
-991271
-970001
-966461
-994354
-1025421
-1026458
-1002807
-991210
-1011749
-1041503
-1044677
-1019409
-1000244
-1012817
-1040344
-1045532
-1019500
-993347
-997558
-1021942
-1028991
-1002990
-970703
-966308
-986694
-995391
-970306
-932769
-919799
-935455
-945495
-922088
-880432
-859039
-869262
-880310
-859375
-814758
-785339
-789611
-801269
-783477
-737213
-700317
-698150
-709960
-695953
-649353
-605773
-596740
-608215
-598510
-552978
-503631
-487518
-498046
-493041
-449981
-395904
-372528
-381500
-381530
-342285
-284667
-254028
-260711
-265838
-231811
-172027
-134124
-137756
-147979
-120452
-59875
-14892
-14617
-29724
-9948
49804
101623
106750
87158
98052
155364
213684
224670
201263
202148
255218
319580
337615
311187
301025
347991
417816
444213
415863
393707
432342
507019
543304
514526
479339
507232
585937
634063
606689
557342
571502
653350
715820
692291
627441
623962
707824
788208
772064
689697
662994
747406
851318
847961
744781
685821
768615
905975
925079
794799
686096
763122
955047
1018218
846405
644317
703186
1010223
1190185
932098
450073
392547
1186737
2483001
3348388
3094818
1927276
748901
323547
643829
1095672
1157836
868865
636962
711883
941101
1020874
874603
705932
715301
860412
938812
853027
717529
695526
792907
866271
814575
701080
660583
725280
792144
762451
665557
613220
653076
712554
698059
614868
554748
574676
626129
622436
551086
486114
489440
532409
536437
475738
408111
397491
431671
441070
390075
321624
299224
324523
337371
295318
227661
195434
211822
226654
192901
127319
87097
94818
110351
84228
21972
-24475
-25085
-9918
-28961
-86822
-137878
-146331
-132385
-144927
-197509
-251495
-267120
-255065
-261718
-308227
-363555
-385528
-375915
-377258
-417053
-472137
-499603
-492797
-489440
-522003
-575408
-607330
-603546
-596099
-621032
-671356
-706665
-706024
-695129
-712249
-758209
-795715
-798248
-784515
-793731
-834197
-872741
-878295
-862365
-863800
-897735
-936126
-944488
-927032
-920928
-947540
-984588
-995483
-977111
-963867
-982482
-1017089
-1030151
-1011474
-991668
-1001831
-1032928
-1047698
-1029388
-1003692
-1005157
-1031799
-1047821
-1030426
-999725
-992401
-1013702
-1030456
-1014526
-979766
-963867
-979064
-995971
-982086
-944305
-920166
-928649
-945190
-933746
-894104
-862304
-863586
-879119
-870544
-830230
-791503
-785247
-799194
-793823
-754028
-709350
-695373
-707092
-705078
-667083
-617492
-595764
-604644
-606140
-571166
-517883
-488525
-493927
-498901
-468078
-412475
-375732
-376983
-385314
-359741
-303253
-259521
-256011
-267395
-248138
-192260
-142089
-133148
-147125
-135040
-81420
-25451
-10406
-26397
-22277
27435
88378
110198
93017
88500
132659
197692
226989
209564
195922
232727
300750
338287
321868
298736
326293
396087
442657
428710
395874
412139
482299
538909
529266
486602
489318
558197
625946
622924
570465
556854
622436
702880
709533
647369
613861
673583
768920
789550
717773
659271
709472
823242
864532
783233
691467
726226
864868
938690
847839
706878
714813
891723
1024169
923919
695190
645446
897247
1170593
1068481
601470
324890
825927
2041015
3161163
3313934
2375762
1089385
365936
484283
969848
1190307
982635
685363
654296
866729
1022583
940338
749298
689208
808197
930419
896850
757080
685546
754150
853485
845458
737457
660705
696258
777404
784484
699096
620300
631835
697265
713592
645660
566925
559967
611145
632965
579223
502014
480468
518432
543029
501190
426757
393554
419128
444519
412811
342163
299774
313781
338378
315368
249359
199951
203155
225738
210205
149566
95062
88348
108001
98846
44219
-13549
-29266
-13305
-16998
-65185
-124542
-148162
-136413
-135589
-176879
-236267
-266693
-259460
-254913
-289062
-346954
-382934
-380401
-372894
-399719
-454711
-494964
-497131
-487396
-506805
-557647
-600860
-607513
-596191
-608306
-653808
-698638
-709503
-697204
-702178
-741363
-786437
-801055
-788360
-786468
-818511
-862487
-880371
-867767
-859436
-883666
-925262
-945800
-933746
-919525
-935424
-973449
-995941
-984863
-965362
-972656
-1006011
-1029754
-1020019
-995971
-994598
-1022277
-1046508
-1038421
-1010650
-1000732
-1021911
-1045806
-1039642
-1009094
-990936
-1004882
-1027709
-1023651
-991271
-965393
-971618
-992614
-990814
-957580
-924743
-922882
-941284
-941802
-908782
-869812
-859710
-874816
-877685
-845916
-801849
-783508
-794677
-799743
-770233
-722290
-695892
-702484
-709625
-683349
-632812
-598724
-600158
-609100
-586975
-535217
-494018
-489746
-500152
-482971
-431457
-383789
-373382
-384765
-373229
-323486
-270202
-253265
-265014
-259735
-213226
-155364
-131500
-142944
-144317
-102630
-41259
-10192
-20507
-28778
6530
70129
108642
100463
85205
112670
177124
223266
218353
196197
214263
278015
332000
331665
302917
310028
371368
433349
439117
404327
398864
455902
526000
539764
499664
479919
530364
608734
632812
588531
552398
593536
680511
717895
670898
615722
643981
740081
795135
747467
669494
679779
785980
865356
820220
713256
697296
815643
931213
894226
746582
688323
823089
1000396
984558
768402
626464
788085
1103881
1157440
774230
352844
554504
1588836
2855499
3399261
2782653
1500823
512420
368316
808776
1168640
1086090
768249
627410
784576
993774
992492
809722
685974
756134
902008
927246
805511
693511
719207
826843
863555
777954
675231
673004
753112
794677
733551
639007
617462
675628
718322
675140
588348
552734
592376
633789
604370
525115
479125
502716
541076
522491
450714
397186
406555
440643
430572
366363
307586
304382
333251
329895
273223
211212
196929
219940
221740
172637
109191
85235
101928
107635
66040
2746
-29357
-19195
-10772
-44921
-106628
-145477
-141876
-131683
-158569
-217315
-261413
-264221
-253082
-272918
-327514
-375366
-384246
-372955
-385986
-435394
-485443
-499938
-489074
-495666
-538909
-589721
-609191
-599304
-599884
-636199
-686279
-709991
-701507
-696502
-725280
-773254
-800384
-793609
-783569
-804351
-848907
-878570
-873718
-859283
-871795
-911712
-942901
-940185
-921997
-926147
-960327
-992095
-991546
-970336
-966217
-993713
-1025085
-1026733
-1003204
-991119
-1011199
-1041137
-1044921
-1019897
-1000305
-1012359
-1039947
-1045745
-1020050
-993591
-997222
-1021545
-1029144
-1003601
-971069
-966125
-986358
-995513
-970947
-933288
-919708
-935119
-945556
-922729
-881072
-859100
-868988
-880340
-860015
-815490
-785552
-789367
-801239
-784088
-738037
-700683
-697937
-709869
-696502
-650238
-606262
-596618
-608093
-598999
-553924
-504241
-487457
-497863
-493469
-450927
-396636
-372589
-381286
-381835
-343231
-285552
-254180
-260467
-266052
-232727
-172973
-134399
-137481
-148040
-121307
-60943
-15289
-14343
-29663
-10681
48675
101104
107025
87371
97412
154205
213012
224914
201629
201660
254058
318756
337799
311676
300750
346801
416839
444305
416534
393646
431213
505859
543304
515319
479522
506134
584625
633911
607574
557830
570526
651824
715423
693328
628295
623168
706085
787536
773193
690979
662475
745391
850219
849151
746643
685668
766265
904235
926239
797454
686614
760284
952178
1019226
850494
646148
699432
1004760
1190490
939819
456695
386718
1166931
2461791
3342193
3108673
1950042
763854
323333
635253
1090484
1160614
874511
638458
708435
937744
1021667
878051
707611
713531
857940
938873
855407
719207
694641
790985
865997
816375
702697
660278
723754
791687
763793
667144
613281
651916
712005
699066
616363
555114
573791
625518
623168
552520
486694
488861
531799
536987
477050
408874
397125
431091
441406
391265
322540
299072
323974
337585
296417
228637
195495
211395
226745
193878
128387
87341
94451
110351
85083
23071
-24078
-25360
-10009
-28228
-85754
-137359
-146514
-132507
-144348
-196472
-250854
-267181
-255249
-261260
-307250
-362823
-385528
-376129
-376922
-416137
-471343
-499481
-493011
-489227
-521148
-574554
-607116
-603759
-596038
-620330
-670532
-706359
-706237
-695159
-711639
-757385
-795349
-798431
-784637
-793273
-833404
-872314
-878479
-862609
-863464
-897003
-935668
-944641
-927337
-920745
-946868
-984100
-995605
-977478
-963836
-981933
-1016601
-1030212
-1011932
-991790
-1001373
-1032440
-1047760
-1029876
-1003967
-1004852
-1031311
-1047821
-1030914
-1000122
-992248
-1013244
-1030395
-1015075
-980285
-963836
-978668
-995910
-982604
-944946
-920288
-928314
-945068
-934234
-894836
-862579
-863311
-878967
-871002
-831024
-791931
-785095
-799011
-794219
-754882
-709899
-695312
-706878
-705444
-667968
-618194
-595825
-604431
-606414
-572021
-518707
-488677
-493682
-499053
-468902
-413360
-376007
-376770
-385375
-360534
-304260
-259948
-255828
-267364
-248840
-193298
-142639
-132965
-146972
-135650
-82489
-26123
-10284
-26153
-22766
26336
87585
110260
93383
88195
131591
196746
226959
210021
195800
231689
299682
338134
322387
298797
325317
394897
442382
429321
396148
411315
481018
538452
529937
487152
488616
556762
625274
623596
571289
556365
620910
701965
710205
648498
613677
671966
767669
790130
719268
659484
707733
821563
864959
785186
692199
724426
862518
938842
850402
708465
712921
888305
1023651
927459
698425
643554
891540
1168273
1074157
609863
324127
810058
2018280
3148468
3321502
2397430
1108520
370727
477203
962463
1190551
988220
688751
652130
862701
1021881
943359
751983
688476
805511
929443
898742
759338
685516
752258
852447
846679
739410
661102
694915
776397
785278
700836
620971
630920
696319
714080
647216
567779
559417
610290
633209
580596
503021
480194
517669
543121
502380
427856
393554
418487
444488
413848
343322
299987
313232
338256
316223
250518
200347
202758
225555
210937
150726
95642
88104
107757
99426
45318
-12878
-29357
-13549
-16540
-64117
-123748
-148162
-136688
-135284
-175903
-235412
-266540
-259704
-254730
-288177
-346038
-382659
-380615
-372802
-398925
-453765
-494628
-497314
-487396
-506164
-556732
-600433
-607666
-596313
-607788
-652923
-698120
-709594
-697387
-701782
-740539
-785858
-801116
-788604
-786224
-817749
-861877
-880371
-868072
-859344
-882995
-924652
-945739
-934082
-919555
-934875
-972839
-995849
-985229
-965545
-972259
-1005432
-1029632
-1020416
-996276
-994323
-1021728
-1046325
-1038818
-1011077
-1000610
-1021392
-1045593
-1040039
-1009613
-990966
-1004455
-1027496
-1024017
-991882
-965606
-971282
-992370
-991149
-958282
-925079
-922637
-941009
-942108
-909515
-870300
-859588
-874572
-877899
-846649
-802459
-783508
-794403
-799926
-770996
-723022
-696044
-702239
-709747
-684112
-633636
-598999
-599945
-609161
-587677
-536132
-494415
-489562
-500122
-483612
-432434
-384307
-373260
-384643
-373779
-324493
-270874
-253204
-264831
-260162
-214263
-156127
-131530
-142700
-144622
-103637
-42144
-10314
-20172
-28930
5584
69122
108428
100860
85174
111785
175994
222930
218750
196350
213470
276824
331512
332092
303253
309387
370117
432678
439544
404876
398437
454589
525146
540100
500427
479675
529022
607666
633087
589477
552429
592193
679199
718048
672088
616119
642700
738464
795074
748901
670318
678588
783996
864959
821899
714721
696289
813110
930297
896240
748931
687622
819732
998504
986968
772399
626556
783020
1099548
1160461
782897
356445
543579
1566711
2837615
3399810
2801177
1522674
522552
364166
800170
1166046
1090637
773101
627044
780487
991577
994567
813049
686462
753692
900115
928314
808044
694396
717681
825225
864074
779968
676330
672088
751708
794830
735198
640228
617004
674438
718261
676513
589599
552612
591430
633575
605499
526397
479278
501953
540771
523376
451995
397583
405975
440307
431304
367614
308166
303985
332885
330444
274414
211975
196716
219543
222167
173767
110046
85205
101562
107910
67077
3662
-29235
-19531
-10589
-44006
-105621
-145202
-142150
-131622
-157745
-216308
-261016
-264434
-253112
-272216
-326507
-374847
-384399
-373046
-385437
-434387
-484832
-500000
-489227
-495239
-537994
-589050
-609191
-599517
-599578
-635345
-685546
-709930
-701751
-696319
-724517
-772491
-800231
-793884
-783538
-803710
-848175
-878356
-874023
-859375
-871307
-910980
-942657
-940460
-922210
-925781
-959625
-991790
-991821
-970642
-966003
-993103
-1024749
-1026977
-1003631
-991058
-1010650
-1040771
-1045166
-1020416
-1000396
-1011932
-1039581
-1045959
-1020599
-993835
-996887
-1021179
-1029327
-1004211
-971466
-965911
-985992
-995635
-971557
-933807
-919647
-934783
-945648
-923370
-881683
-859161
-868682
-880371
-860626
-816253
-785766
-789093
-801208
-784698
-738861
-701019
-697753
-709808
-697052
-651123
-606750
-596527
-607971
-599487
-554840
-504852
-487426
-497680
-493865
-451873
-397399
-372650
-381072
-382110
-344177
-286407
-254333
-260223
-266204
-233642
-173950
-134674
-137207
-148101
-122131
-61981
-15686
-14068
-29571
-11444
47576
100555
107269
87615
96801
153045
212341
225158
201995
201202
252868
317932
337982
312194
300476
345642
415863
444396
417175
393585
430084
504730
543273
516113
479736
505096
583282
633697
608489
558349
569580
650299
714996
694335
629150
622406
704315
786804
774261
692260
661956
743408
849090
850280
748504
685577
763946
902435
927368
800140
687164
757476
949279
1020202
854583
648071
695800
999267
1190643
947448
463409
381134
1147277
2440460
3335632
3122222
1972808
779022
323364
626739
1085174
1163269
880187
640045
705047
934356
1022399
881469
709320
711791
855438
938934
857818
720916
693786
789062
865692
818115
704376
659973
722259
791198
765106
668731
613372
650787
711425
700073
617889
555511
572937
624908
623901
553924
487335
488281
531188
537475
478393
409667
396789
430511
441772
392486
323455
298980
323455
337799
297515
229644
195587
210937
226837
194854
129455
87615
94085
110321
85937
24169
-23651
-25634
-10070
-27526
-84655
-136810
-146667
-132659
-143768
-195404
-250183
-267242
-255432
-260803
-306243
-362060
-385467
-376342
-376617
-415191
-470550
-499359
-493255
-489044
-520324
-573730
-606903
-604003
-595947
-619598
-669677
-706054
-706481
-695190
-711059
-756561
-794982
-798645
-784790
-792816
-832611
-871887
-878631
-862823
-863159
-896270
-935211
-944793
-927673
-920593
-946228
-983612
-995697
-977874
-963836
-981384
-1016082
-1030303
-1012359
-991912
-1000946
-1031951
-1047790
-1030364
-1004241
-1004547
-1030822
-1047790
-1031433
-1000518
-992065
-1012817
-1030364
-1015594
-980834
-963836
-978271
-995819
-983123
-945587
-920440
-927978
-944946
-934722
-895568
-862854
-863067
-878814
-871459
-831817
-792358
-784942
-798828
-794616
-755706
-710479
-695251
-706665
-705749
-668823
-618896
-595886
-604217
-606658
-572875
-519500
-488861
-493469
-499206
-469726
-414276
-376312
-376556
-385437
-361297
-305236
-260375
-255615
-267303
-249511
-194366
-143188
-132812
-146820
-136230
-83587
-26824
-10192
-25878
-23193
25238
86761
110290
93719
87890
130523
195800
226898
210479
195678
230651
298614
337982
322937
298858
324371
393676
442077
429931
396453
410491
479705
537963
530578
487701
487976
555358
624603
624267
572113
555938
619384
701019
710815
649627
613525
670349
766387
790679
720764
659698
706054
819854
865356
787139
692962
722656
860168
938903
852935
710113
711090
884918
1023071
930938
701721
641754
885833
1165832
1079742
618286
323638
794433
1995544
3135498
3328735
2419006
1127807
375793
470245
954986
1190673
993774
692230
650054
858642
1021057
946319
754730
687774
802825
928436
900604
761627
685516
750366
851379
847900
741394
661499
693572
775329
786071
702575
621673
630035
695343
714569
648742
568695
558868
609405
633483
581939
504058
479949
516876
543212
503540
428955
393554
417816
444458
414855
344451
300231
312713
338134
317108
251708
200775
202362
225372
211639
151885
96221
87860
107513
100006
46447
-12145
-29479
-13793
-16113
-63049
-122955
-148132
-136932
-134948
-174926
-234527
-266387
-259979
-254516
-287292
-345092
-382385
-380859
-372741
-398162
-452819
-494232
-497497
-487396
-505493
-555786
-599975
-607818
-596405
-607269
-652038
-697601
-709716
-697570
-701416
-739685
-785278
-801177
-788848
-785980
-816986
-861267
-880371
-868377
-859252
-882354
-924011
-945709
-934417
-919586
-934326
-972198
-995758
-985626
-965728
-971862
-1004821
-1029479
-1020782
-996582
-994079
-1021179
-1046142
-1039184
-1011505
-1000518
-1020904
-1045379
-1040405
-1010131
-990997
-1004028
-1027252
-1024383
-992492
-965789
-970977
-992095
-991485
-958953
-925415
-922424
-940734
-942382
-910247
-870788
-859466
-874298
-878143
-847412
-803100
-783508
-794128
-800079
-771759
-723785
-696166
-701995
-709838
-684844
-634490
-599273
-599731
-609161
-588378
-537078
-494812
-489410
-500061
-484222
-433410
-384857
-373138
-384521
-374328
-325500
-271545
-253143
-264617
-260589
-215270
-156951
-131561
-142425
-144927
-104644
-43090
-10437
-19866
-29113
4608
68115
108184
101226
85205
110900
174896
222534
219146
196533
212707
275634
330993
332489
303619
308776
368865
432006
439910
405426
397979
453308
524261
540466
501190
479461
527709
606597
633331
590454
552520
590911
677856
718170
673278
616546
641448
736846
794952
750305
671203
677429
781982
864532
823577
716186
695312
810577
929321
898193
751281
687011
816375
996582
989288
776458
626739
778045
1095123
1163330
791564
360198
532928
1544647
2819488
3399993
2819488
1544647
532928
360198
791564
1163330
1095123
778045
626739
776458
989288
996582
816375
687011
751281
898193
929321
810577
695312
716186
823577
864532
781982
677429
671203
750305
794952
736846
641448
616546
673278
718170
677856
590911
552520
590454
633331
606597
527709
479461
501190
540466
524261
453308
397979
405426
439910
432006
368865
308776
303619
332489
330993
275634
212707
196533
219146
222534
174896
110900
85205
101226
108184
68115
4608
-29113
-19866
-10437
-43090
-104644
-144927
-142425
-131561
-156951
-215270
-260589
-264617
-253143
-271545
-325500
-374328
-384521
-373138
-384857
-433410
-484222
-500061
-489410
-494812
-537078
-588378
-609161
-599731
-599273
-634490
-684844
-709838
-701995
-696166
-723785
-771759
-800079
-794128
-783508
-803100
-847412
-878143
-874298
-859466
-870788
-910247
-942382
-940734
-922424
-925415
-958953
-991485
-992095
-970977
-965789
-992492
-1024383
-1027252
-1004028
-990997
-1010131
-1040405
-1045379
-1020904
-1000518
-1011505
-1039184
-1046142
-1021179
-994079
-996582
-1020782
-1029479
-1004821
-971862
-965728
-985626
-995758
-972198
-934326
-919586
-934417
-945709
-924011
-882354
-859252
-868377
-880371
-861267
-816986
-785980
-788848
-801177
-785278
-739685
-701416
-697570
-709716
-697601
-652038
-607269
-596405
-607818
-599975
-555786
-505493
-487396
-497497
-494232
-452819
-398162
-372741
-380859
-382385
-345092
-287292
-254516
-259979
-266387
-234527
-174926
-134948
-136932
-148132
-122955
-63049
-16113
-13793
-29479
-12145
46447
100006
107513
87860
96221
151885
211639
225372
202362
200775
251708
317108
338134
312713
300231
344451
414855
444458
417816
393554
428955
503540
543212
516876
479949
504058
581939
633483
609405
558868
568695
648742
714569
695343
630035
621673
702575
786071
775329
693572
661499
741394
847900
851379
750366
685516
761627
900604
928436
802825
687774
754730
946319
1021057
858642
650054
692230
993774
1190673
954986
470245
375793
1127807
2419006
3328735
3135498
1995544
794433
323638
618286
1079742
1165832
885833
641754
701721
930938
1023071
884918
711090
710113
852935
938903
860168
722656
692962
787139
865356
819854
706054
659698
720764
790679
766387
670349
613525
649627
710815
701019
619384
555938
572113
624267
624603
555358
487976
487701
530578
537963
479705
410491
396453
429931
442077
393676
324371
298858
322937
337982
298614
230651
195678
210479
226898
195800
130523
87890
93719
110290
86761
25238
-23193
-25878
-10192
-26824
-83587
-136230
-146820
-132812
-143188
-194366
-249511
-267303
-255615
-260375
-305236
-361297
-385437
-376556
-376312
-414276
-469726
-499206
-493469
-488861
-519500
-572875
-606658
-604217
-595886
-618896
-668823
-705749
-706665
-695251
-710479
-755706
-794616
-798828
-784942
-792358
-831817
-871459
-878814
-863067
-862854
-895568
-934722
-944946
-927978
-920440
-945587
-983123
-995819
-978271
-963836
-980834
-1015594
-1030364
-1012817
-992065
-1000518
-1031433
-1047790
-1030822
-1004547
-1004241
-1030364
-1047790
-1031951
-1000946
-991912
-1012359
-1030303
-1016082
-981384
-963836
-977874
-995697
-983612
-946228
-920593
-927673
-944793
-935211
-896270
-863159
-862823
-878631
-871887
-832611
-792816
-784790
-798645
-794982
-756561
-711059
-695190
-706481
-706054
-669677
-619598
-595947
-604003
-606903
-573730
-520324
-489044
-493255
-499359
-470550
-415191
-376617
-376342
-385467
-362060
-306243
-260803
-255432
-267242
-250183
-195404
-143768
-132659
-146667
-136810
-84655
-27526
-10070
-25634
-23651
24169
85937
110321
94085
87615
129455
194854
226837
210937
195587
229644
297515
337799
323455
298980
323455
392486
441772
430511
396789
409667
478393
537475
531188
488281
487335
553924
623901
624908
572937
555511
617889
700073
711425
650787
613372
668731
765106
791198
722259
659973
704376
818115
865692
789062
693786
720916
857818
938934
855438
711791
709320
881469
1022399
934356
705047
640045
880187
1163269
1085174
626739
323364
779022
1972808
3122222
3335632
2440460
1147277
381134
463409
947448
1190643
999267
695800
648071
854583
1020202
949279
757476
687164
800140
927368
902435
763946
685577
748504
850280
849090
743408
661956
692260
774261
786804
704315
622406
629150
694335
714996
650299
569580
558349
608489
633697
583282
505096
479736
516113
543273
504730
430084
393585
417175
444396
415863
345642
300476
312194
337982
317932
252868
201202
201995
225158
212341
153045
96801
87615
107269
100555
47576
-11444
-29571
-14068
-15686
-61981
-122131
-148101
-137207
-134674
-173950
-233642
-266204
-260223
-254333
-286407
-344177
-382110
-381072
-372650
-397399
-451873
-493865
-497680
-487426
-504852
-554840
-599487
-607971
-596527
-606750
-651123
-697052
-709808
-697753
-701019
-738861
-784698
-801208
-789093
-785766
-816253
-860626
-880371
-868682
-859161
-881683
-923370
-945648
-934783
-919647
-933807
-971557
-995635
-985992
-965911
-971466
-1004211
-1029327
-1021179
-996887
-993835
-1020599
-1045959
-1039581
-1011932
-1000396
-1020416
-1045166
-1040771
-1010650
-991058
-1003631
-1026977
-1024749
-993103
-966003
-970642
-991821
-991790
-959625
-925781
-922210
-940460
-942657
-910980
-871307
-859375
-874023
-878356
-848175
-803710
-783538
-793884
-800231
-772491
-724517
-696319
-701751
-709930
-685546
-635345
-599578
-599517
-609191
-589050
-537994
-495239
-489227
-500000
-484832
-434387
-385437
-373046
-384399
-374847
-326507
-272216
-253112
-264434
-261016
-216308
-157745
-131622
-142150
-145202
-105621
-44006
-10589
-19531
-29235
3662
67077
107910
101562
85205
110046
173767
222167
219543
196716
211975
274414
330444
332885
303985
308166
367614
431304
440307
405975
397583
451995
523376
540771
501953
479278
526397
605499
633575
591430
552612
589599
676513
718261
674438
617004
640228
735198
794830
751708
672088
676330
779968
864074
825225
717681
694396
808044
928314
900115
753692
686462
813049
994567
991577
780487
627044
773101
1090637
1166046
800170
364166
522552
1522674
2801177
3399810
2837615
1566711
543579
356445
782897
1160461
1099548
783020
626556
772399
986968
998504
819732
687622
748931
896240
930297
813110
696289
714721
821899
864959
783996
678588
670318
748901
795074
738464
642700
616119
672088
718048
679199
592193
552429
589477
633087
607666
529022
479675
500427
540100
525146
454589
398437
404876
439544
432678
370117
309387
303253
332092
331512
276824
213470
196350
218750
222930
175994
111785
85174
100860
108428
69122
5584
-28930
-20172
-10314
-42144
-103637
-144622
-142700
-131530
-156127
-214263
-260162
-264831
-253204
-270874
-324493
-373779
-384643
-373260
-384307
-432434
-483612
-500122
-489562
-494415
-536132
-587677
-609161
-599945
-598999
-633636
-684112
-709747
-702239
-696044
-723022
-770996
-799926
-794403
-783508
-802459
-846649
-877899
-874572
-859588
-870300
-909515
-942108
-941009
-922637
-925079
-958282
-991149
-992370
-971282
-965606
-991882
-1024017
-1027496
-1004455
-990966
-1009613
-1040039
-1045593
-1021392
-1000610
-1011077
-1038818
-1046325
-1021728
-994323
-996276
-1020416
-1029632
-1005432
-972259
-965545
-985229
-995849
-972839
-934875
-919555
-934082
-945739
-924652
-882995
-859344
-868072
-880371
-861877
-817749
-786224
-788604
-801116
-785858
-740539
-701782
-697387
-709594
-698120
-652923
-607788
-596313
-607666
-600433
-556732
-506164
-487396
-497314
-494628
-453765
-398925
-372802
-380615
-382659
-346038
-288177
-254730
-259704
-266540
-235412
-175903
-135284
-136688
-148162
-123748
-64117
-16540
-13549
-29357
-12878
45318
99426
107757
88104
95642
150726
210937
225555
202758
200347
250518
316223
338256
313232
299987
343322
413848
444488
418487
393554
427856
502380
543121
517669
480194
503021
580596
633209
610290
559417
567779
647216
714080
696319
630920
620971
700836
785278
776397
694915
661102
739410
846679
852447
752258
685516
759338
898742
929443
805511
688476
751983
943359
1021881
862701
652130
688751
988220
1190551
962463
477203
370727
1108520
2397430
3321502
3148468
2018280
810058
324127
609863
1074157
1168273
891540
643554
698425
927459
1023651
888305
712921
708465
850402
938842
862518
724426
692199
785186
864959
821563
707733
659484
719268
790130
767669
671966
613677
648498
710205
701965
620910
556365
571289
623596
625274
556762
488616
487152
529937
538452
481018
411315
396148
429321
442382
394897
325317
298797
322387
338134
299682
231689
195800
210021
226959
196746
131591
88195
93383
110260
87585
26336
-22766
-26153
-10284
-26123
-82489
-135650
-146972
-132965
-142639
-193298
-248840
-267364
-255828
-259948
-304260
-360534
-385375
-376770
-376007
-413360
-468902
-499053
-493682
-488677
-518707
-572021
-606414
-604431
-595825
-618194
-667968
-705444
-706878
-695312
-709899
-754882
-794219
-799011
-785095
-791931
-831024
-871002
-878967
-863311
-862579
-894836
-934234
-945068
-928314
-920288
-944946
-982604
-995910
-978668
-963836
-980285
-1015075
-1030395
-1013244
-992248
-1000122
-1030914
-1047821
-1031311
-1004852
-1003967
-1029876
-1047760
-1032440
-1001373
-991790
-1011932
-1030212
-1016601
-981933
-963836
-977478
-995605
-984100
-946868
-920745
-927337
-944641
-935668
-897003
-863464
-862609
-878479
-872314
-833404
-793273
-784637
-798431
-795349
-757385
-711639
-695159
-706237
-706359
-670532
-620330
-596038
-603759
-607116
-574554
-521148
-489227
-493011
-499481
-471343
-416137
-376922
-376129
-385528
-362823
-307250
-261260
-255249
-267181
-250854
-196472
-144348
-132507
-146514
-137359
-85754
-28228
-10009
-25360
-24078
23071
85083
110351
94451
87341
128387
193878
226745
211395
195495
228637
296417
337585
323974
299072
322540
391265
441406
431091
397125
408874
477050
536987
531799
488861
486694
552520
623168
625518
573791
555114
616363
699066
712005
651916
613281
667144
763793
791687
723754
660278
702697
816375
865997
790985
694641
719207
855407
938873
857940
713531
707611
878051
1021667
937744
708435
638458
874511
1160614
1090484
635253
323333
763854
1950042
3108673
3342193
2461791
1166931
386718
456695
939819
1190490
1004760
699432
646148
850494
1019226
952178
760284
686614
797454
926239
904235
766265
685668
746643
849151
850219
745391
662475
690979
773193
787536
706085
623168
628295
693328
715423
651824
570526
557830
607574
633911
584625
506134
479522
515319
543304
505859
431213
393646
416534
444305
416839
346801
300750
311676
337799
318756
254058
201660
201629
224914
213012
154205
97412
87371
107025
101104
48675
-10681
-29663
-14343
-15289
-60943
-121307
-148040
-137481
-134399
-172973
-232727
-266052
-260467
-254180
-285552
-343231
-381835
-381286
-372589
-396636
-450927
-493469
-497863
-487457
-504241
-553924
-598999
-608093
-596618
-606262
-650238
-696502
-709869
-697937
-700683
-738037
-784088
-801239
-789367
-785552
-815490
-860015
-880340
-868988
-859100
-881072
-922729
-945556
-935119
-919708
-933288
-970947
-995513
-986358
-966125
-971069
-1003601
-1029144
-1021545
-997222
-993591
-1020050
-1045745
-1039947
-1012359
-1000305
-1019897
-1044921
-1041137
-1011199
-991119
-1003204
-1026733
-1025085
-993713
-966217
-970336
-991546
-992095
-960327
-926147
-921997
-940185
-942901
-911712
-871795
-859283
-873718
-878570
-848907
-804351
-783569
-793609
-800384
-773254
-725280
-696502
-701507
-709991
-686279
-636199
-599884
-599304
-609191
-589721
-538909
-495666
-489074
-499938
-485443
-435394
-385986
-372955
-384246
-375366
-327514
-272918
-253082
-264221
-261413
-217315
-158569
-131683
-141876
-145477
-106628
-44921
-10772
-19195
-29357
2746
66040
107635
101928
85235
109191
172637
221740
219940
196929
211212
273223
329895
333251
304382
307586
366363
430572
440643
406555
397186
450714
522491
541076
502716
479125
525115
604370
633789
592376
552734
588348
675140
718322
675628
617462
639007
733551
794677
753112
673004
675231
777954
863555
826843
719207
693511
805511
927246
902008
756134
685974
809722
992492
993774
784576
627410
768249
1086090
1168640
808776
368316
512420
1500823
2782653
3399261
2855499
1588836
554504
352844
774230
1157440
1103881
788085
626464
768402
984558
1000396
823089
688323
746582
894226
931213
815643
697296
713256
820220
865356
785980
679779
669494
747467
795135
740081
643981
615722
670898
717895
680511
593536
552398
588531
632812
608734
530364
479919
499664
539764
526000
455902
398864
404327
439117
433349
371368
310028
302917
331665
332000
278015
214263
196197
218353
223266
177124
112670
85205
100463
108642
70129
6530
-28778
-20507
-10192
-41259
-102630
-144317
-142944
-131500
-155364
-213226
-259735
-265014
-253265
-270202
-323486
-373229
-384765
-373382
-383789
-431457
-482971
-500152
-489746
-494018
-535217
-586975
-609100
-600158
-598724
-632812
-683349
-709625
-702484
-695892
-722290
-770233
-799743
-794677
-783508
-801849
-845916
-877685
-874816
-859710
-869812
-908782
-941802
-941284
-922882
-924743
-957580
-990814
-992614
-971618
-965393
-991271
-1023651
-1027709
-1004882
-990936
-1009094
-1039642
-1045806
-1021911
-1000732
-1010650
-1038421
-1046508
-1022277
-994598
-995971
-1020019
-1029754
-1006011
-972656
-965362
-984863
-995941
-973449
-935424
-919525
-933746
-945800
-925262
-883666
-859436
-867767
-880371
-862487
-818511
-786468
-788360
-801055
-786437
-741363
-702178
-697204
-709503
-698638
-653808
-608306
-596191
-607513
-600860
-557647
-506805
-487396
-497131
-494964
-454711
-399719
-372894
-380401
-382934
-346954
-289062
-254913
-259460
-266693
-236267
-176879
-135589
-136413
-148162
-124542
-65185
-16998
-13305
-29266
-13549
44219
98846
108001
88348
95062
149566
210205
225738
203155
199951
249359
315368
338378
313781
299774
342163
412811
444519
419128
393554
426757
501190
543029
518432
480468
502014
579223
632965
611145
559967
566925
645660
713592
697265
631835
620300
699096
784484
777404
696258
660705
737457
845458
853485
754150
685546
757080
896850
930419
808197
689208
749298
940338
1022583
866729
654296
685363
982635
1190307
969848
484283
365936
1089385
2375762
3313934
3161163
2041015
825927
324890
601470
1068481
1170593
897247
645446
695190
923919
1024169
891723
714813
706878
847839
938690
864868
726226
691467
783233
864532
823242
709472
659271
717773
789550
768920
673583
613861
647369
709533
702880
622436
556854
570465
622924
625946
558197
489318
486602
529266
538909
482299
412139
395874
428710
442657
396087
326293
298736
321868
338287
300750
232727
195922
209564
226989
197692
132659
88500
93017
110198
88378
27435
-22277
-26397
-10406
-25451
-81420
-135040
-147125
-133148
-142089
-192260
-248138
-267395
-256011
-259521
-303253
-359741
-385314
-376983
-375732
-412475
-468078
-498901
-493927
-488525
-517883
-571166
-606140
-604644
-595764
-617492
-667083
-705078
-707092
-695373
-709350
-754028
-793823
-799194
-785247
-791503
-830230
-870544
-879119
-863586
-862304
-894104
-933746
-945190
-928649
-920166
-944305
-982086
-995971
-979064
-963867
-979766
-1014526
-1030456
-1013702
-992401
-999725
-1030426
-1047821
-1031799
-1005157
-1003692
-1029388
-1047698
-1032928
-1001831
-991668
-1011474
-1030151
-1017089
-982482
-963867
-977111
-995483
-984588
-947540
-920928
-927032
-944488
-936126
-897735
-863800
-862365
-878295
-872741
-834197
-793731
-784515
-798248
-795715
-758209
-712249
-695129
-706024
-706665
-671356
-621032
-596099
-603546
-607330
-575408
-522003
-489440
-492797
-499603
-472137
-417053
-377258
-375915
-385528
-363555
-308227
-261718
-255065
-267120
-251495
-197509
-144927
-132385
-146331
-137878
-86822
-28961
-9918
-25085
-24475
21972
84228
110351
94818
87097
127319
192901
226654
211822
195434
227661
295318
337371
324523
299224
321624
390075
441070
431671
397491
408111
475738
536437
532409
489440
486114
551086
622436
626129
574676
554748
614868
698059
712554
653076
613220
665557
762451
792144
725280
660583
701080
814575
866271
792907
695526
717529
853027
938812
860412
715301
705932
874603
1020874
941101
711883
636962
868865
1157836
1095672
643829
323547
748901
1927276
3094818
3348388
2483001
1186737
392547
450073
932098
1190185
1010223
703186
644317
846405
1018218
955047
763122
686096
794799
925079
905975
768615
685821
744781
847961
851318
747406
662994
689697
772064
788208
707824
623962
627441
692291
715820
653350
571502
557342
606689
634063
585937
507232
479339
514526
543304
507019
432342
393707
415863
444213
417816
347991
301025
311187
337615
319580
255218
202148
201263
224670
213684
155364
98052
87158
106750
101623
49804
-9948
-29724
-14617
-14892
-59875
-120452
-147979
-137756
-134124
-172027
-231811
-265838
-260711
-254028
-284667
-342285
-381530
-381500
-372528
-395904
-449981
-493041
-498046
-487518
-503631
-552978
-598510
-608215
-596740
-605773
-649353
-695953
-709960
-698150
-700317
-737213
-783477
-801269
-789611
-785339
-814758
-859375
-880310
-869262
-859039
-880432
-922088
-945495
-935455
-919799
-932769
-970306
-995391
-986694
-966308
-970703
-1002990
-1028991
-1021942
-997558
-993347
-1019500
-1045532
-1040344
-1012817
-1000244
-1019409
-1044677
-1041503
-1011749
-991210
-1002807
-1026458
-1025421
-994354
-966461
-970001
-991271
-992401
-960998
-926513
-921783
-939910
-943176
-912414
-872314
-859191
-873443
-878753
-849639
-805023
-783630
-793334
-800506
-773986
-726043
-696685
-701263
-710052
-686981
-637054
-600189
-599121
-609191
-590393
-539855
-496124
-488922
-499847
-486053
-436370
-386566
-372863
-384094
-375854
-328552
-273651
-253082
-264007
-261810
-218322
-159393
-131744
-141601
-145751
-107604
-45867
-10925
-18890
-29479
1800
65002
107330
102294
85296
108337
171508
221313
220306
197143
210510
272033
329315
333648
304779
307006
365112
429840
441009
407135
396789
449432
521545
541381
503479
478973
523834
603240
633972
593353
552856
587097
673767
718353
676788
617950
637847
731872
794464
754486
673950
674163
775909
863006
828430
720764
692687
803009
926147
903839
758575
685546
806427
990356
995910
788635
627899
763427
1081451
1171081
817352
372650
502563
1479034
2763916
3398376
2873168
1611053
565673
349456
765533
1154296
1108123
793182
626464
764404
982086
1002227
826477
689056
744232
892211
932067
818176
698364
711853
818511
865692
787994
680999
668701
746032
795166
741699
645294
615356
669708
717742
681793
594848
552368
587554
632507
609802
531707
480163
498931
539367
526824
457214
399353
403778
438720
433990
372650
310668
302581
331237
332489
279205
215057
196044
217956
223632
178222
113555
85235
100097
108856
71136
7507
-28594
-20812
-10101
-40344
-101593
-143981
-143218
-131469
-154571
-212188
-259277
-265197
-253326
-269561
-322448
-372680
-384887
-373504
-383270
-430480
-482330
-500183
-489929
-493621
-534301
-586273
-609069
-600372
-598480
-631988
-682617
-709503
-702728
-695770
-721588
-769470
-799560
-794921
-783508
-801239
-845153
-877410
-875091
-859832
-869354
-908050
-941497
-941558
-923126
-924407
-956909
-990478
-992858
-971954
-965240
-990661
-1023284
-1027954
-1005310
-990905
-1008575
-1039245
-1046020
-1022399
-1000854
-1010253
-1037994
-1046661
-1022857
-994873
-995666
-1019622
-1029876
-1006622
-973083
-965209
-984497
-996032
-974060
-935974
-919494
-933410
-945831
-925903
-884307
-859558
-867462
-880340
-863098
-819274
-786743
-788116
-800994
-787017
-742218
-702575
-697052
-709381
-699157
-654724
-608856
-596099
-607360
-601318
-558563
-507476
-487396
-496917
-495330
-455657
-400512
-373016
-380187
-383178
-347869
-289978
-255126
-259216
-266815
-237152
-177886
-135925
-136169
-148162
-125335
-66253
-17456
-13061
-29113
-14251
43090
98266
108215
88623
94512
148437
209472
225921
203552
199554
248199
314483
338500
314300
299591
341033
411773
444549
419799
393585
425689
499969
542907
519195
480743
501037
577850
632659
612030
560546
566070
644134
713073
698211
632781
619659
697357
783630
778411
697601
660339
735473
844177
854461
756042
685638
754821
894927
931335
810882
690002
746673
937286
1023223
870727
656524
682037
977020
1189910
977142
491485
361419
1070434
2353973
3306030
3173522
2063690
842010
325866
593139
1062683
1172790
902954
647430
692016
920349
1024597
895111
716735
705352
845275
938507
867187
728088
690765
781311
864074
824920
711212
659118
716278
788940
770141
675231
614074
646240
708862
703765
623992
557342
569671
622253
626586
559631
490020
486083
528594
539337
483612
412994
395599
428100
442932
397247
327239
298675
321319
338409
301788
233795
196075
209136
226989
198608
133758
88836
92651
110137
89172
28533
-21820
-26641
-10528
-24780
-80322
-134429
-147277
-133331
-141571
-191223
-247406
-267425
-256225
-259124
-302276
-358978
-385223
-377197
-375457
-411560
-467224
-498718
-494140
-488372
-517089
-570281
-605895
-604858
-595733
-616821
-666229
-704742
-707305
-695434
-708801
-753204
-793395
-799377
-785430
-791107
-829437
-870086
-879272
-863830
-862030
-893371
-933258
-945281
-928985
-920043
-943664
-981567
-996063
-979431
-963897
-979248
-1014007
-1030456
-1014129
-992584
-999328
-1029907
-1047790
-1032257
-1005462
-1003448
-1028900
-1047668
-1033416
-1002258
-991546
-1011016
-1030029
-1017578
-983032
-963897
-976715
-995361
-985076
-948181
-921081
-926727
-944335
-936584
-898498
-864135
-862152
-878082
-873138
-834991
-794219
-784393
-798034
-796081
-759033
-712860
-695129
-705810
-706939
-672210
-621765
-596221
-603302
-607513
-576232
-522827
-489685
-492584
-499725
-472930
-417999
-377624
-375732
-385559
-364288
-309234
-262207
-254913
-267028
-252136
-198577
-145538
-132263
-146148
-138427
-87921
-29693
-9857
-24780
-24871
20904
83374
110321
95184
86853
126281
191894
226562
212280
195373
226654
294219
337158
325042
299377
320739
388854
440673
432250
397857
407348
474426
535888
532989
490051
485534
549682
621673
626708
575531
554412
613372
697052
713104
654266
613189
664001
761108
792572
726776
660949
699462
812805
866516
794799
696472
715911
850585
938659
862854
717102
704345
871154
1019989
944396
715393
635559
863250
1154937
1100708
652404
323974
734222
1904510
3080688
3354248
2504058
1206695
398681
443603
924316
1189758
1015625
707000
642578
842285
1017089
957885
766021
685668
792114
923858
907684
770965
686004
742950
846771
852386
749420
663574
688446
770935
788879
709564
624755
626617
691253
716186
654846
572479
556884
605743
634216
587249
508300
479187
513732
543304
508148
433502
393798
415222
444091
418762
349151
301330
310668
337432
320373
256408
202636
200897
224426
214324
156524
98693
86975
106475
102142
50903
-9185
-29785
-14892
-14526
-58837
-119598
-147888
-138031
-133850
-171051
-230895
-265655
-260955
-253875
-283813
-341339
-381195
-381713
-372497
-395172
-449035
-492645
-498199
-487548
-503021
-552032
-597991
-608337
-596893
-605285
-648468
-695373
-710021
-698333
-699981
-736389
-782836
-801269
-789855
-785156
-814025
-858703
-880279
-869567
-858978
-879791
-921417
-945404
-935791
-919891
-932281
-969635
-995239
-987060
-966522
-970336
-1002380
-1028778
-1022308
-997894
-993133
-1018920
-1045288
-1040679
-1013244
-1000183
-1018920
-1044433
-1041839
-1012268
-991302
-1002380
-1026184
-1025726
-994964
-966674
-969696
-990997
-992675
-961669
-926910
-921600
-939605
-943389
-913146
-872833
-859130
-873168
-878936
-850372
-805664
-783691
-793060
-800628
-774719
-726806
-696868
-701019
-710113
-687683
-637908
-600494
-598907
-609161
-591033
-540771
-496582
-488769
-499755
-486633
-437347
-387176
-372772
-383941
-376342
-329559
-274353
-253082
-263793
-262176
-219329
-160247
-131835
-141326
-145996
-108581
-46844
-11138
-18554
-29602
885
63934
107025
102661
85327
107513
170379
220886
220672
197357
209808
270812
328735
334014
305175
306457
363861
429107
441345
407714
396453
448181
520629
541625
504241
478851
522552
602111
634124
594329
553039
585845
672393
718353
677947
618499
636688
730194
794250
755828
674926
673156
773864
862426
830017
722320
691894
800476
924987
905639
761047
685180
803161
988159
997985
792755
628479
758666
1076751
1173370
825866
377136
492950
1457366
2744995
3397125
2890594
1633331
577117
346252
756835
1151000
1112274
798309
626556
760437
979553
1003997
829864
689849
741943
890136
932891
820709
699462
710479
816772
865997
789978
682250
667907
744598
795166
743286
646606
615020
668518
717529
683074
596221
552368
586608
632202
610809
533050
480438
498199
538970
527648
458526
399841
403259
438293
434631
373901
311340
302246
330810
332946
280395
215850
195892
217529
223937
179321
114471
85266
99731
109069
72143
8483
-28381
-21148
-9979
-39459
-100585
-143646
-143463
-131469
-153808
-211151
-258789
-265380
-253387
-268920
-321441
-372100
-384979
-373657
-382751
-429504
-481658
-500213
-490112
-493255
-533386
-585540
-609008
-600585
-598236
-631164
-681854
-709381
-702972
-695678
-720855
-768707
-799346
-795196
-783508
-800659
-844390
-877166
-875366
-859954
-868896
-907318
-941192
-941802
-923370
-924102
-956237
-990112
-993103
-972320
-965057
-990051
-1022888
-1028167
-1005737
-990905
-1008056
-1038848
-1046203
-1022888
-1001007
-1009826
-1037597
-1046813
-1023406
-995178
-995391
-1019226
-1029998
-1007202
-973510
-965026
-984100
-996093
-974670
-936523
-919464
-933044
-945831
-926513
-884979
-859680
-867187
-880340
-863677
-820037
-787017
-787872
-800933
-787567
-743041
-703002
-696868
-709259
-699645
-655609
-609405
-596038
-607208
-601745
-559509
-508178
-487396
-496734
-495666
-456573
-401306
-373138
-379943
-383392
-348754
-290863
-255371
-258972
-266937
-237976
-178894
-136291
-135925
-148162
-126129
-67321
-17944
-12817
-28991
-14923
41961
97656
108428
88867
93994
147277
208709
226104
203948
199188
247039
313568
338592
314819
299407
339904
410705
444519
420440
393615
424621
498779
542755
519958
481048
500091
576477
632324
612884
561157
565246
642578
712493
699157
633728
619049
695617
782775
779388
698974
660034
733520
842864
855438
757965
685760
752593
892974
932220
813568
690856
744079
934204
1023803
874725
658843
678833
971405
1189361
984313
498779
357147
1051666
2332092
3297790
3185607
2086364
858306
327087
584869
1056762
1174865
908660
649536
688903
916748
1024932
898468
718750
703857
842712
938293
869476
729949
690093
779357
863555
826568
712982
658996
714813
788299
771331
676879
614318
645141
708160
704650
625518
557861
568878
621551
627197
561035
490722
485565
527923
539733
484924
413879
395324
427490
443145
398437
328247
298645
320800
338500
302856
234832
196228
208679
226989
199523
134857
89172
92315
110046
89965
29663
-21331
-26885
-10681
-24139
-79223
-133819
-147399
-133514
-141052
-190155
-246704
-267456
-256439
-258758
-301300
-358154
-385162
-377441
-375183
-410675
-466369
-498535
-494354
-488220
-516296
-569427
-605590
-605072
-595703
-616149
-665344
-704376
-707489
-695526
-708251
-752349
-792968
-799560
-785583
-790710
-828643
-869598
-879394
-864074
-861785
-892669
-932739
-945373
-929290
-919952
-943054
-981018
-996124
-979827
-963928
-978729
-1013458
-1030487
-1014556
-992767
-998931
-1029357
-1047760
-1032745
-1005798
-1003173
-1028411
-1047576
-1033905
-1002716
-991424
-1010589
-1029937
-1018066
-983581
-963928
-976348
-995208
-985565
-948852
-921295
-926422
-944183
-937042
-899230
-864471
-861938
-877899
-873535
-835784
-794677
-784271
-797821
-796417
-759887
-713470
-695098
-705596
-707214
-673034
-622528
-596313
-603088
-607696
-577056
-523681
-489898
-492370
-499816
-473724
-418945
-377990
-375518
-385559
-364990
-310241
-262695
-254730
-266937
-252777
-199645
-146148
-132141
-145935
-138916
-88989
-30426
-9796
-24505
-25238
19836
82489
110290
95581
86639
125244
190887
226409
212738
195343
225708
293090
336883
325531
299530
319885
387603
440277
432800
398223
406616
473083
535308
533569
490661
484985
548278
620880
627258
576416
554107
611877
695983
713623
655426
613189
662445
759704
792968
728271
661376
697875
810974
866699
796722
697448
714324
848144
938476
865295
718963
702819
867706
1019042
947631
718933
634246
857666
1151947
1105651
661041
324615
719757
1881774
3066284
3359771
2524993
1226837
405059
437255
916442
1189178
1020996
710876
640930
838165
1015930
960662
768920
685272
789459
922607
909362
773376
686248
741119
845550
853424
751464
664184
687194
769775
789489
711303
625610
625823
690216
716522
656372
573486
556457
604827
634338
588562
509429
479034
512939
543273
509277
434661
393920
414581
443939
419708
350372
301666
310180
337219
321166
257598
203125
200561
224182
214965
157684
99334
86761
106201
102630
52001
-8422
-29846
-15197
-14160
-57800
-118743
-147827
-138305
-133605
-170104
-229980
-265441
-261199
-253753
-282989
-340393
-380859
-381927
-372467
-394439
-448059
-492187
-498382
-487609
-502410
-551116
-597473
-608459
-597015
-604827
-647552
-694793
-710083
-698547
-699676
-735565
-782226
-801269
-790130
-784973
-813293
-858062
-880218
-869873
-858947
-879180
-920745
-945281
-936126
-919982
-931793
-968994
-995086
-987426
-966766
-969970
-1001770
-1028594
-1022644
-998229
-992919
-1018371
-1045074
-1041046
-1013702
-1000122
-1018432
-1044158
-1042175
-1012817
-991394
-1001983
-1025909
-1026031
-995574
-966949
-969390
-990692
-992950
-962341
-927307
-921417
-939300
-943634
-913848
-873382
-859069
-872863
-879119
-851104
-806335
-783752
-792785
-800750
-775421
-727569
-697052
-700775
-710174
-688385
-638763
-600830
-598724
-609161
-591674
-541717
-497070
-488647
-499664
-487182
-438323
-387786
-372711
-383789
-376831
-330535
-275085
-253082
-263580
-262542
-220336
-161102
-131927
-141052
-146209
-109558
-47790
-11322
-18249
-29663
0
62896
106719
102996
85418
106689
169219
220428
221038
197601
209106
269622
328125
334350
305572
305938
362609
428314
441650
408325
396118
446899
519653
541900
505035
478759
521301
600952
634277
595306
553222
584625
670989
718322
679107
619049
635528
728515
793975
757202
675933
672149
771850
861785
831542
723937
691162
797973
923797
907409
763549
684875
799896
985931
999969
796844
629150
753967
1071990
1175537
834350
381805
483642
1435791
2725860
3395507
2907806
1655670
588806
343231
748107
1147552
1116363
803497
626770
756500
976928
1005706
833282
690734
739685
888031
933654
823242
700592
709106
815032
866271
791961
683532
667144
743133
795135
744873
647949
614715
667327
717315
684356
597564
552398
585662
631835
611846
534393
480743
497467
538574
528442
459838
400360
402740
437835
435241
375152
312042
301940
330352
333404
281555
216674
195770
217132
224243
180419
115417
85327
99365
109252
73120
9490
-28167
-21453
-9918
-38604
-99548
-143280
-143707
-131469
-153045
-210113
-258331
-265563
-253479
-268280
-320404
-371520
-385070
-373779
-382263
-428527
-480987
-500213
-490295
-492889
-532501
-584808
-608947
-600799
-598022
-630340
-681091
-709228
-703216
-695556
-720153
-767913
-799133
-795440
-783538
-800079
-843597
-876892
-875610
-860107
-868438
-906585
-940856
-942047
-923614
-923797
-955566
-989746
-993347
-972656
-964904
-989440
-1022491
-1028381
-1006164
-990875
-1007537
-1038421
-1046386
-1023406
-1001159
-1009429
-1037170
-1046966
-1023956
-995452
-995117
-1018798
-1030090
-1007812
-973937
-964904
-983734
-996154
-975280
-937072
-919464
-932708
-945861
-927093
-885650
-859832
-866882
-880279
-864288
-820800
-787292
-787658
-800842
-788116
-743896
-703399
-696716
-709136
-700134
-656494
-609954
-595947
-607025
-602142
-560424
-508880
-487426
-496520
-495971
-457489
-402130
-373260
-379730
-383605
-349670
-291778
-255615
-258728
-267028
-238830
-179901
-136657
-135681
-148162
-126892
-68389
-18432
-12573
-28839
-15563
40832
97015
108642
89141
93475
146118
207946
226257
204345
198822
245910
312652
338653
315368
299255
338775
409667
444488
421112
393707
423553
497558
542602
520721
481384
499114
575103
631988
613739
561767
564453
641021
711914
700073
634704
618469
693878
781860
780303
700378
659759
731567
841522
856353
759887
685943
750396
890991
933013
816253
691772
741546
931060
1024291
878692
661224
675720
965759
1188720
991424
506164
353149
1033111
2310119
3289215
3197387
2108978
874847
328582
576660
1050720
1176818
914398
651733
685821
913116
1025238
901824
720794
702392
840087
937988
871734
731872
689483
777404
863006
828186
714752
658905
713317
787628
772521
678527
614593
644042
707458
705474
627075
558410
568084
620819
627777
562469
491485
485076
527252
540130
486206
414764
395080
426879
443389
399597
329254
298614
320251
338592
303863
235900
196411
208221
226989
200408
135955
89538
91979
109954
90728
30761
-20812
-27099
-10833
-23498
-78155
-133178
-147521
-133697
-140533
-189117
-245941
-267456
-256652
-258361
-300323
-357360
-385040
-377655
-374938
-409790
-465515
-498321
-494598
-488098
-515502
-568542
-605316
-605285
-595703
-615478
-664489
-704010
-707672
-695587
-707702
-751495
-792541
-799713
-785766
-790313
-827850
-869110
-879516
-864349
-861541
-891937
-932189
-945465
-929626
-919860
-942443
-980468
-996154
-980224
-963989
-978210
-1012908
-1030487
-1015014
-992950
-998535
-1028839
-1047729
-1033203
-1006134
-1002929
-1027893
-1047515
-1034393
-1003173
-991333
-1010131
-1029815
-1018554
-984161
-963989
-975952
-995056
-986022
-949493
-921478
-926116
-944000
-937469
-899963
-864807
-861724
-877685
-873931
-836578
-795196
-784149
-797607
-796722
-760681
-714111
-695129
-705352
-707458
-673889
-623260
-596435
-602844
-607879
-577850
-524536
-490142
-492126
-499908
-474487
-419860
-378356
-375335
-385559
-365692
-311248
-263183
-254577
-266845
-253387
-200683
-146789
-132019
-145751
-139434
-90057
-31188
-9765
-24230
-25604
18768
81604
110260
95947
86456
124206
189880
226287
213195
195312
224731
291992
336639
326049
299713
319030
386383
439849
433349
398620
405914
471771
534698
534149
491302
484466
546844
620056
627807
577301
553802
610412
694915
714111
656616
613189
660919
758300
793334
729766
661804
696319
809143
866821
798614
698455
712768
845703
938232
867675
720855
701324
864257
1018035
950805
722503
633056
852111
1148834
1110443
669677
325500
705535
1859008
3051635
3364929
2545806
1247100
411712
431060
908508
1188446
1026336
714874
639343
834045
1014648
963409
771881
684967
786834
921295
910980
775756
686523
739318
844268
854431
753479
664794
685974
768615
790100
713043
626495
625061
689147
716827
657867
574493
556030
603881
634460
589843
510528
478912
512145
543243
510375
435852
394042
413940
443786
420654
351562
302001
309692
336975
321929
258789
203643
200225
223907
215576
158843
100006
86578
105895
103088
53131
-7629
-29876
-15472
-13824
-56793
-117858
-147705
-138580
-133392
-169158
-229034
-265197
-261444
-253631
-282165
-339416
-380523
-382141
-372436
-393707
-447113
-491760
-498535
-487701
-501831
-550170
-596954
-608551
-597167
-604370
-646667
-694183
-710144
-698760
-699371
-734741
-781585
-801269
-790405
-784790
-812561
-857391
-880157
-870178
-858917
-878570
-920074
-945159
-936462
-920074
-931304
-968353
-994934
-987762
-966979
-969635
-1001159
-1028381
-1023010
-998596
-992736
-1017822
-1044830
-1041381
-1014160
-1000061
-1017944
-1043884
-1042510
-1013366
-991485
-1001586
-1025604
-1026336
-996185
-967193
-969116
-990386
-993225
-963012
-927703
-921234
-938995
-943847
-914550
-873931
-859008
-872589
-879272
-851837
-806976
-783813
-792541
-800842
-776153
-728332
-697265
-700561
-710205
-689056
-639617
-601196
-598510
-609130
-592315
-542633
-497528
-488494
-499572
-487731
-439300
-388397
-372650
-383636
-377288
-331542
-275848
-253112
-263336
-262878
-221313
-161956
-132049
-140777
-146453
-110504
-48767
-11535
-17944
-29754
-885
61828
106384
103332
85479
105895
168090
219970
221405
197845
208435
268402
327514
334686
305999
305419
361358
427520
441955
408935
395812
445648
518707
542114
505828
478698
520050
599761
634399
596252
553466
583435
669586
718261
680267
619598
634429
726837
793670
758514
676940
671203
769805
861145
833068
725555
690460
795471
922546
909118
766082
684631
796691
983612
1001892
800964
629913
749359
1067138
1177551
842803
386657
474578
1414337
2706573
3393524
2924774
1678100
600769
340423
739379
1143981
1120330
808746
627075
752593
974273
1007354
836700
691650
737457
885894
934356
825744
701782
707794
813262
866485
793914
684814
666442
741668
795074
746429
649322
614440
666137
717071
685607
598937
552459
584716
631469
612823
535736
481048
496734
538146
529205
461151
400909
402252
437377
435821
376403
312744
301635
329925
333831
282745
217529
195678
216705
224548
181488
116333
85388
98968
109436
74127
10498
-27954
-21759
-9857
-37719
-98510
-142913
-143951
-131500
-152313
-209075
-257812
-265747
-253570
-267669
-319396
-370910
-385162
-373931
-381774
-427551
-480316
-500213
-490478
-492523
-531585
-584075
-608886
-601043
-597778
-629516
-680297
-709075
-703460
-695465
-719451
-767150
-798919
-795684
-783569
-799499
-842834
-876586
-875854
-860260
-867980
-905853
-940521
-942291
-923858
-923492
-954864
-989379
-993560
-973022
-964752
-988830
-1022094
-1028564
-1006622
-990905
-1007019
-1037994
-1046539
-1023895
-1001312
-1009033
-1036773
-1047088
-1024505
-995758
-994842
-1018402
-1030181
-1008392
-974395
-964752
-983337
-996185
-975891
-937652
-919464
-932373
-945861
-927703
-886352
-859985
-866577
-880249
-864837
-821594
-787567
-787414
-800750
-788635
-744720
-703857
-696563
-708984
-700622
-657409
-610534
-595886
-606842
-602539
-561340
-509582
-487457
-496307
-496307
-458404
-402954
-373382
-379486
-383819
-350555
-292724
-255859
-258483
-267120
-239654
-180908
-137023
-135437
-148132
-127624
-69458
-18951
-12359
-28686
-16204
39703
96374
108825
89447
92956
144989
207153
226379
204772
198486
244750
311737
338714
315917
299102
337677
408569
444458
421752
393768
422515
496337
542419
521484
481719
498199
573730
631622
614562
562408
563690
639465
711303
700958
635681
617919
692138
780944
781250
701782
659515
729644
840148
857269
761810
686157
748229
888946
933776
818939
692718
739044
927917
1024719
882659
663665
672668
960083
1187896
998443
513641
349395
1014709
2288055
3280303
3208862
2131561
891601
330291
568542
1044586
1178649
920104
654022
682830
909423
1025421
905181
722900
701019
837493
937652
873992
733795
688934
775451
862426
829772
716552
658874
711853
786926
773651
680206
614929
642944
706695
706298
628601
558990
567321
620086
628326
563873
492248
484588
526550
540466
487487
415679
394866
426239
443572
400756
330261
298614
319702
338684
304901
236999
196624
207794
226959
201324
137084
89904
91644
109863
91491
31860
-20294
-27343
-10986
-22888
-77056
-132537
-147613
-133880
-140045
-188079
-245208
-267456
-256866
-258026
-299346
-356536
-384948
-377868
-374694
-408905
-464660
-498107
-494812
-487976
-514739
-567657
-605010
-605499
-595703
-614837
-663604
-703613
-707855
-695709
-707183
-750671
-792083
-799865
-785980
-789947
-827056
-868621
-879638
-864624
-861297
-891235
-931671
-945556
-929962
-919769
-941802
-979919
-996215
-980621
-964050
-977722
-1012359
-1030487
-1015441
-993164
-998168
-1028320
-1047698
-1033660
-1006469
-1002716
-1027404
-1047424
-1034881
-1003631
-991241
-1009704
-1029693
-1019012
-984741
-964050
-975585
-994903
-986450
-950164
-921691
-925811
-943817
-937866
-900695
-865173
-861511
-877502
-874298
-837371
-795684
-784057
-797363
-797058
-761505
-714752
-695129
-705139
-707702
-674713
-624023
-596557
-602630
-608032
-578674
-525390
-490386
-491912
-500000
-475250
-420837
-378723
-375122
-385528
-366394
-312286
-263702
-254425
-266723
-253997
-201751
-147430
-131927
-145538
-139923
-91125
-31982
-9735
-23925
-25939
17700
80718
110198
96313
86273
123199
188873
226104
213623
195312
223785
290832
336334
326568
299896
318176
385162
439422
433898
399017
405212
470428
534088
534698
491943
483947
545440
619232
628326
578216
553558
608947
693817
714569
657775
613250
659423
756896
793670
731292
662261
694793
807281
866943
800476
699493
711242
843261
937927
870056
722808
699920
860809
1016937
953948
726135
631958
846557
1145629
1115112
678344
326629
691589
1836303
3036682
3369750
2566467
1267547
418640
424987
900512
1187591
1031616
718902
637847
829925
1013336
966094
774871
684692
784179
919921
912567
778198
686859
737548
842987
855407
755523
665496
684783
767425
790649
714782
627380
624298
688079
717102
659362
575531
555633
602966
634521
591125
511688
478820
511352
543182
511474
437042
394195
413299
443634
421569
352752
302368
309204
336730
322692
260009
204193
199890
223632
216186
160003
100708
86395
105590
103576
54229
-6805
-29907
-15777
-13488
-55755
-116973
-147613
-138854
-133178
-168243
-228118
-264953
-261688
-253540
-281341
-338439
-380157
-382324
-372436
-393005
-446136
-491302
-498687
-487762
-501251
-549224
-596405
-608642
-597320
-603942
-645782
-693572
-710174
-698974
-699066
-733917
-780914
-801269
-790649
-784637
-811859
-856719
-880096
-870483
-858886
-877960
-919403
-945037
-936798
-920196
-930816
-967681
-994750
-988128
-967224
-969299
-1000549
-1028167
-1023345
-998931
-992523
-1017242
-1044555
-1041748
-1014617
-1000030
-1017456
-1043609
-1042846
-1013916
-991607
-1001190
-1025299
-1026641
-996826
-967468
-968811
-990081
-993469
-963684
-928131
-921051
-938690
-944061
-915252
-874481
-858978
-872283
-879425
-852539
-807678
-783905
-792266
-800933
-776855
-729125
-697479
-700317
-710235
-689727
-640502
-601562
-598327
-609069
-592926
-543579
-498046
-488372
-499481
-488281
-440277
-389007
-372589
-383453
-377746
-332550
-276580
-253112
-263122
-263214
-222320
-162841
-132171
-140502
-146636
-111450
-49743
-11779
-17608
-29815
-1770
60760
106018
103668
85601
105133
166931
219451
221740
198120
207794
267211
326873
335021
306427
304931
360107
426727
442230
409515
395507
444396
517700
542327
506591
478637
518798
598571
634490
597229
553680
582244
668151
718200
681396
620208
633331
725128
793334
759857
678009
670288
767761
860412
834564
727203
689819
792968
921234
910797
768615
684448
793487
981262
1003753
805084
630767
744781
1062225
1179412
851196
391662
465789
1392974
2687072
3391204
2941528
1700561
612976
337829
730651
1140258
1124237
814025
627471
748718
971557
1008911
840118
692657
735260
883728
935028
828277
703002
706512
811492
866699
795867
686157
665740
740203
794952
747985
650695
614196
664916
716796
686828
600341
552520
583770
631103
613800
537109
481414
496032
537689
529968
462493
401458
401733
436920
436401
377655
313476
301330
329467
334259
283935
218383
195587
216278
224822
182556
117279
85449
98602
109588
75073
11505
-27709
-22094
-9796
-36865
-97473
-142517
-144195
-131530
-151580
-208038
-257324
-265899
-253662
-267059
-318389
-370300
-385253
-374084
-381317
-426574
-479614
-500213
-490692
-492187
-530700
-583343
-608795
-601257
-597595
-628723
-679534
-708923
-703704
-695404
-718750
-766357
-798675
-795928
-783630
-798919
-842071
-876312
-876129
-860412
-867553
-905120
-940185
-942535
-924133
-923187
-954193
-988983
-993774
-973358
-964630
-988250
-1021667
-1028778
-1007049
-990905
-1006530
-1037567
-1046691
-1024414
-1001495
-1008636
-1036346
-1047210
-1025054
-996093
-994567
-1017974
-1030242
-1008972
-974853
-964630
-982971
-996215
-976501
-938232
-919464
-932037
-945831
-928283
-887023
-860137
-866302
-880187
-865417
-822357
-787872
-787200
-800628
-789154
-745574
-704284
-696411
-708862
-701080
-658294
-611114
-595855
-606658
-602935
-562255
-510284
-487518
-496093
-496582
-459320
-403778
-373535
-379272
-384033
-351440
-293640
-256134
-258239
-267211
-240478
-181915
-137420
-135192
-148071
-128356
-70556
-19470
-12145
-28503
-16815
38574
95703
109008
89721
92468
143829
206359
226501
205169
198181
243621
310791
338775
316436
298980
336578
407501
444396
422393
393890
421508
495086
542205
522216
482086
497283
572326
631225
615386
563079
562957
637908
710662
701843
636657
617401
690429
779968
782135
703186
659332
727722
838775
858093
763763
686431
746093
886901
934509
821594
693756
736572
924743
1025054
886566
666198
669738
954406
1186981
1005340
521240
345886
996520
2265899
3271057
3220031
2154113
908569
332275
560455
1038299
1180358
925842
656402
679901
905700
1025573
908477
725036
699676
834869
937255
876190
735778
688415
773498
861816
831329
718383
658843
710388
786193
774780
681884
615264
641876
705932
707092
630157
559570
566589
619354
628875
565307
493041
484130
525848
540832
488769
416625
394653
425628
443756
401885
331268
298645
319152
338745
305908
238067
196838
207336
226928
202178
138183
90301
91308
109741
92224
32989
-19744
-27557
-11169
-22277
-75958
-131866
-147735
-134094
-139587
-187042
-244445
-267425
-257080
-257659
-298370
-355712
-384826
-378112
-374481
-408020
-463775
-497894
-495025
-487884
-513977
-566772
-604705
-605712
-595703
-614196
-662719
-703247
-708038
-695800
-706695
-749816
-791625
-800018
-786163
-789550
-826263
-868103
-879760
-864898
-861083
-890533
-931121
-945617
-930328
-919677
-941192
-979370
-996246
-981018
-964111
-977233
-1011810
-1030487
-1015869
-993377
-997802
-1027770
-1047637
-1034118
-1006805
-1002471
-1026916
-1047332
-1035339
-1004089
-991149
-1009246
-1029571
-1019500
-985321
-964111
-975189
-994750
-986907
-950836
-921936
-925506
-943603
-938293
-901428
-865539
-861297
-877288
-874664
-838165
-796203
-783966
-797149
-797363
-762329
-715393
-695159
-704895
-707946
-675537
-624786
-596710
-602386
-608184
-579467
-526275
-490661
-491699
-500061
-476013
-421783
-379119
-374938
-385498
-367065
-313293
-264221
-254272
-266601
-254577
-202789
-148101
-131835
-145324
-140380
-92193
-32775
-9704
-23620
-26275
16662
79803
110137
96710
86090
122192
187835
225952
214080
195312
222869
289703
336029
327056
300109
317352
383911
438964
434417
399444
404541
469116
533447
535247
492584
483489
544036
618377
628845
579101
553314
607482
692718
714996
658966
613342
657928
755462
793945
732788
662750
693298
805419
867004
802368
700561
709777
840789
937561
872406
724792
698547
857360
1015777
957031
729797
630950
841064
1142303
1119628
687042
327941
677856
1813598
3021453
3374206
2586975
1288116
425842
419036
892456
1186584
1036834
723052
636444
825775
1011901
968750
777893
684509
781555
918518
914123
780609
687225
735778
841644
856323
757568
666198
683593
766204
791168
716522
628295
623565
686981
717346
660858
576599
555236
602020
634582
592407
512817
478729
510559
543090
512542
438232
394348
412658
443420
422454
353973
302764
308715
336486
323425
261199
204742
199554
223327
216766
161163
101409
86242
105285
104003
55328
-6011
-29937
-16082
-13153
-54748
-116088
-147460
-139129
-132965
-167327
-227172
-264709
-261932
-253417
-280517
-337463
-379791
-382537
-372436
-392333
-445159
-490814
-498840
-487854
-500671
-548278
-595855
-608734
-597473
-603515
-644897
-692962
-710205
-699188
-698760
-733123
-780273
-801239
-790924
-784484
-811126
-856048
-880004
-870788
-858886
-877349
-918731
-944915
-937103
-920318
-930358
-967041
-994567
-988464
-967468
-968963
-999908
-1027923
-1023712
-999298
-992370
-1016693
-1044311
-1042053
-1015075
-1000000
-1016998
-1043304
-1043151
-1014465
-991729
-1000823
-1024993
-1026916
-997436
-967742
-968536
-989776
-993713
-964355
-928558
-920898
-938385
-944244
-915954
-875030
-858917
-871978
-879547
-853271
-808349
-783996
-791992
-801025
-777557
-729919
-697723
-700073
-710235
-690399
-641387
-601928
-598144
-609039
-593536
-544525
-498535
-488250
-499359
-488830
-441253
-389648
-372528
-383270
-378173
-333526
-277343
-253173
-262878
-263549
-223297
-163696
-132293
-140228
-146850
-112396
-50720
-12023
-17303
-29846
-2624
59661
105651
104003
85693
104339
165802
218963
222076
198394
207153
265991
326202
335357
306884
304473
358886
425903
442504
410156
395233
443145
516693
542510
507385
478607
517578
597351
634552
598205
553955
581085
666717
718078
682556
620819
632293
723419
792968
761138
679077
669403
765716
859680
836059
728881
689208
790466
919921
912414
771179
684356
790313
978881
1005523
809234
631713
740295
1057281
1181121
859558
396820
457244
1371734
2667388
3388519
2958007
1723083
625457
335418
721923
1136413
1128051
819366
627960
744873
968750
1010437
843566
693695
733093
881530
935638
830780
704284
705261
809692
866821
797790
687530
665100
738739
794830
749511
652099
613952
663726
716491
688049
601745
552642
582824
630676
614746
538482
481781
495330
537231
530700
463806
402038
401275
436431
436950
378936
314208
301055
328979
334625
285095
219238
195495
215850
225067
183654
118255
85571
98205
109710
76049
12512
-27435
-22399
-9735
-36041
-96435
-142120
-144439
-131561
-150848
-207000
-256805
-266052
-253753
-266479
-317352
-369689
-385314
-374237
-380859
-425628
-478912
-500213
-490875
-491851
-529785
-582580
-608703
-601501
-597381
-627929
-678741
-708740
-703948
-695312
-718048
-765563
-798431
-796203
-783660
-798370
-841278
-876007
-876342
-860565
-867126
-904388
-939819
-942779
-924407
-922912
-953521
-988586
-993988
-973724
-964508
-987640
-1021270
-1028930
-1007476
-990936
-1006042
-1037139
-1046844
-1024902
-1001647
-1008270
-1035888
-1047302
-1025604
-996398
-994323
-1017578
-1030334
-1009552
-975311
-964508
-982574
-996246
-977081
-938812
-919494
-931671
-945831
-928894
-887725
-860290
-865997
-880126
-865966
-823120
-788208
-786987
-800537
-789672
-746429
-704742
-696289
-708709
-701538
-659179
-611724
-595794
-606475
-603302
-563171
-510986
-487548
-495910
-496887
-460235
-404602
-373718
-379028
-384216
-352294
-294586
-256408
-258026
-267272
-241302
-182922
-137817
-134979
-148040
-129089
-71624
-19989
-11932
-28350
-17456
37475
95031
109161
90026
92010
142700
205566
226623
205596
197875
242492
309844
338775
316986
298889
335510
406402
444305
423065
394012
420501
493835
541961
522979
482452
496398
570922
630798
616210
563751
562225
636383
710021
702697
637695
616912
688690
778991
782989
704589
659149
725830
837341
858917
765686
686737
743957
884826
935150
824279
694824
734161
921539
1025299
890441
668792
666870
948730
1185913
1012145
528930
342651
978515
2243682
3261505
3230865
2176574
925750
334472
552459
1031921
1181945
931579
658874
677032
901947
1025604
911804
727233
698394
832244
936828
878387
737792
687927
771545
861145
832885
720214
658874
708923
785430
775878
683593
615631
640808
705169
707855
631713
560211
565856
618591
629394
566711
493835
483703
525146
541137
490051
417572
394470
424987
443939
403045
332305
298675
318603
338775
306915
239166
197082
206909
226867
203063
139312
90698
90972
109619
92956
34118
-19195
-27770
-11322
-21697
-74890
-131195
-147827
-134307
-139129
-186004
-243682
-267425
-257324
-257324
-297424
-354858
-384674
-378326
-374267
-407165
-462890
-497650
-495239
-487792
-513214
-565856
-604370
-605895
-595703
-613555
-661834
-702819
-708221
-695922
-706176
-748962
-791137
-800140
-786346
-789215
-825469
-867584
-879852
-865173
-860870
-889801
-930572
-945678
-930664
-919616
-940582
-978820
-996246
-981414
-964202
-976745
-1011260
-1030456
-1016296
-993591
-997436
-1027252
-1047576
-1034576
-1007171
-1002258
-1026397
-1047241
-1035797
-1004577
-991088
-1008819
-1029418
-1019958
-985900
-964202
-974822
-994567
-987335
-951507
-922149
-925231
-943420
-938690
-902160
-865936
-861114
-877044
-875000
-838928
-796722
-783874
-796905
-797637
-763153
-716033
-695159
-704650
-708160
-676330
-625579
-596862
-602172
-608337
-580261
-527160
-490936
-491485
-500091
-476745
-422729
-379547
-374755
-385467
-367736
-314300
-264770
-254150
-266479
-255157
-203857
-148773
-131744
-145111
-140838
-93261
-33569
-9704
-23315
-26580
15625
78887
110046
97076
85937
121185
186798
225738
214538
195343
221923
288574
335723
327545
300323
316558
382659
438507
434936
399871
403900
467773
532806
535766
493255
483032
542663
617492
629333
580017
553100
606018
691558
715393
660156
613433
656433
753997
794219
734283
663299
691802
803558
867004
804199
701690
708343
838287
937164
874725
726806
697235
853912
1014526
960052
733520
630065
835571
1138885
1124053
695739
329498
664367
1790893
3005981
3378295
2607330
1308807
433288
413269
884307
1185424
1042022
727264
635131
821655
1010437
971343
780944
684387
778930
917053
915649
783050
687652
734008
840301
857238
759582
666931
682434
764953
791687
718261
629272
622833
685882
717590
662322
577697
554901
601074
634613
593658
514007
478668
509765
542968
513610
439453
394561
412017
443237
423339
355194
303161
308258
336212
324157
262390
205322
199249
223022
217346
162322
102111
86090
104980
104431
56427
-5187
-29937
-16387
-12847
-53710
-115173
-147338
-139404
-132781
-166412
-226196
-264434
-262176
-253356
-279693
-336486
-379394
-382720
-372436
-391632
-444183
-490356
-498962
-487945
-500122
-547332
-595306
-608825
-597625
-603088
-644012
-692352
-710235
-699401
-698486
-732299
-779602
-801208
-791198
-784362
-810424
-855346
-879913
-871093
-858886
-876770
-918060
-944763
-937438
-920440
-929901
-966369
-994354
-988800
-967742
-968658
-999298
-1027709
-1024047
-999664
-992187
-1016143
-1044036
-1042388
-1015563
-1000000
-1016510
-1043029
-1043457
-1015014
-991882
-1000427
-1024688
-1027191
-998046
-968048
-968261
-989440
-993927
-965026
-928985
-920745
-938079
-944427
-916656
-875610
-858886
-871704
-879699
-853973
-809051
-784118
-791717
-801086
-778259
-730712
-697967
-699859
-710235
-691070
-642242
-602294
-597961
-608978
-594146
-545471
-499053
-488159
-499237
-489349
-442230
-390319
-372497
-383087
-378601
-334533
-278137
-253204
-262664
-263854
-224273
-164611
-132446
-139953
-147003
-113342
-51727
-12298
-16998
-29907
-3509
58593
105255
104339
85815
103576
164642
218444
222412
198669
206512
264801
325531
335662
307342
304016
357635
425079
442779
410766
394989
441894
515686
542694
508178
478607
516387
596130
634582
599151
554260
579925
665252
717926
683654
621490
631256
721710
792572
762451
680175
668548
763671
858917
837493
730560
688629
787994
918518
914031
773742
684295
787170
976409
1007232
813354
632781
735870
1052246
1182708
867858
402160
449005
1350646
2647521
3385467
2974243
1745635
638183
333251
713195
1132415
1131774
824737
628570
741027
965911
1011871
847015
694824
730957
879302
936187
833312
705596
704040
807891
866943
799743
688934
664459
737243
794647
751007
653533
613769
662536
716156
689239
603149
552764
581878
630249
615692
539886
482177
494628
536743
531433
465118
402648
400787
435943
437469
380187
314971
300811
328521
335021
286254
220123
195434
215393
225311
184692
119232
85662
97839
109832
76995
13549
-27160
-22705
-9704
-35186
-95367
-141693
-144683
-131622
-150146
-205963
-256256
-266204
-253875
-265899
-316345
-369049
-385375
-374420
-380401
-424652
-478210
-500183
-491088
-491546
-528900
-581817
-608581
-601715
-597198
-627136
-677947
-708557
-704193
-695251
-717376
-764739
-798187
-796447
-783721
-797790
-840515
-875671
-876586
-860748
-866729
-903656
-939453
-942993
-924682
-922668
-952850
-988189
-994201
-974090
-964385
-987060
-1020843
-1029113
-1007934
-990997
-1005554
-1036712
-1046997
-1025421
-1001861
-1007904
-1035461
-1047424
-1026153
-996734
-994079
-1017150
-1030364
-1010131
-975769
-964385
-982177
-996246
-977661
-939392
-919525
-931335
-945770
-929443
-888427
-860473
-865722
-880035
-866516
-823913
-788513
-786773
-800415
-790191
-747283
-705230
-696136
-708557
-701965
-660064
-612304
-595764
-606292
-603668
-564056
-511718
-487609
-495697
-497161
-461120
-405456
-373901
-378784
-384368
-353179
-295532
-256713
-257781
-267333
-242095
-183959
-138244
-134735
-147979
-129821
-72692
-20538
-11718
-28167
-18035
36346
94360
109344
90332
91552
141571
204742
226715
206024
197601
241394
308868
338806
317535
298797
334442
405273
444183
423706
394134
419494
492584
541717
523712
482849
495544
569519
630340
617004
564422
561523
634826
709320
703552
638702
616455
686981
777984
783843
706024
659027
723937
835876
859710
767639
687072
741882
882690
935760
826934
695953
731811
918304
1025482
894317
671478
664123
943023
1184722
1018859
536682
339691
960723
2221374
3251586
3241394
2199005
943145
336944
544525
1025451
1183380
937286
661437
674224
898132
1025573
915069
729492
697143
829589
936309
880554
739807
687469
769592
860443
834381
722076
658935
707489
784667
776947
685272
616027
639739
704376
708587
633270
560852
565124
617797
629882
568115
494689
483276
524444
541442
491333
418518
394287
424346
444061
404174
333374
298736
318084
338806
307891
240264
197326
206481
226806
203887
140441
91125
90667
109497
93658
35217
-18615
-27954
-11535
-21118
-73791
-130523
-147888
-134521
-138671
-184967
-242889
-267364
-257537
-257019
-296478
-354034
-384521
-378570
-374084
-406311
-462005
-497406
-495452
-487701
-512481
-564971
-604034
-606109
-595733
-612945
-660949
-702392
-708374
-696014
-705688
-748107
-790679
-800292
-786560
-788848
-824707
-867065
-879943
-865447
-860656
-889099
-930023
-945739
-930999
-919586
-940002
-978240
-996246
-981781
-964294
-976257
-1010681
-1030426
-1016723
-993835
-997100
-1026702
-1047485
-1035034
-1007507
-1002044
-1025909
-1047119
-1036254
-1005065
-991027
-1008361
-1029266
-1020385
-986480
-964294
-974456
-994384
-987762
-952178
-922393
-924957
-943206
-939086
-902923
-866333
-860931
-876831
-875366
-839721
-797271
-783813
-796661
-797912
-763946
-716705
-695220
-704406
-708374
-677154
-626342
-597015
-601928
-608459
-581024
-528015
-491241
-491302
-500152
-477478
-423675
-379974
-374603
-385437
-368408
-315338
-265319
-253997
-266357
-255706
-204895
-149444
-131683
-144897
-141265
-94329
-34362
-9704
-23010
-26885
14587
77941
109954
97473
85784
120208
185760
225555
214965
195373
221038
287414
335388
328033
300567
315765
381408
437988
435455
400329
403259
466461
532135
536254
493927
482574
541259
616607
629821
580963
552917
604583
690429
715789
661346
613586
654968
752502
794464
735778
663848
690368
801635
867004
806060
702850
706939
835815
936706
877014
728881
696014
850463
1013244
963012
737243
629272
830139
1135375
1128295
704467
331268
651153
1768249
2990234
3382049
2627502
1329650
441009
407623
876129
1184143
1047180
731536
633911
817504
1008880
973907
784027
684295
776336
915557
917114
785522
688140
732269
838897
858093
761627
667724
681274
763702
792144
719970
630249
622161
684783
717773
663787
578796
554565
600097
634613
594909
515167
478637
508972
542846
514648
440673
394744
411376
442993
424224
356414
303558
307800
335937
324859
263610
205902
198944
222717
217895
163482
102844
85937
104675
104858
57495
-4333
-29907
-16693
-12573
-52703
-114257
-147186
-139678
-132598
-165496
-225250
-264160
-262420
-253265
-278900
-335510
-378997
-382904
-372467
-390960
-443206
-489837
-499114
-488037
-499603
-546386
-594726
-608917
-597808
-602691
-643127
-691711
-710235
-699615
-698211
-731506
-778930
-801147
-791442
-784210
-809722
-854675
-879791
-871398
-858886
-876190
-917358
-944580
-937744
-920593
-929443
-965698
-994171
-989105
-967987
-968322
-998687
-1027435
-1024353
-1000061
-992034
-1015563
-1043731
-1042694
-1016021
-1000000
-1016021
-1042694
-1043731
-1015563
-992034
-1000061
-1024353
-1027435
-998687
-968322
-967987
-989105
-994171
-965698
-929443
-920593
-937744
-944580
-917358
-876190
-858886
-871398
-879791
-854675
-809722
-784210
-791442
-801147
-778930
-731506
-698211
-699615
-710235
-691711
-643127
-602691
-597808
-608917
-594726
-546386
-499603
-488037
-499114
-489837
-443206
-390960
-372467
-382904
-378997
-335510
-278900
-253265
-262420
-264160
-225250
-165496
-132598
-139678
-147186
-114257
-52703
-12573
-16693
-29907
-4333
57495
104858
104675
85937
102844
163482
217895
222717
198944
205902
263610
324859
335937
307800
303558
356414
424224
442993
411376
394744
440673
514648
542846
508972
478637
515167
594909
634613
600097
554565
578796
663787
717773
684783
622161
630249
719970
792144
763702
681274
667724
761627
858093
838897
732269
688140
785522
917114
915557
776336
684295
784027
973907
1008880
817504
633911
731536
1047180
1184143
876129
407623
441009
1329650
2627502
3382049
2990234
1768249
651153
331268
704467
1128295
1135375
830139
629272
737243
963012
1013244
850463
696014
728881
877014
936706
835815
706939
702850
806060
867004
801635
690368
663848
735778
794464
752502
654968
613586
661346
715789
690429
604583
552917
580963
629821
616607
541259
482574
493927
536254
532135
466461
403259
400329
435455
437988
381408
315765
300567
328033
335388
287414
221038
195373
214965
225555
185760
120208
85784
97473
109954
77941
14587
-26885
-23010
-9704
-34362
-94329
-141265
-144897
-131683
-149444
-204895
-255706
-266357
-253997
-265319
-315338
-368408
-385437
-374603
-379974
-423675
-477478
-500152
-491302
-491241
-528015
-581024
-608459
-601928
-597015
-626342
-677154
-708374
-704406
-695220
-716705
-763946
-797912
-796661
-783813
-797271
-839721
-875366
-876831
-860931
-866333
-902923
-939086
-943206
-924957
-922393
-952178
-987762
-994384
-974456
-964294
-986480
-1020385
-1029266
-1008361
-991027
-1005065
-1036254
-1047119
-1025909
-1002044
-1007507
-1035034
-1047485
-1026702
-997100
-993835
-1016723
-1030426
-1010681
-976257
-964294
-981781
-996246
-978240
-940002
-919586
-930999
-945739
-930023
-889099
-860656
-865447
-879943
-867065
-824707
-788848
-786560
-800292
-790679
-748107
-705688
-696014
-708374
-702392
-660949
-612945
-595733
-606109
-604034
-564971
-512481
-487701
-495452
-497406
-462005
-406311
-374084
-378570
-384521
-354034
-296478
-257019
-257537
-267364
-242889
-184967
-138671
-134521
-147888
-130523
-73791
-21118
-11535
-27954
-18615
35217
93658
109497
90667
91125
140441
203887
226806
206481
197326
240264
307891
338806
318084
298736
333374
404174
444061
424346
394287
418518
491333
541442
524444
483276
494689
568115
629882
617797
565124
560852
633270
708587
704376
639739
616027
685272
776947
784667
707489
658935
722076
834381
860443
769592
687469
739807
880554
936309
829589
697143
729492
915069
1025573
898132
674224
661437
937286
1183380
1025451
544525
336944
943145
2199005
3241394
3251586
2221374
960723
339691
536682
1018859
1184722
943023
664123
671478
894317
1025482
918304
731811
695953
826934
935760
882690
741882
687072
767639
859710
835876
723937
659027
706024
783843
777984
686981
616455
638702
703552
709320
634826
561523
564422
617004
630340
569519
495544
482849
523712
541717
492584
419494
394134
423706
444183
405273
334442
298797
317535
338806
308868
241394
197601
206024
226715
204742
141571
91552
90332
109344
94360
36346
-18035
-28167
-11718
-20538
-72692
-129821
-147979
-134735
-138244
-183959
-242095
-267333
-257781
-256713
-295532
-353179
-384368
-378784
-373901
-405456
-461120
-497161
-495697
-487609
-511718
-564056
-603668
-606292
-595764
-612304
-660064
-701965
-708557
-696136
-705230
-747283
-790191
-800415
-786773
-788513
-823913
-866516
-880035
-865722
-860473
-888427
-929443
-945770
-931335
-919525
-939392
-977661
-996246
-982177
-964385
-975769
-1010131
-1030364
-1017150
-994079
-996734
-1026153
-1047424
-1035461
-1007904
-1001861
-1025421
-1046997
-1036712
-1005554
-990997
-1007934
-1029113
-1020843
-987060
-964385
-974090
-994201
-988189
-952850
-922668
-924682
-942993
-939453
-903656
-866729
-860748
-876586
-875671
-840515
-797790
-783721
-796447
-798187
-764739
-717376
-695251
-704193
-708557
-677947
-627136
-597198
-601715
-608581
-581817
-528900
-491546
-491088
-500183
-478210
-424652
-380401
-374420
-385375
-369049
-316345
-265899
-253875
-266204
-256256
-205963
-150146
-131622
-144683
-141693
-95367
-35186
-9704
-22705
-27160
13549
76995
109832
97839
85662
119232
184692
225311
215393
195434
220123
286254
335021
328521
300811
314971
380187
437469
435943
400787
402648
465118
531433
536743
494628
482177
539886
615692
630249
581878
552764
603149
689239
716156
662536
613769
653533
751007
794647
737243
664459
688934
799743
866943
807891
704040
705596
833312
936187
879302
730957
694824
847015
1011871
965911
741027
628570
824737
1131774
1132415
713195
333251
638183
1745635
2974243
3385467
2647521
1350646
449005
402160
867858
1182708
1052246
735870
632781
813354
1007232
976409
787170
684295
773742
914031
918518
787994
688629
730560
837493
858917
763671
668548
680175
762451
792572
721710
631256
621490
683654
717926
665252
579925
554260
599151
634582
596130
516387
478607
508178
542694
515686
441894
394989
410766
442779
425079
357635
304016
307342
335662
325531
264801
206512
198669
222412
218444
164642
103576
85815
104339
105255
58593
-3509
-29907
-16998
-12298
-51727
-113342
-147003
-139953
-132446
-164611
-224273
-263854
-262664
-253204
-278137
-334533
-378601
-383087
-372497
-390319
-442230
-489349
-499237
-488159
-499053
-545471
-594146
-608978
-597961
-602294
-642242
-691070
-710235
-699859
-697967
-730712
-778259
-801086
-791717
-784118
-809051
-853973
-879699
-871704
-858886
-875610
-916656
-944427
-938079
-920745
-928985
-965026
-993927
-989440
-968261
-968048
-998046
-1027191
-1024688
-1000427
-991882
-1015014
-1043457
-1043029
-1016510
-1000000
-1015563
-1042388
-1044036
-1016143
-992187
-999664
-1024047
-1027709
-999298
-968658
-967742
-988800
-994354
-966369
-929901
-920440
-937438
-944763
-918060
-876770
-858886
-871093
-879913
-855346
-810424
-784362
-791198
-801208
-779602
-732299
-698486
-699401
-710235
-692352
-644012
-603088
-597625
-608825
-595306
-547332
-500122
-487945
-498962
-490356
-444183
-391632
-372436
-382720
-379394
-336486
-279693
-253356
-262176
-264434
-226196
-166412
-132781
-139404
-147338
-115173
-53710
-12847
-16387
-29937
-5187
56427
104431
104980
86090
102111
162322
217346
223022
199249
205322
262390
324157
336212
308258
303161
355194
423339
443237
412017
394561
439453
513610
542968
509765
478668
514007
593658
634613
601074
554901
577697
662322
717590
685882
622833
629272
718261
791687
764953
682434
666931
759582
857238
840301
734008
687652
783050
915649
917053
778930
684387
780944
971343
1010437
821655
635131
727264
1042022
1185424
884307
413269
433288
1308807
2607330
3378295
3005981
1790893
664367
329498
695739
1124053
1138885
835571
630065
733520
960052
1014526
853912
697235
726806
874725
937164
838287
708343
701690
804199
867004
803558
691802
663299
734283
794219
753997
656433
613433
660156
715393
691558
606018
553100
580017
629333
617492
542663
483032
493255
535766
532806
467773
403900
399871
434936
438507
382659
316558
300323
327545
335723
288574
221923
195343
214538
225738
186798
121185
85937
97076
110046
78887
15625
-26580
-23315
-9704
-33569
-93261
-140838
-145111
-131744
-148773
-203857
-255157
-266479
-254150
-264770
-314300
-367736
-385467
-374755
-379547
-422729
-476745
-500091
-491485
-490936
-527160
-580261
-608337
-602172
-596862
-625579
-676330
-708160
-704650
-695159
-716033
-763153
-797637
-796905
-783874
-796722
-838928
-875000
-877044
-861114
-865936
-902160
-938690
-943420
-925231
-922149
-951507
-987335
-994567
-974822
-964202
-985900
-1019958
-1029418
-1008819
-991088
-1004577
-1035797
-1047241
-1026397
-1002258
-1007171
-1034576
-1047576
-1027252
-997436
-993591
-1016296
-1030456
-1011260
-976745
-964202
-981414
-996246
-978820
-940582
-919616
-930664
-945678
-930572
-889801
-860870
-865173
-879852
-867584
-825469
-789215
-786346
-800140
-791137
-748962
-706176
-695922
-708221
-702819
-661834
-613555
-595703
-605895
-604370
-565856
-513214
-487792
-495239
-497650
-462890
-407165
-374267
-378326
-384674
-354858
-297424
-257324
-257324
-267425
-243682
-186004
-139129
-134307
-147827
-131195
-74890
-21697
-11322
-27770
-19195
34118
92956
109619
90972
90698
139312
203063
226867
206909
197082
239166
306915
338775
318603
298675
332305
403045
443939
424987
394470
417572
490051
541137
525146
483703
493835
566711
629394
618591
565856
560211
631713
707855
705169
640808
615631
683593
775878
785430
708923
658874
720214
832885
861145
771545
687927
737792
878387
936828
832244
698394
727233
911804
1025604
901947
677032
658874
931579
1181945
1031921
552459
334472
925750
2176574
3230865
3261505
2243682
978515
342651
528930
1012145
1185913
948730
666870
668792
890441
1025299
921539
734161
694824
824279
935150
884826
743957
686737
765686
858917
837341
725830
659149
704589
782989
778991
688690
616912
637695
702697
710021
636383
562225
563751
616210
630798
570922
496398
482452
522979
541961
493835
420501
394012
423065
444305
406402
335510
298889
316986
338775
309844
242492
197875
205596
226623
205566
142700
92010
90026
109161
95031
37475
-17456
-28350
-11932
-19989
-71624
-129089
-148040
-134979
-137817
-182922
-241302
-267272
-258026
-256408
-294586
-352294
-384216
-379028
-373718
-404602
-460235
-496887
-495910
-487548
-510986
-563171
-603302
-606475
-595794
-611724
-659179
-701538
-708709
-696289
-704742
-746429
-789672
-800537
-786987
-788208
-823120
-865966
-880126
-865997
-860290
-887725
-928894
-945831
-931671
-919494
-938812
-977081
-996246
-982574
-964508
-975311
-1009552
-1030334
-1017578
-994323
-996398
-1025604
-1047302
-1035888
-1008270
-1001647
-1024902
-1046844
-1037139
-1006042
-990936
-1007476
-1028930
-1021270
-987640
-964508
-973724
-993988
-988586
-953521
-922912
-924407
-942779
-939819
-904388
-867126
-860565
-876342
-876007
-841278
-798370
-783660
-796203
-798431
-765563
-718048
-695312
-703948
-708740
-678741
-627929
-597381
-601501
-608703
-582580
-529785
-491851
-490875
-500213
-478912
-425628
-380859
-374237
-385314
-369689
-317352
-266479
-253753
-266052
-256805
-207000
-150848
-131561
-144439
-142120
-96435
-36041
-9735
-22399
-27435
12512
76049
109710
98205
85571
118255
183654
225067
215850
195495
219238
285095
334625
328979
301055
314208
378936
436950
436431
401275
402038
463806
530700
537231
495330
481781
538482
614746
630676
582824
552642
601745
688049
716491
663726
613952
652099
749511
794830
738739
665100
687530
797790
866821
809692
705261
704284
830780
935638
881530
733093
693695
843566
1010437
968750
744873
627960
819366
1128051
1136413
721923
335418
625457
1723083
2958007
3388519
2667388
1371734
457244
396820
859558
1181121
1057281
740295
631713
809234
1005523
978881
790313
684356
771179
912414
919921
790466
689208
728881
836059
859680
765716
669403
679077
761138
792968
723419
632293
620819
682556
718078
666717
581085
553955
598205
634552
597351
517578
478607
507385
542510
516693
443145
395233
410156
442504
425903
358886
304473
306884
335357
326202
265991
207153
198394
222076
218963
165802
104339
85693
104003
105651
59661
-2624
-29846
-17303
-12023
-50720
-112396
-146850
-140228
-132293
-163696
-223297
-263549
-262878
-253173
-277343
-333526
-378173
-383270
-372528
-389648
-441253
-488830
-499359
-488250
-498535
-544525
-593536
-609039
-598144
-601928
-641387
-690399
-710235
-700073
-697723
-729919
-777557
-801025
-791992
-783996
-808349
-853271
-879547
-871978
-858917
-875030
-915954
-944244
-938385
-920898
-928558
-964355
-993713
-989776
-968536
-967742
-997436
-1026916
-1024993
-1000823
-991729
-1014465
-1043151
-1043304
-1016998
-1000000
-1015075
-1042053
-1044311
-1016693
-992370
-999298
-1023712
-1027923
-999908
-968963
-967468
-988464
-994567
-967041
-930358
-920318
-937103
-944915
-918731
-877349
-858886
-870788
-880004
-856048
-811126
-784484
-790924
-801239
-780273
-733123
-698760
-699188
-710205
-692962
-644897
-603515
-597473
-608734
-595855
-548278
-500671
-487854
-498840
-490814
-445159
-392333
-372436
-382537
-379791
-337463
-280517
-253417
-261932
-264709
-227172
-167327
-132965
-139129
-147460
-116088
-54748
-13153
-16082
-29937
-6011
55328
104003
105285
86242
101409
161163
216766
223327
199554
204742
261199
323425
336486
308715
302764
353973
422454
443420
412658
394348
438232
512542
543090
510559
478729
512817
592407
634582
602020
555236
576599
660858
717346
686981
623565
628295
716522
791168
766204
683593
666198
757568
856323
841644
735778
687225
780609
914123
918518
781555
684509
777893
968750
1011901
825775
636444
723052
1036834
1186584
892456
419036
425842
1288116
2586975
3374206
3021453
1813598
677856
327941
687042
1119628
1142303
841064
630950
729797
957031
1015777
857360
698547
724792
872406
937561
840789
709777
700561
802368
867004
805419
693298
662750
732788
793945
755462
657928
613342
658966
714996
692718
607482
553314
579101
628845
618377
544036
483489
492584
535247
533447
469116
404541
399444
434417
438964
383911
317352
300109
327056
336029
289703
222869
195312
214080
225952
187835
122192
86090
96710
110137
79803
16662
-26275
-23620
-9704
-32775
-92193
-140380
-145324
-131835
-148101
-202789
-254577
-266601
-254272
-264221
-313293
-367065
-385498
-374938
-379119
-421783
-476013
-500061
-491699
-490661
-526275
-579467
-608184
-602386
-596710
-624786
-675537
-707946
-704895
-695159
-715393
-762329
-797363
-797149
-783966
-796203
-838165
-874664
-877288
-861297
-865539
-901428
-938293
-943603
-925506
-921936
-950836
-986907
-994750
-975189
-964111
-985321
-1019500
-1029571
-1009246
-991149
-1004089
-1035339
-1047332
-1026916
-1002471
-1006805
-1034118
-1047637
-1027770
-997802
-993377
-1015869
-1030487
-1011810
-977233
-964111
-981018
-996246
-979370
-941192
-919677
-930328
-945617
-931121
-890533
-861083
-864898
-879760
-868103
-826263
-789550
-786163
-800018
-791625
-749816
-706695
-695800
-708038
-703247
-662719
-614196
-595703
-605712
-604705
-566772
-513977
-487884
-495025
-497894
-463775
-408020
-374481
-378112
-384826
-355712
-298370
-257659
-257080
-267425
-244445
-187042
-139587
-134094
-147735
-131866
-75958
-22277
-11169
-27557
-19744
32989
92224
109741
91308
90301
138183
202178
226928
207336
196838
238067
305908
338745
319152
298645
331268
401885
443756
425628
394653
416625
488769
540832
525848
484130
493041
565307
628875
619354
566589
559570
630157
707092
705932
641876
615264
681884
774780
786193
710388
658843
718383
831329
861816
773498
688415
735778
876190
937255
834869
699676
725036
908477
1025573
905700
679901
656402
925842
1180358
1038299
560455
332275
908569
2154113
3220031
3271057
2265899
996520
345886
521240
1005340
1186981
954406
669738
666198
886566
1025054
924743
736572
693756
821594
934509
886901
746093
686431
763763
858093
838775
727722
659332
703186
782135
779968
690429
617401
636657
701843
710662
637908
562957
563079
615386
631225
572326
497283
482086
522216
542205
495086
421508
393890
422393
444396
407501
336578
298980
316436
338775
310791
243621
198181
205169
226501
206359
143829
92468
89721
109008
95703
38574
-16815
-28503
-12145
-19470
-70556
-128356
-148071
-135192
-137420
-181915
-240478
-267211
-258239
-256134
-293640
-351440
-384033
-379272
-373535
-403778
-459320
-496582
-496093
-487518
-510284
-562255
-602935
-606658
-595855
-611114
-658294
-701080
-708862
-696411
-704284
-745574
-789154
-800628
-787200
-787872
-822357
-865417
-880187
-866302
-860137
-887023
-928283
-945831
-932037
-919464
-938232
-976501
-996215
-982971
-964630
-974853
-1008972
-1030242
-1017974
-994567
-996093
-1025054
-1047210
-1036346
-1008636
-1001495
-1024414
-1046691
-1037567
-1006530
-990905
-1007049
-1028778
-1021667
-988250
-964630
-973358
-993774
-988983
-954193
-923187
-924133
-942535
-940185
-905120
-867553
-860412
-876129
-876312
-842071
-798919
-783630
-795928
-798675
-766357
-718750
-695404
-703704
-708923
-679534
-628723
-597595
-601257
-608795
-583343
-530700
-492187
-490692
-500213
-479614
-426574
-381317
-374084
-385253
-370300
-318389
-267059
-253662
-265899
-257324
-208038
-151580
-131530
-144195
-142517
-97473
-36865
-9796
-22094
-27709
11505
75073
109588
98602
85449
117279
182556
224822
216278
195587
218383
283935
334259
329467
301330
313476
377655
436401
436920
401733
401458
462493
529968
537689
496032
481414
537109
613800
631103
583770
552520
600341
686828
716796
664916
614196
650695
747985
794952
740203
665740
686157
795867
866699
811492
706512
703002
828277
935028
883728
735260
692657
840118
1008911
971557
748718
627471
814025
1124237
1140258
730651
337829
612976
1700561
2941528
3391204
2687072
1392974
465789
391662
851196
1179412
1062225
744781
630767
805084
1003753
981262
793487
684448
768615
910797
921234
792968
689819
727203
834564
860412
767761
670288
678009
759857
793334
725128
633331
620208
681396
718200
668151
582244
553680
597229
634490
598571
518798
478637
506591
542327
517700
444396
395507
409515
442230
426727
360107
304931
306427
335021
326873
267211
207794
198120
221740
219451
166931
105133
85601
103668
106018
60760
-1770
-29815
-17608
-11779
-49743
-111450
-146636
-140502
-132171
-162841
-222320
-263214
-263122
-253112
-276580
-332550
-377746
-383453
-372589
-389007
-440277
-488281
-499481
-488372
-498046
-543579
-592926
-609069
-598327
-601562
-640502
-689727
-710235
-700317
-697479
-729125
-776855
-800933
-792266
-783905
-807678
-852539
-879425
-872283
-858978
-874481
-915252
-944061
-938690
-921051
-928131
-963684
-993469
-990081
-968811
-967468
-996826
-1026641
-1025299
-1001190
-991607
-1013916
-1042846
-1043609
-1017456
-1000030
-1014617
-1041748
-1044555
-1017242
-992523
-998931
-1023345
-1028167
-1000549
-969299
-967224
-988128
-994750
-967681
-930816
-920196
-936798
-945037
-919403
-877960
-858886
-870483
-880096
-856719
-811859
-784637
-790649
-801269
-780914
-733917
-699066
-698974
-710174
-693572
-645782
-603942
-597320
-608642
-596405
-549224
-501251
-487762
-498687
-491302
-446136
-393005
-372436
-382324
-380157
-338439
-281341
-253540
-261688
-264953
-228118
-168243
-133178
-138854
-147613
-116973
-55755
-13488
-15777
-29907
-6805
54229
103576
105590
86395
100708
160003
216186
223632
199890
204193
260009
322692
336730
309204
302368
352752
421569
443634
413299
394195
437042
511474
543182
511352
478820
511688
591125
634521
602966
555633
575531
659362
717102
688079
624298
627380
714782
790649
767425
684783
665496
755523
855407
842987
737548
686859
778198
912567
919921
784179
684692
774871
966094
1013336
829925
637847
718902
1031616
1187591
900512
424987
418640
1267547
2566467
3369750
3036682
1836303
691589
326629
678344
1115112
1145629
846557
631958
726135
953948
1016937
860809
699920
722808
870056
937927
843261
711242
699493
800476
866943
807281
694793
662261
731292
793670
756896
659423
613250
657775
714569
693817
608947
553558
578216
628326
619232
545440
483947
491943
534698
534088
470428
405212
399017
433898
439422
385162
318176
299896
326568
336334
290832
223785
195312
213623
226104
188873
123199
86273
96313
110198
80718
17700
-25939
-23925
-9735
-31982
-91125
-139923
-145538
-131927
-147430
-201751
-253997
-266723
-254425
-263702
-312286
-366394
-385528
-375122
-378723
-420837
-475250
-499969
-491912
-490386
-525390
-578674
-608032
-602630
-596557
-624023
-674713
-707702
-705139
-695129
-714752
-761505
-797058
-797363
-784057
-795684
-837371
-874298
-877502
-861511
-865173
-900695
-937866
-943817
-925811
-921691
-950164
-986450
-994903
-975585
-964050
-984741
-1019012
-1029693
-1009704
-991241
-1003631
-1034881
-1047424
-1027404
-1002716
-1006469
-1033660
-1047698
-1028320
-998168
-993164
-1015441
-1030487
-1012359
-977722
-964050
-980621
-996215
-979919
-941802
-919769
-929962
-945556
-931671
-891235
-861297
-864624
-879638
-868621
-827056
-789947
-785980
-799865
-792083
-750671
-707183
-695709
-707855
-703613
-663604
-614837
-595703
-605499
-605010
-567657
-514739
-487976
-494812
-498107
-464660
-408905
-374694
-377868
-384948
-356536
-299346
-258026
-256866
-267456
-245208
-188079
-140045
-133880
-147613
-132537
-77056
-22888
-10986
-27343
-20294
31860
91491
109863
91644
89904
137084
201324
226959
207794
196624
236999
304901
338684
319702
298614
330261
400756
443572
426239
394866
415679
487487
540466
526550
484588
492248
563873
628326
620086
567321
558990
628601
706298
706695
642944
614929
680206
773651
786926
711853
658874
716552
829772
862426
775451
688934
733795
873992
937652
837493
701019
722900
905181
1025421
909423
682830
654022
920104
1178649
1044586
568542
330291
891601
2131561
3208862
3280303
2288055
1014709
349395
513641
998443
1187896
960083
672668
663665
882659
1024719
927917
739044
692718
818939
933776
888946
748229
686157
761810
857269
840148
729644
659515
701782
781250
780944
692138
617919
635681
700958
711303
639465
563690
562408
614562
631622
573730
498199
481719
521484
542419
496337
422515
393768
421752
444458
408569
337677
299102
315917
338714
311737
244750
198486
204772
226379
207153
144989
92956
89447
108825
96374
39703
-16204
-28686
-12359
-18951
-69458
-127624
-148132
-135437
-137023
-180908
-239654
-267120
-258483
-255859
-292724
-350555
-383819
-379486
-373382
-402954
-458404
-496307
-496307
-487457
-509582
-561340
-602539
-606842
-595886
-610534
-657409
-700622
-708984
-696563
-703857
-744720
-788635
-800750
-787414
-787567
-821594
-864837
-880249
-866577
-859985
-886352
-927703
-945861
-932373
-919464
-937652
-975891
-996185
-983337
-964752
-974395
-1008392
-1030181
-1018402
-994842
-995758
-1024505
-1047088
-1036773
-1009033
-1001312
-1023895
-1046539
-1037994
-1007019
-990905
-1006622
-1028564
-1022094
-988830
-964752
-973022
-993560
-989379
-954864
-923492
-923858
-942291
-940521
-905853
-867980
-860260
-875854
-876586
-842834
-799499
-783569
-795684
-798919
-767150
-719451
-695465
-703460
-709075
-680297
-629516
-597778
-601043
-608886
-584075
-531585
-492523
-490478
-500213
-480316
-427551
-381774
-373931
-385162
-370910
-319396
-267669
-253570
-265747
-257812
-209075
-152313
-131500
-143951
-142913
-98510
-37719
-9857
-21759
-27954
10498
74127
109436
98968
85388
116333
181488
224548
216705
195678
217529
282745
333831
329925
301635
312744
376403
435821
437377
402252
400909
461151
529205
538146
496734
481048
535736
612823
631469
584716
552459
598937
685607
717071
666137
614440
649322
746429
795074
741668
666442
684814
793914
866485
813262
707794
701782
825744
934356
885894
737457
691650
836700
1007354
974273
752593
627075
808746
1120330
1143981
739379
340423
600769
1678100
2924774
3393524
2706573
1414337
474578
386657
842803
1177551
1067138
749359
629913
800964
1001892
983612
796691
684631
766082
909118
922546
795471
690460
725555
833068
861145
769805
671203
676940
758514
793670
726837
634429
619598
680267
718261
669586
583435
553466
596252
634399
599761
520050
478698
505828
542114
518707
445648
395812
408935
441955
427520
361358
305419
305999
334686
327514
268402
208435
197845
221405
219970
168090
105895
85479
103332
106384
61828
-885
-29754
-17944
-11535
-48767
-110504
-146453
-140777
-132049
-161956
-221313
-262878
-263336
-253112
-275848
-331542
-377288
-383636
-372650
-388397
-439300
-487731
-499572
-488494
-497528
-542633
-592315
-609130
-598510
-601196
-639617
-689056
-710205
-700561
-697265
-728332
-776153
-800842
-792541
-783813
-806976
-851837
-879272
-872589
-859008
-873931
-914550
-943847
-938995
-921234
-927703
-963012
-993225
-990386
-969116
-967193
-996185
-1026336
-1025604
-1001586
-991485
-1013366
-1042510
-1043884
-1017944
-1000061
-1014160
-1041381
-1044830
-1017822
-992736
-998596
-1023010
-1028381
-1001159
-969635
-966979
-987762
-994934
-968353
-931304
-920074
-936462
-945159
-920074
-878570
-858917
-870178
-880157
-857391
-812561
-784790
-790405
-801269
-781585
-734741
-699371
-698760
-710144
-694183
-646667
-604370
-597167
-608551
-596954
-550170
-501831
-487701
-498535
-491760
-447113
-393707
-372436
-382141
-380523
-339416
-282165
-253631
-261444
-265197
-229034
-169158
-133392
-138580
-147705
-117858
-56793
-13824
-15472
-29876
-7629
53131
103088
105895
86578
100006
158843
215576
223907
200225
203643
258789
321929
336975
309692
302001
351562
420654
443786
413940
394042
435852
510375
543243
512145
478912
510528
589843
634460
603881
556030
574493
657867
716827
689147
625061
626495
713043
790100
768615
685974
664794
753479
854431
844268
739318
686523
775756
910980
921295
786834
684967
771881
963409
1014648
834045
639343
714874
1026336
1188446
908508
431060
411712
1247100
2545806
3364929
3051635
1859008
705535
325500
669677
1110443
1148834
852111
633056
722503
950805
1018035
864257
701324
720855
867675
938232
845703
712768
698455
798614
866821
809143
696319
661804
729766
793334
758300
660919
613189
656616
714111
694915
610412
553802
577301
627807
620056
546844
484466
491302
534149
534698
471771
405914
398620
433349
439849
386383
319030
299713
326049
336639
291992
224731
195312
213195
226287
189880
124206
86456
95947
110260
81604
18768
-25604
-24230
-9765
-31188
-90057
-139434
-145751
-132019
-146789
-200683
-253387
-266845
-254577
-263183
-311248
-365692
-385559
-375335
-378356
-419860
-474487
-499908
-492126
-490142
-524536
-577850
-607879
-602844
-596435
-623260
-673889
-707458
-705352
-695129
-714111
-760681
-796722
-797607
-784149
-795196
-836578
-873931
-877685
-861724
-864807
-899963
-937469
-944000
-926116
-921478
-949493
-986022
-995056
-975952
-963989
-984161
-1018554
-1029815
-1010131
-991333
-1003173
-1034393
-1047515
-1027893
-1002929
-1006134
-1033203
-1047729
-1028839
-998535
-992950
-1015014
-1030487
-1012908
-978210
-963989
-980224
-996154
-980468
-942443
-919860
-929626
-945465
-932189
-891937
-861541
-864349
-879516
-869110
-827850
-790313
-785766
-799713
-792541
-751495
-707702
-695587
-707672
-704010
-664489
-615478
-595703
-605285
-605316
-568542
-515502
-488098
-494598
-498321
-465515
-409790
-374938
-377655
-385040
-357360
-300323
-258361
-256652
-267456
-245941
-189117
-140533
-133697
-147521
-133178
-78155
-23498
-10833
-27099
-20812
30761
90728
109954
91979
89538
135955
200408
226989
208221
196411
235900
303863
338592
320251
298614
329254
399597
443389
426879
395080
414764
486206
540130
527252
485076
491485
562469
627777
620819
568084
558410
627075
705474
707458
644042
614593
678527
772521
787628
713317
658905
714752
828186
863006
777404
689483
731872
871734
937988
840087
702392
720794
901824
1025238
913116
685821
651733
914398
1176818
1050720
576660
328582
874847
2108978
3197387
3289215
2310119
1033111
353149
506164
991424
1188720
965759
675720
661224
878692
1024291
931060
741546
691772
816253
933013
890991
750396
685943
759887
856353
841522
731567
659759
700378
780303
781860
693878
618469
634704
700073
711914
641021
564453
561767
613739
631988
575103
499114
481384
520721
542602
497558
423553
393707
421112
444488
409667
338775
299255
315368
338653
312652
245910
198822
204345
226257
207946
146118
93475
89141
108642
97015
40832
-15563
-28839
-12573
-18432
-68389
-126892
-148162
-135681
-136657
-179901
-238830
-267028
-258728
-255615
-291778
-349670
-383605
-379730
-373260
-402130
-457489
-495971
-496520
-487426
-508880
-560424
-602142
-607025
-595947
-609954
-656494
-700134
-709136
-696716
-703399
-743896
-788116
-800842
-787658
-787292
-820800
-864288
-880279
-866882
-859832
-885650
-927093
-945861
-932708
-919464
-937072
-975280
-996154
-983734
-964904
-973937
-1007812
-1030090
-1018798
-995117
-995452
-1023956
-1046966
-1037170
-1009429
-1001159
-1023406
-1046386
-1038421
-1007537
-990875
-1006164
-1028381
-1022491
-989440
-964904
-972656
-993347
-989746
-955566
-923797
-923614
-942047
-940856
-906585
-868438
-860107
-875610
-876892
-843597
-800079
-783538
-795440
-799133
-767913
-720153
-695556
-703216
-709228
-681091
-630340
-598022
-600799
-608947
-584808
-532501
-492889
-490295
-500213
-480987
-428527
-382263
-373779
-385070
-371520
-320404
-268280
-253479
-265563
-258331
-210113
-153045
-131469
-143707
-143280
-99548
-38604
-9918
-21453
-28167
9490
73120
109252
99365
85327
115417
180419
224243
217132
195770
216674
281555
333404
330352
301940
312042
375152
435241
437835
402740
400360
459838
528442
538574
497467
480743
534393
611846
631835
585662
552398
597564
684356
717315
667327
614715
647949
744873
795135
743133
667144
683532
791961
866271
815032
709106
700592
823242
933654
888031
739685
690734
833282
1005706
976928
756500
626770
803497
1116363
1147552
748107
343231
588806
1655670
2907806
3395507
2725860
1435791
483642
381805
834350
1175537
1071990
753967
629150
796844
999969
985931
799896
684875
763549
907409
923797
797973
691162
723937
831542
861785
771850
672149
675933
757202
793975
728515
635528
619049
679107
718322
670989
584625
553222
595306
634277
600952
521301
478759
505035
541900
519653
446899
396118
408325
441650
428314
362609
305938
305572
334350
328125
269622
209106
197601
221038
220428
169219
106689
85418
102996
106719
62896
0
-29663
-18249
-11322
-47790
-109558
-146209
-141052
-131927
-161102
-220336
-262542
-263580
-253082
-275085
-330535
-376831
-383789
-372711
-387786
-438323
-487182
-499664
-488647
-497070
-541717
-591674
-609161
-598724
-600830
-638763
-688385
-710174
-700775
-697052
-727569
-775421
-800750
-792785
-783752
-806335
-851104
-879119
-872863
-859069
-873382
-913848
-943634
-939300
-921417
-927307
-962341
-992950
-990692
-969390
-966949
-995574
-1026031
-1025909
-1001983
-991394
-1012817
-1042175
-1044158
-1018432
-1000122
-1013702
-1041046
-1045074
-1018371
-992919
-998229
-1022644
-1028594
-1001770
-969970
-966766
-987426
-995086
-968994
-931793
-919982
-936126
-945281
-920745
-879180
-858947
-869873
-880218
-858062
-813293
-784973
-790130
-801269
-782226
-735565
-699676
-698547
-710083
-694793
-647552
-604827
-597015
-608459
-597473
-551116
-502410
-487609
-498382
-492187
-448059
-394439
-372467
-381927
-380859
-340393
-282989
-253753
-261199
-265441
-229980
-170104
-133605
-138305
-147827
-118743
-57800
-14160
-15197
-29846
-8422
52001
102630
106201
86761
99334
157684
214965
224182
200561
203125
257598
321166
337219
310180
301666
350372
419708
443939
414581
393920
434661
509277
543273
512939
479034
509429
588562
634338
604827
556457
573486
656372
716522
690216
625823
625610
711303
789489
769775
687194
664184
751464
853424
845550
741119
686248
773376
909362
922607
789459
685272
768920
960662
1015930
838165
640930
710876
1020996
1189178
916442
437255
405059
1226837
2524993
3359771
3066284
1881774
719757
324615
661041
1105651
1151947
857666
634246
718933
947631
1019042
867706
702819
718963
865295
938476
848144
714324
697448
796722
866699
810974
697875
661376
728271
792968
759704
662445
613189
655426
713623
695983
611877
554107
576416
627258
620880
548278
484985
490661
533569
535308
473083
406616
398223
432800
440277
387603
319885
299530
325531
336883
293090
225708
195343
212738
226409
190887
125244
86639
95581
110290
82489
19836
-25238
-24505
-9796
-30426
-88989
-138916
-145935
-132141
-146148
-199645
-252777
-266937
-254730
-262695
-310241
-364990
-385559
-375518
-377990
-418945
-473724
-499816
-492370
-489898
-523681
-577056
-607696
-603088
-596313
-622528
-673034
-707214
-705596
-695098
-713470
-759887
-796417
-797821
-784271
-794677
-835784
-873535
-877899
-861938
-864471
-899230
-937042
-944183
-926422
-921295
-948852
-985565
-995208
-976348
-963928
-983581
-1018066
-1029937
-1010589
-991424
-1002716
-1033905
-1047576
-1028411
-1003173
-1005798
-1032745
-1047760
-1029357
-998931
-992767
-1014556
-1030487
-1013458
-978729
-963928
-979827
-996124
-981018
-943054
-919952
-929290
-945373
-932739
-892669
-861785
-864074
-879394
-869598
-828643
-790710
-785583
-799560
-792968
-752349
-708251
-695526
-707489
-704376
-665344
-616149
-595703
-605072
-605590
-569427
-516296
-488220
-494354
-498535
-466369
-410675
-375183
-377441
-385162
-358154
-301300
-258758
-256439
-267456
-246704
-190155
-141052
-133514
-147399
-133819
-79223
-24139
-10681
-26885
-21331
29663
89965
110046
92315
89172
134857
199523
226989
208679
196228
234832
302856
338500
320800
298645
328247
398437
443145
427490
395324
413879
484924
539733
527923
485565
490722
561035
627197
621551
568878
557861
625518
704650
708160
645141
614318
676879
771331
788299
714813
658996
712982
826568
863555
779357
690093
729949
869476
938293
842712
703857
718750
898468
1024932
916748
688903
649536
908660
1174865
1056762
584869
327087
858306
2086364
3185607
3297790
2332092
1051666
357147
498779
984313
1189361
971405
678833
658843
874725
1023803
934204
744079
690856
813568
932220
892974
752593
685760
757965
855438
842864
733520
660034
698974
779388
782775
695617
619049
633728
699157
712493
642578
565246
561157
612884
632324
576477
500091
481048
519958
542755
498779
424621
393615
420440
444519
410705
339904
299407
314819
338592
313568
247039
199188
203948
226104
208709
147277
93994
88867
108428
97656
41961
-14923
-28991
-12817
-17944
-67321
-126129
-148162
-135925
-136291
-178894
-237976
-266937
-258972
-255371
-290863
-348754
-383392
-379943
-373138
-401306
-456573
-495666
-496734
-487396
-508178
-559509
-601745
-607208
-596038
-609405
-655609
-699645
-709259
-696868
-703002
-743041
-787567
-800933
-787872
-787017
-820037
-863677
-880340
-867187
-859680
-884979
-926513
-945831
-933044
-919464
-936523
-974670
-996093
-984100
-965026
-973510
-1007202
-1029998
-1019226
-995391
-995178
-1023406
-1046813
-1037597
-1009826
-1001007
-1022888
-1046203
-1038848
-1008056
-990905
-1005737
-1028167
-1022888
-990051
-965057
-972320
-993103
-990112
-956237
-924102
-923370
-941802
-941192
-907318
-868896
-859954
-875366
-877166
-844390
-800659
-783508
-795196
-799346
-768707
-720855
-695678
-702972
-709381
-681854
-631164
-598236
-600585
-609008
-585540
-533386
-493255
-490112
-500213
-481658
-429504
-382751
-373657
-384979
-372100
-321441
-268920
-253387
-265380
-258789
-211151
-153808
-131469
-143463
-143646
-100585
-39459
-9979
-21148
-28381
8483
72143
109069
99731
85266
114471
179321
223937
217529
195892
215850
280395
332946
330810
302246
311340
373901
434631
438293
403259
399841
458526
527648
538970
498199
480438
533050
610809
632202
586608
552368
596221
683074
717529
668518
615020
646606
743286
795166
744598
667907
682250
789978
865997
816772
710479
699462
820709
932891
890136
741943
689849
829864
1003997
979553
760437
626556
798309
1112274
1151000
756835
346252
577117
1633331
2890594
3397125
2744995
1457366
492950
377136
825866
1173370
1076751
758666
628479
792755
997985
988159
803161
685180
761047
905639
924987
800476
691894
722320
830017
862426
773864
673156
674926
755828
794250
730194
636688
618499
677947
718353
672393
585845
553039
594329
634124
602111
522552
478851
504241
541625
520629
448181
396453
407714
441345
429107
363861
306457
305175
334014
328735
270812
209808
197357
220672
220886
170379
107513
85327
102661
107025
63934
885
-29602
-18554
-11138
-46844
-108581
-145996
-141326
-131835
-160247
-219329
-262176
-263793
-253082
-274353
-329559
-376342
-383941
-372772
-387176
-437347
-486633
-499755
-488769
-496582
-540771
-591033
-609161
-598907
-600494
-637908
-687683
-710113
-701019
-696868
-726806
-774719
-800628
-793060
-783691
-805664
-850372
-878936
-873168
-859130
-872833
-913146
-943389
-939605
-921600
-926910
-961669
-992675
-990997
-969696
-966674
-994964
-1025726
-1026184
-1002380
-991302
-1012268
-1041839
-1044433
-1018920
-1000183
-1013244
-1040679
-1045288
-1018920
-993133
-997894
-1022308
-1028778
-1002380
-970336
-966522
-987060
-995239
-969635
-932281
-919891
-935791
-945404
-921417
-879791
-858978
-869567
-880279
-858703
-814025
-785156
-789855
-801269
-782836
-736389
-699981
-698333
-710021
-695373
-648468
-605285
-596893
-608337
-597991
-552032
-503021
-487548
-498199
-492645
-449035
-395172
-372497
-381713
-381195
-341339
-283813
-253875
-260955
-265655
-230895
-171051
-133850
-138031
-147888
-119598
-58837
-14526
-14892
-29785
-9185
50903
102142
106475
86975
98693
156524
214324
224426
200897
202636
256408
320373
337432
310668
301330
349151
418762
444091
415222
393798
433502
508148
543304
513732
479187
508300
587249
634216
605743
556884
572479
654846
716186
691253
626617
624755
709564
788879
770935
688446
663574
749420
852386
846771
742950
686004
770965
907684
923858
792114
685668
766021
957885
1017089
842285
642578
707000
1015625
1189758
924316
443603
398681
1206695
2504058
3354248
3080688
1904510
734222
323974
652404
1100708
1154937
863250
635559
715393
944396
1019989
871154
704345
717102
862854
938659
850585
715911
696472
794799
866516
812805
699462
660949
726776
792572
761108
664001
613189
654266
713104
697052
613372
554412
575531
626708
621673
549682
485534
490051
532989
535888
474426
407348
397857
432250
440673
388854
320739
299377
325042
337158
294219
226654
195373
212280
226562
191894
126281
86853
95184
110321
83374
20904
-24871
-24780
-9857
-29693
-87921
-138427
-146148
-132263
-145538
-198577
-252136
-267028
-254913
-262207
-309234
-364288
-385559
-375732
-377624
-417999
-472930
-499725
-492584
-489685
-522827
-576232
-607513
-603302
-596221
-621765
-672210
-706939
-705810
-695129
-712860
-759033
-796081
-798034
-784393
-794219
-834991
-873138
-878082
-862152
-864135
-898498
-936584
-944335
-926727
-921081
-948181
-985076
-995361
-976715
-963897
-983032
-1017578
-1030029
-1011016
-991546
-1002258
-1033416
-1047668
-1028900
-1003448
-1005462
-1032257
-1047790
-1029907
-999328
-992584
-1014129
-1030456
-1014007
-979248
-963897
-979431
-996063
-981567
-943664
-920043
-928985
-945281
-933258
-893371
-862030
-863830
-879272
-870086
-829437
-791107
-785430
-799377
-793395
-753204
-708801
-695434
-707305
-704742
-666229
-616821
-595733
-604858
-605895
-570281
-517089
-488372
-494140
-498718
-467224
-411560
-375457
-377197
-385223
-358978
-302276
-259124
-256225
-267425
-247406
-191223
-141571
-133331
-147277
-134429
-80322
-24780
-10528
-26641
-21820
28533
89172
110137
92651
88836
133758
198608
226989
209136
196075
233795
301788
338409
321319
298675
327239
397247
442932
428100
395599
412994
483612
539337
528594
486083
490020
559631
626586
622253
569671
557342
623992
703765
708862
646240
614074
675231
770141
788940
716278
659118
711212
824920
864074
781311
690765
728088
867187
938507
845275
705352
716735
895111
1024597
920349
692016
647430
902954
1172790
1062683
593139
325866
842010
2063690
3173522
3306030
2353973
1070434
361419
491485
977142
1189910
977020
682037
656524
870727
1023223
937286
746673
690002
810882
931335
894927
754821
685638
756042
854461
844177
735473
660339
697601
778411
783630
697357
619659
632781
698211
713073
644134
566070
560546
612030
632659
577850
501037
480743
519195
542907
500000
425689
393585
419799
444549
411773
341033
299591
314300
338500
314483
248199
199554
203552
225921
209472
148437
94512
88623
108215
98266
43090
-14251
-29113
-13061
-17456
-66253
-125335
-148162
-136169
-135925
-177886
-237152
-266815
-259216
-255126
-289978
-347869
-383178
-380187
-373016
-400512
-455657
-495330
-496917
-487396
-507476
-558563
-601318
-607360
-596099
-608856
-654724
-699157
-709381
-697052
-702575
-742218
-787017
-800994
-788116
-786743
-819274
-863098
-880340
-867462
-859558
-884307
-925903
-945831
-933410
-919494
-935974
-974060
-996032
-984497
-965209
-973083
-1006622
-1029876
-1019622
-995666
-994873
-1022857
-1046661
-1037994
-1010253
-1000854
-1022399
-1046020
-1039245
-1008575
-990905
-1005310
-1027954
-1023284
-990661
-965240
-971954
-992858
-990478
-956909
-924407
-923126
-941558
-941497
-908050
-869354
-859832
-875091
-877410
-845153
-801239
-783508
-794921
-799560
-769470
-721588
-695770
-702728
-709503
-682617
-631988
-598480
-600372
-609069
-586273
-534301
-493621
-489929
-500183
-482330
-430480
-383270
-373504
-384887
-372680
-322448
-269561
-253326
-265197
-259277
-212188
-154571
-131469
-143218
-143981
-101593
-40344
-10101
-20812
-28594
7507
71136
108856
100097
85235
113555
178222
223632
217956
196044
215057
279205
332489
331237
302581
310668
372650
433990
438720
403778
399353
457214
526824
539367
498931
480163
531707
609802
632507
587554
552368
594848
681793
717742
669708
615356
645294
741699
795166
746032
668701
680999
787994
865692
818511
711853
698364
818176
932067
892211
744232
689056
826477
1002227
982086
764404
626464
793182
1108123
1154296
765533
349456
565673
1611053
2873168
3398376
2763916
1479034
502563
372650
817352
1171081
1081451
763427
627899
788635
995910
990356
806427
685546
758575
903839
926147
803009
692687
720764
828430
863006
775909
674163
673950
754486
794464
731872
637847
617950
676788
718353
673767
587097
552856
593353
633972
603240
523834
478973
503479
541381
521545
449432
396789
407135
441009
429840
365112
307006
304779
333648
329315
272033
210510
197143
220306
221313
171508
108337
85296
102294
107330
65002
1800
-29479
-18890
-10925
-45867
-107604
-145751
-141601
-131744
-159393
-218322
-261810
-264007
-253082
-273651
-328552
-375854
-384094
-372863
-386566
-436370
-486053
-499847
-488922
-496124
-539855
-590393
-609191
-599121
-600189
-637054
-686981
-710052
-701263
-696685
-726043
-773986
-800506
-793334
-783630
-805023
-849639
-878753
-873443
-859191
-872314
-912414
-943176
-939910
-921783
-926513
-960998
-992401
-991271
-970001
-966461
-994354
-1025421
-1026458
-1002807
-991210
-1011749
-1041503
-1044677
-1019409
-1000244
-1012817
-1040344
-1045532
-1019500
-993347
-997558
-1021942
-1028991
-1002990
-970703
-966308
-986694
-995391
-970306
-932769
-919799
-935455
-945495
-922088
-880432
-859039
-869262
-880310
-859375
-814758
-785339
-789611
-801269
-783477
-737213
-700317
-698150
-709960
-695953
-649353
-605773
-596740
-608215
-598510
-552978
-503631
-487518
-498046
-493041
-449981
-395904
-372528
-381500
-381530
-342285
-284667
-254028
-260711
-265838
-231811
-172027
-134124
-137756
-147979
-120452
-59875
-14892
-14617
-29724
-9948
49804
101623
106750
87158
98052
155364
213684
224670
201263
202148
255218
319580
337615
311187
301025
347991
417816
444213
415863
393707
432342
507019
543304
514526
479339
507232
585937
634063
606689
557342
571502
653350
715820
692291
627441
623962
707824
788208
772064
689697
662994
747406
851318
847961
744781
685821
768615
905975
925079
794799
686096
763122
955047
1018218
846405
644317
703186
1010223
1190185
932098
450073
392547
1186737
2483001
3348388
3094818
1927276
748901
323547
643829
1095672
1157836
868865
636962
711883
941101
1020874
874603
705932
715301
860412
938812
853027
717529
695526
792907
866271
814575
701080
660583
725280
792144
762451
665557
613220
653076
712554
698059
614868
554748
574676
626129
622436
551086
486114
489440
532409
536437
475738
408111
397491
431671
441070
390075
321624
299224
324523
337371
295318
227661
195434
211822
226654
192901
127319
87097
94818
110351
84228
21972
-24475
-25085
-9918
-28961
-86822
-137878
-146331
-132385
-144927
-197509
-251495
-267120
-255065
-261718
-308227
-363555
-385528
-375915
-377258
-417053
-472137
-499603
-492797
-489440
-522003
-575408
-607330
-603546
-596099
-621032
-671356
-706665
-706024
-695129
-712249
-758209
-795715
-798248
-784515
-793731
-834197
-872741
-878295
-862365
-863800
-897735
-936126
-944488
-927032
-920928
-947540
-984588
-995483
-977111
-963867
-982482
-1017089
-1030151
-1011474
-991668
-1001831
-1032928
-1047698
-1029388
-1003692
-1005157
-1031799
-1047821
-1030426
-999725
-992401
-1013702
-1030456
-1014526
-979766
-963867
-979064
-995971
-982086
-944305
-920166
-928649
-945190
-933746
-894104
-862304
-863586
-879119
-870544
-830230
-791503
-785247
-799194
-793823
-754028
-709350
-695373
-707092
-705078
-667083
-617492
-595764
-604644
-606140
-571166
-517883
-488525
-493927
-498901
-468078
-412475
-375732
-376983
-385314
-359741
-303253
-259521
-256011
-267395
-248138
-192260
-142089
-133148
-147125
-135040
-81420
-25451
-10406
-26397
-22277
27435
88378
110198
93017
88500
132659
197692
226989
209564
195922
232727
300750
338287
321868
298736
326293
396087
442657
428710
395874
412139
482299
538909
529266
486602
489318
558197
625946
622924
570465
556854
622436
702880
709533
647369
613861
673583
768920
789550
717773
659271
709472
823242
864532
783233
691467
726226
864868
938690
847839
706878
714813
891723
1024169
923919
695190
645446
897247
1170593
1068481
601470
324890
825927
2041015
3161163
3313934
2375762
1089385
365936
484283
969848
1190307
982635
685363
654296
866729
1022583
940338
749298
689208
808197
930419
896850
757080
685546
754150
853485
845458
737457
660705
696258
777404
784484
699096
620300
631835
697265
713592
645660
566925
559967
611145
632965
579223
502014
480468
518432
543029
501190
426757
393554
419128
444519
412811
342163
299774
313781
338378
315368
249359
199951
203155
225738
210205
149566
95062
88348
108001
98846
44219
-13549
-29266
-13305
-16998
-65185
-124542
-148162
-136413
-135589
-176879
-236267
-266693
-259460
-254913
-289062
-346954
-382934
-380401
-372894
-399719
-454711
-494964
-497131
-487396
-506805
-557647
-600860
-607513
-596191
-608306
-653808
-698638
-709503
-697204
-702178
-741363
-786437
-801055
-788360
-786468
-818511
-862487
-880371
-867767
-859436
-883666
-925262
-945800
-933746
-919525
-935424
-973449
-995941
-984863
-965362
-972656
-1006011
-1029754
-1020019
-995971
-994598
-1022277
-1046508
-1038421
-1010650
-1000732
-1021911
-1045806
-1039642
-1009094
-990936
-1004882
-1027709
-1023651
-991271
-965393
-971618
-992614
-990814
-957580
-924743
-922882
-941284
-941802
-908782
-869812
-859710
-874816
-877685
-845916
-801849
-783508
-794677
-799743
-770233
-722290
-695892
-702484
-709625
-683349
-632812
-598724
-600158
-609100
-586975
-535217
-494018
-489746
-500152
-482971
-431457
-383789
-373382
-384765
-373229
-323486
-270202
-253265
-265014
-259735
-213226
-155364
-131500
-142944
-144317
-102630
-41259
-10192
-20507
-28778
6530
70129
108642
100463
85205
112670
177124
223266
218353
196197
214263
278015
332000
331665
302917
310028
371368
433349
439117
404327
398864
455902
526000
539764
499664
479919
530364
608734
632812
588531
552398
593536
680511
717895
670898
615722
643981
740081
795135
747467
669494
679779
785980
865356
820220
713256
697296
815643
931213
894226
746582
688323
823089
1000396
984558
768402
626464
788085
1103881
1157440
774230
352844
554504
1588836
2855499
3399261
2782653
1500823
512420
368316
808776
1168640
1086090
768249
627410
784576
993774
992492
809722
685974
756134
902008
927246
805511
693511
719207
826843
863555
777954
675231
673004
753112
794677
733551
639007
617462
675628
718322
675140
588348
552734
592376
633789
604370
525115
479125
502716
541076
522491
450714
397186
406555
440643
430572
366363
307586
304382
333251
329895
273223
211212
196929
219940
221740
172637
109191
85235
101928
107635
66040
2746
-29357
-19195
-10772
-44921
-106628
-145477
-141876
-131683
-158569
-217315
-261413
-264221
-253082
-272918
-327514
-375366
-384246
-372955
-385986
-435394
-485443
-499938
-489074
-495666
-538909
-589721
-609191
-599304
-599884
-636199
-686279
-709991
-701507
-696502
-725280
-773254
-800384
-793609
-783569
-804351
-848907
-878570
-873718
-859283
-871795
-911712
-942901
-940185
-921997
-926147
-960327
-992095
-991546
-970336
-966217
-993713
-1025085
-1026733
-1003204
-991119
-1011199
-1041137
-1044921
-1019897
-1000305
-1012359
-1039947
-1045745
-1020050
-993591
-997222
-1021545
-1029144
-1003601
-971069
-966125
-986358
-995513
-970947
-933288
-919708
-935119
-945556
-922729
-881072
-859100
-868988
-880340
-860015
-815490
-785552
-789367
-801239
-784088
-738037
-700683
-697937
-709869
-696502
-650238
-606262
-596618
-608093
-598999
-553924
-504241
-487457
-497863
-493469
-450927
-396636
-372589
-381286
-381835
-343231
-285552
-254180
-260467
-266052
-232727
-172973
-134399
-137481
-148040
-121307
-60943
-15289
-14343
-29663
-10681
48675
101104
107025
87371
97412
154205
213012
224914
201629
201660
254058
318756
337799
311676
300750
346801
416839
444305
416534
393646
431213
505859
543304
515319
479522
506134
584625
633911
607574
557830
570526
651824
715423
693328
628295
623168
706085
787536
773193
690979
662475
745391
850219
849151
746643
685668
766265
904235
926239
797454
686614
760284
952178
1019226
850494
646148
699432
1004760
1190490
939819
456695
386718
1166931
2461791
3342193
3108673
1950042
763854
323333
635253
1090484
1160614
874511
638458
708435
937744
1021667
878051
707611
713531
857940
938873
855407
719207
694641
790985
865997
816375
702697
660278
723754
791687
763793
667144
613281
651916
712005
699066
616363
555114
573791
625518
623168
552520
486694
488861
531799
536987
477050
408874
397125
431091
441406
391265
322540
299072
323974
337585
296417
228637
195495
211395
226745
193878
128387
87341
94451
110351
85083
23071
-24078
-25360
-10009
-28228
-85754
-137359
-146514
-132507
-144348
-196472
-250854
-267181
-255249
-261260
-307250
-362823
-385528
-376129
-376922
-416137
-471343
-499481
-493011
-489227
-521148
-574554
-607116
-603759
-596038
-620330
-670532
-706359
-706237
-695159
-711639
-757385
-795349
-798431
-784637
-793273
-833404
-872314
-878479
-862609
-863464
-897003
-935668
-944641
-927337
-920745
-946868
-984100
-995605
-977478
-963836
-981933
-1016601
-1030212
-1011932
-991790
-1001373
-1032440
-1047760
-1029876
-1003967
-1004852
-1031311
-1047821
-1030914
-1000122
-992248
-1013244
-1030395
-1015075
-980285
-963836
-978668
-995910
-982604
-944946
-920288
-928314
-945068
-934234
-894836
-862579
-863311
-878967
-871002
-831024
-791931
-785095
-799011
-794219
-754882
-709899
-695312
-706878
-705444
-667968
-618194
-595825
-604431
-606414
-572021
-518707
-488677
-493682
-499053
-468902
-413360
-376007
-376770
-385375
-360534
-304260
-259948
-255828
-267364
-248840
-193298
-142639
-132965
-146972
-135650
-82489
-26123
-10284
-26153
-22766
26336
87585
110260
93383
88195
131591
196746
226959
210021
195800
231689
299682
338134
322387
298797
325317
394897
442382
429321
396148
411315
481018
538452
529937
487152
488616
556762
625274
623596
571289
556365
620910
701965
710205
648498
613677
671966
767669
790130
719268
659484
707733
821563
864959
785186
692199
724426
862518
938842
850402
708465
712921
888305
1023651
927459
698425
643554
891540
1168273
1074157
609863
324127
810058
2018280
3148468
3321502
2397430
1108520
370727
477203
962463
1190551
988220
688751
652130
862701
1021881
943359
751983
688476
805511
929443
898742
759338
685516
752258
852447
846679
739410
661102
694915
776397
785278
700836
620971
630920
696319
714080
647216
567779
559417
610290
633209
580596
503021
480194
517669
543121
502380
427856
393554
418487
444488
413848
343322
299987
313232
338256
316223
250518
200347
202758
225555
210937
150726
95642
88104
107757
99426
45318
-12878
-29357
-13549
-16540
-64117
-123748
-148162
-136688
-135284
-175903
-235412
-266540
-259704
-254730
-288177
-346038
-382659
-380615
-372802
-398925
-453765
-494628
-497314
-487396
-506164
-556732
-600433
-607666
-596313
-607788
-652923
-698120
-709594
-697387
-701782
-740539
-785858
-801116
-788604
-786224
-817749
-861877
-880371
-868072
-859344
-882995
-924652
-945739
-934082
-919555
-934875
-972839
-995849
-985229
-965545
-972259
-1005432
-1029632
-1020416
-996276
-994323
-1021728
-1046325
-1038818
-1011077
-1000610
-1021392
-1045593
-1040039
-1009613
-990966
-1004455
-1027496
-1024017
-991882
-965606
-971282
-992370
-991149
-958282
-925079
-922637
-941009
-942108
-909515
-870300
-859588
-874572
-877899
-846649
-802459
-783508
-794403
-799926
-770996
-723022
-696044
-702239
-709747
-684112
-633636
-598999
-599945
-609161
-587677
-536132
-494415
-489562
-500122
-483612
-432434
-384307
-373260
-384643
-373779
-324493
-270874
-253204
-264831
-260162
-214263
-156127
-131530
-142700
-144622
-103637
-42144
-10314
-20172
-28930
5584
69122
108428
100860
85174
111785
175994
222930
218750
196350
213470
276824
331512
332092
303253
309387
370117
432678
439544
404876
398437
454589
525146
540100
500427
479675
529022
607666
633087
589477
552429
592193
679199
718048
672088
616119
642700
738464
795074
748901
670318
678588
783996
864959
821899
714721
696289
813110
930297
896240
748931
687622
819732
998504
986968
772399
626556
783020
1099548
1160461
782897
356445
543579
1566711
2837615
3399810
2801177
1522674
522552
364166
800170
1166046
1090637
773101
627044
780487
991577
994567
813049
686462
753692
900115
928314
808044
694396
717681
825225
864074
779968
676330
672088
751708
794830
735198
640228
617004
674438
718261
676513
589599
552612
591430
633575
605499
526397
479278
501953
540771
523376
451995
397583
405975
440307
431304
367614
308166
303985
332885
330444
274414
211975
196716
219543
222167
173767
110046
85205
101562
107910
67077
3662
-29235
-19531
-10589
-44006
-105621
-145202
-142150
-131622
-157745
-216308
-261016
-264434
-253112
-272216
-326507
-374847
-384399
-373046
-385437
-434387
-484832
-500000
-489227
-495239
-537994
-589050
-609191
-599517
-599578
-635345
-685546
-709930
-701751
-696319
-724517
-772491
-800231
-793884
-783538
-803710
-848175
-878356
-874023
-859375
-871307
-910980
-942657
-940460
-922210
-925781
-959625
-991790
-991821
-970642
-966003
-993103
-1024749
-1026977
-1003631
-991058
-1010650
-1040771
-1045166
-1020416
-1000396
-1011932
-1039581
-1045959
-1020599
-993835
-996887
-1021179
-1029327
-1004211
-971466
-965911
-985992
-995635
-971557
-933807
-919647
-934783
-945648
-923370
-881683
-859161
-868682
-880371
-860626
-816253
-785766
-789093
-801208
-784698
-738861
-701019
-697753
-709808
-697052
-651123
-606750
-596527
-607971
-599487
-554840
-504852
-487426
-497680
-493865
-451873
-397399
-372650
-381072
-382110
-344177
-286407
-254333
-260223
-266204
-233642
-173950
-134674
-137207
-148101
-122131
-61981
-15686
-14068
-29571
-11444
47576
100555
107269
87615
96801
153045
212341
225158
201995
201202
252868
317932
337982
312194
300476
345642
415863
444396
417175
393585
430084
504730
543273
516113
479736
505096
583282
633697
608489
558349
569580
650299
714996
694335
629150
622406
704315
786804
774261
692260
661956
743408
849090
850280
748504
685577
763946
902435
927368
800140
687164
757476
949279
1020202
854583
648071
695800
999267
1190643
947448
463409
381134
1147277
2440460
3335632
3122222
1972808
779022
323364
626739
1085174
1163269
880187
640045
705047
934356
1022399
881469
709320
711791
855438
938934
857818
720916
693786
789062
865692
818115
704376
659973
722259
791198
765106
668731
613372
650787
711425
700073
617889
555511
572937
624908
623901
553924
487335
488281
531188
537475
478393
409667
396789
430511
441772
392486
323455
298980
323455
337799
297515
229644
195587
210937
226837
194854
129455
87615
94085
110321
85937
24169
-23651
-25634
-10070
-27526
-84655
-136810
-146667
-132659
-143768
-195404
-250183
-267242
-255432
-260803
-306243
-362060
-385467
-376342
-376617
-415191
-470550
-499359
-493255
-489044
-520324
-573730
-606903
-604003
-595947
-619598
-669677
-706054
-706481
-695190
-711059
-756561
-794982
-798645
-784790
-792816
-832611
-871887
-878631
-862823
-863159
-896270
-935211
-944793
-927673
-920593
-946228
-983612
-995697
-977874
-963836
-981384
-1016082
-1030303
-1012359
-991912
-1000946
-1031951
-1047790
-1030364
-1004241
-1004547
-1030822
-1047790
-1031433
-1000518
-992065
-1012817
-1030364
-1015594
-980834
-963836
-978271
-995819
-983123
-945587
-920440
-927978
-944946
-934722
-895568
-862854
-863067
-878814
-871459
-831817
-792358
-784942
-798828
-794616
-755706
-710479
-695251
-706665
-705749
-668823
-618896
-595886
-604217
-606658
-572875
-519500
-488861
-493469
-499206
-469726
-414276
-376312
-376556
-385437
-361297
-305236
-260375
-255615
-267303
-249511
-194366
-143188
-132812
-146820
-136230
-83587
-26824
-10192
-25878
-23193
25238
86761
110290
93719
87890
130523
195800
226898
210479
195678
230651
298614
337982
322937
298858
324371
393676
442077
429931
396453
410491
479705
537963
530578
487701
487976
555358
624603
624267
572113
555938
619384
701019
710815
649627
613525
670349
766387
790679
720764
659698
706054
819854
865356
787139
692962
722656
860168
938903
852935
710113
711090
884918
1023071
930938
701721
641754
885833
1165832
1079742
618286
323638
794433
1995544
3135498
3328735
2419006
1127807
375793
470245
954986
1190673
993774
692230
650054
858642
1021057
946319
754730
687774
802825
928436
900604
761627
685516
750366
851379
847900
741394
661499
693572
775329
786071
702575
621673
630035
695343
714569
648742
568695
558868
609405
633483
581939
504058
479949
516876
543212
503540
428955
393554
417816
444458
414855
344451
300231
312713
338134
317108
251708
200775
202362
225372
211639
151885
96221
87860
107513
100006
46447
-12145
-29479
-13793
-16113
-63049
-122955
-148132
-136932
-134948
-174926
-234527
-266387
-259979
-254516
-287292
-345092
-382385
-380859
-372741
-398162
-452819
-494232
-497497
-487396
-505493
-555786
-599975
-607818
-596405
-607269
-652038
-697601
-709716
-697570
-701416
-739685
-785278
-801177
-788848
-785980
-816986
-861267
-880371
-868377
-859252
-882354
-924011
-945709
-934417
-919586
-934326
-972198
-995758
-985626
-965728
-971862
-1004821
-1029479
-1020782
-996582
-994079
-1021179
-1046142
-1039184
-1011505
-1000518
-1020904
-1045379
-1040405
-1010131
-990997
-1004028
-1027252
-1024383
-992492
-965789
-970977
-992095
-991485
-958953
-925415
-922424
-940734
-942382
-910247
-870788
-859466
-874298
-878143
-847412
-803100
-783508
-794128
-800079
-771759
-723785
-696166
-701995
-709838
-684844
-634490
-599273
-599731
-609161
-588378
-537078
-494812
-489410
-500061
-484222
-433410
-384857
-373138
-384521
-374328
-325500
-271545
-253143
-264617
-260589
-215270
-156951
-131561
-142425
-144927
-104644
-43090
-10437
-19866
-29113
4608
68115
108184
101226
85205
110900
174896
222534
219146
196533
212707
275634
330993
332489
303619
308776
368865
432006
439910
405426
397979
453308
524261
540466
501190
479461
527709
606597
633331
590454
552520
590911
677856
718170
673278
616546
641448
736846
794952
750305
671203
677429
781982
864532
823577
716186
695312
810577
929321
898193
751281
687011
816375
996582
989288
776458
626739
778045
1095123
1163330
791564
360198
532928
1544647
2819488
3399993
2819488
1544647
532928
360198
791564
1163330
1095123
778045
626739
776458
989288
996582
816375
687011
751281
898193
929321
810577
695312
716186
823577
864532
781982
677429
671203
750305
794952
736846
641448
616546
673278
718170
677856
590911
552520
590454
633331
606597
527709
479461
501190
540466
524261
453308
397979
405426
439910
432006
368865
308776
303619
332489
330993
275634
212707
196533
219146
222534
174896
110900
85205
101226
108184
68115
4608
-29113
-19866
-10437
-43090
-104644
-144927
-142425
-131561
-156951
-215270
-260589
-264617
-253143
-271545
-325500
-374328
-384521
-373138
-384857
-433410
-484222
-500061
-489410
-494812
-537078
-588378
-609161
-599731
-599273
-634490
-684844
-709838
-701995
-696166
-723785
-771759
-800079
-794128
-783508
-803100
-847412
-878143
-874298
-859466
-870788
-910247
-942382
-940734
-922424
-925415
-958953
-991485
-992095
-970977
-965789
-992492
-1024383
-1027252
-1004028
-990997
-1010131
-1040405
-1045379
-1020904
-1000518
-1011505
-1039184
-1046142
-1021179
-994079
-996582
-1020782
-1029479
-1004821
-971862
-965728
-985626
-995758
-972198
-934326
-919586
-934417
-945709
-924011
-882354
-859252
-868377
-880371
-861267
-816986
-785980
-788848
-801177
-785278
-739685
-701416
-697570
-709716
-697601
-652038
-607269
-596405
-607818
-599975
-555786
-505493
-487396
-497497
-494232
-452819
-398162
-372741
-380859
-382385
-345092
-287292
-254516
-259979
-266387
-234527
-174926
-134948
-136932
-148132
-122955
-63049
-16113
-13793
-29479
-12145
46447
100006
107513
87860
96221
151885
211639
225372
202362
200775
251708
317108
338134
312713
300231
344451
414855
444458
417816
393554
428955
503540
543212
516876
479949
504058
581939
633483
609405
558868
568695
648742
714569
695343
630035
621673
702575
786071
775329
693572
661499
741394
847900
851379
750366
685516
761627
900604
928436
802825
687774
754730
946319
1021057
858642
650054
692230
993774
1190673
954986
470245
375793
1127807
2419006
3328735
3135498
1995544
794433
323638
618286
1079742
1165832
885833
641754
701721
930938
1023071
884918
711090
710113
852935
938903
860168
722656
692962
787139
865356
819854
706054
659698
720764
790679
766387
670349
613525
649627
710815
701019
619384
555938
572113
624267
624603
555358
487976
487701
530578
537963
479705
410491
396453
429931
442077
393676
324371
298858
322937
337982
298614
230651
195678
210479
226898
195800
130523
87890
93719
110290
86761
25238
-23193
-25878
-10192
-26824
-83587
-136230
-146820
-132812
-143188
-194366
-249511
-267303
-255615
-260375
-305236
-361297
-385437
-376556
-376312
-414276
-469726
-499206
-493469
-488861
-519500
-572875
-606658
-604217
-595886
-618896
-668823
-705749
-706665
-695251
-710479
-755706
-794616
-798828
-784942
-792358
-831817
-871459
-878814
-863067
-862854
-895568
-934722
-944946
-927978
-920440
-945587
-983123
-995819
-978271
-963836
-980834
-1015594
-1030364
-1012817
-992065
-1000518
-1031433
-1047790
-1030822
-1004547
-1004241
-1030364
-1047790
-1031951
-1000946
-991912
-1012359
-1030303
-1016082
-981384
-963836
-977874
-995697
-983612
-946228
-920593
-927673
-944793
-935211
-896270
-863159
-862823
-878631
-871887
-832611
-792816
-784790
-798645
-794982
-756561
-711059
-695190
-706481
-706054
-669677
-619598
-595947
-604003
-606903
-573730
-520324
-489044
-493255
-499359
-470550
-415191
-376617
-376342
-385467
-362060
-306243
-260803
-255432
-267242
-250183
-195404
-143768
-132659
-146667
-136810
-84655
-27526
-10070
-25634
-23651
24169
85937
110321
94085
87615
129455
194854
226837
210937
195587
229644
297515
337799
323455
298980
323455
392486
441772
430511
396789
409667
478393
537475
531188
488281
487335
553924
623901
624908
572937
555511
617889
700073
711425
650787
613372
668731
765106
791198
722259
659973
704376
818115
865692
789062
693786
720916
857818
938934
855438
711791
709320
881469
1022399
934356
705047
640045
880187
1163269
1085174
626739
323364
779022
1972808
3122222
3335632
2440460
1147277
381134
463409
947448
1190643
999267
695800
648071
854583
1020202
949279
757476
687164
800140
927368
902435
763946
685577
748504
850280
849090
743408
661956
692260
774261
786804
704315
622406
629150
694335
714996
650299
569580
558349
608489
633697
583282
505096
479736
516113
543273
504730
430084
393585
417175
444396
415863
345642
300476
312194
337982
317932
252868
201202
201995
225158
212341
153045
96801
87615
107269
100555
47576
-11444
-29571
-14068
-15686
-61981
-122131
-148101
-137207
-134674
-173950
-233642
-266204
-260223
-254333
-286407
-344177
-382110
-381072
-372650
-397399
-451873
-493865
-497680
-487426
-504852
-554840
-599487
-607971
-596527
-606750
-651123
-697052
-709808
-697753
-701019
-738861
-784698
-801208
-789093
-785766
-816253
-860626
-880371
-868682
-859161
-881683
-923370
-945648
-934783
-919647
-933807
-971557
-995635
-985992
-965911
-971466
-1004211
-1029327
-1021179
-996887
-993835
-1020599
-1045959
-1039581
-1011932
-1000396
-1020416
-1045166
-1040771
-1010650
-991058
-1003631
-1026977
-1024749
-993103
-966003
-970642
-991821
-991790
-959625
-925781
-922210
-940460
-942657
-910980
-871307
-859375
-874023
-878356
-848175
-803710
-783538
-793884
-800231
-772491
-724517
-696319
-701751
-709930
-685546
-635345
-599578
-599517
-609191
-589050
-537994
-495239
-489227
-500000
-484832
-434387
-385437
-373046
-384399
-374847
-326507
-272216
-253112
-264434
-261016
-216308
-157745
-131622
-142150
-145202
-105621
-44006
-10589
-19531
-29235
3662
67077
107910
101562
85205
110046
173767
222167
219543
196716
211975
274414
330444
332885
303985
308166
367614
431304
440307
405975
397583
451995
523376
540771
501953
479278
526397
605499
633575
591430
552612
589599
676513
718261
674438
617004
640228
735198
794830
751708
672088
676330
779968
864074
825225
717681
694396
808044
928314
900115
753692
686462
813049
994567
991577
780487
627044
773101
1090637
1166046
800170
364166
522552
1522674
2801177
3399810
2837615
1566711
543579
356445
782897
1160461
1099548
783020
626556
772399
986968
998504
819732
687622
748931
896240
930297
813110
696289
714721
821899
864959
783996
678588
670318
748901
795074
738464
642700
616119
672088
718048
679199
592193
552429
589477
633087
607666
529022
479675
500427
540100
525146
454589
398437
404876
439544
432678
370117
309387
303253
332092
331512
276824
213470
196350
218750
222930
175994
111785
85174
100860
108428
69122
5584
-28930
-20172
-10314
-42144
-103637
-144622
-142700
-131530
-156127
-214263
-260162
-264831
-253204
-270874
-324493
-373779
-384643
-373260
-384307
-432434
-483612
-500122
-489562
-494415
-536132
-587677
-609161
-599945
-598999
-633636
-684112
-709747
-702239
-696044
-723022
-770996
-799926
-794403
-783508
-802459
-846649
-877899
-874572
-859588
-870300
-909515
-942108
-941009
-922637
-925079
-958282
-991149
-992370
-971282
-965606
-991882
-1024017
-1027496
-1004455
-990966
-1009613
-1040039
-1045593
-1021392
-1000610
-1011077
-1038818
-1046325
-1021728
-994323
-996276
-1020416
-1029632
-1005432
-972259
-965545
-985229
-995849
-972839
-934875
-919555
-934082
-945739
-924652
-882995
-859344
-868072
-880371
-861877
-817749
-786224
-788604
-801116
-785858
-740539
-701782
-697387
-709594
-698120
-652923
-607788
-596313
-607666
-600433
-556732
-506164
-487396
-497314
-494628
-453765
-398925
-372802
-380615
-382659
-346038
-288177
-254730
-259704
-266540
-235412
-175903
-135284
-136688
-148162
-123748
-64117
-16540
-13549
-29357
-12878
45318
99426
107757
88104
95642
150726
210937
225555
202758
200347
250518
316223
338256
313232
299987
343322
413848
444488
418487
393554
427856
502380
543121
517669
480194
503021
580596
633209
610290
559417
567779
647216
714080
696319
630920
620971
700836
785278
776397
694915
661102
739410
846679
852447
752258
685516
759338
898742
929443
805511
688476
751983
943359
1021881
862701
652130
688751
988220
1190551
962463
477203
370727
1108520
2397430
3321502
3148468
2018280
810058
324127
609863
1074157
1168273
891540
643554
698425
927459
1023651
888305
712921
708465
850402
938842
862518
724426
692199
785186
864959
821563
707733
659484
719268
790130
767669
671966
613677
648498
710205
701965
620910
556365
571289
623596
625274
556762
488616
487152
529937
538452
481018
411315
396148
429321
442382
394897
325317
298797
322387
338134
299682
231689
195800
210021
226959
196746
131591
88195
93383
110260
87585
26336
-22766
-26153
-10284
-26123
-82489
-135650
-146972
-132965
-142639
-193298
-248840
-267364
-255828
-259948
-304260
-360534
-385375
-376770
-376007
-413360
-468902
-499053
-493682
-488677
-518707
-572021
-606414
-604431
-595825
-618194
-667968
-705444
-706878
-695312
-709899
-754882
-794219
-799011
-785095
-791931
-831024
-871002
-878967
-863311
-862579
-894836
-934234
-945068
-928314
-920288
-944946
-982604
-995910
-978668
-963836
-980285
-1015075
-1030395
-1013244
-992248
-1000122
-1030914
-1047821
-1031311
-1004852
-1003967
-1029876
-1047760
-1032440
-1001373
-991790
-1011932
-1030212
-1016601
-981933
-963836
-977478
-995605
-984100
-946868
-920745
-927337
-944641
-935668
-897003
-863464
-862609
-878479
-872314
-833404
-793273
-784637
-798431
-795349
-757385
-711639
-695159
-706237
-706359
-670532
-620330
-596038
-603759
-607116
-574554
-521148
-489227
-493011
-499481
-471343
-416137
-376922
-376129
-385528
-362823
-307250
-261260
-255249
-267181
-250854
-196472
-144348
-132507
-146514
-137359
-85754
-28228
-10009
-25360
-24078
23071
85083
110351
94451
87341
128387
193878
226745
211395
195495
228637
296417
337585
323974
299072
322540
391265
441406
431091
397125
408874
477050
536987
531799
488861
486694
552520
623168
625518
573791
555114
616363
699066
712005
651916
613281
667144
763793
791687
723754
660278
702697
816375
865997
790985
694641
719207
855407
938873
857940
713531
707611
878051
1021667
937744
708435
638458
874511
1160614
1090484
635253
323333
763854
1950042
3108673
3342193
2461791
1166931
386718
456695
939819
1190490
1004760
699432
646148
850494
1019226
952178
760284
686614
797454
926239
904235
766265
685668
746643
849151
850219
745391
662475
690979
773193
787536
706085
623168
628295
693328
715423
651824
570526
557830
607574
633911
584625
506134
479522
515319
543304
505859
431213
393646
416534
444305
416839
346801
300750
311676
337799
318756
254058
201660
201629
224914
213012
154205
97412
87371
107025
101104
48675
-10681
-29663
-14343
-15289
-60943
-121307
-148040
-137481
-134399
-172973
-232727
-266052
-260467
-254180
-285552
-343231
-381835
-381286
-372589
-396636
-450927
-493469
-497863
-487457
-504241
-553924
-598999
-608093
-596618
-606262
-650238
-696502
-709869
-697937
-700683
-738037
-784088
-801239
-789367
-785552
-815490
-860015
-880340
-868988
-859100
-881072
-922729
-945556
-935119
-919708
-933288
-970947
-995513
-986358
-966125
-971069
-1003601
-1029144
-1021545
-997222
-993591
-1020050
-1045745
-1039947
-1012359
-1000305
-1019897
-1044921
-1041137
-1011199
-991119
-1003204
-1026733
-1025085
-993713
-966217
-970336
-991546
-992095
-960327
-926147
-921997
-940185
-942901
-911712
-871795
-859283
-873718
-878570
-848907
-804351
-783569
-793609
-800384
-773254
-725280
-696502
-701507
-709991
-686279
-636199
-599884
-599304
-609191
-589721
-538909
-495666
-489074
-499938
-485443
-435394
-385986
-372955
-384246
-375366
-327514
-272918
-253082
-264221
-261413
-217315
-158569
-131683
-141876
-145477
-106628
-44921
-10772
-19195
-29357
2746
66040
107635
101928
85235
109191
172637
221740
219940
196929
211212
273223
329895
333251
304382
307586
366363
430572
440643
406555
397186
450714
522491
541076
502716
479125
525115
604370
633789
592376
552734
588348
675140
718322
675628
617462
639007
733551
794677
753112
673004
675231
777954
863555
826843
719207
693511
805511
927246
902008
756134
685974
809722
992492
993774
784576
627410
768249
1086090
1168640
808776
368316
512420
1500823
2782653
3399261
2855499
1588836
554504
352844
774230
1157440
1103881
788085
626464
768402
984558
1000396
823089
688323
746582
894226
931213
815643
697296
713256
820220
865356
785980
679779
669494
747467
795135
740081
643981
615722
670898
717895
680511
593536
552398
588531
632812
608734
530364
479919
499664
539764
526000
455902
398864
404327
439117
433349
371368
310028
302917
331665
332000
278015
214263
196197
218353
223266
177124
112670
85205
100463
108642
70129
6530
-28778
-20507
-10192
-41259
-102630
-144317
-142944
-131500
-155364
-213226
-259735
-265014
-253265
-270202
-323486
-373229
-384765
-373382
-383789
-431457
-482971
-500152
-489746
-494018
-535217
-586975
-609100
-600158
-598724
-632812
-683349
-709625
-702484
-695892
-722290
-770233
-799743
-794677
-783508
-801849
-845916
-877685
-874816
-859710
-869812
-908782
-941802
-941284
-922882
-924743
-957580
-990814
-992614
-971618
-965393
-991271
-1023651
-1027709
-1004882
-990936
-1009094
-1039642
-1045806
-1021911
-1000732
-1010650
-1038421
-1046508
-1022277
-994598
-995971
-1020019
-1029754
-1006011
-972656
-965362
-984863
-995941
-973449
-935424
-919525
-933746
-945800
-925262
-883666
-859436
-867767
-880371
-862487
-818511
-786468
-788360
-801055
-786437
-741363
-702178
-697204
-709503
-698638
-653808
-608306
-596191
-607513
-600860
-557647
-506805
-487396
-497131
-494964
-454711
-399719
-372894
-380401
-382934
-346954
-289062
-254913
-259460
-266693
-236267
-176879
-135589
-136413
-148162
-124542
-65185
-16998
-13305
-29266
-13549
44219
98846
108001
88348
95062
149566
210205
225738
203155
199951
249359
315368
338378
313781
299774
342163
412811
444519
419128
393554
426757
501190
543029
518432
480468
502014
579223
632965
611145
559967
566925
645660
713592
697265
631835
620300
699096
784484
777404
696258
660705
737457
845458
853485
754150
685546
757080
896850
930419
808197
689208
749298
940338
1022583
866729
654296
685363
982635
1190307
969848
484283
365936
1089385
2375762
3313934
3161163
2041015
825927
324890
601470
1068481
1170593
897247
645446
695190
923919
1024169
891723
714813
706878
847839
938690
864868
726226
691467
783233
864532
823242
709472
659271
717773
789550
768920
673583
613861
647369
709533
702880
622436
556854
570465
622924
625946
558197
489318
486602
529266
538909
482299
412139
395874
428710
442657
396087
326293
298736
321868
338287
300750
232727
195922
209564
226989
197692
132659
88500
93017
110198
88378
27435
-22277
-26397
-10406
-25451
-81420
-135040
-147125
-133148
-142089
-192260
-248138
-267395
-256011
-259521
-303253
-359741
-385314
-376983
-375732
-412475
-468078
-498901
-493927
-488525
-517883
-571166
-606140
-604644
-595764
-617492
-667083
-705078
-707092
-695373
-709350
-754028
-793823
-799194
-785247
-791503
-830230
-870544
-879119
-863586
-862304
-894104
-933746
-945190
-928649
-920166
-944305
-982086
-995971
-979064
-963867
-979766
-1014526
-1030456
-1013702
-992401
-999725
-1030426
-1047821
-1031799
-1005157
-1003692
-1029388
-1047698
-1032928
-1001831
-991668
-1011474
-1030151
-1017089
-982482
-963867
-977111
-995483
-984588
-947540
-920928
-927032
-944488
-936126
-897735
-863800
-862365
-878295
-872741
-834197
-793731
-784515
-798248
-795715
-758209
-712249
-695129
-706024
-706665
-671356
-621032
-596099
-603546
-607330
-575408
-522003
-489440
-492797
-499603
-472137
-417053
-377258
-375915
-385528
-363555
-308227
-261718
-255065
-267120
-251495
-197509
-144927
-132385
-146331
-137878
-86822
-28961
-9918
-25085
-24475
21972
84228
110351
94818
87097
127319
192901
226654
211822
195434
227661
295318
337371
324523
299224
321624
390075
441070
431671
397491
408111
475738
536437
532409
489440
486114
551086
622436
626129
574676
554748
614868
698059
712554
653076
613220
665557
762451
792144
725280
660583
701080
814575
866271
792907
695526
717529
853027
938812
860412
715301
705932
874603
1020874
941101
711883
636962
868865
1157836
1095672
643829
323547
748901
1927276
3094818
3348388
2483001
1186737
392547
450073
932098
1190185
1010223
703186
644317
846405
1018218
955047
763122
686096
794799
925079
905975
768615
685821
744781
847961
851318
747406
662994
689697
772064
788208
707824
623962
627441
692291
715820
653350
571502
557342
606689
634063
585937
507232
479339
514526
543304
507019
432342
393707
415863
444213
417816
347991
301025
311187
337615
319580
255218
202148
201263
224670
213684
155364
98052
87158
106750
101623
49804
-9948
-29724
-14617
-14892
-59875
-120452
-147979
-137756
-134124
-172027
-231811
-265838
-260711
-254028
-284667
-342285
-381530
-381500
-372528
-395904
-449981
-493041
-498046
-487518
-503631
-552978
-598510
-608215
-596740
-605773
-649353
-695953
-709960
-698150
-700317
-737213
-783477
-801269
-789611
-785339
-814758
-859375
-880310
-869262
-859039
-880432
-922088
-945495
-935455
-919799
-932769
-970306
-995391
-986694
-966308
-970703
-1002990
-1028991
-1021942
-997558
-993347
-1019500
-1045532
-1040344
-1012817
-1000244
-1019409
-1044677
-1041503
-1011749
-991210
-1002807
-1026458
-1025421
-994354
-966461
-970001
-991271
-992401
-960998
-926513
-921783
-939910
-943176
-912414
-872314
-859191
-873443
-878753
-849639
-805023
-783630
-793334
-800506
-773986
-726043
-696685
-701263
-710052
-686981
-637054
-600189
-599121
-609191
-590393
-539855
-496124
-488922
-499847
-486053
-436370
-386566
-372863
-384094
-375854
-328552
-273651
-253082
-264007
-261810
-218322
-159393
-131744
-141601
-145751
-107604
-45867
-10925
-18890
-29479
1800
65002
107330
102294
85296
108337
171508
221313
220306
197143
210510
272033
329315
333648
304779
307006
365112
429840
441009
407135
396789
449432
521545
541381
503479
478973
523834
603240
633972
593353
552856
587097
673767
718353
676788
617950
637847
731872
794464
754486
673950
674163
775909
863006
828430
720764
692687
803009
926147
903839
758575
685546
806427
990356
995910
788635
627899
763427
1081451
1171081
817352
372650
502563
1479034
2763916
3398376
2873168
1611053
565673
349456
765533
1154296
1108123
793182
626464
764404
982086
1002227
826477
689056
744232
892211
932067
818176
698364
711853
818511
865692
787994
680999
668701
746032
795166
741699
645294
615356
669708
717742
681793
594848
552368
587554
632507
609802
531707
480163
498931
539367
526824
457214
399353
403778
438720
433990
372650
310668
302581
331237
332489
279205
215057
196044
217956
223632
178222
113555
85235
100097
108856
71136
7507
-28594
-20812
-10101
-40344
-101593
-143981
-143218
-131469
-154571
-212188
-259277
-265197
-253326
-269561
-322448
-372680
-384887
-373504
-383270
-430480
-482330
-500183
-489929
-493621
-534301
-586273
-609069
-600372
-598480
-631988
-682617
-709503
-702728
-695770
-721588
-769470
-799560
-794921
-783508
-801239
-845153
-877410
-875091
-859832
-869354
-908050
-941497
-941558
-923126
-924407
-956909
-990478
-992858
-971954
-965240
-990661
-1023284
-1027954
-1005310
-990905
-1008575
-1039245
-1046020
-1022399
-1000854
-1010253
-1037994
-1046661
-1022857
-994873
-995666
-1019622
-1029876
-1006622
-973083
-965209
-984497
-996032
-974060
-935974
-919494
-933410
-945831
-925903
-884307
-859558
-867462
-880340
-863098
-819274
-786743
-788116
-800994
-787017
-742218
-702575
-697052
-709381
-699157
-654724
-608856
-596099
-607360
-601318
-558563
-507476
-487396
-496917
-495330
-455657
-400512
-373016
-380187
-383178
-347869
-289978
-255126
-259216
-266815
-237152
-177886
-135925
-136169
-148162
-125335
-66253
-17456
-13061
-29113
-14251
43090
98266
108215
88623
94512
148437
209472
225921
203552
199554
248199
314483
338500
314300
299591
341033
411773
444549
419799
393585
425689
499969
542907
519195
480743
501037
577850
632659
612030
560546
566070
644134
713073
698211
632781
619659
697357
783630
778411
697601
660339
735473
844177
854461
756042
685638
754821
894927
931335
810882
690002
746673
937286
1023223
870727
656524
682037
977020
1189910
977142
491485
361419
1070434
2353973
3306030
3173522
2063690
842010
325866
593139
1062683
1172790
902954
647430
692016
920349
1024597
895111
716735
705352
845275
938507
867187
728088
690765
781311
864074
824920
711212
659118
716278
788940
770141
675231
614074
646240
708862
703765
623992
557342
569671
622253
626586
559631
490020
486083
528594
539337
483612
412994
395599
428100
442932
397247
327239
298675
321319
338409
301788
233795
196075
209136
226989
198608
133758
88836
92651
110137
89172
28533
-21820
-26641
-10528
-24780
-80322
-134429
-147277
-133331
-141571
-191223
-247406
-267425
-256225
-259124
-302276
-358978
-385223
-377197
-375457
-411560
-467224
-498718
-494140
-488372
-517089
-570281
-605895
-604858
-595733
-616821
-666229
-704742
-707305
-695434
-708801
-753204
-793395
-799377
-785430
-791107
-829437
-870086
-879272
-863830
-862030
-893371
-933258
-945281
-928985
-920043
-943664
-981567
-996063
-979431
-963897
-979248
-1014007
-1030456
-1014129
-992584
-999328
-1029907
-1047790
-1032257
-1005462
-1003448
-1028900
-1047668
-1033416
-1002258
-991546
-1011016
-1030029
-1017578
-983032
-963897
-976715
-995361
-985076
-948181
-921081
-926727
-944335
-936584
-898498
-864135
-862152
-878082
-873138
-834991
-794219
-784393
-798034
-796081
-759033
-712860
-695129
-705810
-706939
-672210
-621765
-596221
-603302
-607513
-576232
-522827
-489685
-492584
-499725
-472930
-417999
-377624
-375732
-385559
-364288
-309234
-262207
-254913
-267028
-252136
-198577
-145538
-132263
-146148
-138427
-87921
-29693
-9857
-24780
-24871
20904
83374
110321
95184
86853
126281
191894
226562
212280
195373
226654
294219
337158
325042
299377
320739
388854
440673
432250
397857
407348
474426
535888
532989
490051
485534
549682
621673
626708
575531
554412
613372
697052
713104
654266
613189
664001
761108
792572
726776
660949
699462
812805
866516
794799
696472
715911
850585
938659
862854
717102
704345
871154
1019989
944396
715393
635559
863250
1154937
1100708
652404
323974
734222
1904510
3080688
3354248
2504058
1206695
398681
443603
924316
1189758
1015625
707000
642578
842285
1017089
957885
766021
685668
792114
923858
907684
770965
686004
742950
846771
852386
749420
663574
688446
770935
788879
709564
624755
626617
691253
716186
654846
572479
556884
605743
634216
587249
508300
479187
513732
543304
508148
433502
393798
415222
444091
418762
349151
301330
310668
337432
320373
256408
202636
200897
224426
214324
156524
98693
86975
106475
102142
50903
-9185
-29785
-14892
-14526
-58837
-119598
-147888
-138031
-133850
-171051
-230895
-265655
-260955
-253875
-283813
-341339
-381195
-381713
-372497
-395172
-449035
-492645
-498199
-487548
-503021
-552032
-597991
-608337
-596893
-605285
-648468
-695373
-710021
-698333
-699981
-736389
-782836
-801269
-789855
-785156
-814025
-858703
-880279
-869567
-858978
-879791
-921417
-945404
-935791
-919891
-932281
-969635
-995239
-987060
-966522
-970336
-1002380
-1028778
-1022308
-997894
-993133
-1018920
-1045288
-1040679
-1013244
-1000183
-1018920
-1044433
-1041839
-1012268
-991302
-1002380
-1026184
-1025726
-994964
-966674
-969696
-990997
-992675
-961669
-926910
-921600
-939605
-943389
-913146
-872833
-859130
-873168
-878936
-850372
-805664
-783691
-793060
-800628
-774719
-726806
-696868
-701019
-710113
-687683
-637908
-600494
-598907
-609161
-591033
-540771
-496582
-488769
-499755
-486633
-437347
-387176
-372772
-383941
-376342
-329559
-274353
-253082
-263793
-262176
-219329
-160247
-131835
-141326
-145996
-108581
-46844
-11138
-18554
-29602
885
63934
107025
102661
85327
107513
170379
220886
220672
197357
209808
270812
328735
334014
305175
306457
363861
429107
441345
407714
396453
448181
520629
541625
504241
478851
522552
602111
634124
594329
553039
585845
672393
718353
677947
618499
636688
730194
794250
755828
674926
673156
773864
862426
830017
722320
691894
800476
924987
905639
761047
685180
803161
988159
997985
792755
628479
758666
1076751
1173370
825866
377136
492950
1457366
2744995
3397125
2890594
1633331
577117
346252
756835
1151000
1112274
798309
626556
760437
979553
1003997
829864
689849
741943
890136
932891
820709
699462
710479
816772
865997
789978
682250
667907
744598
795166
743286
646606
615020
668518
717529
683074
596221
552368
586608
632202
610809
533050
480438
498199
538970
527648
458526
399841
403259
438293
434631
373901
311340
302246
330810
332946
280395
215850
195892
217529
223937
179321
114471
85266
99731
109069
72143
8483
-28381
-21148
-9979
-39459
-100585
-143646
-143463
-131469
-153808
-211151
-258789
-265380
-253387
-268920
-321441
-372100
-384979
-373657
-382751
-429504
-481658
-500213
-490112
-493255
-533386
-585540
-609008
-600585
-598236
-631164
-681854
-709381
-702972
-695678
-720855
-768707
-799346
-795196
-783508
-800659
-844390
-877166
-875366
-859954
-868896
-907318
-941192
-941802
-923370
-924102
-956237
-990112
-993103
-972320
-965057
-990051
-1022888
-1028167
-1005737
-990905
-1008056
-1038848
-1046203
-1022888
-1001007
-1009826
-1037597
-1046813
-1023406
-995178
-995391
-1019226
-1029998
-1007202
-973510
-965026
-984100
-996093
-974670
-936523
-919464
-933044
-945831
-926513
-884979
-859680
-867187
-880340
-863677
-820037
-787017
-787872
-800933
-787567
-743041
-703002
-696868
-709259
-699645
-655609
-609405
-596038
-607208
-601745
-559509
-508178
-487396
-496734
-495666
-456573
-401306
-373138
-379943
-383392
-348754
-290863
-255371
-258972
-266937
-237976
-178894
-136291
-135925
-148162
-126129
-67321
-17944
-12817
-28991
-14923
41961
97656
108428
88867
93994
147277
208709
226104
203948
199188
247039
313568
338592
314819
299407
339904
410705
444519
420440
393615
424621
498779
542755
519958
481048
500091
576477
632324
612884
561157
565246
642578
712493
699157
633728
619049
695617
782775
779388
698974
660034
733520
842864
855438
757965
685760
752593
892974
932220
813568
690856
744079
934204
1023803
874725
658843
678833
971405
1189361
984313
498779
357147
1051666
2332092
3297790
3185607
2086364
858306
327087
584869
1056762
1174865
908660
649536
688903
916748
1024932
898468
718750
703857
842712
938293
869476
729949
690093
779357
863555
826568
712982
658996
714813
788299
771331
676879
614318
645141
708160
704650
625518
557861
568878
621551
627197
561035
490722
485565
527923
539733
484924
413879
395324
427490
443145
398437
328247
298645
320800
338500
302856
234832
196228
208679
226989
199523
134857
89172
92315
110046
89965
29663
-21331
-26885
-10681
-24139
-79223
-133819
-147399
-133514
-141052
-190155
-246704
-267456
-256439
-258758
-301300
-358154
-385162
-377441
-375183
-410675
-466369
-498535
-494354
-488220
-516296
-569427
-605590
-605072
-595703
-616149
-665344
-704376
-707489
-695526
-708251
-752349
-792968
-799560
-785583
-790710
-828643
-869598
-879394
-864074
-861785
-892669
-932739
-945373
-929290
-919952
-943054
-981018
-996124
-979827
-963928
-978729
-1013458
-1030487
-1014556
-992767
-998931
-1029357
-1047760
-1032745
-1005798
-1003173
-1028411
-1047576
-1033905
-1002716
-991424
-1010589
-1029937
-1018066
-983581
-963928
-976348
-995208
-985565
-948852
-921295
-926422
-944183
-937042
-899230
-864471
-861938
-877899
-873535
-835784
-794677
-784271
-797821
-796417
-759887
-713470
-695098
-705596
-707214
-673034
-622528
-596313
-603088
-607696
-577056
-523681
-489898
-492370
-499816
-473724
-418945
-377990
-375518
-385559
-364990
-310241
-262695
-254730
-266937
-252777
-199645
-146148
-132141
-145935
-138916
-88989
-30426
-9796
-24505
-25238
19836
82489
110290
95581
86639
125244
190887
226409
212738
195343
225708
293090
336883
325531
299530
319885
387603
440277
432800
398223
406616
473083
535308
533569
490661
484985
548278
620880
627258
576416
554107
611877
695983
713623
655426
613189
662445
759704
792968
728271
661376
697875
810974
866699
796722
697448
714324
848144
938476
865295
718963
702819
867706
1019042
947631
718933
634246
857666
1151947
1105651
661041
324615
719757
1881774
3066284
3359771
2524993
1226837
405059
437255
916442
1189178
1020996
710876
640930
838165
1015930
960662
768920
685272
789459
922607
909362
773376
686248
741119
845550
853424
751464
664184
687194
769775
789489
711303
625610
625823
690216
716522
656372
573486
556457
604827
634338
588562
509429
479034
512939
543273
509277
434661
393920
414581
443939
419708
350372
301666
310180
337219
321166
257598
203125
200561
224182
214965
157684
99334
86761
106201
102630
52001
-8422
-29846
-15197
-14160
-57800
-118743
-147827
-138305
-133605
-170104
-229980
-265441
-261199
-253753
-282989
-340393
-380859
-381927
-372467
-394439
-448059
-492187
-498382
-487609
-502410
-551116
-597473
-608459
-597015
-604827
-647552
-694793
-710083
-698547
-699676
-735565
-782226
-801269
-790130
-784973
-813293
-858062
-880218
-869873
-858947
-879180
-920745
-945281
-936126
-919982
-931793
-968994
-995086
-987426
-966766
-969970
-1001770
-1028594
-1022644
-998229
-992919
-1018371
-1045074
-1041046
-1013702
-1000122
-1018432
-1044158
-1042175
-1012817
-991394
-1001983
-1025909
-1026031
-995574
-966949
-969390
-990692
-992950
-962341
-927307
-921417
-939300
-943634
-913848
-873382
-859069
-872863
-879119
-851104
-806335
-783752
-792785
-800750
-775421
-727569
-697052
-700775
-710174
-688385
-638763
-600830
-598724
-609161
-591674
-541717
-497070
-488647
-499664
-487182
-438323
-387786
-372711
-383789
-376831
-330535
-275085
-253082
-263580
-262542
-220336
-161102
-131927
-141052
-146209
-109558
-47790
-11322
-18249
-29663
0
62896
106719
102996
85418
106689
169219
220428
221038
197601
209106
269622
328125
334350
305572
305938
362609
428314
441650
408325
396118
446899
519653
541900
505035
478759
521301
600952
634277
595306
553222
584625
670989
718322
679107
619049
635528
728515
793975
757202
675933
672149
771850
861785
831542
723937
691162
797973
923797
907409
763549
684875
799896
985931
999969
796844
629150
753967
1071990
1175537
834350
381805
483642
1435791
2725860
3395507
2907806
1655670
588806
343231
748107
1147552
1116363
803497
626770
756500
976928
1005706
833282
690734
739685
888031
933654
823242
700592
709106
815032
866271
791961
683532
667144
743133
795135
744873
647949
614715
667327
717315
684356
597564
552398
585662
631835
611846
534393
480743
497467
538574
528442
459838
400360
402740
437835
435241
375152
312042
301940
330352
333404
281555
216674
195770
217132
224243
180419
115417
85327
99365
109252
73120
9490
-28167
-21453
-9918
-38604
-99548
-143280
-143707
-131469
-153045
-210113
-258331
-265563
-253479
-268280
-320404
-371520
-385070
-373779
-382263
-428527
-480987
-500213
-490295
-492889
-532501
-584808
-608947
-600799
-598022
-630340
-681091
-709228
-703216
-695556
-720153
-767913
-799133
-795440
-783538
-800079
-843597
-876892
-875610
-860107
-868438
-906585
-940856
-942047
-923614
-923797
-955566
-989746
-993347
-972656
-964904
-989440
-1022491
-1028381
-1006164
-990875
-1007537
-1038421
-1046386
-1023406
-1001159
-1009429
-1037170
-1046966
-1023956
-995452
-995117
-1018798
-1030090
-1007812
-973937
-964904
-983734
-996154
-975280
-937072
-919464
-932708
-945861
-927093
-885650
-859832
-866882
-880279
-864288
-820800
-787292
-787658
-800842
-788116
-743896
-703399
-696716
-709136
-700134
-656494
-609954
-595947
-607025
-602142
-560424
-508880
-487426
-496520
-495971
-457489
-402130
-373260
-379730
-383605
-349670
-291778
-255615
-258728
-267028
-238830
-179901
-136657
-135681
-148162
-126892
-68389
-18432
-12573
-28839
-15563
40832
97015
108642
89141
93475
146118
207946
226257
204345
198822
245910
312652
338653
315368
299255
338775
409667
444488
421112
393707
423553
497558
542602
520721
481384
499114
575103
631988
613739
561767
564453
641021
711914
700073
634704
618469
693878
781860
780303
700378
659759
731567
841522
856353
759887
685943
750396
890991
933013
816253
691772
741546
931060
1024291
878692
661224
675720
965759
1188720
991424
506164
353149
1033111
2310119
3289215
3197387
2108978
874847
328582
576660
1050720
1176818
914398
651733
685821
913116
1025238
901824
720794
702392
840087
937988
871734
731872
689483
777404
863006
828186
714752
658905
713317
787628
772521
678527
614593
644042
707458
705474
627075
558410
568084
620819
627777
562469
491485
485076
527252
540130
486206
414764
395080
426879
443389
399597
329254
298614
320251
338592
303863
235900
196411
208221
226989
200408
135955
89538
91979
109954
90728
30761
-20812
-27099
-10833
-23498
-78155
-133178
-147521
-133697
-140533
-189117
-245941
-267456
-256652
-258361
-300323
-357360
-385040
-377655
-374938
-409790
-465515
-498321
-494598
-488098
-515502
-568542
-605316
-605285
-595703
-615478
-664489
-704010
-707672
-695587
-707702
-751495
-792541
-799713
-785766
-790313
-827850
-869110
-879516
-864349
-861541
-891937
-932189
-945465
-929626
-919860
-942443
-980468
-996154
-980224
-963989
-978210
-1012908
-1030487
-1015014
-992950
-998535
-1028839
-1047729
-1033203
-1006134
-1002929
-1027893
-1047515
-1034393
-1003173
-991333
-1010131
-1029815
-1018554
-984161
-963989
-975952
-995056
-986022
-949493
-921478
-926116
-944000
-937469
-899963
-864807
-861724
-877685
-873931
-836578
-795196
-784149
-797607
-796722
-760681
-714111
-695129
-705352
-707458
-673889
-623260
-596435
-602844
-607879
-577850
-524536
-490142
-492126
-499908
-474487
-419860
-378356
-375335
-385559
-365692
-311248
-263183
-254577
-266845
-253387
-200683
-146789
-132019
-145751
-139434
-90057
-31188
-9765
-24230
-25604
18768
81604
110260
95947
86456
124206
189880
226287
213195
195312
224731
291992
336639
326049
299713
319030
386383
439849
433349
398620
405914
471771
534698
534149
491302
484466
546844
620056
627807
577301
553802
610412
694915
714111
656616
613189
660919
758300
793334
729766
661804
696319
809143
866821
798614
698455
712768
845703
938232
867675
720855
701324
864257
1018035
950805
722503
633056
852111
1148834
1110443
669677
325500
705535
1859008
3051635
3364929
2545806
1247100
411712
431060
908508
1188446
1026336
714874
639343
834045
1014648
963409
771881
684967
786834
921295
910980
775756
686523
739318
844268
854431
753479
664794
685974
768615
790100
713043
626495
625061
689147
716827
657867
574493
556030
603881
634460
589843
510528
478912
512145
543243
510375
435852
394042
413940
443786
420654
351562
302001
309692
336975
321929
258789
203643
200225
223907
215576
158843
100006
86578
105895
103088
53131
-7629
-29876
-15472
-13824
-56793
-117858
-147705
-138580
-133392
-169158
-229034
-265197
-261444
-253631
-282165
-339416
-380523
-382141
-372436
-393707
-447113
-491760
-498535
-487701
-501831
-550170
-596954
-608551
-597167
-604370
-646667
-694183
-710144
-698760
-699371
-734741
-781585
-801269
-790405
-784790
-812561
-857391
-880157
-870178
-858917
-878570
-920074
-945159
-936462
-920074
-931304
-968353
-994934
-987762
-966979
-969635
-1001159
-1028381
-1023010
-998596
-992736
-1017822
-1044830
-1041381
-1014160
-1000061
-1017944
-1043884
-1042510
-1013366
-991485
-1001586
-1025604
-1026336
-996185
-967193
-969116
-990386
-993225
-963012
-927703
-921234
-938995
-943847
-914550
-873931
-859008
-872589
-879272
-851837
-806976
-783813
-792541
-800842
-776153
-728332
-697265
-700561
-710205
-689056
-639617
-601196
-598510
-609130
-592315
-542633
-497528
-488494
-499572
-487731
-439300
-388397
-372650
-383636
-377288
-331542
-275848
-253112
-263336
-262878
-221313
-161956
-132049
-140777
-146453
-110504
-48767
-11535
-17944
-29754
-885
61828
106384
103332
85479
105895
168090
219970
221405
197845
208435
268402
327514
334686
305999
305419
361358
427520
441955
408935
395812
445648
518707
542114
505828
478698
520050
599761
634399
596252
553466
583435
669586
718261
680267
619598
634429
726837
793670
758514
676940
671203
769805
861145
833068
725555
690460
795471
922546
909118
766082
684631
796691
983612
1001892
800964
629913
749359
1067138
1177551
842803
386657
474578
1414337
2706573
3393524
2924774
1678100
600769
340423
739379
1143981
1120330
808746
627075
752593
974273
1007354
836700
691650
737457
885894
934356
825744
701782
707794
813262
866485
793914
684814
666442
741668
795074
746429
649322
614440
666137
717071
685607
598937
552459
584716
631469
612823
535736
481048
496734
538146
529205
461151
400909
402252
437377
435821
376403
312744
301635
329925
333831
282745
217529
195678
216705
224548
181488
116333
85388
98968
109436
74127
10498
-27954
-21759
-9857
-37719
-98510
-142913
-143951
-131500
-152313
-209075
-257812
-265747
-253570
-267669
-319396
-370910
-385162
-373931
-381774
-427551
-480316
-500213
-490478
-492523
-531585
-584075
-608886
-601043
-597778
-629516
-680297
-709075
-703460
-695465
-719451
-767150
-798919
-795684
-783569
-799499
-842834
-876586
-875854
-860260
-867980
-905853
-940521
-942291
-923858
-923492
-954864
-989379
-993560
-973022
-964752
-988830
-1022094
-1028564
-1006622
-990905
-1007019
-1037994
-1046539
-1023895
-1001312
-1009033
-1036773
-1047088
-1024505
-995758
-994842
-1018402
-1030181
-1008392
-974395
-964752
-983337
-996185
-975891
-937652
-919464
-932373
-945861
-927703
-886352
-859985
-866577
-880249
-864837
-821594
-787567
-787414
-800750
-788635
-744720
-703857
-696563
-708984
-700622
-657409
-610534
-595886
-606842
-602539
-561340
-509582
-487457
-496307
-496307
-458404
-402954
-373382
-379486
-383819
-350555
-292724
-255859
-258483
-267120
-239654
-180908
-137023
-135437
-148132
-127624
-69458
-18951
-12359
-28686
-16204
39703
96374
108825
89447
92956
144989
207153
226379
204772
198486
244750
311737
338714
315917
299102
337677
408569
444458
421752
393768
422515
496337
542419
521484
481719
498199
573730
631622
614562
562408
563690
639465
711303
700958
635681
617919
692138
780944
781250
701782
659515
729644
840148
857269
761810
686157
748229
888946
933776
818939
692718
739044
927917
1024719
882659
663665
672668
960083
1187896
998443
513641
349395
1014709
2288055
3280303
3208862
2131561
891601
330291
568542
1044586
1178649
920104
654022
682830
909423
1025421
905181
722900
701019
837493
937652
873992
733795
688934
775451
862426
829772
716552
658874
711853
786926
773651
680206
614929
642944
706695
706298
628601
558990
567321
620086
628326
563873
492248
484588
526550
540466
487487
415679
394866
426239
443572
400756
330261
298614
319702
338684
304901
236999
196624
207794
226959
201324
137084
89904
91644
109863
91491
31860
-20294
-27343
-10986
-22888
-77056
-132537
-147613
-133880
-140045
-188079
-245208
-267456
-256866
-258026
-299346
-356536
-384948
-377868
-374694
-408905
-464660
-498107
-494812
-487976
-514739
-567657
-605010
-605499
-595703
-614837
-663604
-703613
-707855
-695709
-707183
-750671
-792083
-799865
-785980
-789947
-827056
-868621
-879638
-864624
-861297
-891235
-931671
-945556
-929962
-919769
-941802
-979919
-996215
-980621
-964050
-977722
-1012359
-1030487
-1015441
-993164
-998168
-1028320
-1047698
-1033660
-1006469
-1002716
-1027404
-1047424
-1034881
-1003631
-991241
-1009704
-1029693
-1019012
-984741
-964050
-975585
-994903
-986450
-950164
-921691
-925811
-943817
-937866
-900695
-865173
-861511
-877502
-874298
-837371
-795684
-784057
-797363
-797058
-761505
-714752
-695129
-705139
-707702
-674713
-624023
-596557
-602630
-608032
-578674
-525390
-490386
-491912
-500000
-475250
-420837
-378723
-375122
-385528
-366394
-312286
-263702
-254425
-266723
-253997
-201751
-147430
-131927
-145538
-139923
-91125
-31982
-9735
-23925
-25939
17700
80718
110198
96313
86273
123199
188873
226104
213623
195312
223785
290832
336334
326568
299896
318176
385162
439422
433898
399017
405212
470428
534088
534698
491943
483947
545440
619232
628326
578216
553558
608947
693817
714569
657775
613250
659423
756896
793670
731292
662261
694793
807281
866943
800476
699493
711242
843261
937927
870056
722808
699920
860809
1016937
953948
726135
631958
846557
1145629
1115112
678344
326629
691589
1836303
3036682
3369750
2566467
1267547
418640
424987
900512
1187591
1031616
718902
637847
829925
1013336
966094
774871
684692
784179
919921
912567
778198
686859
737548
842987
855407
755523
665496
684783
767425
790649
714782
627380
624298
688079
717102
659362
575531
555633
602966
634521
591125
511688
478820
511352
543182
511474
437042
394195
413299
443634
421569
352752
302368
309204
336730
322692
260009
204193
199890
223632
216186
160003
100708
86395
105590
103576
54229
-6805
-29907
-15777
-13488
-55755
-116973
-147613
-138854
-133178
-168243
-228118
-264953
-261688
-253540
-281341
-338439
-380157
-382324
-372436
-393005
-446136
-491302
-498687
-487762
-501251
-549224
-596405
-608642
-597320
-603942
-645782
-693572
-710174
-698974
-699066
-733917
-780914
-801269
-790649
-784637
-811859
-856719
-880096
-870483
-858886
-877960
-919403
-945037
-936798
-920196
-930816
-967681
-994750
-988128
-967224
-969299
-1000549
-1028167
-1023345
-998931
-992523
-1017242
-1044555
-1041748
-1014617
-1000030
-1017456
-1043609
-1042846
-1013916
-991607
-1001190
-1025299
-1026641
-996826
-967468
-968811
-990081
-993469
-963684
-928131
-921051
-938690
-944061
-915252
-874481
-858978
-872283
-879425
-852539
-807678
-783905
-792266
-800933
-776855
-729125
-697479
-700317
-710235
-689727
-640502
-601562
-598327
-609069
-592926
-543579
-498046
-488372
-499481
-488281
-440277
-389007
-372589
-383453
-377746
-332550
-276580
-253112
-263122
-263214
-222320
-162841
-132171
-140502
-146636
-111450
-49743
-11779
-17608
-29815
-1770
60760
106018
103668
85601
105133
166931
219451
221740
198120
207794
267211
326873
335021
306427
304931
360107
426727
442230
409515
395507
444396
517700
542327
506591
478637
518798
598571
634490
597229
553680
582244
668151
718200
681396
620208
633331
725128
793334
759857
678009
670288
767761
860412
834564
727203
689819
792968
921234
910797
768615
684448
793487
981262
1003753
805084
630767
744781
1062225
1179412
851196
391662
465789
1392974
2687072
3391204
2941528
1700561
612976
337829
730651
1140258
1124237
814025
627471
748718
971557
1008911
840118
692657
735260
883728
935028
828277
703002
706512
811492
866699
795867
686157
665740
740203
794952
747985
650695
614196
664916
716796
686828
600341
552520
583770
631103
613800
537109
481414
496032
537689
529968
462493
401458
401733
436920
436401
377655
313476
301330
329467
334259
283935
218383
195587
216278
224822
182556
117279
85449
98602
109588
75073
11505
-27709
-22094
-9796
-36865
-97473
-142517
-144195
-131530
-151580
-208038
-257324
-265899
-253662
-267059
-318389
-370300
-385253
-374084
-381317
-426574
-479614
-500213
-490692
-492187
-530700
-583343
-608795
-601257
-597595
-628723
-679534
-708923
-703704
-695404
-718750
-766357
-798675
-795928
-783630
-798919
-842071
-876312
-876129
-860412
-867553
-905120
-940185
-942535
-924133
-923187
-954193
-988983
-993774
-973358
-964630
-988250
-1021667
-1028778
-1007049
-990905
-1006530
-1037567
-1046691
-1024414
-1001495
-1008636
-1036346
-1047210
-1025054
-996093
-994567
-1017974
-1030242
-1008972
-974853
-964630
-982971
-996215
-976501
-938232
-919464
-932037
-945831
-928283
-887023
-860137
-866302
-880187
-865417
-822357
-787872
-787200
-800628
-789154
-745574
-704284
-696411
-708862
-701080
-658294
-611114
-595855
-606658
-602935
-562255
-510284
-487518
-496093
-496582
-459320
-403778
-373535
-379272
-384033
-351440
-293640
-256134
-258239
-267211
-240478
-181915
-137420
-135192
-148071
-128356
-70556
-19470
-12145
-28503
-16815
38574
95703
109008
89721
92468
143829
206359
226501
205169
198181
243621
310791
338775
316436
298980
336578
407501
444396
422393
393890
421508
495086
542205
522216
482086
497283
572326
631225
615386
563079
562957
637908
710662
701843
636657
617401
690429
779968
782135
703186
659332
727722
838775
858093
763763
686431
746093
886901
934509
821594
693756
736572
924743
1025054
886566
666198
669738
954406
1186981
1005340
521240
345886
996520
2265899
3271057
3220031
2154113
908569
332275
560455
1038299
1180358
925842
656402
679901
905700
1025573
908477
725036
699676
834869
937255
876190
735778
688415
773498
861816
831329
718383
658843
710388
786193
774780
681884
615264
641876
705932
707092
630157
559570
566589
619354
628875
565307
493041
484130
525848
540832
488769
416625
394653
425628
443756
401885
331268
298645
319152
338745
305908
238067
196838
207336
226928
202178
138183
90301
91308
109741
92224
32989
-19744
-27557
-11169
-22277
-75958
-131866
-147735
-134094
-139587
-187042
-244445
-267425
-257080
-257659
-298370
-355712
-384826
-378112
-374481
-408020
-463775
-497894
-495025
-487884
-513977
-566772
-604705
-605712
-595703
-614196
-662719
-703247
-708038
-695800
-706695
-749816
-791625
-800018
-786163
-789550
-826263
-868103
-879760
-864898
-861083
-890533
-931121
-945617
-930328
-919677
-941192
-979370
-996246
-981018
-964111
-977233
-1011810
-1030487
-1015869
-993377
-997802
-1027770
-1047637
-1034118
-1006805
-1002471
-1026916
-1047332
-1035339
-1004089
-991149
-1009246
-1029571
-1019500
-985321
-964111
-975189
-994750
-986907
-950836
-921936
-925506
-943603
-938293
-901428
-865539
-861297
-877288
-874664
-838165
-796203
-783966
-797149
-797363
-762329
-715393
-695159
-704895
-707946
-675537
-624786
-596710
-602386
-608184
-579467
-526275
-490661
-491699
-500061
-476013
-421783
-379119
-374938
-385498
-367065
-313293
-264221
-254272
-266601
-254577
-202789
-148101
-131835
-145324
-140380
-92193
-32775
-9704
-23620
-26275
16662
79803
110137
96710
86090
122192
187835
225952
214080
195312
222869
289703
336029
327056
300109
317352
383911
438964
434417
399444
404541
469116
533447
535247
492584
483489
544036
618377
628845
579101
553314
607482
692718
714996
658966
613342
657928
755462
793945
732788
662750
693298
805419
867004
802368
700561
709777
840789
937561
872406
724792
698547
857360
1015777
957031
729797
630950
841064
1142303
1119628
687042
327941
677856
1813598
3021453
3374206
2586975
1288116
425842
419036
892456
1186584
1036834
723052
636444
825775
1011901
968750
777893
684509
781555
918518
914123
780609
687225
735778
841644
856323
757568
666198
683593
766204
791168
716522
628295
623565
686981
717346
660858
576599
555236
602020
634582
592407
512817
478729
510559
543090
512542
438232
394348
412658
443420
422454
353973
302764
308715
336486
323425
261199
204742
199554
223327
216766
161163
101409
86242
105285
104003
55328
-6011
-29937
-16082
-13153
-54748
-116088
-147460
-139129
-132965
-167327
-227172
-264709
-261932
-253417
-280517
-337463
-379791
-382537
-372436
-392333
-445159
-490814
-498840
-487854
-500671
-548278
-595855
-608734
-597473
-603515
-644897
-692962
-710205
-699188
-698760
-733123
-780273
-801239
-790924
-784484
-811126
-856048
-880004
-870788
-858886
-877349
-918731
-944915
-937103
-920318
-930358
-967041
-994567
-988464
-967468
-968963
-999908
-1027923
-1023712
-999298
-992370
-1016693
-1044311
-1042053
-1015075
-1000000
-1016998
-1043304
-1043151
-1014465
-991729
-1000823
-1024993
-1026916
-997436
-967742
-968536
-989776
-993713
-964355
-928558
-920898
-938385
-944244
-915954
-875030
-858917
-871978
-879547
-853271
-808349
-783996
-791992
-801025
-777557
-729919
-697723
-700073
-710235
-690399
-641387
-601928
-598144
-609039
-593536
-544525
-498535
-488250
-499359
-488830
-441253
-389648
-372528
-383270
-378173
-333526
-277343
-253173
-262878
-263549
-223297
-163696
-132293
-140228
-146850
-112396
-50720
-12023
-17303
-29846
-2624
59661
105651
104003
85693
104339
165802
218963
222076
198394
207153
265991
326202
335357
306884
304473
358886
425903
442504
410156
395233
443145
516693
542510
507385
478607
517578
597351
634552
598205
553955
581085
666717
718078
682556
620819
632293
723419
792968
761138
679077
669403
765716
859680
836059
728881
689208
790466
919921
912414
771179
684356
790313
978881
1005523
809234
631713
740295
1057281
1181121
859558
396820
457244
1371734
2667388
3388519
2958007
1723083
625457
335418
721923
1136413
1128051
819366
627960
744873
968750
1010437
843566
693695
733093
881530
935638
830780
704284
705261
809692
866821
797790
687530
665100
738739
794830
749511
652099
613952
663726
716491
688049
601745
552642
582824
630676
614746
538482
481781
495330
537231
530700
463806
402038
401275
436431
436950
378936
314208
301055
328979
334625
285095
219238
195495
215850
225067
183654
118255
85571
98205
109710
76049
12512
-27435
-22399
-9735
-36041
-96435
-142120
-144439
-131561
-150848
-207000
-256805
-266052
-253753
-266479
-317352
-369689
-385314
-374237
-380859
-425628
-478912
-500213
-490875
-491851
-529785
-582580
-608703
-601501
-597381
-627929
-678741
-708740
-703948
-695312
-718048
-765563
-798431
-796203
-783660
-798370
-841278
-876007
-876342
-860565
-867126
-904388
-939819
-942779
-924407
-922912
-953521
-988586
-993988
-973724
-964508
-987640
-1021270
-1028930
-1007476
-990936
-1006042
-1037139
-1046844
-1024902
-1001647
-1008270
-1035888
-1047302
-1025604
-996398
-994323
-1017578
-1030334
-1009552
-975311
-964508
-982574
-996246
-977081
-938812
-919494
-931671
-945831
-928894
-887725
-860290
-865997
-880126
-865966
-823120
-788208
-786987
-800537
-789672
-746429
-704742
-696289
-708709
-701538
-659179
-611724
-595794
-606475
-603302
-563171
-510986
-487548
-495910
-496887
-460235
-404602
-373718
-379028
-384216
-352294
-294586
-256408
-258026
-267272
-241302
-182922
-137817
-134979
-148040
-129089
-71624
-19989
-11932
-28350
-17456
37475
95031
109161
90026
92010
142700
205566
226623
205596
197875
242492
309844
338775
316986
298889
335510
406402
444305
423065
394012
420501
493835
541961
522979
482452
496398
570922
630798
616210
563751
562225
636383
710021
702697
637695
616912
688690
778991
782989
704589
659149
725830
837341
858917
765686
686737
743957
884826
935150
824279
694824
734161
921539
1025299
890441
668792
666870
948730
1185913
1012145
528930
342651
978515
2243682
3261505
3230865
2176574
925750
334472
552459
1031921
1181945
931579
658874
677032
901947
1025604
911804
727233
698394
832244
936828
878387
737792
687927
771545
861145
832885
720214
658874
708923
785430
775878
683593
615631
640808
705169
707855
631713
560211
565856
618591
629394
566711
493835
483703
525146
541137
490051
417572
394470
424987
443939
403045
332305
298675
318603
338775
306915
239166
197082
206909
226867
203063
139312
90698
90972
109619
92956
34118
-19195
-27770
-11322
-21697
-74890
-131195
-147827
-134307
-139129
-186004
-243682
-267425
-257324
-257324
-297424
-354858
-384674
-378326
-374267
-407165
-462890
-497650
-495239
-487792
-513214
-565856
-604370
-605895
-595703
-613555
-661834
-702819
-708221
-695922
-706176
-748962
-791137
-800140
-786346
-789215
-825469
-867584
-879852
-865173
-860870
-889801
-930572
-945678
-930664
-919616
-940582
-978820
-996246
-981414
-964202
-976745
-1011260
-1030456
-1016296
-993591
-997436
-1027252
-1047576
-1034576
-1007171
-1002258
-1026397
-1047241
-1035797
-1004577
-991088
-1008819
-1029418
-1019958
-985900
-964202
-974822
-994567
-987335
-951507
-922149
-925231
-943420
-938690
-902160
-865936
-861114
-877044
-875000
-838928
-796722
-783874
-796905
-797637
-763153
-716033
-695159
-704650
-708160
-676330
-625579
-596862
-602172
-608337
-580261
-527160
-490936
-491485
-500091
-476745
-422729
-379547
-374755
-385467
-367736
-314300
-264770
-254150
-266479
-255157
-203857
-148773
-131744
-145111
-140838
-93261
-33569
-9704
-23315
-26580
15625
78887
110046
97076
85937
121185
186798
225738
214538
195343
221923
288574
335723
327545
300323
316558
382659
438507
434936
399871
403900
467773
532806
535766
493255
483032
542663
617492
629333
580017
553100
606018
691558
715393
660156
613433
656433
753997
794219
734283
663299
691802
803558
867004
804199
701690
708343
838287
937164
874725
726806
697235
853912
1014526
960052
733520
630065
835571
1138885
1124053
695739
329498
664367
1790893
3005981
3378295
2607330
1308807
433288
413269
884307
1185424
1042022
727264
635131
821655
1010437
971343
780944
684387
778930
917053
915649
783050
687652
734008
840301
857238
759582
666931
682434
764953
791687
718261
629272
622833
685882
717590
662322
577697
554901
601074
634613
593658
514007
478668
509765
542968
513610
439453
394561
412017
443237
423339
355194
303161
308258
336212
324157
262390
205322
199249
223022
217346
162322
102111
86090
104980
104431
56427
-5187
-29937
-16387
-12847
-53710
-115173
-147338
-139404
-132781
-166412
-226196
-264434
-262176
-253356
-279693
-336486
-379394
-382720
-372436
-391632
-444183
-490356
-498962
-487945
-500122
-547332
-595306
-608825
-597625
-603088
-644012
-692352
-710235
-699401
-698486
-732299
-779602
-801208
-791198
-784362
-810424
-855346
-879913
-871093
-858886
-876770
-918060
-944763
-937438
-920440
-929901
-966369
-994354
-988800
-967742
-968658
-999298
-1027709
-1024047
-999664
-992187
-1016143
-1044036
-1042388
-1015563
-1000000
-1016510
-1043029
-1043457
-1015014
-991882
-1000427
-1024688
-1027191
-998046
-968048
-968261
-989440
-993927
-965026
-928985
-920745
-938079
-944427
-916656
-875610
-858886
-871704
-879699
-853973
-809051
-784118
-791717
-801086
-778259
-730712
-697967
-699859
-710235
-691070
-642242
-602294
-597961
-608978
-594146
-545471
-499053
-488159
-499237
-489349
-442230
-390319
-372497
-383087
-378601
-334533
-278137
-253204
-262664
-263854
-224273
-164611
-132446
-139953
-147003
-113342
-51727
-12298
-16998
-29907
-3509
58593
105255
104339
85815
103576
164642
218444
222412
198669
206512
264801
325531
335662
307342
304016
357635
425079
442779
410766
394989
441894
515686
542694
508178
478607
516387
596130
634582
599151
554260
579925
665252
717926
683654
621490
631256
721710
792572
762451
680175
668548
763671
858917
837493
730560
688629
787994
918518
914031
773742
684295
787170
976409
1007232
813354
632781
735870
1052246
1182708
867858
402160
449005
1350646
2647521
3385467
2974243
1745635
638183
333251
713195
1132415
1131774
824737
628570
741027
965911
1011871
847015
694824
730957
879302
936187
833312
705596
704040
807891
866943
799743
688934
664459
737243
794647
751007
653533
613769
662536
716156
689239
603149
552764
581878
630249
615692
539886
482177
494628
536743
531433
465118
402648
400787
435943
437469
380187
314971
300811
328521
335021
286254
220123
195434
215393
225311
184692
119232
85662
97839
109832
76995
13549
-27160
-22705
-9704
-35186
-95367
-141693
-144683
-131622
-150146
-205963
-256256
-266204
-253875
-265899
-316345
-369049
-385375
-374420
-380401
-424652
-478210
-500183
-491088
-491546
-528900
-581817
-608581
-601715
-597198
-627136
-677947
-708557
-704193
-695251
-717376
-764739
-798187
-796447
-783721
-797790
-840515
-875671
-876586
-860748
-866729
-903656
-939453
-942993
-924682
-922668
-952850
-988189
-994201
-974090
-964385
-987060
-1020843
-1029113
-1007934
-990997
-1005554
-1036712
-1046997
-1025421
-1001861
-1007904
-1035461
-1047424
-1026153
-996734
-994079
-1017150
-1030364
-1010131
-975769
-964385
-982177
-996246
-977661
-939392
-919525
-931335
-945770
-929443
-888427
-860473
-865722
-880035
-866516
-823913
-788513
-786773
-800415
-790191
-747283
-705230
-696136
-708557
-701965
-660064
-612304
-595764
-606292
-603668
-564056
-511718
-487609
-495697
-497161
-461120
-405456
-373901
-378784
-384368
-353179
-295532
-256713
-257781
-267333
-242095
-183959
-138244
-134735
-147979
-129821
-72692
-20538
-11718
-28167
-18035
36346
94360
109344
90332
91552
141571
204742
226715
206024
197601
241394
308868
338806
317535
298797
334442
405273
444183
423706
394134
419494
492584
541717
523712
482849
495544
569519
630340
617004
564422
561523
634826
709320
703552
638702
616455
686981
777984
783843
706024
659027
723937
835876
859710
767639
687072
741882
882690
935760
826934
695953
731811
918304
1025482
894317
671478
664123
943023
1184722
1018859
536682
339691
960723
2221374
3251586
3241394
2199005
943145
336944
544525
1025451
1183380
937286
661437
674224
898132
1025573
915069
729492
697143
829589
936309
880554
739807
687469
769592
860443
834381
722076
658935
707489
784667
776947
685272
616027
639739
704376
708587
633270
560852
565124
617797
629882
568115
494689
483276
524444
541442
491333
418518
394287
424346
444061
404174
333374
298736
318084
338806
307891
240264
197326
206481
226806
203887
140441
91125
90667
109497
93658
35217
-18615
-27954
-11535
-21118
-73791
-130523
-147888
-134521
-138671
-184967
-242889
-267364
-257537
-257019
-296478
-354034
-384521
-378570
-374084
-406311
-462005
-497406
-495452
-487701
-512481
-564971
-604034
-606109
-595733
-612945
-660949
-702392
-708374
-696014
-705688
-748107
-790679
-800292
-786560
-788848
-824707
-867065
-879943
-865447
-860656
-889099
-930023
-945739
-930999
-919586
-940002
-978240
-996246
-981781
-964294
-976257
-1010681
-1030426
-1016723
-993835
-997100
-1026702
-1047485
-1035034
-1007507
-1002044
-1025909
-1047119
-1036254
-1005065
-991027
-1008361
-1029266
-1020385
-986480
-964294
-974456
-994384
-987762
-952178
-922393
-924957
-943206
-939086
-902923
-866333
-860931
-876831
-875366
-839721
-797271
-783813
-796661
-797912
-763946
-716705
-695220
-704406
-708374
-677154
-626342
-597015
-601928
-608459
-581024
-528015
-491241
-491302
-500152
-477478
-423675
-379974
-374603
-385437
-368408
-315338
-265319
-253997
-266357
-255706
-204895
-149444
-131683
-144897
-141265
-94329
-34362
-9704
-23010
-26885
14587
77941
109954
97473
85784
120208
185760
225555
214965
195373
221038
287414
335388
328033
300567
315765
381408
437988
435455
400329
403259
466461
532135
536254
493927
482574
541259
616607
629821
580963
552917
604583
690429
715789
661346
613586
654968
752502
794464
735778
663848
690368
801635
867004
806060
702850
706939
835815
936706
877014
728881
696014
850463
1013244
963012
737243
629272
830139
1135375
1128295
704467
331268
651153
1768249
2990234
3382049
2627502
1329650
441009
407623
876129
1184143
1047180
731536
633911
817504
1008880
973907
784027
684295
776336
915557
917114
785522
688140
732269
838897
858093
761627
667724
681274
763702
792144
719970
630249
622161
684783
717773
663787
578796
554565
600097
634613
594909
515167
478637
508972
542846
514648
440673
394744
411376
442993
424224
356414
303558
307800
335937
324859
263610
205902
198944
222717
217895
163482
102844
85937
104675
104858
57495
-4333
-29907
-16693
-12573
-52703
-114257
-147186
-139678
-132598
-165496
-225250
-264160
-262420
-253265
-278900
-335510
-378997
-382904
-372467
-390960
-443206
-489837
-499114
-488037
-499603
-546386
-594726
-608917
-597808
-602691
-643127
-691711
-710235
-699615
-698211
-731506
-778930
-801147
-791442
-784210
-809722
-854675
-879791
-871398
-858886
-876190
-917358
-944580
-937744
-920593
-929443
-965698
-994171
-989105
-967987
-968322
-998687
-1027435
-1024353
-1000061
-992034
-1015563
-1043731
-1042694
-1016021
-1000000
-1016021
-1042694
-1043731
-1015563
-992034
-1000061
-1024353
-1027435
-998687
-968322
-967987
-989105
-994171
-965698
-929443
-920593
-937744
-944580
-917358
-876190
-858886
-871398
-879791
-854675
-809722
-784210
-791442
-801147
-778930
-731506
-698211
-699615
-710235
-691711
-643127
-602691
-597808
-608917
-594726
-546386
-499603
-488037
-499114
-489837
-443206
-390960
-372467
-382904
-378997
-335510
-278900
-253265
-262420
-264160
-225250
-165496
-132598
-139678
-147186
-114257
-52703
-12573
-16693
-29907
-4333
57495
104858
104675
85937
102844
163482
217895
222717
198944
205902
263610
324859
335937
307800
303558
356414
424224
442993
411376
394744
440673
514648
542846
508972
478637
515167
594909
634613
600097
554565
578796
663787
717773
684783
622161
630249
719970
792144
763702
681274
667724
761627
858093
838897
732269
688140
785522
917114
915557
776336
684295
784027
973907
1008880
817504
633911
731536
1047180
1184143
876129
407623
441009
1329650
2627502
3382049
2990234
1768249
651153
331268
704467
1128295
1135375
830139
629272
737243
963012
1013244
850463
696014
728881
877014
936706
835815
706939
702850
806060
867004
801635
690368
663848
735778
794464
752502
654968
613586
661346
715789
690429
604583
552917
580963
629821
616607
541259
482574
493927
536254
532135
466461
403259
400329
435455
437988
381408
315765
300567
328033
335388
287414
221038
195373
214965
225555
185760
120208
85784
97473
109954
77941
14587
-26885
-23010
-9704
-34362
-94329
-141265
-144897
-131683
-149444
-204895
-255706
-266357
-253997
-265319
-315338
-368408
-385437
-374603
-379974
-423675
-477478
-500152
-491302
-491241
-528015
-581024
-608459
-601928
-597015
-626342
-677154
-708374
-704406
-695220
-716705
-763946
-797912
-796661
-783813
-797271
-839721
-875366
-876831
-860931
-866333
-902923
-939086
-943206
-924957
-922393
-952178
-987762
-994384
-974456
-964294
-986480
-1020385
-1029266
-1008361
-991027
-1005065
-1036254
-1047119
-1025909
-1002044
-1007507
-1035034
-1047485
-1026702
-997100
-993835
-1016723
-1030426
-1010681
-976257
-964294
-981781
-996246
-978240
-940002
-919586
-930999
-945739
-930023
-889099
-860656
-865447
-879943
-867065
-824707
-788848
-786560
-800292
-790679
-748107
-705688
-696014
-708374
-702392
-660949
-612945
-595733
-606109
-604034
-564971
-512481
-487701
-495452
-497406
-462005
-406311
-374084
-378570
-384521
-354034
-296478
-257019
-257537
-267364
-242889
-184967
-138671
-134521
-147888
-130523
-73791
-21118
-11535
-27954
-18615
35217
93658
109497
90667
91125
140441
203887
226806
206481
197326
240264
307891
338806
318084
298736
333374
404174
444061
424346
394287
418518
491333
541442
524444
483276
494689
568115
629882
617797
565124
560852
633270
708587
704376
639739
616027
685272
776947
784667
707489
658935
722076
834381
860443
769592
687469
739807
880554
936309
829589
697143
729492
915069
1025573
898132
674224
661437
937286
1183380
1025451
544525
336944
943145
2199005
3241394
3251586
2221374
960723
339691
536682
1018859
1184722
943023
664123
671478
894317
1025482
918304
731811
695953
826934
935760
882690
741882
687072
767639
859710
835876
723937
659027
706024
783843
777984
686981
616455
638702
703552
709320
634826
561523
564422
617004
630340
569519
495544
482849
523712
541717
492584
419494
394134
423706
444183
405273
334442
298797
317535
338806
308868
241394
197601
206024
226715
204742
141571
91552
90332
109344
94360
36346
-18035
-28167
-11718
-20538
-72692
-129821
-147979
-134735
-138244
-183959
-242095
-267333
-257781
-256713
-295532
-353179
-384368
-378784
-373901
-405456
-461120
-497161
-495697
-487609
-511718
-564056
-603668
-606292
-595764
-612304
-660064
-701965
-708557
-696136
-705230
-747283
-790191
-800415
-786773
-788513
-823913
-866516
-880035
-865722
-860473
-888427
-929443
-945770
-931335
-919525
-939392
-977661
-996246
-982177
-964385
-975769
-1010131
-1030364
-1017150
-994079
-996734
-1026153
-1047424
-1035461
-1007904
-1001861
-1025421
-1046997
-1036712
-1005554
-990997
-1007934
-1029113
-1020843
-987060
-964385
-974090
-994201
-988189
-952850
-922668
-924682
-942993
-939453
-903656
-866729
-860748
-876586
-875671
-840515
-797790
-783721
-796447
-798187
-764739
-717376
-695251
-704193
-708557
-677947
-627136
-597198
-601715
-608581
-581817
-528900
-491546
-491088
-500183
-478210
-424652
-380401
-374420
-385375
-369049
-316345
-265899
-253875
-266204
-256256
-205963
-150146
-131622
-144683
-141693
-95367
-35186
-9704
-22705
-27160
13549
76995
109832
97839
85662
119232
184692
225311
215393
195434
220123
286254
335021
328521
300811
314971
380187
437469
435943
400787
402648
465118
531433
536743
494628
482177
539886
615692
630249
581878
552764
603149
689239
716156
662536
613769
653533
751007
794647
737243
664459
688934
799743
866943
807891
704040
705596
833312
936187
879302
730957
694824
847015
1011871
965911
741027
628570
824737
1131774
1132415
713195
333251
638183
1745635
2974243
3385467
2647521
1350646
449005
402160
867858
1182708
1052246
735870
632781
813354
1007232
976409
787170
684295
773742
914031
918518
787994
688629
730560
837493
858917
763671
668548
680175
762451
792572
721710
631256
621490
683654
717926
665252
579925
554260
599151
634582
596130
516387
478607
508178
542694
515686
441894
394989
410766
442779
425079
357635
304016
307342
335662
325531
264801
206512
198669
222412
218444
164642
103576
85815
104339
105255
58593
-3509
-29907
-16998
-12298
-51727
-113342
-147003
-139953
-132446
-164611
-224273
-263854
-262664
-253204
-278137
-334533
-378601
-383087
-372497
-390319
-442230
-489349
-499237
-488159
-499053
-545471
-594146
-608978
-597961
-602294
-642242
-691070
-710235
-699859
-697967
-730712
-778259
-801086
-791717
-784118
-809051
-853973
-879699
-871704
-858886
-875610
-916656
-944427
-938079
-920745
-928985
-965026
-993927
-989440
-968261
-968048
-998046
-1027191
-1024688
-1000427
-991882
-1015014
-1043457
-1043029
-1016510
-1000000
-1015563
-1042388
-1044036
-1016143
-992187
-999664
-1024047
-1027709
-999298
-968658
-967742
-988800
-994354
-966369
-929901
-920440
-937438
-944763
-918060
-876770
-858886
-871093
-879913
-855346
-810424
-784362
-791198
-801208
-779602
-732299
-698486
-699401
-710235
-692352
-644012
-603088
-597625
-608825
-595306
-547332
-500122
-487945
-498962
-490356
-444183
-391632
-372436
-382720
-379394
-336486
-279693
-253356
-262176
-264434
-226196
-166412
-132781
-139404
-147338
-115173
-53710
-12847
-16387
-29937
-5187
56427
104431
104980
86090
102111
162322
217346
223022
199249
205322
262390
324157
336212
308258
303161
355194
423339
443237
412017
394561
439453
513610
542968
509765
478668
514007
593658
634613
601074
554901
577697
662322
717590
685882
622833
629272
718261
791687
764953
682434
666931
759582
857238
840301
734008
687652
783050
915649
917053
778930
684387
780944
971343
1010437
821655
635131
727264
1042022
1185424
884307
413269
433288
1308807
2607330
3378295
3005981
1790893
664367
329498
695739
1124053
1138885
835571
630065
733520
960052
1014526
853912
697235
726806
874725
937164
838287
708343
701690
804199
867004
803558
691802
663299
734283
794219
753997
656433
613433
660156
715393
691558
606018
553100
580017
629333
617492
542663
483032
493255
535766
532806
467773
403900
399871
434936
438507
382659
316558
300323
327545
335723
288574
221923
195343
214538
225738
186798
121185
85937
97076
110046
78887
15625
-26580
-23315
-9704
-33569
-93261
-140838
-145111
-131744
-148773
-203857
-255157
-266479
-254150
-264770
-314300
-367736
-385467
-374755
-379547
-422729
-476745
-500091
-491485
-490936
-527160
-580261
-608337
-602172
-596862
-625579
-676330
-708160
-704650
-695159
-716033
-763153
-797637
-796905
-783874
-796722
-838928
-875000
-877044
-861114
-865936
-902160
-938690
-943420
-925231
-922149
-951507
-987335
-994567
-974822
-964202
-985900
-1019958
-1029418
-1008819
-991088
-1004577
-1035797
-1047241
-1026397
-1002258
-1007171
-1034576
-1047576
-1027252
-997436
-993591
-1016296
-1030456
-1011260
-976745
-964202
-981414
-996246
-978820
-940582
-919616
-930664
-945678
-930572
-889801
-860870
-865173
-879852
-867584
-825469
-789215
-786346
-800140
-791137
-748962
-706176
-695922
-708221
-702819
-661834
-613555
-595703
-605895
-604370
-565856
-513214
-487792
-495239
-497650
-462890
-407165
-374267
-378326
-384674
-354858
-297424
-257324
-257324
-267425
-243682
-186004
-139129
-134307
-147827
-131195
-74890
-21697
-11322
-27770
-19195
34118
92956
109619
90972
90698
139312
203063
226867
206909
197082
239166
306915
338775
318603
298675
332305
403045
443939
424987
394470
417572
490051
541137
525146
483703
493835
566711
629394
618591
565856
560211
631713
707855
705169
640808
615631
683593
775878
785430
708923
658874
720214
832885
861145
771545
687927
737792
878387
936828
832244
698394
727233
911804
1025604
901947
677032
658874
931579
1181945
1031921
552459
334472
925750
2176574
3230865
3261505
2243682
978515
342651
528930
1012145
1185913
948730
666870
668792
890441
1025299
921539
734161
694824
824279
935150
884826
743957
686737
765686
858917
837341
725830
659149
704589
782989
778991
688690
616912
637695
702697
710021
636383
562225
563751
616210
630798
570922
496398
482452
522979
541961
493835
420501
394012
423065
444305
406402
335510
298889
316986
338775
309844
242492
197875
205596
226623
205566
142700
92010
90026
109161
95031
37475
-17456
-28350
-11932
-19989
-71624
-129089
-148040
-134979
-137817
-182922
-241302
-267272
-258026
-256408
-294586
-352294
-384216
-379028
-373718
-404602
-460235
-496887
-495910
-487548
-510986
-563171
-603302
-606475
-595794
-611724
-659179
-701538
-708709
-696289
-704742
-746429
-789672
-800537
-786987
-788208
-823120
-865966
-880126
-865997
-860290
-887725
-928894
-945831
-931671
-919494
-938812
-977081
-996246
-982574
-964508
-975311
-1009552
-1030334
-1017578
-994323
-996398
-1025604
-1047302
-1035888
-1008270
-1001647
-1024902
-1046844
-1037139
-1006042
-990936
-1007476
-1028930
-1021270
-987640
-964508
-973724
-993988
-988586
-953521
-922912
-924407
-942779
-939819
-904388
-867126
-860565
-876342
-876007
-841278
-798370
-783660
-796203
-798431
-765563
-718048
-695312
-703948
-708740
-678741
-627929
-597381
-601501
-608703
-582580
-529785
-491851
-490875
-500213
-478912
-425628
-380859
-374237
-385314
-369689
-317352
-266479
-253753
-266052
-256805
-207000
-150848
-131561
-144439
-142120
-96435
-36041
-9735
-22399
-27435
12512
76049
109710
98205
85571
118255
183654
225067
215850
195495
219238
285095
334625
328979
301055
314208
378936
436950
436431
401275
402038
463806
530700
537231
495330
481781
538482
614746
630676
582824
552642
601745
688049
716491
663726
613952
652099
749511
794830
738739
665100
687530
797790
866821
809692
705261
704284
830780
935638
881530
733093
693695
843566
1010437
968750
744873
627960
819366
1128051
1136413
721923
335418
625457
1723083
2958007
3388519
2667388
1371734
457244
396820
859558
1181121
1057281
740295
631713
809234
1005523
978881
790313
684356
771179
912414
919921
790466
689208
728881
836059
859680
765716
669403
679077
761138
792968
723419
632293
620819
682556
718078
666717
581085
553955
598205
634552
597351
517578
478607
507385
542510
516693
443145
395233
410156
442504
425903
358886
304473
306884
335357
326202
265991
207153
198394
222076
218963
165802
104339
85693
104003
105651
59661
-2624
-29846
-17303
-12023
-50720
-112396
-146850
-140228
-132293
-163696
-223297
-263549
-262878
-253173
-277343
-333526
-378173
-383270
-372528
-389648
-441253
-488830
-499359
-488250
-498535
-544525
-593536
-609039
-598144
-601928
-641387
-690399
-710235
-700073
-697723
-729919
-777557
-801025
-791992
-783996
-808349
-853271
-879547
-871978
-858917
-875030
-915954
-944244
-938385
-920898
-928558
-964355
-993713
-989776
-968536
-967742
-997436
-1026916
-1024993
-1000823
-991729
-1014465
-1043151
-1043304
-1016998
-1000000
-1015075
-1042053
-1044311
-1016693
-992370
-999298
-1023712
-1027923
-999908
-968963
-967468
-988464
-994567
-967041
-930358
-920318
-937103
-944915
-918731
-877349
-858886
-870788
-880004
-856048
-811126
-784484
-790924
-801239
-780273
-733123
-698760
-699188
-710205
-692962
-644897
-603515
-597473
-608734
-595855
-548278
-500671
-487854
-498840
-490814
-445159
-392333
-372436
-382537
-379791
-337463
-280517
-253417
-261932
-264709
-227172
-167327
-132965
-139129
-147460
-116088
-54748
-13153
-16082
-29937
-6011
55328
104003
105285
86242
101409
161163
216766
223327
199554
204742
261199
323425
336486
308715
302764
353973
422454
443420
412658
394348
438232
512542
543090
510559
478729
512817
592407
634582
602020
555236
576599
660858
717346
686981
623565
628295
716522
791168
766204
683593
666198
757568
856323
841644
735778
687225
780609
914123
918518
781555
684509
777893
968750
1011901
825775
636444
723052
1036834
1186584
892456
419036
425842
1288116
2586975
3374206
3021453
1813598
677856
327941
687042
1119628
1142303
841064
630950
729797
957031
1015777
857360
698547
724792
872406
937561
840789
709777
700561
802368
867004
805419
693298
662750
732788
793945
755462
657928
613342
658966
714996
692718
607482
553314
579101
628845
618377
544036
483489
492584
535247
533447
469116
404541
399444
434417
438964
383911
317352
300109
327056
336029
289703
222869
195312
214080
225952
187835
122192
86090
96710
110137
79803
16662
-26275
-23620
-9704
-32775
-92193
-140380
-145324
-131835
-148101
-202789
-254577
-266601
-254272
-264221
-313293
-367065
-385498
-374938
-379119
-421783
-476013
-500061
-491699
-490661
-526275
-579467
-608184
-602386
-596710
-624786
-675537
-707946
-704895
-695159
-715393
-762329
-797363
-797149
-783966
-796203
-838165
-874664
-877288
-861297
-865539
-901428
-938293
-943603
-925506
-921936
-950836
-986907
-994750
-975189
-964111
-985321
-1019500
-1029571
-1009246
-991149
-1004089
-1035339
-1047332
-1026916
-1002471
-1006805
-1034118
-1047637
-1027770
-997802
-993377
-1015869
-1030487
-1011810
-977233
-964111
-981018
-996246
-979370
-941192
-919677
-930328
-945617
-931121
-890533
-861083
-864898
-879760
-868103
-826263
-789550
-786163
-800018
-791625
-749816
-706695
-695800
-708038
-703247
-662719
-614196
-595703
-605712
-604705
-566772
-513977
-487884
-495025
-497894
-463775
-408020
-374481
-378112
-384826
-355712
-298370
-257659
-257080
-267425
-244445
-187042
-139587
-134094
-147735
-131866
-75958
-22277
-11169
-27557
-19744
32989
92224
109741
91308
90301
138183
202178
226928
207336
196838
238067
305908
338745
319152
298645
331268
401885
443756
425628
394653
416625
488769
540832
525848
484130
493041
565307
628875
619354
566589
559570
630157
707092
705932
641876
615264
681884
774780
786193
710388
658843
718383
831329
861816
773498
688415
735778
876190
937255
834869
699676
725036
908477
1025573
905700
679901
656402
925842
1180358
1038299
560455
332275
908569
2154113
3220031
3271057
2265899
996520
345886
521240
1005340
1186981
954406
669738
666198
886566
1025054
924743
736572
693756
821594
934509
886901
746093
686431
763763
858093
838775
727722
659332
703186
782135
779968
690429
617401
636657
701843
710662
637908
562957
563079
615386
631225
572326
497283
482086
522216
542205
495086
421508
393890
422393
444396
407501
336578
298980
316436
338775
310791
243621
198181
205169
226501
206359
143829
92468
89721
109008
95703
38574
-16815
-28503
-12145
-19470
-70556
-128356
-148071
-135192
-137420
-181915
-240478
-267211
-258239
-256134
-293640
-351440
-384033
-379272
-373535
-403778
-459320
-496582
-496093
-487518
-510284
-562255
-602935
-606658
-595855
-611114
-658294
-701080
-708862
-696411
-704284
-745574
-789154
-800628
-787200
-787872
-822357
-865417
-880187
-866302
-860137
-887023
-928283
-945831
-932037
-919464
-938232
-976501
-996215
-982971
-964630
-974853
-1008972
-1030242
-1017974
-994567
-996093
-1025054
-1047210
-1036346
-1008636
-1001495
-1024414
-1046691
-1037567
-1006530
-990905
-1007049
-1028778
-1021667
-988250
-964630
-973358
-993774
-988983
-954193
-923187
-924133
-942535
-940185
-905120
-867553
-860412
-876129
-876312
-842071
-798919
-783630
-795928
-798675
-766357
-718750
-695404
-703704
-708923
-679534
-628723
-597595
-601257
-608795
-583343
-530700
-492187
-490692
-500213
-479614
-426574
-381317
-374084
-385253
-370300
-318389
-267059
-253662
-265899
-257324
-208038
-151580
-131530
-144195
-142517
-97473
-36865
-9796
-22094
-27709
11505
75073
109588
98602
85449
117279
182556
224822
216278
195587
218383
283935
334259
329467
301330
313476
377655
436401
436920
401733
401458
462493
529968
537689
496032
481414
537109
613800
631103
583770
552520
600341
686828
716796
664916
614196
650695
747985
794952
740203
665740
686157
795867
866699
811492
706512
703002
828277
935028
883728
735260
692657
840118
1008911
971557
748718
627471
814025
1124237
1140258
730651
337829
612976
1700561
2941528
3391204
2687072
1392974
465789
391662
851196
1179412
1062225
744781
630767
805084
1003753
981262
793487
684448
768615
910797
921234
792968
689819
727203
834564
860412
767761
670288
678009
759857
793334
725128
633331
620208
681396
718200
668151
582244
553680
597229
634490
598571
518798
478637
506591
542327
517700
444396
395507
409515
442230
426727
360107
304931
306427
335021
326873
267211
207794
198120
221740
219451
166931
105133
85601
103668
106018
60760
-1770
-29815
-17608
-11779
-49743
-111450
-146636
-140502
-132171
-162841
-222320
-263214
-263122
-253112
-276580
-332550
-377746
-383453
-372589
-389007
-440277
-488281
-499481
-488372
-498046
-543579
-592926
-609069
-598327
-601562
-640502
-689727
-710235
-700317
-697479
-729125
-776855
-800933
-792266
-783905
-807678
-852539
-879425
-872283
-858978
-874481
-915252
-944061
-938690
-921051
-928131
-963684
-993469
-990081
-968811
-967468
-996826
-1026641
-1025299
-1001190
-991607
-1013916
-1042846
-1043609
-1017456
-1000030
-1014617
-1041748
-1044555
-1017242
-992523
-998931
-1023345
-1028167
-1000549
-969299
-967224
-988128
-994750
-967681
-930816
-920196
-936798
-945037
-919403
-877960
-858886
-870483
-880096
-856719
-811859
-784637
-790649
-801269
-780914
-733917
-699066
-698974
-710174
-693572
-645782
-603942
-597320
-608642
-596405
-549224
-501251
-487762
-498687
-491302
-446136
-393005
-372436
-382324
-380157
-338439
-281341
-253540
-261688
-264953
-228118
-168243
-133178
-138854
-147613
-116973
-55755
-13488
-15777
-29907
-6805
54229
103576
105590
86395
100708
160003
216186
223632
199890
204193
260009
322692
336730
309204
302368
352752
421569
443634
413299
394195
437042
511474
543182
511352
478820
511688
591125
634521
602966
555633
575531
659362
717102
688079
624298
627380
714782
790649
767425
684783
665496
755523
855407
842987
737548
686859
778198
912567
919921
784179
684692
774871
966094
1013336
829925
637847
718902
1031616
1187591
900512
424987
418640
1267547
2566467
3369750
3036682
1836303
691589
326629
678344
1115112
1145629
846557
631958
726135
953948
1016937
860809
699920
722808
870056
937927
843261
711242
699493
800476
866943
807281
694793
662261
731292
793670
756896
659423
613250
657775
714569
693817
608947
553558
578216
628326
619232
545440
483947
491943
534698
534088
470428
405212
399017
433898
439422
385162
318176
299896
326568
336334
290832
223785
195312
213623
226104
188873
123199
86273
96313
110198
80718
17700
-25939
-23925
-9735
-31982
-91125
-139923
-145538
-131927
-147430
-201751
-253997
-266723
-254425
-263702
-312286
-366394
-385528
-375122
-378723
-420837
-475250
-499969
-491912
-490386
-525390
-578674
-608032
-602630
-596557
-624023
-674713
-707702
-705139
-695129
-714752
-761505
-797058
-797363
-784057
-795684
-837371
-874298
-877502
-861511
-865173
-900695
-937866
-943817
-925811
-921691
-950164
-986450
-994903
-975585
-964050
-984741
-1019012
-1029693
-1009704
-991241
-1003631
-1034881
-1047424
-1027404
-1002716
-1006469
-1033660
-1047698
-1028320
-998168
-993164
-1015441
-1030487
-1012359
-977722
-964050
-980621
-996215
-979919
-941802
-919769
-929962
-945556
-931671
-891235
-861297
-864624
-879638
-868621
-827056
-789947
-785980
-799865
-792083
-750671
-707183
-695709
-707855
-703613
-663604
-614837
-595703
-605499
-605010
-567657
-514739
-487976
-494812
-498107
-464660
-408905
-374694
-377868
-384948
-356536
-299346
-258026
-256866
-267456
-245208
-188079
-140045
-133880
-147613
-132537
-77056
-22888
-10986
-27343
-20294
31860
91491
109863
91644
89904
137084
201324
226959
207794
196624
236999
304901
338684
319702
298614
330261
400756
443572
426239
394866
415679
487487
540466
526550
484588
492248
563873
628326
620086
567321
558990
628601
706298
706695
642944
614929
680206
773651
786926
711853
658874
716552
829772
862426
775451
688934
733795
873992
937652
837493
701019
722900
905181
1025421
909423
682830
654022
920104
1178649
1044586
568542
330291
891601
2131561
3208862
3280303
2288055
1014709
349395
513641
998443
1187896
960083
672668
663665
882659
1024719
927917
739044
692718
818939
933776
888946
748229
686157
761810
857269
840148
729644
659515
701782
781250
780944
692138
617919
635681
700958
711303
639465
563690
562408
614562
631622
573730
498199
481719
521484
542419
496337
422515
393768
421752
444458
408569
337677
299102
315917
338714
311737
244750
198486
204772
226379
207153
144989
92956
89447
108825
96374
39703
-16204
-28686
-12359
-18951
-69458
-127624
-148132
-135437
-137023
-180908
-239654
-267120
-258483
-255859
-292724
-350555
-383819
-379486
-373382
-402954
-458404
-496307
-496307
-487457
-509582
-561340
-602539
-606842
-595886
-610534
-657409
-700622
-708984
-696563
-703857
-744720
-788635
-800750
-787414
-787567
-821594
-864837
-880249
-866577
-859985
-886352
-927703
-945861
-932373
-919464
-937652
-975891
-996185
-983337
-964752
-974395
-1008392
-1030181
-1018402
-994842
-995758
-1024505
-1047088
-1036773
-1009033
-1001312
-1023895
-1046539
-1037994
-1007019
-990905
-1006622
-1028564
-1022094
-988830
-964752
-973022
-993560
-989379
-954864
-923492
-923858
-942291
-940521
-905853
-867980
-860260
-875854
-876586
-842834
-799499
-783569
-795684
-798919
-767150
-719451
-695465
-703460
-709075
-680297
-629516
-597778
-601043
-608886
-584075
-531585
-492523
-490478
-500213
-480316
-427551
-381774
-373931
-385162
-370910
-319396
-267669
-253570
-265747
-257812
-209075
-152313
-131500
-143951
-142913
-98510
-37719
-9857
-21759
-27954
10498
74127
109436
98968
85388
116333
181488
224548
216705
195678
217529
282745
333831
329925
301635
312744
376403
435821
437377
402252
400909
461151
529205
538146
496734
481048
535736
612823
631469
584716
552459
598937
685607
717071
666137
614440
649322
746429
795074
741668
666442
684814
793914
866485
813262
707794
701782
825744
934356
885894
737457
691650
836700
1007354
974273
752593
627075
808746
1120330
1143981
739379
340423
600769
1678100
2924774
3393524
2706573
1414337
474578
386657
842803
1177551
1067138
749359
629913
800964
1001892
983612
796691
684631
766082
909118
922546
795471
690460
725555
833068
861145
769805
671203
676940
758514
793670
726837
634429
619598
680267
718261
669586
583435
553466
596252
634399
599761
520050
478698
505828
542114
518707
445648
395812
408935
441955
427520
361358
305419
305999
334686
327514
268402
208435
197845
221405
219970
168090
105895
85479
103332
106384
61828
-885
-29754
-17944
-11535
-48767
-110504
-146453
-140777
-132049
-161956
-221313
-262878
-263336
-253112
-275848
-331542
-377288
-383636
-372650
-388397
-439300
-487731
-499572
-488494
-497528
-542633
-592315
-609130
-598510
-601196
-639617
-689056
-710205
-700561
-697265
-728332
-776153
-800842
-792541
-783813
-806976
-851837
-879272
-872589
-859008
-873931
-914550
-943847
-938995
-921234
-927703
-963012
-993225
-990386
-969116
-967193
-996185
-1026336
-1025604
-1001586
-991485
-1013366
-1042510
-1043884
-1017944
-1000061
-1014160
-1041381
-1044830
-1017822
-992736
-998596
-1023010
-1028381
-1001159
-969635
-966979
-987762
-994934
-968353
-931304
-920074
-936462
-945159
-920074
-878570
-858917
-870178
-880157
-857391
-812561
-784790
-790405
-801269
-781585
-734741
-699371
-698760
-710144
-694183
-646667
-604370
-597167
-608551
-596954
-550170
-501831
-487701
-498535
-491760
-447113
-393707
-372436
-382141
-380523
-339416
-282165
-253631
-261444
-265197
-229034
-169158
-133392
-138580
-147705
-117858
-56793
-13824
-15472
-29876
-7629
53131
103088
105895
86578
100006
158843
215576
223907
200225
203643
258789
321929
336975
309692
302001
351562
420654
443786
413940
394042
435852
510375
543243
512145
478912
510528
589843
634460
603881
556030
574493
657867
716827
689147
625061
626495
713043
790100
768615
685974
664794
753479
854431
844268
739318
686523
775756
910980
921295
786834
684967
771881
963409
1014648
834045
639343
714874
1026336
1188446
908508
431060
411712
1247100
2545806
3364929
3051635
1859008
705535
325500
669677
1110443
1148834
852111
633056
722503
950805
1018035
864257
701324
720855
867675
938232
845703
712768
698455
798614
866821
809143
696319
661804
729766
793334
758300
660919
613189
656616
714111
694915
610412
553802
577301
627807
620056
546844
484466
491302
534149
534698
471771
405914
398620
433349
439849
386383
319030
299713
326049
336639
291992
224731
195312
213195
226287
189880
124206
86456
95947
110260
81604
18768
-25604
-24230
-9765
-31188
-90057
-139434
-145751
-132019
-146789
-200683
-253387
-266845
-254577
-263183
-311248
-365692
-385559
-375335
-378356
-419860
-474487
-499908
-492126
-490142
-524536
-577850
-607879
-602844
-596435
-623260
-673889
-707458
-705352
-695129
-714111
-760681
-796722
-797607
-784149
-795196
-836578
-873931
-877685
-861724
-864807
-899963
-937469
-944000
-926116
-921478
-949493
-986022
-995056
-975952
-963989
-984161
-1018554
-1029815
-1010131
-991333
-1003173
-1034393
-1047515
-1027893
-1002929
-1006134
-1033203
-1047729
-1028839
-998535
-992950
-1015014
-1030487
-1012908
-978210
-963989
-980224
-996154
-980468
-942443
-919860
-929626
-945465
-932189
-891937
-861541
-864349
-879516
-869110
-827850
-790313
-785766
-799713
-792541
-751495
-707702
-695587
-707672
-704010
-664489
-615478
-595703
-605285
-605316
-568542
-515502
-488098
-494598
-498321
-465515
-409790
-374938
-377655
-385040
-357360
-300323
-258361
-256652
-267456
-245941
-189117
-140533
-133697
-147521
-133178
-78155
-23498
-10833
-27099
-20812
30761
90728
109954
91979
89538
135955
200408
226989
208221
196411
235900
303863
338592
320251
298614
329254
399597
443389
426879
395080
414764
486206
540130
527252
485076
491485
562469
627777
620819
568084
558410
627075
705474
707458
644042
614593
678527
772521
787628
713317
658905
714752
828186
863006
777404
689483
731872
871734
937988
840087
702392
720794
901824
1025238
913116
685821
651733
914398
1176818
1050720
576660
328582
874847
2108978
3197387
3289215
2310119
1033111
353149
506164
991424
1188720
965759
675720
661224
878692
1024291
931060
741546
691772
816253
933013
890991
750396
685943
759887
856353
841522
731567
659759
700378
780303
781860
693878
618469
634704
700073
711914
641021
564453
561767
613739
631988
575103
499114
481384
520721
542602
497558
423553
393707
421112
444488
409667
338775
299255
315368
338653
312652
245910
198822
204345
226257
207946
146118
93475
89141
108642
97015
40832
-15563
-28839
-12573
-18432
-68389
-126892
-148162
-135681
-136657
-179901
-238830
-267028
-258728
-255615
-291778
-349670
-383605
-379730
-373260
-402130
-457489
-495971
-496520
-487426
-508880
-560424
-602142
-607025
-595947
-609954
-656494
-700134
-709136
-696716
-703399
-743896
-788116
-800842
-787658
-787292
-820800
-864288
-880279
-866882
-859832
-885650
-927093
-945861
-932708
-919464
-937072
-975280
-996154
-983734
-964904
-973937
-1007812
-1030090
-1018798
-995117
-995452
-1023956
-1046966
-1037170
-1009429
-1001159
-1023406
-1046386
-1038421
-1007537
-990875
-1006164
-1028381
-1022491
-989440
-964904
-972656
-993347
-989746
-955566
-923797
-923614
-942047
-940856
-906585
-868438
-860107
-875610
-876892
-843597
-800079
-783538
-795440
-799133
-767913
-720153
-695556
-703216
-709228
-681091
-630340
-598022
-600799
-608947
-584808
-532501
-492889
-490295
-500213
-480987
-428527
-382263
-373779
-385070
-371520
-320404
-268280
-253479
-265563
-258331
-210113
-153045
-131469
-143707
-143280
-99548
-38604
-9918
-21453
-28167
9490
73120
109252
99365
85327
115417
180419
224243
217132
195770
216674
281555
333404
330352
301940
312042
375152
435241
437835
402740
400360
459838
528442
538574
497467
480743
534393
611846
631835
585662
552398
597564
684356
717315
667327
614715
647949
744873
795135
743133
667144
683532
791961
866271
815032
709106
700592
823242
933654
888031
739685
690734
833282
1005706
976928
756500
626770
803497
1116363
1147552
748107
343231
588806
1655670
2907806
3395507
2725860
1435791
483642
381805
834350
1175537
1071990
753967
629150
796844
999969
985931
799896
684875
763549
907409
923797
797973
691162
723937
831542
861785
771850
672149
675933
757202
793975
728515
635528
619049
679107
718322
670989
584625
553222
595306
634277
600952
521301
478759
505035
541900
519653
446899
396118
408325
441650
428314
362609
305938
305572
334350
328125
269622
209106
197601
221038
220428
169219
106689
85418
102996
106719
62896
0
-29663
-18249
-11322
-47790
-109558
-146209
-141052
-131927
-161102
-220336
-262542
-263580
-253082
-275085
-330535
-376831
-383789
-372711
-387786
-438323
-487182
-499664
-488647
-497070
-541717
-591674
-609161
-598724
-600830
-638763
-688385
-710174
-700775
-697052
-727569
-775421
-800750
-792785
-783752
-806335
-851104
-879119
-872863
-859069
-873382
-913848
-943634
-939300
-921417
-927307
-962341
-992950
-990692
-969390
-966949
-995574
-1026031
-1025909
-1001983
-991394
-1012817
-1042175
-1044158
-1018432
-1000122
-1013702
-1041046
-1045074
-1018371
-992919
-998229
-1022644
-1028594
-1001770
-969970
-966766
-987426
-995086
-968994
-931793
-919982
-936126
-945281
-920745
-879180
-858947
-869873
-880218
-858062
-813293
-784973
-790130
-801269
-782226
-735565
-699676
-698547
-710083
-694793
-647552
-604827
-597015
-608459
-597473
-551116
-502410
-487609
-498382
-492187
-448059
-394439
-372467
-381927
-380859
-340393
-282989
-253753
-261199
-265441
-229980
-170104
-133605
-138305
-147827
-118743
-57800
-14160
-15197
-29846
-8422
52001
102630
106201
86761
99334
157684
214965
224182
200561
203125
257598
321166
337219
310180
301666
350372
419708
443939
414581
393920
434661
509277
543273
512939
479034
509429
588562
634338
604827
556457
573486
656372
716522
690216
625823
625610
711303
789489
769775
687194
664184
751464
853424
845550
741119
686248
773376
909362
922607
789459
685272
768920
960662
1015930
838165
640930
710876
1020996
1189178
916442
437255
405059
1226837
2524993
3359771
3066284
1881774
719757
324615
661041
1105651
1151947
857666
634246
718933
947631
1019042
867706
702819
718963
865295
938476
848144
714324
697448
796722
866699
810974
697875
661376
728271
792968
759704
662445
613189
655426
713623
695983
611877
554107
576416
627258
620880
548278
484985
490661
533569
535308
473083
406616
398223
432800
440277
387603
319885
299530
325531
336883
293090
225708
195343
212738
226409
190887
125244
86639
95581
110290
82489
19836
-25238
-24505
-9796
-30426
-88989
-138916
-145935
-132141
-146148
-199645
-252777
-266937
-254730
-262695
-310241
-364990
-385559
-375518
-377990
-418945
-473724
-499816
-492370
-489898
-523681
-577056
-607696
-603088
-596313
-622528
-673034
-707214
-705596
-695098
-713470
-759887
-796417
-797821
-784271
-794677
-835784
-873535
-877899
-861938
-864471
-899230
-937042
-944183
-926422
-921295
-948852
-985565
-995208
-976348
-963928
-983581
-1018066
-1029937
-1010589
-991424
-1002716
-1033905
-1047576
-1028411
-1003173
-1005798
-1032745
-1047760
-1029357
-998931
-992767
-1014556
-1030487
-1013458
-978729
-963928
-979827
-996124
-981018
-943054
-919952
-929290
-945373
-932739
-892669
-861785
-864074
-879394
-869598
-828643
-790710
-785583
-799560
-792968
-752349
-708251
-695526
-707489
-704376
-665344
-616149
-595703
-605072
-605590
-569427
-516296
-488220
-494354
-498535
-466369
-410675
-375183
-377441
-385162
-358154
-301300
-258758
-256439
-267456
-246704
-190155
-141052
-133514
-147399
-133819
-79223
-24139
-10681
-26885
-21331
29663
89965
110046
92315
89172
134857
199523
226989
208679
196228
234832
302856
338500
320800
298645
328247
398437
443145
427490
395324
413879
484924
539733
527923
485565
490722
561035
627197
621551
568878
557861
625518
704650
708160
645141
614318
676879
771331
788299
714813
658996
712982
826568
863555
779357
690093
729949
869476
938293
842712
703857
718750
898468
1024932
916748
688903
649536
908660
1174865
1056762
584869
327087
858306
2086364
3185607
3297790
2332092
1051666
357147
498779
984313
1189361
971405
678833
658843
874725
1023803
934204
744079
690856
813568
932220
892974
752593
685760
757965
855438
842864
733520
660034
698974
779388
782775
695617
619049
633728
699157
712493
642578
565246
561157
612884
632324
576477
500091
481048
519958
542755
498779
424621
393615
420440
444519
410705
339904
299407
314819
338592
313568
247039
199188
203948
226104
208709
147277
93994
88867
108428
97656
41961
-14923
-28991
-12817
-17944
-67321
-126129
-148162
-135925
-136291
-178894
-237976
-266937
-258972
-255371
-290863
-348754
-383392
-379943
-373138
-401306
-456573
-495666
-496734
-487396
-508178
-559509
-601745
-607208
-596038
-609405
-655609
-699645
-709259
-696868
-703002
-743041
-787567
-800933
-787872
-787017
-820037
-863677
-880340
-867187
-859680
-884979
-926513
-945831
-933044
-919464
-936523
-974670
-996093
-984100
-965026
-973510
-1007202
-1029998
-1019226
-995391
-995178
-1023406
-1046813
-1037597
-1009826
-1001007
-1022888
-1046203
-1038848
-1008056
-990905
-1005737
-1028167
-1022888
-990051
-965057
-972320
-993103
-990112
-956237
-924102
-923370
-941802
-941192
-907318
-868896
-859954
-875366
-877166
-844390
-800659
-783508
-795196
-799346
-768707
-720855
-695678
-702972
-709381
-681854
-631164
-598236
-600585
-609008
-585540
-533386
-493255
-490112
-500213
-481658
-429504
-382751
-373657
-384979
-372100
-321441
-268920
-253387
-265380
-258789
-211151
-153808
-131469
-143463
-143646
-100585
-39459
-9979
-21148
-28381
8483
72143
109069
99731
85266
114471
179321
223937
217529
195892
215850
280395
332946
330810
302246
311340
373901
434631
438293
403259
399841
458526
527648
538970
498199
480438
533050
610809
632202
586608
552368
596221
683074
717529
668518
615020
646606
743286
795166
744598
667907
682250
789978
865997
816772
710479
699462
820709
932891
890136
741943
689849
829864
1003997
979553
760437
626556
798309
1112274
1151000
756835
346252
577117
1633331
2890594
3397125
2744995
1457366
492950
377136
825866
1173370
1076751
758666
628479
792755
997985
988159
803161
685180
761047
905639
924987
800476
691894
722320
830017
862426
773864
673156
674926
755828
794250
730194
636688
618499
677947
718353
672393
585845
553039
594329
634124
602111
522552
478851
504241
541625
520629
448181
396453
407714
441345
429107
363861
306457
305175
334014
328735
270812
209808
197357
220672
220886
170379
107513
85327
102661
107025
63934
885
-29602
-18554
-11138
-46844
-108581
-145996
-141326
-131835
-160247
-219329
-262176
-263793
-253082
-274353
-329559
-376342
-383941
-372772
-387176
-437347
-486633
-499755
-488769
-496582
-540771
-591033
-609161
-598907
-600494
-637908
-687683
-710113
-701019
-696868
-726806
-774719
-800628
-793060
-783691
-805664
-850372
-878936
-873168
-859130
-872833
-913146
-943389
-939605
-921600
-926910
-961669
-992675
-990997
-969696
-966674
-994964
-1025726
-1026184
-1002380
-991302
-1012268
-1041839
-1044433
-1018920
-1000183
-1013244
-1040679
-1045288
-1018920
-993133
-997894
-1022308
-1028778
-1002380
-970336
-966522
-987060
-995239
-969635
-932281
-919891
-935791
-945404
-921417
-879791
-858978
-869567
-880279
-858703
-814025
-785156
-789855
-801269
-782836
-736389
-699981
-698333
-710021
-695373
-648468
-605285
-596893
-608337
-597991
-552032
-503021
-487548
-498199
-492645
-449035
-395172
-372497
-381713
-381195
-341339
-283813
-253875
-260955
-265655
-230895
-171051
-133850
-138031
-147888
-119598
-58837
-14526
-14892
-29785
-9185
50903
102142
106475
86975
98693
156524
214324
224426
200897
202636
256408
320373
337432
310668
301330
349151
418762
444091
415222
393798
433502
508148
543304
513732
479187
508300
587249
634216
605743
556884
572479
654846
716186
691253
626617
624755
709564
788879
770935
688446
663574
749420
852386
846771
742950
686004
770965
907684
923858
792114
685668
766021
957885
1017089
842285
642578
707000
1015625
1189758
924316
443603
398681
1206695
2504058
3354248
3080688
1904510
734222
323974
652404
1100708
1154937
863250
635559
715393
944396
1019989
871154
704345
717102
862854
938659
850585
715911
696472
794799
866516
812805
699462
660949
726776
792572
761108
664001
613189
654266
713104
697052
613372
554412
575531
626708
621673
549682
485534
490051
532989
535888
474426
407348
397857
432250
440673
388854
320739
299377
325042
337158
294219
226654
195373
212280
226562
191894
126281
86853
95184
110321
83374
20904
-24871
-24780
-9857
-29693
-87921
-138427
-146148
-132263
-145538
-198577
-252136
-267028
-254913
-262207
-309234
-364288
-385559
-375732
-377624
-417999
-472930
-499725
-492584
-489685
-522827
-576232
-607513
-603302
-596221
-621765
-672210
-706939
-705810
-695129
-712860
-759033
-796081
-798034
-784393
-794219
-834991
-873138
-878082
-862152
-864135
-898498
-936584
-944335
-926727
-921081
-948181
-985076
-995361
-976715
-963897
-983032
-1017578
-1030029
-1011016
-991546
-1002258
-1033416
-1047668
-1028900
-1003448
-1005462
-1032257
-1047790
-1029907
-999328
-992584
-1014129
-1030456
-1014007
-979248
-963897
-979431
-996063
-981567
-943664
-920043
-928985
-945281
-933258
-893371
-862030
-863830
-879272
-870086
-829437
-791107
-785430
-799377
-793395
-753204
-708801
-695434
-707305
-704742
-666229
-616821
-595733
-604858
-605895
-570281
-517089
-488372
-494140
-498718
-467224
-411560
-375457
-377197
-385223
-358978
-302276
-259124
-256225
-267425
-247406
-191223
-141571
-133331
-147277
-134429
-80322
-24780
-10528
-26641
-21820
28533
89172
110137
92651
88836
133758
198608
226989
209136
196075
233795
301788
338409
321319
298675
327239
397247
442932
428100
395599
412994
483612
539337
528594
486083
490020
559631
626586
622253
569671
557342
623992
703765
708862
646240
614074
675231
770141
788940
716278
659118
711212
824920
864074
781311
690765
728088
867187
938507
845275
705352
716735
895111
1024597
920349
692016
647430
902954
1172790
1062683
593139
325866
842010
2063690
3173522
3306030
2353973
1070434
361419
491485
977142
1189910
977020
682037
656524
870727
1023223
937286
746673
690002
810882
931335
894927
754821
685638
756042
854461
844177
735473
660339
697601
778411
783630
697357
619659
632781
698211
713073
644134
566070
560546
612030
632659
577850
501037
480743
519195
542907
500000
425689
393585
419799
444549
411773
341033
299591
314300
338500
314483
248199
199554
203552
225921
209472
148437
94512
88623
108215
98266
43090
-14251
-29113
-13061
-17456
-66253
-125335
-148162
-136169
-135925
-177886
-237152
-266815
-259216
-255126
-289978
-347869
-383178
-380187
-373016
-400512
-455657
-495330
-496917
-487396
-507476
-558563
-601318
-607360
-596099
-608856
-654724
-699157
-709381
-697052
-702575
-742218
-787017
-800994
-788116
-786743
-819274
-863098
-880340
-867462
-859558
-884307
-925903
-945831
-933410
-919494
-935974
-974060
-996032
-984497
-965209
-973083
-1006622
-1029876
-1019622
-995666
-994873
-1022857
-1046661
-1037994
-1010253
-1000854
-1022399
-1046020
-1039245
-1008575
-990905
-1005310
-1027954
-1023284
-990661
-965240
-971954
-992858
-990478
-956909
-924407
-923126
-941558
-941497
-908050
-869354
-859832
-875091
-877410
-845153
-801239
-783508
-794921
-799560
-769470
-721588
-695770
-702728
-709503
-682617
-631988
-598480
-600372
-609069
-586273
-534301
-493621
-489929
-500183
-482330
-430480
-383270
-373504
-384887
-372680
-322448
-269561
-253326
-265197
-259277
-212188
-154571
-131469
-143218
-143981
-101593
-40344
-10101
-20812
-28594
7507
71136
108856
100097
85235
113555
178222
223632
217956
196044
215057
279205
332489
331237
302581
310668
372650
433990
438720
403778
399353
457214
526824
539367
498931
480163
531707
609802
632507
587554
552368
594848
681793
717742
669708
615356
645294
741699
795166
746032
668701
680999
787994
865692
818511
711853
698364
818176
932067
892211
744232
689056
826477
1002227
982086
764404
626464
793182
1108123
1154296
765533
349456
565673
1611053
2873168
3398376
2763916
1479034
502563
372650
817352
1171081
1081451
763427
627899
788635
995910
990356
806427
685546
758575
903839
926147
803009
692687
720764
828430
863006
775909
674163
673950
754486
794464
731872
637847
617950
676788
718353
673767
587097
552856
593353
633972
603240
523834
478973
503479
541381
521545
449432
396789
407135
441009
429840
365112
307006
304779
333648
329315
272033
210510
197143
220306
221313
171508
108337
85296
102294
107330
65002
1800
-29479
-18890
-10925
-45867
-107604
-145751
-141601
-131744
-159393
-218322
-261810
-264007
-253082
-273651
-328552
-375854
-384094
-372863
-386566
-436370
-486053
-499847
-488922
-496124
-539855
-590393
-609191
-599121
-600189
-637054
-686981
-710052
-701263
-696685
-726043
-773986
-800506
-793334
-783630
-805023
-849639
-878753
-873443
-859191
-872314
-912414
-943176
-939910
-921783
-926513
-960998
-992401
-991271
-970001
-966461
-994354
-1025421
-1026458
-1002807
-991210
-1011749
-1041503
-1044677
-1019409
-1000244
-1012817
-1040344
-1045532
-1019500
-993347
-997558
-1021942
-1028991
-1002990
-970703
-966308
-986694
-995391
-970306
-932769
-919799
-935455
-945495
-922088
-880432
-859039
-869262
-880310
-859375
-814758
-785339
-789611
-801269
-783477
-737213
-700317
-698150
-709960
-695953
-649353
-605773
-596740
-608215
-598510
-552978
-503631
-487518
-498046
-493041
-449981
-395904
-372528
-381500
-381530
-342285
-284667
-254028
-260711
-265838
-231811
-172027
-134124
-137756
-147979
-120452
-59875
-14892
-14617
-29724
-9948
49804
101623
106750
87158
98052
155364
213684
224670
201263
202148
255218
319580
337615
311187
301025
347991
417816
444213
415863
393707
432342
507019
543304
514526
479339
507232
585937
634063
606689
557342
571502
653350
715820
692291
627441
623962
707824
788208
772064
689697
662994
747406
851318
847961
744781
685821
768615
905975
925079
794799
686096
763122
955047
1018218
846405
644317
703186
1010223
1190185
932098
450073
392547
1186737
2483001
3348388
3094818
1927276
748901
323547
643829
1095672
1157836
868865
636962
711883
941101
1020874
874603
705932
715301
860412
938812
853027
717529
695526
792907
866271
814575
701080
660583
725280
792144
762451
665557
613220
653076
712554
698059
614868
554748
574676
626129
622436
551086
486114
489440
532409
536437
475738
408111
397491
431671
441070
390075
321624
299224
324523
337371
295318
227661
195434
211822
226654
192901
127319
87097
94818
110351
84228
21972
-24475
-25085
-9918
-28961
-86822
-137878
-146331
-132385
-144927
-197509
-251495
-267120
-255065
-261718
-308227
-363555
-385528
-375915
-377258
-417053
-472137
-499603
-492797
-489440
-522003
-575408
-607330
-603546
-596099
-621032
-671356
-706665
-706024
-695129
-712249
-758209
-795715
-798248
-784515
-793731
-834197
-872741
-878295
-862365
-863800
-897735
-936126
-944488
-927032
-920928
-947540
-984588
-995483
-977111
-963867
-982482
-1017089
-1030151
-1011474
-991668
-1001831
-1032928
-1047698
-1029388
-1003692
-1005157
-1031799
-1047821
-1030426
-999725
-992401
-1013702
-1030456
-1014526
-979766
-963867
-979064
-995971
-982086
-944305
-920166
-928649
-945190
-933746
-894104
-862304
-863586
-879119
-870544
-830230
-791503
-785247
-799194
-793823
-754028
-709350
-695373
-707092
-705078
-667083
-617492
-595764
-604644
-606140
-571166
-517883
-488525
-493927
-498901
-468078
-412475
-375732
-376983
-385314
-359741
-303253
-259521
-256011
-267395
-248138
-192260
-142089
-133148
-147125
-135040
-81420
-25451
-10406
-26397
-22277
27435
88378
110198
93017
88500
132659
197692
226989
209564
195922
232727
300750
338287
321868
298736
326293
396087
442657
428710
395874
412139
482299
538909
529266
486602
489318
558197
625946
622924
570465
556854
622436
702880
709533
647369
613861
673583
768920
789550
717773
659271
709472
823242
864532
783233
691467
726226
864868
938690
847839
706878
714813
891723
1024169
923919
695190
645446
897247
1170593
1068481
601470
324890
825927
2041015
3161163
3313934
2375762
1089385
365936
484283
969848
1190307
982635
685363
654296
866729
1022583
940338
749298
689208
808197
930419
896850
757080
685546
754150
853485
845458
737457
660705
696258
777404
784484
699096
620300
631835
697265
713592
645660
566925
559967
611145
632965
579223
502014
480468
518432
543029
501190
426757
393554
419128
444519
412811
342163
299774
313781
338378
315368
249359
199951
203155
225738
210205
149566
95062
88348
108001
98846
44219
-13549
-29266
-13305
-16998
-65185
-124542
-148162
-136413
-135589
-176879
-236267
-266693
-259460
-254913
-289062
-346954
-382934
-380401
-372894
-399719
-454711
-494964
-497131
-487396
-506805
-557647
-600860
-607513
-596191
-608306
-653808
-698638
-709503
-697204
-702178
-741363
-786437
-801055
-788360
-786468
-818511
-862487
-880371
-867767
-859436
-883666
-925262
-945800
-933746
-919525
-935424
-973449
-995941
-984863
-965362
-972656
-1006011
-1029754
-1020019
-995971
-994598
-1022277
-1046508
-1038421
-1010650
-1000732
-1021911
-1045806
-1039642
-1009094
-990936
-1004882
-1027709
-1023651
-991271
-965393
-971618
-992614
-990814
-957580
-924743
-922882
-941284
-941802
-908782
-869812
-859710
-874816
-877685
-845916
-801849
-783508
-794677
-799743
-770233
-722290
-695892
-702484
-709625
-683349
-632812
-598724
-600158
-609100
-586975
-535217
-494018
-489746
-500152
-482971
-431457
-383789
-373382
-384765
-373229
-323486
-270202
-253265
-265014
-259735
-213226
-155364
-131500
-142944
-144317
-102630
-41259
-10192
-20507
-28778
6530
70129
108642
100463
85205
112670
177124
223266
218353
196197
214263
278015
332000
331665
302917
310028
371368
433349
439117
404327
398864
455902
526000
539764
499664
479919
530364
608734
632812
588531
552398
593536
680511
717895
670898
615722
643981
740081
795135
747467
669494
679779
785980
865356
820220
713256
697296
815643
931213
894226
746582
688323
823089
1000396
984558
768402
626464
788085
1103881
1157440
774230
352844
554504
1588836
2855499
3399261
2782653
1500823
512420
368316
808776
1168640
1086090
768249
627410
784576
993774
992492
809722
685974
756134
902008
927246
805511
693511
719207
826843
863555
777954
675231
673004
753112
794677
733551
639007
617462
675628
718322
675140
588348
552734
592376
633789
604370
525115
479125
502716
541076
522491
450714
397186
406555
440643
430572
366363
307586
304382
333251
329895
273223
211212
196929
219940
221740
172637
109191
85235
101928
107635
66040
2746
-29357
-19195
-10772
-44921
-106628
-145477
-141876
-131683
-158569
-217315
-261413
-264221
-253082
-272918
-327514
-375366
-384246
-372955
-385986
-435394
-485443
-499938
-489074
-495666
-538909
-589721
-609191
-599304
-599884
-636199
-686279
-709991
-701507
-696502
-725280
-773254
-800384
-793609
-783569
-804351
-848907
-878570
-873718
-859283
-871795
-911712
-942901
-940185
-921997
-926147
-960327
-992095
-991546
-970336
-966217
-993713
-1025085
-1026733
-1003204
-991119
-1011199
-1041137
-1044921
-1019897
-1000305
-1012359
-1039947
-1045745
-1020050
-993591
-997222
-1021545
-1029144
-1003601
-971069
-966125
-986358
-995513
-970947
-933288
-919708
-935119
-945556
-922729
-881072
-859100
-868988
-880340
-860015
-815490
-785552
-789367
-801239
-784088
-738037
-700683
-697937
-709869
-696502
-650238
-606262
-596618
-608093
-598999
-553924
-504241
-487457
-497863
-493469
-450927
-396636
-372589
-381286
-381835
-343231
-285552
-254180
-260467
-266052
-232727
-172973
-134399
-137481
-148040
-121307
-60943
-15289
-14343
-29663
-10681
48675
101104
107025
87371
97412
154205
213012
224914
201629
201660
254058
318756
337799
311676
300750
346801
416839
444305
416534
393646
431213
505859
543304
515319
479522
506134
584625
633911
607574
557830
570526
651824
715423
693328
628295
623168
706085
787536
773193
690979
662475
745391
850219
849151
746643
685668
766265
904235
926239
797454
686614
760284
952178
1019226
850494
646148
699432
1004760
1190490
939819
456695
386718
1166931
2461791
3342193
3108673
1950042
763854
323333
635253
1090484
1160614
874511
638458
708435
937744
1021667
878051
707611
713531
857940
938873
855407
719207
694641
790985
865997
816375
702697
660278
723754
791687
763793
667144
613281
651916
712005
699066
616363
555114
573791
625518
623168
552520
486694
488861
531799
536987
477050
408874
397125
431091
441406
391265
322540
299072
323974
337585
296417
228637
195495
211395
226745
193878
128387
87341
94451
110351
85083
23071
-24078
-25360
-10009
-28228
-85754
-137359
-146514
-132507
-144348
-196472
-250854
-267181
-255249
-261260
-307250
-362823
-385528
-376129
-376922
-416137
-471343
-499481
-493011
-489227
-521148
-574554
-607116
-603759
-596038
-620330
-670532
-706359
-706237
-695159
-711639
-757385
-795349
-798431
-784637
-793273
-833404
-872314
-878479
-862609
-863464
-897003
-935668
-944641
-927337
-920745
-946868
-984100
-995605
-977478
-963836
-981933
-1016601
-1030212
-1011932
-991790
-1001373
-1032440
-1047760
-1029876
-1003967
-1004852
-1031311
-1047821
-1030914
-1000122
-992248
-1013244
-1030395
-1015075
-980285
-963836
-978668
-995910
-982604
-944946
-920288
-928314
-945068
-934234
-894836
-862579
-863311
-878967
-871002
-831024
-791931
-785095
-799011
-794219
-754882
-709899
-695312
-706878
-705444
-667968
-618194
-595825
-604431
-606414
-572021
-518707
-488677
-493682
-499053
-468902
-413360
-376007
-376770
-385375
-360534
-304260
-259948
-255828
-267364
-248840
-193298
-142639
-132965
-146972
-135650
-82489
-26123
-10284
-26153
-22766
26336
87585
110260
93383
88195
131591
196746
226959
210021
195800
231689
299682
338134
322387
298797
325317
394897
442382
429321
396148
411315
481018
538452
529937
487152
488616
556762
625274
623596
571289
556365
620910
701965
710205
648498
613677
671966
767669
790130
719268
659484
707733
821563
864959
785186
692199
724426
862518
938842
850402
708465
712921
888305
1023651
927459
698425
643554
891540
1168273
1074157
609863
324127
810058
2018280
3148468
3321502
2397430
1108520
370727
477203
962463
1190551
988220
688751
652130
862701
1021881
943359
751983
688476
805511
929443
898742
759338
685516
752258
852447
846679
739410
661102
694915
776397
785278
700836
620971
630920
696319
714080
647216
567779
559417
610290
633209
580596
503021
480194
517669
543121
502380
427856
393554
418487
444488
413848
343322
299987
313232
338256
316223
250518
200347
202758
225555
210937
150726
95642
88104
107757
99426
45318
-12878
-29357
-13549
-16540
-64117
-123748
-148162
-136688
-135284
-175903
-235412
-266540
-259704
-254730
-288177
-346038
-382659
-380615
-372802
-398925
-453765
-494628
-497314
-487396
-506164
-556732
-600433
-607666
-596313
-607788
-652923
-698120
-709594
-697387
-701782
-740539
-785858
-801116
-788604
-786224
-817749
-861877
-880371
-868072
-859344
-882995
-924652
-945739
-934082
-919555
-934875
-972839
-995849
-985229
-965545
-972259
-1005432
-1029632
-1020416
-996276
-994323
-1021728
-1046325
-1038818
-1011077
-1000610
-1021392
-1045593
-1040039
-1009613
-990966
-1004455
-1027496
-1024017
-991882
-965606
-971282
-992370
-991149
-958282
-925079
-922637
-941009
-942108
-909515
-870300
-859588
-874572
-877899
-846649
-802459
-783508
-794403
-799926
-770996
-723022
-696044
-702239
-709747
-684112
-633636
-598999
-599945
-609161
-587677
-536132
-494415
-489562
-500122
-483612
-432434
-384307
-373260
-384643
-373779
-324493
-270874
-253204
-264831
-260162
-214263
-156127
-131530
-142700
-144622
-103637
-42144
-10314
-20172
-28930
5584
69122
108428
100860
85174
111785
175994
222930
218750
196350
213470
276824
331512
332092
303253
309387
370117
432678
439544
404876
398437
454589
525146
540100
500427
479675
529022
607666
633087
589477
552429
592193
679199
718048
672088
616119
642700
738464
795074
748901
670318
678588
783996
864959
821899
714721
696289
813110
930297
896240
748931
687622
819732
998504
986968
772399
626556
783020
1099548
1160461
782897
356445
543579
1566711
2837615
3399810
2801177
1522674
522552
364166
800170
1166046
1090637
773101
627044
780487
991577
994567
813049
686462
753692
900115
928314
808044
694396
717681
825225
864074
779968
676330
672088
751708
794830
735198
640228
617004
674438
718261
676513
589599
552612
591430
633575
605499
526397
479278
501953
540771
523376
451995
397583
405975
440307
431304
367614
308166
303985
332885
330444
274414
211975
196716
219543
222167
173767
110046
85205
101562
107910
67077
3662
-29235
-19531
-10589
-44006
-105621
-145202
-142150
-131622
-157745
-216308
-261016
-264434
-253112
-272216
-326507
-374847
-384399
-373046
-385437
-434387
-484832
-500000
-489227
-495239
-537994
-589050
-609191
-599517
-599578
-635345
-685546
-709930
-701751
-696319
-724517
-772491
-800231
-793884
-783538
-803710
-848175
-878356
-874023
-859375
-871307
-910980
-942657
-940460
-922210
-925781
-959625
-991790
-991821
-970642
-966003
-993103
-1024749
-1026977
-1003631
-991058
-1010650
-1040771
-1045166
-1020416
-1000396
-1011932
-1039581
-1045959
-1020599
-993835
-996887
-1021179
-1029327
-1004211
-971466
-965911
-985992
-995635
-971557
-933807
-919647
-934783
-945648
-923370
-881683
-859161
-868682
-880371
-860626
-816253
-785766
-789093
-801208
-784698
-738861
-701019
-697753
-709808
-697052
-651123
-606750
-596527
-607971
-599487
-554840
-504852
-487426
-497680
-493865
-451873
-397399
-372650
-381072
-382110
-344177
-286407
-254333
-260223
-266204
-233642
-173950
-134674
-137207
-148101
-122131
-61981
-15686
-14068
-29571
-11444
47576
100555
107269
87615
96801
153045
212341
225158
201995
201202
252868
317932
337982
312194
300476
345642
415863
444396
417175
393585
430084
504730
543273
516113
479736
505096
583282
633697
608489
558349
569580
650299
714996
694335
629150
622406
704315
786804
774261
692260
661956
743408
849090
850280
748504
685577
763946
902435
927368
800140
687164
757476
949279
1020202
854583
648071
695800
999267
1190643
947448
463409
381134
1147277
2440460
3335632
3122222
1972808
779022
323364
626739
1085174
1163269
880187
640045
705047
934356
1022399
881469
709320
711791
855438
938934
857818
720916
693786
789062
865692
818115
704376
659973
722259
791198
765106
668731
613372
650787
711425
700073
617889
555511
572937
624908
623901
553924
487335
488281
531188
537475
478393
409667
396789
430511
441772
392486
323455
298980
323455
337799
297515
229644
195587
210937
226837
194854
129455
87615
94085
110321
85937
24169
-23651
-25634
-10070
-27526
-84655
-136810
-146667
-132659
-143768
-195404
-250183
-267242
-255432
-260803
-306243
-362060
-385467
-376342
-376617
-415191
-470550
-499359
-493255
-489044
-520324
-573730
-606903
-604003
-595947
-619598
-669677
-706054
-706481
-695190
-711059
-756561
-794982
-798645
-784790
-792816
-832611
-871887
-878631
-862823
-863159
-896270
-935211
-944793
-927673
-920593
-946228
-983612
-995697
-977874
-963836
-981384
-1016082
-1030303
-1012359
-991912
-1000946
-1031951
-1047790
-1030364
-1004241
-1004547
-1030822
-1047790
-1031433
-1000518
-992065
-1012817
-1030364
-1015594
-980834
-963836
-978271
-995819
-983123
-945587
-920440
-927978
-944946
-934722
-895568
-862854
-863067
-878814
-871459
-831817
-792358
-784942
-798828
-794616
-755706
-710479
-695251
-706665
-705749
-668823
-618896
-595886
-604217
-606658
-572875
-519500
-488861
-493469
-499206
-469726
-414276
-376312
-376556
-385437
-361297
-305236
-260375
-255615
-267303
-249511
-194366
-143188
-132812
-146820
-136230
-83587
-26824
-10192
-25878
-23193
25238
86761
110290
93719
87890
130523
195800
226898
210479
195678
230651
298614
337982
322937
298858
324371
393676
442077
429931
396453
410491
479705
537963
530578
487701
487976
555358
624603
624267
572113
555938
619384
701019
710815
649627
613525
670349
766387
790679
720764
659698
706054
819854
865356
787139
692962
722656
860168
938903
852935
710113
711090
884918
1023071
930938
701721
641754
885833
1165832
1079742
618286
323638
794433
1995544
3135498
3328735
2419006
1127807
375793
470245
954986
1190673
993774
692230
650054
858642
1021057
946319
754730
687774
802825
928436
900604
761627
685516
750366
851379
847900
741394
661499
693572
775329
786071
702575
621673
630035
695343
714569
648742
568695
558868
609405
633483
581939
504058
479949
516876
543212
503540
428955
393554
417816
444458
414855
344451
300231
312713
338134
317108
251708
200775
202362
225372
211639
151885
96221
87860
107513
100006
46447
-12145
-29479
-13793
-16113
-63049
-122955
-148132
-136932
-134948
-174926
-234527
-266387
-259979
-254516
-287292
-345092
-382385
-380859
-372741
-398162
-452819
-494232
-497497
-487396
-505493
-555786
-599975
-607818
-596405
-607269
-652038
-697601
-709716
-697570
-701416
-739685
-785278
-801177
-788848
-785980
-816986
-861267
-880371
-868377
-859252
-882354
-924011
-945709
-934417
-919586
-934326
-972198
-995758
-985626
-965728
-971862
-1004821
-1029479
-1020782
-996582
-994079
-1021179
-1046142
-1039184
-1011505
-1000518
-1020904
-1045379
-1040405
-1010131
-990997
-1004028
-1027252
-1024383
-992492
-965789
-970977
-992095
-991485
-958953
-925415
-922424
-940734
-942382
-910247
-870788
-859466
-874298
-878143
-847412
-803100
-783508
-794128
-800079
-771759
-723785
-696166
-701995
-709838
-684844
-634490
-599273
-599731
-609161
-588378
-537078
-494812
-489410
-500061
-484222
-433410
-384857
-373138
-384521
-374328
-325500
-271545
-253143
-264617
-260589
-215270
-156951
-131561
-142425
-144927
-104644
-43090
-10437
-19866
-29113
4608
68115
108184
101226
85205
110900
174896
222534
219146
196533
212707
275634
330993
332489
303619
308776
368865
432006
439910
405426
397979
453308
524261
540466
501190
479461
527709
606597
633331
590454
552520
590911
677856
718170
673278
616546
641448
736846
794952
750305
671203
677429
781982
864532
823577
716186
695312
810577
929321
898193
751281
687011
816375
996582
989288
776458
626739
778045
1095123
1163330
791564
360198
532928
1544647
2819488
3399993
2819488
1544647
532928
360198
791564
1163330
1095123
778045
626739
776458
989288
996582
816375
687011
751281
898193
929321
810577
695312
716186
823577
864532
781982
677429
671203
750305
794952
736846
641448
616546
673278
718170
677856
590911
552520
590454
633331
606597
527709
479461
501190
540466
524261
453308
397979
405426
439910
432006
368865
308776
303619
332489
330993
275634
212707
196533
219146
222534
174896
110900
85205
101226
108184
68115
4608
-29113
-19866
-10437
-43090
-104644
-144927
-142425
-131561
-156951
-215270
-260589
-264617
-253143
-271545
-325500
-374328
-384521
-373138
-384857
-433410
-484222
-500061
-489410
-494812
-537078
-588378
-609161
-599731
-599273
-634490
-684844
-709838
-701995
-696166
-723785
-771759
-800079
-794128
-783508
-803100
-847412
-878143
-874298
-859466
-870788
-910247
-942382
-940734
-922424
-925415
-958953
-991485
-992095
-970977
-965789
-992492
-1024383
-1027252
-1004028
-990997
-1010131
-1040405
-1045379
-1020904
-1000518
-1011505
-1039184
-1046142
-1021179
-994079
-996582
-1020782
-1029479
-1004821
-971862
-965728
-985626
-995758
-972198
-934326
-919586
-934417
-945709
-924011
-882354
-859252
-868377
-880371
-861267
-816986
-785980
-788848
-801177
-785278
-739685
-701416
-697570
-709716
-697601
-652038
-607269
-596405
-607818
-599975
-555786
-505493
-487396
-497497
-494232
-452819
-398162
-372741
-380859
-382385
-345092
-287292
-254516
-259979
-266387
-234527
-174926
-134948
-136932
-148132
-122955
-63049
-16113
-13793
-29479
-12145
46447
100006
107513
87860
96221
151885
211639
225372
202362
200775
251708
317108
338134
312713
300231
344451
414855
444458
417816
393554
428955
503540
543212
516876
479949
504058
581939
633483
609405
558868
568695
648742
714569
695343
630035
621673
702575
786071
775329
693572
661499
741394
847900
851379
750366
685516
761627
900604
928436
802825
687774
754730
946319
1021057
858642
650054
692230
993774
1190673
954986
470245
375793
1127807
2419006
3328735
3135498
1995544
794433
323638
618286
1079742
1165832
885833
641754
701721
930938
1023071
884918
711090
710113
852935
938903
860168
722656
692962
787139
865356
819854
706054
659698
720764
790679
766387
670349
613525
649627
710815
701019
619384
555938
572113
624267
624603
555358
487976
487701
530578
537963
479705
410491
396453
429931
442077
393676
324371
298858
322937
337982
298614
230651
195678
210479
226898
195800
130523
87890
93719
110290
86761
25238
-23193
-25878
-10192
-26824
-83587
-136230
-146820
-132812
-143188
-194366
-249511
-267303
-255615
-260375
-305236
-361297
-385437
-376556
-376312
-414276
-469726
-499206
-493469
-488861
-519500
-572875
-606658
-604217
-595886
-618896
-668823
-705749
-706665
-695251
-710479
-755706
-794616
-798828
-784942
-792358
-831817
-871459
-878814
-863067
-862854
-895568
-934722
-944946
-927978
-920440
-945587
-983123
-995819
-978271
-963836
-980834
-1015594
-1030364
-1012817
-992065
-1000518
-1031433
-1047790
-1030822
-1004547
-1004241
-1030364
-1047790
-1031951
-1000946
-991912
-1012359
-1030303
-1016082
-981384
-963836
-977874
-995697
-983612
-946228
-920593
-927673
-944793
-935211
-896270
-863159
-862823
-878631
-871887
-832611
-792816
-784790
-798645
-794982
-756561
-711059
-695190
-706481
-706054
-669677
-619598
-595947
-604003
-606903
-573730
-520324
-489044
-493255
-499359
-470550
-415191
-376617
-376342
-385467
-362060
-306243
-260803
-255432
-267242
-250183
-195404
-143768
-132659
-146667
-136810
-84655
-27526
-10070
-25634
-23651
24169
85937
110321
94085
87615
129455
194854
226837
210937
195587
229644
297515
337799
323455
298980
323455
392486
441772
430511
396789
409667
478393
537475
531188
488281
487335
553924
623901
624908
572937
555511
617889
700073
711425
650787
613372
668731
765106
791198
722259
659973
704376
818115
865692
789062
693786
720916
857818
938934
855438
711791
709320
881469
1022399
934356
705047
640045
880187
1163269
1085174
626739
323364
779022
1972808
3122222
3335632
2440460
1147277
381134
463409
947448
1190643
999267
695800
648071
854583
1020202
949279
757476
687164
800140
927368
902435
763946
685577
748504
850280
849090
743408
661956
692260
774261
786804
704315
622406
629150
694335
714996
650299
569580
558349
608489
633697
583282
505096
479736
516113
543273
504730
430084
393585
417175
444396
415863
345642
300476
312194
337982
317932
252868
201202
201995
225158
212341
153045
96801
87615
107269
100555
47576
-11444
-29571
-14068
-15686
-61981
-122131
-148101
-137207
-134674
-173950
-233642
-266204
-260223
-254333
-286407
-344177
-382110
-381072
-372650
-397399
-451873
-493865
-497680
-487426
-504852
-554840
-599487
-607971
-596527
-606750
-651123
-697052
-709808
-697753
-701019
-738861
-784698
-801208
-789093
-785766
-816253
-860626
-880371
-868682
-859161
-881683
-923370
-945648
-934783
-919647
-933807
-971557
-995635
-985992
-965911
-971466
-1004211
-1029327
-1021179
-996887
-993835
-1020599
-1045959
-1039581
-1011932
-1000396
-1020416
-1045166
-1040771
-1010650
-991058
-1003631
-1026977
-1024749
-993103
-966003
-970642
-991821
-991790
-959625
-925781
-922210
-940460
-942657
-910980
-871307
-859375
-874023
-878356
-848175
-803710
-783538
-793884
-800231
-772491
-724517
-696319
-701751
-709930
-685546
-635345
-599578
-599517
-609191
-589050
-537994
-495239
-489227
-500000
-484832
-434387
-385437
-373046
-384399
-374847
-326507
-272216
-253112
-264434
-261016
-216308
-157745
-131622
-142150
-145202
-105621
-44006
-10589
-19531
-29235
3662
67077
107910
101562
85205
110046
173767
222167
219543
196716
211975
274414
330444
332885
303985
308166
367614
431304
440307
405975
397583
451995
523376
540771
501953
479278
526397
605499
633575
591430
552612
589599
676513
718261
674438
617004
640228
735198
794830
751708
672088
676330
779968
864074
825225
717681
694396
808044
928314
900115
753692
686462
813049
994567
991577
780487
627044
773101
1090637
1166046
800170
364166
522552
1522674
2801177
3399810
2837615
1566711
543579
356445
782897
1160461
1099548
783020
626556
772399
986968
998504
819732
687622
748931
896240
930297
813110
696289
714721
821899
864959
783996
678588
670318
748901
795074
738464
642700
616119
672088
718048
679199
592193
552429
589477
633087
607666
529022
479675
500427
540100
525146
454589
398437
404876
439544
432678
370117
309387
303253
332092
331512
276824
213470
196350
218750
222930
175994
111785
85174
100860
108428
69122
5584
-28930
-20172
-10314
-42144
-103637
-144622
-142700
-131530
-156127
-214263
-260162
-264831
-253204
-270874
-324493
-373779
-384643
-373260
-384307
-432434
-483612
-500122
-489562
-494415
-536132
-587677
-609161
-599945
-598999
-633636
-684112
-709747
-702239
-696044
-723022
-770996
-799926
-794403
-783508
-802459
-846649
-877899
-874572
-859588
-870300
-909515
-942108
-941009
-922637
-925079
-958282
-991149
-992370
-971282
-965606
-991882
-1024017
-1027496
-1004455
-990966
-1009613
-1040039
-1045593
-1021392
-1000610
-1011077
-1038818
-1046325
-1021728
-994323
-996276
-1020416
-1029632
-1005432
-972259
-965545
-985229
-995849
-972839
-934875
-919555
-934082
-945739
-924652
-882995
-859344
-868072
-880371
-861877
-817749
-786224
-788604
-801116
-785858
-740539
-701782
-697387
-709594
-698120
-652923
-607788
-596313
-607666
-600433
-556732
-506164
-487396
-497314
-494628
-453765
-398925
-372802
-380615
-382659
-346038
-288177
-254730
-259704
-266540
-235412
-175903
-135284
-136688
-148162
-123748
-64117
-16540
-13549
-29357
-12878
45318
99426
107757
88104
95642
150726
210937
225555
202758
200347
250518
316223
338256
313232
299987
343322
413848
444488
418487
393554
427856
502380
543121
517669
480194
503021
580596
633209
610290
559417
567779
647216
714080
696319
630920
620971
700836
785278
776397
694915
661102
739410
846679
852447
752258
685516
759338
898742
929443
805511
688476
751983
943359
1021881
862701
652130
688751
988220
1190551
962463
477203
370727
1108520
2397430
3321502
3148468
2018280
810058
324127
609863
1074157
1168273
891540
643554
698425
927459
1023651
888305
712921
708465
850402
938842
862518
724426
692199
785186
864959
821563
707733
659484
719268
790130
767669
671966
613677
648498
710205
701965
620910
556365
571289
623596
625274
556762
488616
487152
529937
538452
481018
411315
396148
429321
442382
394897
325317
298797
322387
338134
299682
231689
195800
210021
226959
196746
131591
88195
93383
110260
87585
26336
-22766
-26153
-10284
-26123
-82489
-135650
-146972
-132965
-142639
-193298
-248840
-267364
-255828
-259948
-304260
-360534
-385375
-376770
-376007
-413360
-468902
-499053
-493682
-488677
-518707
-572021
-606414
-604431
-595825
-618194
-667968
-705444
-706878
-695312
-709899
-754882
-794219
-799011
-785095
-791931
-831024
-871002
-878967
-863311
-862579
-894836
-934234
-945068
-928314
-920288
-944946
-982604
-995910
-978668
-963836
-980285
-1015075
-1030395
-1013244
-992248
-1000122
-1030914
-1047821
-1031311
-1004852
-1003967
-1029876
-1047760
-1032440
-1001373
-991790
-1011932
-1030212
-1016601
-981933
-963836
-977478
-995605
-984100
-946868
-920745
-927337
-944641
-935668
-897003
-863464
-862609
-878479
-872314
-833404
-793273
-784637
-798431
-795349
-757385
-711639
-695159
-706237
-706359
-670532
-620330
-596038
-603759
-607116
-574554
-521148
-489227
-493011
-499481
-471343
-416137
-376922
-376129
-385528
-362823
-307250
-261260
-255249
-267181
-250854
-196472
-144348
-132507
-146514
-137359
-85754
-28228
-10009
-25360
-24078
23071
85083
110351
94451
87341
128387
193878
226745
211395
195495
228637
296417
337585
323974
299072
322540
391265
441406
431091
397125
408874
477050
536987
531799
488861
486694
552520
623168
625518
573791
555114
616363
699066
712005
651916
613281
667144
763793
791687
723754
660278
702697
816375
865997
790985
694641
719207
855407
938873
857940
713531
707611
878051
1021667
937744
708435
638458
874511
1160614
1090484
635253
323333
763854
1950042
3108673
3342193
2461791
1166931
386718
456695
939819
1190490
1004760
699432
646148
850494
1019226
952178
760284
686614
797454
926239
904235
766265
685668
746643
849151
850219
745391
662475
690979
773193
787536
706085
623168
628295
693328
715423
651824
570526
557830
607574
633911
584625
506134
479522
515319
543304
505859
431213
393646
416534
444305
416839
346801
300750
311676
337799
318756
254058
201660
201629
224914
213012
154205
97412
87371
107025
101104
48675
-10681
-29663
-14343
-15289
-60943
-121307
-148040
-137481
-134399
-172973
-232727
-266052
-260467
-254180
-285552
-343231
-381835
-381286
-372589
-396636
-450927
-493469
-497863
-487457
-504241
-553924
-598999
-608093
-596618
-606262
-650238
-696502
-709869
-697937
-700683
-738037
-784088
-801239
-789367
-785552
-815490
-860015
-880340
-868988
-859100
-881072
-922729
-945556
-935119
-919708
-933288
-970947
-995513
-986358
-966125
-971069
-1003601
-1029144
-1021545
-997222
-993591
-1020050
-1045745
-1039947
-1012359
-1000305
-1019897
-1044921
-1041137
-1011199
-991119
-1003204
-1026733
-1025085
-993713
-966217
-970336
-991546
-992095
-960327
-926147
-921997
-940185
-942901
-911712
-871795
-859283
-873718
-878570
-848907
-804351
-783569
-793609
-800384
-773254
-725280
-696502
-701507
-709991
-686279
-636199
-599884
-599304
-609191
-589721
-538909
-495666
-489074
-499938
-485443
-435394
-385986
-372955
-384246
-375366
-327514
-272918
-253082
-264221
-261413
-217315
-158569
-131683
-141876
-145477
-106628
-44921
-10772
-19195
-29357
2746
66040
107635
101928
85235
109191
172637
221740
219940
196929
211212
273223
329895
333251
304382
307586
366363
430572
440643
406555
397186
450714
522491
541076
502716
479125
525115
604370
633789
592376
552734
588348
675140
718322
675628
617462
639007
733551
794677
753112
673004
675231
777954
863555
826843
719207
693511
805511
927246
902008
756134
685974
809722
992492
993774
784576
627410
768249
1086090
1168640
808776
368316
512420
1500823
2782653
3399261
2855499
1588836
554504
352844
774230
1157440
1103881
788085
626464
768402
984558
1000396
823089
688323
746582
894226
931213
815643
697296
713256
820220
865356
785980
679779
669494
747467
795135
740081
643981
615722
670898
717895
680511
593536
552398
588531
632812
608734
530364
479919
499664
539764
526000
455902
398864
404327
439117
433349
371368
310028
302917
331665
332000
278015
214263
196197
218353
223266
177124
112670
85205
100463
108642
70129
6530
-28778
-20507
-10192
-41259
-102630
-144317
-142944
-131500
-155364
-213226
-259735
-265014
-253265
-270202
-323486
-373229
-384765
-373382
-383789
-431457
-482971
-500152
-489746
-494018
-535217
-586975
-609100
-600158
-598724
-632812
-683349
-709625
-702484
-695892
-722290
-770233
-799743
-794677
-783508
-801849
-845916
-877685
-874816
-859710
-869812
-908782
-941802
-941284
-922882
-924743
-957580
-990814
-992614
-971618
-965393
-991271
-1023651
-1027709
-1004882
-990936
-1009094
-1039642
-1045806
-1021911
-1000732
-1010650
-1038421
-1046508
-1022277
-994598
-995971
-1020019
-1029754
-1006011
-972656
-965362
-984863
-995941
-973449
-935424
-919525
-933746
-945800
-925262
-883666
-859436
-867767
-880371
-862487
-818511
-786468
-788360
-801055
-786437
-741363
-702178
-697204
-709503
-698638
-653808
-608306
-596191
-607513
-600860
-557647
-506805
-487396
-497131
-494964
-454711
-399719
-372894
-380401
-382934
-346954
-289062
-254913
-259460
-266693
-236267
-176879
-135589
-136413
-148162
-124542
-65185
-16998
-13305
-29266
-13549
44219
98846
108001
88348
95062
149566
210205
225738
203155
199951
249359
315368
338378
313781
299774
342163
412811
444519
419128
393554
426757
501190
543029
518432
480468
502014
579223
632965
611145
559967
566925
645660
713592
697265
631835
620300
699096
784484
777404
696258
660705
737457
845458
853485
754150
685546
757080
896850
930419
808197
689208
749298
940338
1022583
866729
654296
685363
982635
1190307
969848
484283
365936
1089385
2375762
3313934
3161163
2041015
825927
324890
601470
1068481
1170593
897247
645446
695190
923919
1024169
891723
714813
706878
847839
938690
864868
726226
691467
783233
864532
823242
709472
659271
717773
789550
768920
673583
613861
647369
709533
702880
622436
556854
570465
622924
625946
558197
489318
486602
529266
538909
482299
412139
395874
428710
442657
396087
326293
298736
321868
338287
300750
232727
195922
209564
226989
197692
132659
88500
93017
110198
88378
27435
-22277
-26397
-10406
-25451
-81420
-135040
-147125
-133148
-142089
-192260
-248138
-267395
-256011
-259521
-303253
-359741
-385314
-376983
-375732
-412475
-468078
-498901
-493927
-488525
-517883
-571166
-606140
-604644
-595764
-617492
-667083
-705078
-707092
-695373
-709350
-754028
-793823
-799194
-785247
-791503
-830230
-870544
-879119
-863586
-862304
-894104
-933746
-945190
-928649
-920166
-944305
-982086
-995971
-979064
-963867
-979766
-1014526
-1030456
-1013702
-992401
-999725
-1030426
-1047821
-1031799
-1005157
-1003692
-1029388
-1047698
-1032928
-1001831
-991668
-1011474
-1030151
-1017089
-982482
-963867
-977111
-995483
-984588
-947540
-920928
-927032
-944488
-936126
-897735
-863800
-862365
-878295
-872741
-834197
-793731
-784515
-798248
-795715
-758209
-712249
-695129
-706024
-706665
-671356
-621032
-596099
-603546
-607330
-575408
-522003
-489440
-492797
-499603
-472137
-417053
-377258
-375915
-385528
-363555
-308227
-261718
-255065
-267120
-251495
-197509
-144927
-132385
-146331
-137878
-86822
-28961
-9918
-25085
-24475
21972
84228
110351
94818
87097
127319
192901
226654
211822
195434
227661
295318
337371
324523
299224
321624
390075
441070
431671
397491
408111
475738
536437
532409
489440
486114
551086
622436
626129
574676
554748
614868
698059
712554
653076
613220
665557
762451
792144
725280
660583
701080
814575
866271
792907
695526
717529
853027
938812
860412
715301
705932
874603
1020874
941101
711883
636962
868865
1157836
1095672
643829
323547
748901
1927276
3094818
3348388
2483001
1186737
392547
450073
932098
1190185
1010223
703186
644317
846405
1018218
955047
763122
686096
794799
925079
905975
768615
685821
744781
847961
851318
747406
662994
689697
772064
788208
707824
623962
627441
692291
715820
653350
571502
557342
606689
634063
585937
507232
479339
514526
543304
507019
432342
393707
415863
444213
417816
347991
301025
311187
337615
319580
255218
202148
201263
224670
213684
155364
98052
87158
106750
101623
49804
-9948
-29724
-14617
-14892
-59875
-120452
-147979
-137756
-134124
-172027
-231811
-265838
-260711
-254028
-284667
-342285
-381530
-381500
-372528
-395904
-449981
-493041
-498046
-487518
-503631
-552978
-598510
-608215
-596740
-605773
-649353
-695953
-709960
-698150
-700317
-737213
-783477
-801269
-789611
-785339
-814758
-859375
-880310
-869262
-859039
-880432
-922088
-945495
-935455
-919799
-932769
-970306
-995391
-986694
-966308
-970703
-1002990
-1028991
-1021942
-997558
-993347
-1019500
-1045532
-1040344
-1012817
-1000244
-1019409
-1044677
-1041503
-1011749
-991210
-1002807
-1026458
-1025421
-994354
-966461
-970001
-991271
-992401
-960998
-926513
-921783
-939910
-943176
-912414
-872314
-859191
-873443
-878753
-849639
-805023
-783630
-793334
-800506
-773986
-726043
-696685
-701263
-710052
-686981
-637054
-600189
-599121
-609191
-590393
-539855
-496124
-488922
-499847
-486053
-436370
-386566
-372863
-384094
-375854
-328552
-273651
-253082
-264007
-261810
-218322
-159393
-131744
-141601
-145751
-107604
-45867
-10925
-18890
-29479
1800
65002
107330
102294
85296
108337
171508
221313
220306
197143
210510
272033
329315
333648
304779
307006
365112
429840
441009
407135
396789
449432
521545
541381
503479
478973
523834
603240
633972
593353
552856
587097
673767
718353
676788
617950
637847
731872
794464
754486
673950
674163
775909
863006
828430
720764
692687
803009
926147
903839
758575
685546
806427
990356
995910
788635
627899
763427
1081451
1171081
817352
372650
502563
1479034
2763916
3398376
2873168
1611053
565673
349456
765533
1154296
1108123
793182
626464
764404
982086
1002227
826477
689056
744232
892211
932067
818176
698364
711853
818511
865692
787994
680999
668701
746032
795166
741699
645294
615356
669708
717742
681793
594848
552368
587554
632507
609802
531707
480163
498931
539367
526824
457214
399353
403778
438720
433990
372650
310668
302581
331237
332489
279205
215057
196044
217956
223632
178222
113555
85235
100097
108856
71136
7507
-28594
-20812
-10101
-40344
-101593
-143981
-143218
-131469
-154571
-212188
-259277
-265197
-253326
-269561
-322448
-372680
-384887
-373504
-383270
-430480
-482330
-500183
-489929
-493621
-534301
-586273
-609069
-600372
-598480
-631988
-682617
-709503
-702728
-695770
-721588
-769470
-799560
-794921
-783508
-801239
-845153
-877410
-875091
-859832
-869354
-908050
-941497
-941558
-923126
-924407
-956909
-990478
-992858
-971954
-965240
-990661
-1023284
-1027954
-1005310
-990905
-1008575
-1039245
-1046020
-1022399
-1000854
-1010253
-1037994
-1046661
-1022857
-994873
-995666
-1019622
-1029876
-1006622
-973083
-965209
-984497
-996032
-974060
-935974
-919494
-933410
-945831
-925903
-884307
-859558
-867462
-880340
-863098
-819274
-786743
-788116
-800994
-787017
-742218
-702575
-697052
-709381
-699157
-654724
-608856
-596099
-607360
-601318
-558563
-507476
-487396
-496917
-495330
-455657
-400512
-373016
-380187
-383178
-347869
-289978
-255126
-259216
-266815
-237152
-177886
-135925
-136169
-148162
-125335
-66253
-17456
-13061
-29113
-14251
43090
98266
108215
88623
94512
148437
209472
225921
203552
199554
248199
314483
338500
314300
299591
341033
411773
444549
419799
393585
425689
499969
542907
519195
480743
501037
577850
632659
612030
560546
566070
644134
713073
698211
632781
619659
697357
783630
778411
697601
660339
735473
844177
854461
756042
685638
754821
894927
931335
810882
690002
746673
937286
1023223
870727
656524
682037
977020
1189910
977142
491485
361419
1070434
2353973
3306030
3173522
2063690
842010
325866
593139
1062683
1172790
902954
647430
692016
920349
1024597
895111
716735
705352
845275
938507
867187
728088
690765
781311
864074
824920
711212
659118
716278
788940
770141
675231
614074
646240
708862
703765
623992
557342
569671
622253
626586
559631
490020
486083
528594
539337
483612
412994
395599
428100
442932
397247
327239
298675
321319
338409
301788
233795
196075
209136
226989
198608
133758
88836
92651
110137
89172
28533
-21820
-26641
-10528
-24780
-80322
-134429
-147277
-133331
-141571
-191223
-247406
-267425
-256225
-259124
-302276
-358978
-385223
-377197
-375457
-411560
-467224
-498718
-494140
-488372
-517089
-570281
-605895
-604858
-595733
-616821
-666229
-704742
-707305
-695434
-708801
-753204
-793395
-799377
-785430
-791107
-829437
-870086
-879272
-863830
-862030
-893371
-933258
-945281
-928985
-920043
-943664
-981567
-996063
-979431
-963897
-979248
-1014007
-1030456
-1014129
-992584
-999328
-1029907
-1047790
-1032257
-1005462
-1003448
-1028900
-1047668
-1033416
-1002258
-991546
-1011016
-1030029
-1017578
-983032
-963897
-976715
-995361
-985076
-948181
-921081
-926727
-944335
-936584
-898498
-864135
-862152
-878082
-873138
-834991
-794219
-784393
-798034
-796081
-759033
-712860
-695129
-705810
-706939
-672210
-621765
-596221
-603302
-607513
-576232
-522827
-489685
-492584
-499725
-472930
-417999
-377624
-375732
-385559
-364288
-309234
-262207
-254913
-267028
-252136
-198577
-145538
-132263
-146148
-138427
-87921
-29693
-9857
-24780
-24871
20904
83374
110321
95184
86853
126281
191894
226562
212280
195373
226654
294219
337158
325042
299377
320739
388854
440673
432250
397857
407348
474426
535888
532989
490051
485534
549682
621673
626708
575531
554412
613372
697052
713104
654266
613189
664001
761108
792572
726776
660949
699462
812805
866516
794799
696472
715911
850585
938659
862854
717102
704345
871154
1019989
944396
715393
635559
863250
1154937
1100708
652404
323974
734222
1904510
3080688
3354248
2504058
1206695
398681
443603
924316
1189758
1015625
707000
642578
842285
1017089
957885
766021
685668
792114
923858
907684
770965
686004
742950
846771
852386
749420
663574
688446
770935
788879
709564
624755
626617
691253
716186
654846
572479
556884
605743
634216
587249
508300
479187
513732
543304
508148
433502
393798
415222
444091
418762
349151
301330
310668
337432
320373
256408
202636
200897
224426
214324
156524
98693
86975
106475
102142
50903
-9185
-29785
-14892
-14526
-58837
-119598
-147888
-138031
-133850
-171051
-230895
-265655
-260955
-253875
-283813
-341339
-381195
-381713
-372497
-395172
-449035
-492645
-498199
-487548
-503021
-552032
-597991
-608337
-596893
-605285
-648468
-695373
-710021
-698333
-699981
-736389
-782836
-801269
-789855
-785156
-814025
-858703
-880279
-869567
-858978
-879791
-921417
-945404
-935791
-919891
-932281
-969635
-995239
-987060
-966522
-970336
-1002380
-1028778
-1022308
-997894
-993133
-1018920
-1045288
-1040679
-1013244
-1000183
-1018920
-1044433
-1041839
-1012268
-991302
-1002380
-1026184
-1025726
-994964
-966674
-969696
-990997
-992675
-961669
-926910
-921600
-939605
-943389
-913146
-872833
-859130
-873168
-878936
-850372
-805664
-783691
-793060
-800628
-774719
-726806
-696868
-701019
-710113
-687683
-637908
-600494
-598907
-609161
-591033
-540771
-496582
-488769
-499755
-486633
-437347
-387176
-372772
-383941
-376342
-329559
-274353
-253082
-263793
-262176
-219329
-160247
-131835
-141326
-145996
-108581
-46844
-11138
-18554
-29602
885
63934
107025
102661
85327
107513
170379
220886
220672
197357
209808
270812
328735
334014
305175
306457
363861
429107
441345
407714
396453
448181
520629
541625
504241
478851
522552
602111
634124
594329
553039
585845
672393
718353
677947
618499
636688
730194
794250
755828
674926
673156
773864
862426
830017
722320
691894
800476
924987
905639
761047
685180
803161
988159
997985
792755
628479
758666
1076751
1173370
825866
377136
492950
1457366
2744995
3397125
2890594
1633331
577117
346252
756835
1151000
1112274
798309
626556
760437
979553
1003997
829864
689849
741943
890136
932891
820709
699462
710479
816772
865997
789978
682250
667907
744598
795166
743286
646606
615020
668518
717529
683074
596221
552368
586608
632202
610809
533050
480438
498199
538970
527648
458526
399841
403259
438293
434631
373901
311340
302246
330810
332946
280395
215850
195892
217529
223937
179321
114471
85266
99731
109069
72143
8483
-28381
-21148
-9979
-39459
-100585
-143646
-143463
-131469
-153808
-211151
-258789
-265380
-253387
-268920
-321441
-372100
-384979
-373657
-382751
-429504
-481658
-500213
-490112
-493255
-533386
-585540
-609008
-600585
-598236
-631164
-681854
-709381
-702972
-695678
-720855
-768707
-799346
-795196
-783508
-800659
-844390
-877166
-875366
-859954
-868896
-907318
-941192
-941802
-923370
-924102
-956237
-990112
-993103
-972320
-965057
-990051
-1022888
-1028167
-1005737
-990905
-1008056
-1038848
-1046203
-1022888
-1001007
-1009826
-1037597
-1046813
-1023406
-995178
-995391
-1019226
-1029998
-1007202
-973510
-965026
-984100
-996093
-974670
-936523
-919464
-933044
-945831
-926513
-884979
-859680
-867187
-880340
-863677
-820037
-787017
-787872
-800933
-787567
-743041
-703002
-696868
-709259
-699645
-655609
-609405
-596038
-607208
-601745
-559509
-508178
-487396
-496734
-495666
-456573
-401306
-373138
-379943
-383392
-348754
-290863
-255371
-258972
-266937
-237976
-178894
-136291
-135925
-148162
-126129
-67321
-17944
-12817
-28991
-14923
41961
97656
108428
88867
93994
147277
208709
226104
203948
199188
247039
313568
338592
314819
299407
339904
410705
444519
420440
393615
424621
498779
542755
519958
481048
500091
576477
632324
612884
561157
565246
642578
712493
699157
633728
619049
695617
782775
779388
698974
660034
733520
842864
855438
757965
685760
752593
892974
932220
813568
690856
744079
934204
1023803
874725
658843
678833
971405
1189361
984313
498779
357147
1051666
2332092
3297790
3185607
2086364
858306
327087
584869
1056762
1174865
908660
649536
688903
916748
1024932
898468
718750
703857
842712
938293
869476
729949
690093
779357
863555
826568
712982
658996
714813
788299
771331
676879
614318
645141
708160
704650
625518
557861
568878
621551
627197
561035
490722
485565
527923
539733
484924
413879
395324
427490
443145
398437
328247
298645
320800
338500
302856
234832
196228
208679
226989
199523
134857
89172
92315
110046
89965
29663
-21331
-26885
-10681
-24139
-79223
-133819
-147399
-133514
-141052
-190155
-246704
-267456
-256439
-258758
-301300
-358154
-385162
-377441
-375183
-410675
-466369
-498535
-494354
-488220
-516296
-569427
-605590
-605072
-595703
-616149
-665344
-704376
-707489
-695526
-708251
-752349
-792968
-799560
-785583
-790710
-828643
-869598
-879394
-864074
-861785
-892669
-932739
-945373
-929290
-919952
-943054
-981018
-996124
-979827
-963928
-978729
-1013458
-1030487
-1014556
-992767
-998931
-1029357
-1047760
-1032745
-1005798
-1003173
-1028411
-1047576
-1033905
-1002716
-991424
-1010589
-1029937
-1018066
-983581
-963928
-976348
-995208
-985565
-948852
-921295
-926422
-944183
-937042
-899230
-864471
-861938
-877899
-873535
-835784
-794677
-784271
-797821
-796417
-759887
-713470
-695098
-705596
-707214
-673034
-622528
-596313
-603088
-607696
-577056
-523681
-489898
-492370
-499816
-473724
-418945
-377990
-375518
-385559
-364990
-310241
-262695
-254730
-266937
-252777
-199645
-146148
-132141
-145935
-138916
-88989
-30426
-9796
-24505
-25238
19836
82489
110290
95581
86639
125244
190887
226409
212738
195343
225708
293090
336883
325531
299530
319885
387603
440277
432800
398223
406616
473083
535308
533569
490661
484985
548278
620880
627258
576416
554107
611877
695983
713623
655426
613189
662445
759704
792968
728271
661376
697875
810974
866699
796722
697448
714324
848144
938476
865295
718963
702819
867706
1019042
947631
718933
634246
857666
1151947
1105651
661041
324615
719757
1881774
3066284
3359771
2524993
1226837
405059
437255
916442
1189178
1020996
710876
640930
838165
1015930
960662
768920
685272
789459
922607
909362
773376
686248
741119
845550
853424
751464
664184
687194
769775
789489
711303
625610
625823
690216
716522
656372
573486
556457
604827
634338
588562
509429
479034
512939
543273
509277
434661
393920
414581
443939
419708
350372
301666
310180
337219
321166
257598
203125
200561
224182
214965
157684
99334
86761
106201
102630
52001
-8422
-29846
-15197
-14160
-57800
-118743
-147827
-138305
-133605
-170104
-229980
-265441
-261199
-253753
-282989
-340393
-380859
-381927
-372467
-394439
-448059
-492187
-498382
-487609
-502410
-551116
-597473
-608459
-597015
-604827
-647552
-694793
-710083
-698547
-699676
-735565
-782226
-801269
-790130
-784973
-813293
-858062
-880218
-869873
-858947
-879180
-920745
-945281
-936126
-919982
-931793
-968994
-995086
-987426
-966766
-969970
-1001770
-1028594
-1022644
-998229
-992919
-1018371
-1045074
-1041046
-1013702
-1000122
-1018432
-1044158
-1042175
-1012817
-991394
-1001983
-1025909
-1026031
-995574
-966949
-969390
-990692
-992950
-962341
-927307
-921417
-939300
-943634
-913848
-873382
-859069
-872863
-879119
-851104
-806335
-783752
-792785
-800750
-775421
-727569
-697052
-700775
-710174
-688385
-638763
-600830
-598724
-609161
-591674
-541717
-497070
-488647
-499664
-487182
-438323
-387786
-372711
-383789
-376831
-330535
-275085
-253082
-263580
-262542
-220336
-161102
-131927
-141052
-146209
-109558
-47790
-11322
-18249
-29663
0
62896
106719
102996
85418
106689
169219
220428
221038
197601
209106
269622
328125
334350
305572
305938
362609
428314
441650
408325
396118
446899
519653
541900
505035
478759
521301
600952
634277
595306
553222
584625
670989
718322
679107
619049
635528
728515
793975
757202
675933
672149
771850
861785
831542
723937
691162
797973
923797
907409
763549
684875
799896
985931
999969
796844
629150
753967
1071990
1175537
834350
381805
483642
1435791
2725860
3395507
2907806
1655670
588806
343231
748107
1147552
1116363
803497
626770
756500
976928
1005706
833282
690734
739685
888031
933654
823242
700592
709106
815032
866271
791961
683532
667144
743133
795135
744873
647949
614715
667327
717315
684356
597564
552398
585662
631835
611846
534393
480743
497467
538574
528442
459838
400360
402740
437835
435241
375152
312042
301940
330352
333404
281555
216674
195770
217132
224243
180419
115417
85327
99365
109252
73120
9490
-28167
-21453
-9918
-38604
-99548
-143280
-143707
-131469
-153045
-210113
-258331
-265563
-253479
-268280
-320404
-371520
-385070
-373779
-382263
-428527
-480987
-500213
-490295
-492889
-532501
-584808
-608947
-600799
-598022
-630340
-681091
-709228
-703216
-695556
-720153
-767913
-799133
-795440
-783538
-800079
-843597
-876892
-875610
-860107
-868438
-906585
-940856
-942047
-923614
-923797
-955566
-989746
-993347
-972656
-964904
-989440
-1022491
-1028381
-1006164
-990875
-1007537
-1038421
-1046386
-1023406
-1001159
-1009429
-1037170
-1046966
-1023956
-995452
-995117
-1018798
-1030090
-1007812
-973937
-964904
-983734
-996154
-975280
-937072
-919464
-932708
-945861
-927093
-885650
-859832
-866882
-880279
-864288
-820800
-787292
-787658
-800842
-788116
-743896
-703399
-696716
-709136
-700134
-656494
-609954
-595947
-607025
-602142
-560424
-508880
-487426
-496520
-495971
-457489
-402130
-373260
-379730
-383605
-349670
-291778
-255615
-258728
-267028
-238830
-179901
-136657
-135681
-148162
-126892
-68389
-18432
-12573
-28839
-15563
40832
97015
108642
89141
93475
146118
207946
226257
204345
198822
245910
312652
338653
315368
299255
338775
409667
444488
421112
393707
423553
497558
542602
520721
481384
499114
575103
631988
613739
561767
564453
641021
711914
700073
634704
618469
693878
781860
780303
700378
659759
731567
841522
856353
759887
685943
750396
890991
933013
816253
691772
741546
931060
1024291
878692
661224
675720
965759
1188720
991424
506164
353149
1033111
2310119
3289215
3197387
2108978
874847
328582
576660
1050720
1176818
914398
651733
685821
913116
1025238
901824
720794
702392
840087
937988
871734
731872
689483
777404
863006
828186
714752
658905
713317
787628
772521
678527
614593
644042
707458
705474
627075
558410
568084
620819
627777
562469
491485
485076
527252
540130
486206
414764
395080
426879
443389
399597
329254
298614
320251
338592
303863
235900
196411
208221
226989
200408
135955
89538
91979
109954
90728
30761
-20812
-27099
-10833
-23498
-78155
-133178
-147521
-133697
-140533
-189117
-245941
-267456
-256652
-258361
-300323
-357360
-385040
-377655
-374938
-409790
-465515
-498321
-494598
-488098
-515502
-568542
-605316
-605285
-595703
-615478
-664489
-704010
-707672
-695587
-707702
-751495
-792541
-799713
-785766
-790313
-827850
-869110
-879516
-864349
-861541
-891937
-932189
-945465
-929626
-919860
-942443
-980468
-996154
-980224
-963989
-978210
-1012908
-1030487
-1015014
-992950
-998535
-1028839
-1047729
-1033203
-1006134
-1002929
-1027893
-1047515
-1034393
-1003173
-991333
-1010131
-1029815
-1018554
-984161
-963989
-975952
-995056
-986022
-949493
-921478
-926116
-944000
-937469
-899963
-864807
-861724
-877685
-873931
-836578
-795196
-784149
-797607
-796722
-760681
-714111
-695129
-705352
-707458
-673889
-623260
-596435
-602844
-607879
-577850
-524536
-490142
-492126
-499908
-474487
-419860
-378356
-375335
-385559
-365692
-311248
-263183
-254577
-266845
-253387
-200683
-146789
-132019
-145751
-139434
-90057
-31188
-9765
-24230
-25604
18768
81604
110260
95947
86456
124206
189880
226287
213195
195312
224731
291992
336639
326049
299713
319030
386383
439849
433349
398620
405914
471771
534698
534149
491302
484466
546844
620056
627807
577301
553802
610412
694915
714111
656616
613189
660919
758300
793334
729766
661804
696319
809143
866821
798614
698455
712768
845703
938232
867675
720855
701324
864257
1018035
950805
722503
633056
852111
1148834
1110443
669677
325500
705535
1859008
3051635
3364929
2545806
1247100
411712
431060
908508
1188446
1026336
714874
639343
834045
1014648
963409
771881
684967
786834
921295
910980
775756
686523
739318
844268
854431
753479
664794
685974
768615
790100
713043
626495
625061
689147
716827
657867
574493
556030
603881
634460
589843
510528
478912
512145
543243
510375
435852
394042
413940
443786
420654
351562
302001
309692
336975
321929
258789
203643
200225
223907
215576
158843
100006
86578
105895
103088
53131
-7629
-29876
-15472
-13824
-56793
-117858
-147705
-138580
-133392
-169158
-229034
-265197
-261444
-253631
-282165
-339416
-380523
-382141
-372436
-393707
-447113
-491760
-498535
-487701
-501831
-550170
-596954
-608551
-597167
-604370
-646667
-694183
-710144
-698760
-699371
-734741
-781585
-801269
-790405
-784790
-812561
-857391
-880157
-870178
-858917
-878570
-920074
-945159
-936462
-920074
-931304
-968353
-994934
-987762
-966979
-969635
-1001159
-1028381
-1023010
-998596
-992736
-1017822
-1044830
-1041381
-1014160
-1000061
-1017944
-1043884
-1042510
-1013366
-991485
-1001586
-1025604
-1026336
-996185
-967193
-969116
-990386
-993225
-963012
-927703
-921234
-938995
-943847
-914550
-873931
-859008
-872589
-879272
-851837
-806976
-783813
-792541
-800842
-776153
-728332
-697265
-700561
-710205
-689056
-639617
-601196
-598510
-609130
-592315
-542633
-497528
-488494
-499572
-487731
-439300
-388397
-372650
-383636
-377288
-331542
-275848
-253112
-263336
-262878
-221313
-161956
-132049
-140777
-146453
-110504
-48767
-11535
-17944
-29754
-885
61828
106384
103332
85479
105895
168090
219970
221405
197845
208435
268402
327514
334686
305999
305419
361358
427520
441955
408935
395812
445648
518707
542114
505828
478698
520050
599761
634399
596252
553466
583435
669586
718261
680267
619598
634429
726837
793670
758514
676940
671203
769805
861145
833068
725555
690460
795471
922546
909118
766082
684631
796691
983612
1001892
800964
629913
749359
1067138
1177551
842803
386657
474578
1414337
2706573
3393524
2924774
1678100
600769
340423
739379
1143981
1120330
808746
627075
752593
974273
1007354
836700
691650
737457
885894
934356
825744
701782
707794
813262
866485
793914
684814
666442
741668
795074
746429
649322
614440
666137
717071
685607
598937
552459
584716
631469
612823
535736
481048
496734
538146
529205
461151
400909
402252
437377
435821
376403
312744
301635
329925
333831
282745
217529
195678
216705
224548
181488
116333
85388
98968
109436
74127
10498
-27954
-21759
-9857
-37719
-98510
-142913
-143951
-131500
-152313
-209075
-257812
-265747
-253570
-267669
-319396
-370910
-385162
-373931
-381774
-427551
-480316
-500213
-490478
-492523
-531585
-584075
-608886
-601043
-597778
-629516
-680297
-709075
-703460
-695465
-719451
-767150
-798919
-795684
-783569
-799499
-842834
-876586
-875854
-860260
-867980
-905853
-940521
-942291
-923858
-923492
-954864
-989379
-993560
-973022
-964752
-988830
-1022094
-1028564
-1006622
-990905
-1007019
-1037994
-1046539
-1023895
-1001312
-1009033
-1036773
-1047088
-1024505
-995758
-994842
-1018402
-1030181
-1008392
-974395
-964752
-983337
-996185
-975891
-937652
-919464
-932373
-945861
-927703
-886352
-859985
-866577
-880249
-864837
-821594
-787567
-787414
-800750
-788635
-744720
-703857
-696563
-708984
-700622
-657409
-610534
-595886
-606842
-602539
-561340
-509582
-487457
-496307
-496307
-458404
-402954
-373382
-379486
-383819
-350555
-292724
-255859
-258483
-267120
-239654
-180908
-137023
-135437
-148132
-127624
-69458
-18951
-12359
-28686
-16204
39703
96374
108825
89447
92956
144989
207153
226379
204772
198486
244750
311737
338714
315917
299102
337677
408569
444458
421752
393768
422515
496337
542419
521484
481719
498199
573730
631622
614562
562408
563690
639465
711303
700958
635681
617919
692138
780944
781250
701782
659515
729644
840148
857269
761810
686157
748229
888946
933776
818939
692718
739044
927917
1024719
882659
663665
672668
960083
1187896
998443
513641
349395
1014709
2288055
3280303
3208862
2131561
891601
330291
568542
1044586
1178649
920104
654022
682830
909423
1025421
905181
722900
701019
837493
937652
873992
733795
688934
775451
862426
829772
716552
658874
711853
786926
773651
680206
614929
642944
706695
706298
628601
558990
567321
620086
628326
563873
492248
484588
526550
540466
487487
415679
394866
426239
443572
400756
330261
298614
319702
338684
304901
236999
196624
207794
226959
201324
137084
89904
91644
109863
91491
31860
-20294
-27343
-10986
-22888
-77056
-132537
-147613
-133880
-140045
-188079
-245208
-267456
-256866
-258026
-299346
-356536
-384948
-377868
-374694
-408905
-464660
-498107
-494812
-487976
-514739
-567657
-605010
-605499
-595703
-614837
-663604
-703613
-707855
-695709
-707183
-750671
-792083
-799865
-785980
-789947
-827056
-868621
-879638
-864624
-861297
-891235
-931671
-945556
-929962
-919769
-941802
-979919
-996215
-980621
-964050
-977722
-1012359
-1030487
-1015441
-993164
-998168
-1028320
-1047698
-1033660
-1006469
-1002716
-1027404
-1047424
-1034881
-1003631
-991241
-1009704
-1029693
-1019012
-984741
-964050
-975585
-994903
-986450
-950164
-921691
-925811
-943817
-937866
-900695
-865173
-861511
-877502
-874298
-837371
-795684
-784057
-797363
-797058
-761505
-714752
-695129
-705139
-707702
-674713
-624023
-596557
-602630
-608032
-578674
-525390
-490386
-491912
-500000
-475250
-420837
-378723
-375122
-385528
-366394
-312286
-263702
-254425
-266723
-253997
-201751
-147430
-131927
-145538
-139923
-91125
-31982
-9735
-23925
-25939
17700
80718
110198
96313
86273
123199
188873
226104
213623
195312
223785
290832
336334
326568
299896
318176
385162
439422
433898
399017
405212
470428
534088
534698
491943
483947
545440
619232
628326
578216
553558
608947
693817
714569
657775
613250
659423
756896
793670
731292
662261
694793
807281
866943
800476
699493
711242
843261
937927
870056
722808
699920
860809
1016937
953948
726135
631958
846557
1145629
1115112
678344
326629
691589
1836303
3036682
3369750
2566467
1267547
418640
424987
900512
1187591
1031616
718902
637847
829925
1013336
966094
774871
684692
784179
919921
912567
778198
686859
737548
842987
855407
755523
665496
684783
767425
790649
714782
627380
624298
688079
717102
659362
575531
555633
602966
634521
591125
511688
478820
511352
543182
511474
437042
394195
413299
443634
421569
352752
302368
309204
336730
322692
260009
204193
199890
223632
216186
160003
100708
86395
105590
103576
54229
-6805
-29907
-15777
-13488
-55755
-116973
-147613
-138854
-133178
-168243
-228118
-264953
-261688
-253540
-281341
-338439
-380157
-382324
-372436
-393005
-446136
-491302
-498687
-487762
-501251
-549224
-596405
-608642
-597320
-603942
-645782
-693572
-710174
-698974
-699066
-733917
-780914
-801269
-790649
-784637
-811859
-856719
-880096
-870483
-858886
-877960
-919403
-945037
-936798
-920196
-930816
-967681
-994750
-988128
-967224
-969299
-1000549
-1028167
-1023345
-998931
-992523
-1017242
-1044555
-1041748
-1014617
-1000030
-1017456
-1043609
-1042846
-1013916
-991607
-1001190
-1025299
-1026641
-996826
-967468
-968811
-990081
-993469
-963684
-928131
-921051
-938690
-944061
-915252
-874481
-858978
-872283
-879425
-852539
-807678
-783905
-792266
-800933
-776855
-729125
-697479
-700317
-710235
-689727
-640502
-601562
-598327
-609069
-592926
-543579
-498046
-488372
-499481
-488281
-440277
-389007
-372589
-383453
-377746
-332550
-276580
-253112
-263122
-263214
-222320
-162841
-132171
-140502
-146636
-111450
-49743
-11779
-17608
-29815
-1770
60760
106018
103668
85601
105133
166931
219451
221740
198120
207794
267211
326873
335021
306427
304931
360107
426727
442230
409515
395507
444396
517700
542327
506591
478637
518798
598571
634490
597229
553680
582244
668151
718200
681396
620208
633331
725128
793334
759857
678009
670288
767761
860412
834564
727203
689819
792968
921234
910797
768615
684448
793487
981262
1003753
805084
630767
744781
1062225
1179412
851196
391662
465789
1392974
2687072
3391204
2941528
1700561
612976
337829
730651
1140258
1124237
814025
627471
748718
971557
1008911
840118
692657
735260
883728
935028
828277
703002
706512
811492
866699
795867
686157
665740
740203
794952
747985
650695
614196
664916
716796
686828
600341
552520
583770
631103
613800
537109
481414
496032
537689
529968
462493
401458
401733
436920
436401
377655
313476
301330
329467
334259
283935
218383
195587
216278
224822
182556
117279
85449
98602
109588
75073
11505
-27709
-22094
-9796
-36865
-97473
-142517
-144195
-131530
-151580
-208038
-257324
-265899
-253662
-267059
-318389
-370300
-385253
-374084
-381317
-426574
-479614
-500213
-490692
-492187
-530700
-583343
-608795
-601257
-597595
-628723
-679534
-708923
-703704
-695404
-718750
-766357
-798675
-795928
-783630
-798919
-842071
-876312
-876129
-860412
-867553
-905120
-940185
-942535
-924133
-923187
-954193
-988983
-993774
-973358
-964630
-988250
-1021667
-1028778
-1007049
-990905
-1006530
-1037567
-1046691
-1024414
-1001495
-1008636
-1036346
-1047210
-1025054
-996093
-994567
-1017974
-1030242
-1008972
-974853
-964630
-982971
-996215
-976501
-938232
-919464
-932037
-945831
-928283
-887023
-860137
-866302
-880187
-865417
-822357
-787872
-787200
-800628
-789154
-745574
-704284
-696411
-708862
-701080
-658294
-611114
-595855
-606658
-602935
-562255
-510284
-487518
-496093
-496582
-459320
-403778
-373535
-379272
-384033
-351440
-293640
-256134
-258239
-267211
-240478
-181915
-137420
-135192
-148071
-128356
-70556
-19470
-12145
-28503
-16815
38574
95703
109008
89721
92468
143829
206359
226501
205169
198181
243621
310791
338775
316436
298980
336578
407501
444396
422393
393890
421508
495086
542205
522216
482086
497283
572326
631225
615386
563079
562957
637908
710662
701843
636657
617401
690429
779968
782135
703186
659332
727722
838775
858093
763763
686431
746093
886901
934509
821594
693756
736572
924743
1025054
886566
666198
669738
954406
1186981
1005340
521240
345886
996520
2265899
3271057
3220031
2154113
908569
332275
560455
1038299
1180358
925842
656402
679901
905700
1025573
908477
725036
699676
834869
937255
876190
735778
688415
773498
861816
831329
718383
658843
710388
786193
774780
681884
615264
641876
705932
707092
630157
559570
566589
619354
628875
565307
493041
484130
525848
540832
488769
416625
394653
425628
443756
401885
331268
298645
319152
338745
305908
238067
196838
207336
226928
202178
138183
90301
91308
109741
92224
32989
-19744
-27557
-11169
-22277
-75958
-131866
-147735
-134094
-139587
-187042
-244445
-267425
-257080
-257659
-298370
-355712
-384826
-378112
-374481
-408020
-463775
-497894
-495025
-487884
-513977
-566772
-604705
-605712
-595703
-614196
-662719
-703247
-708038
-695800
-706695
-749816
-791625
-800018
-786163
-789550
-826263
-868103
-879760
-864898
-861083
-890533
-931121
-945617
-930328
-919677
-941192
-979370
-996246
-981018
-964111
-977233
-1011810
-1030487
-1015869
-993377
-997802
-1027770
-1047637
-1034118
-1006805
-1002471
-1026916
-1047332
-1035339
-1004089
-991149
-1009246
-1029571
-1019500
-985321
-964111
-975189
-994750
-986907
-950836
-921936
-925506
-943603
-938293
-901428
-865539
-861297
-877288
-874664
-838165
-796203
-783966
-797149
-797363
-762329
-715393
-695159
-704895
-707946
-675537
-624786
-596710
-602386
-608184
-579467
-526275
-490661
-491699
-500061
-476013
-421783
-379119
-374938
-385498
-367065
-313293
-264221
-254272
-266601
-254577
-202789
-148101
-131835
-145324
-140380
-92193
-32775
-9704
-23620
-26275
16662
79803
110137
96710
86090
122192
187835
225952
214080
195312
222869
289703
336029
327056
300109
317352
383911
438964
434417
399444
404541
469116
533447
535247
492584
483489
544036
618377
628845
579101
553314
607482
692718
714996
658966
613342
657928
755462
793945
732788
662750
693298
805419
867004
802368
700561
709777
840789
937561
872406
724792
698547
857360
1015777
957031
729797
630950
841064
1142303
1119628
687042
327941
677856
1813598
3021453
3374206
2586975
1288116
425842
419036
892456
1186584
1036834
723052
636444
825775
1011901
968750
777893
684509
781555
918518
914123
780609
687225
735778
841644
856323
757568
666198
683593
766204
791168
716522
628295
623565
686981
717346
660858
576599
555236
602020
634582
592407
512817
478729
510559
543090
512542
438232
394348
412658
443420
422454
353973
302764
308715
336486
323425
261199
204742
199554
223327
216766
161163
101409
86242
105285
104003
55328
-6011
-29937
-16082
-13153
-54748
-116088
-147460
-139129
-132965
-167327
-227172
-264709
-261932
-253417
-280517
-337463
-379791
-382537
-372436
-392333
-445159
-490814
-498840
-487854
-500671
-548278
-595855
-608734
-597473
-603515
-644897
-692962
-710205
-699188
-698760
-733123
-780273
-801239
-790924
-784484
-811126
-856048
-880004
-870788
-858886
-877349
-918731
-944915
-937103
-920318
-930358
-967041
-994567
-988464
-967468
-968963
-999908
-1027923
-1023712
-999298
-992370
-1016693
-1044311
-1042053
-1015075
-1000000
-1016998
-1043304
-1043151
-1014465
-991729
-1000823
-1024993
-1026916
-997436
-967742
-968536
-989776
-993713
-964355
-928558
-920898
-938385
-944244
-915954
-875030
-858917
-871978
-879547
-853271
-808349
-783996
-791992
-801025
-777557
-729919
-697723
-700073
-710235
-690399
-641387
-601928
-598144
-609039
-593536
-544525
-498535
-488250
-499359
-488830
-441253
-389648
-372528
-383270
-378173
-333526
-277343
-253173
-262878
-263549
-223297
-163696
-132293
-140228
-146850
-112396
-50720
-12023
-17303
-29846
-2624
59661
105651
104003
85693
104339
165802
218963
222076
198394
207153
265991
326202
335357
306884
304473
358886
425903
442504
410156
395233
443145
516693
542510
507385
478607
517578
597351
634552
598205
553955
581085
666717
718078
682556
620819
632293
723419
792968
761138
679077
669403
765716
859680
836059
728881
689208
790466
919921
912414
771179
684356
790313
978881
1005523
809234
631713
740295
1057281
1181121
859558
396820
457244
1371734
2667388
3388519
2958007
1723083
625457
335418
721923
1136413
1128051
819366
627960
744873
968750
1010437
843566
693695
733093
881530
935638
830780
704284
705261
809692
866821
797790
687530
665100
738739
794830
749511
652099
613952
663726
716491
688049
601745
552642
582824
630676
614746
538482
481781
495330
537231
530700
463806
402038
401275
436431
436950
378936
314208
301055
328979
334625
285095
219238
195495
215850
225067
183654
118255
85571
98205
109710
76049
12512
-27435
-22399
-9735
-36041
-96435
-142120
-144439
-131561
-150848
-207000
-256805
-266052
-253753
-266479
-317352
-369689
-385314
-374237
-380859
-425628
-478912
-500213
-490875
-491851
-529785
-582580
-608703
-601501
-597381
-627929
-678741
-708740
-703948
-695312
-718048
-765563
-798431
-796203
-783660
-798370
-841278
-876007
-876342
-860565
-867126
-904388
-939819
-942779
-924407
-922912
-953521
-988586
-993988
-973724
-964508
-987640
-1021270
-1028930
-1007476
-990936
-1006042
-1037139
-1046844
-1024902
-1001647
-1008270
-1035888
-1047302
-1025604
-996398
-994323
-1017578
-1030334
-1009552
-975311
-964508
-982574
-996246
-977081
-938812
-919494
-931671
-945831
-928894
-887725
-860290
-865997
-880126
-865966
-823120
-788208
-786987
-800537
-789672
-746429
-704742
-696289
-708709
-701538
-659179
-611724
-595794
-606475
-603302
-563171
-510986
-487548
-495910
-496887
-460235
-404602
-373718
-379028
-384216
-352294
-294586
-256408
-258026
-267272
-241302
-182922
-137817
-134979
-148040
-129089
-71624
-19989
-11932
-28350
-17456
37475
95031
109161
90026
92010
142700
205566
226623
205596
197875
242492
309844
338775
316986
298889
335510
406402
444305
423065
394012
420501
493835
541961
522979
482452
496398
570922
630798
616210
563751
562225
636383
710021
702697
637695
616912
688690
778991
782989
704589
659149
725830
837341
858917
765686
686737
743957
884826
935150
824279
694824
734161
921539
1025299
890441
668792
666870
948730
1185913
1012145
528930
342651
978515
2243682
3261505
3230865
2176574
925750
334472
552459
1031921
1181945
931579
658874
677032
901947
1025604
911804
727233
698394
832244
936828
878387
737792
687927
771545
861145
832885
720214
658874
708923
785430
775878
683593
615631
640808
705169
707855
631713
560211
565856
618591
629394
566711
493835
483703
525146
541137
490051
417572
394470
424987
443939
403045
332305
298675
318603
338775
306915
239166
197082
206909
226867
203063
139312
90698
90972
109619
92956
34118
-19195
-27770
-11322
-21697
-74890
-131195
-147827
-134307
-139129
-186004
-243682
-267425
-257324
-257324
-297424
-354858
-384674
-378326
-374267
-407165
-462890
-497650
-495239
-487792
-513214
-565856
-604370
-605895
-595703
-613555
-661834
-702819
-708221
-695922
-706176
-748962
-791137
-800140
-786346
-789215
-825469
-867584
-879852
-865173
-860870
-889801
-930572
-945678
-930664
-919616
-940582
-978820
-996246
-981414
-964202
-976745
-1011260
-1030456
-1016296
-993591
-997436
-1027252
-1047576
-1034576
-1007171
-1002258
-1026397
-1047241
-1035797
-1004577
-991088
-1008819
-1029418
-1019958
-985900
-964202
-974822
-994567
-987335
-951507
-922149
-925231
-943420
-938690
-902160
-865936
-861114
-877044
-875000
-838928
-796722
-783874
-796905
-797637
-763153
-716033
-695159
-704650
-708160
-676330
-625579
-596862
-602172
-608337
-580261
-527160
-490936
-491485
-500091
-476745
-422729
-379547
-374755
-385467
-367736
-314300
-264770
-254150
-266479
-255157
-203857
-148773
-131744
-145111
-140838
-93261
-33569
-9704
-23315
-26580
15625
78887
110046
97076
85937
121185
186798
225738
214538
195343
221923
288574
335723
327545
300323
316558
382659
438507
434936
399871
403900
467773
532806
535766
493255
483032
542663
617492
629333
580017
553100
606018
691558
715393
660156
613433
656433
753997
794219
734283
663299
691802
803558
867004
804199
701690
708343
838287
937164
874725
726806
697235
853912
1014526
960052
733520
630065
835571
1138885
1124053
695739
329498
664367
1790893
3005981
3378295
2607330
1308807
433288
413269
884307
1185424
1042022
727264
635131
821655
1010437
971343
780944
684387
778930
917053
915649
783050
687652
734008
840301
857238
759582
666931
682434
764953
791687
718261
629272
622833
685882
717590
662322
577697
554901
601074
634613
593658
514007
478668
509765
542968
513610
439453
394561
412017
443237
423339
355194
303161
308258
336212
324157
262390
205322
199249
223022
217346
162322
102111
86090
104980
104431
56427
-5187
-29937
-16387
-12847
-53710
-115173
-147338
-139404
-132781
-166412
-226196
-264434
-262176
-253356
-279693
-336486
-379394
-382720
-372436
-391632
-444183
-490356
-498962
-487945
-500122
-547332
-595306
-608825
-597625
-603088
-644012
-692352
-710235
-699401
-698486
-732299
-779602
-801208
-791198
-784362
-810424
-855346
-879913
-871093
-858886
-876770
-918060
-944763
-937438
-920440
-929901
-966369
-994354
-988800
-967742
-968658
-999298
-1027709
-1024047
-999664
-992187
-1016143
-1044036
-1042388
-1015563
-1000000
-1016510
-1043029
-1043457
-1015014
-991882
-1000427
-1024688
-1027191
-998046
-968048
-968261
-989440
-993927
-965026
-928985
-920745
-938079
-944427
-916656
-875610
-858886
-871704
-879699
-853973
-809051
-784118
-791717
-801086
-778259
-730712
-697967
-699859
-710235
-691070
-642242
-602294
-597961
-608978
-594146
-545471
-499053
-488159
-499237
-489349
-442230
-390319
-372497
-383087
-378601
-334533
-278137
-253204
-262664
-263854
-224273
-164611
-132446
-139953
-147003
-113342
-51727
-12298
-16998
-29907
-3509
58593
105255
104339
85815
103576
164642
218444
222412
198669
206512
264801
325531
335662
307342
304016
357635
425079
442779
410766
394989
441894
515686
542694
508178
478607
516387
596130
634582
599151
554260
579925
665252
717926
683654
621490
631256
721710
792572
762451
680175
668548
763671
858917
837493
730560
688629
787994
918518
914031
773742
684295
787170
976409
1007232
813354
632781
735870
1052246
1182708
867858
402160
449005
1350646
2647521
3385467
2974243
1745635
638183
333251
713195
1132415
1131774
824737
628570
741027
965911
1011871
847015
694824
730957
879302
936187
833312
705596
704040
807891
866943
799743
688934
664459
737243
794647
751007
653533
613769
662536
716156
689239
603149
552764
581878
630249
615692
539886
482177
494628
536743
531433
465118
402648
400787
435943
437469
380187
314971
300811
328521
335021
286254
220123
195434
215393
225311
184692
119232
85662
97839
109832
76995
13549
-27160
-22705
-9704
-35186
-95367
-141693
-144683
-131622
-150146
-205963
-256256
-266204
-253875
-265899
-316345
-369049
-385375
-374420
-380401
-424652
-478210
-500183
-491088
-491546
-528900
-581817
-608581
-601715
-597198
-627136
-677947
-708557
-704193
-695251
-717376
-764739
-798187
-796447
-783721
-797790
-840515
-875671
-876586
-860748
-866729
-903656
-939453
-942993
-924682
-922668
-952850
-988189
-994201
-974090
-964385
-987060
-1020843
-1029113
-1007934
-990997
-1005554
-1036712
-1046997
-1025421
-1001861
-1007904
-1035461
-1047424
-1026153
-996734
-994079
-1017150
-1030364
-1010131
-975769
-964385
-982177
-996246
-977661
-939392
-919525
-931335
-945770
-929443
-888427
-860473
-865722
-880035
-866516
-823913
-788513
-786773
-800415
-790191
-747283
-705230
-696136
-708557
-701965
-660064
-612304
-595764
-606292
-603668
-564056
-511718
-487609
-495697
-497161
-461120
-405456
-373901
-378784
-384368
-353179
-295532
-256713
-257781
-267333
-242095
-183959
-138244
-134735
-147979
-129821
-72692
-20538
-11718
-28167
-18035
36346
94360
109344
90332
91552
141571
204742
226715
206024
197601
241394
308868
338806
317535
298797
334442
405273
444183
423706
394134
419494
492584
541717
523712
482849
495544
569519
630340
617004
564422
561523
634826
709320
703552
638702
616455
686981
777984
783843
706024
659027
723937
835876
859710
767639
687072
741882
882690
935760
826934
695953
731811
918304
1025482
894317
671478
664123
943023
1184722
1018859
536682
339691
960723
2221374
3251586
3241394
2199005
943145
336944
544525
1025451
1183380
937286
661437
674224
898132
1025573
915069
729492
697143
829589
936309
880554
739807
687469
769592
860443
834381
722076
658935
707489
784667
776947
685272
616027
639739
704376
708587
633270
560852
565124
617797
629882
568115
494689
483276
524444
541442
491333
418518
394287
424346
444061
404174
333374
298736
318084
338806
307891
240264
197326
206481
226806
203887
140441
91125
90667
109497
93658
35217
-18615
-27954
-11535
-21118
-73791
-130523
-147888
-134521
-138671
-184967
-242889
-267364
-257537
-257019
-296478
-354034
-384521
-378570
-374084
-406311
-462005
-497406
-495452
-487701
-512481
-564971
-604034
-606109
-595733
-612945
-660949
-702392
-708374
-696014
-705688
-748107
-790679
-800292
-786560
-788848
-824707
-867065
-879943
-865447
-860656
-889099
-930023
-945739
-930999
-919586
-940002
-978240
-996246
-981781
-964294
-976257
-1010681
-1030426
-1016723
-993835
-997100
-1026702
-1047485
-1035034
-1007507
-1002044
-1025909
-1047119
-1036254
-1005065
-991027
-1008361
-1029266
-1020385
-986480
-964294
-974456
-994384
-987762
-952178
-922393
-924957
-943206
-939086
-902923
-866333
-860931
-876831
-875366
-839721
-797271
-783813
-796661
-797912
-763946
-716705
-695220
-704406
-708374
-677154
-626342
-597015
-601928
-608459
-581024
-528015
-491241
-491302
-500152
-477478
-423675
-379974
-374603
-385437
-368408
-315338
-265319
-253997
-266357
-255706
-204895
-149444
-131683
-144897
-141265
-94329
-34362
-9704
-23010
-26885
14587
77941
109954
97473
85784
120208
185760
225555
214965
195373
221038
287414
335388
328033
300567
315765
381408
437988
435455
400329
403259
466461
532135
536254
493927
482574
541259
616607
629821
580963
552917
604583
690429
715789
661346
613586
654968
752502
794464
735778
663848
690368
801635
867004
806060
702850
706939
835815
936706
877014
728881
696014
850463
1013244
963012
737243
629272
830139
1135375
1128295
704467
331268
651153
1768249
2990234
3382049
2627502
1329650
441009
407623
876129
1184143
1047180
731536
633911
817504
1008880
973907
784027
684295
776336
915557
917114
785522
688140
732269
838897
858093
761627
667724
681274
763702
792144
719970
630249
622161
684783
717773
663787
578796
554565
600097
634613
594909
515167
478637
508972
542846
514648
440673
394744
411376
442993
424224
356414
303558
307800
335937
324859
263610
205902
198944
222717
217895
163482
102844
85937
104675
104858
57495
-4333
-29907
-16693
-12573
-52703
-114257
-147186
-139678
-132598
-165496
-225250
-264160
-262420
-253265
-278900
-335510
-378997
-382904
-372467
-390960
-443206
-489837
-499114
-488037
-499603
-546386
-594726
-608917
-597808
-602691
-643127
-691711
-710235
-699615
-698211
-731506
-778930
-801147
-791442
-784210
-809722
-854675
-879791
-871398
-858886
-876190
-917358
-944580
-937744
-920593
-929443
-965698
-994171
-989105
-967987
-968322
-998687
-1027435
-1024353
-1000061
-992034
-1015563
-1043731
-1042694
-1016021
-1000000
-1016021
-1042694
-1043731
-1015563
-992034
-1000061
-1024353
-1027435
-998687
-968322
-967987
-989105
-994171
-965698
-929443
-920593
-937744
-944580
-917358
-876190
-858886
-871398
-879791
-854675
-809722
-784210
-791442
-801147
-778930
-731506
-698211
-699615
-710235
-691711
-643127
-602691
-597808
-608917
-594726
-546386
-499603
-488037
-499114
-489837
-443206
-390960
-372467
-382904
-378997
-335510
-278900
-253265
-262420
-264160
-225250
-165496
-132598
-139678
-147186
-114257
-52703
-12573
-16693
-29907
-4333
57495
104858
104675
85937
102844
163482
217895
222717
198944
205902
263610
324859
335937
307800
303558
356414
424224
442993
411376
394744
440673
514648
542846
508972
478637
515167
594909
634613
600097
554565
578796
663787
717773
684783
622161
630249
719970
792144
763702
681274
667724
761627
858093
838897
732269
688140
785522
917114
915557
776336
684295
784027
973907
1008880
817504
633911
731536
1047180
1184143
876129
407623
441009
1329650
2627502
3382049
2990234
1768249
651153
331268
704467
1128295
1135375
830139
629272
737243
963012
1013244
850463
696014
728881
877014
936706
835815
706939
702850
806060
867004
801635
690368
663848
735778
794464
752502
654968
613586
661346
715789
690429
604583
552917
580963
629821
616607
541259
482574
493927
536254
532135
466461
403259
400329
435455
437988
381408
315765
300567
328033
335388
287414
221038
195373
214965
225555
185760
120208
85784
97473
109954
77941
14587
-26885
-23010
-9704
-34362
-94329
-141265
-144897
-131683
-149444
-204895
-255706
-266357
-253997
-265319
-315338
-368408
-385437
-374603
-379974
-423675
-477478
-500152
-491302
-491241
-528015
-581024
-608459
-601928
-597015
-626342
-677154
-708374
-704406
-695220
-716705
-763946
-797912
-796661
-783813
-797271
-839721
-875366
-876831
-860931
-866333
-902923
-939086
-943206
-924957
-922393
-952178
-987762
-994384
-974456
-964294
-986480
-1020385
-1029266
-1008361
-991027
-1005065
-1036254
-1047119
-1025909
-1002044
-1007507
-1035034
-1047485
-1026702
-997100
-993835
-1016723
-1030426
-1010681
-976257
-964294
-981781
-996246
-978240
-940002
-919586
-930999
-945739
-930023
-889099
-860656
-865447
-879943
-867065
-824707
-788848
-786560
-800292
-790679
-748107
-705688
-696014
-708374
-702392
-660949
-612945
-595733
-606109
-604034
-564971
-512481
-487701
-495452
-497406
-462005
-406311
-374084
-378570
-384521
-354034
-296478
-257019
-257537
-267364
-242889
-184967
-138671
-134521
-147888
-130523
-73791
-21118
-11535
-27954
-18615
35217
93658
109497
90667
91125
140441
203887
226806
206481
197326
240264
307891
338806
318084
298736
333374
404174
444061
424346
394287
418518
491333
541442
524444
483276
494689
568115
629882
617797
565124
560852
633270
708587
704376
639739
616027
685272
776947
784667
707489
658935
722076
834381
860443
769592
687469
739807
880554
936309
829589
697143
729492
915069
1025573
898132
674224
661437
937286
1183380
1025451
544525
336944
943145
2199005
3241394
3251586
2221374
960723
339691
536682
1018859
1184722
943023
664123
671478
894317
1025482
918304
731811
695953
826934
935760
882690
741882
687072
767639
859710
835876
723937
659027
706024
783843
777984
686981
616455
638702
703552
709320
634826
561523
564422
617004
630340
569519
495544
482849
523712
541717
492584
419494
394134
423706
444183
405273
334442
298797
317535
338806
308868
241394
197601
206024
226715
204742
141571
91552
90332
109344
94360
36346
-18035
-28167
-11718
-20538
-72692
-129821
-147979
-134735
-138244
-183959
-242095
-267333
-257781
-256713
-295532
-353179
-384368
-378784
-373901
-405456
-461120
-497161
-495697
-487609
-511718
-564056
-603668
-606292
-595764
-612304
-660064
-701965
-708557
-696136
-705230
-747283
-790191
-800415
-786773
-788513
-823913
-866516
-880035
-865722
-860473
-888427
-929443
-945770
-931335
-919525
-939392
-977661
-996246
-982177
-964385
-975769
-1010131
-1030364
-1017150
-994079
-996734
-1026153
-1047424
-1035461
-1007904
-1001861
-1025421
-1046997
-1036712
-1005554
-990997
-1007934
-1029113
-1020843
-987060
-964385
-974090
-994201
-988189
-952850
-922668
-924682
-942993
-939453
-903656
-866729
-860748
-876586
-875671
-840515
-797790
-783721
-796447
-798187
-764739
-717376
-695251
-704193
-708557
-677947
-627136
-597198
-601715
-608581
-581817
-528900
-491546
-491088
-500183
-478210
-424652
-380401
-374420
-385375
-369049
-316345
-265899
-253875
-266204
-256256
-205963
-150146
-131622
-144683
-141693
-95367
-35186
-9704
-22705
-27160
13549
76995
109832
97839
85662
119232
184692
225311
215393
195434
220123
286254
335021
328521
300811
314971
380187
437469
435943
400787
402648
465118
531433
536743
494628
482177
539886
615692
630249
581878
552764
603149
689239
716156
662536
613769
653533
751007
794647
737243
664459
688934
799743
866943
807891
704040
705596
833312
936187
879302
730957
694824
847015
1011871
965911
741027
628570
824737
1131774
1132415
713195
333251
638183
1745635
2974243
3385467
2647521
1350646
449005
402160
867858
1182708
1052246
735870
632781
813354
1007232
976409
787170
684295
773742
914031
918518
787994
688629
730560
837493
858917
763671
668548
680175
762451
792572
721710
631256
621490
683654
717926
665252
579925
554260
599151
634582
596130
516387
478607
508178
542694
515686
441894
394989
410766
442779
425079
357635
304016
307342
335662
325531
264801
206512
198669
222412
218444
164642
103576
85815
104339
105255
58593
-3509
-29907
-16998
-12298
-51727
-113342
-147003
-139953
-132446
-164611
-224273
-263854
-262664
-253204
-278137
-334533
-378601
-383087
-372497
-390319
-442230
-489349
-499237
-488159
-499053
-545471
-594146
-608978
-597961
-602294
-642242
-691070
-710235
-699859
-697967
-730712
-778259
-801086
-791717
-784118
-809051
-853973
-879699
-871704
-858886
-875610
-916656
-944427
-938079
-920745
-928985
-965026
-993927
-989440
-968261
-968048
-998046
-1027191
-1024688
-1000427
-991882
-1015014
-1043457
-1043029
-1016510
-1000000
-1015563
-1042388
-1044036
-1016143
-992187
-999664
-1024047
-1027709
-999298
-968658
-967742
-988800
-994354
-966369
-929901
-920440
-937438
-944763
-918060
-876770
-858886
-871093
-879913
-855346
-810424
-784362
-791198
-801208
-779602
-732299
-698486
-699401
-710235
-692352
-644012
-603088
-597625
-608825
-595306
-547332
-500122
-487945
-498962
-490356
-444183
-391632
-372436
-382720
-379394
-336486
-279693
-253356
-262176
-264434
-226196
-166412
-132781
-139404
-147338
-115173
-53710
-12847
-16387
-29937
-5187
56427
104431
104980
86090
102111
162322
217346
223022
199249
205322
262390
324157
336212
308258
303161
355194
423339
443237
412017
394561
439453
513610
542968
509765
478668
514007
593658
634613
601074
554901
577697
662322
717590
685882
622833
629272
718261
791687
764953
682434
666931
759582
857238
840301
734008
687652
783050
915649
917053
778930
684387
780944
971343
1010437
821655
635131
727264
1042022
1185424
884307
413269
433288
1308807
2607330
3378295
3005981
1790893
664367
329498
695739
1124053
1138885
835571
630065
733520
960052
1014526
853912
697235
726806
874725
937164
838287
708343
701690
804199
867004
803558
691802
663299
734283
794219
753997
656433
613433
660156
715393
691558
606018
553100
580017
629333
617492
542663
483032
493255
535766
532806
467773
403900
399871
434936
438507
382659
316558
300323
327545
335723
288574
221923
195343
214538
225738
186798
121185
85937
97076
110046
78887
15625
-26580
-23315
-9704
-33569
-93261
-140838
-145111
-131744
-148773
-203857
-255157
-266479
-254150
-264770
-314300
-367736
-385467
-374755
-379547
-422729
-476745
-500091
-491485
-490936
-527160
-580261
-608337
-602172
-596862
-625579
-676330
-708160
-704650
-695159
-716033
-763153
-797637
-796905
-783874
-796722
-838928
-875000
-877044
-861114
-865936
-902160
-938690
-943420
-925231
-922149
-951507
-987335
-994567
-974822
-964202
-985900
-1019958
-1029418
-1008819
-991088
-1004577
-1035797
-1047241
-1026397
-1002258
-1007171
-1034576
-1047576
-1027252
-997436
-993591
-1016296
-1030456
-1011260
-976745
-964202
-981414
-996246
-978820
-940582
-919616
-930664
-945678
-930572
-889801
-860870
-865173
-879852
-867584
-825469
-789215
-786346
-800140
-791137
-748962
-706176
-695922
-708221
-702819
-661834
-613555
-595703
-605895
-604370
-565856
-513214
-487792
-495239
-497650
-462890
-407165
-374267
-378326
-384674
-354858
-297424
-257324
-257324
-267425
-243682
-186004
-139129
-134307
-147827
-131195
-74890
-21697
-11322
-27770
-19195
34118
92956
109619
90972
90698
139312
203063
226867
206909
197082
239166
306915
338775
318603
298675
332305
403045
443939
424987
394470
417572
490051
541137
525146
483703
493835
566711
629394
618591
565856
560211
631713
707855
705169
640808
615631
683593
775878
785430
708923
658874
720214
832885
861145
771545
687927
737792
878387
936828
832244
698394
727233
911804
1025604
901947
677032
658874
931579
1181945
1031921
552459
334472
925750
2176574
3230865
3261505
2243682
978515
342651
528930
1012145
1185913
948730
666870
668792
890441
1025299
921539
734161
694824
824279
935150
884826
743957
686737
765686
858917
837341
725830
659149
704589
782989
778991
688690
616912
637695
702697
710021
636383
562225
563751
616210
630798
570922
496398
482452
522979
541961
493835
420501
394012
423065
444305
406402
335510
298889
316986
338775
309844
242492
197875
205596
226623
205566
142700
92010
90026
109161
95031
37475
-17456
-28350
-11932
-19989
-71624
-129089
-148040
-134979
-137817
-182922
-241302
-267272
-258026
-256408
-294586
-352294
-384216
-379028
-373718
-404602
-460235
-496887
-495910
-487548
-510986
-563171
-603302
-606475
-595794
-611724
-659179
-701538
-708709
-696289
-704742
-746429
-789672
-800537
-786987
-788208
-823120
-865966
-880126
-865997
-860290
-887725
-928894
-945831
-931671
-919494
-938812
-977081
-996246
-982574
-964508
-975311
-1009552
-1030334
-1017578
-994323
-996398
-1025604
-1047302
-1035888
-1008270
-1001647
-1024902
-1046844
-1037139
-1006042
-990936
-1007476
-1028930
-1021270
-987640
-964508
-973724
-993988
-988586
-953521
-922912
-924407
-942779
-939819
-904388
-867126
-860565
-876342
-876007
-841278
-798370
-783660
-796203
-798431
-765563
-718048
-695312
-703948
-708740
-678741
-627929
-597381
-601501
-608703
-582580
-529785
-491851
-490875
-500213
-478912
-425628
-380859
-374237
-385314
-369689
-317352
-266479
-253753
-266052
-256805
-207000
-150848
-131561
-144439
-142120
-96435
-36041
-9735
-22399
-27435
12512
76049
109710
98205
85571
118255
183654
225067
215850
195495
219238
285095
334625
328979
301055
314208
378936
436950
436431
401275
402038
463806
530700
537231
495330
481781
538482
614746
630676
582824
552642
601745
688049
716491
663726
613952
652099
749511
794830
738739
665100
687530
797790
866821
809692
705261
704284
830780
935638
881530
733093
693695
843566
1010437
968750
744873
627960
819366
1128051
1136413
721923
335418
625457
1723083
2958007
3388519
2667388
1371734
457244
396820
859558
1181121
1057281
740295
631713
809234
1005523
978881
790313
684356
771179
912414
919921
790466
689208
728881
836059
859680
765716
669403
679077
761138
792968
723419
632293
620819
682556
718078
666717
581085
553955
598205
634552
597351
517578
478607
507385
542510
516693
443145
395233
410156
442504
425903
358886
304473
306884
335357
326202
265991
207153
198394
222076
218963
165802
104339
85693
104003
105651
59661
-2624
-29846
-17303
-12023
-50720
-112396
-146850
-140228
-132293
-163696
-223297
-263549
-262878
-253173
-277343
-333526
-378173
-383270
-372528
-389648
-441253
-488830
-499359
-488250
-498535
-544525
-593536
-609039
-598144
-601928
-641387
-690399
-710235
-700073
-697723
-729919
-777557
-801025
-791992
-783996
-808349
-853271
-879547
-871978
-858917
-875030
-915954
-944244
-938385
-920898
-928558
-964355
-993713
-989776
-968536
-967742
-997436
-1026916
-1024993
-1000823
-991729
-1014465
-1043151
-1043304
-1016998
-1000000
-1015075
-1042053
-1044311
-1016693
-992370
-999298
-1023712
-1027923
-999908
-968963
-967468
-988464
-994567
-967041
-930358
-920318
-937103
-944915
-918731
-877349
-858886
-870788
-880004
-856048
-811126
-784484
-790924
-801239
-780273
-733123
-698760
-699188
-710205
-692962
-644897
-603515
-597473
-608734
-595855
-548278
-500671
-487854
-498840
-490814
-445159
-392333
-372436
-382537
-379791
-337463
-280517
-253417
-261932
-264709
-227172
-167327
-132965
-139129
-147460
-116088
-54748
-13153
-16082
-29937
-6011
55328
104003
105285
86242
101409
161163
216766
223327
199554
204742
261199
323425
336486
308715
302764
353973
422454
443420
412658
394348
438232
512542
543090
510559
478729
512817
592407
634582
602020
555236
576599
660858
717346
686981
623565
628295
716522
791168
766204
683593
666198
757568
856323
841644
735778
687225
780609
914123
918518
781555
684509
777893
968750
1011901
825775
636444
723052
1036834
1186584
892456
419036
425842
1288116
2586975
3374206
3021453
1813598
677856
327941
687042
1119628
1142303
841064
630950
729797
957031
1015777
857360
698547
724792
872406
937561
840789
709777
700561
802368
867004
805419
693298
662750
732788
793945
755462
657928
613342
658966
714996
692718
607482
553314
579101
628845
618377
544036
483489
492584
535247
533447
469116
404541
399444
434417
438964
383911
317352
300109
327056
336029
289703
222869
195312
214080
225952
187835
122192
86090
96710
110137
79803
16662
-26275
-23620
-9704
-32775
-92193
-140380
-145324
-131835
-148101
-202789
-254577
-266601
-254272
-264221
-313293
-367065
-385498
-374938
-379119
-421783
-476013
-500061
-491699
-490661
-526275
-579467
-608184
-602386
-596710
-624786
-675537
-707946
-704895
-695159
-715393
-762329
-797363
-797149
-783966
-796203
-838165
-874664
-877288
-861297
-865539
-901428
-938293
-943603
-925506
-921936
-950836
-986907
-994750
-975189
-964111
-985321
-1019500
-1029571
-1009246
-991149
-1004089
-1035339
-1047332
-1026916
-1002471
-1006805
-1034118
-1047637
-1027770
-997802
-993377
-1015869
-1030487
-1011810
-977233
-964111
-981018
-996246
-979370
-941192
-919677
-930328
-945617
-931121
-890533
-861083
-864898
-879760
-868103
-826263
-789550
-786163
-800018
-791625
-749816
-706695
-695800
-708038
-703247
-662719
-614196
-595703
-605712
-604705
-566772
-513977
-487884
-495025
-497894
-463775
-408020
-374481
-378112
-384826
-355712
-298370
-257659
-257080
-267425
-244445
-187042
-139587
-134094
-147735
-131866
-75958
-22277
-11169
-27557
-19744
32989
92224
109741
91308
90301
138183
202178
226928
207336
196838
238067
305908
338745
319152
298645
331268
401885
443756
425628
394653
416625
488769
540832
525848
484130
493041
565307
628875
619354
566589
559570
630157
707092
705932
641876
615264
681884
774780
786193
710388
658843
718383
831329
861816
773498
688415
735778
876190
937255
834869
699676
725036
908477
1025573
905700
679901
656402
925842
1180358
1038299
560455
332275
908569
2154113
3220031
3271057
2265899
996520
345886
521240
1005340
1186981
954406
669738
666198
886566
1025054
924743
736572
693756
821594
934509
886901
746093
686431
763763
858093
838775
727722
659332
703186
782135
779968
690429
617401
636657
701843
710662
637908
562957
563079
615386
631225
572326
497283
482086
522216
542205
495086
421508
393890
422393
444396
407501
336578
298980
316436
338775
310791
243621
198181
205169
226501
206359
143829
92468
89721
109008
95703
38574
-16815
-28503
-12145
-19470
-70556
-128356
-148071
-135192
-137420
-181915
-240478
-267211
-258239
-256134
-293640
-351440
-384033
-379272
-373535
-403778
-459320
-496582
-496093
-487518
-510284
-562255
-602935
-606658
-595855
-611114
-658294
-701080
-708862
-696411
-704284
-745574
-789154
-800628
-787200
-787872
-822357
-865417
-880187
-866302
-860137
-887023
-928283
-945831
-932037
-919464
-938232
-976501
-996215
-982971
-964630
-974853
-1008972
-1030242
-1017974
-994567
-996093
-1025054
-1047210
-1036346
-1008636
-1001495
-1024414
-1046691
-1037567
-1006530
-990905
-1007049
-1028778
-1021667
-988250
-964630
-973358
-993774
-988983
-954193
-923187
-924133
-942535
-940185
-905120
-867553
-860412
-876129
-876312
-842071
-798919
-783630
-795928
-798675
-766357
-718750
-695404
-703704
-708923
-679534
-628723
-597595
-601257
-608795
-583343
-530700
-492187
-490692
-500213
-479614
-426574
-381317
-374084
-385253
-370300
-318389
-267059
-253662
-265899
-257324
-208038
-151580
-131530
-144195
-142517
-97473
-36865
-9796
-22094
-27709
11505
75073
109588
98602
85449
117279
182556
224822
216278
195587
218383
283935
334259
329467
301330
313476
377655
436401
436920
401733
401458
462493
529968
537689
496032
481414
537109
613800
631103
583770
552520
600341
686828
716796
664916
614196
650695
747985
794952
740203
665740
686157
795867
866699
811492
706512
703002
828277
935028
883728
735260
692657
840118
1008911
971557
748718
627471
814025
1124237
1140258
730651
337829
612976
1700561
2941528
3391204
2687072
1392974
465789
391662
851196
1179412
1062225
744781
630767
805084
1003753
981262
793487
684448
768615
910797
921234
792968
689819
727203
834564
860412
767761
670288
678009
759857
793334
725128
633331
620208
681396
718200
668151
582244
553680
597229
634490
598571
518798
478637
506591
542327
517700
444396
395507
409515
442230
426727
360107
304931
306427
335021
326873
267211
207794
198120
221740
219451
166931
105133
85601
103668
106018
60760
-1770
-29815
-17608
-11779
-49743
-111450
-146636
-140502
-132171
-162841
-222320
-263214
-263122
-253112
-276580
-332550
-377746
-383453
-372589
-389007
-440277
-488281
-499481
-488372
-498046
-543579
-592926
-609069
-598327
-601562
-640502
-689727
-710235
-700317
-697479
-729125
-776855
-800933
-792266
-783905
-807678
-852539
-879425
-872283
-858978
-874481
-915252
-944061
-938690
-921051
-928131
-963684
-993469
-990081
-968811
-967468
-996826
-1026641
-1025299
-1001190
-991607
-1013916
-1042846
-1043609
-1017456
-1000030
-1014617
-1041748
-1044555
-1017242
-992523
-998931
-1023345
-1028167
-1000549
-969299
-967224
-988128
-994750
-967681
-930816
-920196
-936798
-945037
-919403
-877960
-858886
-870483
-880096
-856719
-811859
-784637
-790649
-801269
-780914
-733917
-699066
-698974
-710174
-693572
-645782
-603942
-597320
-608642
-596405
-549224
-501251
-487762
-498687
-491302
-446136
-393005
-372436
-382324
-380157
-338439
-281341
-253540
-261688
-264953
-228118
-168243
-133178
-138854
-147613
-116973
-55755
-13488
-15777
-29907
-6805
54229
103576
105590
86395
100708
160003
216186
223632
199890
204193
260009
322692
336730
309204
302368
352752
421569
443634
413299
394195
437042
511474
543182
511352
478820
511688
591125
634521
602966
555633
575531
659362
717102
688079
624298
627380
714782
790649
767425
684783
665496
755523
855407
842987
737548
686859
778198
912567
919921
784179
684692
774871
966094
1013336
829925
637847
718902
1031616
1187591
900512
424987
418640
1267547
2566467
3369750
3036682
1836303
691589
326629
678344
1115112
1145629
846557
631958
726135
953948
1016937
860809
699920
722808
870056
937927
843261
711242
699493
800476
866943
807281
694793
662261
731292
793670
756896
659423
613250
657775
714569
693817
608947
553558
578216
628326
619232
545440
483947
491943
534698
534088
470428
405212
399017
433898
439422
385162
318176
299896
326568
336334
290832
223785
195312
213623
226104
188873
123199
86273
96313
110198
80718
17700
-25939
-23925
-9735
-31982
-91125
-139923
-145538
-131927
-147430
-201751
-253997
-266723
-254425
-263702
-312286
-366394
-385528
-375122
-378723
-420837
-475250
-499969
-491912
-490386
-525390
-578674
-608032
-602630
-596557
-624023
-674713
-707702
-705139
-695129
-714752
-761505
-797058
-797363
-784057
-795684
-837371
-874298
-877502
-861511
-865173
-900695
-937866
-943817
-925811
-921691
-950164
-986450
-994903
-975585
-964050
-984741
-1019012
-1029693
-1009704
-991241
-1003631
-1034881
-1047424
-1027404
-1002716
-1006469
-1033660
-1047698
-1028320
-998168
-993164
-1015441
-1030487
-1012359
-977722
-964050
-980621
-996215
-979919
-941802
-919769
-929962
-945556
-931671
-891235
-861297
-864624
-879638
-868621
-827056
-789947
-785980
-799865
-792083
-750671
-707183
-695709
-707855
-703613
-663604
-614837
-595703
-605499
-605010
-567657
-514739
-487976
-494812
-498107
-464660
-408905
-374694
-377868
-384948
-356536
-299346
-258026
-256866
-267456
-245208
-188079
-140045
-133880
-147613
-132537
-77056
-22888
-10986
-27343
-20294
31860
91491
109863
91644
89904
137084
201324
226959
207794
196624
236999
304901
338684
319702
298614
330261
400756
443572
426239
394866
415679
487487
540466
526550
484588
492248
563873
628326
620086
567321
558990
628601
706298
706695
642944
614929
680206
773651
786926
711853
658874
716552
829772
862426
775451
688934
733795
873992
937652
837493
701019
722900
905181
1025421
909423
682830
654022
920104
1178649
1044586
568542
330291
891601
2131561
3208862
3280303
2288055
1014709
349395
513641
998443
1187896
960083
672668
663665
882659
1024719
927917
739044
692718
818939
933776
888946
748229
686157
761810
857269
840148
729644
659515
701782
781250
780944
692138
617919
635681
700958
711303
639465
563690
562408
614562
631622
573730
498199
481719
521484
542419
496337
422515
393768
421752
444458
408569
337677
299102
315917
338714
311737
244750
198486
204772
226379
207153
144989
92956
89447
108825
96374
39703
-16204
-28686
-12359
-18951
-69458
-127624
-148132
-135437
-137023
-180908
-239654
-267120
-258483
-255859
-292724
-350555
-383819
-379486
-373382
-402954
-458404
-496307
-496307
-487457
-509582
-561340
-602539
-606842
-595886
-610534
-657409
-700622
-708984
-696563
-703857
-744720
-788635
-800750
-787414
-787567
-821594
-864837
-880249
-866577
-859985
-886352
-927703
-945861
-932373
-919464
-937652
-975891
-996185
-983337
-964752
-974395
-1008392
-1030181
-1018402
-994842
-995758
-1024505
-1047088
-1036773
-1009033
-1001312
-1023895
-1046539
-1037994
-1007019
-990905
-1006622
-1028564
-1022094
-988830
-964752
-973022
-993560
-989379
-954864
-923492
-923858
-942291
-940521
-905853
-867980
-860260
-875854
-876586
-842834
-799499
-783569
-795684
-798919
-767150
-719451
-695465
-703460
-709075
-680297
-629516
-597778
-601043
-608886
-584075
-531585
-492523
-490478
-500213
-480316
-427551
-381774
-373931
-385162
-370910
-319396
-267669
-253570
-265747
-257812
-209075
-152313
-131500
-143951
-142913
-98510
-37719
-9857
-21759
-27954
10498
74127
109436
98968
85388
116333
181488
224548
216705
195678
217529
282745
333831
329925
301635
312744
376403
435821
437377
402252
400909
461151
529205
538146
496734
481048
535736
612823
631469
584716
552459
598937
685607
717071
666137
614440
649322
746429
795074
741668
666442
684814
793914
866485
813262
707794
701782
825744
934356
885894
737457
691650
836700
1007354
974273
752593
627075
808746
1120330
1143981
739379
340423
600769
1678100
2924774
3393524
2706573
1414337
474578
386657
842803
1177551
1067138
749359
629913
800964
1001892
983612
796691
684631
766082
909118
922546
795471
690460
725555
833068
861145
769805
671203
676940
758514
793670
726837
634429
619598
680267
718261
669586
583435
553466
596252
634399
599761
520050
478698
505828
542114
518707
445648
395812
408935
441955
427520
361358
305419
305999
334686
327514
268402
208435
197845
221405
219970
168090
105895
85479
103332
106384
61828
-885
-29754
-17944
-11535
-48767
-110504
-146453
-140777
-132049
-161956
-221313
-262878
-263336
-253112
-275848
-331542
-377288
-383636
-372650
-388397
-439300
-487731
-499572
-488494
-497528
-542633
-592315
-609130
-598510
-601196
-639617
-689056
-710205
-700561
-697265
-728332
-776153
-800842
-792541
-783813
-806976
-851837
-879272
-872589
-859008
-873931
-914550
-943847
-938995
-921234
-927703
-963012
-993225
-990386
-969116
-967193
-996185
-1026336
-1025604
-1001586
-991485
-1013366
-1042510
-1043884
-1017944
-1000061
-1014160
-1041381
-1044830
-1017822
-992736
-998596
-1023010
-1028381
-1001159
-969635
-966979
-987762
-994934
-968353
-931304
-920074
-936462
-945159
-920074
-878570
-858917
-870178
-880157
-857391
-812561
-784790
-790405
-801269
-781585
-734741
-699371
-698760
-710144
-694183
-646667
-604370
-597167
-608551
-596954
-550170
-501831
-487701
-498535
-491760
-447113
-393707
-372436
-382141
-380523
-339416
-282165
-253631
-261444
-265197
-229034
-169158
-133392
-138580
-147705
-117858
-56793
-13824
-15472
-29876
-7629
53131
103088
105895
86578
100006
158843
215576
223907
200225
203643
258789
321929
336975
309692
302001
351562
420654
443786
413940
394042
435852
510375
543243
512145
478912
510528
589843
634460
603881
556030
574493
657867
716827
689147
625061
626495
713043
790100
768615
685974
664794
753479
854431
844268
739318
686523
775756
910980
921295
786834
684967
771881
963409
1014648
834045
639343
714874
1026336
1188446
908508
431060
411712
1247100
2545806
3364929
3051635
1859008
705535
325500
669677
1110443
1148834
852111
633056
722503
950805
1018035
864257
701324
720855
867675
938232
845703
712768
698455
798614
866821
809143
696319
661804
729766
793334
758300
660919
613189
656616
714111
694915
610412
553802
577301
627807
620056
546844
484466
491302
534149
534698
471771
405914
398620
433349
439849
386383
319030
299713
326049
336639
291992
224731
195312
213195
226287
189880
124206
86456
95947
110260
81604
18768
-25604
-24230
-9765
-31188
-90057
-139434
-145751
-132019
-146789
-200683
-253387
-266845
-254577
-263183
-311248
-365692
-385559
-375335
-378356
-419860
-474487
-499908
-492126
-490142
-524536
-577850
-607879
-602844
-596435
-623260
-673889
-707458
-705352
-695129
-714111
-760681
-796722
-797607
-784149
-795196
-836578
-873931
-877685
-861724
-864807
-899963
-937469
-944000
-926116
-921478
-949493
-986022
-995056
-975952
-963989
-984161
-1018554
-1029815
-1010131
-991333
-1003173
-1034393
-1047515
-1027893
-1002929
-1006134
-1033203
-1047729
-1028839
-998535
-992950
-1015014
-1030487
-1012908
-978210
-963989
-980224
-996154
-980468
-942443
-919860
-929626
-945465
-932189
-891937
-861541
-864349
-879516
-869110
-827850
-790313
-785766
-799713
-792541
-751495
-707702
-695587
-707672
-704010
-664489
-615478
-595703
-605285
-605316
-568542
-515502
-488098
-494598
-498321
-465515
-409790
-374938
-377655
-385040
-357360
-300323
-258361
-256652
-267456
-245941
-189117
-140533
-133697
-147521
-133178
-78155
-23498
-10833
-27099
-20812
30761
90728
109954
91979
89538
135955
200408
226989
208221
196411
235900
303863
338592
320251
298614
329254
399597
443389
426879
395080
414764
486206
540130
527252
485076
491485
562469
627777
620819
568084
558410
627075
705474
707458
644042
614593
678527
772521
787628
713317
658905
714752
828186
863006
777404
689483
731872
871734
937988
840087
702392
720794
901824
1025238
913116
685821
651733
914398
1176818
1050720
576660
328582
874847
2108978
3197387
3289215
2310119
1033111
353149
506164
991424
1188720
965759
675720
661224
878692
1024291
931060
741546
691772
816253
933013
890991
750396
685943
759887
856353
841522
731567
659759
700378
780303
781860
693878
618469
634704
700073
711914
641021
564453
561767
613739
631988
575103
499114
481384
520721
542602
497558
423553
393707
421112
444488
409667
338775
299255
315368
338653
312652
245910
198822
204345
226257
207946
146118
93475
89141
108642
97015
40832
-15563
-28839
-12573
-18432
-68389
-126892
-148162
-135681
-136657
-179901
-238830
-267028
-258728
-255615
-291778
-349670
-383605
-379730
-373260
-402130
-457489
-495971
-496520
-487426
-508880
-560424
-602142
-607025
-595947
-609954
-656494
-700134
-709136
-696716
-703399
-743896
-788116
-800842
-787658
-787292
-820800
-864288
-880279
-866882
-859832
-885650
-927093
-945861
-932708
-919464
-937072
-975280
-996154
-983734
-964904
-973937
-1007812
-1030090
-1018798
-995117
-995452
-1023956
-1046966
-1037170
-1009429
-1001159
-1023406
-1046386
-1038421
-1007537
-990875
-1006164
-1028381
-1022491
-989440
-964904
-972656
-993347
-989746
-955566
-923797
-923614
-942047
-940856
-906585
-868438
-860107
-875610
-876892
-843597
-800079
-783538
-795440
-799133
-767913
-720153
-695556
-703216
-709228
-681091
-630340
-598022
-600799
-608947
-584808
-532501
-492889
-490295
-500213
-480987
-428527
-382263
-373779
-385070
-371520
-320404
-268280
-253479
-265563
-258331
-210113
-153045
-131469
-143707
-143280
-99548
-38604
-9918
-21453
-28167
9490
73120
109252
99365
85327
115417
180419
224243
217132
195770
216674
281555
333404
330352
301940
312042
375152
435241
437835
402740
400360
459838
528442
538574
497467
480743
534393
611846
631835
585662
552398
597564
684356
717315
667327
614715
647949
744873
795135
743133
667144
683532
791961
866271
815032
709106
700592
823242
933654
888031
739685
690734
833282
1005706
976928
756500
626770
803497
1116363
1147552
748107
343231
588806
1655670
2907806
3395507
2725860
1435791
483642
381805
834350
1175537
1071990
753967
629150
796844
999969
985931
799896
684875
763549
907409
923797
797973
691162
723937
831542
861785
771850
672149
675933
757202
793975
728515
635528
619049
679107
718322
670989
584625
553222
595306
634277
600952
521301
478759
505035
541900
519653
446899
396118
408325
441650
428314
362609
305938
305572
334350
328125
269622
209106
197601
221038
220428
169219
106689
85418
102996
106719
62896
0
-29663
-18249
-11322
-47790
-109558
-146209
-141052
-131927
-161102
-220336
-262542
-263580
-253082
-275085
-330535
-376831
-383789
-372711
-387786
-438323
-487182
-499664
-488647
-497070
-541717
-591674
-609161
-598724
-600830
-638763
-688385
-710174
-700775
-697052
-727569
-775421
-800750
-792785
-783752
-806335
-851104
-879119
-872863
-859069
-873382
-913848
-943634
-939300
-921417
-927307
-962341
-992950
-990692
-969390
-966949
-995574
-1026031
-1025909
-1001983
-991394
-1012817
-1042175
-1044158
-1018432
-1000122
-1013702
-1041046
-1045074
-1018371
-992919
-998229
-1022644
-1028594
-1001770
-969970
-966766
-987426
-995086
-968994
-931793
-919982
-936126
-945281
-920745
-879180
-858947
-869873
-880218
-858062
-813293
-784973
-790130
-801269
-782226
-735565
-699676
-698547
-710083
-694793
-647552
-604827
-597015
-608459
-597473
-551116
-502410
-487609
-498382
-492187
-448059
-394439
-372467
-381927
-380859
-340393
-282989
-253753
-261199
-265441
-229980
-170104
-133605
-138305
-147827
-118743
-57800
-14160
-15197
-29846
-8422
52001
102630
106201
86761
99334
157684
214965
224182
200561
203125
257598
321166
337219
310180
301666
350372
419708
443939
414581
393920
434661
509277
543273
512939
479034
509429
588562
634338
604827
556457
573486
656372
716522
690216
625823
625610
711303
789489
769775
687194
664184
751464
853424
845550
741119
686248
773376
909362
922607
789459
685272
768920
960662
1015930
838165
640930
710876
1020996
1189178
916442
437255
405059
1226837
2524993
3359771
3066284
1881774
719757
324615
661041
1105651
1151947
857666
634246
718933
947631
1019042
867706
702819
718963
865295
938476
848144
714324
697448
796722
866699
810974
697875
661376
728271
792968
759704
662445
613189
655426
713623
695983
611877
554107
576416
627258
620880
548278
484985
490661
533569
535308
473083
406616
398223
432800
440277
387603
319885
299530
325531
336883
293090
225708
195343
212738
226409
190887
125244
86639
95581
110290
82489
19836
-25238
-24505
-9796
-30426
-88989
-138916
-145935
-132141
-146148
-199645
-252777
-266937
-254730
-262695
-310241
-364990
-385559
-375518
-377990
-418945
-473724
-499816
-492370
-489898
-523681
-577056
-607696
-603088
-596313
-622528
-673034
-707214
-705596
-695098
-713470
-759887
-796417
-797821
-784271
-794677
-835784
-873535
-877899
-861938
-864471
-899230
-937042
-944183
-926422
-921295
-948852
-985565
-995208
-976348
-963928
-983581
-1018066
-1029937
-1010589
-991424
-1002716
-1033905
-1047576
-1028411
-1003173
-1005798
-1032745
-1047760
-1029357
-998931
-992767
-1014556
-1030487
-1013458
-978729
-963928
-979827
-996124
-981018
-943054
-919952
-929290
-945373
-932739
-892669
-861785
-864074
-879394
-869598
-828643
-790710
-785583
-799560
-792968
-752349
-708251
-695526
-707489
-704376
-665344
-616149
-595703
-605072
-605590
-569427
-516296
-488220
-494354
-498535
-466369
-410675
-375183
-377441
-385162
-358154
-301300
-258758
-256439
-267456
-246704
-190155
-141052
-133514
-147399
-133819
-79223
-24139
-10681
-26885
-21331
29663
89965
110046
92315
89172
134857
199523
226989
208679
196228
234832
302856
338500
320800
298645
328247
398437
443145
427490
395324
413879
484924
539733
527923
485565
490722
561035
627197
621551
568878
557861
625518
704650
708160
645141
614318
676879
771331
788299
714813
658996
712982
826568
863555
779357
690093
729949
869476
938293
842712
703857
718750
898468
1024932
916748
688903
649536
908660
1174865
1056762
584869
327087
858306
2086364
3185607
3297790
2332092
1051666
357147
498779
984313
1189361
971405
678833
658843
874725
1023803
934204
744079
690856
813568
932220
892974
752593
685760
757965
855438
842864
733520
660034
698974
779388
782775
695617
619049
633728
699157
712493
642578
565246
561157
612884
632324
576477
500091
481048
519958
542755
498779
424621
393615
420440
444519
410705
339904
299407
314819
338592
313568
247039
199188
203948
226104
208709
147277
93994
88867
108428
97656
41961
-14923
-28991
-12817
-17944
-67321
-126129
-148162
-135925
-136291
-178894
-237976
-266937
-258972
-255371
-290863
-348754
-383392
-379943
-373138
-401306
-456573
-495666
-496734
-487396
-508178
-559509
-601745
-607208
-596038
-609405
-655609
-699645
-709259
-696868
-703002
-743041
-787567
-800933
-787872
-787017
-820037
-863677
-880340
-867187
-859680
-884979
-926513
-945831
-933044
-919464
-936523
-974670
-996093
-984100
-965026
-973510
-1007202
-1029998
-1019226
-995391
-995178
-1023406
-1046813
-1037597
-1009826
-1001007
-1022888
-1046203
-1038848
-1008056
-990905
-1005737
-1028167
-1022888
-990051
-965057
-972320
-993103
-990112
-956237
-924102
-923370
-941802
-941192
-907318
-868896
-859954
-875366
-877166
-844390
-800659
-783508
-795196
-799346
-768707
-720855
-695678
-702972
-709381
-681854
-631164
-598236
-600585
-609008
-585540
-533386
-493255
-490112
-500213
-481658
-429504
-382751
-373657
-384979
-372100
-321441
-268920
-253387
-265380
-258789
-211151
-153808
-131469
-143463
-143646
-100585
-39459
-9979
-21148
-28381
8483
72143
109069
99731
85266
114471
179321
223937
217529
195892
215850
280395
332946
330810
302246
311340
373901
434631
438293
403259
399841
458526
527648
538970
498199
480438
533050
610809
632202
586608
552368
596221
683074
717529
668518
615020
646606
743286
795166
744598
667907
682250
789978
865997
816772
710479
699462
820709
932891
890136
741943
689849
829864
1003997
979553
760437
626556
798309
1112274
1151000
756835
346252
577117
1633331
2890594
3397125
2744995
1457366
492950
377136
825866
1173370
1076751
758666
628479
792755
997985
988159
803161
685180
761047
905639
924987
800476
691894
722320
830017
862426
773864
673156
674926
755828
794250
730194
636688
618499
677947
718353
672393
585845
553039
594329
634124
602111
522552
478851
504241
541625
520629
448181
396453
407714
441345
429107
363861
306457
305175
334014
328735
270812
209808
197357
220672
220886
170379
107513
85327
102661
107025
63934
885
-29602
-18554
-11138
-46844
-108581
-145996
-141326
-131835
-160247
-219329
-262176
-263793
-253082
-274353
-329559
-376342
-383941
-372772
-387176
-437347
-486633
-499755
-488769
-496582
-540771
-591033
-609161
-598907
-600494
-637908
-687683
-710113
-701019
-696868
-726806
-774719
-800628
-793060
-783691
-805664
-850372
-878936
-873168
-859130
-872833
-913146
-943389
-939605
-921600
-926910
-961669
-992675
-990997
-969696
-966674
-994964
-1025726
-1026184
-1002380
-991302
-1012268
-1041839
-1044433
-1018920
-1000183
-1013244
-1040679
-1045288
-1018920
-993133
-997894
-1022308
-1028778
-1002380
-970336
-966522
-987060
-995239
-969635
-932281
-919891
-935791
-945404
-921417
-879791
-858978
-869567
-880279
-858703
-814025
-785156
-789855
-801269
-782836
-736389
-699981
-698333
-710021
-695373
-648468
-605285
-596893
-608337
-597991
-552032
-503021
-487548
-498199
-492645
-449035
-395172
-372497
-381713
-381195
-341339
-283813
-253875
-260955
-265655
-230895
-171051
-133850
-138031
-147888
-119598
-58837
-14526
-14892
-29785
-9185
50903
102142
106475
86975
98693
156524
214324
224426
200897
202636
256408
320373
337432
310668
301330
349151
418762
444091
415222
393798
433502
508148
543304
513732
479187
508300
587249
634216
605743
556884
572479
654846
716186
691253
626617
624755
709564
788879
770935
688446
663574
749420
852386
846771
742950
686004
770965
907684
923858
792114
685668
766021
957885
1017089
842285
642578
707000
1015625
1189758
924316
443603
398681
1206695
2504058
3354248
3080688
1904510
734222
323974
652404
1100708
1154937
863250
635559
715393
944396
1019989
871154
704345
717102
862854
938659
850585
715911
696472
794799
866516
812805
699462
660949
726776
792572
761108
664001
613189
654266
713104
697052
613372
554412
575531
626708
621673
549682
485534
490051
532989
535888
474426
407348
397857
432250
440673
388854
320739
299377
325042
337158
294219
226654
195373
212280
226562
191894
126281
86853
95184
110321
83374
20904
-24871
-24780
-9857
-29693
-87921
-138427
-146148
-132263
-145538
-198577
-252136
-267028
-254913
-262207
-309234
-364288
-385559
-375732
-377624
-417999
-472930
-499725
-492584
-489685
-522827
-576232
-607513
-603302
-596221
-621765
-672210
-706939
-705810
-695129
-712860
-759033
-796081
-798034
-784393
-794219
-834991
-873138
-878082
-862152
-864135
-898498
-936584
-944335
-926727
-921081
-948181
-985076
-995361
-976715
-963897
-983032
-1017578
-1030029
-1011016
-991546
-1002258
-1033416
-1047668
-1028900
-1003448
-1005462
-1032257
-1047790
-1029907
-999328
-992584
-1014129
-1030456
-1014007
-979248
-963897
-979431
-996063
-981567
-943664
-920043
-928985
-945281
-933258
-893371
-862030
-863830
-879272
-870086
-829437
-791107
-785430
-799377
-793395
-753204
-708801
-695434
-707305
-704742
-666229
-616821
-595733
-604858
-605895
-570281
-517089
-488372
-494140
-498718
-467224
-411560
-375457
-377197
-385223
-358978
-302276
-259124
-256225
-267425
-247406
-191223
-141571
-133331
-147277
-134429
-80322
-24780
-10528
-26641
-21820
28533
89172
110137
92651
88836
133758
198608
226989
209136
196075
233795
301788
338409
321319
298675
327239
397247
442932
428100
395599
412994
483612
539337
528594
486083
490020
559631
626586
622253
569671
557342
623992
703765
708862
646240
614074
675231
770141
788940
716278
659118
711212
824920
864074
781311
690765
728088
867187
938507
845275
705352
716735
895111
1024597
920349
692016
647430
902954
1172790
1062683
593139
325866
842010
2063690
3173522
3306030
2353973
1070434
361419
491485
977142
1189910
977020
682037
656524
870727
1023223
937286
746673
690002
810882
931335
894927
754821
685638
756042
854461
844177
735473
660339
697601
778411
783630
697357
619659
632781
698211
713073
644134
566070
560546
612030
632659
577850
501037
480743
519195
542907
500000
425689
393585
419799
444549
411773
341033
299591
314300
338500
314483
248199
199554
203552
225921
209472
148437
94512
88623
108215
98266
43090
-14251
-29113
-13061
-17456
-66253
-125335
-148162
-136169
-135925
-177886
-237152
-266815
-259216
-255126
-289978
-347869
-383178
-380187
-373016
-400512
-455657
-495330
-496917
-487396
-507476
-558563
-601318
-607360
-596099
-608856
-654724
-699157
-709381
-697052
-702575
-742218
-787017
-800994
-788116
-786743
-819274
-863098
-880340
-867462
-859558
-884307
-925903
-945831
-933410
-919494
-935974
-974060
-996032
-984497
-965209
-973083
-1006622
-1029876
-1019622
-995666
-994873
-1022857
-1046661
-1037994
-1010253
-1000854
-1022399
-1046020
-1039245
-1008575
-990905
-1005310
-1027954
-1023284
-990661
-965240
-971954
-992858
-990478
-956909
-924407
-923126
-941558
-941497
-908050
-869354
-859832
-875091
-877410
-845153
-801239
-783508
-794921
-799560
-769470
-721588
-695770
-702728
-709503
-682617
-631988
-598480
-600372
-609069
-586273
-534301
-493621
-489929
-500183
-482330
-430480
-383270
-373504
-384887
-372680
-322448
-269561
-253326
-265197
-259277
-212188
-154571
-131469
-143218
-143981
-101593
-40344
-10101
-20812
-28594
7507
71136
108856
100097
85235
113555
178222
223632
217956
196044
215057
279205
332489
331237
302581
310668
372650
433990
438720
403778
399353
457214
526824
539367
498931
480163
531707
609802
632507
587554
552368
594848
681793
717742
669708
615356
645294
741699
795166
746032
668701
680999
787994
865692
818511
711853
698364
818176
932067
892211
744232
689056
826477
1002227
982086
764404
626464
793182
1108123
1154296
765533
349456
565673
1611053
2873168
3398376
2763916
1479034
502563
372650
817352
1171081
1081451
763427
627899
788635
995910
990356
806427
685546
758575
903839
926147
803009
692687
720764
828430
863006
775909
674163
673950
754486
794464
731872
637847
617950
676788
718353
673767
587097
552856
593353
633972
603240
523834
478973
503479
541381
521545
449432
396789
407135
441009
429840
365112
307006
304779
333648
329315
272033
210510
197143
220306
221313
171508
108337
85296
102294
107330
65002
1800
-29479
-18890
-10925
-45867
-107604
-145751
-141601
-131744
-159393
-218322
-261810
-264007
-253082
-273651
-328552
-375854
-384094
-372863
-386566
-436370
-486053
-499847
-488922
-496124
-539855
-590393
-609191
-599121
-600189
-637054
-686981
-710052
-701263
-696685
-726043
-773986
-800506
-793334
-783630
-805023
-849639
-878753
-873443
-859191
-872314
-912414
-943176
-939910
-921783
-926513
-960998
-992401
-991271
-970001
-966461
-994354
-1025421
-1026458
-1002807
-991210
-1011749
-1041503
-1044677
-1019409
-1000244
-1012817
-1040344
-1045532
-1019500
-993347
-997558
-1021942
-1028991
-1002990
-970703
-966308
-986694
-995391
-970306
-932769
-919799
-935455
-945495
-922088
-880432
-859039
-869262
-880310
-859375
-814758
-785339
-789611
-801269
-783477
-737213
-700317
-698150
-709960
-695953
-649353
-605773
-596740
-608215
-598510
-552978
-503631
-487518
-498046
-493041
-449981
-395904
-372528
-381500
-381530
-342285
-284667
-254028
-260711
-265838
-231811
-172027
-134124
-137756
-147979
-120452
-59875
-14892
-14617
-29724
-9948
49804
101623
106750
87158
98052
155364
213684
224670
201263
202148
255218
319580
337615
311187
301025
347991
417816
444213
415863
393707
432342
507019
543304
514526
479339
507232
585937
634063
606689
557342
571502
653350
715820
692291
627441
623962
707824
788208
772064
689697
662994
747406
851318
847961
744781
685821
768615
905975
925079
794799
686096
763122
955047
1018218
846405
644317
703186
1010223
1190185
932098
450073
392547
1186737
2483001
3348388
3094818
1927276
748901
323547
643829
1095672
1157836
868865
636962
711883
941101
1020874
874603
705932
715301
860412
938812
853027
717529
695526
792907
866271
814575
701080
660583
725280
792144
762451
665557
613220
653076
712554
698059
614868
554748
574676
626129
622436
551086
486114
489440
532409
536437
475738
408111
397491
431671
441070
390075
321624
299224
324523
337371
295318
227661
195434
211822
226654
192901
127319
87097
94818
110351
84228
21972
-24475
-25085
-9918
-28961
-86822
-137878
-146331
-132385
-144927
-197509
-251495
-267120
-255065
-261718
-308227
-363555
-385528
-375915
-377258
-417053
-472137
-499603
-492797
-489440
-522003
-575408
-607330
-603546
-596099
-621032
-671356
-706665
-706024
-695129
-712249
-758209
-795715
-798248
-784515
-793731
-834197
-872741
-878295
-862365
-863800
-897735
-936126
-944488
-927032
-920928
-947540
-984588
-995483
-977111
-963867
-982482
-1017089
-1030151
-1011474
-991668
-1001831
-1032928
-1047698
-1029388
-1003692
-1005157
-1031799
-1047821
-1030426
-999725
-992401
-1013702
-1030456
-1014526
-979766
-963867
-979064
-995971
-982086
-944305
-920166
-928649
-945190
-933746
-894104
-862304
-863586
-879119
-870544
-830230
-791503
-785247
-799194
-793823
-754028
-709350
-695373
-707092
-705078
-667083
-617492
-595764
-604644
-606140
-571166
-517883
-488525
-493927
-498901
-468078
-412475
-375732
-376983
-385314
-359741
-303253
-259521
-256011
-267395
-248138
-192260
-142089
-133148
-147125
-135040
-81420
-25451
-10406
-26397
-22277
27435
88378
110198
93017
88500
132659
197692
226989
209564
195922
232727
300750
338287
321868
298736
326293
396087
442657
428710
395874
412139
482299
538909
529266
486602
489318
558197
625946
622924
570465
556854
622436
702880
709533
647369
613861
673583
768920
789550
717773
659271
709472
823242
864532
783233
691467
726226
864868
938690
847839
706878
714813
891723
1024169
923919
695190
645446
897247
1170593
1068481
601470
324890
825927
2041015
3161163
3313934
2375762
1089385
365936
484283
969848
1190307
982635
685363
654296
866729
1022583
940338
749298
689208
808197
930419
896850
757080
685546
754150
853485
845458
737457
660705
696258
777404
784484
699096
620300
631835
697265
713592
645660
566925
559967
611145
632965
579223
502014
480468
518432
543029
501190
426757
393554
419128
444519
412811
342163
299774
313781
338378
315368
249359
199951
203155
225738
210205
149566
95062
88348
108001
98846
44219
-13549
-29266
-13305
-16998
-65185
-124542
-148162
-136413
-135589
-176879
-236267
-266693
-259460
-254913
-289062
-346954
-382934
-380401
-372894
-399719
-454711
-494964
-497131
-487396
-506805
-557647
-600860
-607513
-596191
-608306
-653808
-698638
-709503
-697204
-702178
-741363
-786437
-801055
-788360
-786468
-818511
-862487
-880371
-867767
-859436
-883666
-925262
-945800
-933746
-919525
-935424
-973449
-995941
-984863
-965362
-972656
-1006011
-1029754
-1020019
-995971
-994598
-1022277
-1046508
-1038421
-1010650
-1000732
-1021911
-1045806
-1039642
-1009094
-990936
-1004882
-1027709
-1023651
-991271
-965393
-971618
-992614
-990814
-957580
-924743
-922882
-941284
-941802
-908782
-869812
-859710
-874816
-877685
-845916
-801849
-783508
-794677
-799743
-770233
-722290
-695892
-702484
-709625
-683349
-632812
-598724
-600158
-609100
-586975
-535217
-494018
-489746
-500152
-482971
-431457
-383789
-373382
-384765
-373229
-323486
-270202
-253265
-265014
-259735
-213226
-155364
-131500
-142944
-144317
-102630
-41259
-10192
-20507
-28778
6530
70129
108642
100463
85205
112670
177124
223266
218353
196197
214263
278015
332000
331665
302917
310028
371368
433349
439117
404327
398864
455902
526000
539764
499664
479919
530364
608734
632812
588531
552398
593536
680511
717895
670898
615722
643981
740081
795135
747467
669494
679779
785980
865356
820220
713256
697296
815643
931213
894226
746582
688323
823089
1000396
984558
768402
626464
788085
1103881
1157440
774230
352844
554504
1588836
2855499
3399261
2782653
1500823
512420
368316
808776
1168640
1086090
768249
627410
784576
993774
992492
809722
685974
756134
902008
927246
805511
693511
719207
826843
863555
777954
675231
673004
753112
794677
733551
639007
617462
675628
718322
675140
588348
552734
592376
633789
604370
525115
479125
502716
541076
522491
450714
397186
406555
440643
430572
366363
307586
304382
333251
329895
273223
211212
196929
219940
221740
172637
109191
85235
101928
107635
66040
2746
-29357
-19195
-10772
-44921
-106628
-145477
-141876
-131683
-158569
-217315
-261413
-264221
-253082
-272918
-327514
-375366
-384246
-372955
-385986
-435394
-485443
-499938
-489074
-495666
-538909
-589721
-609191
-599304
-599884
-636199
-686279
-709991
-701507
-696502
-725280
-773254
-800384
-793609
-783569
-804351
-848907
-878570
-873718
-859283
-871795
-911712
-942901
-940185
-921997
-926147
-960327
-992095
-991546
-970336
-966217
-993713
-1025085
-1026733
-1003204
-991119
-1011199
-1041137
-1044921
-1019897
-1000305
-1012359
-1039947
-1045745
-1020050
-993591
-997222
-1021545
-1029144
-1003601
-971069
-966125
-986358
-995513
-970947
-933288
-919708
-935119
-945556
-922729
-881072
-859100
-868988
-880340
-860015
-815490
-785552
-789367
-801239
-784088
-738037
-700683
-697937
-709869
-696502
-650238
-606262
-596618
-608093
-598999
-553924
-504241
-487457
-497863
-493469
-450927
-396636
-372589
-381286
-381835
-343231
-285552
-254180
-260467
-266052
-232727
-172973
-134399
-137481
-148040
-121307
-60943
-15289
-14343
-29663
-10681
48675
101104
107025
87371
97412
154205
213012
224914
201629
201660
254058
318756
337799
311676
300750
346801
416839
444305
416534
393646
431213
505859
543304
515319
479522
506134
584625
633911
607574
557830
570526
651824
715423
693328
628295
623168
706085
787536
773193
690979
662475
745391
850219
849151
746643
685668
766265
904235
926239
797454
686614
760284
952178
1019226
850494
646148
699432
1004760
1190490
939819
456695
386718
1166931
2461791
3342193
3108673
1950042
763854
323333
635253
1090484
1160614
874511
638458
708435
937744
1021667
878051
707611
713531
857940
938873
855407
719207
694641
790985
865997
816375
702697
660278
723754
791687
763793
667144
613281
651916
712005
699066
616363
555114
573791
625518
623168
552520
486694
488861
531799
536987
477050
408874
397125
431091
441406
391265
322540
299072
323974
337585
296417
228637
195495
211395
226745
193878
128387
87341
94451
110351
85083
23071
-24078
-25360
-10009
-28228
-85754
-137359
-146514
-132507
-144348
-196472
-250854
-267181
-255249
-261260
-307250
-362823
-385528
-376129
-376922
-416137
-471343
-499481
-493011
-489227
-521148
-574554
-607116
-603759
-596038
-620330
-670532
-706359
-706237
-695159
-711639
-757385
-795349
-798431
-784637
-793273
-833404
-872314
-878479
-862609
-863464
-897003
-935668
-944641
-927337
-920745
-946868
-984100
-995605
-977478
-963836
-981933
-1016601
-1030212
-1011932
-991790
-1001373
-1032440
-1047760
-1029876
-1003967
-1004852
-1031311
-1047821
-1030914
-1000122
-992248
-1013244
-1030395
-1015075
-980285
-963836
-978668
-995910
-982604
-944946
-920288
-928314
-945068
-934234
-894836
-862579
-863311
-878967
-871002
-831024
-791931
-785095
-799011
-794219
-754882
-709899
-695312
-706878
-705444
-667968
-618194
-595825
-604431
-606414
-572021
-518707
-488677
-493682
-499053
-468902
-413360
-376007
-376770
-385375
-360534
-304260
-259948
-255828
-267364
-248840
-193298
-142639
-132965
-146972
-135650
-82489
-26123
-10284
-26153
-22766
26336
87585
110260
93383
88195
131591
196746
226959
210021
195800
231689
299682
338134
322387
298797
325317
394897
442382
429321
396148
411315
481018
538452
529937
487152
488616
556762
625274
623596
571289
556365
620910
701965
710205
648498
613677
671966
767669
790130
719268
659484
707733
821563
864959
785186
692199
724426
862518
938842
850402
708465
712921
888305
1023651
927459
698425
643554
891540
1168273
1074157
609863
324127
810058
2018280
3148468
3321502
2397430
1108520
370727
477203
962463
1190551
988220
688751
652130
862701
1021881
943359
751983
688476
805511
929443
898742
759338
685516
752258
852447
846679
739410
661102
694915
776397
785278
700836
620971
630920
696319
714080
647216
567779
559417
610290
633209
580596
503021
480194
517669
543121
502380
427856
393554
418487
444488
413848
343322
299987
313232
338256
316223
250518
200347
202758
225555
210937
150726
95642
88104
107757
99426
45318
-12878
-29357
-13549
-16540
-64117
-123748
-148162
-136688
-135284
-175903
-235412
-266540
-259704
-254730
-288177
-346038
-382659
-380615
-372802
-398925
-453765
-494628
-497314
-487396
-506164
-556732
-600433
-607666
-596313
-607788
-652923
-698120
-709594
-697387
-701782
-740539
-785858
-801116
-788604
-786224
-817749
-861877
-880371
-868072
-859344
-882995
-924652
-945739
-934082
-919555
-934875
-972839
-995849
-985229
-965545
-972259
-1005432
-1029632
-1020416
-996276
-994323
-1021728
-1046325
-1038818
-1011077
-1000610
-1021392
-1045593
-1040039
-1009613
-990966
-1004455
-1027496
-1024017
-991882
-965606
-971282
-992370
-991149
-958282
-925079
-922637
-941009
-942108
-909515
-870300
-859588
-874572
-877899
-846649
-802459
-783508
-794403
-799926
-770996
-723022
-696044
-702239
-709747
-684112
-633636
-598999
-599945
-609161
-587677
-536132
-494415
-489562
-500122
-483612
-432434
-384307
-373260
-384643
-373779
-324493
-270874
-253204
-264831
-260162
-214263
-156127
-131530
-142700
-144622
-103637
-42144
-10314
-20172
-28930
5584
69122
108428
100860
85174
111785
175994
222930
218750
196350
213470
276824
331512
332092
303253
309387
370117
432678
439544
404876
398437
454589
525146
540100
500427
479675
529022
607666
633087
589477
552429
592193
679199
718048
672088
616119
642700
738464
795074
748901
670318
678588
783996
864959
821899
714721
696289
813110
930297
896240
748931
687622
819732
998504
986968
772399
626556
783020
1099548
1160461
782897
356445
543579
1566711
2837615
3399810
2801177
1522674
522552
364166
800170
1166046
1090637
773101
627044
780487
991577
994567
813049
686462
753692
900115
928314
808044
694396
717681
825225
864074
779968
676330
672088
751708
794830
735198
640228
617004
674438
718261
676513
589599
552612
591430
633575
605499
526397
479278
501953
540771
523376
451995
397583
405975
440307
431304
367614
308166
303985
332885
330444
274414
211975
196716
219543
222167
173767
110046
85205
101562
107910
67077
3662
-29235
-19531
-10589
-44006
-105621
-145202
-142150
-131622
-157745
-216308
-261016
-264434
-253112
-272216
-326507
-374847
-384399
-373046
-385437
-434387
-484832
-500000
-489227
-495239
-537994
-589050
-609191
-599517
-599578
-635345
-685546
-709930
-701751
-696319
-724517
-772491
-800231
-793884
-783538
-803710
-848175
-878356
-874023
-859375
-871307
-910980
-942657
-940460
-922210
-925781
-959625
-991790
-991821
-970642
-966003
-993103
-1024749
-1026977
-1003631
-991058
-1010650
-1040771
-1045166
-1020416
-1000396
-1011932
-1039581
-1045959
-1020599
-993835
-996887
-1021179
-1029327
-1004211
-971466
-965911
-985992
-995635
-971557
-933807
-919647
-934783
-945648
-923370
-881683
-859161
-868682
-880371
-860626
-816253
-785766
-789093
-801208
-784698
-738861
-701019
-697753
-709808
-697052
-651123
-606750
-596527
-607971
-599487
-554840
-504852
-487426
-497680
-493865
-451873
-397399
-372650
-381072
-382110
-344177
-286407
-254333
-260223
-266204
-233642
-173950
-134674
-137207
-148101
-122131
-61981
-15686
-14068
-29571
-11444
47576
100555
107269
87615
96801
153045
212341
225158
201995
201202
252868
317932
337982
312194
300476
345642
415863
444396
417175
393585
430084
504730
543273
516113
479736
505096
583282
633697
608489
558349
569580
650299
714996
694335
629150
622406
704315
786804
774261
692260
661956
743408
849090
850280
748504
685577
763946
902435
927368
800140
687164
757476
949279
1020202
854583
648071
695800
999267
1190643
947448
463409
381134
1147277
2440460
3335632
3122222
1972808
779022
323364
626739
1085174
1163269
880187
640045
705047
934356
1022399
881469
709320
711791
855438
938934
857818
720916
693786
789062
865692
818115
704376
659973
722259
791198
765106
668731
613372
650787
711425
700073
617889
555511
572937
624908
623901
553924
487335
488281
531188
537475
478393
409667
396789
430511
441772
392486
323455
298980
323455
337799
297515
229644
195587
210937
226837
194854
129455
87615
94085
110321
85937
24169
-23651
-25634
-10070
-27526
-84655
-136810
-146667
-132659
-143768
-195404
-250183
-267242
-255432
-260803
-306243
-362060
-385467
-376342
-376617
-415191
-470550
-499359
-493255
-489044
-520324
-573730
-606903
-604003
-595947
-619598
-669677
-706054
-706481
-695190
-711059
-756561
-794982
-798645
-784790
-792816
-832611
-871887
-878631
-862823
-863159
-896270
-935211
-944793
-927673
-920593
-946228
-983612
-995697
-977874
-963836
-981384
-1016082
-1030303
-1012359
-991912
-1000946
-1031951
-1047790
-1030364
-1004241
-1004547
-1030822
-1047790
-1031433
-1000518
-992065
-1012817
-1030364
-1015594
-980834
-963836
-978271
-995819
-983123
-945587
-920440
-927978
-944946
-934722
-895568
-862854
-863067
-878814
-871459
-831817
-792358
-784942
-798828
-794616
-755706
-710479
-695251
-706665
-705749
-668823
-618896
-595886
-604217
-606658
-572875
-519500
-488861
-493469
-499206
-469726
-414276
-376312
-376556
-385437
-361297
-305236
-260375
-255615
-267303
-249511
-194366
-143188
-132812
-146820
-136230
-83587
-26824
-10192
-25878
-23193
25238
86761
110290
93719
87890
130523
195800
226898
210479
195678
230651
298614
337982
322937
298858
324371
393676
442077
429931
396453
410491
479705
537963
530578
487701
487976
555358
624603
624267
572113
555938
619384
701019
710815
649627
613525
670349
766387
790679
720764
659698
706054
819854
865356
787139
692962
722656
860168
938903
852935
710113
711090
884918
1023071
930938
701721
641754
885833
1165832
1079742
618286
323638
794433
1995544
3135498
3328735
2419006
1127807
375793
470245
954986
1190673
993774
692230
650054
858642
1021057
946319
754730
687774
802825
928436
900604
761627
685516
750366
851379
847900
741394
661499
693572
775329
786071
702575
621673
630035
695343
714569
648742
568695
558868
609405
633483
581939
504058
479949
516876
543212
503540
428955
393554
417816
444458
414855
344451
300231
312713
338134
317108
251708
200775
202362
225372
211639
151885
96221
87860
107513
100006
46447
-12145
-29479
-13793
-16113
-63049
-122955
-148132
-136932
-134948
-174926
-234527
-266387
-259979
-254516
-287292
-345092
-382385
-380859
-372741
-398162
-452819
-494232
-497497
-487396
-505493
-555786
-599975
-607818
-596405
-607269
-652038
-697601
-709716
-697570
-701416
-739685
-785278
-801177
-788848
-785980
-816986
-861267
-880371
-868377
-859252
-882354
-924011
-945709
-934417
-919586
-934326
-972198
-995758
-985626
-965728
-971862
-1004821
-1029479
-1020782
-996582
-994079
-1021179
-1046142
-1039184
-1011505
-1000518
-1020904
-1045379
-1040405
-1010131
-990997
-1004028
-1027252
-1024383
-992492
-965789
-970977
-992095
-991485
-958953
-925415
-922424
-940734
-942382
-910247
-870788
-859466
-874298
-878143
-847412
-803100
-783508
-794128
-800079
-771759
-723785
-696166
-701995
-709838
-684844
-634490
-599273
-599731
-609161
-588378
-537078
-494812
-489410
-500061
-484222
-433410
-384857
-373138
-384521
-374328
-325500
-271545
-253143
-264617
-260589
-215270
-156951
-131561
-142425
-144927
-104644
-43090
-10437
-19866
-29113
4608
68115
108184
101226
85205
110900
174896
222534
219146
196533
212707
275634
330993
332489
303619
308776
368865
432006
439910
405426
397979
453308
524261
540466
501190
479461
527709
606597
633331
590454
552520
590911
677856
718170
673278
616546
641448
736846
794952
750305
671203
677429
781982
864532
823577
716186
695312
810577
929321
898193
751281
687011
816375
996582
989288
776458
626739
778045
1095123
1163330
791564
360198
532928
1544647
2819488
3399993
2819488
1544647
532928
360198
791564
1163330
1095123
778045
626739
776458
989288
996582
816375
687011
751281
898193
929321
810577
695312
716186
823577
864532
781982
677429
671203
750305
794952
736846
641448
616546
673278
718170
677856
590911
552520
590454
633331
606597
527709
479461
501190
540466
524261
453308
397979
405426
439910
432006
368865
308776
303619
332489
330993
275634
212707
196533
219146
222534
174896
110900
85205
101226
108184
68115
4608
-29113
-19866
-10437
-43090
-104644
-144927
-142425
-131561
-156951
-215270
-260589
-264617
-253143
-271545
-325500
-374328
-384521
-373138
-384857
-433410
-484222
-500061
-489410
-494812
-537078
-588378
-609161
-599731
-599273
-634490
-684844
-709838
-701995
-696166
-723785
-771759
-800079
-794128
-783508
-803100
-847412
-878143
-874298
-859466
-870788
-910247
-942382
-940734
-922424
-925415
-958953
-991485
-992095
-970977
-965789
-992492
-1024383
-1027252
-1004028
-990997
-1010131
-1040405
-1045379
-1020904
-1000518
-1011505
-1039184
-1046142
-1021179
-994079
-996582
-1020782
-1029479
-1004821
-971862
-965728
-985626
-995758
-972198
-934326
-919586
-934417
-945709
-924011
-882354
-859252
-868377
-880371
-861267
-816986
-785980
-788848
-801177
-785278
-739685
-701416
-697570
-709716
-697601
-652038
-607269
-596405
-607818
-599975
-555786
-505493
-487396
-497497
-494232
-452819
-398162
-372741
-380859
-382385
-345092
-287292
-254516
-259979
-266387
-234527
-174926
-134948
-136932
-148132
-122955
-63049
-16113
-13793
-29479
-12145
46447
100006
107513
87860
96221
151885
211639
225372
202362
200775
251708
317108
338134
312713
300231
344451
414855
444458
417816
393554
428955
503540
543212
516876
479949
504058
581939
633483
609405
558868
568695
648742
714569
695343
630035
621673
702575
786071
775329
693572
661499
741394
847900
851379
750366
685516
761627
900604
928436
802825
687774
754730
946319
1021057
858642
650054
692230
993774
1190673
954986
470245
375793
1127807
2419006
3328735
3135498
1995544
794433
323638
618286
1079742
1165832
885833
641754
701721
930938
1023071
884918
711090
710113
852935
938903
860168
722656
692962
787139
865356
819854
706054
659698
720764
790679
766387
670349
613525
649627
710815
701019
619384
555938
572113
624267
624603
555358
487976
487701
530578
537963
479705
410491
396453
429931
442077
393676
324371
298858
322937
337982
298614
230651
195678
210479
226898
195800
130523
87890
93719
110290
86761
25238
-23193
-25878
-10192
-26824
-83587
-136230
-146820
-132812
-143188
-194366
-249511
-267303
-255615
-260375
-305236
-361297
-385437
-376556
-376312
-414276
-469726
-499206
-493469
-488861
-519500
-572875
-606658
-604217
-595886
-618896
-668823
-705749
-706665
-695251
-710479
-755706
-794616
-798828
-784942
-792358
-831817
-871459
-878814
-863067
-862854
-895568
-934722
-944946
-927978
-920440
-945587
-983123
-995819
-978271
-963836
-980834
-1015594
-1030364
-1012817
-992065
-1000518
-1031433
-1047790
-1030822
-1004547
-1004241
-1030364
-1047790
-1031951
-1000946
-991912
-1012359
-1030303
-1016082
-981384
-963836
-977874
-995697
-983612
-946228
-920593
-927673
-944793
-935211
-896270
-863159
-862823
-878631
-871887
-832611
-792816
-784790
-798645
-794982
-756561
-711059
-695190
-706481
-706054
-669677
-619598
-595947
-604003
-606903
-573730
-520324
-489044
-493255
-499359
-470550
-415191
-376617
-376342
-385467
-362060
-306243
-260803
-255432
-267242
-250183
-195404
-143768
-132659
-146667
-136810
-84655
-27526
-10070
-25634
-23651
24169
85937
110321
94085
87615
129455
194854
226837
210937
195587
229644
297515
337799
323455
298980
323455
392486
441772
430511
396789
409667
478393
537475
531188
488281
487335
553924
623901
624908
572937
555511
617889
700073
711425
650787
613372
668731
765106
791198
722259
659973
704376
818115
865692
789062
693786
720916
857818
938934
855438
711791
709320
881469
1022399
934356
705047
640045
880187
1163269
1085174
626739
323364
779022
1972808
3122222
3335632
2440460
1147277
381134
463409
947448
1190643
999267
695800
648071
854583
1020202
949279
757476
687164
800140
927368
902435
763946
685577
748504
850280
849090
743408
661956
692260
774261
786804
704315
622406
629150
694335
714996
650299
569580
558349
608489
633697
583282
505096
479736
516113
543273
504730
430084
393585
417175
444396
415863
345642
300476
312194
337982
317932
252868
201202
201995
225158
212341
153045
96801
87615
107269
100555
47576
-11444
-29571
-14068
-15686
-61981
-122131
-148101
-137207
-134674
-173950
-233642
-266204
-260223
-254333
-286407
-344177
-382110
-381072
-372650
-397399
-451873
-493865
-497680
-487426
-504852
-554840
-599487
-607971
-596527
-606750
-651123
-697052
-709808
-697753
-701019
-738861
-784698
-801208
-789093
-785766
-816253
-860626
-880371
-868682
-859161
-881683
-923370
-945648
-934783
-919647
-933807
-971557
-995635
-985992
-965911
-971466
-1004211
-1029327
-1021179
-996887
-993835
-1020599
-1045959
-1039581
-1011932
-1000396
-1020416
-1045166
-1040771
-1010650
-991058
-1003631
-1026977
-1024749
-993103
-966003
-970642
-991821
-991790
-959625
-925781
-922210
-940460
-942657
-910980
-871307
-859375
-874023
-878356
-848175
-803710
-783538
-793884
-800231
-772491
-724517
-696319
-701751
-709930
-685546
-635345
-599578
-599517
-609191
-589050
-537994
-495239
-489227
-500000
-484832
-434387
-385437
-373046
-384399
-374847
-326507
-272216
-253112
-264434
-261016
-216308
-157745
-131622
-142150
-145202
-105621
-44006
-10589
-19531
-29235
3662
67077
107910
101562
85205
110046
173767
222167
219543
196716
211975
274414
330444
332885
303985
308166
367614
431304
440307
405975
397583
451995
523376
540771
501953
479278
526397
605499
633575
591430
552612
589599
676513
718261
674438
617004
640228
735198
794830
751708
672088
676330
779968
864074
825225
717681
694396
808044
928314
900115
753692
686462
813049
994567
991577
780487
627044
773101
1090637
1166046
800170
364166
522552
1522674
2801177
3399810
2837615
1566711
543579
356445
782897
1160461
1099548
783020
626556
772399
986968
998504
819732
687622
748931
896240
930297
813110
696289
714721
821899
864959
783996
678588
670318
748901
795074
738464
642700
616119
672088
718048
679199
592193
552429
589477
633087
607666
529022
479675
500427
540100
525146
454589
398437
404876
439544
432678
370117
309387
303253
332092
331512
276824
213470
196350
218750
222930
175994
111785
85174
100860
108428
69122
5584
-28930
-20172
-10314
-42144
-103637
-144622
-142700
-131530
-156127
-214263
-260162
-264831
-253204
-270874
-324493
-373779
-384643
-373260
-384307
-432434
-483612
-500122
-489562
-494415
-536132
-587677
-609161
-599945
-598999
-633636
-684112
-709747
-702239
-696044
-723022
-770996
-799926
-794403
-783508
-802459
-846649
-877899
-874572
-859588
-870300
-909515
-942108
-941009
-922637
-925079
-958282
-991149
-992370
-971282
-965606
-991882
-1024017
-1027496
-1004455
-990966
-1009613
-1040039
-1045593
-1021392
-1000610
-1011077
-1038818
-1046325
-1021728
-994323
-996276
-1020416
-1029632
-1005432
-972259
-965545
-985229
-995849
-972839
-934875
-919555
-934082
-945739
-924652
-882995
-859344
-868072
-880371
-861877
-817749
-786224
-788604
-801116
-785858
-740539
-701782
-697387
-709594
-698120
-652923
-607788
-596313
-607666
-600433
-556732
-506164
-487396
-497314
-494628
-453765
-398925
-372802
-380615
-382659
-346038
-288177
-254730
-259704
-266540
-235412
-175903
-135284
-136688
-148162
-123748
-64117
-16540
-13549
-29357
-12878
45318
99426
107757
88104
95642
150726
210937
225555
202758
200347
250518
316223
338256
313232
299987
343322
413848
444488
418487
393554
427856
502380
543121
517669
480194
503021
580596
633209
610290
559417
567779
647216
714080
696319
630920
620971
700836
785278
776397
694915
661102
739410
846679
852447
752258
685516
759338
898742
929443
805511
688476
751983
943359
1021881
862701
652130
688751
988220
1190551
962463
477203
370727
1108520
2397430
3321502
3148468
2018280
810058
324127
609863
1074157
1168273
891540
643554
698425
927459
1023651
888305
712921
708465
850402
938842
862518
724426
692199
785186
864959
821563
707733
659484
719268
790130
767669
671966
613677
648498
710205
701965
620910
556365
571289
623596
625274
556762
488616
487152
529937
538452
481018
411315
396148
429321
442382
394897
325317
298797
322387
338134
299682
231689
195800
210021
226959
196746
131591
88195
93383
110260
87585
26336
-22766
-26153
-10284
-26123
-82489
-135650
-146972
-132965
-142639
-193298
-248840
-267364
-255828
-259948
-304260
-360534
-385375
-376770
-376007
-413360
-468902
-499053
-493682
-488677
-518707
-572021
-606414
-604431
-595825
-618194
-667968
-705444
-706878
-695312
-709899
-754882
-794219
-799011
-785095
-791931
-831024
-871002
-878967
-863311
-862579
-894836
-934234
-945068
-928314
-920288
-944946
-982604
-995910
-978668
-963836
-980285
-1015075
-1030395
-1013244
-992248
-1000122
-1030914
-1047821
-1031311
-1004852
-1003967
-1029876
-1047760
-1032440
-1001373
-991790
-1011932
-1030212
-1016601
-981933
-963836
-977478
-995605
-984100
-946868
-920745
-927337
-944641
-935668
-897003
-863464
-862609
-878479
-872314
-833404
-793273
-784637
-798431
-795349
-757385
-711639
-695159
-706237
-706359
-670532
-620330
-596038
-603759
-607116
-574554
-521148
-489227
-493011
-499481
-471343
-416137
-376922
-376129
-385528
-362823
-307250
-261260
-255249
-267181
-250854
-196472
-144348
-132507
-146514
-137359
-85754
-28228
-10009
-25360
-24078
23071
85083
110351
94451
87341
128387
193878
226745
211395
195495
228637
296417
337585
323974
299072
322540
391265
441406
431091
397125
408874
477050
536987
531799
488861
486694
552520
623168
625518
573791
555114
616363
699066
712005
651916
613281
667144
763793
791687
723754
660278
702697
816375
865997
790985
694641
719207
855407
938873
857940
713531
707611
878051
1021667
937744
708435
638458
874511
1160614
1090484
635253
323333
763854
1950042
3108673
3342193
2461791
1166931
386718
456695
939819
1190490
1004760
699432
646148
850494
1019226
952178
760284
686614
797454
926239
904235
766265
685668
746643
849151
850219
745391
662475
690979
773193
787536
706085
623168
628295
693328
715423
651824
570526
557830
607574
633911
584625
506134
479522
515319
543304
505859
431213
393646
416534
444305
416839
346801
300750
311676
337799
318756
254058
201660
201629
224914
213012
154205
97412
87371
107025
101104
48675
-10681
-29663
-14343
-15289
-60943
-121307
-148040
-137481
-134399
-172973
-232727
-266052
-260467
-254180
-285552
-343231
-381835
-381286
-372589
-396636
-450927
-493469
-497863
-487457
-504241
-553924
-598999
-608093
-596618
-606262
-650238
-696502
-709869
-697937
-700683
-738037
-784088
-801239
-789367
-785552
-815490
-860015
-880340
-868988
-859100
-881072
-922729
-945556
-935119
-919708
-933288
-970947
-995513
-986358
-966125
-971069
-1003601
-1029144
-1021545
-997222
-993591
-1020050
-1045745
-1039947
-1012359
-1000305
-1019897
-1044921
-1041137
-1011199
-991119
-1003204
-1026733
-1025085
-993713
-966217
-970336
-991546
-992095
-960327
-926147
-921997
-940185
-942901
-911712
-871795
-859283
-873718
-878570
-848907
-804351
-783569
-793609
-800384
-773254
-725280
-696502
-701507
-709991
-686279
-636199
-599884
-599304
-609191
-589721
-538909
-495666
-489074
-499938
-485443
-435394
-385986
-372955
-384246
-375366
-327514
-272918
-253082
-264221
-261413
-217315
-158569
-131683
-141876
-145477
-106628
-44921
-10772
-19195
-29357
2746
66040
107635
101928
85235
109191
172637
221740
219940
196929
211212
273223
329895
333251
304382
307586
366363
430572
440643
406555
397186
450714
522491
541076
502716
479125
525115
604370
633789
592376
552734
588348
675140
718322
675628
617462
639007
733551
794677
753112
673004
675231
777954
863555
826843
719207
693511
805511
927246
902008
756134
685974
809722
992492
993774
784576
627410
768249
1086090
1168640
808776
368316
512420
1500823
2782653
3399261
2855499
1588836
554504
352844
774230
1157440
1103881
788085
626464
768402
984558
1000396
823089
688323
746582
894226
931213
815643
697296
713256
820220
865356
785980
679779
669494
747467
795135
740081
643981
615722
670898
717895
680511
593536
552398
588531
632812
608734
530364
479919
499664
539764
526000
455902
398864
404327
439117
433349
371368
310028
302917
331665
332000
278015
214263
196197
218353
223266
177124
112670
85205
100463
108642
70129
6530
-28778
-20507
-10192
-41259
-102630
-144317
-142944
-131500
-155364
-213226
-259735
-265014
-253265
-270202
-323486
-373229
-384765
-373382
-383789
-431457
-482971
-500152
-489746
-494018
-535217
-586975
-609100
-600158
-598724
-632812
-683349
-709625
-702484
-695892
-722290
-770233
-799743
-794677
-783508
-801849
-845916
-877685
-874816
-859710
-869812
-908782
-941802
-941284
-922882
-924743
-957580
-990814
-992614
-971618
-965393
-991271
-1023651
-1027709
-1004882
-990936
-1009094
-1039642
-1045806
-1021911
-1000732
-1010650
-1038421
-1046508
-1022277
-994598
-995971
-1020019
-1029754
-1006011
-972656
-965362
-984863
-995941
-973449
-935424
-919525
-933746
-945800
-925262
-883666
-859436
-867767
-880371
-862487
-818511
-786468
-788360
-801055
-786437
-741363
-702178
-697204
-709503
-698638
-653808
-608306
-596191
-607513
-600860
-557647
-506805
-487396
-497131
-494964
-454711
-399719
-372894
-380401
-382934
-346954
-289062
-254913
-259460
-266693
-236267
-176879
-135589
-136413
-148162
-124542
-65185
-16998
-13305
-29266
-13549
44219
98846
108001
88348
95062
149566
210205
225738
203155
199951
249359
315368
338378
313781
299774
342163
412811
444519
419128
393554
426757
501190
543029
518432
480468
502014
579223
632965
611145
559967
566925
645660
713592
697265
631835
620300
699096
784484
777404
696258
660705
737457
845458
853485
754150
685546
757080
896850
930419
808197
689208
749298
940338
1022583
866729
654296
685363
982635
1190307
969848
484283
365936
1089385
2375762
3313934
3161163
2041015
825927
324890
601470
1068481
1170593
897247
645446
695190
923919
1024169
891723
714813
706878
847839
938690
864868
726226
691467
783233
864532
823242
709472
659271
717773
789550
768920
673583
613861
647369
709533
702880
622436
556854
570465
622924
625946
558197
489318
486602
529266
538909
482299
412139
395874
428710
442657
396087
326293
298736
321868
338287
300750
232727
195922
209564
226989
197692
132659
88500
93017
110198
88378
27435
-22277
-26397
-10406
-25451
-81420
-135040
-147125
-133148
-142089
-192260
-248138
-267395
-256011
-259521
-303253
-359741
-385314
-376983
-375732
-412475
-468078
-498901
-493927
-488525
-517883
-571166
-606140
-604644
-595764
-617492
-667083
-705078
-707092
-695373
-709350
-754028
-793823
-799194
-785247
-791503
-830230
-870544
-879119
-863586
-862304
-894104
-933746
-945190
-928649
-920166
-944305
-982086
-995971
-979064
-963867
-979766
-1014526
-1030456
-1013702
-992401
-999725
-1030426
-1047821
-1031799
-1005157
-1003692
-1029388
-1047698
-1032928
-1001831
-991668
-1011474
-1030151
-1017089
-982482
-963867
-977111
-995483
-984588
-947540
-920928
-927032
-944488
-936126
-897735
-863800
-862365
-878295
-872741
-834197
-793731
-784515
-798248
-795715
-758209
-712249
-695129
-706024
-706665
-671356
-621032
-596099
-603546
-607330
-575408
-522003
-489440
-492797
-499603
-472137
-417053
-377258
-375915
-385528
-363555
-308227
-261718
-255065
-267120
-251495
-197509
-144927
-132385
-146331
-137878
-86822
-28961
-9918
-25085
-24475
21972
84228
110351
94818
87097
127319
192901
226654
211822
195434
227661
295318
337371
324523
299224
321624
390075
441070
431671
397491
408111
475738
536437
532409
489440
486114
551086
622436
626129
574676
554748
614868
698059
712554
653076
613220
665557
762451
792144
725280
660583
701080
814575
866271
792907
695526
717529
853027
938812
860412
715301
705932
874603
1020874
941101
711883
636962
868865
1157836
1095672
643829
323547
748901
1927276
3094818
3348388
2483001
1186737
392547
450073
932098
1190185
1010223
703186
644317
846405
1018218
955047
763122
686096
794799
925079
905975
768615
685821
744781
847961
851318
747406
662994
689697
772064
788208
707824
623962
627441
692291
715820
653350
571502
557342
606689
634063
585937
507232
479339
514526
543304
507019
432342
393707
415863
444213
417816
347991
301025
311187
337615
319580
255218
202148
201263
224670
213684
155364
98052
87158
106750
101623
49804
-9948
-29724
-14617
-14892
-59875
-120452
-147979
-137756
-134124
-172027
-231811
-265838
-260711
-254028
-284667
-342285
-381530
-381500
-372528
-395904
-449981
-493041
-498046
-487518
-503631
-552978
-598510
-608215
-596740
-605773
-649353
-695953
-709960
-698150
-700317
-737213
-783477
-801269
-789611
-785339
-814758
-859375
-880310
-869262
-859039
-880432
-922088
-945495
-935455
-919799
-932769
-970306
-995391
-986694
-966308
-970703
-1002990
-1028991
-1021942
-997558
-993347
-1019500
-1045532
-1040344
-1012817
-1000244
-1019409
-1044677
-1041503
-1011749
-991210
-1002807
-1026458
-1025421
-994354
-966461
-970001
-991271
-992401
-960998
-926513
-921783
-939910
-943176
-912414
-872314
-859191
-873443
-878753
-849639
-805023
-783630
-793334
-800506
-773986
-726043
-696685
-701263
-710052
-686981
-637054
-600189
-599121
-609191
-590393
-539855
-496124
-488922
-499847
-486053
-436370
-386566
-372863
-384094
-375854
-328552
-273651
-253082
-264007
-261810
-218322
-159393
-131744
-141601
-145751
-107604
-45867
-10925
-18890
-29479
1800
65002
107330
102294
85296
108337
171508
221313
220306
197143
210510
272033
329315
333648
304779
307006
365112
429840
441009
407135
396789
449432
521545
541381
503479
478973
523834
603240
633972
593353
552856
587097
673767
718353
676788
617950
637847
731872
794464
754486
673950
674163
775909
863006
828430
720764
692687
803009
926147
903839
758575
685546
806427
990356
995910
788635
627899
763427
1081451
1171081
817352
372650
502563
1479034
2763916
3398376
2873168
1611053
565673
349456
765533
1154296
1108123
793182
626464
764404
982086
1002227
826477
689056
744232
892211
932067
818176
698364
711853
818511
865692
787994
680999
668701
746032
795166
741699
645294
615356
669708
717742
681793
594848
552368
587554
632507
609802
531707
480163
498931
539367
526824
457214
399353
403778
438720
433990
372650
310668
302581
331237
332489
279205
215057
196044
217956
223632
178222
113555
85235
100097
108856
71136
7507
-28594
-20812
-10101
-40344
-101593
-143981
-143218
-131469
-154571
-212188
-259277
-265197
-253326
-269561
-322448
-372680
-384887
-373504
-383270
-430480
-482330
-500183
-489929
-493621
-534301
-586273
-609069
-600372
-598480
-631988
-682617
-709503
-702728
-695770
-721588
-769470
-799560
-794921
-783508
-801239
-845153
-877410
-875091
-859832
-869354
-908050
-941497
-941558
-923126
-924407
-956909
-990478
-992858
-971954
-965240
-990661
-1023284
-1027954
-1005310
-990905
-1008575
-1039245
-1046020
-1022399
-1000854
-1010253
-1037994
-1046661
-1022857
-994873
-995666
-1019622
-1029876
-1006622
-973083
-965209
-984497
-996032
-974060
-935974
-919494
-933410
-945831
-925903
-884307
-859558
-867462
-880340
-863098
-819274
-786743
-788116
-800994
-787017
-742218
-702575
-697052
-709381
-699157
-654724
-608856
-596099
-607360
-601318
-558563
-507476
-487396
-496917
-495330
-455657
-400512
-373016
-380187
-383178
-347869
-289978
-255126
-259216
-266815
-237152
-177886
-135925
-136169
-148162
-125335
-66253
-17456
-13061
-29113
-14251
43090
98266
108215
88623
94512
148437
209472
225921
203552
199554
248199
314483
338500
314300
299591
341033
411773
444549
419799
393585
425689
499969
542907
519195
480743
501037
577850
632659
612030
560546
566070
644134
713073
698211
632781
619659
697357
783630
778411
697601
660339
735473
844177
854461
756042
685638
754821
894927
931335
810882
690002
746673
937286
1023223
870727
656524
682037
977020
1189910
977142
491485
361419
1070434
2353973
3306030
3173522
2063690
842010
325866
593139
1062683
1172790
902954
647430
692016
920349
1024597
895111
716735
705352
845275
938507
867187
728088
690765
781311
864074
824920
711212
659118
716278
788940
770141
675231
614074
646240
708862
703765
623992
557342
569671
622253
626586
559631
490020
486083
528594
539337
483612
412994
395599
428100
442932
397247
327239
298675
321319
338409
301788
233795
196075
209136
226989
198608
133758
88836
92651
110137
89172
28533
-21820
-26641
-10528
-24780
-80322
-134429
-147277
-133331
-141571
-191223
-247406
-267425
-256225
-259124
-302276
-358978
-385223
-377197
-375457
-411560
-467224
-498718
-494140
-488372
-517089
-570281
-605895
-604858
-595733
-616821
-666229
-704742
-707305
-695434
-708801
-753204
-793395
-799377
-785430
-791107
-829437
-870086
-879272
-863830
-862030
-893371
-933258
-945281
-928985
-920043
-943664
-981567
-996063
-979431
-963897
-979248
-1014007
-1030456
-1014129
-992584
-999328
-1029907
-1047790
-1032257
-1005462
-1003448
-1028900
-1047668
-1033416
-1002258
-991546
-1011016
-1030029
-1017578
-983032
-963897
-976715
-995361
-985076
-948181
-921081
-926727
-944335
-936584
-898498
-864135
-862152
-878082
-873138
-834991
-794219
-784393
-798034
-796081
-759033
-712860
-695129
-705810
-706939
-672210
-621765
-596221
-603302
-607513
-576232
-522827
-489685
-492584
-499725
-472930
-417999
-377624
-375732
-385559
-364288
-309234
-262207
-254913
-267028
-252136
-198577
-145538
-132263
-146148
-138427
-87921
-29693
-9857
-24780
-24871
20904
83374
110321
95184
86853
126281
191894
226562
212280
195373
226654
294219
337158
325042
299377
320739
388854
440673
432250
397857
407348
474426
535888
532989
490051
485534
549682
621673
626708
575531
554412
613372
697052
713104
654266
613189
664001
761108
792572
726776
660949
699462
812805
866516
794799
696472
715911
850585
938659
862854
717102
704345
871154
1019989
944396
715393
635559
863250
1154937
1100708
652404
323974
734222
1904510
3080688
3354248
2504058
1206695
398681
443603
924316
1189758
1015625
707000
642578
842285
1017089
957885
766021
685668
792114
923858
907684
770965
686004
742950
846771
852386
749420
663574
688446
770935
788879
709564
624755
626617
691253
716186
654846
572479
556884
605743
634216
587249
508300
479187
513732
543304
508148
433502
393798
415222
444091
418762
349151
301330
310668
337432
320373
256408
202636
200897
224426
214324
156524
98693
86975
106475
102142
50903
-9185
-29785
-14892
-14526
-58837
-119598
-147888
-138031
-133850
-171051
-230895
-265655
-260955
-253875
-283813
-341339
-381195
-381713
-372497
-395172
-449035
-492645
-498199
-487548
-503021
-552032
-597991
-608337
-596893
-605285
-648468
-695373
-710021
-698333
-699981
-736389
-782836
-801269
-789855
-785156
-814025
-858703
-880279
-869567
-858978
-879791
-921417
-945404
-935791
-919891
-932281
-969635
-995239
-987060
-966522
-970336
-1002380
-1028778
-1022308
-997894
-993133
-1018920
-1045288
-1040679
-1013244
-1000183
-1018920
-1044433
-1041839
-1012268
-991302
-1002380
-1026184
-1025726
-994964
-966674
-969696
-990997
-992675
-961669
-926910
-921600
-939605
-943389
-913146
-872833
-859130
-873168
-878936
-850372
-805664
-783691
-793060
-800628
-774719
-726806
-696868
-701019
-710113
-687683
-637908
-600494
-598907
-609161
-591033
-540771
-496582
-488769
-499755
-486633
-437347
-387176
-372772
-383941
-376342
-329559
-274353
-253082
-263793
-262176
-219329
-160247
-131835
-141326
-145996
-108581
-46844
-11138
-18554
-29602
885
63934
107025
102661
85327
107513
170379
220886
220672
197357
209808
270812
328735
334014
305175
306457
363861
429107
441345
407714
396453
448181
520629
541625
504241
478851
522552
602111
634124
594329
553039
585845
672393
718353
677947
618499
636688
730194
794250
755828
674926
673156
773864
862426
830017
722320
691894
800476
924987
905639
761047
685180
803161
988159
997985
792755
628479
758666
1076751
1173370
825866
377136
492950
1457366
2744995
3397125
2890594
1633331
577117
346252
756835
1151000
1112274
798309
626556
760437
979553
1003997
829864
689849
741943
890136
932891
820709
699462
710479
816772
865997
789978
682250
667907
744598
795166
743286
646606
615020
668518
717529
683074
596221
552368
586608
632202
610809
533050
480438
498199
538970
527648
458526
399841
403259
438293
434631
373901
311340
302246
330810
332946
280395
215850
195892
217529
223937
179321
114471
85266
99731
109069
72143
8483
-28381
-21148
-9979
-39459
-100585
-143646
-143463
-131469
-153808
-211151
-258789
-265380
-253387
-268920
-321441
-372100
-384979
-373657
-382751
-429504
-481658
-500213
-490112
-493255
-533386
-585540
-609008
-600585
-598236
-631164
-681854
-709381
-702972
-695678
-720855
-768707
-799346
-795196
-783508
-800659
-844390
-877166
-875366
-859954
-868896
-907318
-941192
-941802
-923370
-924102
-956237
-990112
-993103
-972320
-965057
-990051
-1022888
-1028167
-1005737
-990905
-1008056
-1038848
-1046203
-1022888
-1001007
-1009826
-1037597
-1046813
-1023406
-995178
-995391
-1019226
-1029998
-1007202
-973510
-965026
-984100
-996093
-974670
-936523
-919464
-933044
-945831
-926513
-884979
-859680
-867187
-880340
-863677
-820037
-787017
-787872
-800933
-787567
-743041
-703002
-696868
-709259
-699645
-655609
-609405
-596038
-607208
-601745
-559509
-508178
-487396
-496734
-495666
-456573
-401306
-373138
-379943
-383392
-348754
-290863
-255371
-258972
-266937
-237976
-178894
-136291
-135925
-148162
-126129
-67321
-17944
-12817
-28991
-14923
41961
97656
108428
88867
93994
147277
208709
226104
203948
199188
247039
313568
338592
314819
299407
339904
410705
444519
420440
393615
424621
498779
542755
519958
481048
500091
576477
632324
612884
561157
565246
642578
712493
699157
633728
619049
695617
782775
779388
698974
660034
733520
842864
855438
757965
685760
752593
892974
932220
813568
690856
744079
934204
1023803
874725
658843
678833
971405
1189361
984313
498779
357147
1051666
2332092
3297790
3185607
2086364
858306
327087
584869
1056762
1174865
908660
649536
688903
916748
1024932
898468
718750
703857
842712
938293
869476
729949
690093
779357
863555
826568
712982
658996
714813
788299
771331
676879
614318
645141
708160
704650
625518
557861
568878
621551
627197
561035
490722
485565
527923
539733
484924
413879
395324
427490
443145
398437
328247
298645
320800
338500
302856
234832
196228
208679
226989
199523
134857
89172
92315
110046
89965
29663
-21331
-26885
-10681
-24139
-79223
-133819
-147399
-133514
-141052
-190155
-246704
-267456
-256439
-258758
-301300
-358154
-385162
-377441
-375183
-410675
-466369
-498535
-494354
-488220
-516296
-569427
-605590
-605072
-595703
-616149
-665344
-704376
-707489
-695526
-708251
-752349
-792968
-799560
-785583
-790710
-828643
-869598
-879394
-864074
-861785
-892669
-932739
-945373
-929290
-919952
-943054
-981018
-996124
-979827
-963928
-978729
-1013458
-1030487
-1014556
-992767
-998931
-1029357
-1047760
-1032745
-1005798
-1003173
-1028411
-1047576
-1033905
-1002716
-991424
-1010589
-1029937
-1018066
-983581
-963928
-976348
-995208
-985565
-948852
-921295
-926422
-944183
-937042
-899230
-864471
-861938
-877899
-873535
-835784
-794677
-784271
-797821
-796417
-759887
-713470
-695098
-705596
-707214
-673034
-622528
-596313
-603088
-607696
-577056
-523681
-489898
-492370
-499816
-473724
-418945
-377990
-375518
-385559
-364990
-310241
-262695
-254730
-266937
-252777
-199645
-146148
-132141
-145935
-138916
-88989
-30426
-9796
-24505
-25238
19836
82489
110290
95581
86639
125244
190887
226409
212738
195343
225708
293090
336883
325531
299530
319885
387603
440277
432800
398223
406616
473083
535308
533569
490661
484985
548278
620880
627258
576416
554107
611877
695983
713623
655426
613189
662445
759704
792968
728271
661376
697875
810974
866699
796722
697448
714324
848144
938476
865295
718963
702819
867706
1019042
947631
718933
634246
857666
1151947
1105651
661041
324615
719757
1881774
3066284
3359771
2524993
1226837
405059
437255
916442
1189178
1020996
710876
640930
838165
1015930
960662
768920
685272
789459
922607
909362
773376
686248
741119
845550
853424
751464
664184
687194
769775
789489
711303
625610
625823
690216
716522
656372
573486
556457
604827
634338
588562
509429
479034
512939
543273
509277
434661
393920
414581
443939
419708
350372
301666
310180
337219
321166
257598
203125
200561
224182
214965
157684
99334
86761
106201
102630
52001
-8422
-29846
-15197
-14160
-57800
-118743
-147827
-138305
-133605
-170104
-229980
-265441
-261199
-253753
-282989
-340393
-380859
-381927
-372467
-394439
-448059
-492187
-498382
-487609
-502410
-551116
-597473
-608459
-597015
-604827
-647552
-694793
-710083
-698547
-699676
-735565
-782226
-801269
-790130
-784973
-813293
-858062
-880218
-869873
-858947
-879180
-920745
-945281
-936126
-919982
-931793
-968994
-995086
-987426
-966766
-969970
-1001770
-1028594
-1022644
-998229
-992919
-1018371
-1045074
-1041046
-1013702
-1000122
-1018432
-1044158
-1042175
-1012817
-991394
-1001983
-1025909
-1026031
-995574
-966949
-969390
-990692
-992950
-962341
-927307
-921417
-939300
-943634
-913848
-873382
-859069
-872863
-879119
-851104
-806335
-783752
-792785
-800750
-775421
-727569
-697052
-700775
-710174
-688385
-638763
-600830
-598724
-609161
-591674
-541717
-497070
-488647
-499664
-487182
-438323
-387786
-372711
-383789
-376831
-330535
-275085
-253082
-263580
-262542
-220336
-161102
-131927
-141052
-146209
-109558
-47790
-11322
-18249
-29663
0
62896
106719
102996
85418
106689
169219
220428
221038
197601
209106
269622
328125
334350
305572
305938
362609
428314
441650
408325
396118
446899
519653
541900
505035
478759
521301
600952
634277
595306
553222
584625
670989
718322
679107
619049
635528
728515
793975
757202
675933
672149
771850
861785
831542
723937
691162
797973
923797
907409
763549
684875
799896
985931
999969
796844
629150
753967
1071990
1175537
834350
381805
483642
1435791
2725860
3395507
2907806
1655670
588806
343231
748107
1147552
1116363
803497
626770
756500
976928
1005706
833282
690734
739685
888031
933654
823242
700592
709106
815032
866271
791961
683532
667144
743133
795135
744873
647949
614715
667327
717315
684356
597564
552398
585662
631835
611846
534393
480743
497467
538574
528442
459838
400360
402740
437835
435241
375152
312042
301940
330352
333404
281555
216674
195770
217132
224243
180419
115417
85327
99365
109252
73120
9490
-28167
-21453
-9918
-38604
-99548
-143280
-143707
-131469
-153045
-210113
-258331
-265563
-253479
-268280
-320404
-371520
-385070
-373779
-382263
-428527
-480987
-500213
-490295
-492889
-532501
-584808
-608947
-600799
-598022
-630340
-681091
-709228
-703216
-695556
-720153
-767913
-799133
-795440
-783538
-800079
-843597
-876892
-875610
-860107
-868438
-906585
-940856
-942047
-923614
-923797
-955566
-989746
-993347
-972656
-964904
-989440
-1022491
-1028381
-1006164
-990875
-1007537
-1038421
-1046386
-1023406
-1001159
-1009429
-1037170
-1046966
-1023956
-995452
-995117
-1018798
-1030090
-1007812
-973937
-964904
-983734
-996154
-975280
-937072
-919464
-932708
-945861
-927093
-885650
-859832
-866882
-880279
-864288
-820800
-787292
-787658
-800842
-788116
-743896
-703399
-696716
-709136
-700134
-656494
-609954
-595947
-607025
-602142
-560424
-508880
-487426
-496520
-495971
-457489
-402130
-373260
-379730
-383605
-349670
-291778
-255615
-258728
-267028
-238830
-179901
-136657
-135681
-148162
-126892
-68389
-18432
-12573
-28839
-15563
40832
97015
108642
89141
93475
146118
207946
226257
204345
198822
245910
312652
338653
315368
299255
338775
409667
444488
421112
393707
423553
497558
542602
520721
481384
499114
575103
631988
613739
561767
564453
641021
711914
700073
634704
618469
693878
781860
780303
700378
659759
731567
841522
856353
759887
685943
750396
890991
933013
816253
691772
741546
931060
1024291
878692
661224
675720
965759
1188720
991424
506164
353149
1033111
2310119
3289215
3197387
2108978
874847
328582
576660
1050720
1176818
914398
651733
685821
913116
1025238
901824
720794
702392
840087
937988
871734
731872
689483
777404
863006
828186
714752
658905
713317
787628
772521
678527
614593
644042
707458
705474
627075
558410
568084
620819
627777
562469
491485
485076
527252
540130
486206
414764
395080
426879
443389
399597
329254
298614
320251
338592
303863
235900
196411
208221
226989
200408
135955
89538
91979
109954
90728
30761
-20812
-27099
-10833
-23498
-78155
-133178
-147521
-133697
-140533
-189117
-245941
-267456
-256652
-258361
-300323
-357360
-385040
-377655
-374938
-409790
-465515
-498321
-494598
-488098
-515502
-568542
-605316
-605285
-595703
-615478
-664489
-704010
-707672
-695587
-707702
-751495
-792541
-799713
-785766
-790313
-827850
-869110
-879516
-864349
-861541
-891937
-932189
-945465
-929626
-919860
-942443
-980468
-996154
-980224
-963989
-978210
-1012908
-1030487
-1015014
-992950
-998535
-1028839
-1047729
-1033203
-1006134
-1002929
-1027893
-1047515
-1034393
-1003173
-991333
-1010131
-1029815
-1018554
-984161
-963989
-975952
-995056
-986022
-949493
-921478
-926116
-944000
-937469
-899963
-864807
-861724
-877685
-873931
-836578
-795196
-784149
-797607
-796722
-760681
-714111
-695129
-705352
-707458
-673889
-623260
-596435
-602844
-607879
-577850
-524536
-490142
-492126
-499908
-474487
-419860
-378356
-375335
-385559
-365692
-311248
-263183
-254577
-266845
-253387
-200683
-146789
-132019
-145751
-139434
-90057
-31188
-9765
-24230
-25604
18768
81604
110260
95947
86456
124206
189880
226287
213195
195312
224731
291992
336639
326049
299713
319030
386383
439849
433349
398620
405914
471771
534698
534149
491302
484466
546844
620056
627807
577301
553802
610412
694915
714111
656616
613189
660919
758300
793334
729766
661804
696319
809143
866821
798614
698455
712768
845703
938232
867675
720855
701324
864257
1018035
950805
722503
633056
852111
1148834
1110443
669677
325500
705535
1859008
3051635
3364929
2545806
1247100
411712
431060
908508
1188446
1026336
714874
639343
834045
1014648
963409
771881
684967
786834
921295
910980
775756
686523
739318
844268
854431
753479
664794
685974
768615
790100
713043
626495
625061
689147
716827
657867
574493
556030
603881
634460
589843
510528
478912
512145
543243
510375
435852
394042
413940
443786
420654
351562
302001
309692
336975
321929
258789
203643
200225
223907
215576
158843
100006
86578
105895
103088
53131
-7629
-29876
-15472
-13824
-56793
-117858
-147705
-138580
-133392
-169158
-229034
-265197
-261444
-253631
-282165
-339416
-380523
-382141
-372436
-393707
-447113
-491760
-498535
-487701
-501831
-550170
-596954
-608551
-597167
-604370
-646667
-694183
-710144
-698760
-699371
-734741
-781585
-801269
-790405
-784790
-812561
-857391
-880157
-870178
-858917
-878570
-920074
-945159
-936462
-920074
-931304
-968353
-994934
-987762
-966979
-969635
-1001159
-1028381
-1023010
-998596
-992736
-1017822
-1044830
-1041381
-1014160
-1000061
-1017944
-1043884
-1042510
-1013366
-991485
-1001586
-1025604
-1026336
-996185
-967193
-969116
-990386
-993225
-963012
-927703
-921234
-938995
-943847
-914550
-873931
-859008
-872589
-879272
-851837
-806976
-783813
-792541
-800842
-776153
-728332
-697265
-700561
-710205
-689056
-639617
-601196
-598510
-609130
-592315
-542633
-497528
-488494
-499572
-487731
-439300
-388397
-372650
-383636
-377288
-331542
-275848
-253112
-263336
-262878
-221313
-161956
-132049
-140777
-146453
-110504
-48767
-11535
-17944
-29754
-885
61828
106384
103332
85479
105895
168090
219970
221405
197845
208435
268402
327514
334686
305999
305419
361358
427520
441955
408935
395812
445648
518707
542114
505828
478698
520050
599761
634399
596252
553466
583435
669586
718261
680267
619598
634429
726837
793670
758514
676940
671203
769805
861145
833068
725555
690460
795471
922546
909118
766082
684631
796691
983612
1001892
800964
629913
749359
1067138
1177551
842803
386657
474578
1414337
2706573
3393524
2924774
1678100
600769
340423
739379
1143981
1120330
808746
627075
752593
974273
1007354
836700
691650
737457
885894
934356
825744
701782
707794
813262
866485
793914
684814
666442
741668
795074
746429
649322
614440
666137
717071
685607
598937
552459
584716
631469
612823
535736
481048
496734
538146
529205
461151
400909
402252
437377
435821
376403
312744
301635
329925
333831
282745
217529
195678
216705
224548
181488
116333
85388
98968
109436
74127
10498
-27954
-21759
-9857
-37719
-98510
-142913
-143951
-131500
-152313
-209075
-257812
-265747
-253570
-267669
-319396
-370910
-385162
-373931
-381774
-427551
-480316
-500213
-490478
-492523
-531585
-584075
-608886
-601043
-597778
-629516
-680297
-709075
-703460
-695465
-719451
-767150
-798919
-795684
-783569
-799499
-842834
-876586
-875854
-860260
-867980
-905853
-940521
-942291
-923858
-923492
-954864
-989379
-993560
-973022
-964752
-988830
-1022094
-1028564
-1006622
-990905
-1007019
-1037994
-1046539
-1023895
-1001312
-1009033
-1036773
-1047088
-1024505
-995758
-994842
-1018402
-1030181
-1008392
-974395
-964752
-983337
-996185
-975891
-937652
-919464
-932373
-945861
-927703
-886352
-859985
-866577
-880249
-864837
-821594
-787567
-787414
-800750
-788635
-744720
-703857
-696563
-708984
-700622
-657409
-610534
-595886
-606842
-602539
-561340
-509582
-487457
-496307
-496307
-458404
-402954
-373382
-379486
-383819
-350555
-292724
-255859
-258483
-267120
-239654
-180908
-137023
-135437
-148132
-127624
-69458
-18951
-12359
-28686
-16204
39703
96374
108825
89447
92956
144989
207153
226379
204772
198486
244750
311737
338714
315917
299102
337677
408569
444458
421752
393768
422515
496337
542419
521484
481719
498199
573730
631622
614562
562408
563690
639465
711303
700958
635681
617919
692138
780944
781250
701782
659515
729644
840148
857269
761810
686157
748229
888946
933776
818939
692718
739044
927917
1024719
882659
663665
672668
960083
1187896
998443
513641
349395
1014709
2288055
3280303
3208862
2131561
891601
330291
568542
1044586
1178649
920104
654022
682830
909423
1025421
905181
722900
701019
837493
937652
873992
733795
688934
775451
862426
829772
716552
658874
711853
786926
773651
680206
614929
642944
706695
706298
628601
558990
567321
620086
628326
563873
492248
484588
526550
540466
487487
415679
394866
426239
443572
400756
330261
298614
319702
338684
304901
236999
196624
207794
226959
201324
137084
89904
91644
109863
91491
31860
-20294
-27343
-10986
-22888
-77056
-132537
-147613
-133880
-140045
-188079
-245208
-267456
-256866
-258026
-299346
-356536
-384948
-377868
-374694
-408905
-464660
-498107
-494812
-487976
-514739
-567657
-605010
-605499
-595703
-614837
-663604
-703613
-707855
-695709
-707183
-750671
-792083
-799865
-785980
-789947
-827056
-868621
-879638
-864624
-861297
-891235
-931671
-945556
-929962
-919769
-941802
-979919
-996215
-980621
-964050
-977722
-1012359
-1030487
-1015441
-993164
-998168
-1028320
-1047698
-1033660
-1006469
-1002716
-1027404
-1047424
-1034881
-1003631
-991241
-1009704
-1029693
-1019012
-984741
-964050
-975585
-994903
-986450
-950164
-921691
-925811
-943817
-937866
-900695
-865173
-861511
-877502
-874298
-837371
-795684
-784057
-797363
-797058
-761505
-714752
-695129
-705139
-707702
-674713
-624023
-596557
-602630
-608032
-578674
-525390
-490386
-491912
-500000
-475250
-420837
-378723
-375122
-385528
-366394
-312286
-263702
-254425
-266723
-253997
-201751
-147430
-131927
-145538
-139923
-91125
-31982
-9735
-23925
-25939
17700
80718
110198
96313
86273
123199
188873
226104
213623
195312
223785
290832
336334
326568
299896
318176
385162
439422
433898
399017
405212
470428
534088
534698
491943
483947
545440
619232
628326
578216
553558
608947
693817
714569
657775
613250
659423
756896
793670
731292
662261
694793
807281
866943
800476
699493
711242
843261
937927
870056
722808
699920
860809
1016937
953948
726135
631958
846557
1145629
1115112
678344
326629
691589
1836303
3036682
3369750
2566467
1267547
418640
424987
900512
1187591
1031616
718902
637847
829925
1013336
966094
774871
684692
784179
919921
912567
778198
686859
737548
842987
855407
755523
665496
684783
767425
790649
714782
627380
624298
688079
717102
659362
575531
555633
602966
634521
591125
511688
478820
511352
543182
511474
437042
394195
413299
443634
421569
352752
302368
309204
336730
322692
260009
204193
199890
223632
216186
160003
100708
86395
105590
103576
54229
-6805
-29907
-15777
-13488
-55755
-116973
-147613
-138854
-133178
-168243
-228118
-264953
-261688
-253540
-281341
-338439
-380157
-382324
-372436
-393005
-446136
-491302
-498687
-487762
-501251
-549224
-596405
-608642
-597320
-603942
-645782
-693572
-710174
-698974
-699066
-733917
-780914
-801269
-790649
-784637
-811859
-856719
-880096
-870483
-858886
-877960
-919403
-945037
-936798
-920196
-930816
-967681
-994750
-988128
-967224
-969299
-1000549
-1028167
-1023345
-998931
-992523
-1017242
-1044555
-1041748
-1014617
-1000030
-1017456
-1043609
-1042846
-1013916
-991607
-1001190
-1025299
-1026641
-996826
-967468
-968811
-990081
-993469
-963684
-928131
-921051
-938690
-944061
-915252
-874481
-858978
-872283
-879425
-852539
-807678
-783905
-792266
-800933
-776855
-729125
-697479
-700317
-710235
-689727
-640502
-601562
-598327
-609069
-592926
-543579
-498046
-488372
-499481
-488281
-440277
-389007
-372589
-383453
-377746
-332550
-276580
-253112
-263122
-263214
-222320
-162841
-132171
-140502
-146636
-111450
-49743
-11779
-17608
-29815
-1770
60760
106018
103668
85601
105133
166931
219451
221740
198120
207794
267211
326873
335021
306427
304931
360107
426727
442230
409515
395507
444396
517700
542327
506591
478637
518798
598571
634490
597229
553680
582244
668151
718200
681396
620208
633331
725128
793334
759857
678009
670288
767761
860412
834564
727203
689819
792968
921234
910797
768615
684448
793487
981262
1003753
805084
630767
744781
1062225
1179412
851196
391662
465789
1392974
2687072
3391204
2941528
1700561
612976
337829
730651
1140258
1124237
814025
627471
748718
971557
1008911
840118
692657
735260
883728
935028
828277
703002
706512
811492
866699
795867
686157
665740
740203
794952
747985
650695
614196
664916
716796
686828
600341
552520
583770
631103
613800
537109
481414
496032
537689
529968
462493
401458
401733
436920
436401
377655
313476
301330
329467
334259
283935
218383
195587
216278
224822
182556
117279
85449
98602
109588
75073
11505
-27709
-22094
-9796
-36865
-97473
-142517
-144195
-131530
-151580
-208038
-257324
-265899
-253662
-267059
-318389
-370300
-385253
-374084
-381317
-426574
-479614
-500213
-490692
-492187
-530700
-583343
-608795
-601257
-597595
-628723
-679534
-708923
-703704
-695404
-718750
-766357
-798675
-795928
-783630
-798919
-842071
-876312
-876129
-860412
-867553
-905120
-940185
-942535
-924133
-923187
-954193
-988983
-993774
-973358
-964630
-988250
-1021667
-1028778
-1007049
-990905
-1006530
-1037567
-1046691
-1024414
-1001495
-1008636
-1036346
-1047210
-1025054
-996093
-994567
-1017974
-1030242
-1008972
-974853
-964630
-982971
-996215
-976501
-938232
-919464
-932037
-945831
-928283
-887023
-860137
-866302
-880187
-865417
-822357
-787872
-787200
-800628
-789154
-745574
-704284
-696411
-708862
-701080
-658294
-611114
-595855
-606658
-602935
-562255
-510284
-487518
-496093
-496582
-459320
-403778
-373535
-379272
-384033
-351440
-293640
-256134
-258239
-267211
-240478
-181915
-137420
-135192
-148071
-128356
-70556
-19470
-12145
-28503
-16815
38574
95703
109008
89721
92468
143829
206359
226501
205169
198181
243621
310791
338775
316436
298980
336578
407501
444396
422393
393890
421508
495086
542205
522216
482086
497283
572326
631225
615386
563079
562957
637908
710662
701843
636657
617401
690429
779968
782135
703186
659332
727722
838775
858093
763763
686431
746093
886901
934509
821594
693756
736572
924743
1025054
886566
666198
669738
954406
1186981
1005340
521240
345886
996520
2265899
3271057
3220031
2154113
908569
332275
560455
1038299
1180358
925842
656402
679901
905700
1025573
908477
725036
699676
834869
937255
876190
735778
688415
773498
861816
831329
718383
658843
710388
786193
774780
681884
615264
641876
705932
707092
630157
559570
566589
619354
628875
565307
493041
484130
525848
540832
488769
416625
394653
425628
443756
401885
331268
298645
319152
338745
305908
238067
196838
207336
226928
202178
138183
90301
91308
109741
92224
32989
-19744
-27557
-11169
-22277
-75958
-131866
-147735
-134094
-139587
-187042
-244445
-267425
-257080
-257659
-298370
-355712
-384826
-378112
-374481
-408020
-463775
-497894
-495025
-487884
-513977
-566772
-604705
-605712
-595703
-614196
-662719
-703247
-708038
-695800
-706695
-749816
-791625
-800018
-786163
-789550
-826263
-868103
-879760
-864898
-861083
-890533
-931121
-945617
-930328
-919677
-941192
-979370
-996246
-981018
-964111
-977233
-1011810
-1030487
-1015869
-993377
-997802
-1027770
-1047637
-1034118
-1006805
-1002471
-1026916
-1047332
-1035339
-1004089
-991149
-1009246
-1029571
-1019500
-985321
-964111
-975189
-994750
-986907
-950836
-921936
-925506
-943603
-938293
-901428
-865539
-861297
-877288
-874664
-838165
-796203
-783966
-797149
-797363
-762329
-715393
-695159
-704895
-707946
-675537
-624786
-596710
-602386
-608184
-579467
-526275
-490661
-491699
-500061
-476013
-421783
-379119
-374938
-385498
-367065
-313293
-264221
-254272
-266601
-254577
-202789
-148101
-131835
-145324
-140380
-92193
-32775
-9704
-23620
-26275
16662
79803
110137
96710
86090
122192
187835
225952
214080
195312
222869
289703
336029
327056
300109
317352
383911
438964
434417
399444
404541
469116
533447
535247
492584
483489
544036
618377
628845
579101
553314
607482
692718
714996
658966
613342
657928
755462
793945
732788
662750
693298
805419
867004
802368
700561
709777
840789
937561
872406
724792
698547
857360
1015777
957031
729797
630950
841064
1142303
1119628
687042
327941
677856
1813598
3021453
3374206
2586975
1288116
425842
419036
892456
1186584
1036834
723052
636444
825775
1011901
968750
777893
684509
781555
918518
914123
780609
687225
735778
841644
856323
757568
666198
683593
766204
791168
716522
628295
623565
686981
717346
660858
576599
555236
602020
634582
592407
512817
478729
510559
543090
512542
438232
394348
412658
443420
422454
353973
302764
308715
336486
323425
261199
204742
199554
223327
216766
161163
101409
86242
105285
104003
55328
-6011
-29937
-16082
-13153
-54748
-116088
-147460
-139129
-132965
-167327
-227172
-264709
-261932
-253417
-280517
-337463
-379791
-382537
-372436
-392333
-445159
-490814
-498840
-487854
-500671
-548278
-595855
-608734
-597473
-603515
-644897
-692962
-710205
-699188
-698760
-733123
-780273
-801239
-790924
-784484
-811126
-856048
-880004
-870788
-858886
-877349
-918731
-944915
-937103
-920318
-930358
-967041
-994567
-988464
-967468
-968963
-999908
-1027923
-1023712
-999298
-992370
-1016693
-1044311
-1042053
-1015075
-1000000
-1016998
-1043304
-1043151
-1014465
-991729
-1000823
-1024993
-1026916
-997436
-967742
-968536
-989776
-993713
-964355
-928558
-920898
-938385
-944244
-915954
-875030
-858917
-871978
-879547
-853271
-808349
-783996
-791992
-801025
-777557
-729919
-697723
-700073
-710235
-690399
-641387
-601928
-598144
-609039
-593536
-544525
-498535
-488250
-499359
-488830
-441253
-389648
-372528
-383270
-378173
-333526
-277343
-253173
-262878
-263549
-223297
-163696
-132293
-140228
-146850
-112396
-50720
-12023
-17303
-29846
-2624
59661
105651
104003
85693
104339
165802
218963
222076
198394
207153
265991
326202
335357
306884
304473
358886
425903
442504
410156
395233
443145
516693
542510
507385
478607
517578
597351
634552
598205
553955
581085
666717
718078
682556
620819
632293
723419
792968
761138
679077
669403
765716
859680
836059
728881
689208
790466
919921
912414
771179
684356
790313
978881
1005523
809234
631713
740295
1057281
1181121
859558
396820
457244
1371734
2667388
3388519
2958007
1723083
625457
335418
721923
1136413
1128051
819366
627960
744873
968750
1010437
843566
693695
733093
881530
935638
830780
704284
705261
809692
866821
797790
687530
665100
738739
794830
749511
652099
613952
663726
716491
688049
601745
552642
582824
630676
614746
538482
481781
495330
537231
530700
463806
402038
401275
436431
436950
378936
314208
301055
328979
334625
285095
219238
195495
215850
225067
183654
118255
85571
98205
109710
76049
12512
-27435
-22399
-9735
-36041
-96435
-142120
-144439
-131561
-150848
-207000
-256805
-266052
-253753
-266479
-317352
-369689
-385314
-374237
-380859
-425628
-478912
-500213
-490875
-491851
-529785
-582580
-608703
-601501
-597381
-627929
-678741
-708740
-703948
-695312
-718048
-765563
-798431
-796203
-783660
-798370
-841278
-876007
-876342
-860565
-867126
-904388
-939819
-942779
-924407
-922912
-953521
-988586
-993988
-973724
-964508
-987640
-1021270
-1028930
-1007476
-990936
-1006042
-1037139
-1046844
-1024902
-1001647
-1008270
-1035888
-1047302
-1025604
-996398
-994323
-1017578
-1030334
-1009552
-975311
-964508
-982574
-996246
-977081
-938812
-919494
-931671
-945831
-928894
-887725
-860290
-865997
-880126
-865966
-823120
-788208
-786987
-800537
-789672
-746429
-704742
-696289
-708709
-701538
-659179
-611724
-595794
-606475
-603302
-563171
-510986
-487548
-495910
-496887
-460235
-404602
-373718
-379028
-384216
-352294
-294586
-256408
-258026
-267272
-241302
-182922
-137817
-134979
-148040
-129089
-71624
-19989
-11932
-28350
-17456
37475
95031
109161
90026
92010
142700
205566
226623
205596
197875
242492
309844
338775
316986
298889
335510
406402
444305
423065
394012
420501
493835
541961
522979
482452
496398
570922
630798
616210
563751
562225
636383
710021
702697
637695
616912
688690
778991
782989
704589
659149
725830
837341
858917
765686
686737
743957
884826
935150
824279
694824
734161
921539
1025299
890441
668792
666870
948730
1185913
1012145
528930
342651
978515
2243682
3261505
3230865
2176574
925750
334472
552459
1031921
1181945
931579
658874
677032
901947
1025604
911804
727233
698394
832244
936828
878387
737792
687927
771545
861145
832885
720214
658874
708923
785430
775878
683593
615631
640808
705169
707855
631713
560211
565856
618591
629394
566711
493835
483703
525146
541137
490051
417572
394470
424987
443939
403045
332305
298675
318603
338775
306915
239166
197082
206909
226867
203063
139312
90698
90972
109619
92956
34118
-19195
-27770
-11322
-21697
-74890
-131195
-147827
-134307
-139129
-186004
-243682
-267425
-257324
-257324
-297424
-354858
-384674
-378326
-374267
-407165
-462890
-497650
-495239
-487792
-513214
-565856
-604370
-605895
-595703
-613555
-661834
-702819
-708221
-695922
-706176
-748962
-791137
-800140
-786346
-789215
-825469
-867584
-879852
-865173
-860870
-889801
-930572
-945678
-930664
-919616
-940582
-978820
-996246
-981414
-964202
-976745
-1011260
-1030456
-1016296
-993591
-997436
-1027252
-1047576
-1034576
-1007171
-1002258
-1026397
-1047241
-1035797
-1004577
-991088
-1008819
-1029418
-1019958
-985900
-964202
-974822
-994567
-987335
-951507
-922149
-925231
-943420
-938690
-902160
-865936
-861114
-877044
-875000
-838928
-796722
-783874
-796905
-797637
-763153
-716033
-695159
-704650
-708160
-676330
-625579
-596862
-602172
-608337
-580261
-527160
-490936
-491485
-500091
-476745
-422729
-379547
-374755
-385467
-367736
-314300
-264770
-254150
-266479
-255157
-203857
-148773
-131744
-145111
-140838
-93261
-33569
-9704
-23315
-26580
15625
78887
110046
97076
85937
121185
186798
225738
214538
195343
221923
288574
335723
327545
300323
316558
382659
438507
434936
399871
403900
467773
532806
535766
493255
483032
542663
617492
629333
580017
553100
606018
691558
715393
660156
613433
656433
753997
794219
734283
663299
691802
803558
867004
804199
701690
708343
838287
937164
874725
726806
697235
853912
1014526
960052
733520
630065
835571
1138885
1124053
695739
329498
664367
1790893
3005981
3378295
2607330
1308807
433288
413269
884307
1185424
1042022
727264
635131
821655
1010437
971343
780944
684387
778930
917053
915649
783050
687652
734008
840301
857238
759582
666931
682434
764953
791687
718261
629272
622833
685882
717590
662322
577697
554901
601074
634613
593658
514007
478668
509765
542968
513610
439453
394561
412017
443237
423339
355194
303161
308258
336212
324157
262390
205322
199249
223022
217346
162322
102111
86090
104980
104431
56427
-5187
-29937
-16387
-12847
-53710
-115173
-147338
-139404
-132781
-166412
-226196
-264434
-262176
-253356
-279693
-336486
-379394
-382720
-372436
-391632
-444183
-490356
-498962
-487945
-500122
-547332
-595306
-608825
-597625
-603088
-644012
-692352
-710235
-699401
-698486
-732299
-779602
-801208
-791198
-784362
-810424
-855346
-879913
-871093
-858886
-876770
-918060
-944763
-937438
-920440
-929901
-966369
-994354
-988800
-967742
-968658
-999298
-1027709
-1024047
-999664
-992187
-1016143
-1044036
-1042388
-1015563
-1000000
-1016510
-1043029
-1043457
-1015014
-991882
-1000427
-1024688
-1027191
-998046
-968048
-968261
-989440
-993927
-965026
-928985
-920745
-938079
-944427
-916656
-875610
-858886
-871704
-879699
-853973
-809051
-784118
-791717
-801086
-778259
-730712
-697967
-699859
-710235
-691070
-642242
-602294
-597961
-608978
-594146
-545471
-499053
-488159
-499237
-489349
-442230
-390319
-372497
-383087
-378601
-334533
-278137
-253204
-262664
-263854
-224273
-164611
-132446
-139953
-147003
-113342
-51727
-12298
-16998
-29907
-3509
58593
105255
104339
85815
103576
164642
218444
222412
198669
206512
264801
325531
335662
307342
304016
357635
425079
442779
410766
394989
441894
515686
542694
508178
478607
516387
596130
634582
599151
554260
579925
665252
717926
683654
621490
631256
721710
792572
762451
680175
668548
763671
858917
837493
730560
688629
787994
918518
914031
773742
684295
787170
976409
1007232
813354
632781
735870
1052246
1182708
867858
402160
449005
1350646
2647521
3385467
2974243
1745635
638183
333251
713195
1132415
1131774
824737
628570
741027
965911
1011871
847015
694824
730957
879302
936187
833312
705596
704040
807891
866943
799743
688934
664459
737243
794647
751007
653533
613769
662536
716156
689239
603149
552764
581878
630249
615692
539886
482177
494628
536743
531433
465118
402648
400787
435943
437469
380187
314971
300811
328521
335021
286254
220123
195434
215393
225311
184692
119232
85662
97839
109832
76995
13549
-27160
-22705
-9704
-35186
-95367
-141693
-144683
-131622
-150146
-205963
-256256
-266204
-253875
-265899
-316345
-369049
-385375
-374420
-380401
-424652
-478210
-500183
-491088
-491546
-528900
-581817
-608581
-601715
-597198
-627136
-677947
-708557
-704193
-695251
-717376
-764739
-798187
-796447
-783721
-797790
-840515
-875671
-876586
-860748
-866729
-903656
-939453
-942993
-924682
-922668
-952850
-988189
-994201
-974090
-964385
-987060
-1020843
-1029113
-1007934
-990997
-1005554
-1036712
-1046997
-1025421
-1001861
-1007904
-1035461
-1047424
-1026153
-996734
-994079
-1017150
-1030364
-1010131
-975769
-964385
-982177
-996246
-977661
-939392
-919525
-931335
-945770
-929443
-888427
-860473
-865722
-880035
-866516
-823913
-788513
-786773
-800415
-790191
-747283
-705230
-696136
-708557
-701965
-660064
-612304
-595764
-606292
-603668
-564056
-511718
-487609
-495697
-497161
-461120
-405456
-373901
-378784
-384368
-353179
-295532
-256713
-257781
-267333
-242095
-183959
-138244
-134735
-147979
-129821
-72692
-20538
-11718
-28167
-18035
36346
94360
109344
90332
91552
141571
204742
226715
206024
197601
241394
308868
338806
317535
298797
334442
405273
444183
423706
394134
419494
492584
541717
523712
482849
495544
569519
630340
617004
564422
561523
634826
709320
703552
638702
616455
686981
777984
783843
706024
659027
723937
835876
859710
767639
687072
741882
882690
935760
826934
695953
731811
918304
1025482
894317
671478
664123
943023
1184722
1018859
536682
339691
960723
2221374
3251586
3241394
2199005
943145
336944
544525
1025451
1183380
937286
661437
674224
898132
1025573
915069
729492
697143
829589
936309
880554
739807
687469
769592
860443
834381
722076
658935
707489
784667
776947
685272
616027
639739
704376
708587
633270
560852
565124
617797
629882
568115
494689
483276
524444
541442
491333
418518
394287
424346
444061
404174
333374
298736
318084
338806
307891
240264
197326
206481
226806
203887
140441
91125
90667
109497
93658
35217
-18615
-27954
-11535
-21118
-73791
-130523
-147888
-134521
-138671
-184967
-242889
-267364
-257537
-257019
-296478
-354034
-384521
-378570
-374084
-406311
-462005
-497406
-495452
-487701
-512481
-564971
-604034
-606109
-595733
-612945
-660949
-702392
-708374
-696014
-705688
-748107
-790679
-800292
-786560
-788848
-824707
-867065
-879943
-865447
-860656
-889099
-930023
-945739
-930999
-919586
-940002
-978240
-996246
-981781
-964294
-976257
-1010681
-1030426
-1016723
-993835
-997100
-1026702
-1047485
-1035034
-1007507
-1002044
-1025909
-1047119
-1036254
-1005065
-991027
-1008361
-1029266
-1020385
-986480
-964294
-974456
-994384
-987762
-952178
-922393
-924957
-943206
-939086
-902923
-866333
-860931
-876831
-875366
-839721
-797271
-783813
-796661
-797912
-763946
-716705
-695220
-704406
-708374
-677154
-626342
-597015
-601928
-608459
-581024
-528015
-491241
-491302
-500152
-477478
-423675
-379974
-374603
-385437
-368408
-315338
-265319
-253997
-266357
-255706
-204895
-149444
-131683
-144897
-141265
-94329
-34362
-9704
-23010
-26885
14587
77941
109954
97473
85784
120208
185760
225555
214965
195373
221038
287414
335388
328033
300567
315765
381408
437988
435455
400329
403259
466461
532135
536254
493927
482574
541259
616607
629821
580963
552917
604583
690429
715789
661346
613586
654968
752502
794464
735778
663848
690368
801635
867004
806060
702850
706939
835815
936706
877014
728881
696014
850463
1013244
963012
737243
629272
830139
1135375
1128295
704467
331268
651153
1768249
2990234
3382049
2627502
1329650
441009
407623
876129
1184143
1047180
731536
633911
817504
1008880
973907
784027
684295
776336
915557
917114
785522
688140
732269
838897
858093
761627
667724
681274
763702
792144
719970
630249
622161
684783
717773
663787
578796
554565
600097
634613
594909
515167
478637
508972
542846
514648
440673
394744
411376
442993
424224
356414
303558
307800
335937
324859
263610
205902
198944
222717
217895
163482
102844
85937
104675
104858
57495
-4333
-29907
-16693
-12573
-52703
-114257
-147186
-139678
-132598
-165496
-225250
-264160
-262420
-253265
-278900
-335510
-378997
-382904
-372467
-390960
-443206
-489837
-499114
-488037
-499603
-546386
-594726
-608917
-597808
-602691
-643127
-691711
-710235
-699615
-698211
-731506
-778930
-801147
-791442
-784210
-809722
-854675
-879791
-871398
-858886
-876190
-917358
-944580
-937744
-920593
-929443
-965698
-994171
-989105
-967987
-968322
-998687
-1027435
-1024353
-1000061
-992034
-1015563
-1043731
-1042694
-1016021
-1000000
-1016021
-1042694
-1043731
-1015563
-992034
-1000061
-1024353
-1027435
-998687
-968322
-967987
-989105
-994171
-965698
-929443
-920593
-937744
-944580
-917358
-876190
-858886
-871398
-879791
-854675
-809722
-784210
-791442
-801147
-778930
-731506
-698211
-699615
-710235
-691711
-643127
-602691
-597808
-608917
-594726
-546386
-499603
-488037
-499114
-489837
-443206
-390960
-372467
-382904
-378997
-335510
-278900
-253265
-262420
-264160
-225250
-165496
-132598
-139678
-147186
-114257
-52703
-12573
-16693
-29907
-4333
57495
104858
104675
85937
102844
163482
217895
222717
198944
205902
263610
324859
335937
307800
303558
356414
424224
442993
411376
394744
440673
514648
542846
508972
478637
515167
594909
634613
600097
554565
578796
663787
717773
684783
622161
630249
719970
792144
763702
681274
667724
761627
858093
838897
732269
688140
785522
917114
915557
776336
684295
784027
973907
1008880
817504
633911
731536
1047180
1184143
876129
407623
441009
1329650
2627502
3382049
2990234
1768249
651153
331268
704467
1128295
1135375
830139
629272
737243
963012
1013244
850463
696014
728881
877014
936706
835815
706939
702850
806060
867004
801635
690368
663848
735778
794464
752502
654968
613586
661346
715789
690429
604583
552917
580963
629821
616607
541259
482574
493927
536254
532135
466461
403259
400329
435455
437988
381408
315765
300567
328033
335388
287414
221038
195373
214965
225555
185760
120208
85784
97473
109954
77941
14587
-26885
-23010
-9704
-34362
-94329
-141265
-144897
-131683
-149444
-204895
-255706
-266357
-253997
-265319
-315338
-368408
-385437
-374603
-379974
-423675
-477478
-500152
-491302
-491241
-528015
-581024
-608459
-601928
-597015
-626342
-677154
-708374
-704406
-695220
-716705
-763946
-797912
-796661
-783813
-797271
-839721
-875366
-876831
-860931
-866333
-902923
-939086
-943206
-924957
-922393
-952178
-987762
-994384
-974456
-964294
-986480
-1020385
-1029266
-1008361
-991027
-1005065
-1036254
-1047119
-1025909
-1002044
-1007507
-1035034
-1047485
-1026702
-997100
-993835
-1016723
-1030426
-1010681
-976257
-964294
-981781
-996246
-978240
-940002
-919586
-930999
-945739
-930023
-889099
-860656
-865447
-879943
-867065
-824707
-788848
-786560
-800292
-790679
-748107
-705688
-696014
-708374
-702392
-660949
-612945
-595733
-606109
-604034
-564971
-512481
-487701
-495452
-497406
-462005
-406311
-374084
-378570
-384521
-354034
-296478
-257019
-257537
-267364
-242889
-184967
-138671
-134521
-147888
-130523
-73791
-21118
-11535
-27954
-18615
35217
93658
109497
90667
91125
140441
203887
226806
206481
197326
240264
307891
338806
318084
298736
333374
404174
444061
424346
394287
418518
491333
541442
524444
483276
494689
568115
629882
617797
565124
560852
633270
708587
704376
639739
616027
685272
776947
784667
707489
658935
722076
834381
860443
769592
687469
739807
880554
936309
829589
697143
729492
915069
1025573
898132
674224
661437
937286
1183380
1025451
544525
336944
943145
2199005
3241394
3251586
2221374
960723
339691
536682
1018859
1184722
943023
664123
671478
894317
1025482
918304
731811
695953
826934
935760
882690
741882
687072
767639
859710
835876
723937
659027
706024
783843
777984
686981
616455
638702
703552
709320
634826
561523
564422
617004
630340
569519
495544
482849
523712
541717
492584
419494
394134
423706
444183
405273
334442
298797
317535
338806
308868
241394
197601
206024
226715
204742
141571
91552
90332
109344
94360
36346
-18035
-28167
-11718
-20538
-72692
-129821
-147979
-134735
-138244
-183959
-242095
-267333
-257781
-256713
-295532
-353179
-384368
-378784
-373901
-405456
-461120
-497161
-495697
-487609
-511718
-564056
-603668
-606292
-595764
-612304
-660064
-701965
-708557
-696136
-705230
-747283
-790191
-800415
-786773
-788513
-823913
-866516
-880035
-865722
-860473
-888427
-929443
-945770
-931335
-919525
-939392
-977661
-996246
-982177
-964385
-975769
-1010131
-1030364
-1017150
-994079
-996734
-1026153
-1047424
-1035461
-1007904
-1001861
-1025421
-1046997
-1036712
-1005554
-990997
-1007934
-1029113
-1020843
-987060
-964385
-974090
-994201
-988189
-952850
-922668
-924682
-942993
-939453
-903656
-866729
-860748
-876586
-875671
-840515
-797790
-783721
-796447
-798187
-764739
-717376
-695251
-704193
-708557
-677947
-627136
-597198
-601715
-608581
-581817
-528900
-491546
-491088
-500183
-478210
-424652
-380401
-374420
-385375
-369049
-316345
-265899
-253875
-266204
-256256
-205963
-150146
-131622
-144683
-141693
-95367
-35186
-9704
-22705
-27160
13549
76995
109832
97839
85662
119232
184692
225311
215393
195434
220123
286254
335021
328521
300811
314971
380187
437469
435943
400787
402648
465118
531433
536743
494628
482177
539886
615692
630249
581878
552764
603149
689239
716156
662536
613769
653533
751007
794647
737243
664459
688934
799743
866943
807891
704040
705596
833312
936187
879302
730957
694824
847015
1011871
965911
741027
628570
824737
1131774
1132415
713195
333251
638183
1745635
2974243
3385467
2647521
1350646
449005
402160
867858
1182708
1052246
735870
632781
813354
1007232
976409
787170
684295
773742
914031
918518
787994
688629
730560
837493
858917
763671
668548
680175
762451
792572
721710
631256
621490
683654
717926
665252
579925
554260
599151
634582
596130
516387
478607
508178
542694
515686
441894
394989
410766
442779
425079
357635
304016
307342
335662
325531
264801
206512
198669
222412
218444
164642
103576
85815
104339
105255
58593
-3509
-29907
-16998
-12298
-51727
-113342
-147003
-139953
-132446
-164611
-224273
-263854
-262664
-253204
-278137
-334533
-378601
-383087
-372497
-390319
-442230
-489349
-499237
-488159
-499053
-545471
-594146
-608978
-597961
-602294
-642242
-691070
-710235
-699859
-697967
-730712
-778259
-801086
-791717
-784118
-809051
-853973
-879699
-871704
-858886
-875610
-916656
-944427
-938079
-920745
-928985
-965026
-993927
-989440
-968261
-968048
-998046
-1027191
-1024688
-1000427
-991882
-1015014
-1043457
-1043029
-1016510
-1000000
-1015563
-1042388
-1044036
-1016143
-992187
-999664
-1024047
-1027709
-999298
-968658
-967742
-988800
-994354
-966369
-929901
-920440
-937438
-944763
-918060
-876770
-858886
-871093
-879913
-855346
-810424
-784362
-791198
-801208
-779602
-732299
-698486
-699401
-710235
-692352
-644012
-603088
-597625
-608825
-595306
-547332
-500122
-487945
-498962
-490356
-444183
-391632
-372436
-382720
-379394
-336486
-279693
-253356
-262176
-264434
-226196
-166412
-132781
-139404
-147338
-115173
-53710
-12847
-16387
-29937
-5187
56427
104431
104980
86090
102111
162322
217346
223022
199249
205322
262390
324157
336212
308258
303161
355194
423339
443237
412017
394561
439453
513610
542968
509765
478668
514007
593658
634613
601074
554901
577697
662322
717590
685882
622833
629272
718261
791687
764953
682434
666931
759582
857238
840301
734008
687652
783050
915649
917053
778930
684387
780944
971343
1010437
821655
635131
727264
1042022
1185424
884307
413269
433288
1308807
2607330
3378295
3005981
1790893
664367
329498
695739
1124053
1138885
835571
630065
733520
960052
1014526
853912
697235
726806
874725
937164
838287
708343
701690
804199
867004
803558
691802
663299
734283
794219
753997
656433
613433
660156
715393
691558
606018
553100
580017
629333
617492
542663
483032
493255
535766
532806
467773
403900
399871
434936
438507
382659
316558
300323
327545
335723
288574
221923
195343
214538
225738
186798
121185
85937
97076
110046
78887
15625
-26580
-23315
-9704
-33569
-93261
-140838
-145111
-131744
-148773
-203857
-255157
-266479
-254150
-264770
-314300
-367736
-385467
-374755
-379547
-422729
-476745
-500091
-491485
-490936
-527160
-580261
-608337
-602172
-596862
-625579
-676330
-708160
-704650
-695159
-716033
-763153
-797637
-796905
-783874
-796722
-838928
-875000
-877044
-861114
-865936
-902160
-938690
-943420
-925231
-922149
-951507
-987335
-994567
-974822
-964202
-985900
-1019958
-1029418
-1008819
-991088
-1004577
-1035797
-1047241
-1026397
-1002258
-1007171
-1034576
-1047576
-1027252
-997436
-993591
-1016296
-1030456
-1011260
-976745
-964202
-981414
-996246
-978820
-940582
-919616
-930664
-945678
-930572
-889801
-860870
-865173
-879852
-867584
-825469
-789215
-786346
-800140
-791137
-748962
-706176
-695922
-708221
-702819
-661834
-613555
-595703
-605895
-604370
-565856
-513214
-487792
-495239
-497650
-462890
-407165
-374267
-378326
-384674
-354858
-297424
-257324
-257324
-267425
-243682
-186004
-139129
-134307
-147827
-131195
-74890
-21697
-11322
-27770
-19195
34118
92956
109619
90972
90698
139312
203063
226867
206909
197082
239166
306915
338775
318603
298675
332305
403045
443939
424987
394470
417572
490051
541137
525146
483703
493835
566711
629394
618591
565856
560211
631713
707855
705169
640808
615631
683593
775878
785430
708923
658874
720214
832885
861145
771545
687927
737792
878387
936828
832244
698394
727233
911804
1025604
901947
677032
658874
931579
1181945
1031921
552459
334472
925750
2176574
3230865
3261505
2243682
978515
342651
528930
1012145
1185913
948730
666870
668792
890441
1025299
921539
734161
694824
824279
935150
884826
743957
686737
765686
858917
837341
725830
659149
704589
782989
778991
688690
616912
637695
702697
710021
636383
562225
563751
616210
630798
570922
496398
482452
522979
541961
493835
420501
394012
423065
444305
406402
335510
298889
316986
338775
309844
242492
197875
205596
226623
205566
142700
92010
90026
109161
95031
37475
-17456
-28350
-11932
-19989
-71624
-129089
-148040
-134979
-137817
-182922
-241302
-267272
-258026
-256408
-294586
-352294
-384216
-379028
-373718
-404602
-460235
-496887
-495910
-487548
-510986
-563171
-603302
-606475
-595794
-611724
-659179
-701538
-708709
-696289
-704742
-746429
-789672
-800537
-786987
-788208
-823120
-865966
-880126
-865997
-860290
-887725
-928894
-945831
-931671
-919494
-938812
-977081
-996246
-982574
-964508
-975311
-1009552
-1030334
-1017578
-994323
-996398
-1025604
-1047302
-1035888
-1008270
-1001647
-1024902
-1046844
-1037139
-1006042
-990936
-1007476
-1028930
-1021270
-987640
-964508
-973724
-993988
-988586
-953521
-922912
-924407
-942779
-939819
-904388
-867126
-860565
-876342
-876007
-841278
-798370
-783660
-796203
-798431
-765563
-718048
-695312
-703948
-708740
-678741
-627929
-597381
-601501
-608703
-582580
-529785
-491851
-490875
-500213
-478912
-425628
-380859
-374237
-385314
-369689
-317352
-266479
-253753
-266052
-256805
-207000
-150848
-131561
-144439
-142120
-96435
-36041
-9735
-22399
-27435
12512
76049
109710
98205
85571
118255
183654
225067
215850
195495
219238
285095
334625
328979
301055
314208
378936
436950
436431
401275
402038
463806
530700
537231
495330
481781
538482
614746
630676
582824
552642
601745
688049
716491
663726
613952
652099
749511
794830
738739
665100
687530
797790
866821
809692
705261
704284
830780
935638
881530
733093
693695
843566
1010437
968750
744873
627960
819366
1128051
1136413
721923
335418
625457
1723083
2958007
3388519
2667388
1371734
457244
396820
859558
1181121
1057281
740295
631713
809234
1005523
978881
790313
684356
771179
912414
919921
790466
689208
728881
836059
859680
765716
669403
679077
761138
792968
723419
632293
620819
682556
718078
666717
581085
553955
598205
634552
597351
517578
478607
507385
542510
516693
443145
395233
410156
442504
425903
358886
304473
306884
335357
326202
265991
207153
198394
222076
218963
165802
104339
85693
104003
105651
59661
-2624
-29846
-17303
-12023
-50720
-112396
-146850
-140228
-132293
-163696
-223297
-263549
-262878
-253173
-277343
-333526
-378173
-383270
-372528
-389648
-441253
-488830
-499359
-488250
-498535
-544525
-593536
-609039
-598144
-601928
-641387
-690399
-710235
-700073
-697723
-729919
-777557
-801025
-791992
-783996
-808349
-853271
-879547
-871978
-858917
-875030
-915954
-944244
-938385
-920898
-928558
-964355
-993713
-989776
-968536
-967742
-997436
-1026916
-1024993
-1000823
-991729
-1014465
-1043151
-1043304
-1016998
-1000000
-1015075
-1042053
-1044311
-1016693
-992370
-999298
-1023712
-1027923
-999908
-968963
-967468
-988464
-994567
-967041
-930358
-920318
-937103
-944915
-918731
-877349
-858886
-870788
-880004
-856048
-811126
-784484
-790924
-801239
-780273
-733123
-698760
-699188
-710205
-692962
-644897
-603515
-597473
-608734
-595855
-548278
-500671
-487854
-498840
-490814
-445159
-392333
-372436
-382537
-379791
-337463
-280517
-253417
-261932
-264709
-227172
-167327
-132965
-139129
-147460
-116088
-54748
-13153
-16082
-29937
-6011
55328
104003
105285
86242
101409
161163
216766
223327
199554
204742
261199
323425
336486
308715
302764
353973
422454
443420
412658
394348
438232
512542
543090
510559
478729
512817
592407
634582
602020
555236
576599
660858
717346
686981
623565
628295
716522
791168
766204
683593
666198
757568
856323
841644
735778
687225
780609
914123
918518
781555
684509
777893
968750
1011901
825775
636444
723052
1036834
1186584
892456
419036
425842
1288116
2586975
3374206
3021453
1813598
677856
327941
687042
1119628
1142303
841064
630950
729797
957031
1015777
857360
698547
724792
872406
937561
840789
709777
700561
802368
867004
805419
693298
662750
732788
793945
755462
657928
613342
658966
714996
692718
607482
553314
579101
628845
618377
544036
483489
492584
535247
533447
469116
404541
399444
434417
438964
383911
317352
300109
327056
336029
289703
222869
195312
214080
225952
187835
122192
86090
96710
110137
79803
16662
-26275
-23620
-9704
-32775
-92193
-140380
-145324
-131835
-148101
-202789
-254577
-266601
-254272
-264221
-313293
-367065
-385498
-374938
-379119
-421783
-476013
-500061
-491699
-490661
-526275
-579467
-608184
-602386
-596710
-624786
-675537
-707946
-704895
-695159
-715393
-762329
-797363
-797149
-783966
-796203
-838165
-874664
-877288
-861297
-865539
-901428
-938293
-943603
-925506
-921936
-950836
-986907
-994750
-975189
-964111
-985321
-1019500
-1029571
-1009246
-991149
-1004089
-1035339
-1047332
-1026916
-1002471
-1006805
-1034118
-1047637
-1027770
-997802
-993377
-1015869
-1030487
-1011810
-977233
-964111
-981018
-996246
-979370
-941192
-919677
-930328
-945617
-931121
-890533
-861083
-864898
-879760
-868103
-826263
-789550
-786163
-800018
-791625
-749816
-706695
-695800
-708038
-703247
-662719
-614196
-595703
-605712
-604705
-566772
-513977
-487884
-495025
-497894
-463775
-408020
-374481
-378112
-384826
-355712
-298370
-257659
-257080
-267425
-244445
-187042
-139587
-134094
-147735
-131866
-75958
-22277
-11169
-27557
-19744
32989
92224
109741
91308
90301
138183
202178
226928
207336
196838
238067
305908
338745
319152
298645
331268
401885
443756
425628
394653
416625
488769
540832
525848
484130
493041
565307
628875
619354
566589
559570
630157
707092
705932
641876
615264
681884
774780
786193
710388
658843
718383
831329
861816
773498
688415
735778
876190
937255
834869
699676
725036
908477
1025573
905700
679901
656402
925842
1180358
1038299
560455
332275
908569
2154113
3220031
3271057
2265899
996520
345886
521240
1005340
1186981
954406
669738
666198
886566
1025054
924743
736572
693756
821594
934509
886901
746093
686431
763763
858093
838775
727722
659332
703186
782135
779968
690429
617401
636657
701843
710662
637908
562957
563079
615386
631225
572326
497283
482086
522216
542205
495086
421508
393890
422393
444396
407501
336578
298980
316436
338775
310791
243621
198181
205169
226501
206359
143829
92468
89721
109008
95703
38574
-16815
-28503
-12145
-19470
-70556
-128356
-148071
-135192
-137420
-181915
-240478
-267211
-258239
-256134
-293640
-351440
-384033
-379272
-373535
-403778
-459320
-496582
-496093
-487518
-510284
-562255
-602935
-606658
-595855
-611114
-658294
-701080
-708862
-696411
-704284
-745574
-789154
-800628
-787200
-787872
-822357
-865417
-880187
-866302
-860137
-887023
-928283
-945831
-932037
-919464
-938232
-976501
-996215
-982971
-964630
-974853
-1008972
-1030242
-1017974
-994567
-996093
-1025054
-1047210
-1036346
-1008636
-1001495
-1024414
-1046691
-1037567
-1006530
-990905
-1007049
-1028778
-1021667
-988250
-964630
-973358
-993774
-988983
-954193
-923187
-924133
-942535
-940185
-905120
-867553
-860412
-876129
-876312
-842071
-798919
-783630
-795928
-798675
-766357
-718750
-695404
-703704
-708923
-679534
-628723
-597595
-601257
-608795
-583343
-530700
-492187
-490692
-500213
-479614
-426574
-381317
-374084
-385253
-370300
-318389
-267059
-253662
-265899
-257324
-208038
-151580
-131530
-144195
-142517
-97473
-36865
-9796
-22094
-27709
11505
75073
109588
98602
85449
117279
182556
224822
216278
195587
218383
283935
334259
329467
301330
313476
377655
436401
436920
401733
401458
462493
529968
537689
496032
481414
537109
613800
631103
583770
552520
600341
686828
716796
664916
614196
650695
747985
794952
740203
665740
686157
795867
866699
811492
706512
703002
828277
935028
883728
735260
692657
840118
1008911
971557
748718
627471
814025
1124237
1140258
730651
337829
612976
1700561
2941528
3391204
2687072
1392974
465789
391662
851196
1179412
1062225
744781
630767
805084
1003753
981262
793487
684448
768615
910797
921234
792968
689819
727203
834564
860412
767761
670288
678009
759857
793334
725128
633331
620208
681396
718200
668151
582244
553680
597229
634490
598571
518798
478637
506591
542327
517700
444396
395507
409515
442230
426727
360107
304931
306427
335021
326873
267211
207794
198120
221740
219451
166931
105133
85601
103668
106018
60760
-1770
-29815
-17608
-11779
-49743
-111450
-146636
-140502
-132171
-162841
-222320
-263214
-263122
-253112
-276580
-332550
-377746
-383453
-372589
-389007
-440277
-488281
-499481
-488372
-498046
-543579
-592926
-609069
-598327
-601562
-640502
-689727
-710235
-700317
-697479
-729125
-776855
-800933
-792266
-783905
-807678
-852539
-879425
-872283
-858978
-874481
-915252
-944061
-938690
-921051
-928131
-963684
-993469
-990081
-968811
-967468
-996826
-1026641
-1025299
-1001190
-991607
-1013916
-1042846
-1043609
-1017456
-1000030
-1014617
-1041748
-1044555
-1017242
-992523
-998931
-1023345
-1028167
-1000549
-969299
-967224
-988128
-994750
-967681
-930816
-920196
-936798
-945037
-919403
-877960
-858886
-870483
-880096
-856719
-811859
-784637
-790649
-801269
-780914
-733917
-699066
-698974
-710174
-693572
-645782
-603942
-597320
-608642
-596405
-549224
-501251
-487762
-498687
-491302
-446136
-393005
-372436
-382324
-380157
-338439
-281341
-253540
-261688
-264953
-228118
-168243
-133178
-138854
-147613
-116973
-55755
-13488
-15777
-29907
-6805
54229
103576
105590
86395
100708
160003
216186
223632
199890
204193
260009
322692
336730
309204
302368
352752
421569
443634
413299
394195
437042
511474
543182
511352
478820
511688
591125
634521
602966
555633
575531
659362
717102
688079
624298
627380
714782
790649
767425
684783
665496
755523
855407
842987
737548
686859
778198
912567
919921
784179
684692
774871
966094
1013336
829925
637847
718902
1031616
1187591
900512
424987
418640
1267547
2566467
3369750
3036682
1836303
691589
326629
678344
1115112
1145629
846557
631958
726135
953948
1016937
860809
699920
722808
870056
937927
843261
711242
699493
800476
866943
807281
694793
662261
731292
793670
756896
659423
613250
657775
714569
693817
608947
553558
578216
628326
619232
545440
483947
491943
534698
534088
470428
405212
399017
433898
439422
385162
318176
299896
326568
336334
290832
223785
195312
213623
226104
188873
123199
86273
96313
110198
80718
17700
-25939
-23925
-9735
-31982
-91125
-139923
-145538
-131927
-147430
-201751
-253997
-266723
-254425
-263702
-312286
-366394
-385528
-375122
-378723
-420837
-475250
-500000
-491912
-490386
-525390
-578674
-608032
-602630
-596557
-624023
-674713
-707702
-705139
-695129
-714752
-761505
-797058
-797363
-784057
-795684
-837371
-874298
-877502
-861511
-865173
-900695
-937866
-943817
-925811
-921691
-950164
-986450
-994903
-975585
-964050
-984741
-1019012
-1029693
-1009704
-991241
-1003631
-1034881
-1047424
-1027404
-1002716
-1006469
-1033660
-1047698
-1028320
-998168
-993164
-1015441
-1030487
-1012359
-977722
-964050
-980621
-996215
-979919
-941802
-919769
-929962
-945556
-931671
-891235
-861297
-864624
-879638
-868621
-827056
-789947
-785980
-799865
-792083
-750671
-707183
-695709
-707855
-703613
-663604
-614837
-595703
-605499
-605010
-567657
-514739
-487976
-494812
-498107
-464660
-408905
-374694
-377868
-384948
-356536
-299346
-258026
-256866
-267456
-245208
-188079
-140045
-133880
-147613
-132537
-77056
-22888
-10986
-27343
-20294
31860
91491
109863
91644
89904
137084
201324
226959
207794
196624
236999
304901
338684
319702
298614
330261
400756
443572
426239
394866
415679
487487
540466
526550
484588
492248
563873
628326
620086
567321
558990
628601
706298
706695
642944
614929
680206
773651
786926
711853
658874
716552
829772
862426
775451
688934
733795
873992
937652
837493
701019
722900
905181
1025421
909423
682830
654022
920104
1178649
1044586
568542
330291
891601
2131561
3208862
3280303
2288055
1014709
349395
513641
998443
1187896
960083
672668
663665
882659
1024719
927917
739044
692718
818939
933776
888946
748229
686157
761810
857269
840148
729644
659515
701782
781250
780944
692138
617919
635681
700958
711303
639465
563690
562408
614562
631622
573730
498199
481719
521484
542419
496337
422515
393768
421752
444458
408569
337677
299102
315917
338714
311737
244750
198486
204772
226379
207153
144989
92956
89447
108825
96374
39703
-16204
-28686
-12359
-18951
-69458
-127624
-148132
-135437
-137023
-180908
-239654
-267120
-258483
-255859
-292724
-350555
-383819
-379486
-373382
-402954
-458404
-496307
-496307
-487457
-509582
-561340
-602539
-606842
-595886
-610534
-657409
-700622
-708984
-696563
-703857
-744720
-788635
-800750
-787414
-787567
-821594
-864837
-880249
-866577
-859985
-886352
-927703
-945861
-932373
-919464
-937652
-975891
-996185
-983337
-964752
-974395
-1008392
-1030181
-1018402
-994842
-995758
-1024505
-1047088
-1036773
-1009033
-1001312
-1023895
-1046539
-1037994
-1007019
-990905
-1006622
-1028564
-1022094
-988830
-964752
-973022
-993560
-989379
-954864
-923492
-923858
-942291
-940521
-905853
-867980
-860260
-875854
-876586
-842834
-799499
-783569
-795684
-798919
-767150
-719451
-695465
-703460
-709075
-680297
-629516
-597778
-601043
-608886
-584075
-531585
-492523
-490478
-500213
-480316
-427551
-381774
-373931
-385162
-370910
-319396
-267669
-253570
-265747
-257812
-209075
-152313
-131500
-143951
-142913
-98510
-37719
-9857
-21759
-27954
10498
74127
109436
98968
85388
116333
181488
224548
216705
195678
217529
282745
333831
329925
301635
312744
376403
435821
437377
402252
400909
461151
529205
538146
496734
481048
535736
612823
631469
584716
552459
598937
685607
717071
666137
614440
649322
746429
795074
741668
666442
684814
793914
866485
813262
707794
701782
825744
934356
885894
737457
691650
836700
1007354
974273
752593
627075
808746
1120330
1143981
739379
340423
600769
1678100
2924774
3393524
2706573
1414337
474578
386657
842803
1177551
1067138
749359
629913
800964
1001892
983612
796691
684631
766082
909118
922546
795471
690460
725555
833068
861145
769805
671203
676940
758514
793670
726837
634429
619598
680267
718261
669586
583435
553466
596252
634399
599761
520050
478698
505828
542114
518707
445648
395812
408935
441955
427520
361358
305419
305999
334686
327514
268402
208435
197845
221405
219970
168090
105895
85479
103332
106384
61828
-885
-29754
-17944
-11535
-48767
-110504
-146453
-140777
-132049
-161956
-221313
-262878
-263336
-253112
-275848
-331542
-377288
-383636
-372650
-388397
-439300
-487731
-499572
-488494
-497528
-542633
-592315
-609130
-598510
-601196
-639617
-689056
-710205
-700561
-697265
-728332
-776153
-800842
-792541
-783813
-806976
-851837
-879272
-872589
-859008
-873931
-914550
-943847
-938995
-921234
-927703
-963012
-993225
-990386
-969116
-967193
-996185
-1026336
-1025604
-1001586
-991485
-1013366
-1042510
-1043884
-1017944
-1000061
-1014160
-1041381
-1044830
-1017822
-992736
-998596
-1023010
-1028381
-1001159
-969635
-966979
-987762
-994934
-968353
-931304
-920074
-936462
-945159
-920074
-878570
-858917
-870178
-880157
-857391
-812561
-784790
-790405
-801269
-781585
-734741
-699371
-698760
-710144
-694183
-646667
-604370
-597167
-608551
-596954
-550170
-501831
-487701
-498535
-491760
-447113
-393707
-372436
-382141
-380523
-339416
-282165
-253631
-261444
-265197
-229034
-169158
-133392
-138580
-147705
-117858
-56793
-13824
-15472
-29876
-7629
53131
103088
105895
86578
100006
158843
215576
223907
200225
203643
258789
321929
336975
309692
302001
351562
420654
443786
413940
394042
435852
510375
543243
512145
478912
510528
589843
634460
603881
556030
574493
657867
716827
689147
625061
626495
713043
790100
768615
685974
664794
753479
854431
844268
739318
686523
775756
910980
921295
786834
684967
771881
963409
1014648
834045
639343
714874
1026336
1188446
908508
431060
411712
1247100
2545806
3364929
3051635
1859008
705535
325500
669677
1110443
1148834
852111
633056
722503
950805
1018035
864257
701324
720855
867675
938232
845703
712768
698455
798614
866821
809143
696319
661804
729766
793334
758300
660919
613189
656616
714111
694915
610412
553802
577301
627807
620056
546844
484466
491302
534149
534698
471771
405914
398620
433349
439849
386383
319030
299713
326049
336639
291992
224731
195312
213195
226287
189880
124206
86456
95947
110260
81604
18768
-25604
-24230
-9765
-31188
-90057
-139434
-145751
-132019
-146789
-200683
-253387
-266845
-254577
-263183
-311248
-365692
-385559
-375335
-378356
-419860
-474487
-499908
-492126
-490142
-524536
-577850
-607879
-602844
-596435
-623260
-673889
-707458
-705352
-695129
-714111
-760681
-796722
-797607
-784149
-795196
-836578
-873931
-877685
-861724
-864807
-899963
-937469
-944000
-926116
-921478
-949493
-986022
-995056
-975952
-963989
-984161
-1018554
-1029815
-1010131
-991333
-1003173
-1034393
-1047515
-1027893
-1002929
-1006134
-1033203
-1047729
-1028839
-998535
-992950
-1015014
-1030487
-1012908
-978210
-963989
-980224
-996154
-980468
-942443
-919860
-929626
-945465
-932189
-891937
-861541
-864349
-879516
-869110
-827850
-790313
-785766
-799713
-792541
-751495
-707702
-695587
-707672
-704010
-664489
-615478
-595703
-605285
-605316
-568542
-515502
-488098
-494598
-498321
-465515
-409790
-374938
-377655
-385040
-357360
-300323
-258361
-256652
-267456
-245941
-189117
-140533
-133697
-147521
-133178
-78155
-23498
-10833
-27099
-20812
30761
90728
109954
91979
89538
135955
200408
226989
208221
196411
235900
303863
338592
320251
298614
329254
399597
443389
426879
395080
414764
486206
540130
527252
485076
491485
562469
627777
620819
568084
558410
627075
705474
707458
644042
614593
678527
772521
787628
713317
658905
714752
828186
863006
777404
689483
731872
871734
937988
840087
702392
720794
901824
1025238
913116
685821
651733
914398
1176818
1050720
576660
328582
874847
2108978
3197387
3289215
2310119
1033111
353149
506164
991424
1188720
965759
675720
661224
878692
1024291
931060
741546
691772
816253
933013
890991
750396
685943
759887
856353
841522
731567
659759
700378
780303
781860
693878
618469
634704
700073
711914
641021
564453
561767
613739
631988
575103
499114
481384
520721
542602
497558
423553
393707
421112
444488
409667
338775
299255
315368
338653
312652
245910
198822
204345
226257
207946
146118
93475
89141
108642
97015
40832
-15563
-28839
-12573
-18432
-68389
-126892
-148162
-135681
-136657
-179901
-238830
-267028
-258728
-255615
-291778
-349670
-383605
-379730
-373260
-402130
-457489
-495971
-496520
-487426
-508880
-560424
-602142
-607025
-595947
-609954
-656494
-700134
-709136
-696716
-703399
-743896
-788116
-800842
-787658
-787292
-820800
-864288
-880279
-866882
-859832
-885650
-927093
-945861
-932708
-919464
-937072
-975280
-996154
-983734
-964904
-973937
-1007812
-1030090
-1018798
-995117
-995452
-1023956
-1046966
-1037170
-1009429
-1001159
-1023406
-1046386
-1038421
-1007537
-990875
-1006164
-1028381
-1022491
-989440
-964904
-972656
-993347
-989746
-955566
-923797
-923614
-942047
-940856
-906585
-868438
-860107
-875610
-876892
-843597
-800079
-783538
-795440
-799133
-767913
-720153
-695556
-703216
-709228
-681091
-630340
-598022
-600799
-608947
-584808
-532501
-492889
-490295
-500213
-480987
-428527
-382263
-373779
-385070
-371520
-320404
-268280
-253479
-265563
-258331
-210113
-153045
-131469
-143707
-143280
-99548
-38604
-9918
-21453
-28167
9490
73120
109252
99365
85327
115417
180419
224243
217132
195770
216674
281555
333404
330352
301940
312042
375152
435241
437835
402740
400360
459838
528442
538574
497467
480743
534393
611846
631835
585662
552398
597564
684356
717315
667327
614715
647949
744873
795135
743133
667144
683532
791961
866271
815032
709106
700592
823242
933654
888031
739685
690734
833282
1005706
976928
756500
626770
803497
1116363
1147552
748107
343231
588806
1655670
2907806
3395507
2725860
1435791
483642
381805
834350
1175537
1071990
753967
629150
796844
999969
985931
799896
684875
763549
907409
923797
797973
691162
723937
831542
861785
771850
672149
675933
757202
793975
728515
635528
619049
679107
718322
670989
584625
553222
595306
634277
600952
521301
478759
505035
541900
519653
446899
396118
408325
441650
428314
362609
305938
305572
334350
328125
269622
209106
197601
221038
220428
169219
106689
85418
102996
106719
62896
0
-29663
-18249
-11322
-47790
-109558
-146209
-141052
-131927
-161102
-220336
-262542
-263580
-253082
-275085
-330535
-376831
-383789
-372711
-387786
-438323
-487182
-499664
-488647
-497070
-541717
-591674
-609161
-598724
-600830
-638763
-688385
-710174
-700775
-697052
-727569
-775421
-800750
-792785
-783752
-806335
-851104
-879119
-872863
-859069
-873382
-913848
-943634
-939300
-921417
-927307
-962341
-992950
-990692
-969390
-966949
-995574
-1026031
-1025909
-1001983
-991394
-1012817
-1042175
-1044158
-1018432
-1000122
-1013702
-1041046
-1045074
-1018371
-992919
-998229
-1022644
-1028594
-1001770
-969970
-966766
-987426
-995086
-968994
-931793
-919982
-936126
-945281
-920745
-879180
-858947
-869873
-880218
-858062
-813293
-784973
-790130
-801269
-782226
-735565
-699676
-698547
-710083
-694793
-647552
-604827
-597015
-608459
-597473
-551116
-502410
-487609
-498382
-492187
-448059
-394439
-372467
-381927
-380859
-340393
-282989
-253753
-261199
-265441
-229980
-170104
-133605
-138305
-147827
-118743
-57800
-14160
-15197
-29846
-8422
52001
102630
106201
86761
99334
157684
214965
224182
200561
203125
257598
321166
337219
310180
301666
350372
419708
443939
414581
393920
434661
509277
543273
512939
479034
509429
588562
634338
604827
556457
573486
656372
716522
690216
625823
625610
711303
789489
769775
687194
664184
751464
853424
845550
741119
686248
773376
909362
922607
789459
685272
768920
960662
1015930
838165
640930
710876
1020996
1189178
916442
437255
405059
1226837
2524993
3359771
3066284
1881774
719757
324615
661041
1105651
1151947
857666
634246
718933
947631
1019042
867706
702819
718963
865295
938476
848144
714324
697448
796722
866699
810974
697875
661376
728271
792968
759704
662445
613189
655426
713623
695983
611877
554107
576416
627258
620880
548278
484985
490661
533569
535308
473083
406616
398223
432800
440277
387603
319885
299530
325531
336883
293090
225708
195343
212738
226409
190887
125244
86639
95581
110290
82489
19836
-25238
-24505
-9796
-30426
-88989
-138916
-145935
-132141
-146148
-199645
-252777
-266937
-254730
-262695
-310241
-364990
-385559
-375518
-377990
-418945
-473724
-499816
-492370
-489898
-523681
-577056
-607696
-603088
-596313
-622528
-673034
-707214
-705596
-695098
-713470
-759887
-796417
-797821
-784271
-794677
-835784
-873535
-877899
-861938
-864471
-899230
-937042
-944183
-926422
-921295
-948852
-985565
-995208
-976348
-963928
-983581
-1018066
-1029937
-1010589
-991424
-1002716
-1033905
-1047576
-1028411
-1003173
-1005798
-1032745
-1047760
-1029357
-998931
-992767
-1014556
-1030487
-1013458
-978729
-963928
-979827
-996124
-981018
-943054
-919952
-929290
-945373
-932739
-892669
-861785
-864074
-879394
-869598
-828643
-790710
-785583
-799560
-792968
-752349
-708251
-695526
-707489
-704376
-665344
-616149
-595703
-605072
-605590
-569427
-516296
-488220
-494354
-498535
-466369
-410675
-375183
-377441
-385162
-358154
-301300
-258758
-256439
-267456
-246704
-190155
-141052
-133514
-147399
-133819
-79223
-24139
-10681
-26885
-21331
29663
89965
110046
92315
89172
134857
199523
226989
208679
196228
234832
302856
338500
320800
298645
328247
398437
443145
427490
395324
413879
484924
539733
527923
485565
490722
561035
627197
621551
568878
557861
625518
704650
708160
645141
614318
676879
771331
788299
714813
658996
712982
826568
863555
779357
690093
729949
869476
938293
842712
703857
718750
898468
1024932
916748
688903
649536
908660
1174865
1056762
584869
327087
858306
2086364
3185607
3297790
2332092
1051666
357147
498779
984313
1189361
971405
678833
658843
874725
1023803
934204
744079
690856
813568
932220
892974
752593
685760
757965
855438
842864
733520
660034
698974
779388
782775
695617
619049
633728
699157
712493
642578
565246
561157
612884
632324
576477
500091
481048
519958
542755
498779
424621
393615
420440
444519
410705
339904
299407
314819
338592
313568
247039
199188
203948
226104
208709
147277
93994
88867
108428
97656
41961
-14923
-28991
-12817
-17944
-67321
-126129
-148162
-135925
-136291
-178894
-237976
-266937
-258972
-255371
-290863
-348754
-383392
-379943
-373138
-401306
-456573
-495666
-496734
-487396
-508178
-559509
-601745
-607208
-596038
-609405
-655609
-699645
-709259
-696868
-703002
-743041
-787567
-800933
-787872
-787017
-820037
-863677
-880340
-867187
-859680
-884979
-926513
-945831
-933044
-919464
-936523
-974670
-996093
-984100
-965026
-973510
-1007202
-1029998
-1019226
-995391
-995178
-1023406
-1046813
-1037597
-1009826
-1001007
-1022888
-1046203
-1038848
-1008056
-990905
-1005737
-1028167
-1022888
-990051
-965057
-972320
-993103
-990112
-956237
-924102
-923370
-941802
-941192
-907318
-868896
-859954
-875366
-877166
-844390
-800659
-783508
-795196
-799346
-768707
-720855
-695678
-702972
-709381
-681854
-631164
-598236
-600585
-609008
-585540
-533386
-493255
-490112
-500213
-481658
-429504
-382751
-373657
-384979
-372100
-321441
-268920
-253387
-265380
-258789
-211151
-153808
-131469
-143463
-143646
-100585
-39459
-9979
-21148
-28381
8483
72143
109069
99731
85266
114471
179321
223937
217529
195892
215850
280395
332946
330810
302246
311340
373901
434631
438293
403259
399841
458526
527648
538970
498199
480438
533050
610809
632202
586608
552368
596221
683074
717529
668518
615020
646606
743286
795166
744598
667907
682250
789978
865997
816772
710479
699462
820709
932891
890136
741943
689849
829864
1003997
979553
760437
626556
798309
1112274
1151000
756835
346252
577117
1633331
2890594
3397125
2744995
1457366
492950
377136
825866
1173370
1076751
758666
628479
792755
997985
988159
803161
685180
761047
905639
924987
800476
691894
722320
830017
862426
773864
673156
674926
755828
794250
730194
636688
618499
677947
718353
672393
585845
553039
594329
634124
602111
522552
478851
504241
541625
520629
448181
396453
407714
441345
429107
363861
306457
305175
334014
328735
270812
209808
197357
220672
220886
170379
107513
85327
102661
107025
63934
885
-29602
-18554
-11138
-46844
-108581
-145996
-141326
-131835
-160247
-219329
-262176
-263793
-253082
-274353
-329559
-376342
-383941
-372772
-387176
-437347
-486633
-499755
-488769
-496582
-540771
-591033
-609161
-598907
-600494
-637908
-687683
-710113
-701019
-696868
-726806
-774719
-800628
-793060
-783691
-805664
-850372
-878936
-873168
-859130
-872833
-913146
-943389
-939605
-921600
-926910
-961669
-992675
-990997
-969696
-966674
-994964
-1025726
-1026184
-1002380
-991302
-1012268
-1041839
-1044433
-1018920
-1000183
-1013244
-1040679
-1045288
-1018920
-993133
-997894
-1022308
-1028778
-1002380
-970336
-966522
-987060
-995239
-969635
-932281
-919891
-935791
-945404
-921417
-879791
-858978
-869567
-880279
-858703
-814025
-785156
-789855
-801269
-782836
-736389
-699981
-698333
-710021
-695373
-648468
-605285
-596893
-608337
-597991
-552032
-503021
-487548
-498199
-492645
-449035
-395172
-372497
-381713
-381195
-341339
-283813
-253875
-260955
-265655
-230895
-171051
-133850
-138031
-147888
-119598
-58837
-14526
-14892
-29785
-9185
50903
102142
106475
86975
98693
156524
214324
224426
200897
202636
256408
320373
337432
310668
301330
349151
418762
444091
415222
393798
433502
508148
543304
513732
479187
508300
587249
634216
605743
556884
572479
654846
716186
691253
626617
624755
709564
788879
770935
688446
663574
749420
852386
846771
742950
686004
770965
907684
923858
792114
685668
766021
957885
1017089
842285
642578
707000
1015625
1189758
924316
443603
398681
1206695
2504058
3354248
3080688
1904510
734222
323974
652404
1100708
1154937
863250
635559
715393
944396
1019989
871154
704345
717102
862854
938659
850585
715911
696472
794799
866516
812805
699462
660949
726776
792572
761108
664001
613189
654266
713104
697052
613372
554412
575531
626708
621673
549682
485534
490051
532989
535888
474426
407348
397857
432250
440673
388854
320739
299377
325042
337158
294219
226654
195373
212280
226562
191894
126281
86853
95184
110321
83374
20904
-24871
-24780
-9857
-29693
-87921
-138427
-146148
-132263
-145538
-198577
-252136
-267028
-254913
-262207
-309234
-364288
-385559
-375732
-377624
-417999
-472930
-499725
-492584
-489685
-522827
-576232
-607513
-603302
-596221
-621765
-672210
-706939
-705810
-695129
-712860
-759033
-796081
-798034
-784393
-794219
-834991
-873138
-878082
-862152
-864135
-898498
-936584
-944335
-926727
-921081
-948181
-985076
-995361
-976715
-963897
-983032
-1017578
-1030029
-1011016
-991546
-1002258
-1033416
-1047668
-1028900
-1003448
-1005462
-1032257
-1047790
-1029907
-999328
-992584
-1014129
-1030456
-1014007
-979248
-963897
-979431
-996063
-981567
-943664
-920043
-928985
-945281
-933258
-893371
-862030
-863830
-879272
-870086
-829437
-791107
-785430
-799377
-793395
-753204
-708801
-695434
-707305
-704742
-666229
-616821
-595733
-604858
-605895
-570281
-517089
-488372
-494140
-498718
-467224
-411560
-375457
-377197
-385223
-358978
-302276
-259124
-256225
-267425
-247406
-191223
-141571
-133331
-147277
-134429
-80322
-24780
-10528
-26641
-21820
28533
89172
110137
92651
88836
133758
198608
226989
209136
196075
233795
301788
338409
321319
298675
327239
397247
442932
428100
395599
412994
483612
539337
528594
486083
490020
559631
626586
622253
569671
557342
623992
703765
708862
646240
614074
675231
770141
788940
716278
659118
711212
824920
864074
781311
690765
728088
867187
938507
845275
705352
716735
895111
1024597
920349
692016
647430
902954
1172790
1062683
593139
325866
842010
2063690
3173522
3306030
2353973
1070434
361419
491485
977142
1189910
977020
682037
656524
870727
1023223
937286
746673
690002
810882
931335
894927
754821
685638
756042
854461
844177
735473
660339
697601
778411
783630
697357
619659
632781
698211
713073
644134
566070
560546
612030
632659
577850
501037
480743
519195
542907
500000
425689
393585
419799
444549
411773
341033
299591
314300
338500
314483
248199
199554
203552
225921
209472
148437
94512
88623
108215
98266
43090
-14251
-29113
-13061
-17456
-66253
-125335
-148162
-136169
-135925
-177886
-237152
-266815
-259216
-255126
-289978
-347869
-383178
-380187
-373016
-400512
-455657
-495330
-496917
-487396
-507476
-558563
-601318
-607360
-596099
-608856
-654724
-699157
-709381
-697052
-702575
-742218
-787017
-800994
-788116
-786743
-819274
-863098
-880340
-867462
-859558
-884307
-925903
-945831
-933410
-919494
-935974
-974060
-996032
-984497
-965209
-973083
-1006622
-1029876
-1019622
-995666
-994873
-1022857
-1046661
-1037994
-1010253
-1000854
-1022399
-1046020
-1039245
-1008575
-990905
-1005310
-1027954
-1023284
-990661
-965240
-971954
-992858
-990478
-956909
-924407
-923126
-941558
-941497
-908050
-869354
-859832
-875091
-877410
-845153
-801239
-783508
-794921
-799560
-769470
-721588
-695770
-702728
-709503
-682617
-631988
-598480
-600372
-609069
-586273
-534301
-493621
-489929
-500183
-482330
-430480
-383270
-373504
-384887
-372680
-322448
-269561
-253326
-265197
-259277
-212188
-154571
-131469
-143218
-143981
-101593
-40344
-10101
-20812
-28594
7507
71136
108856
100097
85235
113555
178222
223632
217956
196044
215057
279205
332489
331237
302581
310668
372650
433990
438720
403778
399353
457214
526824
539367
498931
480163
531707
609802
632507
587554
552368
594848
681793
717742
669708
615356
645294
741699
795166
746032
668701
680999
787994
865692
818511
711853
698364
818176
932067
892211
744232
689056
826477
1002227
982086
764404
626464
793182
1108123
1154296
765533
349456
565673
1611053
2873168
3398376
2763916
1479034
502563
372650
817352
1171081
1081451
763427
627899
788635
995910
990356
806427
685546
758575
903839
926147
803009
692687
720764
828430
863006
775909
674163
673950
754486
794464
731872
637847
617950
676788
718353
673767
587097
552856
593353
633972
603240
523834
478973
503479
541381
521545
449432
396789
407135
441009
429840
365112
307006
304779
333648
329315
272033
210510
197143
220306
221313
171508
108337
85296
102294
107330
65002
1800
-29479
-18890
-10925
-45867
-107604
-145751
-141601
-131744
-159393
-218322
-261810
-264007
-253082
-273651
-328552
-375854
-384094
-372863
-386566
-436370
-486053
-499847
-488922
-496124
-539855
-590393
-609191
-599121
-600189
-637054
-686981
-710052
-701263
-696685
-726043
-773986
-800506
-793334
-783630
-805023
-849639
-878753
-873443
-859191
-872314
-912414
-943176
-939910
-921783
-926513
-960998
-992401
-991271
-970001
-966461
-994354
-1025421
-1026458
-1002807
-991210
-1011749
-1041503
-1044677
-1019409
-1000244
-1012817
-1040344
-1045532
-1019500
-993347
-997558
-1021942
-1028991
-1002990
-970703
-966308
-986694
-995391
-970306
-932769
-919799
-935455
-945495
-922088
-880432
-859039
-869262
-880310
-859375
-814758
-785339
-789611
-801269
-783477
-737213
-700317
-698150
-709960
-695953
-649353
-605773
-596740
-608215
-598510
-552978
-503631
-487518
-498046
-493041
-449981
-395904
-372528
-381500
-381530
-342285
-284667
-254028
-260711
-265838
-231811
-172027
-134124
-137756
-147979
-120452
-59875
-14892
-14617
-29724
-9948
49804
101623
106750
87158
98052
155364
213684
224670
201263
202148
255218
319580
337615
311187
301025
347991
417816
444213
415863
393707
432342
507019
543304
514526
479339
507232
585937
634063
606689
557342
571502
653350
715820
692291
627441
623962
707824
788208
772064
689697
662994
747406
851318
847961
744781
685821
768615
905975
925079
794799
686096
763122
955047
1018218
846405
644317
703186
1010223
1190185
932098
450073
392547
1186737
2483001
3348388
3094818
1927276
748901
323547
643829
1095672
1157836
868865
636962
711883
941101
1020874
874603
705932
715301
860412
938812
853027
717529
695526
792907
866271
814575
701080
660583
725280
792144
762451
665557
613220
653076
712554
698059
614868
554748
574676
626129
622436
551086
486114
489440
532409
536437
475738
408111
397491
431671
441070
390075
321624
299224
324523
337371
295318
227661
195434
211822
226654
192901
127319
87097
94818
110351
84228
21972
-24475
-25085
-9918
-28961
-86822
-137878
-146331
-132385
-144927
-197509
-251495
-267120
-255065
-261718
-308227
-363555
-385528
-375915
-377258
-417053
-472137
-499603
-492797
-489440
-522003
-575408
-607330
-603546
-596099
-621032
-671356
-706665
-706024
-695129
-712249
-758209
-795715
-798248
-784515
-793731
-834197
-872741
-878295
-862365
-863800
-897735
-936126
-944488
-927032
-920928
-947540
-984588
-995483
-977111
-963867
-982482
-1017089
-1030151
-1011474
-991668
-1001831
-1032928
-1047698
-1029388
-1003692
-1005157
-1031799
-1047821
-1030426
-999725
-992401
-1013702
-1030456
-1014526
-979766
-963867
-979064
-995971
-982086
-944305
-920166
-928649
-945190
-933746
-894104
-862304
-863586
-879119
-870544
-830230
-791503
-785247
-799194
-793823
-754028
-709350
-695373
-707092
-705078
-667083
-617492
-595764
-604644
-606140
-571166
-517883
-488525
-493927
-498901
-468078
-412475
-375732
-376983
-385314
-359741
-303253
-259521
-256011
-267395
-248138
-192260
-142089
-133148
-147125
-135040
-81420
-25451
-10406
-26397
-22277
27435
88378
110198
93017
88500
132659
197692
226989
209564
195922
232727
300750
338287
321868
298736
326293
396087
442657
428710
395874
412139
482299
538909
529266
486602
489318
558197
625946
622924
570465
556854
622436
702880
709533
647369
613861
673583
768920
789550
717773
659271
709472
823242
864532
783233
691467
726226
864868
938690
847839
706878
714813
891723
1024169
923919
695190
645446
897247
1170593
1068481
601470
324890
825927
2041015
3161163
3313934
2375762
1089385
365936
484283
969848
1190307
982635
685363
654296
866729
1022583
940338
749298
689208
808197
930419
896850
757080
685546
754150
853485
845458
737457
660705
696258
777404
784484
699096
620300
631835
697265
713592
645660
566925
559967
611145
632965
579223
502014
480468
518432
543029
501190
426757
393554
419128
444519
412811
342163
299774
313781
338378
315368
249359
199951
203155
225738
210205
149566
95062
88348
108001
98846
44219
-13549
-29266
-13305
-16998
-65185
-124542
-148162
-136413
-135589
-176879
-236267
-266693
-259460
-254913
-289062
-346954
-382934
-380401
-372894
-399719
-454711
-494964
-497131
-487396
-506805
-557647
-600860
-607513
-596191
-608306
-653808
-698638
-709503
-697204
-702178
-741363
-786437
-801055
-788360
-786468
-818511
-862487
-880371
-867767
-859436
-883666
-925262
-945800
-933746
-919525
-935424
-973449
-995941
-984863
-965362
-972656
-1006011
-1029754
-1020019
-995971
-994598
-1022277
-1046508
-1038421
-1010650
-1000732
-1021911
-1045806
-1039642
-1009094
-990936
-1004882
-1027709
-1023651
-991271
-965393
-971618
-992614
-990814
-957580
-924743
-922882
-941284
-941802
-908782
-869812
-859710
-874816
-877685
-845916
-801849
-783508
-794677
-799743
-770233
-722290
-695892
-702484
-709625
-683349
-632812
-598724
-600158
-609100
-586975
-535217
-494018
-489746
-500152
-482971
-431457
-383789
-373382
-384765
-373229
-323486
-270202
-253265
-265014
-259735
-213226
-155364
-131500
-142944
-144317
-102630
-41259
-10192
-20507
-28778
6530
70129
108642
100463
85205
112670
177124
223266
218353
196197
214263
278015
332000
331665
302917
310028
371368
433349
439117
404327
398864
455902
526000
539764
499664
479919
530364
608734
632812
588531
552398
593536
680511
717895
670898
615722
643981
740081
795135
747467
669494
679779
785980
865356
820220
713256
697296
815643
931213
894226
746582
688323
823089
1000396
984558
768402
626464
788085
1103881
1157440
774230
352844
554504
1588836
2855499
3399261
2782653
1500823
512420
368316
808776
1168640
1086090
768249
627410
784576
993774
992492
809722
685974
756134
902008
927246
805511
693511
719207
826843
863555
777954
675231
673004
753112
794677
733551
639007
617462
675628
718322
675140
588348
552734
592376
633789
604370
525115
479125
502716
541076
522491
450714
397186
406555
440643
430572
366363
307586
304382
333251
329895
273223
211212
196929
219940
221740
172637
109191
85235
101928
107635
66040
2746
-29357
-19195
-10772
-44921
-106628
-145477
-141876
-131683
-158569
-217315
-261413
-264221
-253082
-272918
-327514
-375366
-384246
-372955
-385986
-435394
-485443
-499938
-489074
-495666
-538909
-589721
-609191
-599304
-599884
-636199
-686279
-709991
-701507
-696502
-725280
-773254
-800384
-793609
-783569
-804351
-848907
-878570
-873718
-859283
-871795
-911712
-942901
-940185
-921997
-926147
-960327
-992095
-991546
-970336
-966217
-993713
-1025085
-1026733
-1003204
-991119
-1011199
-1041137
-1044921
-1019897
-1000305
-1012359
-1039947
-1045745
-1020050
-993591
-997222
-1021545
-1029144
-1003601
-971069
-966125
-986358
-995513
-970947
-933288
-919708
-935119
-945556
-922729
-881072
-859100
-868988
-880340
-860015
-815490
-785552
-789367
-801239
-784088
-738037
-700683
-697937
-709869
-696502
-650238
-606262
-596618
-608093
-598999
-553924
-504241
-487457
-497863
-493469
-450927
-396636
-372589
-381286
-381835
-343231
-285552
-254180
-260467
-266052
-232727
-172973
-134399
-137481
-148040
-121307
-60943
-15289
-14343
-29663
-10681
48675
101104
107025
87371
97412
154205
213012
224914
201629
201660
254058
318756
337799
311676
300750
346801
416839
444305
416534
393646
431213
505859
543304
515319
479522
506134
584625
633911
607574
557830
570526
651824
715423
693328
628295
623168
706085
787536
773193
690979
662475
745391
850219
849151
746643
685668
766265
904235
926239
797454
686614
760284
952178
1019226
850494
646148
699432
1004760
1190490
939819
456695
386718
1166931
2461791
3342193
3108673
1950042
763854
323333
635253
1090484
1160614
874511
638458
708435
937744
1021667
878051
707611
713531
857940
938873
855407
719207
694641
790985
865997
816375
702697
660278
723754
791687
763793
667144
613281
651916
712005
699066
616363
555114
573791
625518
623168
552520
486694
488861
531799
536987
477050
408874
397125
431091
441406
391265
322540
299072
323974
337585
296417
228637
195495
211395
226745
193878
128387
87341
94451
110351
85083
23071
-24078
-25360
-10009
-28228
-85754
-137359
-146514
-132507
-144348
-196472
-250854
-267181
-255249
-261260
-307250
-362823
-385528
-376129
-376922
-416137
-471343
-499481
-493011
-489227
-521148
-574554
-607116
-603759
-596038
-620330
-670532
-706359
-706237
-695159
-711639
-757385
-795349
-798431
-784637
-793273
-833404
-872314
-878479
-862609
-863464
-897003
-935668
-944641
-927337
-920745
-946868
-984100
-995605
-977478
-963836
-981933
-1016601
-1030212
-1011932
-991790
-1001373
-1032440
-1047760
-1029876
-1003967
-1004852
-1031311
-1047821
-1030914
-1000122
-992248
-1013244
-1030395
-1015075
-980285
-963836
-978668
-995910
-982604
-944946
-920288
-928314
-945068
-934234
-894836
-862579
-863311
-878967
-871002
-831024
-791931
-785095
-799011
-794219
-754882
-709899
-695312
-706878
-705444
-667968
-618194
-595825
-604431
-606414
-572021
-518707
-488677
-493682
-499053
-468902
-413360
-376007
-376770
-385375
-360534
-304260
-259948
-255828
-267364
-248840
-193298
-142639
-132965
-146972
-135650
-82489
-26123
-10284
-26153
-22766
26336
87585
110260
93383
88195
131591
196746
226959
210021
195800
231689
299682
338134
322387
298797
325317
394897
442382
429321
396148
411315
481018
538452
529937
487152
488616
556762
625274
623596
571289
556365
620910
701965
710205
648498
613677
671966
767669
790130
719268
659484
707733
821563
864959
785186
692199
724426
862518
938842
850402
708465
712921
888305
1023651
927459
698425
643554
891540
1168273
1074157
609863
324127
810058
2018280
3148468
3321502
2397430
1108520
370727
477203
962463
1190551
988220
688751
652130
862701
1021881
943359
751983
688476
805511
929443
898742
759338
685516
752258
852447
846679
739410
661102
694915
776397
785278
700836
620971
630920
696319
714080
647216
567779
559417
610290
633209
580596
503021
480194
517669
543121
502380
427856
393554
418487
444488
413848
343322
299987
313232
338256
316223
250518
200347
202758
225555
210937
150726
95642
88104
107757
99426
45318
-12878
-29357
-13549
-16540
-64117
-123748
-148162
-136688
-135284
-175903
-235412
-266540
-259704
-254730
-288177
-346038
-382659
-380615
-372802
-398925
-453765
-494628
-497314
-487396
-506164
-556732
-600433
-607666
-596313
-607788
-652923
-698120
-709594
-697387
-701782
-740539
-785858
-801116
-788604
-786224
-817749
-861877
-880371
-868072
-859344
-882995
-924652
-945739
-934082
-919555
-934875
-972839
-995849
-985229
-965545
-972259
-1005432
-1029632
-1020416
-996276
-994323
-1021728
-1046325
-1038818
-1011077
-1000610
-1021392
-1045593
-1040039
-1009613
-990966
-1004455
-1027496
-1024017
-991882
-965606
-971282
-992370
-991149
-958282
-925079
-922637
-941009
-942108
-909515
-870300
-859588
-874572
-877899
-846649
-802459
-783508
-794403
-799926
-770996
-723022
-696044
-702239
-709747
-684112
-633636
-598999
-599945
-609161
-587677
-536132
-494415
-489562
-500122
-483612
-432434
-384307
-373260
-384643
-373779
-324493
-270874
-253204
-264831
-260162
-214263
-156127
-131530
-142700
-144622
-103637
-42144
-10314
-20172
-28930
5584
69122
108428
100860
85174
111785
175994
222930
218750
196350
213470
276824
331512
332092
303253
309387
370117
432678
439544
404876
398437
454589
525146
540100
500427
479675
529022
607666
633087
589477
552429
592193
679199
718048
672088
616119
642700
738464
795074
748901
670318
678588
783996
864959
821899
714721
696289
813110
930297
896240
748931
687622
819732
998504
986968
772399
626556
783020
1099548
1160461
782897
356445
543579
1566711
2837615
3399810
2801177
1522674
522552
364166
800170
1166046
1090637
773101
627044
780487
991577
994567
813049
686462
753692
900115
928314
808044
694396
717681
825225
864074
779968
676330
672088
751708
794830
735198
640228
617004
674438
718261
676513
589599
552612
591430
633575
605499
526397
479278
501953
540771
523376
451995
397583
405975
440307
431304
367614
308166
303985
332885
330444
274414
211975
196716
219543
222167
173767
110046
85205
101562
107910
67077
3662
-29235
-19531
-10589
-44006
-105621
-145202
-142150
-131622
-157745
-216308
-261016
-264434
-253112
-272216
-326507
-374847
-384399
-373046
-385437
-434387
-484832
-500000
-489227
-495239
-537994
-589050
-609191
-599517
-599578
-635345
-685546
-709930
-701751
-696319
-724517
-772491
-800231
-793884
-783538
-803710
-848175
-878356
-874023
-859375
-871307
-910980
-942657
-940460
-922210
-925781
-959625
-991790
-991821
-970642
-966003
-993103
-1024749
-1026977
-1003631
-991058
-1010650
-1040771
-1045166
-1020416
-1000396
-1011932
-1039581
-1045959
-1020599
-993835
-996887
-1021179
-1029327
-1004211
-971466
-965911
-985992
-995635
-971557
-933807
-919647
-934783
-945648
-923370
-881683
-859161
-868682
-880371
-860626
-816253
-785766
-789093
-801208
-784698
-738861
-701019
-697753
-709808
-697052
-651123
-606750
-596527
-607971
-599487
-554840
-504852
-487426
-497680
-493865
-451873
-397399
-372650
-381072
-382110
-344177
-286407
-254333
-260223
-266204
-233642
-173950
-134674
-137207
-148101
-122131
-61981
-15686
-14068
-29571
-11444
47576
100555
107269
87615
96801
153045
212341
225158
201995
201202
252868
317932
337982
312194
300476
345642
415863
444396
417175
393585
430084
504730
543273
516113
479736
505096
583282
633697
608489
558349
569580
650299
714996
694335
629150
622406
704315
786804
774261
692260
661956
743408
849090
850280
748504
685577
763946
902435
927368
800140
687164
757476
949279
1020202
854583
648071
695800
999267
1190643
947448
463409
381134
1147277
2440460
3335632
3122222
1972808
779022
323364
626739
1085174
1163269
880187
640045
705047
934356
1022399
881469
709320
711791
855438
938934
857818
720916
693786
789062
865692
818115
704376
659973
722259
791198
765106
668731
613372
650787
711425
700073
617889
555511
572937
624908
623901
553924
487335
488281
531188
537475
478393
409667
396789
430511
441772
392486
323455
298980
323455
337799
297515
229644
195587
210937
226837
194854
129455
87615
94085
110321
85937
24169
-23651
-25634
-10070
-27526
-84655
-136810
-146667
-132659
-143768
-195404
-250183
-267242
-255432
-260803
-306243
-362060
-385467
-376342
-376617
-415191
-470550
-499359
-493255
-489044
-520324
-573730
-606903
-604003
-595947
-619598
-669677
-706054
-706481
-695190
-711059
-756561
-794982
-798645
-784790
-792816
-832611
-871887
-878631
-862823
-863159
-896270
-935211
-944793
-927673
-920593
-946228
-983612
-995697
-977874
-963836
-981384
-1016082
-1030303
-1012359
-991912
-1000946
-1031951
-1047790
-1030364
-1004241
-1004547
-1030822
-1047790
-1031433
-1000518
-992065
-1012817
-1030364
-1015594
-980834
-963836
-978271
-995819
-983123
-945587
-920440
-927978
-944946
-934722
-895568
-862854
-863067
-878814
-871459
-831817
-792358
-784942
-798828
-794616
-755706
-710479
-695251
-706665
-705749
-668823
-618896
-595886
-604217
-606658
-572875
-519500
-488861
-493469
-499206
-469726
-414276
-376312
-376556
-385437
-361297
-305236
-260375
-255615
-267303
-249511
-194366
-143188
-132812
-146820
-136230
-83587
-26824
-10192
-25878
-23193
25238
86761
110290
93719
87890
130523
195800
226898
210479
195678
230651
298614
337982
322937
298858
324371
393676
442077
429931
396453
410491
479705
537963
530578
487701
487976
555358
624603
624267
572113
555938
619384
701019
710815
649627
613525
670349
766387
790679
720764
659698
706054
819854
865356
787139
692962
722656
860168
938903
852935
710113
711090
884918
1023071
930938
701721
641754
885833
1165832
1079742
618286
323638
794433
1995544
3135498
3328735
2419006
1127807
375793
470245
954986
1190673
993774
692230
650054
858642
1021057
946319
754730
687774
802825
928436
900604
761627
685516
750366
851379
847900
741394
661499
693572
775329
786071
702575
621673
630035
695343
714569
648742
568695
558868
609405
633483
581939
504058
479949
516876
543212
503540
428955
393554
417816
444458
414855
344451
300231
312713
338134
317108
251708
200775
202362
225372
211639
151885
96221
87860
107513
100006
46447
-12145
-29479
-13793
-16113
-63049
-122955
-148132
-136932
-134948
-174926
-234527
-266387
-259979
-254516
-287292
-345092
-382385
-380859
-372741
-398162
-452819
-494232
-497497
-487396
-505493
-555786
-599975
-607818
-596405
-607269
-652038
-697601
-709716
-697570
-701416
-739685
-785278
-801177
-788848
-785980
-816986
-861267
-880371
-868377
-859252
-882354
-924011
-945709
-934417
-919586
-934326
-972198
-995758
-985626
-965728
-971862
-1004821
-1029479
-1020782
-996582
-994079
-1021179
-1046142
-1039184
-1011505
-1000518
-1020904
-1045379
-1040405
-1010131
-990997
-1004028
-1027252
-1024383
-992492
-965789
-970977
-992095
-991485
-958953
-925415
-922424
-940734
-942382
-910247
-870788
-859466
-874298
-878143
-847412
-803100
-783508
-794128
-800079
-771759
-723785
-696166
-701995
-709838
-684844
-634490
-599273
-599731
-609161
-588378
-537078
-494812
-489410
-500061
-484222
-433410
-384857
-373138
-384521
-374328
-325500
-271545
-253143
-264617
-260589
-215270
-156951
-131561
-142425
-144927
-104644
-43090
-10437
-19866
-29113
4608
68115
108184
101226
85205
110900
174896
222534
219146
196533
212707
275634
330993
332489
303619
308776
368865
432006
439910
405426
397979
453308
524261
540466
501190
479461
527709
606597
633331
590454
552520
590911
677856
718170
673278
616546
641448
736846
794952
750305
671203
677429
781982
864532
823577
716186
695312
810577
929321
898193
751281
687011
816375
996582
989288
776458
626739
778045
1095123
1163330
791564
360198
532928
1544647
2819488
3399993
2819488
1544647
532928
360198
791564
1163330
1095123
778045
626739
776458
989288
996582
816375
687011
751281
898193
929321
810577
695312
716186
823577
864532
781982
677429
671203
750305
794952
736846
641448
616546
673278
718170
677856
590911
552520
590454
633331
606597
527709
479461
501190
540466
524261
453308
397979
405426
439910
432006
368865
308776
303619
332489
330993
275634
212707
196533
219146
222534
174896
110900
85205
101226
108184
68115
4608
-29113
-19866
-10437
-43090
-104644
-144927
-142425
-131561
-156951
-215270
-260589
-264617
-253143
-271545
-325500
-374328
-384521
-373138
-384857
-433410
-484222
-500061
-489410
-494812
-537078
-588378
-609161
-599731
-599273
-634490
-684844
-709838
-701995
-696166
-723785
-771759
-800079
-794128
-783508
-803100
-847412
-878143
-874298
-859466
-870788
-910247
-942382
-940734
-922424
-925415
-958953
-991485
-992095
-970977
-965789
-992492
-1024383
-1027252
-1004028
-990997
-1010131
-1040405
-1045379
-1020904
-1000518
-1011505
-1039184
-1046142
-1021179
-994079
-996582
-1020782
-1029479
-1004821
-971862
-965728
-985626
-995758
-972198
-934326
-919586
-934417
-945709
-924011
-882354
-859252
-868377
-880371
-861267
-816986
-785980
-788848
-801177
-785278
-739685
-701416
-697570
-709716
-697601
-652038
-607269
-596405
-607818
-599975
-555786
-505493
-487396
-497497
-494232
-452819
-398162
-372741
-380859
-382385
-345092
-287292
-254516
-259979
-266387
-234527
-174926
-134948
-136932
-148132
-122955
-63049
-16113
-13793
-29479
-12145
46447
100006
107513
87860
96221
151885
211639
225372
202362
200775
251708
317108
338134
312713
300231
344451
414855
444458
417816
393554
428955
503540
543212
516876
479949
504058
581939
633483
609405
558868
568695
648742
714569
695343
630035
621673
702575
786071
775329
693572
661499
741394
847900
851379
750366
685516
761627
900604
928436
802825
687774
754730
946319
1021057
858642
650054
692230
993774
1190673
954986
470245
375793
1127807
2419006
3328735
3135498
1995544
794433
323638
618286
1079742
1165832
885833
641754
701721
930938
1023071
884918
711090
710113
852935
938903
860168
722656
692962
787139
865356
819854
706054
659698
720764
790679
766387
670349
613525
649627
710815
701019
619384
555938
572113
624267
624603
555358
487976
487701
530578
537963
479705
410491
396453
429931
442077
393676
324371
298858
322937
337982
298614
230651
195678
210479
226898
195800
130523
87890
93719
110290
86761
25238
-23193
-25878
-10192
-26824
-83587
-136230
-146820
-132812
-143188
-194366
-249511
-267303
-255615
-260375
-305236
-361297
-385437
-376556
-376312
-414276
-469726
-499206
-493469
-488861
-519500
-572875
-606658
-604217
-595886
-618896
-668823
-705749
-706665
-695251
-710479
-755706
-794616
-798828
-784942
-792358
-831817
-871459
-878814
-863067
-862854
-895568
-934722
-944946
-927978
-920440
-945587
-983123
-995819
-978271
-963836
-980834
-1015594
-1030364
-1012817
-992065
-1000518
-1031433
-1047790
-1030822
-1004547
-1004241
-1030364
-1047790
-1031951
-1000946
-991912
-1012359
-1030303
-1016082
-981384
-963836
-977874
-995697
-983612
-946228
-920593
-927673
-944793
-935211
-896270
-863159
-862823
-878631
-871887
-832611
-792816
-784790
-798645
-794982
-756561
-711059
-695190
-706481
-706054
-669677
-619598
-595947
-604003
-606903
-573730
-520324
-489044
-493255
-499359
-470550
-415191
-376617
-376342
-385467
-362060
-306243
-260803
-255432
-267242
-250183
-195404
-143768
-132659
-146667
-136810
-84655
-27526
-10070
-25634
-23651
24169
85937
110321
94085
87615
129455
194854
226837
210937
195587
229644
297515
337799
323455
298980
323455
392486
441772
430511
396789
409667
478393
537475
531188
488281
487335
553924
623901
624908
572937
555511
617889
700073
711425
650787
613372
668731
765106
791198
722259
659973
704376
818115
865692
789062
693786
720916
857818
938934
855438
711791
709320
881469
1022399
934356
705047
640045
880187
1163269
1085174
626739
323364
779022
1972808
3122222
3335632
2440460
1147277
381134
463409
947448
1190643
999267
695800
648071
854583
1020202
949279
757476
687164
800140
927368
902435
763946
685577
748504
850280
849090
743408
661956
692260
774261
786804
704315
622406
629150
694335
714996
650299
569580
558349
608489
633697
583282
505096
479736
516113
543273
504730
430084
393585
417175
444396
415863
345642
300476
312194
337982
317932
252868
201202
201995
225158
212341
153045
96801
87615
107269
100555
47576
-11444
-29571
-14068
-15686
-61981
-122131
-148101
-137207
-134674
-173950
-233642
-266204
-260223
-254333
-286407
-344177
-382110
-381072
-372650
-397399
-451873
-493865
-497680
-487426
-504852
-554840
-599487
-607971
-596527
-606750
-651123
-697052
-709808
-697753
-701019
-738861
-784698
-801208
-789093
-785766
-816253
-860626
-880371
-868682
-859161
-881683
-923370
-945648
-934783
-919647
-933807
-971557
-995635
-985992
-965911
-971466
-1004211
-1029327
-1021179
-996887
-993835
-1020599
-1045959
-1039581
-1011932
-1000396
-1020416
-1045166
-1040771
-1010650
-991058
-1003631
-1026977
-1024749
-993103
-966003
-970642
-991821
-991790
-959625
-925781
-922210
-940460
-942657
-910980
-871307
-859375
-874023
-878356
-848175
-803710
-783538
-793884
-800231
-772491
-724517
-696319
-701751
-709930
-685546
-635345
-599578
-599517
-609191
-589050
-537994
-495239
-489227
-500000
-484832
-434387
-385437
-373046
-384399
-374847
-326507
-272216
-253112
-264434
-261016
-216308
-157745
-131622
-142150
-145202
-105621
-44006
-10589
-19531
-29235
3662
67077
107910
101562
85205
110046
173767
222167
219543
196716
211975
274414
330444
332885
303985
308166
367614
431304
440307
405975
397583
451995
523376
540771
501953
479278
526397
605499
633575
591430
552612
589599
676513
718261
674438
617004
640228
735198
794830
751708
672088
676330
779968
864074
825225
717681
694396
808044
928314
900115
753692
686462
813049
994567
991577
780487
627044
773101
1090637
1166046
800170
364166
522552
1522674
2801177
3399810
2837615
1566711
543579
356445
782897
1160461
1099548
783020
626556
772399
986968
998504
819732
687622
748931
896240
930297
813110
696289
714721
821899
864959
783996
678588
670318
748901
795074
738464
642700
616119
672088
718048
679199
592193
552429
589477
633087
607666
529022
479675
500427
540100
525146
454589
398437
404876
439544
432678
370117
309387
303253
332092
331512
276824
213470
196350
218750
222930
175994
111785
85174
100860
108428
69122
5584
-28930
-20172
-10314
-42144
-103637
-144622
-142700
-131530
-156127
-214263
-260162
-264831
-253204
-270874
-324493
-373779
-384643
-373260
-384307
-432434
-483612
-500122
-489562
-494415
-536132
-587677
-609161
-599945
-598999
-633636
-684112
-709747
-702239
-696044
-723022
-770996
-799926
-794403
-783508
-802459
-846649
-877899
-874572
-859588
-870300
-909515
-942108
-941009
-922637
-925079
-958282
-991149
-992370
-971282
-965606
-991882
-1024017
-1027496
-1004455
-990966
-1009613
-1040039
-1045593
-1021392
-1000610
-1011077
-1038818
-1046325
-1021728
-994323
-996276
-1020416
-1029632
-1005432
-972259
-965545
-985229
-995849
-972839
-934875
-919555
-934082
-945739
-924652
-882995
-859344
-868072
-880371
-861877
-817749
-786224
-788604
-801116
-785858
-740539
-701782
-697387
-709594
-698120
-652923
-607788
-596313
-607666
-600433
-556732
-506164
-487396
-497314
-494628
-453765
-398925
-372802
-380615
-382659
-346038
-288177
-254730
-259704
-266540
-235412
-175903
-135284
-136688
-148162
-123748
-64117
-16540
-13549
-29357
-12878
45318
99426
107757
88104
95642
150726
210937
225555
202758
200347
250518
316223
338256
313232
299987
343322
413848
444488
418487
393554
427856
502380
543121
517669
480194
503021
580596
633209
610290
559417
567779
647216
714080
696319
630920
620971
700836
785278
776397
694915
661102
739410
846679
852447
752258
685516
759338
898742
929443
805511
688476
751983
943359
1021881
862701
652130
688751
988220
1190551
962463
477203
370727
1108520
2397430
3321502
3148468
2018280
810058
324127
609863
1074157
1168273
891540
643554
698425
927459
1023651
888305
712921
708465
850402
938842
862518
724426
692199
785186
864959
821563
707733
659484
719268
790130
767669
671966
613677
648498
710205
701965
620910
556365
571289
623596
625274
556762
488616
487152
529937
538452
481018
411315
396148
429321
442382
394897
325317
298797
322387
338134
299682
231689
195800
210021
226959
196746
131591
88195
93383
110260
87585
26336
-22766
-26153
-10284
-26123
-82489
-135650
-146972
-132965
-142639
-193298
-248840
-267364
-255828
-259948
-304260
-360534
-385375
-376770
-376007
-413360
-468902
-499053
-493682
-488677
-518707
-572021
-606414
-604431
-595825
-618194
-667968
-705444
-706878
-695312
-709899
-754882
-794219
-799011
-785095
-791931
-831024
-871002
-878967
-863311
-862579
-894836
-934234
-945068
-928314
-920288
-944946
-982604
-995910
-978668
-963836
-980285
-1015075
-1030395
-1013244
-992248
-1000122
-1030914
-1047821
-1031311
-1004852
-1003967
-1029876
-1047760
-1032440
-1001373
-991790
-1011932
-1030212
-1016601
-981933
-963836
-977478
-995605
-984100
-946868
-920745
-927337
-944641
-935668
-897003
-863464
-862609
-878479
-872314
-833404
-793273
-784637
-798431
-795349
-757385
-711639
-695159
-706237
-706359
-670532
-620330
-596038
-603759
-607116
-574554
-521148
-489227
-493011
-499481
-471343
-416137
-376922
-376129
-385528
-362823
-307250
-261260
-255249
-267181
-250854
-196472
-144348
-132507
-146514
-137359
-85754
-28228
-10009
-25360
-24078
23071
85083
110351
94451
87341
128387
193878
226745
211395
195495
228637
296417
337585
323974
299072
322540
391265
441406
431091
397125
408874
477050
536987
531799
488861
486694
552520
623168
625518
573791
555114
616363
699066
712005
651916
613281
667144
763793
791687
723754
660278
702697
816375
865997
790985
694641
719207
855407
938873
857940
713531
707611
878051
1021667
937744
708435
638458
874511
1160614
1090484
635253
323333
763854
1950042
3108673
3342193
2461791
1166931
386718
456695
939819
1190490
1004760
699432
646148
850494
1019226
952178
760284
686614
797454
926239
904235
766265
685668
746643
849151
850219
745391
662475
690979
773193
787536
706085
623168
628295
693328
715423
651824
570526
557830
607574
633911
584625
506134
479522
515319
543304
505859
431213
393646
416534
444305
416839
346801
300750
311676
337799
318756
254058
201660
201629
224914
213012
154205
97412
87371
107025
101104
48675
-10681
-29663
-14343
-15289
-60943
-121307
-148040
-137481
-134399
-172973
-232727
-266052
-260467
-254180
-285552
-343231
-381835
-381286
-372589
-396636
-450927
-493469
-497863
-487457
-504241
-553924
-598999
-608093
-596618
-606262
-650238
-696502
-709869
-697937
-700683
-738037
-784088
-801239
-789367
-785552
-815490
-860015
-880340
-868988
-859100
-881072
-922729
-945556
-935119
-919708
-933288
-970947
-995513
-986358
-966125
-971069
-1003601
-1029144
-1021545
-997222
-993591
-1020050
-1045745
-1039947
-1012359
-1000305
-1019897
-1044921
-1041137
-1011199
-991119
-1003204
-1026733
-1025085
-993713
-966217
-970336
-991546
-992095
-960327
-926147
-921997
-940185
-942901
-911712
-871795
-859283
-873718
-878570
-848907
-804351
-783569
-793609
-800384
-773254
-725280
-696502
-701507
-709991
-686279
-636199
-599884
-599304
-609191
-589721
-538909
-495666
-489074
-499938
-485443
-435394
-385986
-372955
-384246
-375366
-327514
-272918
-253082
-264221
-261413
-217315
-158569
-131683
-141876
-145477
-106628
-44921
-10772
-19195
-29357
2746
66040
107635
101928
85235
109191
172637
221740
219940
196929
211212
273223
329895
333251
304382
307586
366363
430572
440643
406555
397186
450714
522491
541076
502716
479125
525115
604370
633789
592376
552734
588348
675140
718322
675628
617462
639007
733551
794677
753112
673004
675231
777954
863555
826843
719207
693511
805511
927246
902008
756134
685974
809722
992492
993774
784576
627410
768249
1086090
1168640
808776
368316
512420
1500823
2782653
3399261
2855499
1588836
554504
352844
774230
1157440
1103881
788085
626464
768402
984558
1000396
823089
688323
746582
894226
931213
815643
697296
713256
820220
865356
785980
679779
669494
747467
795135
740081
643981
615722
670898
717895
680511
593536
552398
588531
632812
608734
530364
479919
499664
539764
526000
455902
398864
404327
439117
433349
371368
310028
302917
331665
332000
278015
214263
196197
218353
223266
177124
112670
85205
100463
108642
70129
6530
-28778
-20507
-10192
-41259
-102630
-144317
-142944
-131500
-155364
-213226
-259735
-265014
-253265
-270202
-323486
-373229
-384765
-373382
-383789
-431457
-482971
-500152
-489746
-494018
-535217
-586975
-609100
-600158
-598724
-632812
-683349
-709625
-702484
-695892
-722290
-770233
-799743
-794677
-783508
-801849
-845916
-877685
-874816
-859710
-869812
-908782
-941802
-941284
-922882
-924743
-957580
-990814
-992614
-971618
-965393
-991271
-1023651
-1027709
-1004882
-990936
-1009094
-1039642
-1045806
-1021911
-1000732
-1010650
-1038421
-1046508
-1022277
-994598
-995971
-1020019
-1029754
-1006011
-972656
-965362
-984863
-995941
-973449
-935424
-919525
-933746
-945800
-925262
-883666
-859436
-867767
-880371
-862487
-818511
-786468
-788360
-801055
-786437
-741363
-702178
-697204
-709503
-698638
-653808
-608306
-596191
-607513
-600860
-557647
-506805
-487396
-497131
-494964
-454711
-399719
-372894
-380401
-382934
-346954
-289062
-254913
-259460
-266693
-236267
-176879
-135589
-136413
-148162
-124542
-65185
-16998
-13305
-29266
-13549
44219
98846
108001
88348
95062
149566
210205
225738
203155
199951
249359
315368
338378
313781
299774
342163
412811
444519
419128
393554
426757
501190
543029
518432
480468
502014
579223
632965
611145
559967
566925
645660
713592
697265
631835
620300
699096
784484
777404
696258
660705
737457
845458
853485
754150
685546
757080
896850
930419
808197
689208
749298
940338
1022583
866729
654296
685363
982635
1190307
969848
484283
365936
1089385
2375762
3313934
3161163
2041015
825927
324890
601470
1068481
1170593
897247
645446
695190
923919
1024169
891723
714813
706878
847839
938690
864868
726226
691467
783233
864532
823242
709472
659271
717773
789550
768920
673583
613861
647369
709533
702880
622436
556854
570465
622924
625946
558197
489318
486602
529266
538909
482299
412139
395874
428710
442657
396087
326293
298736
321868
338287
300750
232727
195922
209564
226989
197692
132659
88500
93017
110198
88378
27435
-22277
-26397
-10406
-25451
-81420
-135040
-147125
-133148
-142089
-192260
-248138
-267395
-256011
-259521
-303253
-359741
-385314
-376983
-375732
-412475
-468078
-498901
-493927
-488525
-517883
-571166
-606140
-604644
-595764
-617492
-667083
-705078
-707092
-695373
-709350
-754028
-793823
-799194
-785247
-791503
-830230
-870544
-879119
-863586
-862304
-894104
-933746
-945190
-928649
-920166
-944305
-982086
-995971
-979064
-963867
-979766
-1014526
-1030456
-1013702
-992401
-999725
-1030426
-1047821
-1031799
-1005157
-1003692
-1029388
-1047698
-1032928
-1001831
-991668
-1011474
-1030151
-1017089
-982482
-963867
-977111
-995483
-984588
-947540
-920928
-927032
-944488
-936126
-897735
-863800
-862365
-878295
-872741
-834197
-793731
-784515
-798248
-795715
-758209
-712249
-695129
-706024
-706665
-671356
-621032
-596099
-603546
-607330
-575408
-522003
-489440
-492797
-499603
-472137
-417053
-377258
-375915
-385528
-363555
-308227
-261718
-255065
-267120
-251495
-197509
-144927
-132385
-146331
-137878
-86822
-28961
-9918
-25085
-24475
21972
84228
110351
94818
87097
127319
192901
226654
211822
195434
227661
295318
337371
324523
299224
321624
390075
441070
431671
397491
408111
475738
536437
532409
489440
486114
551086
622436
626129
574676
554748
614868
698059
712554
653076
613220
665557
762451
792144
725280
660583
701080
814575
866271
792907
695526
717529
853027
938812
860412
715301
705932
874603
1020874
941101
711883
636962
868865
1157836
1095672
643829
323547
748901
1927276
3094818
3348388
2483001
1186737
392547
450073
932098
1190185
1010223
703186
644317
846405
1018218
955047
763122
686096
794799
925079
905975
768615
685821
744781
847961
851318
747406
662994
689697
772064
788208
707824
623962
627441
692291
715820
653350
571502
557342
606689
634063
585937
507232
479339
514526
543304
507019
432342
393707
415863
444213
417816
347991
301025
311187
337615
319580
255218
202148
201263
224670
213684
155364
98052
87158
106750
101623
49804
-9948
-29724
-14617
-14892
-59875
-120452
-147979
-137756
-134124
-172027
-231811
-265838
-260711
-254028
-284667
-342285
-381530
-381500
-372528
-395904
-449981
-493041
-498046
-487518
-503631
-552978
-598510
-608215
-596740
-605773
-649353
-695953
-709960
-698150
-700317
-737213
-783477
-801269
-789611
-785339
-814758
-859375
-880310
-869262
-859039
-880432
-922088
-945495
-935455
-919799
-932769
-970306
-995391
-986694
-966308
-970703
-1002990
-1028991
-1021942
-997558
-993347
-1019500
-1045532
-1040344
-1012817
-1000244
-1019409
-1044677
-1041503
-1011749
-991210
-1002807
-1026458
-1025421
-994354
-966461
-970001
-991271
-992401
-960998
-926513
-921783
-939910
-943176
-912414
-872314
-859191
-873443
-878753
-849639
-805023
-783630
-793334
-800506
-773986
-726043
-696685
-701263
-710052
-686981
-637054
-600189
-599121
-609191
-590393
-539855
-496124
-488922
-499847
-486053
-436370
-386566
-372863
-384094
-375854
-328552
-273651
-253082
-264007
-261810
-218322
-159393
-131744
-141601
-145751
-107604
-45867
-10925
-18890
-29479
1800
65002
107330
102294
85296
108337
171508
221313
220306
197143
210510
272033
329315
333648
304779
307006
365112
429840
441009
407135
396789
449432
521545
541381
503479
478973
523834
603240
633972
593353
552856
587097
673767
718353
676788
617950
637847
731872
794464
754486
673950
674163
775909
863006
828430
720764
692687
803009
926147
903839
758575
685546
806427
990356
995910
788635
627899
763427
1081451
1171081
817352
372650
502563
1479034
2763916
3398376
2873168
1611053
565673
349456
765533
1154296
1108123
793182
626464
764404
982086
1002227
826477
689056
744232
892211
932067
818176
698364
711853
818511
865692
787994
680999
668701
746032
795166
741699
645294
615356
669708
717742
681793
594848
552368
587554
632507
609802
531707
480163
498931
539367
526824
457214
399353
403778
438720
433990
372650
310668
302581
331237
332489
279205
215057
196044
217956
223632
178222
113555
85235
100097
108856
71136
7507
-28594
-20812
-10101
-40344
-101593
-143981
-143218
-131469
-154571
-212188
-259277
-265197
-253326
-269561
-322448
-372680
-384887
-373504
-383270
-430480
-482330
-500183
-489929
-493621
-534301
-586273
-609069
-600372
-598480
-631988
-682617
-709503
-702728
-695770
-721588
-769470
-799560
-794921
-783508
-801239
-845153
-877410
-875091
-859832
-869354
-908050
-941497
-941558
-923126
-924407
-956909
-990478
-992858
-971954
-965240
-990661
-1023284
-1027954
-1005310
-990905
-1008575
-1039245
-1046020
-1022399
-1000854
-1010253
-1037994
-1046661
-1022857
-994873
-995666
-1019622
-1029876
-1006622
-973083
-965209
-984497
-996032
-974060
-935974
-919494
-933410
-945831
-925903
-884307
-859558
-867462
-880340
-863098
-819274
-786743
-788116
-800994
-787017
-742218
-702575
-697052
-709381
-699157
-654724
-608856
-596099
-607360
-601318
-558563
-507476
-487396
-496917
-495330
-455657
-400512
-373016
-380187
-383178
-347869
-289978
-255126
-259216
-266815
-237152
-177886
-135925
-136169
-148162
-125335
-66253
-17456
-13061
-29113
-14251
43090
98266
108215
88623
94512
148437
209472
225921
203552
199554
248199
314483
338500
314300
299591
341033
411773
444549
419799
393585
425689
499969
542907
519195
480743
501037
577850
632659
612030
560546
566070
644134
713073
698211
632781
619659
697357
783630
778411
697601
660339
735473
844177
854461
756042
685638
754821
894927
931335
810882
690002
746673
937286
1023223
870727
656524
682037
977020
1189910
977142
491485
361419
1070434
2353973
3306030
3173522
2063690
842010
325866
593139
1062683
1172790
902954
647430
692016
920349
1024597
895111
716735
705352
845275
938507
867187
728088
690765
781311
864074
824920
711212
659118
716278
788940
770141
675231
614074
646240
708862
703765
623992
557342
569671
622253
626586
559631
490020
486083
528594
539337
483612
412994
395599
428100
442932
397247
327239
298675
321319
338409
301788
233795
196075
209136
226989
198608
133758
88836
92651
110137
89172
28533
-21820
-26641
-10528
-24780
-80322
-134429
-147277
-133331
-141571
-191223
-247406
-267425
-256225
-259124
-302276
-358978
-385223
-377197
-375457
-411560
-467224
-498718
-494140
-488372
-517089
-570281
-605895
-604858
-595733
-616821
-666229
-704742
-707305
-695434
-708801
-753204
-793395
-799377
-785430
-791107
-829437
-870086
-879272
-863830
-862030
-893371
-933258
-945281
-928985
-920043
-943664
-981567
-996063
-979431
-963897
-979248
-1014007
-1030456
-1014129
-992584
-999328
-1029907
-1047790
-1032257
-1005462
-1003448
-1028900
-1047668
-1033416
-1002258
-991546
-1011016
-1030029
-1017578
-983032
-963897
-976715
-995361
-985076
-948181
-921081
-926727
-944335
-936584
-898498
-864135
-862152
-878082
-873138
-834991
-794219
-784393
-798034
-796081
-759033
-712860
-695129
-705810
-706939
-672210
-621765
-596221
-603302
-607513
-576232
-522827
-489685
-492584
-499725
-472930
-417999
-377624
-375732
-385559
-364288
-309234
-262207
-254913
-267028
-252136
-198577
-145538
-132263
-146148
-138427
-87921
-29693
-9857
-24780
-24871
20904
83374
110321
95184
86853
126281
191894
226562
212280
195373
226654
294219
337158
325042
299377
320739
388854
440673
432250
397857
407348
474426
535888
532989
490051
485534
549682
621673
626708
575531
554412
613372
697052
713104
654266
613189
664001
761108
792572
726776
660949
699462
812805
866516
794799
696472
715911
850585
938659
862854
717102
704345
871154
1019989
944396
715393
635559
863250
1154937
1100708
652404
323974
734222
1904510
3080688
3354248
2504058
1206695
398681
443603
924316
1189758
1015625
707000
642578
842285
1017089
957885
766021
685668
792114
923858
907684
770965
686004
742950
846771
852386
749420
663574
688446
770935
788879
709564
624755
626617
691253
716186
654846
572479
556884
605743
634216
587249
508300
479187
513732
543304
508148
433502
393798
415222
444091
418762
349151
301330
310668
337432
320373
256408
202636
200897
224426
214324
156524
98693
86975
106475
102142
50903
-9185
-29785
-14892
-14526
-58837
-119598
-147888
-138031
-133850
-171051
-230895
-265655
-260955
-253875
-283813
-341339
-381195
-381713
-372497
-395172
-449035
-492645
-498199
-487548
-503021
-552032
-597991
-608337
-596893
-605285
-648468
-695373
-710021
-698333
-699981
-736389
-782836
-801269
-789855
-785156
-814025
-858703
-880279
-869567
-858978
-879791
-921417
-945404
-935791
-919891
-932281
-969635
-995239
-987060
-966522
-970336
-1002380
-1028778
-1022308
-997894
-993133
-1018920
-1045288
-1040679
-1013244
-1000183
-1018920
-1044433
-1041839
-1012268
-991302
-1002380
-1026184
-1025726
-994964
-966674
-969696
-990997
-992675
-961669
-926910
-921600
-939605
-943389
-913146
-872833
-859130
-873168
-878936
-850372
-805664
-783691
-793060
-800628
-774719
-726806
-696868
-701019
-710113
-687683
-637908
-600494
-598907
-609161
-591033
-540771
-496582
-488769
-499755
-486633
-437347
-387176
-372772
-383941
-376342
-329559
-274353
-253082
-263793
-262176
-219329
-160247
-131835
-141326
-145996
-108581
-46844
-11138
-18554
-29602
885
63934
107025
102661
85327
107513
170379
220886
220672
197357
209808
270812
328735
334014
305175
306457
363861
429107
441345
407714
396453
448181
520629
541625
504241
478851
522552
602111
634124
594329
553039
585845
672393
718353
677947
618499
636688
730194
794250
755828
674926
673156
773864
862426
830017
722320
691894
800476
924987
905639
761047
685180
803161
988159
997985
792755
628479
758666
1076751
1173370
825866
377136
492950
1457366
2744995
3397125
2890594
1633331
577117
346252
756835
1151000
1112274
798309
626556
760437
979553
1003997
829864
689849
741943
890136
932891
820709
699462
710479
816772
865997
789978
682250
667907
744598
795166
743286
646606
615020
668518
717529
683074
596221
552368
586608
632202
610809
533050
480438
498199
538970
527648
458526
399841
403259
438293
434631
373901
311340
302246
330810
332946
280395
215850
195892
217529
223937
179321
114471
85266
99731
109069
72143
8483
-28381
-21148
-9979
-39459
-100585
-143646
-143463
-131469
-153808
-211151
-258789
-265380
-253387
-268920
-321441
-372100
-384979
-373657
-382751
-429504
-481658
-500213
-490112
-493255
-533386
-585540
-609008
-600585
-598236
-631164
-681854
-709381
-702972
-695678
-720855
-768707
-799346
-795196
-783508
-800659
-844390
-877166
-875366
-859954
-868896
-907318
-941192
-941802
-923370
-924102
-956237
-990112
-993103
-972320
-965057
-990051
-1022888
-1028167
-1005737
-990905
-1008056
-1038848
-1046203
-1022888
-1001007
-1009826
-1037597
-1046813
-1023406
-995178
-995391
-1019226
-1029998
-1007202
-973510
-965026
-984100
-996093
-974670
-936523
-919464
-933044
-945831
-926513
-884979
-859680
-867187
-880340
-863677
-820037
-787017
-787872
-800933
-787567
-743041
-703002
-696868
-709259
-699645
-655609
-609405
-596038
-607208
-601745
-559509
-508178
-487396
-496734
-495666
-456573
-401306
-373138
-379943
-383392
-348754
-290863
-255371
-258972
-266937
-237976
-178894
-136291
-135925
-148162
-126129
-67321
-17944
-12817
-28991
-14923
41961
97656
108428
88867
93994
147277
208709
226104
203948
199188
247039
313568
338592
314819
299407
339904
410705
444519
420440
393615
424621
498779
542755
519958
481048
500091
576477
632324
612884
561157
565246
642578
712493
699157
633728
619049
695617
782775
779388
698974
660034
733520
842864
855438
757965
685760
752593
892974
932220
813568
690856
744079
934204
1023803
874725
658843
678833
971405
1189361
984313
498779
357147
1051666
2332092
3297790
3185607
2086364
858306
327087
584869
1056762
1174865
908660
649536
688903
916748
1024932
898468
718750
703857
842712
938293
869476
729949
690093
779357
863555
826568
712982
658996
714813
788299
771331
676879
614318
645141
708160
704650
625518
557861
568878
621551
627197
561035
490722
485565
527923
539733
484924
413879
395324
427490
443145
398437
328247
298645
320800
338500
302856
234832
196228
208679
226989
199523
134857
89172
92315
110046
89965
29663
-21331
-26885
-10681
-24139
-79223
-133819
-147399
-133514
-141052
-190155
-246704
-267456
-256439
-258758
-301300
-358154
-385162
-377441
-375183
-410675
-466369
-498535
-494354
-488220
-516296
-569427
-605590
-605072
-595703
-616149
-665344
-704376
-707489
-695526
-708251
-752349
-792968
-799560
-785583
-790710
-828643
-869598
-879394
-864074
-861785
-892669
-932739
-945373
-929290
-919952
-943054
-981018
-996124
-979827
-963928
-978729
-1013458
-1030487
-1014556
-992767
-998931
-1029357
-1047760
-1032745
-1005798
-1003173
-1028411
-1047576
-1033905
-1002716
-991424
-1010589
-1029937
-1018066
-983581
-963928
-976348
-995208
-985565
-948852
-921295
-926422
-944183
-937042
-899230
-864471
-861938
-877899
-873535
-835784
-794677
-784271
-797821
-796417
-759887
-713470
-695098
-705596
-707214
-673034
-622528
-596313
-603088
-607696
-577056
-523681
-489898
-492370
-499816
-473724
-418945
-377990
-375518
-385559
-364990
-310241
-262695
-254730
-266937
-252777
-199645
-146148
-132141
-145935
-138916
-88989
-30426
-9796
-24505
-25238
19836
82489
110290
95581
86639
125244
190887
226409
212738
195343
225708
293090
336883
325531
299530
319885
387603
440277
432800
398223
406616
473083
535308
533569
490661
484985
548278
620880
627258
576416
554107
611877
695983
713623
655426
613189
662445
759704
792968
728271
661376
697875
810974
866699
796722
697448
714324
848144
938476
865295
718963
702819
867706
1019042
947631
718933
634246
857666
1151947
1105651
661041
324615
719757
1881774
3066284
3359771
2524993
1226837
405059
437255
916442
1189178
1020996
710876
640930
838165
1015930
960662
768920
685272
789459
922607
909362
773376
686248
741119
845550
853424
751464
664184
687194
769775
789489
711303
625610
625823
690216
716522
656372
573486
556457
604827
634338
588562
509429
479034
512939
543273
509277
434661
393920
414581
443939
419708
350372
301666
310180
337219
321166
257598
203125
200561
224182
214965
157684
99334
86761
106201
102630
52001
-8422
-29846
-15197
-14160
-57800
-118743
-147827
-138305
-133605
-170104
-229980
-265441
-261199
-253753
-282989
-340393
-380859
-381927
-372467
-394439
-448059
-492187
-498382
-487609
-502410
-551116
-597473
-608459
-597015
-604827
-647552
-694793
-710083
-698547
-699676
-735565
-782226
-801269
-790130
-784973
-813293
-858062
-880218
-869873
-858947
-879180
-920745
-945281
-936126
-919982
-931793
-968994
-995086
-987426
-966766
-969970
-1001770
-1028594
-1022644
-998229
-992919
-1018371
-1045074
-1041046
-1013702
-1000122
-1018432
-1044158
-1042175
-1012817
-991394
-1001983
-1025909
-1026031
-995574
-966949
-969390
-990692
-992950
-962341
-927307
-921417
-939300
-943634
-913848
-873382
-859069
-872863
-879119
-851104
-806335
-783752
-792785
-800750
-775421
-727569
-697052
-700775
-710174
-688385
-638763
-600830
-598724
-609161
-591674
-541717
-497070
-488647
-499664
-487182
-438323
-387786
-372711
-383789
-376831
-330535
-275085
-253082
-263580
-262542
-220336
-161102
-131927
-141052
-146209
-109558
-47790
-11322
-18249
-29663
0
62896
106719
102996
85418
106689
169219
220428
221038
197601
209106
269622
328125
334350
305572
305938
362609
428314
441650
408325
396118
446899
519653
541900
505035
478759
521301
600952
634277
595306
553222
584625
670989
718322
679107
619049
635528
728515
793975
757202
675933
672149
771850
861785
831542
723937
691162
797973
923797
907409
763549
684875
799896
985931
999969
796844
629150
753967
1071990
1175537
834350
381805
483642
1435791
2725860
3395507
2907806
1655670
588806
343231
748107
1147552
1116363
803497
626770
756500
976928
1005706
833282
690734
739685
888031
933654
823242
700592
709106
815032
866271
791961
683532
667144
743133
795135
744873
647949
614715
667327
717315
684356
597564
552398
585662
631835
611846
534393
480743
497467
538574
528442
459838
400360
402740
437835
435241
375152
312042
301940
330352
333404
281555
216674
195770
217132
224243
180419
115417
85327
99365
109252
73120
9490
-28167
-21453
-9918
-38604
-99548
-143280
-143707
-131469
-153045
-210113
-258331
-265563
-253479
-268280
-320404
-371520
-385070
-373779
-382263
-428527
-480987
-500213
-490295
-492889
-532501
-584808
-608947
-600799
-598022
-630340
-681091
-709228
-703216
-695556
-720153
-767913
-799133
-795440
-783538
-800079
-843597
-876892
-875610
-860107
-868438
-906585
-940856
-942047
-923614
-923797
-955566
-989746
-993347
-972656
-964904
-989440
-1022491
-1028381
-1006164
-990875
-1007537
-1038421
-1046386
-1023406
-1001159
-1009429
-1037170
-1046966
-1023956
-995452
-995117
-1018798
-1030090
-1007812
-973937
-964904
-983734
-996154
-975280
-937072
-919464
-932708
-945861
-927093
-885650
-859832
-866882
-880279
-864288
-820800
-787292
-787658
-800842
-788116
-743896
-703399
-696716
-709136
-700134
-656494
-609954
-595947
-607025
-602142
-560424
-508880
-487426
-496520
-495971
-457489
-402130
-373260
-379730
-383605
-349670
-291778
-255615
-258728
-267028
-238830
-179901
-136657
-135681
-148162
-126892
-68389
-18432
-12573
-28839
-15563
40832
97015
108642
89141
93475
146118
207946
226257
204345
198822
245910
312652
338653
315368
299255
338775
409667
444488
421112
393707
423553
497558
542602
520721
481384
499114
575103
631988
613739
561767
564453
641021
711914
700073
634704
618469
693878
781860
780303
700378
659759
731567
841522
856353
759887
685943
750396
890991
933013
816253
691772
741546
931060
1024291
878692
661224
675720
965759
1188720
991424
506164
353149
1033111
2310119
3289215
3197387
2108978
874847
328582
576660
1050720
1176818
914398
651733
685821
913116
1025238
901824
720794
702392
840087
937988
871734
731872
689483
777404
863006
828186
714752
658905
713317
787628
772521
678527
614593
644042
707458
705474
627075
558410
568084
620819
627777
562469
491485
485076
527252
540130
486206
414764
395080
426879
443389
399597
329254
298614
320251
338592
303863
235900
196411
208221
226989
200408
135955
89538
91979
109954
90728
30761
-20812
-27099
-10833
-23498
-78155
-133178
-147521
-133697
-140533
-189117
-245941
-267456
-256652
-258361
-300323
-357360
-385040
-377655
-374938
-409790
-465515
-498321
-494598
-488098
-515502
-568542
-605316
-605285
-595703
-615478
-664489
-704010
-707672
-695587
-707702
-751495
-792541
-799713
-785766
-790313
-827850
-869110
-879516
-864349
-861541
-891937
-932189
-945465
-929626
-919860
-942443
-980468
-996154
-980224
-963989
-978210
-1012908
-1030487
-1015014
-992950
-998535
-1028839
-1047729
-1033203
-1006134
-1002929
-1027893
-1047515
-1034393
-1003173
-991333
-1010131
-1029815
-1018554
-984161
-963989
-975952
-995056
-986022
-949493
-921478
-926116
-944000
-937469
-899963
-864807
-861724
-877685
-873931
-836578
-795196
-784149
-797607
-796722
-760681
-714111
-695129
-705352
-707458
-673889
-623260
-596435
-602844
-607879
-577850
-524536
-490142
-492126
-499908
-474487
-419860
-378356
-375335
-385559
-365692
-311248
-263183
-254577
-266845
-253387
-200683
-146789
-132019
-145751
-139434
-90057
-31188
-9765
-24230
-25604
18768
81604
110260
95947
86456
124206
189880
226287
213195
195312
224731
291992
336639
326049
299713
319030
386383
439849
433349
398620
405914
471771
534698
534149
491302
484466
546844
620056
627807
577301
553802
610412
694915
714111
656616
613189
660919
758300
793334
729766
661804
696319
809143
866821
798614
698455
712768
845703
938232
867675
720855
701324
864257
1018035
950805
722503
633056
852111
1148834
1110443
669677
325500
705535
1859008
3051635
3364929
2545806
1247100
411712
431060
908508
1188446
1026336
714874
639343
834045
1014648
963409
771881
684967
786834
921295
910980
775756
686523
739318
844268
854431
753479
664794
685974
768615
790100
713043
626495
625061
689147
716827
657867
574493
556030
603881
634460
589843
510528
478912
512145
543243
510375
435852
394042
413940
443786
420654
351562
302001
309692
336975
321929
258789
203643
200225
223907
215576
158843
100006
86578
105895
103088
53131
-7629
-29876
-15472
-13824
-56793
-117858
-147705
-138580
-133392
-169158
-229034
-265197
-261444
-253631
-282165
-339416
-380523
-382141
-372436
-393707
-447113
-491760
-498535
-487701
-501831
-550170
-596954
-608551
-597167
-604370
-646667
-694183
-710144
-698760
-699371
-734741
-781585
-801269
-790405
-784790
-812561
-857391
-880157
-870178
-858917
-878570
-920074
-945159
-936462
-920074
-931304
-968353
-994934
-987762
-966979
-969635
-1001159
-1028381
-1023010
-998596
-992736
-1017822
-1044830
-1041381
-1014160
-1000061
-1017944
-1043884
-1042510
-1013366
-991485
-1001586
-1025604
-1026336
-996185
-967193
-969116
-990386
-993225
-963012
-927703
-921234
-938995
-943847
-914550
-873931
-859008
-872589
-879272
-851837
-806976
-783813
-792541
-800842
-776153
-728332
-697265
-700561
-710205
-689056
-639617
-601196
-598510
-609130
-592315
-542633
-497528
-488494
-499572
-487731
-439300
-388397
-372650
-383636
-377288
-331542
-275848
-253112
-263336
-262878
-221313
-161956
-132049
-140777
-146453
-110504
-48767
-11535
-17944
-29754
-885
61828
106384
103332
85479
105895
168090
219970
221405
197845
208435
268402
327514
334686
305999
305419
361358
427520
441955
408935
395812
445648
518707
542114
505828
478698
520050
599761
634399
596252
553466
583435
669586
718261
680267
619598
634429
726837
793670
758514
676940
671203
769805
861145
833068
725555
690460
795471
922546
909118
766082
684631
796691
983612
1001892
800964
629913
749359
1067138
1177551
842803
386657
474578
1414337
2706573
3393524
2924774
1678100
600769
340423
739379
1143981
1120330
808746
627075
752593
974273
1007354
836700
691650
737457
885894
934356
825744
701782
707794
813262
866485
793914
684814
666442
741668
795074
746429
649322
614440
666137
717071
685607
598937
552459
584716
631469
612823
535736
481048
496734
538146
529205
461151
400909
402252
437377
435821
376403
312744
301635
329925
333831
282745
217529
195678
216705
224548
181488
116333
85388
98968
109436
74127
10498
-27954
-21759
-9857
-37719
-98510
-142913
-143951
-131500
-152313
-209075
-257812
-265747
-253570
-267669
-319396
-370910
-385162
-373931
-381774
-427551
-480316
-500213
-490478
-492523
-531585
-584075
-608886
-601043
-597778
-629516
-680297
-709075
-703460
-695465
-719451
-767150
-798919
-795684
-783569
-799499
-842834
-876586
-875854
-860260
-867980
-905853
-940521
-942291
-923858
-923492
-954864
-989379
-993560
-973022
-964752
-988830
-1022094
-1028564
-1006622
-990905
-1007019
-1037994
-1046539
-1023895
-1001312
-1009033
-1036773
-1047088
-1024505
-995758
-994842
-1018402
-1030181
-1008392
-974395
-964752
-983337
-996185
-975891
-937652
-919464
-932373
-945861
-927703
-886352
-859985
-866577
-880249
-864837
-821594
-787567
-787414
-800750
-788635
-744720
-703857
-696563
-708984
-700622
-657409
-610534
-595886
-606842
-602539
-561340
-509582
-487457
-496307
-496307
-458404
-402954
-373382
-379486
-383819
-350555
-292724
-255859
-258483
-267120
-239654
-180908
-137023
-135437
-148132
-127624
-69458
-18951
-12359
-28686
-16204
39703
96374
108825
89447
92956
144989
207153
226379
204772
198486
244750
311737
338714
315917
299102
337677
408569
444458
421752
393768
422515
496337
542419
521484
481719
498199
573730
631622
614562
562408
563690
639465
711303
700958
635681
617919
692138
780944
781250
701782
659515
729644
840148
857269
761810
686157
748229
888946
933776
818939
692718
739044
927917
1024719
882659
663665
672668
960083
1187896
998443
513641
349395
1014709
2288055
3280303
3208862
2131561
891601
330291
568542
1044586
1178649
920104
654022
682830
909423
1025421
905181
722900
701019
837493
937652
873992
733795
688934
775451
862426
829772
716552
658874
711853
786926
773651
680206
614929
642944
706695
706298
628601
558990
567321
620086
628326
563873
492248
484588
526550
540466
487487
415679
394866
426239
443572
400756
330261
298614
319702
338684
304901
236999
196624
207794
226959
201324
137084
89904
91644
109863
91491
31860
-20294
-27343
-10986
-22888
-77056
-132537
-147613
-133880
-140045
-188079
-245208
-267456
-256866
-258026
-299346
-356536
-384948
-377868
-374694
-408905
-464660
-498107
-494812
-487976
-514739
-567657
-605010
-605499
-595703
-614837
-663604
-703613
-707855
-695709
-707183
-750671
-792083
-799865
-785980
-789947
-827056
-868621
-879638
-864624
-861297
-891235
-931671
-945556
-929962
-919769
-941802
-979919
-996215
-980621
-964050
-977722
-1012359
-1030487
-1015441
-993164
-998168
-1028320
-1047698
-1033660
-1006469
-1002716
-1027404
-1047424
-1034881
-1003631
-991241
-1009704
-1029693
-1019012
-984741
-964050
-975585
-994903
-986450
-950164
-921691
-925811
-943817
-937866
-900695
-865173
-861511
-877502
-874298
-837371
-795684
-784057
-797363
-797058
-761505
-714752
-695129
-705139
-707702
-674713
-624023
-596557
-602630
-608032
-578674
-525390
-490386
-491912
-500000
-475250
-420837
-378723
-375122
-385528
-366394
-312286
-263702
-254425
-266723
-253997
-201751
-147430
-131927
-145538
-139923
-91125
-31982
-9735
-23925
-25939
17700
80718
110198
96313
86273
123199
188873
226104
213623
195312
223785
290832
336334
326568
299896
318176
385162
439422
433898
399017
405212
470428
534088
534698
491943
483947
545440
619232
628326
578216
553558
608947
693817
714569
657775
613250
659423
756896
793670
731292
662261
694793
807281
866943
800476
699493
711242
843261
937927
870056
722808
699920
860809
1016937
953948
726135
631958
846557
1145629
1115112
678344
326629
691589
1836303
3036682
3369750
2566467
1267547
418640
424987
900512
1187591
1031616
718902
637847
829925
1013336
966094
774871
684692
784179
919921
912567
778198
686859
737548
842987
855407
755523
665496
684783
767425
790649
714782
627380
624298
688079
717102
659362
575531
555633
602966
634521
591125
511688
478820
511352
543182
511474
437042
394195
413299
443634
421569
352752
302368
309204
336730
322692
260009
204193
199890
223632
216186
160003
100708
86395
105590
103576
54229
-6805
-29907
-15777
-13488
-55755
-116973
-147613
-138854
-133178
-168243
-228118
-264953
-261688
-253540
-281341
-338439
-380157
-382324
-372436
-393005
-446136
-491302
-498687
-487762
-501251
-549224
-596405
-608642
-597320
-603942
-645782
-693572
-710174
-698974
-699066
-733917
-780914
-801269
-790649
-784637
-811859
-856719
-880096
-870483
-858886
-877960
-919403
-945037
-936798
-920196
-930816
-967681
-994750
-988128
-967224
-969299
-1000549
-1028167
-1023345
-998931
-992523
-1017242
-1044555
-1041748
-1014617
-1000030
-1017456
-1043609
-1042846
-1013916
-991607
-1001190
-1025299
-1026641
-996826
-967468
-968811
-990081
-993469
-963684
-928131
