0
0
0
0
0
0
0
0
0
0
0
0
0
0
0
0
0
0
0
0
0
0
0
0
0
0
0
0
0
0
0
0
0
0
0
0
0
0
0
0
0
0
0
0
0
0
0
0
0
0
0
0
0
0
0
0
0
0
0
0
0
0
0
0
0
0
0
0
0
0
0
0
0
0
0
0
0
0
0
0
0
0
0
0
0
0
0
0
0
0
0
0
0
0
0
0
0
0
0
0
0
0
0
0
0
0
0
0
0
0
0
0
0
0
0
0
0
0
0
0
0
0
0
0
0
0
0
0
0
0
0
0
0
0
0
0
0
0
0
0
0
0
0
0
0
0
0
0
0
0
0
0
0
0
0
0
0
0
0
0
0
0
0
0
0
0
0
0
0
0
0
0
0
0
0
0
0
0
0
0
0
0
0
0
0
0
0
0
0
0
0
0
0
0
0
0
0
1
1
2
2
4
5
7
9
11
15
19
23
29
36
44
53
64
76
91
107
126
148
173
201
232
267
307
351
401
455
516
583
657
739
828
926
1033
1150
1277
1415
1565
1728
1904
2094
2299
2520
2757
3012
3286
3579
3893
4228
4586
4968
5374
5807
6267
6755
7273
7822
8403
9018
9668
10354
11079
11843
12647
13494
14385
15322
16306
17338
18422
19557
20747
21992
23295
24657
26081
27567
29119
30738
32425
34184
36015
37922
39905
41968
44112
46339
48651
51052
53542
56124
58800
61573
64445
67418
70494
73676
76966
80366
83879
87507
91252
95118
99105
103218
107458
111827
116328
120964
125737
130649
135704
140902
146248
151743
157390
163192
169150
175269
181549
187994
194606
201387
208341
215471
222777
230264
237934
245789
253832
262065
270492
279115
287937
296961
306189
315624
325269
335127
345200
355492
366006
376744
387709
398905
410334
422000
433906
446054
458449
471093
483989
497141
510553
524226
538166
552374
566855
581613
596650
611971
627580
643479
659673
676165
692960
710061
727472
745197
763240
781605
800296
819317
838674
858368
878407
898792
919528
940621
962075
983893
1006082
1028644
1051584
1074907
1098617
1122719
1147218
1172120
1197428
1223149
1249286
1275845
1302830
1330247
1358101
1386397
1415140
1444334
1473986
1504100
1534683
1565738
1597271
1629288
1661793
1694792
1728291
1762294
1796807
1831835
1867384
1903460
1940067
1977210
2014897
2053131
2091917
2131259
2171165
2211641
2252691
2294321
2336536
2379343
2422744
2466749
2511360
2556583
2602424
2648889
2695983
2743711
2792078
2841089
2890750
2941066
2992042
3043682
3095993
3148979
3202646
3256998
3312040
3367778
3424217
3481361
3539215
3597784
3657072
3717082
3777822
3839296
3901506
3964458
4028158
4092609
4157814
4223773
4290496
4357982
4426239
4495269
4565082
4635677
4707057
4779228
4852191
4925952
5000514
5075881
5152057
5229045
5306846
5385463
5464900
5545166
5626258
5708183
5790935
5874523
5958950
6044216
6130325
6217281
6305084
6393737
6483242
6573596
6664806
6756874
6849800
6943584
7038230
7133743
7230117
7327358
7425464
7524436
7624279
7724990
7826572
7929023
8032344
8136534
8241592
8347518
8454314
8561980
8670516
8779922
8890196
9001342
9113348
9226218
9339958
9454566
9570044
9686392
9803604
9921676
10040610
10160408
10281058
10402564
10524916
10648116
10772170
10897070
11022818
11149406
11276840
11405112
11534216
11664160
11794936
11926536
12058958
12192198
12326254
12461128
12596808
12733298
12870590
13008682
13147566
13287254
13427726
13568976
13711012
13853828
13997412
14141760
14286872
14432738
14579360
14726736
14874862
15023726
15173332
15323668
15474730
15626510
15778998
15932196
16086096
16240684
16395964
16551908
16708524
16865812
17023756
17182356
17341612
17501508
17662032
17823196
17984984
18147384
18310392
18474012
18638228
18803036
18968428
19134384
19300900
19467968
19635588
19803756
19972456
20141692
20311460
20481748
20652540
20823820
20995588
21167828
21340544
21513732
21687392
21861492
22036040
22211012
22386412
22562240
22738492
22915160
23092224
23269668
23447492
23625700
23804272
23983200
24162460
24342056
24521984
24702236
24882796
25063656
25244812
25426252
25607968
25789944
25972180
26154676
26337416
26520400
26703612
26887036
27070660
27254484
27438504
27622708
27807080
27991604
28176284
28361112
28546080
28731168
28916380
29101696
29287108
29472608
29658200
29843872
30029600
30215392
30401228
30587096
30772992
30958920
31144848
31330780
31516708
31702620
31888516
32074384
32260208
32445952
32631616
32817224
33002712
33188104
33373408
33558624
33743712
33928680
34113488
34298152
34482664
34667016
34851192
35035184
35218960
35402520
35585872
35769008
35951928
36134640
36317104
36499328
36681272
36862976
37044432
37225616
37406520
37587152
37767480
37947504
38127224
38306608
38485656
38664336
38842648
39020592
39198176
39375392
39552240
39728728
39904808
40080528
40255856
40430784
40605280
40779352
40953000
41126184
41298944
41471248
41643120
41814544
41985472
42155912
42325896
42495384
42664392
42832912
43000912
43168424
43335416
43501888
43667840
43833248
43998136
44162472
44326256
44489496
44652184
44814328
44975920
45136928
45297360
45457208
45616480
45775176
45933256
46090728
46247584
46403832
46559448
46714416
46868736
47022424
47175472
47327880
47479640
47630760
47781248
47931088
48080256
48228752
48376584
48523736
48670224
48816040
48961176
49105616
49249384
49392480
49534880
49676568
49817560
49957848
50097440
50236328
50374504
50511992
50648768
50784816
50920128
51054712
51188592
51321744
51454160
51585840
51716792
51847008
51976496
52105248
52233272
52360560
52487120
52612944
52738032
52862360
52985960
53108792
53230864
53352168
53472744
53592584
53711664
53829984
53947536
54064328
54180352
54295616
54410152
54523920
54636928
54749176
54860656
54971368
55081328
55190520
55298944
55406616
55513488
55619592
55724944
55829528
55933376
56036432
56138728
56240232
56340968
56440944
56540160
56638608
56736296
56833216
56929376
57024776
57119408
57213280
57306424
57398800
57490416
57581264
57671352
57760680
57849272
57937096
58024200
58110528
58196136
58281000
58365136
58448544
58531216
58613152
58694392
58774896
58854704
58933776
59012144
59089808
59166776
59243040
59318600
59393456
59467616
59541072
59613824
59685912
59757288
59827968
59897976
59967280
60035912
60103880
60171136
60237728
60303616
60368832
60433376
60497248
60560448
60623016
60684936
60746208
60806816
60866784
60926112
60984768
61042784
61100152
61156888
61213008
61268488
61323328
61377560
61431176
61484184
61536584
61588376
61639552
61690152
61740168
61789576
61838408
61886656
61934320
61981408
62027920
62073848
62119200
62164000
62208248
62251952
62295104
62337704
62379760
62421264
62462216
62502624
62542480
62581784
62620568
62658840
62696592
62733824
62770536
62806760
62842496
62877712
62912440
62946680
62980432
63013696
63046472
63078760
63110560
63141904
63172784
63203184
63233120
63262632
63291680
63320280
63348448
63376184
63403496
63430384
63456848
63482872
63508512
63533752
63558592
63583032
63607048
63630672
63653896
63676720
63699152
63721184
63742824
63764096
63784968
63805480
63825616
63845360
63864744
63883784
63902496
63920832
63938808
63956448
63973752
63990688
64007312
64023616
64039568
64055200
64070480
64085472
64100128
64114464
64128496
64142240
64155664
64168784
64181600
64194112
64206320
64218256
64229904
64241296
64252400
64263264
64273856
64284176
64294240
64304032
64313568
64322832
64331872
64340656
64349200
64357472
64365504
64373280
64380816
64388144
64395248
64402160
64408832
64415312
64421600
64427664
64433520
64439200
64444640
64449824
64454832
64459648
64464288
64468736
64473008
64477104
64481008
64484736
64488208
64491504
64494624
64497552
64500304
64502864
64505296
64507568
64509696
64511648
64513488
64515184
64516720
64518112
64519408
64520496
64521472
64522336
64523056
64523680
64524096
64524400
64524592
64524656
64524592
64524400
64524096
64523680
64523120
64522512
64521776
64520928
64519952
64518848
64517632
64516288
64514880
64513424
64511888
64510240
64508544
64506768
64504928
64503040
64501088
64499072
64497008
64494864
64492672
64490416
64488096
64485712
64483264
64480768
64478208
64475584
64472896
64470144
64467392
64464592
64461728
64458800
64455808
64452816
64449760
64446640
64443536
64440368
64437120
64433888
64430592
64427232
64423888
64420528
64417136
64413744
64410336
64406912
64403472
64400016
64396544
64393056
64389552
64386032
64382496
64378960
64375392
64371824
64368224
64364624
64361008
64357408
64353808
64350208
64346608
64343008
64339408
64335808
64332240
64328704
64325184
64321712
64318256
64314848
64311456
64308096
64304768
64301472
64298208
64295008
64291824
64288688
64285568
64282496
64279440
64276416
64273424
64270464
64267568
64264704
64261856
64259056
64256304
64253600
64250912
64248256
64245632
64243040
64240496
64238000
64235520
64233088
64230672
64228288
64225952
64223632
64221328
64219072
64216848
64214656
64212480
64210352
64208240
64206176
64204160
64202208
64200272
64198384
64196528
64194688
64192896
64191120
64189392
64187680
64186000
64184352
64182736
64181152
64179616
64178128
64176656
64175248
64173888
64172544
64171232
64169952
64168688
64167472
64166320
64165184
64164080
64163024
64161984
64160976
64160000
64159056
64158128
64157248
64156400
64155568
64154784
64154016
64153280
64152576
64151904
64151264
64150656
64150080
64149536
64149008
64148528
64148064
64147632
64147232
64146848
64146480
64146144
64145840
64145568
64145312
64145104
64144896
64144672
64144464
64144272
64144128
64144000
64143920
64143856
64143824
64143824
64143856
64143920
64144000
64144128
64144272
64144464
64144672
64144896
64145104
64145312
64145536
64145744
64145984
64146256
64146560
64146896
64147232
64147568
64147904
64148240
64148608
64149008
64149440
64149856
64150288
64150720
64151184
64151664
64152160
64152640
64153136
64153648
64154192
64154752
64155296
64155872
64156480
64157104
64157712
64158352
64158992
64159632
64160272
64160944
64161616
64162288
64162960
64163632
64164304
64164976
64165664
64166368
64167072
64167808
64168544
64169280
64170000
64170736
64171472
64172208
64172928
64173664
64174400
64175168
64175920
64176688
64177488
64178272
64179072
64179856
64180656
64181456
64182240
64183040
64183824
64184624
64185424
64186208
64187008
64187792
64188592
64189392
64190176
64190976
64191760
64192560
64193344
64194144
64194944
64195728
64196528
64197312
64198112
64198912
64199696
64200464
64201232
64201984
64202720
64203456
64204192
64204912
64205648
64206384
64207120
64207840
64208576
64209312
64210048
64210784
64211504
64212240
64212976
64213712
64214432
64215168
64215904
64216608
64217312
64218016
64218704
64219408
64220112
64220816
64221520
64222224
64222928
64223632
64224320
64225024
64225696
64226368
64227040
64227712
64228384
64229056
64229728
64230368
64231008
64231648
64232288
64232928
64233568
64234208
64234832
64235440
64236048
64236656
64237232
64237808
64238400
64238976
64239520
64240080
64240624
64241168
64241696
64242208
64242736
64243248
64243760
64244288
64244800
64245328
64245840
64246336
64246816
64247312
64247792
64248288
64248768
64249264
64249744
64250240
64250688
64251152
64251616
64252064
64252528
64252960
64253376
64253808
64254240
64254624
64254992
64255296
64255584
64255824
64256032
64256224
64256368
64256496
64256576
64256640
64256672
64256672
64256640
64256576
64256496
64256368
64256224
64256032
64255824
64255584
64255296
64254992
64254656
64254320
64253952
64253568
64253136
64252672
64252192
64251696
64251184
64250640
64250048
64249472
64248864
64248224
64247552
64246880
64246176
64245440
64244720
64243952
64243152
64242368
64241568
64240752
64239920
64239072
64238176
64237296
64236384
64235440
64234496
64233520
64232528
64231536
64230528
64229520
64228480
64227440
64226368
64225296
64224208
64223104
64221984
64220848
64219696
64218528
64217344
64216144
64214928
64213712
64212448
64211200
64209920
64208640
64207360
64206080
64204800
64203520
64202224
64200912
64199600
64198288
64196976
64195664
64194352
64193040
64191728
64190416
64189104
64187792
64186480
64185168
64183856
64182544
64181232
64179920
64178608
64177296
64175984
64174672
64173360
64172048
64170768
64169488
64168208
64166928
64165648
64164352
64163072
64161792
64160512
64159264
64158016
64156768
64155504
64154256
64153008
64151760
64150512
64149248
64148000
64146752
64145536
64144304
64143120
64141936
64140768
64139616
64138480
64137344
64136256
64135152
64134080
64133024
64131984
64130944
64129904
64128864
64127824
64126800
64125760
64124720
64123680
64122672
64121664
64120656
64119648
64118640
64117632
64116624
64115648
64114672
64113728
64112784
64111840
64110896
64109952
64109024
64108112
64107200
64106288
64105376
64104480
64103600
64102720
64101856
64101008
64100144
64099296
64098448
64097616
64096800
64095968
64095184
64094384
64093584
64092832
64092064
64091296
64090576
64089840
64089104
64088400
64087696
64086992
64086320
64085648
64084976
64084320
64083664
64083024
64082384
64081776
64081168
64080560
64079952
64079376
64078784
64078208
64077632
64077072
64076528
64075984
64075424
64074912
64074400
64073872
64073360
64072864
64072416
64071952
64071488
64071040
64070608
64070208
64069824
64069424
64069024
64068624
64068256
64067888
64067520
64067168
64066800
64066432
64066096
64065792
64065488
64065184
64064880
64064560
64064256
64063952
64063680
64063408
64063136
64062864
64062576
64062304
64062032
64061760
64061520
64061296
64061088
64060880
64060656
64060448
64060240
64060016
64059808
64059600
64059408
64059264
64059136
64059008
64058896
64058768
64058640
64058528
64058400
64058288
64058160
64058032
64057920
64057792
64057664
64057552
64057424
64057312
64057216
64057152
64057120
64057120
64057152
64057216
64057312
64057424
64057552
64057664
64057792
64057920
64058032
64058160
64058288
64058400
64058528
64058640
64058768
64058896
64059008
64059136
64059264
64059376
64059504
64059648
64059840
64060016
64060208
64060384
64060576
64060752
64060928
64061120
64061296
64061488
64061664
64061856
64062064
64062272
64062496
64062704
64062912
64063136
64063344
64063568
64063776
64063984
64064208
64064448
64064688
64064928
64065184
64065424
64065664
64065904
64066160
64066400
64066640
64066880
64067136
64067376
64067616
64067856
64068112
64068352
64068592
64068832
64069088
64069328
64069568
64069824
64070064
64070304
64070544
64070800
64071040
64071280
64071520
64071776
64072016
64072256
64072496
64072752
64072992
64073232
64073472
64073696
64073904
64074112
64074336
64074544
64074768
64074976
64075184
64075408
64075616
64075824
64076048
64076256
64076464
64076688
64076896
64077104
64077328
64077536
64077744
64077968
64078176
64078384
64078608
64078816
64079040
64079248
64079456
64079680
64079888
64080096
64080320
64080528
64080736
64080960
64081168
64081376
64081600
64081808
64082016
64082240
64082448
64082672
64082848
64083024
64083216
64083392
64083584
64083760
64083952
64084128
64084320
64084496
64084672
64084864
64085040
64085200
64085344
64085504
64085648
64085808
64085968
64086112
64086272
64086416
64086576
64086720
64086880
64087024
64087184
64087328
64087456
64087584
64087696
64087824
64087936
64088064
64088192
64088304
64088432
64088560
64088672
64088800
64088928
64089040
64089168
64089280
64089408
64089536
64089616
64089680
64089744
64089808
64089872
64089920
64089984
64090048
64090112
64090176
64090240
64090288
64090352
64090416
64090480
64090544
64090592
64090656
64090720
64090784
64090848
64090896
64090960
64091024
64091088
64091152
64091216
64091264
64091328
64091392
64091456
64091520
64091568
64091632
64091696
64091760
64091824
64091856
64091856
64091824
64091760
64091696
64091632
64091568
64091520
64091456
64091392
64091328
64091264
64091216
64091152
64091088
64091024
64090960
64090896
64090848
64090784
64090720
64090656
64090592
64090544
64090480
64090416
64090352
64090288
64090240
64090176
64090112
64090048
64089984
64089920
64089872
64089808
64089744
64089680
64089616
64089568
64089504
64089408
64089312
64089232
64089136
64089040
64088944
64088864
64088768
64088672
64088592
64088496
64088400
64088304
64088224
64088128
64088032
64087936
64087856
64087760
64087664
64087584
64087488
64087392
64087296
64087216
64087120
64087024
64086944
64086848
64086752
64086656
64086576
64086480
64086384
64086288
64086208
64086112
64086016
64085936
64085840
64085744
64085648
64085568
64085472
64085376
64085296
64085200
64085104
64085008
64084928
64084832
64084768
64084704
64084640
64084592
64084528
64084464
64084400
64084336
64084288
64084224
64084160
64084096
64084032
64083984
64083920
64083856
64083792
64083728
64083664
64083616
64083552
64083488
64083424
64083360
64083312
64083248
64083184
64083120
64083056
64082992
64082944
64082880
64082816
64082752
64082688
64082640
64082576
64082544
64082512
64082480
64082448
64082416
64082384
64082352
64082336
64082304
64082272
64082240
64082208
64082176
64082144
64082112
64082080
64082048
64082016
64082000
64081968
64081936
64081904
64081872
64081840
64081808
64081776
64081744
64081712
64081680
64081664
64081632
64081600
64081568
64081536
64081504
64081472
64081440
64081408
64081376
64081344
64081328
64081296
64081264
64081232
64081200
64081168
64081136
64081104
64081072
64081040
64081024
64080992
64080960
64080928
64080896
64080864
64080832
64080800
64080768
64080736
64080704
64080688
64080656
64080624
64080592
64080560
64080528
64080496
64080464
64080432
64080400
64080368
64080352
64080320
64080320
64080352
64080368
64080400
64080432
64080464
64080496
64080528
64080560
64080592
64080624
64080656
64080688
64080704
64080736
64080768
64080800
64080832
64080864
64080896
64080928
64080960
64080992
64081024
64081040
64081072
64081104
64081136
64081168
64081200
64081232
64081264
64081296
64081328
64081344
64081376
64081408
64081440
64081472
64081504
64081536
64081568
64081600
64081632
64081664
64081680
64081712
64081744
64081776
64081808
64081840
64081872
64081904
64081936
64081968
64082000
64082016
64082048
64082080
64082112
64082144
64082176
64082208
64082240
64082272
64082304
64082336
64082352
64082384
64082416
64082448
64082480
64082512
64082544
64082576
64082608
64082640
64082672
64082688
64082720
64082752
64082784
64082816
64082848
64082880
64082912
64082944
64082976
64082992
64083024
64083056
64083088
64083120
64083152
64083184
64083216
64083248
64083280
64083312
64083328
64083360
64083392
64083424
64083456
64083488
64083520
64083552
64083584
64083616
64083648
64083664
64083696
64083728
64083760
64083792
64083824
64083856
64083888
64083920
64083952
64083984
64084000
64084032
64084064
64084096
64084128
64084160
64084192
64084224
64084256
64084288
64084320
64084336
64084368
64084400
64084432
64084464
64084496
64084528
64084560
64084592
64084624
64084640
64084672
64084704
64084736
64084768
64084800
64084832
64084864
64084896
64084928
64084928
64084928
64084928
64084928
64084928
64084928
64084928
64084928
64084928
64084928
64084928
64084928
64084928
64084928
64084928
64084928
64084928
64084928
64084928
64084928
64084928
64084928
64084928
64084928
64084928
64084928
64084928
64084928
64084928
64084928
64084928
64084928
64084928
64084928
64084928
64084928
64084928
64084928
64084928
64084928
64084928
64084928
64084928
64084928
64084928
64084928
64084928
64084928
64084928
64084928
64084928
64084928
64084928
64084928
64084928
64084928
64084928
64084928
64084928
64084928
64084928
64084928
64084928
64084928
64084928
64084928
64084928
64084928
64084928
64084928
64084928
64084928
64084928
64084928
64084928
64084928
64084928
64084928
64084928
64084928
64084928
64084928
64084928
64084928
64084928
64084928
64084928
64084928
64084928
64084928
64084928
64084928
64084928
64084928
64084928
64084928
64084928
64084928
64084928
64084928
64084928
64084928
64084928
64084928
64084928
64084928
64084928
64084928
64084928
64084928
64084928
64084928
64084928
64084928
64084928
64084928
64084928
64084928
64084928
64084928
64084928
64084928
64084928
64084928
64084928
64084928
64084928
64084928
64084928
64084928
64084928
64084928
64084928
64084928
64084928
64084928
64084928
64084928
64084928
64084928
64084928
64084928
64084928
64084928
64084928
64084928
64084928
64084928
64084928
64084928
64084928
64084928
64084928
64084928
64084928
64084928
64084928
64084928
64084928
64084928
64084928
64084928
64084928
64084928
64084928
64084928
64084928
64084928
64084928
64084928
64084928
64084928
64084928
64084928
64084928
64084928
64084928
64084928
64084928
64084928
64084928
64084928
64084928
64084928
64084928
64084928
64084928
64084928
64084928
64084928
64084928
64084928
64084928
64084928
64084928
64084928
64084928
64084928
64084928
64084928
64084928
64084928
64084928
64084928
64084928
64084928
64084928
64084928
64084928
64084928
64084928
64084928
64084928
64084928
64084928
64084928
64084928
64084928
64084928
64084928
64084928
64084928
64084928
64084928
64084928
64084928
64084928
64084928
64084928
64084928
64084928
64084928
64084928
64084928
64084928
64084928
64084928
64084928
64084928
64084928
64084928
64084928
64084928
64084928
64084928
64084928
64084928
64084928
64084928
64084928
64084928
64084928
64084928
64084928
64084928
64084928
64084928
64084928
64084928
64084928
64084928
64084928
64084928
64084928
64084928
64084928
64084928
64084928
64084928
64084928
64084928
64084928
64084928
64084928
64084928
64084928
64084928
64084928
64084928
64084928
64084928
64084928
64084928
64084928
64084928
64084928
64084928
64084928
64084928
64084928
64084928
64084928
64084928
64084928
64084928
64084928
64084928
64084928
64084928
64084928
64084928
64084928
64084928
64084928
64084928
64084928
64084928
64084928
64084928
64084928
64084928
64084928
64084928
64084928
64084928
64084928
64084928
64084928
64084928
64084928
64084928
64084928
64084928
64084928
64084928
64084928
64084928
64084928
64084928
64084928
64084928
64084928
64084928
64084928
64084928
64084928
64084928
64084928
64084928
64084928
64084928
64084928
64084928
64084928
64084928
64084928
64084928
64084928
64084928
64084928
64084928
64084928
64084928
64084928
64084928
64084928
64084928
64084928
64084928
64084928
64084928
64084928
64084928
64084928
64084928
64084928
64084928
64084928
64084928
64084928
64084928
64084928
64084928
64084928
64084928
64084928
64084928
64084928
64084928
64084928
64084928
64084928
64084928
64084928
64084928
64084928
64084928
64084928
64084928
64084928
64084928
64084928
64084928
64084928
64084928
64084928
64084928
64084928
64084928
64084928
64084928
64084928
64084928
64084928
64084928
64084928
64084928
64084928
64084928
64084928
64084928
64084928
64084928
64084928
64084928
64084928
64084928
64084928
64084928
64084928
64084928
64084928
64084928
64084928
64084928
64084928
64084928
64084928
64084928
64084928
64084928
64084928
64084928
64084928
64084928
64084928
64084928
64084928
64084928
64084928
64084928
64084928
64084928
64084928
64084928
64084928
64084928
64084928
64084928
64084928
64084928
64084928
64084928
64084928
64084928
64084928
64084928
64084928
64084928
64084928
64084928
64084928
64084928
64084928
64084928
64084928
64084928
64084928
64084928
64084928
64084928
64084928
64084928
64084928
64084928
64084928
64084928
64084928
64084928
64084928
64084928
64084928
64084928
64084928
64084928
64084928
64084928
64084928
64084928
64084928
64084928
64084928
64084928
64084928
64084928
64084928
64084928
64084928
64084928
64084928
64084928
64084928
64084928
64084928
64084928
64084928
64084928
64084928
64084928
64084928
64084928
64084928
64084928
64084928
64084928
64084928
64084928
64084928
64084928
64084928
64084928
64084928
64084928
64084928
64084928
64084928
64084928
64084928
64084928
64084928
64084928
64084928
64084928
64084928
64084928
64084928
64084928
64084928
64084928
64084928
64084928
64084928
64084928
64084928
64084928
64084928
64084928
64084928
64084928
64084928
64084928
64084928
64084928
64084928
64084928
64084928
64084928
64084928
64084928
64084928
64084928
64084928
64084928
64084928
64084928
64084928
64084928
64084928
64084928
64084928
64084928
64084928
64084928
64084928
64084928
64084928
64084928
64084928
64084928
64084928
64084928
64084928
64084928
64084928
64084928
64084928
64084928
64084928
64084928
64084928
64084928
64084928
64084928
64084928
64084928
64084928
64084928
64084928
64084928
64084928
64084928
64084928
64084928
64084928
64084928
64084928
64084928
64084928
64084928
64084928
64084928
64084928
64084928
64084928
64084928
64084928
64084928
64084928
64084928
64084928
64084928
64084928
64084928
64084928
64084928
64084928
64084928
64084928
64084928
64084928
64084928
64084928
64084928
64084928
64084928
64084928
64084928
64084928
64084928
64084928
64084928
64084928
64084928
64084928
64084928
64084928
64084928
64084928
64084928
64084928
64084928
64084928
64084928
64084928
64084928
64084928
64084928
64084928
64084928
64084928
64084928
64084928
64084928
64084928
64084928
64084928
64084928
64084928
64084928
64084928
64084928
64084928
64084928
64084928
64084928
64084928
64084928
64084928
64084928
64084928
64084928
64084928
64084928
64084928
64084928
64084928
64084928
64084928
64084928
64084928
64084928
64084928
64084928
64084928
64084928
64084928
64084928
64084928
64084928
64084928
64084928
64084928
64084928
64084928
64084928
64084928
64084928
64084928
64084928
64084928
64084928
64084928
64084928
64084928
64084928
64084928
64084928
64084928
64084928
64084928
64084928
64084928
64084928
64084928
64084928
64084928
64084928
64084928
64084928
64084928
64084928
64084928
64084928
64084928
64084928
64084928
64084928
64084928
64084928
64084928
64084928
64084928
64084928
64084928
64084928
64084928
64084928
64084928
64084928
64084928
64084928
64084928
64084928
64084928
64084928
64084928
64084928
64084928
64084928
64084928
64084928
64084928
64084928
64084928
64084928
64084928
64084928
64084928
64084928
64084928
64084928
64084928
64084928
64084928
64084928
64084928
64084928
64084928
64084928
64084928
64084928
64084928
64084928
64084928
64084928
64084928
64084928
64084928
64084928
64084928
64084928
64084928
64084928
64084928
64084928
64084928
64084928
64084928
64084928
64084928
64084928
64084928
64084928
64084928
64084928
64084928
64084928
64084928
64084928
64084928
64084928
64084928
64084928
64084928
64084928
64084928
64084928
64084928
64084928
64084928
64084928
64084928
64084928
64084928
64084928
64084928
64084928
64084928
64084928
64084928
64084928
64084928
64084928
64084928
64084928
64084928
64084928
64084928
64084928
64084928
64084928
64084928
64084928
64084928
64084928
64084928
64084928
64084928
64084928
64084928
64084928
64084928
64084928
64084928
64084928
64084928
64084928
64084928
64084928
64084928
64084928
64084928
64084928
64084928
64084928
64084928
64084928
64084928
64084928
64084928
64084928
64084928
64084928
64084928
64084928
64084928
64084928
64084928
64084928
64084928
64084928
64084928
64084928
64084928
64084928
64084928
64084928
64084928
64084928
64084928
64084928
64084928
64084928
64084928
64084928
64084928
64084928
64084928
64084928
64084928
64084928
64084928
64084928
64084928
64084928
64084928
64084928
64084928
64084928
64084928
64084928
64084928
64084928
64084928
64084928
64084928
64084928
64084928
64084928
64084928
64084928
64084928
64084928
64084928
64084928
64084928
64084928
64084928
64084928
64084928
64084928
64084928
64084928
64084928
64084928
64084928
64084928
64084928
64084928
64084928
64084928
64084928
64084928
64084928
64084928
64084928
64084928
64084928
64084928
64084928
64084928
64084928
64084928
64084928
64084928
64084928
64084928
64084928
64084928
64084928
64084928
64084928
64084928
64084928
64084928
64084928
64084928
64084928
64084928
64084928
64084928
64084928
64084928
64084928
64084928
64084928
64084928
64084928
64084928
64084928
64084928
64084928
64084928
64084928
64084928
64084928
64084928
64084928
64084928
64084928
64084928
64084928
64084928
64084928
64084928
64084928
64084928
64084928
64084928
64084928
64084928
64084928
64084928
64084928
64084928
64084928
64084928
64084928
64084928
64084928
64084928
64084928
64084928
64084928
64084928
64084928
64084928
64084928
64084928
64084928
64084928
64084928
64084928
64084928
64084928
64084928
64084928
64084928
64084928
64084928
64084928
64084928
64084928
64084928
64084928
64084928
64084928
64084928
64084928
64084928
64084928
64084928
64084928
64084928
64084928
64084928
64084928
64084928
64084928
64084928
64084928
64084928
64084928
64084928
64084928
64084928
64084928
64084928
64084928
64084928
64084928
64084928
64084928
64084928
64084928
64084928
64084928
64084928
64084928
64084928
64084928
64084928
64084928
64084928
64084928
64084928
64084928
64084928
64084928
64084928
64084928
64084928
64084928
64084928
64084928
64084928
64084928
64084928
64084928
64084928
64084928
64084928
64084928
64084928
64084928
64084928
64084928
64084928
64084928
64084928
64084928
64084928
64084928
64084928
64084928
64084928
64084928
64084928
64084928
64084928
64084928
64084928
64084928
64084928
64084928
64084928
64084928
64084928
64084928
64084928
64084928
64084928
64084928
64084928
64084928
64084928
64084928
64084928
64084928
64084928
64084928
64084928
64084928
64084928
64084928
64084928
64084928
64084928
64084928
64084928
64084928
64084928
64084928
64084928
64084928
64084928
64084928
64084928
64084928
64084928
64084928
64084928
64084928
64084928
64084928
64084928
64084928
64084928
64084928
64084928
64084928
64084928
64084928
64084928
64084928
64084928
64084928
64084928
64084928
64084928
64084928
64084928
64084928
64084928
64084928
64084928
64084928
64084928
64084928
64084928
64084928
64084928
64084928
64084928
64084928
64084928
64084928
64084928
64084928
64084928
64084928
64084928
64084928
64084928
64084928
64084928
64084928
64084928
64084928
64084928
64084928
64084928
64084928
64084928
64084928
64084928
64084928
64084928
64084928
64084928
64084928
64084928
64084928
64084928
64084928
64084928
64084928
64084928
64084928
64084928
64084928
64084928
64084928
64084928
64084928
64084928
64084928
64084928
64084928
64084928
64084928
64084928
64084928
64084928
64084928
64084928
64084928
64084928
64084928
64084928
64084928
64084928
64084928
64084928
64084928
64084928
64084928
64084928
64084928
64084928
64084928
64084928
64084928
64084928
64084928
64084928
64084928
64084928
64084928
64084928
64084928
64084928
64084928
64084928
64084928
64084928
64084928
64084928
64084928
64084928
64084928
64084928
64084928
64084928
64084928
64084928
64084928
64084928
64084928
64084928
64084928
64084928
64084928
64084928
64084928
64084928
64084928
64084928
64084928
64084928
64084928
64084928
64084928
64084928
64084928
64084928
64084928
64084928
64084928
64084928
64084928
64084928
64084928
64084928
64084928
64084928
64084928
64084928
64084928
64084928
64084928
64084928
64084928
64084928
64084928
64084928
64084928
64084928
64084928
64084928
64084928
64084928
64084928
64084928
64084928
64084928
64084928
64084928
64084928
64084928
64084928
64084928
64084928
64084928
64084928
64084928
64084928
64084928
64084928
64084928
64084928
64084928
64084928
64084928
64084928
64084928
64084928
64084928
64084928
64084928
64084928
64084928
64084928
64084928
64084928
64084928
64084928
64084928
64084928
64084928
64084928
64084928
64084928
64084928
64084928
64084928
64084928
64084928
64084928
64084928
64084928
64084928
64084928
64084928
64084928
64084928
64084928
64084928
64084928
64084928
64084928
64084928
64084928
64084928
64084928
64084928
64084928
64084928
64084928
64084928
64084928
64084928
64084928
64084928
64084928
64084928
64084928
64084928
64084928
64084928
64084928
64084928
64084928
64084928
64084928
64084928
64084928
64084928
64084928
64084928
64084928
64084928
64084928
64084928
64084928
64084928
64084928
64084928
64084928
64084928
64084928
64084928
64084928
64084928
64084928
64084928
64084928
64084928
64084928
64084928
64084928
64084928
64084928
64084928
64084928
64084928
64084928
64084928
64084928
64084928
64084928
64084928
64084928
64084928
64084928
64084928
64084928
64084928
64084928
64084928
64084928
64084928
64084928
64084928
64084928
64084928
64084928
64084928
64084928
64084928
64084928
64084928
64084928
64084928
64084928
64084928
64084928
64084928
64084928
64084928
64084928
64084928
64084928
64084928
64084928
64084928
64084928
64084928
64084928
64084928
64084928
64084928
64084928
64084928
64084928
64084928
64084928
64084928
64084928
64084928
64084928
64084928
64084928
64084928
64084928
64084928
64084928
64084928
64084928
64084928
64084928
64084928
64084928
64084928
64084928
64084928
64084928
64084928
64084928
64084928
64084928
64084928
64084928
64084928
64084928
64084928
64084928
64084928
64084928
64084928
64084928
64084928
64084928
64084928
64084928
64084928
64084928
64084928
64084928
64084928
64084928
64084928
64084928
64084928
64084928
64084928
64084928
64084928
64084928
64084928
64084928
64084928
64084928
64084928
64084928
64084928
64084928
64084928
64084928
64084928
64084928
64084928
64084928
64084928
64084928
64084928
64084928
64084928
64084928
64084928
64084928
64084928
64084928
64084928
64084928
64084928
64084928
64084928
64084928
64084928
64084928
64084928
64084928
64084928
64084928
64084928
64084928
64084928
64084928
64084928
64084928
64084928
64084928
64084928
64084928
64084928
64084928
64084928
64084928
64084928
64084928
64084928
64084928
64084928
64084928
64084928
64084928
64084928
64084928
64084928
64084928
64084928
64084928
64084928
64084928
64084928
64084928
64084928
64084928
64084928
64084928
64084928
64084928
64084928
64084928
64084928
64084928
64084928
64084928
64084928
64084928
64084928
64084928
64084928
64084928
64084928
64084928
64084928
64084928
64084928
64084928
64084928
64084928
64084928
64084928
64084928
64084928
64084928
64084928
64084928
64084928
64084928
64084928
64084928
64084928
64084928
64084928
64084928
64084928
64084928
64084928
64084928
64084928
64084928
64084928
64084928
64084928
64084928
64084928
64084928
64084928
64084928
64084928
64084928
64084928
64084928
64084928
64084928
64084928
64084928
64084928
64084928
64084928
64084928
64084928
64084928
64084928
64084928
64084928
64084928
64084928
64084928
64084928
64084928
64084928
64084928
64084928
64084928
64084928
64084928
64084928
64084928
64084928
64084928
64084928
64084928
64084928
64084928
64084928
64084928
64084928
64084928
64084928
64084928
64084928
64084928
64084928
64084928
64084928
64084928
64084928
64084928
64084928
64084928
64084928
64084928
64084928
64084928
64084928
64084928
64084928
64084928
64084928
64084928
64084928
64084928
64084928
64084928
64084928
64084928
64084928
64084928
64084928
64084928
64084928
64084928
64084928
64084928
64084928
64084928
64084928
64084928
64084928
64084928
64084928
64084928
64084928
64084928
64084928
64084928
64084928
64084928
64084928
64084928
64084928
64084928
64084928
64084928
64084928
64084928
64084928
64084928
64084928
64084928
64084928
64084928
64084928
64084928
64084928
64084928
64084928
64084928
64084928
64084928
64084928
64084928
64084928
64084928
64084928
64084928
64084928
64084928
64084928
64084928
64084928
64084928
64084928
64084928
64084928
64084928
64084928
64084928
64084928
64084928
64084928
64084928
64084928
64084928
64084928
64084928
64084928
64084928
64084928
64084928
64084928
64084928
64084928
64084928
64084928
64084928
64084928
64084928
64084928
64084928
64084928
64084928
64084928
64084928
64084928
64084928
64084928
64084928
64084928
64084928
64084928
64084928
64084928
64084928
64084928
64084928
64084928
64084928
64084928
64084928
64084928
64084928
64084928
64084928
64084928
64084928
64084928
64084928
64084928
64084928
64084928
64084928
64084928
64084928
64084928
64084928
64084928
64084928
64084928
64084928
64084928
64084928
64084928
64084928
64084928
64084928
64084928
64084928
64084928
64084928
64084928
64084928
64084928
64084928
64084928
64084928
64084928
64084928
64084928
64084928
64084928
64084928
64084928
64084928
64084928
64084928
64084928
64084928
64084928
64084928
64084928
64084928
64084928
64084928
64084928
64084928
64084928
64084928
64084928
64084928
64084928
64084928
64084928
64084928
64084928
64084928
64084928
64084928
64084928
64084928
64084928
64084928
64084928
64084928
64084928
64084928
64084928
64084928
64084928
64084928
64084928
64084928
64084928
64084928
64084928
64084928
64084928
64084928
64084928
64084928
64084928
64084928
64084928
64084928
64084928
64084928
64084928
64084928
64084928
64084928
64084928
64084928
64084928
64084928
64084928
64084928
64084928
64084928
64084928
64084928
64084928
64084928
64084928
64084928
64084928
64084928
64084928
64084928
64084928
64084928
64084928
64084928
64084928
64084928
64084928
64084928
64084928
64084928
64084928
64084928
64084928
64084928
64084928
64084928
64084928
64084928
64084928
64084928
64084928
64084928
64084928
64084928
64084928
64084928
64084928
64084928
64084928
64084928
64084928
64084928
64084928
64084928
64084928
64084928
64084928
64084928
64084928
64084928
64084928
64084928
64084928
64084928
64084928
64084928
64084928
64084928
64084928
64084928
64084928
64084928
64084928
64084928
64084928
64084928
64084928
64084928
64084928
64084928
64084928
64084928
64084928
64084928
64084928
64084928
64084928
64084928
64084928
64084928
64084928
64084928
64084928
64084928
64084928
64084928
64084928
64084928
64084928
64084928
64084928
64084928
64084928
64084928
64084928
64084928
64084928
64084928
64084928
64084928
64084928
64084928
64084928
64084928
64084928
64084928
64084928
64084928
64084928
64084928
64084928
64084928
64084928
64084928
64084928
64084928
64084928
64084928
64084928
64084928
64084928
64084928
64084928
64084928
64084928
64084928
64084928
64084928
64084928
64084928
64084928
64084928
64084928
64084928
64084928
64084928
64084928
64084928
64084928
64084928
64084928
64084928
64084928
64084928
64084928
64084928
64084928
64084928
64084928
64084928
64084928
64084928
64084928
64084928
64084928
64084928
64084928
64084928
64084928
64084928
64084928
64084928
64084928
64084928
64084928
64084928
64084928
64084928
64084928
64084928
64084928
64084928
64084928
64084928
64084928
64084928
64084928
64084928
64084928
64084928
64084928
64084928
64084928
64084928
64084928
64084928
64084928
64084928
64084928
64084928
64084928
64084928
64084928
64084928
64084928
64084928
64084928
64084928
64084928
64084928
64084928
64084928
64084928
64084928
64084928
64084928
64084928
64084928
64084928
64084928
64084928
64084928
64084928
64084928
64084928
64084928
64084928
64084928
64084928
64084928
64084928
64084928
64084928
64084928
64084928
64084928
64084928
64084928
64084928
64084928
64084928
64084928
64084928
64084928
64084928
64084928
64084928
64084928
64084928
64084928
64084928
64084928
64084928
64084928
64084928
64084928
64084928
64084928
64084928
64084928
64084928
64084928
64084928
64084928
64084928
64084928
64084928
64084928
64084928
64084928
64084928
64084928
64084928
64084928
64084928
64084928
64084928
64084928
64084928
64084928
64084928
64084928
64084928
64084928
64084928
64084928
64084928
64084928
64084928
64084928
64084928
64084928
64084928
64084928
64084928
64084928
64084928
64084928
64084928
64084928
64084928
64084928
64084928
64084928
64084928
64084928
64084928
64084928
64084928
64084928
64084928
64084928
64084928
64084928
64084928
64084928
64084928
64084928
64084928
64084928
64084928
64084928
64084928
64084928
64084928
64084928
64084928
64084928
64084928
64084928
64084928
64084928
64084928
64084928
64084928
64084928
64084928
64084928
64084928
64084928
64084928
64084928
64084928
64084928
64084928
64084928
64084928
64084928
64084928
64084928
64084928
64084928
64084928
64084928
64084928
64084928
64084928
64084928
64084928
64084928
64084928
64084928
64084928
64084928
64084928
64084928
64084928
64084928
64084928
64084928
64084928
64084928
64084928
64084928
64084928
64084928
64084928
64084928
64084928
64084928
64084928
64084928
64084928
64084928
64084928
64084928
64084928
64084928
64084928
64084928
64084928
64084928
64084928
64084928
64084928
64084928
64084928
64084928
64084928
64084928
64084928
64084928
64084928
64084928
64084928
64084928
64084928
64084928
64084928
64084928
64084928
64084928
64084928
64084928
64084928
64084928
64084928
64084928
64084928
64084928
64084928
64084928
64084928
64084928
64084928
64084928
64084928
64084928
64084928
64084928
64084928
64084928
64084928
64084928
64084928
64084928
64084928
64084928
64084928
64084928
64084928
64084928
64084928
64084928
64084928
64084928
64084928
64084928
64084928
64084928
64084928
64084928
64084928
64084928
64084928
64084928
64084928
64084928
64084928
64084928
64084928
64084928
64084928
64084928
64084928
64084928
64084928
64084928
64084928
64084928
64084928
64084928
64084928
64084928
64084928
64084928
64084928
64084928
64084928
64084928
64084928
64084928
64084928
64084928
64084928
64084928
64084928
64084928
64084928
64084928
64084928
64084928
64084928
64084928
64084928
64084928
64084928
64084928
64084928
64084928
64084928
64084928
64084928
64084928
64084928
64084928
64084928
64084928
64084928
64084928
64084928
64084928
64084928
64084928
64084928
64084928
64084928
64084928
64084928
64084928
64084928
64084928
64084928
64084928
64084928
64084928
64084928
64084928
64084928
64084928
64084928
64084928
64084928
64084928
64084928
64084928
64084928
64084928
64084928
64084928
64084928
64084928
64084928
64084928
64084928
64084928
64084928
64084928
64084928
64084928
64084928
64084928
64084928
64084928
64084928
64084928
64084928
64084928
64084928
64084928
64084928
64084928
64084928
64084928
64084928
64084928
64084928
64084928
64084928
64084928
64084928
64084928
64084928
64084928
64084928
64084928
64084928
64084928
64084928
64084928
64084928
64084928
64084928
64084928
64084928
64084928
64084928
64084928
64084928
64084928
64084928
64084928
64084928
64084928
64084928
64084928
64084928
64084928
64084928
64084928
64084928
64084928
64084928
64084928
64084928
64084928
64084928
64084928
64084928
64084928
64084928
64084928
64084928
64084928
64084928
64084928
64084928
64084928
64084928
64084928
64084928
64084928
64084928
64084928
64084928
64084928
64084928
64084928
64084928
64084928
64084928
64084928
64084928
64084928
64084928
64084928
64084928
64084928
64084928
64084928
64084928
64084928
64084928
64084928
64084928
64084928
64084928
64084928
64084928
64084928
64084928
64084928
64084928
64084928
64084928
64084928
64084928
64084928
64084928
64084928
64084928
64084928
64084928
64084928
64084928
64084928
64084928
64084928
64084928
64084928
64084928
64084928
64084928
64084928
64084928
64084928
64084928
64084928
64084928
64084928
64084928
64084928
64084928
64084928
64084928
64084928
64084928
64084928
64084928
64084928
64084928
64084928
64084928
64084928
64084928
64084928
64084928
64084928
64084928
64084928
64084928
64084928
64084928
64084928
64084928
64084928
64084928
64084928
64084928
64084928
64084928
64084928
64084928
64084928
64084928
64084928
64084928
64084928
64084928
64084928
64084928
64084928
64084928
64084928
64084928
64084928
64084928
64084928
64084928
64084928
64084928
64084928
64084928
64084928
64084928
64084928
64084928
64084928
64084928
64084928
64084928
64084928
64084928
64084928
64084928
64084928
64084928
64084928
64084928
64084928
64084928
64084928
64084928
64084928
64084928
64084928
64084928
64084928
64084928
64084928
64084928
64084928
64084928
64084928
64084928
64084928
64084928
64084928
64084928
64084928
64084928
64084928
64084928
64084928
64084928
64084928
64084928
64084928
64084928
64084928
64084928
64084928
64084928
64084928
64084928
64084928
64084928
64084928
64084928
64084928
64084928
64084928
64084928
64084928
64084928
64084928
64084928
64084928
64084928
64084928
64084928
64084928
64084928
64084928
64084928
64084928
64084928
64084928
64084928
64084928
64084928
64084928
64084928
64084928
64084928
64084928
64084928
64084928
64084928
64084928
64084928
64084928
64084928
64084928
64084928
64084928
64084928
64084928
64084928
64084928
64084928
64084928
64084928
64084928
64084928
64084928
64084928
64084928
64084928
64084928
64084928
64084928
64084928
64084928
64084928
64084928
64084928
64084928
64084928
64084928
64084928
64084928
64084928
64084928
64084928
64084928
64084928
64084928
64084928
64084928
64084928
64084928
64084928
64084928
64084928
64084928
64084928
64084928
64084928
64084928
64084928
64084928
64084928
64084928
64084928
64084928
64084928
64084928
64084928
64084928
64084928
64084928
64084928
64084928
64084928
64084928
64084928
64084928
64084928
64084928
64084928
64084928
64084928
64084928
64084928
64084928
64084928
64084928
64084928
64084928
64084928
64084928
64084928
64084928
64084928
64084928
64084928
64084928
64084928
64084928
64084928
64084928
64084928
64084928
64084928
64084928
64084928
64084928
64084928
64084928
64084928
64084928
64084928
64084928
64084928
64084928
64084928
64084928
64084928
64084928
64084928
64084928
64084928
64084928
64084928
64084928
64084928
64084928
64084928
64084928
64084928
64084928
64084928
64084928
64084928
64084928
64084928
64084928
64084928
64084928
64084928
64084928
64084928
64084928
64084928
64084928
64084928
64084928
64084928
64084928
64084928
64084928
64084928
64084928
64084928
64084928
64084928
64084928
64084928
64084928
64084928
64084928
64084928
64084928
64084928
64084928
64084928
64084928
64084928
64084928
64084928
64084928
64084928
64084928
64084928
64084928
64084928
64084928
64084928
64084928
64084928
64084928
64084928
64084928
64084928
64084928
64084928
64084928
64084928
64084928
64084928
64084928
64084928
64084928
64084928
64084928
64084928
64084928
64084928
64084928
64084928
64084928
64084928
64084928
64084928
64084928
64084928
64084928
64084928
64084928
64084928
64084928
64084928
64084928
64084928
64084928
64084928
64084928
64084928
64084928
64084928
64084928
64084928
64084928
64084928
64084928
64084928
64084928
64084928
64084928
64084928
64084928
64084928
64084928
64084928
64084928
64084928
64084928
64084928
64084928
64084928
64084928
64084928
64084928
64084928
64084928
64084928
64084928
64084928
64084928
64084928
64084928
64084928
64084928
64084928
64084928
64084928
64084928
64084928
64084928
64084928
64084928
64084928
64084928
64084928
64084928
64084928
64084928
64084928
64084928
64084928
64084928
64084928
64084928
64084928
64084928
64084928
64084928
64084928
64084928
64084928
64084928
64084928
64084928
64084928
64084928
64084928
64084928
64084928
64084928
64084928
64084928
64084928
64084928
64084928
64084928
64084928
64084928
64084928
64084928
64084928
64084928
64084928
64084928
64084928
64084928
64084928
64084928
64084928
64084928
64084928
64084928
64084928
64084928
64084928
64084928
64084928
64084928
64084928
64084928
64084928
64084928
64084928
64084928
64084928
64084928
64084928
64084928
64084928
64084928
64084928
64084928
64084928
64084928
64084928
64084928
64084928
64084928
64084928
64084928
64084928
64084928
64084928
64084928
64084928
64084928
64084928
64084928
64084928
64084928
64084928
64084928
64084928
64084928
64084928
64084928
64084928
64084928
64084928
64084928
64084928
64084928
64084928
64084928
64084928
64084928
64084928
64084928
64084928
64084928
64084928
64084928
64084928
64084928
64084928
64084928
64084928
64084928
64084928
64084928
64084928
64084928
64084928
64084928
64084928
64084928
64084928
64084928
64084928
64084928
64084928
64084928
64084928
64084928
64084928
64084928
64084928
64084928
64084928
64084928
64084928
64084928
64084928
64084928
64084928
64084928
64084928
64084928
64084928
64084928
64084928
64084928
64084928
64084928
64084928
64084928
64084928
64084928
64084928
64084928
64084928
64084928
64084928
64084928
64084928
64084928
64084928
64084928
64084928
64084928
64084928
64084928
64084928
64084928
64084928
64084928
64084928
64084928
64084928
64084928
64084928
64084928
64084928
64084928
64084928
64084928
64084928
64084928
64084928
64084928
64084928
64084928
64084928
64084928
64084928
64084928
64084928
64084928
64084928
64084928
64084928
64084928
64084928
64084928
64084928
64084928
64084928
64084928
64084928
64084928
64084928
64084928
64084928
64084928
64084928
64084928
64084928
64084928
64084928
64084928
64084928
64084928
64084928
64084928
64084928
64084928
64084928
64084928
64084928
64084928
64084928
64084928
64084928
64084928
64084928
64084928
64084928
64084928
64084928
64084928
64084928
64084928
64084928
64084928
64084928
64084928
64084928
64084928
64084928
64084928
64084928
64084928
64084928
64084928
64084928
64084928
64084928
64084928
64084928
64084928
64084928
64084928
64084928
64084928
64084928
64084928
64084928
64084928
64084928
64084928
64084928
64084928
64084928
64084928
64084928
64084928
64084928
64084928
64084928
64084928
64084928
64084928
64084928
64084928
64084928
64084928
64084928
64084928
64084928
64084928
64084928
64084928
64084928
64084928
64084928
64084928
64084928
64084928
64084928
64084928
64084928
64084928
64084928
64084928
64084928
64084928
64084928
64084928
64084928
64084928
64084928
64084928
64084928
64084928
64084928
64084928
64084928
64084928
64084928
64084928
64084928
64084928
64084928
64084928
64084928
64084928
64084928
64084928
64084928
64084928
64084928
64084928
64084928
64084928
64084928
64084928
64084928
64084928
64084928
64084928
64084928
64084928
64084928
64084928
64084928
64084928
64084928
64084928
64084928
64084928
64084928
64084928
64084928
64084928
64084928
64084928
64084928
64084928
64084928
64084928
64084928
64084928
64084928
64084928
64084928
64084928
64084928
64084928
64084928
64084928
64084928
64084928
64084928
64084928
64084928
64084928
64084928
64084928
64084928
64084928
64084928
64084928
64084928
64084928
64084928
64084928
64084928
64084928
64084928
64084928
64084928
64084928
64084928
64084928
64084928
64084928
64084928
64084928
64084928
64084928
64084928
64084928
64084928
64084928
64084928
64084928
64084928
64084928
64084928
64084928
64084928
64084928
64084928
64084928
64084928
64084928
64084928
64084928
64084928
64084928
64084928
64084928
64084928
64084928
64084928
64084928
64084928
64084928
64084928
64084928
64084928
64084928
64084928
64084928
64084928
64084928
64084928
64084928
64084928
64084928
64084928
64084928
64084928
64084928
64084928
64084928
64084928
64084928
64084928
64084928
64084928
64084928
64084928
64084928
64084928
64084928
64084928
64084928
64084928
64084928
64084928
64084928
64084928
64084928
64084928
64084928
64084928
64084928
64084928
64084928
64084928
64084928
64084928
64084928
64084928
64084928
64084928
64084928
64084928
64084928
64084928
64084928
64084928
64084928
64084928
64084928
64084928
64084928
64084928
64084928
64084928
64084928
64084928
64084928
64084928
64084928
64084928
64084928
64084928
64084928
64084928
64084928
64084928
64084928
64084928
64084928
64084928
64084928
64084928
64084928
64084928
64084928
64084928
64084928
64084928
64084928
64084928
64084928
64084928
64084928
64084928
64084928
64084928
64084928
64084928
64084928
64084928
64084928
64084928
64084928
64084928
64084928
64084928
64084928
64084928
64084928
64084928
64084928
64084928
64084928
64084928
64084928
64084928
64084928
64084928
64084928
64084928
64084928
64084928
64084928
64084928
64084928
64084928
64084928
64084928
64084928
64084928
64084928
64084928
64084928
64084928
64084928
64084928
64084928
64084928
64084928
64084928
64084928
64084928
64084928
64084928
64084928
64084928
64084928
64084928
64084928
64084928
64084928
64084928
64084928
64084928
64084928
64084928
64084928
64084928
64084928
64084928
64084928
64084928
64084928
64084928
64084928
64084928
64084928
64084928
64084928
64084928
64084928
64084928
64084928
64084928
64084928
64084928
64084928
64084928
64084928
64084928
64084928
64084928
64084928
64084928
64084928
64084928
64084928
64084928
64084928
64084928
64084928
64084928
64084928
64084928
64084928
64084928
64084928
64084928
64084928
64084928
64084928
64084928
64084928
64084928
64084928
64084928
64084928
64084928
64084928
64084928
64084928
64084928
64084928
64084928
64084928
64084928
64084928
64084928
64084928
64084928
64084928
64084928
64084928
64084928
64084928
64084928
64084928
64084928
64084928
64084928
64084928
64084928
64084928
64084928
64084928
64084928
64084928
64084928
64084928
64084928
64084928
64084928
64084928
64084928
64084928
64084928
64084928
64084928
64084928
64084928
64084928
64084928
64084928
64084928
64084928
64084928
64084928
64084928
64084928
64084928
64084928
64084928
64084928
64084928
64084928
64084928
64084928
64084928
64084928
64084928
64084928
64084928
64084928
64084928
64084928
64084928
64084928
64084928
64084928
64084928
64084928
64084928
64084928
64084928
64084928
64084928
64084928
64084928
64084928
64084928
64084928
64084928
64084928
64084928
64084928
64084928
64084928
64084928
64084928
64084928
64084928
64084928
64084928
64084928
64084928
64084928
64084928
64084928
64084928
64084928
64084928
64084928
64084928
64084928
64084928
64084928
64084928
64084928
64084928
64084928
64084928
64084928
64084928
64084928
64084928
64084928
64084928
64084928
64084928
64084928
64084928
64084928
64084928
64084928
64084928
64084928
64084928
64084928
64084928
64084928
64084928
64084928
64084928
64084928
64084928
64084928
64084928
64084928
64084928
64084928
64084928
64084928
64084928
64084928
64084928
64084928
64084928
64084928
64084928
64084928
64084928
64084928
64084928
64084928
64084928
64084928
64084928
64084928
64084928
64084928
64084928
64084928
64084928
64084928
64084928
64084928
64084928
64084928
64084928
64084928
64084928
64084928
64084928
64084928
64084928
64084928
64084928
64084928
64084928
64084928
64084928
64084928
64084928
64084928
64084928
64084928
64084928
64084928
64084928
64084928
64084928
64084928
64084928
64084928
64084928
64084928
64084928
64084928
64084928
64084928
64084928
64084928
64084928
64084928
64084928
64084928
64084928
64084928
64084928
64084928
64084928
64084928
64084928
64084928
64084928
64084928
64084928
64084928
64084928
64084928
64084928
64084928
64084928
64084928
64084928
64084928
64084928
64084928
64084928
64084928
64084928
64084928
64084928
64084928
64084928
64084928
64084928
64084928
64084928
64084928
64084928
64084928
64084928
64084928
64084928
64084928
64084928
64084928
64084928
64084928
64084928
64084928
64084928
64084928
64084928
64084928
64084928
64084928
64084928
64084928
64084928
64084928
64084928
64084928
64084928
64084928
64084928
64084928
64084928
64084928
64084928
64084928
64084928
64084928
64084928
64084928
64084928
64084928
64084928
64084928
64084928
64084928
64084928
64084928
64084928
64084928
64084928
64084928
64084928
64084928
64084928
64084928
64084928
64084928
64084928
64084928
64084928
64084928
64084928
64084928
64084928
64084928
64084928
64084928
64084928
64084928
64084928
64084928
64084928
64084928
64084928
64084928
64084928
64084928
64084928
64084928
64084928
64084928
64084928
64084928
64084928
64084928
64084928
64084928
64084928
64084928
64084928
64084928
64084928
64084928
64084928
64084928
64084928
64084928
64084928
64084928
64084928
64084928
64084928
64084928
64084928
64084928
64084928
64084928
64084928
64084928
64084928
64084928
64084928
64084928
64084928
64084928
64084928
64084928
64084928
64084928
64084928
64084928
64084928
64084928
64084928
64084928
64084928
64084928
64084928
64084928
64084928
64084928
64084928
64084928
64084928
64084928
64084928
64084928
64084928
64084928
64084928
64084928
64084928
64084928
64084928
64084928
64084928
64084928
64084928
64084928
64084928
64084928
64084928
64084928
64084928
64084928
64084928
64084928
64084928
64084928
64084928
64084928
64084928
64084928
64084928
64084928
64084928
64084928
64084928
64084928
64084928
64084928
64084928
64084928
64084928
64084928
64084928
64084928
64084928
64084928
64084928
64084928
64084928
64084928
64084928
64084928
64084928
64084928
64084928
64084928
64084928
64084928
64084928
64084928
64084928
64084928
64084928
64084928
64084928
64084928
64084928
64084928
64084928
64084928
64084928
64084928
64084928
64084928
64084928
64084928
64084928
64084928
64084928
64084928
64084928
64084928
64084928
64084928
64084928
64084928
64084928
64084928
64084928
64084928
64084928
64084928
64084928
64084928
64084928
64084928
64084928
64084928
64084928
64084928
64084928
64084928
64084928
64084928
64084928
64084928
64084928
64084928
64084928
64084928
64084928
64084928
64084928
64084928
64084928
64084928
64084928
64084928
64084928
64084928
64084928
64084928
64084928
64084928
64084928
64084928
64084928
64084928
64084928
64084928
64084928
64084928
64084928
64084928
64084928
64084928
64084928
64084928
64084928
64084928
64084928
64084928
64084928
64084928
64084928
64084928
64084928
64084928
64084928
64084928
64084928
64084928
64084928
64084928
64084928
64084928
64084928
64084928
64084928
64084928
64084928
64084928
64084928
64084928
64084928
64084928
64084928
64084928
64084928
64084928
64084928
64084928
64084928
64084928
64084928
64084928
64084928
64084928
64084928
64084928
64084928
64084928
64084928
64084928
64084928
64084928
64084928
64084928
64084928
64084928
64084928
64084928
64084928
64084928
64084928
64084928
64084928
64084928
64084928
64084928
64084928
64084928
64084928
64084928
64084928
64084928
64084928
64084928
64084928
64084928
64084928
64084928
64084928
64084928
64084928
64084928
64084928
64084928
64084928
64084928
64084928
64084928
64084928
64084928
64084928
64084928
64084928
64084928
64084928
64084928
64084928
64084928
64084928
64084928
64084928
64084928
64084928
64084928
64084928
64084928
64084928
64084928
64084928
64084928
64084928
64084928
64084928
64084928
64084928
64084928
64084928
64084928
64084928
64084928
64084928
64084928
64084928
64084928
64084928
64084928
64084928
64084928
64084928
64084928
64084928
64084928
64084928
64084928
64084928
64084928
64084928
64084928
64084928
64084928
64084928
64084928
64084928
64084928
64084928
64084928
64084928
64084928
64084928
64084928
64084928
64084928
64084928
64084928
64084928
64084928
64084928
64084928
64084928
64084928
64084928
64084928
64084928
64084928
64084928
64084928
64084928
64084928
64084928
64084928
64084928
64084928
64084928
64084928
64084928
64084928
64084928
64084928
64084928
64084928
64084928
64084928
64084928
64084928
64084928
64084928
64084928
64084928
64084928
64084928
64084928
64084928
64084928
64084928
64084928
64084928
64084928
64084928
64084928
64084928
64084928
64084928
64084928
64084928
64084928
64084928
64084928
64084928
64084928
64084928
64084928
64084928
64084928
64084928
64084928
64084928
64084928
64084928
64084928
64084928
64084928
64084928
64084928
64084928
64084928
64084928
64084928
64084928
64084928
64084928
64084928
64084928
64084928
64084928
64084928
64084928
64084928
64084928
64084928
64084928
64084928
64084928
64084928
64084928
64084928
64084928
64084928
64084928
64084928
64084928
64084928
64084928
64084928
64084928
64084928
64084928
64084928
64084928
64084928
64084928
64084928
64084928
64084928
64084928
64084928
64084928
64084928
64084928
64084928
64084928
64084928
64084928
64084928
64084928
64084928
64084928
64084928
64084928
64084928
64084928
64084928
64084928
64084928
64084928
64084928
64084928
64084928
64084928
64084928
64084928
64084928
64084928
64084928
64084928
64084928
64084928
64084928
64084928
64084928
64084928
64084928
64084928
64084928
64084928
64084928
64084928
64084928
64084928
64084928
64084928
64084928
64084928
64084928
64084928
64084928
64084928
64084928
64084928
64084928
64084928
64084928
64084928
64084928
64084928
64084928
64084928
64084928
64084928
64084928
64084928
64084928
64084928
64084928
64084928
64084928
64084928
64084928
64084928
64084928
64084928
64084928
64084928
64084928
64084928
64084928
64084928
64084928
64084928
64084928
64084928
64084928
64084928
64084928
64084928
64084928
64084928
64084928
64084928
64084928
64084928
64084928
64084928
64084928
64084928
64084928
64084928
64084928
64084928
64084928
64084928
64084928
64084928
64084928
64084928
64084928
64084928
64084928
64084928
64084928
64084928
64084928
64084928
64084928
64084928
64084928
64084928
64084928
64084928
64084928
64084928
64084928
64084928
64084928
64084928
64084928
64084928
64084928
64084928
64084928
64084928
64084928
64084928
64084928
64084928
64084928
64084928
64084928
64084928
64084928
64084928
64084928
64084928
64084928
64084928
64084928
64084928
64084928
64084928
64084928
64084928
64084928
64084928
64084928
64084928
64084928
64084928
64084928
64084928
64084928
64084928
64084928
64084928
64084928
64084928
64084928
64084928
64084928
64084928
64084928
64084928
64084928
64084928
64084928
64084928
64084928
64084928
64084928
64084928
64084928
64084928
64084928
64084928
64084928
64084928
64084928
64084928
64084928
64084928
64084928
64084928
64084928
64084928
64084928
64084928
64084928
64084928
64084928
64084928
64084928
64084928
64084928
64084928
64084928
64084928
64084928
64084928
64084928
64084928
64084928
64084928
64084928
64084928
64084928
64084928
64084928
64084928
64084928
64084928
64084928
64084928
64084928
64084928
64084928
64084928
64084928
64084928
64084928
64084928
64084928
64084928
64084928
64084928
64084928
64084928
64084928
64084928
64084928
64084928
64084928
64084928
64084928
64084928
64084928
64084928
64084928
64084928
64084928
64084928
64084928
64084928
64084928
64084928
64084928
64084928
64084928
64084928
64084928
64084928
64084928
64084928
64084928
64084928
64084928
64084928
64084928
64084928
64084928
64084928
64084928
64084928
64084928
64084928
64084928
64084928
64084928
64084928
64084928
64084928
64084928
64084928
64084928
64084928
64084928
64084928
64084928
64084928
64084928
64084928
64084928
64084928
64084928
64084928
64084928
64084928
64084928
64084928
64084928
64084928
64084928
64084928
64084928
64084928
64084928
64084928
64084928
64084928
64084928
64084928
64084928
64084928
64084928
64084928
64084928
64084928
64084928
64084928
64084928
64084928
64084928
64084928
64084928
64084928
64084928
64084928
64084928
64084928
64084928
64084928
64084928
64084928
64084928
64084928
64084928
64084928
64084928
64084928
64084928
64084928
64084928
64084928
64084928
64084928
64084928
64084928
64084928
64084928
64084928
64084928
64084928
64084928
64084928
64084928
64084928
64084928
64084928
64084928
64084928
64084928
64084928
64084928
64084928
64084928
64084928
64084928
64084928
64084928
64084928
64084928
64084928
64084928
64084928
64084928
64084928
64084928
64084928
64084928
64084928
64084928
64084928
64084928
64084928
64084928
64084928
64084928
64084928
64084928
64084928
64084928
64084928
64084928
64084928
64084928
64084928
64084928
64084928
64084928
64084928
64084928
64084928
64084928
64084928
64084928
64084928
64084928
64084928
64084928
64084928
64084928
64084928
64084928
64084928
64084928
64084928
64084928
64084928
64084928
64084928
64084928
64084928
64084928
64084928
64084928
64084928
64084928
64084928
64084928
64084928
64084928
64084928
64084928
64084928
64084928
64084928
64084928
64084928
64084928
64084928
64084928
64084928
64084928
64084928
64084928
64084928
64084928
64084928
64084928
64084928
64084928
64084928
64084928
64084928
64084928
64084928
64084928
64084928
64084928
64084928
64084928
64084928
64084928
64084928
64084928
64084928
64084928
64084928
64084928
64084928
64084928
64084928
64084928
64084928
64084928
64084928
64084928
64084928
64084928
64084928
64084928
64084928
64084928
64084928
64084928
64084928
64084928
64084928
64084928
64084928
64084928
64084928
64084928
64084928
64084928
64084928
64084928
64084928
64084928
64084928
64084928
64084928
64084928
64084928
64084928
64084928
64084928
64084928
64084928
64084928
64084928
64084928
64084928
64084928
64084928
64084928
64084928
64084928
64084928
64084928
64084928
64084928
64084928
64084928
64084928
64084928
64084928
64084928
64084928
64084928
64084928
64084928
64084928
64084928
64084928
64084928
64084928
64084928
64084928
64084928
64084928
64084928
64084928
64084928
64084928
64084928
64084928
64084928
64084928
64084928
64084928
64084928
64084928
64084928
64084928
64084928
64084928
64084928
64084928
64084928
64084928
64084928
64084928
64084928
64084928
64084928
64084928
64084928
64084928
64084928
64084928
64084928
64084928
64084928
64084928
64084928
64084928
64084928
64084928
64084928
64084928
64084928
64084928
64084928
64084928
64084928
64084928
64084928
64084928
64084928
64084928
64084928
64084928
64084928
64084928
64084928
64084928
64084928
64084928
64084928
64084928
64084928
64084928
64084928
64084928
64084928
64084928
64084928
64084928
64084928
64084928
64084928
64084928
64084928
64084928
64084928
64084928
64084928
64084928
64084928
64084928
64084928
64084928
64084928
64084928
64084928
64084928
64084928
64084928
64084928
64084928
64084928
64084928
64084928
64084928
64084928
64084928
64084928
64084928
64084928
64084928
64084928
64084928
64084928
64084928
64084928
64084928
64084928
64084928
64084928
64084928
64084928
64084928
64084928
64084928
64084928
64084928
64084928
64084928
64084928
64084928
64084928
64084928
64084928
64084928
64084928
64084928
64084928
64084928
64084928
64084928
64084928
64084928
64084928
64084928
64084928
64084928
64084928
64084928
64084928
64084928
64084928
64084928
64084928
64084928
64084928
64084928
64084928
64084928
64084928
64084928
64084928
64084928
64084928
64084928
64084928
64084928
64084928
64084928
64084928
64084928
64084928
64084928
64084928
64084928
64084928
64084928
64084928
64084928
64084928
64084928
64084928
64084928
64084928
64084928
64084928
64084928
64084928
64084928
64084928
64084928
64084928
64084928
64084928
64084928
64084928
64084928
64084928
64084928
64084928
64084928
64084928
64084928
64084928
64084928
64084928
64084928
64084928
64084928
64084928
64084928
64084928
64084928
64084928
64084928
64084928
64084928
64084928
64084928
64084928
64084928
64084928
64084928
64084928
64084928
64084928
64084928
64084928
64084928
64084928
64084928
64084928
64084928
64084928
64084928
64084928
64084928
64084928
64084928
64084928
64084928
64084928
64084928
64084928
64084928
64084928
64084928
64084928
64084928
64084928
64084928
64084928
64084928
64084928
64084928
64084928
64084928
64084928
64084928
64084928
64084928
64084928
64084928
64084928
64084928
64084928
64084928
64084928
64084928
64084928
64084928
64084928
64084928
64084928
64084928
64084928
64084928
64084928
64084928
64084928
64084928
64084928
64084928
64084928
64084928
64084928
64084928
64084928
64084928
64084928
64084928
64084928
64084928
64084928
64084928
64084928
64084928
64084928
64084928
64084928
64084928
64084928
64084928
64084928
64084928
64084928
64084928
64084928
64084928
64084928
64084928
64084928
64084928
64084928
64084928
64084928
64084928
64084928
64084928
64084928
64084928
64084928
64084928
64084928
64084928
64084928
64084928
64084928
64084928
64084928
64084928
64084928
64084928
64084928
64084928
64084928
64084928
64084928
64084928
64084928
64084928
64084928
64084928
64084928
64084928
64084928
64084928
64084928
64084928
64084928
64084928
64084928
64084928
64084928
64084928
64084928
64084928
64084928
64084928
64084928
64084928
64084928
64084928
64084928
64084928
64084928
64084928
64084928
64084928
64084928
64084928
64084928
64084928
64084928
64084928
64084928
64084928
64084928
64084928
64084928
64084928
64084928
64084928
64084928
64084928
64084928
64084928
64084928
64084928
64084928
64084928
64084928
64084928
64084928
64084928
64084928
64084928
64084928
64084928
64084928
64084928
64084928
64084928
64084928
64084928
64084928
64084928
64084928
64084928
64084928
64084928
64084928
64084928
64084928
64084928
64084928
64084928
64084928
64084928
64084928
64084928
64084928
64084928
64084928
64084928
64084928
64084928
64084928
64084928
64084928
64084928
64084928
64084928
64084928
64084928
64084928
64084928
64084928
64084928
64084928
64084928
64084928
64084928
64084928
64084928
64084928
64084928
64084928
64084928
64084928
64084928
64084928
64084928
64084928
64084928
64084928
64084928
64084928
64084928
64084928
64084928
64084928
64084928
64084928
64084928
64084928
64084928
64084928
64084928
64084928
64084928
64084928
64084928
64084928
64084928
64084928
64084928
64084928
64084928
64084928
64084928
64084928
64084928
64084928
64084928
64084928
64084928
64084928
64084928
64084928
64084928
64084928
64084928
64084928
64084928
64084928
64084928
64084928
64084928
64084928
64084928
64084928
64084928
64084928
64084928
64084928
64084928
64084928
64084928
64084928
64084928
64084928
64084928
64084928
64084928
64084928
64084928
64084928
64084928
64084928
64084928
64084928
64084928
64084928
64084928
64084928
64084928
64084928
64084928
64084928
64084928
64084928
64084928
64084928
64084928
64084928
64084928
64084928
64084928
64084928
64084928
64084928
64084928
64084928
64084928
64084928
64084928
64084928
64084928
64084928
64084928
64084928
64084928
64084928
64084928
64084928
64084928
64084928
64084928
64084928
64084928
64084928
64084928
64084928
64084928
64084928
64084928
64084928
64084928
64084928
64084928
64084928
64084928
64084928
64084928
64084928
64084928
64084928
64084928
64084928
64084928
64084928
64084928
64084928
64084928
64084928
64084928
64084928
64084928
64084928
64084928
64084928
64084928
64084928
64084928
64084928
64084928
64084928
64084928
64084928
64084928
64084928
64084928
64084928
64084928
64084928
64084928
64084928
64084928
64084928
64084928
64084928
64084928
64084928
64084928
64084928
64084928
64084928
64084928
64084928
64084928
64084928
64084928
64084928
64084928
64084928
64084928
64084928
64084928
64084928
64084928
64084928
64084928
64084928
64084928
64084928
64084928
64084928
64084928
64084928
64084928
64084928
64084928
64084928
64084928
64084928
64084928
64084928
64084928
64084928
64084928
64084928
64084928
64084928
64084928
64084928
64084928
64084928
64084928
64084928
64084928
64084928
64084928
64084928
64084928
64084928
64084928
64084928
64084928
64084928
64084928
64084928
64084928
64084928
64084928
64084928
64084928
64084928
64084928
64084928
64084928
64084928
64084928
64084928
64084928
64084928
64084928
64084928
64084928
64084928
64084928
64084928
64084928
64084928
64084928
64084928
64084928
64084928
64084928
64084928
64084928
64084928
64084928
64084928
64084928
64084928
64084928
64084928
64084928
64084928
64084928
64084928
64084928
64084928
64084928
64084928
64084928
64084928
64084928
64084928
64084928
64084928
64084928
64084928
64084928
64084928
64084928
64084928
64084928
64084928
64084928
64084928
64084928
64084928
64084928
64084928
64084928
64084928
64084928
64084928
64084928
64084928
64084928
64084928
64084928
64084928
64084928
64084928
64084928
64084928
64084928
64084928
64084928
64084928
64084928
64084928
64084928
64084928
64084928
64084928
64084928
64084928
64084928
64084928
64084928
64084928
64084928
64084928
64084928
64084928
64084928
64084928
64084928
64084928
64084928
64084928
64084928
64084928
64084928
64084928
64084928
64084928
64084928
64084928
64084928
64084928
64084928
64084928
64084928
64084928
64084928
64084928
64084928
64084928
64084928
64084928
64084928
64084928
64084928
64084928
64084928
64084928
64084928
64084928
64084928
64084928
64084928
64084928
64084928
64084928
64084928
64084928
64084928
64084928
64084928
64084928
64084928
64084928
64084928
64084928
64084928
64084928
64084928
64084928
64084928
64084928
64084928
64084928
64084928
64084928
64084928
64084928
64084928
64084928
64084928
64084928
64084928
64084928
64084928
64084928
64084928
64084928
64084928
64084928
64084928
64084928
64084928
64084928
64084928
64084928
64084928
64084928
64084928
64084928
64084928
64084928
64084928
64084928
64084928
64084928
64084928
64084928
64084928
64084928
64084928
64084928
64084928
64084928
64084928
64084928
64084928
64084928
64084928
64084928
64084928
64084928
64084928
64084928
64084928
64084928
64084928
64084928
64084928
64084928
64084928
64084928
64084928
64084928
64084928
64084928
64084928
64084928
64084928
64084928
64084928
64084928
64084928
64084928
64084928
64084928
64084928
64084928
64084928
64084928
64084928
64084928
64084928
64084928
64084928
64084928
64084928
64084928
64084928
64084928
64084928
64084928
64084928
64084928
64084928
64084928
64084928
64084928
64084928
64084928
64084928
64084928
64084928
64084928
64084928
64084928
64084928
64084928
64084928
64084928
64084928
64084928
64084928
64084928
64084928
64084928
64084928
64084928
64084928
64084928
64084928
64084928
64084928
64084928
64084928
64084928
64084928
64084928
64084928
64084928
64084928
64084928
64084928
64084928
64084928
64084928
64084928
64084928
64084928
64084928
64084928
64084928
64084928
64084928
64084928
64084928
64084928
64084928
64084928
64084928
64084928
64084928
64084928
64084928
64084928
64084928
64084928
64084928
64084928
64084928
64084928
64084928
64084928
64084928
64084928
64084928
64084928
64084928
64084928
64084928
64084928
64084928
64084928
64084928
64084928
64084928
64084928
64084928
64084928
64084928
64084928
64084928
64084928
64084928
64084928
64084928
64084928
64084928
64084928
64084928
64084928
64084928
64084928
64084928
64084928
64084928
64084928
64084928
64084928
64084928
64084928
64084928
64084928
64084928
64084928
64084928
64084928
64084928
64084928
64084928
64084928
64084928
64084928
64084928
64084928
64084928
64084928
64084928
64084928
64084928
64084928
64084928
64084928
64084928
64084928
64084928
64084928
64084928
64084928
64084928
64084928
64084928
64084928
64084928
64084928
64084928
64084928
64084928
64084928
64084928
64084928
64084928
64084928
64084928
64084928
64084928
64084928
64084928
64084928
64084928
64084928
64084928
64084928
64084928
64084928
64084928
64084928
64084928
64084928
64084928
64084928
64084928
64084928
64084928
64084928
64084928
64084928
64084928
64084928
64084928
64084928
64084928
64084928
64084928
64084928
64084928
64084928
64084928
64084928
64084928
64084928
64084928
64084928
64084928
64084928
64084928
64084928
64084928
64084928
64084928
64084928
64084928
64084928
64084928
64084928
64084928
64084928
64084928
64084928
64084928
64084928
64084928
64084928
64084928
64084928
64084928
64084928
64084928
64084928
64084928
64084928
64084928
64084928
64084928
64084928
64084928
64084928
64084928
64084928
64084928
64084928
64084928
64084928
64084928
64084928
64084928
64084928
64084928
64084928
64084928
64084928
64084928
64084928
64084928
64084928
64084928
64084928
64084928
64084928
64084928
64084928
64084928
64084928
64084928
64084928
64084928
64084928
64084928
64084928
64084928
64084928
64084928
64084928
64084928
64084928
64084928
64084928
64084928
64084928
64084928
64084928
64084928
64084928
64084928
64084928
64084928
64084928
64084928
64084928
64084928
64084928
64084928
64084928
64084928
64084928
64084928
64084928
64084928
64084928
64084928
64084928
64084928
64084928
64084928
64084928
64084928
64084928
64084928
64084928
64084928
64084928
64084928
64084928
64084928
64084928
64084928
64084928
64084928
64084928
64084928
64084928
64084928
64084928
64084928
64084928
64084928
64084928
64084928
64084928
64084928
64084928
64084928
64084928
64084928
64084928
64084928
64084928
64084928
64084928
64084928
64084928
64084928
64084928
64084928
64084928
64084928
64084928
64084928
64084928
64084928
64084928
64084928
64084928
64084928
64084928
64084928
64084928
64084928
64084928
64084928
64084928
64084928
64084928
64084928
64084928
64084928
64084928
64084928
64084928
64084928
64084928
64084928
64084928
64084928
64084928
64084928
64084928
64084928
64084928
64084928
64084928
64084928
64084928
64084928
64084928
64084928
64084928
64084928
64084928
64084928
64084928
64084928
64084928
64084928
64084928
64084928
64084928
64084928
64084928
64084928
64084928
64084928
64084928
64084928
64084928
64084928
64084928
64084928
64084928
64084928
64084928
64084928
64084928
64084928
64084928
64084928
64084928
64084928
64084928
64084928
64084928
64084928
64084928
64084928
64084928
64084928
64084928
64084928
64084928
64084928
64084928
64084928
64084928
64084928
64084928
64084928
64084928
64084928
64084928
64084928
64084928
64084928
64084928
64084928
64084928
64084928
64084928
64084928
64084928
64084928
64084928
64084928
64084928
64084928
64084928
64084928
64084928
64084928
64084928
64084928
64084928
64084928
64084928
64084928
64084928
64084928
64084928
64084928
64084928
64084928
64084928
64084928
64084928
64084928
64084928
64084928
64084928
64084928
64084928
64084928
64084928
64084928
64084928
64084928
64084928
64084928
64084928
64084928
64084928
64084928
64084928
64084928
64084928
64084928
64084928
64084928
64084928
64084928
64084928
64084928
64084928
64084928
64084928
64084928
64084928
64084928
64084928
64084928
64084928
64084928
64084928
64084928
64084928
64084928
64084928
64084928
64084928
64084928
64084928
64084928
64084928
64084928
64084928
64084928
64084928
64084928
64084928
64084928
64084928
64084928
64084928
64084928
64084928
64084928
64084928
64084928
64084928
64084928
64084928
64084928
64084928
64084928
64084928
64084928
64084928
64084928
64084928
64084928
64084928
64084928
64084928
64084928
64084928
64084928
64084928
64084928
64084928
64084928
64084928
64084928
64084928
64084928
64084928
64084928
64084928
64084928
64084928
64084928
64084928
64084928
64084928
64084928
64084928
64084928
64084928
64084928
64084928
64084928
64084928
64084928
64084928
64084928
64084928
64084928
64084928
64084928
64084928
64084928
64084928
64084928
64084928
64084928
64084928
64084928
64084928
64084928
64084928
64084928
64084928
64084928
64084928
64084928
64084928
64084928
64084928
64084928
64084928
64084928
64084928
64084928
64084928
64084928
64084928
64084928
64084928
64084928
64084928
64084928
64084928
64084928
64084928
64084928
64084928
64084928
64084928
64084928
64084928
64084928
64084928
64084928
64084928
64084928
64084928
64084928
64084928
64084928
64084928
64084928
64084928
64084928
64084928
64084928
64084928
64084928
64084928
64084928
64084928
64084928
64084928
64084928
64084928
64084928
64084928
64084928
64084928
64084928
64084928
64084928
64084928
64084928
64084928
64084928
64084928
64084928
64084928
64084928
64084928
64084928
64084928
64084928
64084928
64084928
64084928
64084928
64084928
64084928
64084928
64084928
64084928
64084928
64084928
64084928
64084928
64084928
64084928
64084928
64084928
64084928
64084928
64084928
64084928
64084928
64084928
64084928
64084928
64084928
64084928
64084928
64084928
64084928
64084928
64084928
64084928
64084928
64084928
64084928
64084928
64084928
64084928
64084928
64084928
64084928
64084928
64084928
64084928
64084928
64084928
64084928
64084928
64084928
64084928
64084928
64084928
64084928
64084928
64084928
64084928
64084928
64084928
64084928
64084928
64084928
64084928
64084928
64084928
64084928
64084928
64084928
64084928
64084928
64084928
64084928
64084928
64084928
64084928
64084928
64084928
64084928
64084928
64084928
64084928
64084928
64084928
64084928
64084928
64084928
64084928
64084928
64084928
64084928
64084928
64084928
64084928
64084928
64084928
64084928
64084928
64084928
64084928
64084928
64084928
64084928
64084928
64084928
64084928
64084928
64084928
64084928
64084928
64084928
64084928
64084928
64084928
64084928
64084928
64084928
64084928
64084928
64084928
64084928
64084928
64084928
64084928
64084928
64084928
64084928
64084928
64084928
64084928
64084928
64084928
64084928
64084928
64084928
64084928
64084928
64084928
64084928
64084928
64084928
64084928
64084928
64084928
64084928
64084928
64084928
64084928
64084928
64084928
64084928
64084928
64084928
64084928
64084928
64084928
64084928
64084928
64084928
64084928
64084928
64084928
64084928
64084928
64084928
64084928
64084928
64084928
64084928
64084928
64084928
64084928
64084928
64084928
64084928
64084928
64084928
64084928
64084928
64084928
64084928
64084928
64084928
64084928
64084928
64084928
64084928
64084928
64084928
64084928
64084928
64084928
64084928
64084928
64084928
64084928
64084928
64084928
64084928
64084928
64084928
64084928
64084928
64084928
64084928
64084928
64084928
64084928
64084928
64084928
64084928
64084928
64084928
64084928
64084928
64084928
64084928
64084928
64084928
64084928
64084928
64084928
64084928
64084928
64084928
64084928
64084928
64084928
64084928
64084928
64084928
64084928
64084928
64084928
64084928
64084928
64084928
64084928
64084928
64084928
64084928
64084928
64084928
64084928
64084928
64084928
64084928
64084928
64084928
64084928
64084928
64084928
64084928
64084928
64084928
64084928
64084928
64084928
64084928
64084928
64084928
64084928
64084928
64084928
64084928
64084928
64084928
64084928
64084928
64084928
64084928
64084928
64084928
64084928
64084928
64084928
64084928
64084928
64084928
64084928
64084928
64084928
64084928
64084928
64084928
64084928
64084928
64084928
64084928
64084928
64084928
64084928
64084928
64084928
64084928
64084928
64084928
64084928
64084928
64084928
64084928
64084928
64084928
64084928
64084928
64084928
64084928
64084928
64084928
64084928
64084928
64084928
64084928
64084928
64084928
64084928
64084928
64084928
64084928
64084928
64084928
64084928
64084928
64084928
64084928
64084928
64084928
64084928
64084928
64084928
64084928
64084928
64084928
64084928
64084928
64084928
64084928
64084928
64084928
64084928
64084928
64084928
64084928
64084928
64084928
64084928
64084928
64084928
64084928
64084928
64084928
64084928
64084928
64084928
64084928
64084928
64084928
64084928
64084928
64084928
64084928
64084928
64084928
64084928
64084928
64084928
64084928
64084928
64084928
64084928
64084928
64084928
64084928
64084928
64084928
64084928
64084928
64084928
64084928
64084928
64084928
64084928
64084928
64084928
64084928
64084928
64084928
64084928
64084928
64084928
64084928
64084928
64084928
64084928
64084928
64084928
64084928
64084928
64084928
64084928
64084928
64084928
64084928
64084928
64084928
64084928
64084928
64084928
64084928
64084928
64084928
64084928
64084928
64084928
64084928
64084928
64084928
64084928
64084928
64084928
64084928
64084928
64084928
64084928
64084928
64084928
64084928
64084928
64084928
64084928
64084928
64084928
64084928
64084928
64084928
64084928
64084928
64084928
64084928
64084928
64084928
64084928
64084928
64084928
64084928
64084928
64084928
64084928
64084928
64084928
64084928
64084928
64084928
64084928
64084928
64084928
64084928
64084928
64084928
64084928
64084928
64084928
64084928
64084928
64084928
64084928
64084928
64084928
64084928
64084928
64084928
64084928
64084928
64084928
64084928
64084928
64084928
64084928
64084928
64084928
64084928
64084928
64084928
64084928
64084928
64084928
64084928
64084928
64084928
64084928
64084928
64084928
64084928
64084928
64084928
64084928
64084928
64084928
64084928
64084928
64084928
64084928
64084928
64084928
64084928
64084928
64084928
64084928
64084928
64084928
64084928
64084928
64084928
64084928
64084928
64084928
64084928
64084928
64084928
64084928
64084928
64084928
64084928
64084928
64084928
64084928
64084928
64084928
64084928
64084928
64084928
64084928
64084928
64084928
64084928
64084928
64084928
64084928
64084928
64084928
64084928
64084928
64084928
64084928
64084928
64084928
64084928
64084928
64084928
64084928
64084928
64084928
64084928
64084928
64084928
64084928
64084928
64084928
64084928
64084928
64084928
64084928
64084928
64084928
64084928
64084928
64084928
64084928
64084928
64084928
64084928
64084928
64084928
64084928
64084928
64084928
64084928
64084928
64084928
64084928
64084928
64084928
64084928
64084928
64084928
64084928
64084928
64084928
64084928
64084928
64084928
64084928
64084928
64084928
64084928
64084928
64084928
64084928
64084928
64084928
64084928
64084928
64084928
64084928
64084928
64084928
64084928
64084928
64084928
64084928
64084928
64084928
64084928
64084928
64084928
64084928
64084928
64084928
64084928
64084928
64084928
64084928
64084928
64084928
64084928
64084928
64084928
64084928
64084928
64084928
64084928
64084928
64084928
64084928
64084928
64084928
64084928
64084928
64084928
64084928
64084928
64084928
64084928
64084928
64084928
64084928
64084928
64084928
64084928
64084928
64084928
64084928
64084928
64084928
64084928
64084928
64084928
64084928
64084928
64084928
64084928
64084928
64084928
64084928
64084928
64084928
64084928
64084928
64084928
64084928
64084928
64084928
64084928
64084928
64084928
64084928
64084928
64084928
64084928
64084928
64084928
64084928
64084928
64084928
64084928
64084928
64084928
64084928
64084928
64084928
64084928
64084928
64084928
64084928
64084928
64084928
64084928
64084928
64084928
64084928
64084928
64084928
64084928
64084928
64084928
64084928
64084928
64084928
64084928
64084928
64084928
64084928
64084928
64084928
64084928
64084928
64084928
64084928
64084928
64084928
64084928
64084928
64084928
64084928
64084928
64084928
64084928
64084928
64084928
64084928
64084928
64084928
64084928
64084928
64084928
64084928
64084928
64084928
64084928
64084928
64084928
64084928
64084928
64084928
64084928
64084928
64084928
64084928
64084928
64084928
64084928
64084928
64084928
64084928
64084928
64084928
64084928
64084928
64084928
64084928
64084928
64084928
64084928
64084928
64084928
64084928
64084928
64084928
64084928
64084928
64084928
64084928
64084928
64084928
64084928
64084928
64084928
64084928
64084928
64084928
64084928
64084928
64084928
64084928
64084928
64084928
64084928
64084928
64084928
64084928
64084928
64084928
64084928
64084928
64084928
64084928
64084928
64084928
64084928
64084928
64084928
64084928
64084928
64084928
64084928
64084928
64084928
64084928
64084928
64084928
64084928
64084928
64084928
64084928
64084928
64084928
64084928
64084928
64084928
64084928
64084928
64084928
64084928
64084928
64084928
64084928
64084928
64084928
64084928
64084928
64084928
64084928
64084928
64084928
64084928
64084928
64084928
64084928
64084928
64084928
64084928
64084928
64084928
64084928
64084928
64084928
64084928
64084928
64084928
64084928
64084928
64084928
64084928
64084928
64084928
64084928
64084928
64084928
64084928
64084928
64084928
64084928
64084928
64084928
64084928
64084928
64084928
64084928
64084928
64084928
64084928
64084928
64084928
64084928
64084928
64084928
64084928
64084928
64084928
64084928
64084928
64084928
64084928
64084928
64084928
64084928
64084928
64084928
64084928
64084928
64084928
64084928
64084928
64084928
64084928
64084928
64084928
64084928
64084928
64084928
64084928
64084928
64084928
64084928
64084928
64084928
64084928
64084928
64084928
64084928
64084928
64084928
64084928
64084928
64084928
64084928
64084928
64084928
64084928
64084928
64084928
64084928
64084928
64084928
64084928
64084928
64084928
64084928
64084928
64084928
64084928
64084928
64084928
64084928
64084928
64084928
64084928
64084928
64084928
64084928
64084928
64084928
64084928
64084928
64084928
64084928
64084928
64084928
64084928
64084928
64084928
64084928
64084928
64084928
64084928
64084928
64084928
64084928
64084928
64084928
64084928
64084928
64084928
64084928
64084928
64084928
64084928
64084928
64084928
64084928
64084928
64084928
64084928
64084928
64084928
64084928
64084928
64084928
64084928
64084928
64084928
64084928
64084928
64084928
64084928
64084928
64084928
64084928
64084928
64084928
64084928
64084928
64084928
64084928
64084928
64084928
64084928
64084928
64084928
64084928
64084928
64084928
64084928
64084928
64084928
64084928
64084928
64084928
64084928
64084928
64084928
64084928
64084928
64084928
64084928
64084928
64084928
64084928
64084928
64084928
64084928
64084928
64084928
64084928
64084928
64084928
64084928
64084928
64084928
64084928
64084928
64084928
64084928
64084928
64084928
64084928
64084928
64084928
64084928
64084928
64084928
64084928
64084928
64084928
64084928
64084928
64084928
64084928
64084928
64084928
64084928
64084928
64084928
64084928
64084928
64084928
64084928
64084928
64084928
64084928
64084928
64084928
64084928
64084928
64084928
64084928
64084928
64084928
64084928
64084928
64084928
64084928
64084928
64084928
64084928
64084928
64084928
64084928
64084928
64084928
64084928
64084928
64084928
64084928
64084928
64084928
64084928
64084928
64084928
64084928
64084928
64084928
64084928
64084928
64084928
64084928
64084928
64084928
64084928
64084928
64084928
64084928
64084928
64084928
64084928
64084928
64084928
64084928
64084928
64084928
64084928
64084928
64084928
64084928
64084928
64084928
64084928
64084928
64084928
64084928
64084928
64084928
64084928
64084928
64084928
64084928
64084928
64084928
64084928
64084928
64084928
64084928
64084928
64084928
64084928
64084928
64084928
64084928
64084928
64084928
64084928
64084928
64084928
64084928
64084928
64084928
64084928
64084928
64084928
64084928
64084928
64084928
64084928
64084928
64084928
64084928
64084928
64084928
64084928
64084928
64084928
64084928
64084928
64084928
64084928
64084928
64084928
64084928
64084928
64084928
64084928
64084928
64084928
64084928
64084928
64084928
64084928
64084928
64084928
64084928
64084928
64084928
64084928
64084928
64084928
64084928
64084928
64084928
64084928
64084928
64084928
64084928
64084928
64084928
64084928
64084928
64084928
64084928
64084928
64084928
64084928
64084928
64084928
64084928
64084928
64084928
64084928
64084928
64084928
64084928
64084928
64084928
64084928
64084928
64084928
64084928
64084928
64084928
64084928
64084928
64084928
64084928
64084928
64084928
64084928
64084928
64084928
64084928
64084928
64084928
64084928
64084928
64084928
64084928
64084928
64084928
64084928
64084928
64084928
64084928
64084928
64084928
64084928
64084928
64084928
64084928
64084928
64084928
64084928
64084928
64084928
64084928
64084928
64084928
64084928
64084928
64084928
64084928
64084928
64084928
64084928
64084928
64084928
64084928
64084928
64084928
64084928
64084928
64084928
64084928
64084928
64084928
64084928
64084928
64084928
64084928
64084928
64084928
64084928
64084928
64084928
64084928
64084928
64084928
64084928
64084928
64084928
64084928
64084928
64084928
64084928
64084928
64084928
64084928
64084928
64084928
64084928
64084928
64084928
64084928
64084928
64084928
64084928
64084928
64084928
64084928
64084928
64084928
64084928
64084928
64084928
64084928
64084928
64084928
64084928
64084928
64084928
64084928
64084928
64084928
64084928
64084928
64084928
64084928
64084928
64084928
64084928
64084928
64084928
64084928
64084928
64084928
64084928
64084928
64084928
64084928
64084928
64084928
64084928
64084928
64084928
64084928
64084928
64084928
64084928
64084928
64084928
64084928
64084928
64084928
64084928
64084928
64084928
64084928
64084928
64084928
64084928
64084928
64084928
64084928
64084928
64084928
64084928
64084928
64084928
64084928
64084928
64084928
64084928
64084928
64084928
64084928
64084928
64084928
64084928
64084928
64084928
64084928
64084928
64084928
64084928
64084928
64084928
64084928
64084928
64084928
64084928
64084928
64084928
64084928
64084928
64084928
64084928
64084928
64084928
64084928
64084928
64084928
64084928
64084928
64084928
64084928
64084928
64084928
64084928
64084928
64084928
64084928
64084928
64084928
64084928
64084928
64084928
64084928
64084928
64084928
64084928
64084928
64084928
64084928
64084928
64084928
64084928
64084928
64084928
64084928
64084928
64084928
64084928
64084928
64084928
64084928
64084928
64084928
64084928
64084928
64084928
64084928
64084928
64084928
64084928
64084928
64084928
64084928
64084928
64084928
64084928
64084928
64084928
64084928
64084928
64084928
64084928
64084928
64084928
64084928
64084928
64084928
64084928
64084928
64084928
64084928
64084928
64084928
64084928
64084928
64084928
64084928
64084928
64084928
64084928
64084928
64084928
64084928
64084928
64084928
64084928
64084928
64084928
64084928
64084928
64084928
64084928
64084928
64084928
64084928
64084928
64084928
64084928
64084928
64084928
64084928
64084928
64084928
64084928
64084928
64084928
64084928
64084928
64084928
64084928
64084928
64084928
64084928
64084928
64084928
64084928
64084928
64084928
64084928
64084928
64084928
64084928
64084928
64084928
64084928
64084928
64084928
64084928
64084928
64084928
64084928
64084928
64084928
64084928
64084928
64084928
64084928
64084928
64084928
64084928
64084928
64084928
64084928
64084928
64084928
64084928
64084928
64084928
64084928
64084928
64084928
64084928
64084928
64084928
64084928
64084928
64084928
64084928
64084928
64084928
64084928
64084928
64084928
64084928
64084928
64084928
64084928
64084928
64084928
64084928
64084928
64084928
64084928
64084928
64084928
64084928
64084928
64084928
64084928
64084928
64084928
64084928
64084928
64084928
64084928
64084928
64084928
64084928
64084928
64084928
64084928
64084928
64084928
64084928
64084928
64084928
64084928
64084928
64084928
64084928
64084928
64084928
64084928
64084928
64084928
64084928
64084928
64084928
64084928
64084928
64084928
64084928
64084928
64084928
64084928
64084928
64084928
64084928
64084928
64084928
64084928
64084928
64084928
64084928
64084928
64084928
64084928
64084928
64084928
64084928
64084928
64084928
64084928
64084928
64084928
64084928
64084928
64084928
64084928
64084928
64084928
64084928
64084928
64084928
64084928
64084928
64084928
64084928
64084928
64084928
64084928
64084928
64084928
64084928
64084928
64084928
64084928
64084928
64084928
64084928
64084928
64084928
64084928
64084928
64084928
64084928
64084928
64084928
64084928
64084928
64084928
64084928
64084928
64084928
64084928
64084928
64084928
64084928
64084928
64084928
64084928
64084928
64084928
64084928
64084928
64084928
64084928
64084928
64084928
64084928
64084928
64084928
64084928
64084928
64084928
64084928
64084928
64084928
64084928
64084928
64084928
64084928
64084928
64084928
64084928
64084928
64084928
64084928
64084928
64084928
64084928
64084928
64084928
64084928
64084928
64084928
64084928
64084928
64084928
64084928
64084928
64084928
64084928
64084928
64084928
64084928
64084928
64084928
64084928
64084928
64084928
64084928
64084928
64084928
64084928
64084928
64084928
64084928
64084928
64084928
64084928
64084928
64084928
64084928
64084928
64084928
64084928
64084928
64084928
64084928
64084928
64084928
64084928
64084928
64084928
64084928
64084928
64084928
64084928
64084928
64084928
64084928
64084928
64084928
64084928
64084928
64084928
64084928
64084928
64084928
64084928
64084928
64084928
64084928
64084928
64084928
64084928
64084928
64084928
64084928
64084928
64084928
64084928
64084928
64084928
64084928
64084928
64084928
64084928
64084928
64084928
64084928
64084928
64084928
64084928
64084928
64084928
64084928
64084928
64084928
64084928
64084928
64084928
64084928
64084928
64084928
64084928
64084928
64084928
64084928
64084928
64084928
64084928
64084928
64084928
64084928
64084928
64084928
64084928
64084928
64084928
64084928
64084928
64084928
64084928
64084928
64084928
64084928
64084928
64084928
64084928
64084928
64084928
64084928
64084928
64084928
64084928
64084928
64084928
64084928
64084928
64084928
64084928
64084928
64084928
64084928
64084928
64084928
64084928
64084928
64084928
64084928
64084928
64084928
64084928
64084928
64084928
64084928
64084928
64084928
64084928
64084928
64084928
64084928
64084928
64084928
64084928
64084928
64084928
64084928
64084928
64084928
64084928
64084928
64084928
64084928
64084928
64084928
64084928
64084928
64084928
64084928
64084928
64084928
64084928
64084928
64084928
64084928
64084928
64084928
64084928
64084928
64084928
64084928
64084928
64084928
64084928
64084928
64084928
64084928
64084928
64084928
64084928
64084928
64084928
64084928
64084928
64084928
64084928
64084928
64084928
64084928
64084928
64084928
64084928
64084928
64084928
64084928
64084928
64084928
64084928
64084928
64084928
64084928
64084928
64084928
64084928
64084928
64084928
64084928
64084928
64084928
64084928
64084928
64084928
64084928
64084928
64084928
64084928
64084928
64084928
64084928
64084928
64084928
64084928
64084928
64084928
64084928
64084928
64084928
64084928
64084928
64084928
64084928
64084928
64084928
64084928
64084928
64084928
64084928
64084928
64084928
64084928
64084928
64084928
64084928
64084928
64084928
64084928
64084928
64084928
64084928
64084928
64084928
64084928
64084928
64084928
64084928
64084928
64084928
64084928
64084928
64084928
64084928
64084928
64084928
64084928
64084928
64084928
64084928
64084928
64084928
64084928
64084928
64084928
64084928
64084928
64084928
64084928
64084928
64084928
64084928
64084928
64084928
64084928
64084928
64084928
64084928
64084928
64084928
64084928
64084928
64084928
64084928
64084928
64084928
64084928
64084928
64084928
64084928
64084928
64084928
64084928
64084928
64084928
64084928
64084928
64084928
64084928
64084928
64084928
64084928
64084928
64084928
64084928
64084928
64084928
64084928
64084928
64084928
64084928
64084928
64084928
64084928
64084928
64084928
64084928
64084928
64084928
64084928
64084928
64084928
64084928
64084928
64084928
64084928
64084928
64084928
64084928
64084928
64084928
64084928
64084928
64084928
64084928
64084928
64084928
64084928
64084928
64084928
64084928
64084928
64084928
64084928
64084928
64084928
64084928
64084928
64084928
64084928
64084928
64084928
64084928
64084928
64084928
64084928
64084928
64084928
64084928
64084928
64084928
64084928
64084928
64084928
64084928
64084928
64084928
64084928
64084928
64084928
64084928
64084928
64084928
64084928
64084928
64084928
64084928
64084928
64084928
64084928
64084928
64084928
64084928
64084928
64084928
64084928
64084928
64084928
64084928
64084928
64084928
64084928
64084928
64084928
64084928
64084928
64084928
64084928
64084928
64084928
64084928
64084928
64084928
64084928
64084928
64084928
64084928
64084928
64084928
64084928
64084928
64084928
64084928
64084928
64084928
64084928
64084928
64084928
64084928
64084928
64084928
64084928
64084928
64084928
64084928
64084928
64084928
64084928
64084928
64084928
64084928
64084928
64084928
64084928
64084928
64084928
64084928
64084928
64084928
64084928
64084928
64084928
64084928
64084928
64084928
64084928
64084928
64084928
64084928
64084928
64084928
64084928
64084928
64084928
64084928
64084928
64084928
64084928
64084928
64084928
64084928
64084928
64084928
64084928
64084928
64084928
64084928
64084928
64084928
64084928
64084928
64084928
64084928
64084928
64084928
64084928
64084928
64084928
64084928
64084928
64084928
64084928
64084928
64084928
64084928
64084928
64084928
64084928
64084928
64084928
64084928
64084928
64084928
64084928
64084928
64084928
64084928
64084928
64084928
64084928
64084928
64084928
64084928
64084928
64084928
64084928
64084928
64084928
64084928
64084928
64084928
64084928
64084928
64084928
64084928
64084928
64084928
64084928
64084928
64084928
64084928
64084928
64084928
64084928
64084928
64084928
64084928
64084928
64084928
64084928
64084928
64084928
64084928
64084928
64084928
64084928
64084928
64084928
64084928
64084928
64084928
64084928
64084928
64084928
64084928
64084928
64084928
64084928
64084928
64084928
64084928
64084928
64084928
64084928
64084928
64084928
64084928
64084928
64084928
64084928
64084928
64084928
64084928
64084928
64084928
64084928
64084928
64084928
64084928
64084928
64084928
64084928
64084928
64084928
64084928
64084928
64084928
64084928
64084928
64084928
64084928
64084928
64084928
64084928
64084928
64084928
64084928
64084928
64084928
64084928
64084928
64084928
64084928
64084928
64084928
64084928
64084928
64084928
64084928
64084928
64084928
64084928
64084928
64084928
64084928
64084928
64084928
64084928
64084928
64084928
64084928
64084928
64084928
64084928
64084928
64084928
64084928
64084928
64084928
64084928
64084928
64084928
64084928
64084928
64084928
64084928
64084928
64084928
64084928
64084928
64084928
64084928
64084928
64084928
64084928
64084928
64084928
64084928
64084928
64084928
64084928
64084928
64084928
64084928
64084928
64084928
64084928
64084928
64084928
64084928
64084928
64084928
64084928
64084928
64084928
64084928
64084928
64084928
64084928
64084928
64084928
64084928
64084928
64084928
64084928
64084928
64084928
64084928
64084928
64084928
64084928
64084928
64084928
64084928
64084928
64084928
64084928
64084928
64084928
64084928
64084928
64084928
64084928
64084928
64084928
64084928
64084928
64084928
64084928
64084928
64084928
64084928
64084928
64084928
64084928
64084928
64084928
64084928
64084928
64084928
64084928
64084928
64084928
64084928
64084928
64084928
64084928
64084928
64084928
64084928
64084928
64084928
64084928
64084928
64084928
64084928
64084928
64084928
64084928
64084928
64084928
64084928
64084928
64084928
64084928
64084928
64084928
64084928
64084928
64084928
64084928
64084928
64084928
64084928
64084928
64084928
64084928
64084928
64084928
64084928
64084928
64084928
64084928
64084928
64084928
64084928
64084928
64084928
64084928
64084928
64084928
64084928
64084928
64084928
64084928
64084928
64084928
64084928
64084928
64084928
64084928
64084928
64084928
64084928
64084928
64084928
64084928
64084928
64084928
64084928
64084928
64084928
64084928
64084928
64084928
64084928
64084928
64084928
64084928
64084928
64084928
64084928
64084928
64084928
64084928
64084928
64084928
64084928
64084928
64084928
64084928
64084928
64084928
64084928
64084928
64084928
64084928
64084928
64084928
64084928
64084928
64084928
64084928
64084928
64084928
64084928
64084928
64084928
64084928
64084928
64084928
64084928
64084928
64084928
64084928
64084928
64084928
64084928
64084928
64084928
64084928
64084928
64084928
64084928
64084928
64084928
64084928
64084928
64084928
64084928
64084928
64084928
64084928
64084928
64084928
64084928
64084928
64084928
64084928
64084928
64084928
64084928
64084928
64084928
64084928
64084928
64084928
64084928
64084928
64084928
64084928
64084928
64084928
64084928
64084928
64084928
64084928
64084928
64084928
64084928
64084928
64084928
64084928
64084928
64084928
64084928
64084928
64084928
64084928
64084928
64084928
64084928
64084928
64084928
64084928
64084928
64084928
64084928
64084928
64084928
64084928
64084928
64084928
64084928
64084928
64084928
64084928
64084928
64084928
64084928
64084928
64084928
64084928
64084928
64084928
64084928
64084928
64084928
64084928
64084928
64084928
64084928
64084928
64084928
64084928
64084928
64084928
64084928
64084928
64084928
64084928
64084928
64084928
64084928
64084928
64084928
64084928
64084928
64084928
64084928
64084928
64084928
64084928
64084928
64084928
64084928
64084928
64084928
64084928
64084928
64084928
64084928
64084928
64084928
64084928
64084928
64084928
64084928
64084928
64084928
64084928
64084928
64084928
64084928
64084928
64084928
64084928
64084928
64084928
64084928
64084928
64084928
64084928
64084928
64084928
64084928
64084928
64084928
64084928
64084928
64084928
64084928
64084928
64084928
64084928
64084928
64084928
64084928
64084928
64084928
64084928
64084928
64084928
64084928
64084928
64084928
64084928
64084928
64084928
64084928
64084928
64084928
64084928
64084928
64084928
64084928
64084928
64084928
64084928
64084928
64084928
64084928
64084928
64084928
64084928
64084928
64084928
64084928
64084928
64084928
64084928
64084928
64084928
64084928
64084928
64084928
64084928
64084928
64084928
64084928
64084928
64084928
64084928
64084928
64084928
64084928
64084928
64084928
64084928
64084928
64084928
64084928
64084928
64084928
64084928
64084928
64084928
64084928
64084928
64084928
64084928
64084928
64084928
64084928
64084928
64084928
64084928
64084928
64084928
64084928
64084928
64084928
64084928
64084928
64084928
64084928
64084928
64084928
64084928
64084928
64084928
64084928
64084928
64084928
64084928
64084928
64084928
64084928
64084928
64084928
64084928
64084928
64084928
64084928
64084928
64084928
64084928
64084928
64084928
64084928
64084928
64084928
64084928
64084928
64084928
64084928
64084928
64084928
64084928
64084928
64084928
64084928
64084928
64084928
64084928
64084928
64084928
64084928
64084928
64084928
64084928
64084928
64084928
64084928
64084928
64084928
64084928
64084928
64084928
64084928
64084928
64084928
64084928
64084928
64084928
64084928
64084928
64084928
64084928
64084928
64084928
64084928
64084928
64084928
64084928
64084928
64084928
64084928
64084928
64084928
64084928
64084928
64084928
64084928
64084928
64084928
64084928
64084928
64084928
64084928
64084928
64084928
64084928
64084928
64084928
64084928
64084928
64084928
64084928
64084928
64084928
64084928
64084928
64084928
64084928
64084928
64084928
64084928
64084928
64084928
64084928
64084928
64084928
64084928
64084928
64084928
64084928
64084928
64084928
64084928
64084928
64084928
64084928
64084928
64084928
64084928
64084928
64084928
64084928
64084928
64084928
64084928
64084928
64084928
64084928
64084928
64084928
64084928
64084928
64084928
64084928
64084928
64084928
64084928
64084928
64084928
64084928
64084928
64084928
64084928
64084928
64084928
64084928
64084928
64084928
64084928
64084928
64084928
64084928
64084928
64084928
64084928
64084928
64084928
64084928
64084928
64084928
64084928
64084928
64084928
64084928
64084928
64084928
64084928
64084928
64084928
64084928
64084928
64084928
64084928
64084928
64084928
64084928
64084928
64084928
64084928
64084928
64084928
64084928
64084928
64084928
64084928
64084928
64084928
64084928
64084928
64084928
64084928
64084928
64084928
64084928
64084928
64084928
64084928
64084928
64084928
64084928
64084928
64084928
64084928
64084928
64084928
64084928
64084928
64084928
64084928
64084928
64084928
64084928
64084928
64084928
64084928
64084928
64084928
64084928
64084928
64084928
64084928
64084928
64084928
64084928
64084928
64084928
64084928
64084928
64084928
64084928
64084928
64084928
64084928
64084928
64084928
64084928
64084928
64084928
64084928
64084928
64084928
64084928
64084928
64084928
64084928
64084928
64084928
64084928
64084928
64084928
64084928
64084928
64084928
64084928
64084928
64084928
64084928
64084928
64084928
64084928
64084928
64084928
64084928
64084928
64084928
64084928
64084928
64084928
64084928
64084928
64084928
64084928
64084928
64084928
64084928
64084928
64084928
64084928
64084928
64084928
64084928
64084928
64084928
64084928
64084928
64084928
64084928
64084928
64084928
64084928
64084928
64084928
64084928
64084928
64084928
64084928
64084928
64084928
64084928
64084928
64084928
64084928
64084928
64084928
64084928
64084928
64084928
64084928
64084928
64084928
64084928
64084928
64084928
64084928
64084928
64084928
64084928
64084928
64084928
64084928
64084928
64084928
64084928
64084928
64084928
64084928
64084928
64084928
64084928
64084928
64084928
64084928
64084928
64084928
64084928
64084928
64084928
64084928
64084928
64084928
64084928
64084928
64084928
64084928
64084928
64084928
64084928
64084928
64084928
64084928
64084928
64084928
64084928
64084928
64084928
64084928
64084928
64084928
64084928
64084928
64084928
64084928
64084928
64084928
64084928
64084928
64084928
64084928
64084928
64084928
64084928
64084928
64084928
64084928
64084928
64084928
64084928
64084928
64084928
64084928
64084928
64084928
64084928
64084928
64084928
64084928
64084928
64084928
64084928
64084928
64084928
64084928
64084928
64084928
64084928
64084928
64084928
64084928
64084928
64084928
64084928
64084928
64084928
64084928
64084928
64084928
64084928
64084928
64084928
64084928
64084928
64084928
64084928
64084928
64084928
64084928
64084928
64084928
64084928
64084928
64084928
64084928
64084928
64084928
64084928
64084928
64084928
64084928
64084928
64084928
64084928
64084928
64084928
64084928
64084928
64084928
64084928
64084928
64084928
64084928
64084928
64084928
64084928
64084928
64084928
64084928
64084928
64084928
64084928
64084928
64084928
64084928
64084928
64084928
64084928
64084928
64084928
64084928
64084928
64084928
64084928
64084928
64084928
64084928
64084928
64084928
64084928
64084928
64084928
64084928
64084928
64084928
64084928
64084928
64084928
64084928
64084928
64084928
64084928
64084928
64084928
64084928
64084928
64084928
64084928
64084928
64084928
64084928
64084928
64084928
64084928
64084928
64084928
64084928
64084928
64084928
64084928
64084928
64084928
64084928
64084928
64084928
64084928
64084928
64084928
64084928
64084928
64084928
64084928
64084928
64084928
64084928
64084928
64084928
64084928
64084928
64084928
64084928
64084928
64084928
64084928
64084928
64084928
64084928
64084928
64084928
64084928
64084928
64084928
64084928
64084928
64084928
64084928
64084928
64084928
64084928
64084928
64084928
64084928
64084928
64084928
64084928
64084928
64084928
64084928
64084928
64084928
64084928
64084928
64084928
64084928
64084928
64084928
64084928
64084928
64084928
64084928
64084928
64084928
64084928
64084928
64084928
64084928
64084928
64084928
64084928
64084928
64084928
64084928
64084928
64084928
64084928
64084928
64084928
64084928
64084928
64084928
64084928
64084928
64084928
64084928
64084928
64084928
64084928
64084928
64084928
64084928
64084928
64084928
64084928
64084928
64084928
64084928
64084928
64084928
64084928
64084928
64084928
64084928
64084928
64084928
64084928
64084928
64084928
64084928
64084928
64084928
64084928
64084928
64084928
64084928
64084928
64084928
64084928
64084928
64084928
64084928
64084928
64084928
64084928
64084928
64084928
64084928
64084928
64084928
64084928
64084928
64084928
64084928
64084928
64084928
64084928
64084928
64084928
64084928
64084928
64084928
64084928
64084928
64084928
64084928
64084928
64084928
64084928
64084928
64084928
64084928
64084928
64084928
64084928
64084928
64084928
64084928
64084928
64084928
64084928
64084928
64084928
64084928
64084928
64084928
64084928
64084928
64084928
64084928
64084928
64084928
64084928
64084928
64084928
64084928
64084928
64084928
64084928
64084928
64084928
64084928
64084928
64084928
64084928
64084928
64084928
64084928
64084928
64084928
64084928
64084928
64084928
64084928
64084928
64084928
64084928
64084928
64084928
64084928
64084928
64084928
64084928
64084928
64084928
64084928
64084928
64084928
64084928
64084928
64084928
64084928
64084928
64084928
64084928
64084928
64084928
64084928
64084928
64084928
64084928
64084928
64084928
64084928
64084928
64084928
64084928
64084928
64084928
64084928
64084928
64084928
64084928
64084928
64084928
64084928
64084928
64084928
64084928
64084928
64084928
64084928
64084928
64084928
64084928
64084928
64084928
64084928
64084928
64084928
64084928
64084928
64084928
64084928
64084928
64084928
64084928
64084928
64084928
64084928
64084928
64084928
64084928
64084928
64084928
64084928
64084928
64084928
64084928
64084928
64084928
64084928
64084928
64084928
64084928
64084928
64084928
64084928
64084928
64084928
64084928
64084928
64084928
64084928
64084928
64084928
64084928
64084928
64084928
64084928
64084928
64084928
64084928
64084928
64084928
64084928
64084928
64084928
64084928
64084928
64084928
64084928
64084928
64084928
64084928
64084928
64084928
64084928
64084928
64084928
64084928
64084928
64084928
64084928
64084928
64084928
64084928
64084928
64084928
64084928
64084928
64084928
64084928
64084928
64084928
64084928
64084928
64084928
64084928
64084928
64084928
64084928
64084928
64084928
64084928
64084928
64084928
64084928
64084928
64084928
64084928
64084928
64084928
64084928
64084928
64084928
64084928
64084928
64084928
64084928
64084928
64084928
64084928
64084928
64084928
64084928
64084928
64084928
64084928
64084928
64084928
64084928
64084928
64084928
64084928
64084928
64084928
64084928
64084928
64084928
64084928
64084928
64084928
64084928
64084928
64084928
64084928
64084928
64084928
64084928
64084928
64084928
64084928
64084928
64084928
64084928
64084928
64084928
64084928
64084928
64084928
64084928
64084928
64084928
64084928
64084928
64084928
64084928
64084928
64084928
64084928
64084928
64084928
64084928
64084928
64084928
64084928
64084928
64084928
64084928
64084928
64084928
64084928
64084928
64084928
64084928
64084928
64084928
64084928
64084928
64084928
64084928
64084928
64084928
64084928
64084928
64084928
64084928
64084928
64084928
64084928
64084928
64084928
64084928
64084928
64084928
64084928
64084928
64084928
64084928
64084928
64084928
64084928
64084928
64084928
64084928
64084928
64084928
64084928
64084928
64084928
64084928
64084928
64084928
64084928
64084928
64084928
64084928
64084928
64084928
64084928
64084928
64084928
64084928
64084928
64084928
64084928
64084928
64084928
64084928
64084928
64084928
64084928
64084928
64084928
64084928
64084928
64084928
64084928
64084928
64084928
64084928
64084928
64084928
64084928
64084928
64084928
64084928
64084928
64084928
64084928
64084928
64084928
64084928
64084928
64084928
64084928
64084928
64084928
64084928
64084928
64084928
64084928
64084928
64084928
64084928
64084928
64084928
64084928
64084928
64084928
64084928
64084928
64084928
64084928
64084928
64084928
64084928
64084928
64084928
64084928
64084928
64084928
64084928
64084928
64084928
64084928
64084928
64084928
64084928
64084928
64084928
64084928
64084928
64084928
64084928
64084928
64084928
64084928
64084928
64084928
64084928
64084928
64084928
64084928
64084928
64084928
64084928
64084928
64084928
64084928
64084928
64084928
64084928
64084928
64084928
64084928
64084928
64084928
64084928
64084928
64084928
64084928
64084928
64084928
64084928
64084928
64084928
64084928
64084928
64084928
64084928
64084928
64084928
64084928
64084928
64084928
64084928
64084928
64084928
64084928
64084928
64084928
64084928
64084928
64084928
64084928
64084928
64084928
64084928
64084928
64084928
64084928
64084928
64084928
64084928
64084928
64084928
64084928
64084928
64084928
64084928
64084928
64084928
64084928
64084928
64084928
64084928
64084928
64084928
64084928
64084928
64084928
64084928
64084928
64084928
64084928
64084928
64084928
64084928
64084928
64084928
64084928
64084928
64084928
64084928
64084928
64084928
64084928
64084928
64084928
64084928
64084928
64084928
64084928
64084928
64084928
64084928
64084928
64084928
64084928
64084928
64084928
64084928
64084928
64084928
64084928
64084928
64084928
64084928
64084928
64084928
64084928
64084928
64084928
64084928
64084928
64084928
64084928
64084928
64084928
64084928
64084928
64084928
64084928
64084928
64084928
64084928
64084928
64084928
64084928
64084928
64084928
64084928
64084928
64084928
64084928
64084928
64084928
64084928
64084928
64084928
64084928
64084928
64084928
64084928
64084928
64084928
64084928
64084928
64084928
64084928
64084928
64084928
64084928
64084928
64084928
64084928
64084928
64084928
64084928
64084928
64084928
64084928
64084928
64084928
64084928
64084928
64084928
64084928
64084928
64084928
64084928
64084928
64084928
64084928
64084928
64084928
64084928
64084928
64084928
64084928
64084928
64084928
64084928
64084928
64084928
64084928
64084928
64084928
64084928
64084928
64084928
64084928
64084928
64084928
64084928
64084928
64084928
64084928
64084928
64084928
64084928
64084928
64084928
64084928
64084928
64084928
64084928
64084928
64084928
64084928
64084928
64084928
64084928
64084928
64084928
64084928
64084928
64084928
64084928
64084928
64084928
64084928
64084928
64084928
64084928
64084928
64084928
64084928
64084928
64084928
64084928
64084928
64084928
64084928
64084928
64084928
64084928
64084928
64084928
64084928
64084928
64084928
64084928
64084928
64084928
64084928
64084928
64084928
64084928
64084928
64084928
64084928
64084928
64084928
64084928
64084928
64084928
64084928
64084928
64084928
64084928
64084928
64084928
64084928
64084928
64084928
64084928
64084928
64084928
64084928
64084928
64084928
64084928
64084928
64084928
64084928
64084928
64084928
64084928
64084928
64084928
64084928
64084928
64084928
64084928
64084928
64084928
64084928
64084928
64084928
64084928
64084928
64084928
64084928
64084928
64084928
64084928
64084928
64084928
64084928
64084928
64084928
64084928
64084928
64084928
64084928
64084928
64084928
64084928
64084928
64084928
64084928
64084928
64084928
64084928
64084928
64084928
64084928
64084928
64084928
64084928
64084928
64084928
64084928
64084928
64084928
64084928
64084928
64084928
64084928
64084928
64084928
64084928
64084928
64084928
64084928
64084928
64084928
64084928
64084928
64084928
64084928
64084928
64084928
64084928
64084928
64084928
64084928
64084928
64084928
64084928
64084928
64084928
64084928
64084928
64084928
64084928
64084928
64084928
64084928
64084928
64084928
64084928
64084928
64084928
64084928
64084928
64084928
64084928
64084928
64084928
64084928
64084928
64084928
64084928
64084928
64084928
64084928
64084928
64084928
64084928
64084928
64084928
64084928
64084928
64084928
64084928
64084928
64084928
64084928
64084928
64084928
64084928
64084928
64084928
64084928
64084928
64084928
64084928
64084928
64084928
64084928
64084928
64084928
64084928
64084928
64084928
64084928
64084928
64084928
64084928
64084928
64084928
64084928
64084928
64084928
64084928
64084928
64084928
64084928
64084928
64084928
64084928
64084928
64084928
64084928
64084928
64084928
64084928
64084928
64084928
64084928
64084928
64084928
64084928
64084928
64084928
64084928
64084928
64084928
64084928
64084928
64084928
64084928
64084928
64084928
64084928
64084928
64084928
64084928
64084928
64084928
64084928
64084928
64084928
64084928
64084928
64084928
64084928
64084928
64084928
64084928
64084928
64084928
64084928
64084928
64084928
64084928
64084928
64084928
64084928
64084928
64084928
64084928
64084928
64084928
64084928
64084928
64084928
64084928
64084928
64084928
64084928
64084928
64084928
64084928
64084928
64084928
64084928
64084928
64084928
64084928
64084928
64084928
64084928
64084928
64084928
64084928
64084928
64084928
64084928
64084928
64084928
64084928
64084928
64084928
64084928
64084928
64084928
64084928
64084928
64084928
64084928
64084928
64084928
64084928
64084928
64084928
64084928
64084928
64084928
64084928
64084928
64084928
64084928
64084928
64084928
64084928
64084928
64084928
64084928
64084928
64084928
64084928
64084928
64084928
64084928
64084928
64084928
64084928
64084928
64084928
64084928
64084928
64084928
64084928
64084928
64084928
64084928
64084928
64084928
64084928
64084928
64084928
64084928
64084928
64084928
64084928
64084928
64084928
64084928
64084928
64084928
64084928
64084928
64084928
64084928
64084928
64084928
64084928
64084928
64084928
64084928
64084928
64084928
64084928
64084928
64084928
64084928
64084928
64084928
64084928
64084928
64084928
64084928
64084928
64084928
64084928
64084928
64084928
64084928
64084928
64084928
64084928
64084928
64084928
64084928
64084928
64084928
64084928
64084928
64084928
64084928
64084928
64084928
64084928
64084928
64084928
64084928
64084928
64084928
64084928
64084928
64084928
64084928
64084928
64084928
64084928
64084928
64084928
64084928
64084928
64084928
64084928
64084928
64084928
64084928
64084928
64084928
64084928
64084928
64084928
64084928
64084928
64084928
64084928
64084928
64084928
64084928
64084928
64084928
64084928
64084928
64084928
64084928
64084928
64084928
64084928
64084928
64084928
64084928
64084928
64084928
64084928
64084928
64084928
64084928
64084928
64084928
64084928
64084928
64084928
64084928
64084928
64084928
64084928
64084928
64084928
64084928
64084928
64084928
64084928
64084928
64084928
64084928
64084928
64084928
64084928
64084928
64084928
64084928
64084928
64084928
64084928
64084928
64084928
64084928
64084928
64084928
64084928
64084928
64084928
64084928
64084928
64084928
64084928
64084928
64084928
64084928
64084928
64084928
64084928
64084928
64084928
64084928
64084928
64084928
64084928
64084928
64084928
64084928
64084928
64084928
64084928
64084928
64084928
64084928
64084928
64084928
64084928
64084928
64084928
64084928
64084928
64084928
64084928
64084928
64084928
64084928
64084928
64084928
64084928
64084928
64084928
64084928
64084928
64084928
64084928
64084928
64084928
64084928
64084928
64084928
64084928
64084928
64084928
64084928
64084928
64084928
64084928
64084928
64084928
64084928
64084928
64084928
64084928
64084928
64084928
64084928
64084928
64084928
64084928
64084928
64084928
64084928
64084928
64084928
64084928
64084928
64084928
64084928
64084928
64084928
64084928
64084928
64084928
64084928
64084928
64084928
64084928
64084928
64084928
64084928
64084928
64084928
64084928
64084928
64084928
64084928
64084928
64084928
64084928
64084928
64084928
64084928
64084928
64084928
64084928
64084928
64084928
64084928
64084928
64084928
64084928
64084928
64084928
64084928
64084928
64084928
64084928
64084928
64084928
64084928
64084928
64084928
64084928
64084928
64084928
64084928
64084928
64084928
64084928
64084928
64084928
64084928
64084928
64084928
64084928
64084928
64084928
64084928
64084928
64084928
64084928
64084928
64084928
64084928
64084928
64084928
64084928
64084928
64084928
64084928
64084928
64084928
64084928
64084928
64084928
64084928
64084928
64084928
64084928
64084928
64084928
64084928
64084928
64084928
64084928
64084928
64084928
64084928
64084928
64084928
64084928
64084928
64084928
64084928
64084928
64084928
64084928
64084928
64084928
64084928
64084928
64084928
64084928
64084928
64084928
64084928
64084928
64084928
64084928
64084928
64084928
64084928
64084928
64084928
64084928
64084928
64084928
64084928
64084928
64084928
64084928
64084928
64084928
64084928
64084928
64084928
64084928
64084928
64084928
64084928
64084928
64084928
64084928
64084928
64084928
64084928
64084928
64084928
64084928
64084928
64084928
64084928
64084928
64084928
64084928
64084928
64084928
64084928
64084928
64084928
64084928
64084928
64084928
64084928
64084928
64084928
64084928
64084928
64084928
64084928
64084928
64084928
64084928
64084928
64084928
64084928
64084928
64084928
64084928
64084928
64084928
64084928
64084928
64084928
64084928
64084928
64084928
64084928
64084928
64084928
64084928
64084928
64084928
64084928
64084928
64084928
64084928
64084928
64084928
64084928
64084928
64084928
64084928
64084928
64084928
64084928
64084928
64084928
64084928
64084928
64084928
64084928
64084928
64084928
64084928
64084928
64084928
64084928
64084928
64084928
64084928
64084928
64084928
64084928
64084928
64084928
64084928
64084928
64084928
64084928
64084928
64084928
64084928
64084928
64084928
64084928
64084928
64084928
64084928
64084928
64084928
64084928
64084928
64084928
64084928
64084928
64084928
64084928
64084928
64084928
64084928
64084928
64084928
64084928
64084928
64084928
64084928
64084928
64084928
64084928
64084928
64084928
64084928
64084928
64084928
64084928
64084928
64084928
64084928
64084928
64084928
64084928
64084928
64084928
64084928
64084928
64084928
64084928
64084928
64084928
64084928
64084928
64084928
64084928
64084928
64084928
64084928
64084928
64084928
64084928
64084928
64084928
64084928
64084928
64084928
64084928
64084928
64084928
64084928
64084928
64084928
64084928
64084928
64084928
64084928
64084928
64084928
64084928
64084928
64084928
64084928
64084928
64084928
64084928
64084928
64084928
64084928
64084928
64084928
64084928
64084928
64084928
64084928
64084928
64084928
64084928
64084928
64084928
64084928
64084928
64084928
64084928
64084928
64084928
64084928
64084928
64084928
64084928
64084928
64084928
64084928
64084928
64084928
64084928
64084928
64084928
64084928
64084928
64084928
64084928
64084928
64084928
64084928
64084928
64084928
64084928
64084928
64084928
64084928
64084928
64084928
64084928
64084928
64084928
64084928
64084928
64084928
64084928
64084928
64084928
64084928
64084928
64084928
64084928
64084928
64084928
64084928
64084928
64084928
64084928
64084928
64084928
64084928
64084928
64084928
64084928
64084928
64084928
64084928
64084928
64084928
64084928
64084928
64084928
64084928
64084928
64084928
64084928
64084928
64084928
64084928
64084928
64084928
64084928
64084928
64084928
64084928
64084928
64084928
64084928
64084928
64084928
64084928
64084928
64084928
64084928
64084928
64084928
64084928
64084928
64084928
64084928
64084928
64084928
64084928
64084928
64084928
64084928
64084928
64084928
64084928
64084928
64084928
64084928
64084928
64084928
64084928
64084928
64084928
64084928
64084928
64084928
64084928
64084928
64084928
64084928
64084928
64084928
64084928
64084928
64084928
64084928
64084928
64084928
64084928
64084928
64084928
64084928
64084928
64084928
64084928
64084928
64084928
64084928
64084928
64084928
64084928
64084928
64084928
64084928
64084928
64084928
64084928
64084928
64084928
64084928
64084928
64084928
64084928
64084928
64084928
64084928
64084928
64084928
64084928
64084928
64084928
64084928
64084928
64084928
64084928
64084928
64084928
64084928
64084928
64084928
64084928
64084928
64084928
64084928
64084928
64084928
64084928
64084928
64084928
64084928
64084928
64084928
64084928
64084928
64084928
64084928
64084928
64084928
64084928
64084928
64084928
64084928
64084928
64084928
64084928
64084928
64084928
64084928
64084928
64084928
64084928
64084928
64084928
64084928
64084928
64084928
64084928
64084928
64084928
64084928
64084928
64084928
64084928
64084928
64084928
64084928
64084928
64084928
64084928
64084928
64084928
64084928
64084928
64084928
64084928
64084928
64084928
64084928
64084928
64084928
64084928
64084928
64084928
64084928
64084928
64084928
64084928
64084928
64084928
64084928
64084928
64084928
64084928
64084928
64084928
64084928
64084928
64084928
64084928
64084928
64084928
64084928
64084928
64084928
64084928
64084928
64084928
64084928
64084928
64084928
64084928
64084928
64084928
64084928
64084928
64084928
64084928
64084928
64084928
64084928
64084928
64084928
64084928
64084928
64084928
64084928
64084928
64084928
64084928
64084928
64084928
64084928
64084928
64084928
64084928
64084928
64084928
64084928
64084928
64084928
64084928
64084928
64084928
64084928
64084928
64084928
64084928
64084928
64084928
64084928
64084928
64084928
64084928
64084928
64084928
64084928
64084928
64084928
64084928
64084928
64084928
64084928
64084928
64084928
64084928
64084928
64084928
64084928
64084928
64084928
64084928
64084928
64084928
64084928
64084928
64084928
64084928
64084928
64084928
64084928
64084928
64084928
64084928
64084928
64084928
64084928
64084928
64084928
64084928
64084928
64084928
64084928
64084928
64084928
64084928
64084928
64084928
64084928
64084928
64084928
64084928
64084928
64084928
64084928
64084928
64084928
64084928
64084928
64084928
64084928
64084928
64084928
64084928
64084928
64084928
64084928
64084928
64084928
64084928
64084928
64084928
64084928
64084928
64084928
64084928
64084928
64084928
64084928
64084928
64084928
64084928
64084928
64084928
64084928
64084928
64084928
64084928
64084928
64084928
64084928
64084928
64084928
64084928
64084928
64084928
64084928
64084928
64084928
64084928
64084928
64084928
64084928
64084928
64084928
64084928
64084928
64084928
64084928
64084928
64084928
64084928
64084928
64084928
64084928
64084928
64084928
64084928
64084928
64084928
64084928
64084928
64084928
64084928
64084928
64084928
64084928
64084928
64084928
64084928
64084928
64084928
64084928
64084928
64084928
64084928
64084928
64084928
64084928
64084928
64084928
64084928
64084928
64084928
64084928
64084928
64084928
64084928
64084928
64084928
64084928
64084928
64084928
64084928
64084928
64084928
64084928
64084928
64084928
64084928
64084928
64084928
64084928
64084928
64084928
64084928
64084928
64084928
64084928
64084928
64084928
64084928
64084928
64084928
64084928
64084928
64084928
64084928
64084928
64084928
64084928
64084928
64084928
64084928
64084928
64084928
64084928
64084928
64084928
64084928
64084928
64084928
64084928
64084928
64084928
64084928
64084928
64084928
64084928
64084928
64084928
64084928
64084928
64084928
64084928
64084928
64084928
64084928
64084928
64084928
64084928
64084928
64084928
64084928
64084928
64084928
64084928
64084928
64084928
64084928
64084928
64084928
64084928
64084928
64084928
64084928
64084928
64084928
64084928
64084928
64084928
64084928
64084928
64084928
64084928
64084928
64084928
64084928
64084928
64084928
64084928
64084928
64084928
64084928
64084928
64084928
64084928
64084928
64084928
64084928
64084928
64084928
64084928
64084928
64084928
64084928
64084928
64084928
64084928
64084928
64084928
64084928
64084928
64084928
64084928
64084928
64084928
64084928
64084928
64084928
64084928
64084928
64084928
64084928
64084928
64084928
64084928
64084928
64084928
64084928
64084928
64084928
64084928
64084928
64084928
64084928
64084928
64084928
64084928
64084928
64084928
64084928
64084928
64084928
64084928
64084928
64084928
64084928
64084928
64084928
64084928
64084928
64084928
64084928
64084928
64084928
64084928
64084928
64084928
64084928
64084928
64084928
64084928
64084928
64084928
64084928
64084928
64084928
64084928
64084928
64084928
64084928
64084928
64084928
64084928
64084928
64084928
64084928
64084928
64084928
64084928
64084928
64084928
64084928
64084928
64084928
64084928
64084928
64084928
64084928
64084928
64084928
64084928
64084928
64084928
64084928
64084928
64084928
64084928
64084928
64084928
64084928
64084928
64084928
64084928
64084928
64084928
64084928
64084928
64084928
64084928
64084928
64084928
64084928
64084928
64084928
64084928
64084928
64084928
64084928
64084928
64084928
64084928
64084928
64084928
64084928
64084928
64084928
64084928
64084928
64084928
64084928
64084928
64084928
64084928
64084928
64084928
64084928
64084928
64084928
64084928
64084928
64084928
64084928
64084928
64084928
64084928
64084928
64084928
64084928
64084928
64084928
64084928
64084928
64084928
64084928
64084928
64084928
64084928
64084928
64084928
64084928
64084928
64084928
64084928
64084928
64084928
64084928
64084928
64084928
64084928
64084928
64084928
64084928
64084928
64084928
64084928
64084928
64084928
64084928
64084928
64084928
64084928
64084928
64084928
64084928
64084928
64084928
64084928
64084928
64084928
64084928
64084928
64084928
64084928
64084928
64084928
64084928
64084928
64084928
64084928
64084928
64084928
64084928
64084928
64084928
64084928
64084928
64084928
64084928
64084928
64084928
64084928
64084928
64084928
64084928
64084928
64084928
64084928
64084928
64084928
64084928
64084928
64084928
64084928
64084928
64084928
64084928
64084928
64084928
64084928
64084928
64084928
64084928
64084928
64084928
64084928
64084928
64084928
64084928
64084928
64084928
64084928
64084928
64084928
64084928
64084928
64084928
64084928
64084928
64084928
64084928
64084928
64084928
64084928
64084928
64084928
64084928
64084928
64084928
64084928
64084928
64084928
64084928
64084928
64084928
64084928
64084928
64084928
64084928
64084928
64084928
64084928
64084928
64084928
64084928
64084928
64084928
64084928
64084928
64084928
64084928
64084928
64084928
64084928
64084928
64084928
64084928
64084928
64084928
64084928
64084928
64084928
64084928
64084928
64084928
64084928
64084928
64084928
64084928
64084928
64084928
64084928
64084928
64084928
64084928
64084928
64084928
64084928
64084928
64084928
64084928
64084928
64084928
64084928
64084928
64084928
64084928
64084928
64084928
64084928
64084928
64084928
64084928
64084928
64084928
64084928
64084928
64084928
64084928
64084928
64084928
64084928
64084928
64084928
64084928
64084928
64084928
64084928
64084928
64084928
64084928
64084928
64084928
64084928
64084928
64084928
64084928
64084928
64084928
64084928
64084928
64084928
64084928
64084928
64084928
64084928
64084928
64084928
64084928
64084928
64084928
64084928
64084928
64084928
64084928
64084928
64084928
64084928
64084928
64084928
64084928
64084928
64084928
64084928
64084928
64084928
64084928
64084928
64084928
64084928
64084928
64084928
64084928
64084928
64084928
64084928
64084928
64084928
64084928
64084928
64084928
64084928
64084928
64084928
64084928
64084928
64084928
64084928
64084928
64084928
64084928
64084928
64084928
64084928
64084928
64084928
64084928
64084928
64084928
64084928
64084928
64084928
64084928
64084928
64084928
64084928
64084928
64084928
64084928
64084928
64084928
64084928
64084928
64084928
64084928
64084928
64084928
64084928
64084928
64084928
64084928
64084928
64084928
64084928
64084928
64084928
64084928
64084928
64084928
64084928
64084928
64084928
64084928
64084928
64084928
64084928
64084928
64084928
64084928
64084928
64084928
64084928
64084928
64084928
64084928
64084928
64084928
64084928
64084928
64084928
64084928
64084928
64084928
64084928
64084928
64084928
64084928
64084928
64084928
64084928
64084928
64084928
64084928
64084928
64084928
64084928
64084928
64084928
64084928
64084928
64084928
64084928
64084928
64084928
64084928
64084928
64084928
64084928
64084928
64084928
64084928
64084928
64084928
64084928
64084928
64084928
64084928
64084928
64084928
64084928
64084928
64084928
64084928
64084928
64084928
64084928
64084928
64084928
64084928
64084928
64084928
64084928
64084928
64084928
64084928
64084928
64084928
64084928
64084928
64084928
64084928
64084928
64084928
64084928
64084928
64084928
64084928
64084928
64084928
64084928
64084928
64084928
64084928
64084928
64084928
64084928
64084928
64084928
64084928
64084928
64084928
64084928
64084928
64084928
64084928
64084928
64084928
64084928
64084928
64084928
64084928
64084928
64084928
64084928
64084928
64084928
64084928
64084928
64084928
64084928
64084928
64084928
64084928
64084928
64084928
64084928
64084928
64084928
64084928
64084928
64084928
64084928
64084928
64084928
64084928
64084928
64084928
64084928
64084928
64084928
64084928
64084928
64084928
64084928
64084928
64084928
64084928
64084928
64084928
64084928
64084928
64084928
64084928
64084928
64084928
64084928
64084928
64084928
64084928
64084928
64084928
64084928
64084928
64084928
64084928
64084928
64084928
64084928
64084928
64084928
64084928
64084928
64084928
64084928
64084928
64084928
64084928
64084928
64084928
64084928
64084928
64084928
64084928
64084928
64084928
64084928
64084928
64084928
64084928
64084928
64084928
64084928
64084928
64084928
64084928
64084928
64084928
64084928
64084928
64084928
64084928
64084928
64084928
64084928
64084928
64084928
64084928
64084928
64084928
64084928
64084928
64084928
64084928
64084928
64084928
64084928
64084928
64084928
64084928
64084928
64084928
64084928
64084928
64084928
64084928
64084928
64084928
64084928
64084928
64084928
64084928
64084928
64084928
64084928
64084928
64084928
64084928
64084928
64084928
64084928
64084928
64084928
64084928
64084928
64084928
64084928
64084928
64084928
64084928
64084928
64084928
64084928
64084928
64084928
64084928
64084928
64084928
64084928
64084928
64084928
64084928
64084928
64084928
64084928
64084928
64084928
64084928
64084928
64084928
64084928
64084928
64084928
64084928
64084928
64084928
64084928
64084928
64084928
64084928
64084928
64084928
64084928
64084928
64084928
64084928
64084928
64084928
64084928
64084928
64084928
64084928
64084928
64084928
64084928
64084928
64084928
64084928
64084928
64084928
64084928
64084928
64084928
64084928
64084928
64084928
64084928
64084928
64084928
64084928
64084928
64084928
64084928
64084928
64084928
64084928
64084928
64084928
64084928
64084928
64084928
64084928
64084928
64084928
64084928
64084928
64084928
64084928
64084928
64084928
64084928
64084928
64084928
64084928
64084928
64084928
64084928
64084928
64084928
64084928
64084928
64084928
64084928
64084928
64084928
64084928
64084928
64084928
64084928
64084928
64084928
64084928
64084928
64084928
64084928
64084928
64084928
64084928
64084928
64084928
64084928
64084928
64084928
64084928
64084928
64084928
64084928
64084928
64084928
64084928
64084928
64084928
64084928
64084928
64084928
64084928
64084928
64084928
64084928
64084928
64084928
64084928
64084928
64084928
64084928
64084928
64084928
64084928
64084928
64084928
64084928
64084928
64084928
64084928
64084928
64084928
64084928
64084928
64084928
64084928
64084928
64084928
64084928
64084928
64084928
64084928
64084928
64084928
64084928
64084928
64084928
64084928
64084928
64084928
64084928
64084928
64084928
64084928
64084928
64084928
64084928
64084928
64084928
64084928
64084928
64084928
64084928
64084928
64084928
64084928
64084928
64084928
64084928
64084928
64084928
64084928
64084928
64084928
64084928
64084928
64084928
64084928
64084928
64084928
64084928
64084928
64084928
64084928
64084928
64084928
64084928
64084928
64084928
64084928
64084928
64084928
64084928
64084928
64084928
64084928
64084928
64084928
64084928
64084928
64084928
64084928
64084928
64084928
64084928
64084928
64084928
64084928
64084928
64084928
64084928
64084928
64084928
64084928
64084928
64084928
64084928
64084928
64084928
64084928
64084928
64084928
64084928
64084928
64084928
64084928
64084928
64084928
64084928
64084928
64084928
64084928
64084928
64084928
64084928
64084928
64084928
64084928
64084928
64084928
64084928
64084928
64084928
64084928
64084928
64084928
64084928
64084928
64084928
64084928
64084928
64084928
64084928
64084928
64084928
64084928
64084928
64084928
64084928
64084928
64084928
64084928
64084928
64084928
64084928
64084928
64084928
64084928
64084928
64084928
64084928
64084928
64084928
64084928
64084928
64084928
64084928
64084928
64084928
64084928
64084928
64084928
64084928
64084928
64084928
64084928
64084928
64084928
64084928
64084928
64084928
64084928
64084928
64084928
64084928
64084928
64084928
64084928
64084928
64084928
64084928
64084928
64084928
64084928
64084928
64084928
64084928
64084928
64084928
64084928
64084928
64084928
64084928
64084928
64084928
64084928
64084928
64084928
64084928
64084928
64084928
64084928
64084928
64084928
64084928
64084928
64084928
64084928
64084928
64084928
64084928
64084928
64084928
64084928
64084928
64084928
64084928
64084928
64084928
64084928
64084928
64084928
64084928
64084928
64084928
64084928
64084928
64084928
64084928
64084928
64084928
64084928
64084928
64084928
64084928
64084928
64084928
64084928
64084928
64084928
64084928
64084928
64084928
64084928
64084928
64084928
64084928
64084928
64084928
64084928
64084928
64084928
64084928
64084928
64084928
64084928
64084928
64084928
64084928
64084928
64084928
64084928
64084928
64084928
64084928
64084928
64084928
64084928
64084928
64084928
64084928
64084928
64084928
64084928
64084928
64084928
64084928
64084928
64084928
64084928
64084928
64084928
64084928
64084928
64084928
64084928
64084928
64084928
64084928
64084928
64084928
64084928
64084928
64084928
64084928
64084928
64084928
64084928
64084928
64084928
64084928
64084928
64084928
64084928
64084928
64084928
64084928
64084928
64084928
64084928
64084928
64084928
64084928
64084928
64084928
64084928
64084928
64084928
64084928
64084928
64084928
64084928
64084928
64084928
64084928
64084928
64084928
64084928
64084928
64084928
64084928
64084928
64084928
64084928
