-- begin_signature
-- mem_data(NADDRE
-- 5669
-- NBDATA
-- 32
-- FNAME
-- "C:/Users/Ricardo/Documents/Dissertacao/Aurora/proc_banco/Hardware/proc_banco_data.mif")
-- end_signature
WIDTH=32;
DEPTH=5669;

ADDRESS_RADIX=UNS;
DATA_RADIX=BIN;

CONTENT BEGIN
	5668 :	00000000000011110100001001000000;
	5667 :	00000000000000000000000000110010;
	5666 :	01000000000000000000000000000000;
	5665 :	01000000000000000000000000000000;
	5664 :	00000000000000000000000000000000;
	5663 :	00000000000000000000000000000000;
	5662 :	00000000000000000000000000000000;
	5661 :	00000000000000000000000000000000;
	5660 :	00000000000000000000000000000000;
	5659 :	00000000000000000000000000000000;
	5658 :	00000000000000000000000000000000;
	5657 :	00000000000000000000000000000000;
	5656 :	00000000000000000000000000000000;
	5655 :	01000000000000000000000000000000;
	5654 :	00000000000000000000000000000000;
	5653 :	00000000000000000000000000000000;
	5652 :	00000000000000000000000000000010;
	5651 :	00000000000000000000000000000011;
	5650 :	00000000000000000000000000000100;
	5649 :	00000000000000000000000000000101;
	5648 :	00000000000000000000000000000110;
	5647 :	00000000000000000000000000000111;
	5646 :	00000000000000000000000000000000;
	5645 :	00000000000000000000000000000000;
	5644 :	01111110111110100001001000000000;
	5643 :	00000000000000000000000000000000;
	5642 :	01000000000000000000000000000000;
	5641 :	00000000000000000000000000000001;
	5640 :	00000000000000000000000000000000;
	5639 :	00000000000000000000000000000000;
	5638 :	00000000000000000000000100000000;
	5637 :	00000000000000000000000000000000;
	5636 :	01100011011010110011111110101100;
	5635 :	01101101010011010011010010100010;
	5634 :	11101110110000000101100100101000;
	5633 :	01101111010101001101001000001000;
	5632 :	01110000111100100100000101000001;
	5631 :	01101111010011101010101100101101;
	5630 :	11101110011110110110100010110011;
	5629 :	01101101010010101011011011001001;
	5628 :	01100011011010110011101110010100;
	5627 :	01101101010011100111011101111001;
	5626 :	11101110110000011010111001000011;
	5625 :	01101111010101111110111011111100;
	5624 :	01110000111100100011111100100110;
	5623 :	01101111010010111010000101010101;
	5622 :	11101110011110001100100101110101;
	5621 :	01101101010010010111101111011000;
	5620 :	01100011011010110011010110100010;
	5619 :	01101101010011111011110011100001;
	5618 :	11101110110000110000010100011101;
	5617 :	01101111010110110001001000111111;
	5616 :	01110000111100100011101110100010;
	5615 :	01101111010010001001110111101100;
	5614 :	11101110011101100010111000000101;
	5613 :	01101101010010000100001110011010;
	5612 :	01100011011010110010111001100111;
	5611 :	01101101010100010000010011001111;
	5610 :	11101110110001000101110110101100;
	5609 :	01101111010111100011101111001000;
	5608 :	01110000111100100011011010111000;
	5607 :	01101111010001011010000011111001;
	5606 :	11101110011100111001011001111001;
	5605 :	01101101010001110000111000010110;
	5604 :	01100011011010110010011100101010;
	5603 :	01101101010100100100111100111001;
	5602 :	11101110110001011011011111100101;
	5601 :	01101111011000010110101110001110;
	5600 :	01110000111100100011000001100101;
	5599 :	01101111010000101010101010000010;
	5598 :	11101110011100010000001011100001;
	5597 :	01101101010001011101101101010100;
	5596 :	01100011011010110010001001100000;
	5595 :	01101101010100111001110000010110;
	5594 :	11101110110001110001001110111101;
	5593 :	01101111011001001010000110001001;
	5592 :	01110000111100100010100010101011;
	5591 :	01101110111111110111010100011111;
	5590 :	11101110011011100111001101010000;
	5589 :	01101101010001001010101101011011;
	5588 :	01100011011010110010010000111110;
	5587 :	01101101010101001110101101011011;
	5586 :	11101110110010000111000100101010;
	5585 :	01101111011001111101110110101111;
	5584 :	01110000111100100001111110001011;
	5583 :	01101110111110011010001001001111;
	5582 :	11101110011010111110011111011001;
	5581 :	01101101010000110111111000110001;
	5580 :	01100011011010110011001101101011;
	5579 :	01101101010101100011110011111100;
	5578 :	11101110110010011101000000011110;
	5577 :	01101111011010110001111111110111;
	5576 :	01110000111100100001010100000011;
	5575 :	01101110111100111101110010100000;
	5574 :	11101110011010010110000010001101;
	5573 :	01101101010000100101001111011101;
	5572 :	01100011011010110101100111000101;
	5571 :	01101101010101111001000011101111;
	5570 :	11101110110010110011000010001111;
	5569 :	01101111011011100110100001010110;
	5568 :	01110000111100100000100100010101;
	5567 :	01101110111011100010010000100000;
	5566 :	11101110011001101101110101111100;
	5565 :	01101101010000010010110001100100;
	5564 :	01100011011010111010010101010101;
	5563 :	01101101010110001110011100100110;
	5562 :	11101110110011001001001001110010;
	5561 :	01101111011100011011011011000100;
	5560 :	01110000111100011111101111000000;
	5559 :	01101110111010000111100011011010;
	5558 :	11101110011001000101111010110111;
	5557 :	01101101010000000000011111001100;
	5556 :	01100011011011000010100101001001;
	5555 :	01101101010110100011111110010111;
	5554 :	11101110110011011111010110111001;
	5553 :	01101111011101010000101100110111;
	5552 :	01110000111100011110110100000110;
	5551 :	01101110111000101101101011011011;
	5550 :	11101110011000011110010001001111;
	5549 :	01101100111111011100110000110110;
	5548 :	01100011011011001111111100100001;
	5547 :	01101101010110111001101000110100;
	5546 :	11101110110011110101101001011001;
	5545 :	01101111011110000110010110100011;
	5544 :	01110000111100011101110011100110;
	5543 :	01101110110111010100101000101100;
	5542 :	11101110010111110110111001010011;
	5541 :	01101100111110111000111010101011;
	5540 :	01100011011011100100011111100110;
	5539 :	01101101010111001111011011110000;
	5538 :	11101110110100001100000001000110;
	5537 :	01101111011110111100010111111110;
	5536 :	01110000111100011100101101100001;
	5535 :	01101110110101111100011011011000;
	5534 :	11101110010111001111110011010011;
	5533 :	01101100111110010101011100000001;
	5532 :	01100011011100000010110110001011;
	5531 :	01101101010111100101010110111110;
	5530 :	11101110110100100010011101110010;
	5529 :	01101111011111110010110000111101;
	5528 :	01110000111100011011100001110111;
	5527 :	01101110110100100101000011101011;
	5526 :	11101110010110101000111111011110;
	5525 :	01101100111101110010010100111111;
	5524 :	01100011011100101110010001011110;
	5523 :	01101101010111111011011010010000;
	5522 :	11101110110100111000111111010001;
	5521 :	01101111110000010100110000101011;
	5520 :	01110000111100011010010000101001;
	5519 :	01101110110011001110100001101101;
	5518 :	11101110010110000010011110000010;
	5517 :	01101100111101001111100101101110;
	5516 :	01100011011101101010110010011111;
	5515 :	01101101011000010001100101010111;
	5514 :	11101110110101001111100101010101;
	5513 :	01101111110000110000010100011111;
	5512 :	01110000111100011000111001111000;
	5511 :	01101110110001111000110101101000;
	5510 :	11101110010101011100001111001110;
	5509 :	01101100111100101101001110010100;
	5508 :	01100011011110111101010000101100;
	5507 :	01101101011000100111111000000101;
	5506 :	11101110110101100110001111110010;
	5505 :	01101111110001001100000011110100;
	5504 :	01110000111100010111011101100100;
	5503 :	01101110110000100011111111100100;
	5502 :	11101110010100110110010011001111;
	5501 :	01101100111100001011001110111010;
	5500 :	01100011110000010101110000100110;
	5499 :	01101101011000111110010010001011;
	5498 :	11101110110101111100111110011010;
	5497 :	01101111110001100111111110100100;
	5496 :	01110000111100010101111011101101;
	5495 :	01101110011110011111111111010100;
	5494 :	11101110010100010000101010010011;
	5493 :	01101100111011101001100111100101;
	5492 :	01100011110001011110001111001000;
	5491 :	01101101011001010100110011011001;
	5490 :	11101110110110010011110001000000;
	5489 :	01101111110010000100000100101010;
	5488 :	01110000111100010100010100010100;
	5487 :	01101110011011111001101100000101;
	5486 :	11101110010011101011010100100111;
	5485 :	01101100111011001000011000011010;
	5484 :	01100011110010111100000111101010;
	5483 :	01101101011001101011011011011111;
	5482 :	11101110110110101010100111010100;
	5481 :	01101111110010100000010110000000;
	5480 :	01110000111100010010100111011010;
	5479 :	01101110011001010101000101100111;
	5478 :	11101110010011000110010010011000;
	5477 :	01101100111010100111100001011111;
	5476 :	01100011110100110100001000101101;
	5475 :	01101101011010000010001010001100;
	5474 :	11101110110111000001100001001010;
	5473 :	01101111110010111100110010011111;
	5472 :	01110000111100010000110101000000;
	5471 :	01101110010110110010001100001011;
	5470 :	11101110010010100001100011110001;
	5469 :	01101100111010000111000010110111;
	5468 :	01100011110111001011101111111100;
	5467 :	01101101011010011000111111010001;
	5466 :	11101110110111011000011110010011;
	5465 :	01101111110011011001011010000001;
	5464 :	01110000111100001110111101000111;
	5463 :	01101110010100010000111111111100;
	5462 :	11101110010001111101001000111111;
	5461 :	01101100111001100110111100100111;
	5460 :	01100011111010001001001110110011;
	5459 :	01101101011010101111111010011011;
	5458 :	11101110110111101111011110100001;
	5457 :	01101111110011110110001100100000;
	5456 :	01110000111100001100111111101110;
	5455 :	01101110010001110001100001001000;
	5454 :	11101110010001011001000010001101;
	5453 :	01101100111001000111001110110010;
	5452 :	01100011111101110011101111010100;
	5451 :	01101101011011000110111011011001;
	5450 :	11101110111000000110100001100100;
	5449 :	01101111110100010011001001110100;
	5448 :	01110000111100001010111100111000;
	5447 :	01101101111110100111011111110001;
	5446 :	11101110010000110101001111100110;
	5445 :	01101100111000100111111001011010;
	5444 :	01100100010001001001101100100010;
	5443 :	01101101011011011110000001111000;
	5442 :	11101110111000011101100111001111;
	5441 :	01101111110100110000010001111000;
	5440 :	01110000111100001000110100100100;
	5439 :	01101101111001101111011000110010;
	5438 :	11101110010000010001110001010101;
	5437 :	01101100111000001000111100100001;
	5436 :	01100100010011111000101011001100;
	5435 :	01101101011011110101001101100111;
	5434 :	11101110111000110100101111010001;
	5433 :	01101111110101001101100100100110;
	5432 :	01110000111100000110100110110100;
	5431 :	01101101110100111010101101100110;
	5430 :	11101101111111011101001111000111;
	5429 :	01101100110111101010011000001010;
	5428 :	01100100010111001011111100110110;
	5427 :	01101101011100001100011110010010;
	5426 :	11101110111001001011111001011100;
	5425 :	01101111110101101011000001110101;
	5424 :	01110000111100000100010011101001;
	5423 :	01101101110000001001011110011111;
	5422 :	11101101111110010111100100111001;
	5421 :	01101100110111001100001100010101;
	5420 :	01100100011011001001010001100010;
	5419 :	01101101011100100011110011100110;
	5418 :	11101110111001100011000101011111;
	5417 :	01101111110110001000101001011111;
	5416 :	01110000111100000001111011000011;
	5415 :	01101101010110110111010111011000;
	5414 :	11101101111101010010100100010011;
	5413 :	01101100110110101110011001000010;
	5412 :	01100100011111110111000010111111;
	5411 :	01101101011100111011001101001111;
	5410 :	11101110111001111010010011001100;
	5409 :	01101111110110100110011011011101;
	5408 :	01110000111011111111011101000100;
	5407 :	01101100111011000101010101101011;
	5406 :	11101101111100001110001101100110;
	5405 :	01101100110110010000111110010001;
	5404 :	01100100110010101110001011110100;
	5403 :	01101101011101010010101010111000;
	5402 :	11101110111010010001100010010010;
	5401 :	01101111110111000100010111100111;
	5400 :	01110000111011111100111001101101;
	5399 :	01101100010001010011011110111101;
	5398 :	11101101111011001010100001000101;
	5397 :	01101100110101110011111100000011;
	5396 :	01100100110110000000100010110000;
	5395 :	01101101011101101010001100001101;
	5394 :	11101110111010101000110010100010;
	5393 :	01101111110111100010011101111000;
	5392 :	01110000111011111010010000111111;
	5391 :	11101100010011001000000110010110;
	5390 :	11101101111010000111011111000000;
	5389 :	01101100110101010111010010010110;
	5388 :	01100100111001110110111010110010;
	5387 :	01101101011110000001110000111001;
	5386 :	11101110111011000000000011101010;
	5385 :	01101111111000000000101110000110;
	5384 :	01110000111011110111100010111010;
	5383 :	11101100111011100100000001101111;
	5382 :	11101101111001000101000111100111;
	5381 :	01101100110100111011000001001000;
	5380 :	01100100111110010110000011010111;
	5379 :	01101101011110011001011000100110;
	5378 :	11101110111011010111010101011011;
	5377 :	01101111111000011111001000001100;
	5376 :	01110000111011110100101111100001;
	5375 :	11101101010110101011000101111001;
	5374 :	11101101111000000011011011001001;
	5373 :	01101100110100011111001000011000;
	5372 :	01100101010001110001100100010100;
	5371 :	01101101011110110001000010111110;
	5370 :	11101110111011101110100111100100;
	5369 :	01101111111000111101101100000000;
	5368 :	01110000111011110001110110110100;
	5367 :	11101101011111011101010000011110;
	5366 :	11101101110111000010011001110110;
	5365 :	01101100110100000011101000000011;
	5364 :	01100101010100110001111010100001;
	5363 :	01101101011111001000101111101010;
	5362 :	11101110111100000101111001110100;
	5361 :	01101111111001011100011001011100;
	5360 :	01110000111011101110111000110100;
	5359 :	11101101110100000100010000010001;
	5358 :	11101101110110000010000011111100;
	5357 :	01101100110011101000100000000111;
	5356 :	01100101011000001111001001100100;
	5355 :	01101101011111100000011110010011;
	5354 :	11101110111100011101001011111001;
	5353 :	01101111111001111011010000011000;
	5352 :	01110000111011101011110101100010;
	5351 :	11101101111000010110011010111111;
	5350 :	11101101110101000010011001100111;
	5349 :	01101100110011001101110000011111;
	5348 :	01100101011100001100100111101001;
	5347 :	01101101011111111000001110100010;
	5346 :	11101110111100110100011101100011;
	5345 :	01101111111010011010010000101011;
	5344 :	01110000111011101000101101000001;
	5343 :	11101101111100100101001000011011;
	5342 :	11101101110100000011011011000100;
	5341 :	01101100110010110011011001001001;
	5340 :	01100101110000010110111110011000;
	5339 :	01101101110000001000000000000000;
	5338 :	11101110111101001011101110100000;
	5337 :	01101111111010111001011010001110;
	5336 :	01110000111011100101011111010001;
	5335 :	11101110010000011000001100010010;
	5334 :	11101101110011000101001000011111;
	5333 :	01101100110010011001011010000000;
	5332 :	01100101110010111011100001110011;
	5331 :	01101101110000010011111001001010;
	5330 :	11101110111101100010111110011111;
	5329 :	01101111111011011000101100111001;
	5328 :	01110000111011100010001100010100;
	5327 :	11101110010010011100000101101111;
	5326 :	11101101110010000111100010000011;
	5325 :	01101100110001111111110010111111;
	5324 :	01100101110101110110000101010010;
	5323 :	01101101110000011111110010100010;
	5322 :	11101110111101111010001101001101;
	5321 :	01101111111011111000001000100100;
	5320 :	01110000111011011110110100001010;
	5319 :	11101110010100011110010000101000;
	5318 :	11101101110001001010100111111011;
	5317 :	01101100110001100110100100000010;
	5316 :	01100101111001001000111010010101;
	5315 :	01101101110000101011101011111100;
	5314 :	11101110111110010001011010011000;
	5313 :	01101111111100010111101101000101;
	5312 :	01110000111011011011010110110110;
	5311 :	11101110010110011110101100111110;
	5310 :	11101101110000001110011010010000;
	5309 :	01101100110001001101101101000010;
	5308 :	01100101111100110110011101001101;
	5307 :	01101101110000110111100101001011;
	5306 :	11101110111110101000100101101111;
	5305 :	01101111111100110111011010010110;
	5304 :	01110000111011010111110100011001;
	5303 :	11101110011000011101011010110111;
	5302 :	11101101011110100101110010010101;
	5301 :	01101100110000110101001101111011;
	5300 :	01100110010000100000101010101111;
	5299 :	01101101110001000011011110000011;
	5298 :	11101110111110111111101110111111;
	5297 :	01101111111101010111010000001101;
	5296 :	01110000111011010100001100110100;
	5295 :	11101110011010011010011010010111;
	5294 :	11101101011100110000001001101001;
	5293 :	01101100110000011101000110100110;
	5292 :	01100110010010110110001011001111;
	5291 :	01101101110001001111010110010101;
	5290 :	11101110111111010110110101110110;
	5289 :	01101111111101110111001110100001;
	5288 :	01110000111011010000100000001001;
	5287 :	11101110011100010101101011100100;
	5286 :	11101101011010111011111010101001;
	5285 :	01101100110000000101010110111100;
	5284 :	01100110010101011101001111111000;
	5283 :	01101101110001011011001101110100;
	5282 :	11101110111111101101111010000000;
	5281 :	01101111111110010111010101001011;
	5280 :	01110000111011001100101110011010;
	5279 :	11101110011110001111001110100100;
	5278 :	11101101011001001001000101100100;
	5277 :	01101100011111011011111101101110;
	5276 :	01100110011000010111011110111000;
	5275 :	01101101110001100111000100010011;
	5274 :	11101111010000000010011101100101;
	5273 :	01101111111110110111100100000001;
	5272 :	01110000111011001000110111100111;
	5271 :	11101110110000000011100001110000;
	5270 :	11101101010111010111101010100110;
	5269 :	01101100011110101101111100011110;
	5268 :	01100110011011100110100101000100;
	5267 :	01101101110001110010111001100100;
	5266 :	11101111010000001101111100100001;
	5265 :	01101111111111010111111010111010;
	5264 :	01110000111011000100111011110011;
	5263 :	11101110110000111110100101001111;
	5262 :	11101101010101100111101001111100;
	5261 :	01101100011110000000101001111010;
	5260 :	01100110011111001100010110001100;
	5259 :	01101101110001111110101101011000;
	5258 :	11101111010000011001011001101010;
	5257 :	01101111111111111000011001101110;
	5256 :	01110000111011000000111010111111;
	5255 :	11101110110001111000110001110011;
	5254 :	11101101010011111001000011101110;
	5253 :	01101100011101010100000101110001;
	5252 :	01100110110001100101010110100110;
	5251 :	01101101110010001010011111100001;
	5250 :	11101111010000100100110100110111;
	5249 :	01110000010000001100100000001010;
	5248 :	01110000111010111100110101001110;
	5247 :	11101110110010110010000111100010;
	5246 :	11101101010010001011111000000111;
	5245 :	01101100011100101000001111110010;
	5244 :	01100110110011110001110110001110;
	5243 :	01101101110010010110001111110001;
	5242 :	11101111010000110000001101111101;
	5241 :	01110000010000011100110111010001;
	5240 :	01110000111010111000101010011111;
	5239 :	11101110110011101010100110100010;
	5238 :	11101101010000100000000111001101;
	5237 :	01101100011011111101000111101101;
	5236 :	01100110110110001100101110111111;
	5235 :	01101101110010100001111101111000;
	5234 :	11101111010000111011100100110011;
	5233 :	01110000010000101101010010000111;
	5232 :	01110000111010110100011010110110;
	5231 :	11101110110100100010001110110110;
	5230 :	11101100111101101011100010001100;
	5229 :	01101100011011010010101101010000;
	5228 :	01100110111000110111001001111101;
	5227 :	01101101110010101101101001101001;
	5226 :	11101111010001000110111001001111;
	5225 :	01110000010000111101110000101000;
	5224 :	01110000111010110000000110010100;
	5223 :	11101110110101011001000000100110;
	5222 :	11101100111010011001101011110001;
	5221 :	01101100011010101001000000001000;
	5220 :	01100110111011110010010100010001;
	5219 :	01101101110010111001010010110010;
	5218 :	11101111010001010010001011000110;
	5217 :	01110000010001001110010010101111;
	5216 :	01110000111010101011101100111100;
	5215 :	11101110110110001110111011111000;
	5214 :	11101100110111001010101011010000;
	5213 :	01101100011010000000000000000011;
	5212 :	01100110111110111111011111010101;
	5211 :	01101101110011000100111001000101;
	5210 :	11101111010001011101011010001110;
	5209 :	01110000010001011110111000010111;
	5208 :	01110000111010100111001110101101;
	5207 :	11101110110111000100000000110011;
	5206 :	11101100110011111110100000101101;
	5205 :	01101100011001010111101100101100;
	5204 :	01100111010001010000000000011111;
	5203 :	01101101110011010000011100010011;
	5202 :	11101111010001101000100110011110;
	5201 :	01110000010001101111100001011100;
	5200 :	01110000111010100010101011101100;
	5199 :	11101110110111111000001111011101;
	5198 :	11101100110000110101001100001100;
	5197 :	01101100011000110000000101110000;
	5196 :	01100111010011001010101001110010;
	5195 :	01101101110011011011111100001011;
	5194 :	11101111010001110011101111101011;
	5193 :	01110000010010000000001101111001;
	5192 :	01110000111010011110000011111001;
	5191 :	11101110111000101011100111111110;
	5190 :	11101100011011011101011011011001;
	5189 :	01101100011000001001001010111010;
	5188 :	01100111010101010000011011000100;
	5187 :	01101101110011100111011000011101;
	5186 :	11101111010001111110110101101010;
	5185 :	01110000010010010000111101101000;
	5184 :	01110000111010011001010111010110;
	5183 :	11101110111001011110001010011111;
	5182 :	11101100010101010110001010011010;
	5181 :	01101100010111100010111011110101;
	5180 :	01100111010111100010000110010001;
	5179 :	01101101110011110010110000111001;
	5178 :	11101111010010001001111000010001;
	5177 :	01110000010010100001110000100110;
	5176 :	01110000111010010100100110000101;
	5175 :	11101110111010001111110111000111;
	5174 :	11101011111110101001001010100100;
	5173 :	01101100010110111101011000001011;
	5172 :	01100111011010000000011111110100;
	5171 :	01101101110011111110000101001111;
	5170 :	11101111010010010100110111010110;
	5169 :	01110000010010110010100110101100;
	5168 :	01110000111010001111110000001001;
	5167 :	11101110111011000000101101111110;
	5166 :	11101011110010110001010111101001;
	5165 :	01101100010110011000011111100110;
	5164 :	01100111011100101100011110101000;
	5163 :	01101101110100001001010101001101;
	5162 :	11101111010010011111110010101101;
	5161 :	01110000010011000011011111110110;
	5160 :	01110000111010001010110101100100;
	5159 :	11101110111011110000101111001111;
	5158 :	11101010111100010011101101111011;
	5157 :	01101100010101110100010001110000;
	5156 :	01100111011111100110111100010100;
	5155 :	01101101110100010100100000100010;
	5154 :	11101111010010101010101010001101;
	5153 :	01110000010011010100011011111111;
	5152 :	01110000111010000101110110010110;
	5151 :	11101110111100011111111011000010;
	5150 :	01101010110001110000101010011111;
	5149 :	01101100010101010000101110010001;
	5148 :	01100111110001011000011010100101;
	5147 :	01101101110100011111100110111110;
	5146 :	11101111010010110101011101101010;
	5145 :	01110000010011100101011011000001;
	5144 :	01110000111010000000110010100011;
	5143 :	11101110111101001110010001100001;
	5142 :	01101011011111100011110110111111;
	5141 :	01101100010100101101110100110010;
	5140 :	01100111110011000101100100000101;
	5139 :	01101101110100101010101000001111;
	5138 :	11101111010011000000001100111001;
	5137 :	01110000010011110110011100111000;
	5136 :	01110000111001111011101010001101;
	5135 :	11101110111101111011110010110110;
	5134 :	01101011111010111100011000000111;
	5133 :	01101100010100001011100100111100;
	5132 :	01100111110100111011011011100110;
	5131 :	01101101110100110101100100000100;
	5130 :	11101111010011001010110111110000;
	5129 :	01110000010100000111100001011111;
	5128 :	01110000111001110110011101010101;
	5127 :	11101110111110101000011111001100;
	5126 :	01101100010010111101110000110010;
	5125 :	01101100010011101001111110010101;
	5124 :	01100111110110111010100011100001;
	5123 :	01101101110101000000011010001010;
	5122 :	11101111010011010101011110000011;
	5121 :	01110000010100011000101000101111;
	5120 :	01110000111001110001001011111110;
	5119 :	11101110111111010100010110101100;
	5118 :	01101100011000010111101100100100;
	5117 :	01101100010011001001000000100110;
	5116 :	01100111111001000011011111101101;
	5115 :	01101101110101001011001010010000;
	5114 :	11101111010011011111111111101000;
	5113 :	01110000010100101001110010100100;
	5112 :	01110000111001101011110110001010;
	5111 :	11101110111111111111011001100010;
	5110 :	01101100011101101100000000000101;
	5109 :	01101100010010101000101011010110;
	5108 :	01100111111011010110110101100100;
	5107 :	01101101110101010101110100000100;
	5106 :	11101111010011101010011100010011;
	5105 :	01110000010100111010111110111001;
	5104 :	01110000111001100110011011111011;
	5103 :	11101111010000010100110011111101;
	5102 :	01101100110001011101010110000010;
	5101 :	01101100010010001000111110001010;
	5100 :	01100111111101110101001100000001;
	5099 :	01101101110101100000010111010010;
	5098 :	11101111010011110100110011111001;
	5097 :	01110000010101001100001101101001;
	5096 :	01110000111001100000111101010011;
	5095 :	11101111010000101001100001000000;
	5094 :	01101100110100000001111000101100;
	5093 :	01101100010001101001111000101010;
	5092 :	01101000010000001111100101110100;
	5091 :	01101101110101101010110011101001;
	5090 :	11101111010011111111000110001111;
	5089 :	01110000010101011101011110101101;
	5088 :	01110000111001011011011010010110;
	5087 :	11101111010000111101110011111111;
	5086 :	01101100110110100011101000011011;
	5085 :	01101100010001001011011010011100;
	5084 :	01101000010001101010101111010001;
	5083 :	01101101110101110101001000110110;
	5082 :	11101111010100001001010011001010;
	5081 :	01110000010101101110110010000000;
	5080 :	01110000111001010101110011000100;
	5079 :	11101111010001010001101101000001;
	5078 :	01101100111001000010100101101111;
	5077 :	01101100010000101101100011000101;
	5076 :	01101000010011001100011000010001;
	5075 :	01101101110101111111010110100110;
	5074 :	11101111010100010011011010011101;
	5073 :	01110000010110000000000111011110;
	5072 :	01110000111001010000000111100000;
	5071 :	11101111010001100101001100001101;
	5070 :	01101100111011011110110001000110;
	5069 :	01101100010000010000010010001011;
	5068 :	01101000010100110100110111100111;
	5067 :	01101101110110001001011100100101;
	5066 :	11101111010100011101011011111110;
	5065 :	01110000010110010001011111000000;
	5064 :	01110000111001001010010111101100;
	5063 :	11101111010001111000010001101000;
	5062 :	01101100111101111000001011000100;
	5061 :	01101011111111100111001110100101;
	5060 :	01101000010110100100100100111000;
	5059 :	01101101110110010011011010100001;
	5058 :	11101111010100100111010111100010;
	5057 :	01110000010110100010111000100001;
	5056 :	01110000111001000100100011101100;
	5055 :	11101111010010001010111101011001;
	5054 :	01101101010000000111011010000110;
	5053 :	01101011111110101111000100000011;
	5052 :	01101000011000011011111000100101;
	5051 :	01101101110110011101010000000101;
	5050 :	11101111010100110001001100111011;
	5049 :	01110000010110110100010011111011;
	5048 :	01110000111000111110101011100001;
	5047 :	11101111010010011101001111101000;
	5046 :	01101101010001010001010110100010;
	5045 :	01101011111101111000000011111000;
	5044 :	01101000011010011011001100001000;
	5043 :	01101101110110100110111100111110;
	5042 :	11101111010100111010111100000000;
	5041 :	01110000010111000101110001001010;
	5040 :	01110000111000111000101111001110;
	5039 :	11101111010010101111001000011011;
	5038 :	01101101010010011001111011001010;
	5037 :	01101011111101000010001101001110;
	5036 :	01101000011100100010111001110101;
	5035 :	01101101110110110000100000111001;
	5034 :	11101111010101000100100100100011;
	5033 :	01110000010111010111010000000110;
	5032 :	01110000111000110010101110110100;
	5031 :	11101111010011000000100111111001;
	5030 :	01101101010011100001001000010010;
	5029 :	01101011111100001101011111001110;
	5028 :	01101000011110110011011100111010;
	5027 :	01101101110110111001111011100000;
	5026 :	11101111010101001110000110011010;
	5025 :	01110000010111101000110000101011;
	5024 :	01110000111000101100101010010111;
	5023 :	11101111010011010001101110001010;
	5022 :	01101101010100100110111110010001;
	5021 :	01101011111011011001111000111111;
	5020 :	01101000110000100110101000110010;
	5019 :	01101101110111000011001100100001;
	5018 :	11101111010101010111100001011001;
	5017 :	01110000010111111010010010110100;
	5016 :	01110000111000100110100001111010;
	5015 :	11101111010011100010011011010101;
	5014 :	01101101010101101011011101011100;
	5013 :	01101011111010100111011001101010;
	5012 :	01101000110001111000011010011110;
	5011 :	01101101110111001100010011100101;
	5010 :	11101111010101100000110101010011;
	5009 :	01110000011000001011110110011001;
	5008 :	01110000111000100000010101011101;
	5007 :	11101111010011110010101111100010;
	5006 :	01101101010110101110100110001100;
	5005 :	01101011111001110110000000010110;
	5004 :	01101000110011001111010010100101;
	5003 :	01101101110111010101010000011010;
	5002 :	11101111010101101010000001111101;
	5001 :	01110000011000011101011011010110;
	5000 :	01110000111000011010000101000101;
	4999 :	11101111010100000010101010111000;
	4998 :	01101101010111110000011000111000;
	4997 :	01101011111001000101101100001010;
	4996 :	01101000110100101011100000101010;
	4995 :	01101101110111011110000010101001;
	4994 :	11101111010101110011000111001011;
	4993 :	01110000011000101111000001100100;
	4992 :	01110000111000010011110000110100;
	4991 :	11101111010100010010001101011111;
	4990 :	01101101011000110000110101111010;
	4989 :	01101011111000010110011100001110;
	4988 :	01101000110110001101010100110010;
	4987 :	01101101110111100110101001111111;
	4986 :	11101111010101111100000100110000;
	4985 :	01110000011001000000101000111111;
	4984 :	01110000111000001101011000101011;
	4983 :	11101111010100100001010111100000;
	4982 :	01101101011001101111111101101100;
	4981 :	01101011110111101000001111101001;
	4980 :	01101000110111110100111111100001;
	4979 :	01101101110111101111000110000110;
	4978 :	11101111010110000100111010100001;
	4977 :	01110000011001010010010001011111;
	4976 :	01110000111000000110111100101111;
	4975 :	11101111010100110000001001000010;
	4974 :	01101101011010101101110000100111;
	4973 :	01101011110110111011000101100001;
	4972 :	01101000111001100010110001111101;
	4971 :	01101101110111110111010110101000;
	4970 :	11101111010110001101101000010010;
	4969 :	01110000011001100011111011000000;
	4968 :	01110000111000000000011101000000;
	4967 :	11101111010100111110100010001110;
	4966 :	01101101011011101010001111001000;
	4965 :	01101011110110001110111100111100;
	4964 :	01101000111011010110111101101101;
	4963 :	01101101110111111111011011010001;
	4962 :	11101111010110010110001101110110;
	4961 :	01110000011001110101100101011011;
	4960 :	01110000110111111001111001100011;
	4959 :	11101111010101001100100011001100;
	4958 :	01101101011100100101011001101100;
	4957 :	01101011110101100011110101000010;
	4956 :	01101000111101010001110100111011;
	4955 :	01101101111000000111010011101011;
	4954 :	11101111010110011110101011000010;
	4953 :	01110000011010000111010000101010;
	4952 :	01110000110111110011010010011001;
	4951 :	11101111010101011010001100000101;
	4950 :	01101101011101011111010000101110;
	4949 :	01101011110100111001101100110111;
	4948 :	01101000111111010011101010010010;
	4947 :	01101101111000001110111111100000;
	4946 :	11101111010110100110111111101000;
	4945 :	01110000011010011000111100101000;
	4944 :	01110000110111101100100111100110;
	4943 :	11101111010101100111011101000001;
	4942 :	01101101011110010111110100101101;
	4941 :	01101011110100010000100011100011;
	4940 :	01101001010000101110011000100001;
	4939 :	01101101111000010110011110011010;
	4938 :	11101111010110101111001011011101;
	4937 :	01110000011010101010101001001110;
	4936 :	01110000110111100101111001001011;
	4935 :	11101111010101110100010110001001;
	4934 :	01101101011111001111000110001000;
	4933 :	01101011110011101000011000001100;
	4932 :	01101001010001110110101110011110;
	4931 :	01101101111000011101110000000100;
	4930 :	11101111010110110111001110010101;
	4929 :	01110000011010111100010110010111;
	4928 :	01110000110111011111000111001100;
	4927 :	11101111010110000000110111100111;
	4926 :	01101101110000000010100010101111;
	4925 :	01101011110011000001001001110110;
	4924 :	01101001010011000011000001001100;
	4923 :	01101101111000100100110100000111;
	4922 :	11101111010110111111001000000010;
	4921 :	01110000011011001110000011111101;
	4920 :	01110000110111011000010001101100;
	4919 :	11101111010110001101000001100011;
	4918 :	01101101110000011100111001100110;
	4917 :	01101011110010011010110111101001;
	4916 :	01101001010100010011011011000110;
	4915 :	01101101111000101011101010001101;
	4914 :	11101111010111000110111000011001;
	4913 :	01110000011011011111110001111001;
	4912 :	01110000110111010001011000101101;
	4911 :	11101111010110011000110100000110;
	4910 :	01101101110000110110100111111100;
	4909 :	01101011110001110101100000101010;
	4908 :	01101001010101101000000110111101;
	4907 :	01101101111000110010010001111111;
	4906 :	11101111010111001110011111001101;
	4905 :	01110000011011110001100000000101;
	4904 :	01110000110111001010011100010010;
	4903 :	11101111010110100100001111011010;
	4902 :	01101101110001001111101101111111;
	4901 :	01101011110001010001000011111111;
	4900 :	01101001010111000001001111110010;
	4899 :	01101101111000111000101011001000;
	4898 :	11101111010111010101111100010010;
	4897 :	01110000011100000011001110011011;
	4896 :	01110000110111000011011100011101;
	4895 :	11101111010110101111010011101000;
	4894 :	01101101110001101000001100000010;
	4893 :	01101011110000101101100000101111;
	4892 :	01101001011000011111000000111001;
	4891 :	01101101111000111110110101010000;
	4890 :	11101111010111011101001111011100;
	4889 :	01110000011100010100111100110110;
	4888 :	01110000110110111100011001010010;
	4887 :	11101111010110111010000000111010;
	4886 :	01101101110010000000000010010110;
	4885 :	01101011110000001010110101111111;
	4884 :	01101001011010000001100101111001;
	4883 :	01101101111001000100110000000000;
	4882 :	11101111010111100100011000011101;
	4881 :	01110000011100100110101011001111;
	4880 :	01110000110110110101010010110011;
	4879 :	11101111010111000100010111011001;
	4878 :	01101101110010010111010001001011;
	4877 :	01101011011111010010000101101001;
	4876 :	01101001011011101001001010101101;
	4875 :	01101101111001001010011011000011;
	4874 :	11101111010111101011010111001001;
	4873 :	01110000011100111000011001100000;
	4872 :	01110000110110101110001001000100;
	4871 :	11101111010111001110010111001111;
	4870 :	01101101110010101101111000110100;
	4869 :	01101011011110010000001100101111;
	4868 :	01101001011101010101111011100000;
	4867 :	01101101111001001111110110000000;
	4866 :	11101111010111110010001011010100;
	4865 :	01110000011101001010000111100011;
	4864 :	01110000110110100110111100000110;
	4863 :	11101111010111011000000000100110;
	4862 :	01101101110011000011111001100100;
	4861 :	01101011011101001111111111011010;
	4860 :	01101001011111001000000100110101;
	4859 :	01101101111001010101000000100001;
	4858 :	11101111010111111000110100110001;
	4857 :	01110000011101011011110101010001;
	4856 :	01110000110110011111101011111110;
	4855 :	11101111010111100001010011101001;
	4854 :	01101101110011011001010011101100;
	4853 :	01101011011100010001011011111010;
	4852 :	01101001110000011111111001101110;
	4851 :	01101101111001011001111010001111;
	4850 :	11101111010111111111010011010100;
	4849 :	01110000011101101101100010100101;
	4848 :	01110000110110011000011000101101;
	4847 :	11101111010111101010010000100000;
	4846 :	01101101110011101110000111100000;
	4845 :	01101011011011010100100000011010;
	4844 :	01101001110001011110101010010000;
	4843 :	01101101111001011110100010110010;
	4842 :	11101111011000000101100110101111;
	4841 :	01110000011101111111001111011000;
	4840 :	01110000110110010001000010010111;
	4839 :	11101111010111110010110111010111;
	4838 :	01101101110100000010010101010010;
	4837 :	01101011011010011001001011001001;
	4836 :	01101001110010100000011010101100;
	4835 :	01101101111001100010111001110010;
	4834 :	11101111011000001011101110110111;
	4833 :	01110000011110010000111011100100;
	4832 :	01110000110110001001101000111110;
	4831 :	11101111010111111011001000011000;
	4830 :	01101101110100010101111101010110;
	4829 :	01101011011001011111011010010100;
	4828 :	01101001110011100101010001111010;
	4827 :	01101101111001100110111110111010;
	4826 :	11101111011000010001101011011110;
	4825 :	01110000011110100010100111000011;
	4824 :	01110000110110000010001100100110;
	4823 :	11101111011000000011000011101101;
	4822 :	01101101110100101000111111111111;
	4821 :	01101011011000100111001100001100;
	4820 :	01101001110100101101010110111011;
	4819 :	01101101111001101010110001110000;
	4818 :	11101111011000010111011100011000;
	4817 :	01110000011110110100010001101110;
	4816 :	01110000110101111010101101010001;
	4815 :	11101111011000001010101001100000;
	4814 :	01101101110100111011011101100010;
	4813 :	01101011010111110000011110111110;
	4812 :	01101001110101111000110000111011;
	4811 :	01101101111001101110010001111101;
	4810 :	11101111011000011101000001011000;
	4809 :	01110000011111000101111011100000;
	4808 :	01110000110101110011001011000011;
	4807 :	11101111011000010001111001111100;
	4806 :	01101101110101001101010110010010;
	4805 :	01101011010110111011010000111011;
	4804 :	01101001110111000111100111001101;
	4803 :	01101101111001110001011111001010;
	4802 :	11101111011000100010011010010010;
	4801 :	01110000011111010111100100010010;
	4800 :	01110000110101101011100101111110;
	4799 :	11101111011000011000110101001100;
	4798 :	01101101110101011110101010100100;
	4797 :	01101011010110000111100000010011;
	4796 :	01101001111000011010000001010001;
	4795 :	01101101111001110100011000111111;
	4794 :	11101111011000100111100110111001;
	4793 :	01110000011111101001001011111101;
	4792 :	01110000110101100011111110000110;
	4791 :	11101111011000011111011011011011;
	4790 :	01101101110101101111011010101011;
	4789 :	01101011010101010101001011011000;
	4788 :	01101001111001110000000110110001;
	4787 :	01101101111001110110111111000100;
	4786 :	11101111011000101100100111000000;
	4785 :	01110000011111111010110010011011;
	4784 :	01110000110101011100010011011100;
	4783 :	11101111011000100101101100110100;
	4782 :	01101101110101111111100110111110;
	4781 :	01101011010100100100010000011010;
	4780 :	01101001111011001001111111011111;
	4779 :	01101101111001111001010001000001;
	4778 :	11101111011000110001011010011010;
	4777 :	01110000110000000110001011110100;
	4776 :	01110000110101010100100110000110;
	4775 :	11101111011000101011101001100001;
	4774 :	01101101110110001111001111110000;
	4773 :	01101011010011110100101101101011;
	4772 :	01101001111100100111110011011001;
	4771 :	01101101111001111011001110011110;
	4770 :	11101111011000110110000000111011;
	4769 :	01110000110000001110111101101101;
	4768 :	01110000110101001100110110000100;
	4767 :	11101111011000110001010001101101;
	4766 :	01101101110110011110010101011000;
	4765 :	01101011010011000110100001100000;
	4764 :	01101001111110001001101010100110;
	4763 :	01101101111001111100110111000011;
	4762 :	11101111011000111010011010010110;
	4761 :	01110000110000010111101110110110;
	4760 :	01110000110101000101000011011011;
	4759 :	11101111011000110110100101100100;
	4758 :	01101101110110101100111000001001;
	4757 :	01101011010010011001101010001011;
	4756 :	01101001111111101111101101011000;
	4755 :	01101101111001111110001010011000;
	4754 :	11101111011000111110100110011110;
	4753 :	01110000110000100000011111001101;
	4752 :	01110000110100111101001110001110;
	4751 :	11101111011000111011100101010001;
	4750 :	01101101110110111010111000011011;
	4749 :	01101011010001101110000110000010;
	4748 :	01101010010000101101000010000101;
	4747 :	01101101111001111111001000000101;
	4746 :	11101111011001000010100101000111;
	4745 :	01110000110000101001001110101101;
	4744 :	01110000110100110101010110011111;
	4743 :	11101111011001000000010000111111;
	4742 :	01101101110111001000010110100011;
	4741 :	01101011010001000011110011011000;
	4740 :	01101010010001100100011011110010;
	4739 :	01101101111001111111101111110001;
	4738 :	11101111011001000110010110000011;
	4737 :	01110000110000110001111101010100;
	4736 :	01110000110100101101011100010001;
	4735 :	11101111011001000100101000111010;
	4734 :	01101101110111010101010010110110;
	4733 :	01101011010000011010110000100101;
	4732 :	01101010010010011110001000001010;
	4731 :	01101101111010000000000001000110;
	4730 :	11101111011001001001111001000111;
	4729 :	01110000110000111010101010111110;
	4728 :	01110000110100100101011111101001;
	4727 :	11101111011001001000101101001101;
	4726 :	01101101110111100001101101101100;
	4725 :	01101010111111100101110111111110;
	4724 :	01101010010011011010001011101010;
	4723 :	01101101111001111111111011101001;
	4722 :	11101111011001001101001110000110;
	4721 :	01110000110001000011010111101001;
	4720 :	01110000110100011101100000101000;
	4719 :	11101111011001001100011110000011;
	4718 :	01101101110111101101100111011001;
	4717 :	01101010111110011000100111111101;
	4716 :	01101010010100011000101010110101;
	4715 :	01101101111001111111011111000100;
	4714 :	11101111011001010000010100110010;
	4713 :	01110000110001001100000011010001;
	4712 :	01110000110100010101011111010010;
	4711 :	11101111011001001111111011101000;
	4710 :	01101101110111111001000000010101;
	4709 :	01101010111101001101101101111000;
	4708 :	01101010010101011001101010010001;
	4707 :	01101101111001111110101010111110;
	4706 :	11101111011001010011001100111111;
	4705 :	01110000110001010100101101110011;
	4704 :	01110000110100001101011011101001;
	4703 :	11101111011001010011000110001000;
	4702 :	01101101111000000011111000110110;
	4701 :	01101010111100000101000110100001;
	4700 :	01101010010110011101001110101100;
	4699 :	01101101111001111101011110111111;
	4698 :	11101111011001010101110110100001;
	4697 :	01110000110001011101010111001011;
	4696 :	01110000110100000101010101110010;
	4695 :	11101111011001010101111101101111;
	4694 :	01101101111000001110010001010010;
	4693 :	01101010111010111110101110101111;
	4692 :	01101010010111100011011100110110;
	4691 :	01101101111001111011111010101110;
	4690 :	11101111011001011000010001001011;
	4689 :	01110000110001100101111111010111;
	4688 :	01110000110011111101001101101111;
	4687 :	11101111011001011000100010101000;
	4686 :	01101101111000011000001010000010;
	4685 :	01101010111001111010100011010111;
	4684 :	01101010011000101100011001100110;
	4683 :	01101101111001111001111101110100;
	4682 :	11101111011001011010011100110000;
	4681 :	01110000110001101110100110010100;
	4680 :	01110000110011110101000011100011;
	4679 :	11101111011001011010110100111110;
	4678 :	01101101111000100001100011011011;
	4677 :	01101010111000111000100001010100;
	4676 :	01101010011001111000001001110111;
	4675 :	01101101111001110111100111111000;
	4674 :	11101111011001011100011001000100;
	4673 :	01110000110001110111001011111101;
	4672 :	01110000110011101100110111010010;
	4671 :	11101111011001011100110100111111;
	4670 :	01101101111000101010011101110101;
	4669 :	01101010110111111000100101100000;
	4668 :	01101010011011000110110010101001;
	4667 :	01101101111001110100111000100001;
	4666 :	11101111011001011110000101111010;
	4665 :	01110000110001111111110000010001;
	4664 :	01110000110011100100101000111110;
	4663 :	11101111011001011110100010110110;
	4662 :	01101101111000110010111001100111;
	4661 :	01101010110110111010101100111001;
	4660 :	01101010011100011000011001000010;
	4659 :	01101101111001110001101111011001;
	4658 :	11101111011001011111100011000101;
	4657 :	01110000110010001000010011001011;
	4656 :	01110000110011011100011000101011;
	4655 :	11101111011001011111111110101110;
	4654 :	01101101111000111010110111001001;
	4653 :	01101010110101111110110100011110;
	4652 :	01101010011101101101000010001100;
	4651 :	01101101111001101110001100000110;
	4650 :	11101111011001100000110000011010;
	4649 :	01110000110010010000110100101001;
	4648 :	01110000110011010100000110011100;
	4647 :	11101111011001100001001000110101;
	4646 :	01101101111001000010010110110001;
	4645 :	01101010110101000100111001010000;
	4644 :	01101010011111000100110011010101;
	4643 :	01101101111001101010001110010000;
	4642 :	11101111011001100001101101101011;
	4641 :	01110000110010011001010100100111;
	4640 :	01110000110011001011110010010100;
	4639 :	11101111011001100010000001010110;
	4638 :	01101101111001001001011000111000;
	4637 :	01101010110100001100111000010011;
	4636 :	01101010110000001111111000111001;
	4635 :	01101101111001100101110101100000;
	4634 :	11101111011001100010011010101101;
	4633 :	01110000110010100001110011000011;
	4632 :	01110000110011000011011100010110;
	4631 :	11101111011001100010101000011101;
	4630 :	01101101111001001111111101110101;
	4629 :	01101010110011010110101110101100;
	4628 :	01101010110000111111000001011101;
	4627 :	01101101111001100001000001011101;
	4626 :	11101111011001100010110111010010;
	4625 :	01110000110010101010001111111001;
	4624 :	01110000110010111011000100100101;
	4623 :	11101111011001100010111110010110;
	4622 :	01101101111001010110000101111111;
	4621 :	01101010110010100010011001100100;
	4620 :	01101010110001101111110110000110;
	4619 :	01101101111001011011110001101111;
	4618 :	11101111011001100011000011001111;
	4617 :	01110000110010110010101011000101;
	4616 :	01110000110010110010101011000101;
	4615 :	11101111011001100011000011001111;
	4614 :	01101101111001011011110001101111;
	4613 :	01101010110001101111110110000110;
	4612 :	01101010110010100010011001100100;
	4611 :	01101101111001010110000101111111;
	4610 :	11101111011001100010111110010110;
	4609 :	01110000110010111011000100100101;
	4608 :	01110000110010101010001111111001;
	4607 :	11101111011001100010110111010010;
	4606 :	01101101111001100001000001011101;
	4605 :	01101010110000111111000001011101;
	4604 :	01101010110011010110101110101100;
	4603 :	01101101111001001111111101110101;
	4602 :	11101111011001100010101000011101;
	4601 :	01110000110011000011011100010110;
	4600 :	01110000110010100001110011000011;
	4599 :	11101111011001100010011010101101;
	4598 :	01101101111001100101110101100000;
	4597 :	01101010110000001111111000111001;
	4596 :	01101010110100001100111000010011;
	4595 :	01101101111001001001011000111000;
	4594 :	11101111011001100010000001010110;
	4593 :	01110000110011001011110010010100;
	4592 :	01110000110010011001010100100111;
	4591 :	11101111011001100001101101101011;
	4590 :	01101101111001101010001110010000;
	4589 :	01101010011111000100110011010101;
	4588 :	01101010110101000100111001010000;
	4587 :	01101101111001000010010110110001;
	4586 :	11101111011001100001001000110101;
	4585 :	01110000110011010100000110011100;
	4584 :	01110000110010010000110100101001;
	4583 :	11101111011001100000110000011010;
	4582 :	01101101111001101110001100000110;
	4581 :	01101010011101101101000010001100;
	4580 :	01101010110101111110110100011110;
	4579 :	01101101111000111010110111001001;
	4578 :	11101111011001011111111110101110;
	4577 :	01110000110011011100011000101011;
	4576 :	01110000110010001000010011001011;
	4575 :	11101111011001011111100011000101;
	4574 :	01101101111001110001101111011001;
	4573 :	01101010011100011000011001000010;
	4572 :	01101010110110111010101100111001;
	4571 :	01101101111000110010111001100111;
	4570 :	11101111011001011110100010110110;
	4569 :	01110000110011100100101000111110;
	4568 :	01110000110001111111110000010001;
	4567 :	11101111011001011110000101111010;
	4566 :	01101101111001110100111000100001;
	4565 :	01101010011011000110110010101001;
	4564 :	01101010110111111000100101100000;
	4563 :	01101101111000101010011101110101;
	4562 :	11101111011001011100110100111111;
	4561 :	01110000110011101100110111010010;
	4560 :	01110000110001110111001011111101;
	4559 :	11101111011001011100011001000100;
	4558 :	01101101111001110111100111111000;
	4557 :	01101010011001111000001001110111;
	4556 :	01101010111000111000100001010100;
	4555 :	01101101111000100001100011011011;
	4554 :	11101111011001011010110100111110;
	4553 :	01110000110011110101000011100011;
	4552 :	01110000110001101110100110010100;
	4551 :	11101111011001011010011100110000;
	4550 :	01101101111001111001111101110100;
	4549 :	01101010011000101100011001100110;
	4548 :	01101010111001111010100011010111;
	4547 :	01101101111000011000001010000010;
	4546 :	11101111011001011000100010101000;
	4545 :	01110000110011111101001101101111;
	4544 :	01110000110001100101111111010111;
	4543 :	11101111011001011000010001001011;
	4542 :	01101101111001111011111010101110;
	4541 :	01101010010111100011011100110110;
	4540 :	01101010111010111110101110101111;
	4539 :	01101101111000001110010001010010;
	4538 :	11101111011001010101111101101111;
	4537 :	01110000110100000101010101110010;
	4536 :	01110000110001011101010111001011;
	4535 :	11101111011001010101110110100001;
	4534 :	01101101111001111101011110111111;
	4533 :	01101010010110011101001110101100;
	4532 :	01101010111100000101000110100001;
	4531 :	01101101111000000011111000110110;
	4530 :	11101111011001010011000110001000;
	4529 :	01110000110100001101011011101001;
	4528 :	01110000110001010100101101110011;
	4527 :	11101111011001010011001100111111;
	4526 :	01101101111001111110101010111110;
	4525 :	01101010010101011001101010010001;
	4524 :	01101010111101001101101101111000;
	4523 :	01101101110111111001000000010101;
	4522 :	11101111011001001111111011101000;
	4521 :	01110000110100010101011111010010;
	4520 :	01110000110001001100000011010001;
	4519 :	11101111011001010000010100110010;
	4518 :	01101101111001111111011111000100;
	4517 :	01101010010100011000101010110101;
	4516 :	01101010111110011000100111111101;
	4515 :	01101101110111101101100111011001;
	4514 :	11101111011001001100011110000011;
	4513 :	01110000110100011101100000101000;
	4512 :	01110000110001000011010111101001;
	4511 :	11101111011001001101001110000110;
	4510 :	01101101111001111111111011101001;
	4509 :	01101010010011011010001011101010;
	4508 :	01101010111111100101110111111110;
	4507 :	01101101110111100001101101101100;
	4506 :	11101111011001001000101101001101;
	4505 :	01110000110100100101011111101001;
	4504 :	01110000110000111010101010111110;
	4503 :	11101111011001001001111001000111;
	4502 :	01101101111010000000000001000110;
	4501 :	01101010010010011110001000001010;
	4500 :	01101011010000011010110000100101;
	4499 :	01101101110111010101010010110110;
	4498 :	11101111011001000100101000111010;
	4497 :	01110000110100101101011100010001;
	4496 :	01110000110000110001111101010100;
	4495 :	11101111011001000110010110000011;
	4494 :	01101101111001111111101111110001;
	4493 :	01101010010001100100011011110010;
	4492 :	01101011010001000011110011011000;
	4491 :	01101101110111001000010110100011;
	4490 :	11101111011001000000010000111111;
	4489 :	01110000110100110101010110011111;
	4488 :	01110000110000101001001110101101;
	4487 :	11101111011001000010100101000111;
	4486 :	01101101111001111111001000000101;
	4485 :	01101010010000101101000010000101;
	4484 :	01101011010001101110000110000010;
	4483 :	01101101110110111010111000011011;
	4482 :	11101111011000111011100101010001;
	4481 :	01110000110100111101001110001110;
	4480 :	01110000110000100000011111001101;
	4479 :	11101111011000111110100110011110;
	4478 :	01101101111001111110001010011000;
	4477 :	01101001111111101111101101011000;
	4476 :	01101011010010011001101010001011;
	4475 :	01101101110110101100111000001001;
	4474 :	11101111011000110110100101100100;
	4473 :	01110000110101000101000011011011;
	4472 :	01110000110000010111101110110110;
	4471 :	11101111011000111010011010010110;
	4470 :	01101101111001111100110111000011;
	4469 :	01101001111110001001101010100110;
	4468 :	01101011010011000110100001100000;
	4467 :	01101101110110011110010101011000;
	4466 :	11101111011000110001010001101101;
	4465 :	01110000110101001100110110000100;
	4464 :	01110000110000001110111101101101;
	4463 :	11101111011000110110000000111011;
	4462 :	01101101111001111011001110011110;
	4461 :	01101001111100100111110011011001;
	4460 :	01101011010011110100101101101011;
	4459 :	01101101110110001111001111110000;
	4458 :	11101111011000101011101001100001;
	4457 :	01110000110101010100100110000110;
	4456 :	01110000110000000110001011110100;
	4455 :	11101111011000110001011010011010;
	4454 :	01101101111001111001010001000001;
	4453 :	01101001111011001001111111011111;
	4452 :	01101011010100100100010000011010;
	4451 :	01101101110101111111100110111110;
	4450 :	11101111011000100101101100110100;
	4449 :	01110000110101011100010011011100;
	4448 :	01110000011111111010110010011011;
	4447 :	11101111011000101100100111000000;
	4446 :	01101101111001110110111111000100;
	4445 :	01101001111001110000000110110001;
	4444 :	01101011010101010101001011011000;
	4443 :	01101101110101101111011010101011;
	4442 :	11101111011000011111011011011011;
	4441 :	01110000110101100011111110000110;
	4440 :	01110000011111101001001011111101;
	4439 :	11101111011000100111100110111001;
	4438 :	01101101111001110100011000111111;
	4437 :	01101001111000011010000001010001;
	4436 :	01101011010110000111100000010011;
	4435 :	01101101110101011110101010100100;
	4434 :	11101111011000011000110101001100;
	4433 :	01110000110101101011100101111110;
	4432 :	01110000011111010111100100010010;
	4431 :	11101111011000100010011010010010;
	4430 :	01101101111001110001011111001010;
	4429 :	01101001110111000111100111001101;
	4428 :	01101011010110111011010000111011;
	4427 :	01101101110101001101010110010010;
	4426 :	11101111011000010001111001111100;
	4425 :	01110000110101110011001011000011;
	4424 :	01110000011111000101111011100000;
	4423 :	11101111011000011101000001011000;
	4422 :	01101101111001101110010001111101;
	4421 :	01101001110101111000110000111011;
	4420 :	01101011010111110000011110111110;
	4419 :	01101101110100111011011101100010;
	4418 :	11101111011000001010101001100000;
	4417 :	01110000110101111010101101010001;
	4416 :	01110000011110110100010001101110;
	4415 :	11101111011000010111011100011000;
	4414 :	01101101111001101010110001110000;
	4413 :	01101001110100101101010110111011;
	4412 :	01101011011000100111001100001100;
	4411 :	01101101110100101000111111111111;
	4410 :	11101111011000000011000011101101;
	4409 :	01110000110110000010001100100110;
	4408 :	01110000011110100010100111000011;
	4407 :	11101111011000010001101011011110;
	4406 :	01101101111001100110111110111010;
	4405 :	01101001110011100101010001111010;
	4404 :	01101011011001011111011010010100;
	4403 :	01101101110100010101111101010110;
	4402 :	11101111010111111011001000011000;
	4401 :	01110000110110001001101000111110;
	4400 :	01110000011110010000111011100100;
	4399 :	11101111011000001011101110110111;
	4398 :	01101101111001100010111001110010;
	4397 :	01101001110010100000011010101100;
	4396 :	01101011011010011001001011001001;
	4395 :	01101101110100000010010101010010;
	4394 :	11101111010111110010110111010111;
	4393 :	01110000110110010001000010010111;
	4392 :	01110000011101111111001111011000;
	4391 :	11101111011000000101100110101111;
	4390 :	01101101111001011110100010110010;
	4389 :	01101001110001011110101010010000;
	4388 :	01101011011011010100100000011010;
	4387 :	01101101110011101110000111100000;
	4386 :	11101111010111101010010000100000;
	4385 :	01110000110110011000011000101101;
	4384 :	01110000011101101101100010100101;
	4383 :	11101111010111111111010011010100;
	4382 :	01101101111001011001111010001111;
	4381 :	01101001110000011111111001101110;
	4380 :	01101011011100010001011011111010;
	4379 :	01101101110011011001010011101100;
	4378 :	11101111010111100001010011101001;
	4377 :	01110000110110011111101011111110;
	4376 :	01110000011101011011110101010001;
	4375 :	11101111010111111000110100110001;
	4374 :	01101101111001010101000000100001;
	4373 :	01101001011111001000000100110101;
	4372 :	01101011011101001111111111011010;
	4371 :	01101101110011000011111001100100;
	4370 :	11101111010111011000000000100110;
	4369 :	01110000110110100110111100000110;
	4368 :	01110000011101001010000111100011;
	4367 :	11101111010111110010001011010100;
	4366 :	01101101111001001111110110000000;
	4365 :	01101001011101010101111011100000;
	4364 :	01101011011110010000001100101111;
	4363 :	01101101110010101101111000110100;
	4362 :	11101111010111001110010111001111;
	4361 :	01110000110110101110001001000100;
	4360 :	01110000011100111000011001100000;
	4359 :	11101111010111101011010111001001;
	4358 :	01101101111001001010011011000011;
	4357 :	01101001011011101001001010101101;
	4356 :	01101011011111010010000101101001;
	4355 :	01101101110010010111010001001011;
	4354 :	11101111010111000100010111011001;
	4353 :	01110000110110110101010010110011;
	4352 :	01110000011100100110101011001111;
	4351 :	11101111010111100100011000011101;
	4350 :	01101101111001000100110000000000;
	4349 :	01101001011010000001100101111001;
	4348 :	01101011110000001010110101111111;
	4347 :	01101101110010000000000010010110;
	4346 :	11101111010110111010000000111010;
	4345 :	01110000110110111100011001010010;
	4344 :	01110000011100010100111100110110;
	4343 :	11101111010111011101001111011100;
	4342 :	01101101111000111110110101010000;
	4341 :	01101001011000011111000000111001;
	4340 :	01101011110000101101100000101111;
	4339 :	01101101110001101000001100000010;
	4338 :	11101111010110101111010011101000;
	4337 :	01110000110111000011011100011101;
	4336 :	01110000011100000011001110011011;
	4335 :	11101111010111010101111100010010;
	4334 :	01101101111000111000101011001000;
	4333 :	01101001010111000001001111110010;
	4332 :	01101011110001010001000011111111;
	4331 :	01101101110001001111101101111111;
	4330 :	11101111010110100100001111011010;
	4329 :	01110000110111001010011100010010;
	4328 :	01110000011011110001100000000101;
	4327 :	11101111010111001110011111001101;
	4326 :	01101101111000110010010001111111;
	4325 :	01101001010101101000000110111101;
	4324 :	01101011110001110101100000101010;
	4323 :	01101101110000110110100111111100;
	4322 :	11101111010110011000110100000110;
	4321 :	01110000110111010001011000101101;
	4320 :	01110000011011011111110001111001;
	4319 :	11101111010111000110111000011001;
	4318 :	01101101111000101011101010001101;
	4317 :	01101001010100010011011011000110;
	4316 :	01101011110010011010110111101001;
	4315 :	01101101110000011100111001100110;
	4314 :	11101111010110001101000001100011;
	4313 :	01110000110111011000010001101100;
	4312 :	01110000011011001110000011111101;
	4311 :	11101111010110111111001000000010;
	4310 :	01101101111000100100110100000111;
	4309 :	01101001010011000011000001001100;
	4308 :	01101011110011000001001001110110;
	4307 :	01101101110000000010100010101111;
	4306 :	11101111010110000000110111100111;
	4305 :	01110000110111011111000111001100;
	4304 :	01110000011010111100010110010111;
	4303 :	11101111010110110111001110010101;
	4302 :	01101101111000011101110000000100;
	4301 :	01101001010001110110101110011110;
	4300 :	01101011110011101000011000001100;
	4299 :	01101101011111001111000110001000;
	4298 :	11101111010101110100010110001001;
	4297 :	01110000110111100101111001001011;
	4296 :	01110000011010101010101001001110;
	4295 :	11101111010110101111001011011101;
	4294 :	01101101111000010110011110011010;
	4293 :	01101001010000101110011000100001;
	4292 :	01101011110100010000100011100011;
	4291 :	01101101011110010111110100101101;
	4290 :	11101111010101100111011101000001;
	4289 :	01110000110111101100100111100110;
	4288 :	01110000011010011000111100101000;
	4287 :	11101111010110100110111111101000;
	4286 :	01101101111000001110111111100000;
	4285 :	01101000111111010011101010010010;
	4284 :	01101011110100111001101100110111;
	4283 :	01101101011101011111010000101110;
	4282 :	11101111010101011010001100000101;
	4281 :	01110000110111110011010010011001;
	4280 :	01110000011010000111010000101010;
	4279 :	11101111010110011110101011000010;
	4278 :	01101101111000000111010011101011;
	4277 :	01101000111101010001110100111011;
	4276 :	01101011110101100011110101000010;
	4275 :	01101101011100100101011001101100;
	4274 :	11101111010101001100100011001100;
	4273 :	01110000110111111001111001100011;
	4272 :	01110000011001110101100101011011;
	4271 :	11101111010110010110001101110110;
	4270 :	01101101110111111111011011010001;
	4269 :	01101000111011010110111101101101;
	4268 :	01101011110110001110111100111100;
	4267 :	01101101011011101010001111001000;
	4266 :	11101111010100111110100010001110;
	4265 :	01110000111000000000011101000000;
	4264 :	01110000011001100011111011000000;
	4263 :	11101111010110001101101000010010;
	4262 :	01101101110111110111010110101000;
	4261 :	01101000111001100010110001111101;
	4260 :	01101011110110111011000101100001;
	4259 :	01101101011010101101110000100111;
	4258 :	11101111010100110000001001000010;
	4257 :	01110000111000000110111100101111;
	4256 :	01110000011001010010010001011111;
	4255 :	11101111010110000100111010100001;
	4254 :	01101101110111101111000110000110;
	4253 :	01101000110111110100111111100001;
	4252 :	01101011110111101000001111101001;
	4251 :	01101101011001101111111101101100;
	4250 :	11101111010100100001010111100000;
	4249 :	01110000111000001101011000101011;
	4248 :	01110000011001000000101000111111;
	4247 :	11101111010101111100000100110000;
	4246 :	01101101110111100110101001111111;
	4245 :	01101000110110001101010100110010;
	4244 :	01101011111000010110011100001110;
	4243 :	01101101011000110000110101111010;
	4242 :	11101111010100010010001101011111;
	4241 :	01110000111000010011110000110100;
	4240 :	01110000011000101111000001100100;
	4239 :	11101111010101110011000111001011;
	4238 :	01101101110111011110000010101001;
	4237 :	01101000110100101011100000101010;
	4236 :	01101011111001000101101100001010;
	4235 :	01101101010111110000011000111000;
	4234 :	11101111010100000010101010111000;
	4233 :	01110000111000011010000101000101;
	4232 :	01110000011000011101011011010110;
	4231 :	11101111010101101010000001111101;
	4230 :	01101101110111010101010000011010;
	4229 :	01101000110011001111010010100101;
	4228 :	01101011111001110110000000010110;
	4227 :	01101101010110101110100110001100;
	4226 :	11101111010011110010101111100010;
	4225 :	01110000111000100000010101011101;
	4224 :	01110000011000001011110110011001;
	4223 :	11101111010101100000110101010011;
	4222 :	01101101110111001100010011100101;
	4221 :	01101000110001111000011010011110;
	4220 :	01101011111010100111011001101010;
	4219 :	01101101010101101011011101011100;
	4218 :	11101111010011100010011011010101;
	4217 :	01110000111000100110100001111010;
	4216 :	01110000010111111010010010110100;
	4215 :	11101111010101010111100001011001;
	4214 :	01101101110111000011001100100001;
	4213 :	01101000110000100110101000110010;
	4212 :	01101011111011011001111000111111;
	4211 :	01101101010100100110111110010001;
	4210 :	11101111010011010001101110001010;
	4209 :	01110000111000101100101010010111;
	4208 :	01110000010111101000110000101011;
	4207 :	11101111010101001110000110011010;
	4206 :	01101101110110111001111011100000;
	4205 :	01101000011110110011011100111010;
	4204 :	01101011111100001101011111001110;
	4203 :	01101101010011100001001000010010;
	4202 :	11101111010011000000100111111001;
	4201 :	01110000111000110010101110110100;
	4200 :	01110000010111010111010000000110;
	4199 :	11101111010101000100100100100011;
	4198 :	01101101110110110000100000111001;
	4197 :	01101000011100100010111001110101;
	4196 :	01101011111101000010001101001110;
	4195 :	01101101010010011001111011001010;
	4194 :	11101111010010101111001000011011;
	4193 :	01110000111000111000101111001110;
	4192 :	01110000010111000101110001001010;
	4191 :	11101111010100111010111100000000;
	4190 :	01101101110110100110111100111110;
	4189 :	01101000011010011011001100001000;
	4188 :	01101011111101111000000011111000;
	4187 :	01101101010001010001010110100010;
	4186 :	11101111010010011101001111101000;
	4185 :	01110000111000111110101011100001;
	4184 :	01110000010110110100010011111011;
	4183 :	11101111010100110001001100111011;
	4182 :	01101101110110011101010000000101;
	4181 :	01101000011000011011111000100101;
	4180 :	01101011111110101111000100000011;
	4179 :	01101101010000000111011010000110;
	4178 :	11101111010010001010111101011001;
	4177 :	01110000111001000100100011101100;
	4176 :	01110000010110100010111000100001;
	4175 :	11101111010100100111010111100010;
	4174 :	01101101110110010011011010100001;
	4173 :	01101000010110100100100100111000;
	4172 :	01101011111111100111001110100101;
	4171 :	01101100111101111000001011000100;
	4170 :	11101111010001111000010001101000;
	4169 :	01110000111001001010010111101100;
	4168 :	01110000010110010001011111000000;
	4167 :	11101111010100011101011011111110;
	4166 :	01101101110110001001011100100101;
	4165 :	01101000010100110100110111100111;
	4164 :	01101100010000010000010010001011;
	4163 :	01101100111011011110110001000110;
	4162 :	11101111010001100101001100001101;
	4161 :	01110000111001010000000111100000;
	4160 :	01110000010110000000000111011110;
	4159 :	11101111010100010011011010011101;
	4158 :	01101101110101111111010110100110;
	4157 :	01101000010011001100011000010001;
	4156 :	01101100010000101101100011000101;
	4155 :	01101100111001000010100101101111;
	4154 :	11101111010001010001101101000001;
	4153 :	01110000111001010101110011000100;
	4152 :	01110000010101101110110010000000;
	4151 :	11101111010100001001010011001010;
	4150 :	01101101110101110101001000110110;
	4149 :	01101000010001101010101111010001;
	4148 :	01101100010001001011011010011100;
	4147 :	01101100110110100011101000011011;
	4146 :	11101111010000111101110011111111;
	4145 :	01110000111001011011011010010110;
	4144 :	01110000010101011101011110101101;
	4143 :	11101111010011111111000110001111;
	4142 :	01101101110101101010110011101001;
	4141 :	01101000010000001111100101110100;
	4140 :	01101100010001101001111000101010;
	4139 :	01101100110100000001111000101100;
	4138 :	11101111010000101001100001000000;
	4137 :	01110000111001100000111101010011;
	4136 :	01110000010101001100001101101001;
	4135 :	11101111010011110100110011111001;
	4134 :	01101101110101100000010111010010;
	4133 :	01100111111101110101001100000001;
	4132 :	01101100010010001000111110001010;
	4131 :	01101100110001011101010110000010;
	4130 :	11101111010000010100110011111101;
	4129 :	01110000111001100110011011111011;
	4128 :	01110000010100111010111110111001;
	4127 :	11101111010011101010011100010011;
	4126 :	01101101110101010101110100000100;
	4125 :	01100111111011010110110101100100;
	4124 :	01101100010010101000101011010110;
	4123 :	01101100011101101100000000000101;
	4122 :	11101110111111111111011001100010;
	4121 :	01110000111001101011110110001010;
	4120 :	01110000010100101001110010100100;
	4119 :	11101111010011011111111111101000;
	4118 :	01101101110101001011001010010000;
	4117 :	01100111111001000011011111101101;
	4116 :	01101100010011001001000000100110;
	4115 :	01101100011000010111101100100100;
	4114 :	11101110111111010100010110101100;
	4113 :	01110000111001110001001011111110;
	4112 :	01110000010100011000101000101111;
	4111 :	11101111010011010101011110000011;
	4110 :	01101101110101000000011010001010;
	4109 :	01100111110110111010100011100001;
	4108 :	01101100010011101001111110010101;
	4107 :	01101100010010111101110000110010;
	4106 :	11101110111110101000011111001100;
	4105 :	01110000111001110110011101010101;
	4104 :	01110000010100000111100001011111;
	4103 :	11101111010011001010110111110000;
	4102 :	01101101110100110101100100000100;
	4101 :	01100111110100111011011011100110;
	4100 :	01101100010100001011100100111100;
	4099 :	01101011111010111100011000000111;
	4098 :	11101110111101111011110010110110;
	4097 :	01110000111001111011101010001101;
	4096 :	01110000010011110110011100111000;
	4095 :	11101111010011000000001100111001;
	4094 :	01101101110100101010101000001111;
	4093 :	01100111110011000101100100000101;
	4092 :	01101100010100101101110100110010;
	4091 :	01101011011111100011110110111111;
	4090 :	11101110111101001110010001100001;
	4089 :	01110000111010000000110010100011;
	4088 :	01110000010011100101011011000001;
	4087 :	11101111010010110101011101101010;
	4086 :	01101101110100011111100110111110;
	4085 :	01100111110001011000011010100101;
	4084 :	01101100010101010000101110010001;
	4083 :	01101010110001110000101010011111;
	4082 :	11101110111100011111111011000010;
	4081 :	01110000111010000101110110010110;
	4080 :	01110000010011010100011011111111;
	4079 :	11101111010010101010101010001101;
	4078 :	01101101110100010100100000100010;
	4077 :	01100111011111100110111100010100;
	4076 :	01101100010101110100010001110000;
	4075 :	11101010111100010011101101111011;
	4074 :	11101110111011110000101111001111;
	4073 :	01110000111010001010110101100100;
	4072 :	01110000010011000011011111110110;
	4071 :	11101111010010011111110010101101;
	4070 :	01101101110100001001010101001101;
	4069 :	01100111011100101100011110101000;
	4068 :	01101100010110011000011111100110;
	4067 :	11101011110010110001010111101001;
	4066 :	11101110111011000000101101111110;
	4065 :	01110000111010001111110000001001;
	4064 :	01110000010010110010100110101100;
	4063 :	11101111010010010100110111010110;
	4062 :	01101101110011111110000101001111;
	4061 :	01100111011010000000011111110100;
	4060 :	01101100010110111101011000001011;
	4059 :	11101011111110101001001010100100;
	4058 :	11101110111010001111110111000111;
	4057 :	01110000111010010100100110000101;
	4056 :	01110000010010100001110000100110;
	4055 :	11101111010010001001111000010001;
	4054 :	01101101110011110010110000111001;
	4053 :	01100111010111100010000110010001;
	4052 :	01101100010111100010111011110101;
	4051 :	11101100010101010110001010011010;
	4050 :	11101110111001011110001010011111;
	4049 :	01110000111010011001010111010110;
	4048 :	01110000010010010000111101101000;
	4047 :	11101111010001111110110101101010;
	4046 :	01101101110011100111011000011101;
	4045 :	01100111010101010000011011000100;
	4044 :	01101100011000001001001010111010;
	4043 :	11101100011011011101011011011001;
	4042 :	11101110111000101011100111111110;
	4041 :	01110000111010011110000011111001;
	4040 :	01110000010010000000001101111001;
	4039 :	11101111010001110011101111101011;
	4038 :	01101101110011011011111100001011;
	4037 :	01100111010011001010101001110010;
	4036 :	01101100011000110000000101110000;
	4035 :	11101100110000110101001100001100;
	4034 :	11101110110111111000001111011101;
	4033 :	01110000111010100010101011101100;
	4032 :	01110000010001101111100001011100;
	4031 :	11101111010001101000100110011110;
	4030 :	01101101110011010000011100010011;
	4029 :	01100111010001010000000000011111;
	4028 :	01101100011001010111101100101100;
	4027 :	11101100110011111110100000101101;
	4026 :	11101110110111000100000000110011;
	4025 :	01110000111010100111001110101101;
	4024 :	01110000010001011110111000010111;
	4023 :	11101111010001011101011010001110;
	4022 :	01101101110011000100111001000101;
	4021 :	01100110111110111111011111010101;
	4020 :	01101100011010000000000000000011;
	4019 :	11101100110111001010101011010000;
	4018 :	11101110110110001110111011111000;
	4017 :	01110000111010101011101100111100;
	4016 :	01110000010001001110010010101111;
	4015 :	11101111010001010010001011000110;
	4014 :	01101101110010111001010010110010;
	4013 :	01100110111011110010010100010001;
	4012 :	01101100011010101001000000001000;
	4011 :	11101100111010011001101011110001;
	4010 :	11101110110101011001000000100110;
	4009 :	01110000111010110000000110010100;
	4008 :	01110000010000111101110000101000;
	4007 :	11101111010001000110111001001111;
	4006 :	01101101110010101101101001101001;
	4005 :	01100110111000110111001001111101;
	4004 :	01101100011011010010101101010000;
	4003 :	11101100111101101011100010001100;
	4002 :	11101110110100100010001110110110;
	4001 :	01110000111010110100011010110110;
	4000 :	01110000010000101101010010000111;
	3999 :	11101111010000111011100100110011;
	3998 :	01101101110010100001111101111000;
	3997 :	01100110110110001100101110111111;
	3996 :	01101100011011111101000111101101;
	3995 :	11101101010000100000000111001101;
	3994 :	11101110110011101010100110100010;
	3993 :	01110000111010111000101010011111;
	3992 :	01110000010000011100110111010001;
	3991 :	11101111010000110000001101111101;
	3990 :	01101101110010010110001111110001;
	3989 :	01100110110011110001110110001110;
	3988 :	01101100011100101000001111110010;
	3987 :	11101101010010001011111000000111;
	3986 :	11101110110010110010000111100010;
	3985 :	01110000111010111100110101001110;
	3984 :	01110000010000001100100000001010;
	3983 :	11101111010000100100110100110111;
	3982 :	01101101110010001010011111100001;
	3981 :	01100110110001100101010110100110;
	3980 :	01101100011101010100000101110001;
	3979 :	11101101010011111001000011101110;
	3978 :	11101110110001111000110001110011;
	3977 :	01110000111011000000111010111111;
	3976 :	01101111111111111000011001101110;
	3975 :	11101111010000011001011001101010;
	3974 :	01101101110001111110101101011000;
	3973 :	01100110011111001100010110001100;
	3972 :	01101100011110000000101001111010;
	3971 :	11101101010101100111101001111100;
	3970 :	11101110110000111110100101001111;
	3969 :	01110000111011000100111011110011;
	3968 :	01101111111111010111111010111010;
	3967 :	11101111010000001101111100100001;
	3966 :	01101101110001110010111001100100;
	3965 :	01100110011011100110100101000100;
	3964 :	01101100011110101101111100011110;
	3963 :	11101101010111010111101010100110;
	3962 :	11101110110000000011100001110000;
	3961 :	01110000111011001000110111100111;
	3960 :	01101111111110110111100100000001;
	3959 :	11101111010000000010011101100101;
	3958 :	01101101110001100111000100010011;
	3957 :	01100110011000010111011110111000;
	3956 :	01101100011111011011111101101110;
	3955 :	11101101011001001001000101100100;
	3954 :	11101110011110001111001110100100;
	3953 :	01110000111011001100101110011010;
	3952 :	01101111111110010111010101001011;
	3951 :	11101110111111101101111010000000;
	3950 :	01101101110001011011001101110100;
	3949 :	01100110010101011101001111111000;
	3948 :	01101100110000000101010110111100;
	3947 :	11101101011010111011111010101001;
	3946 :	11101110011100010101101011100100;
	3945 :	01110000111011010000100000001001;
	3944 :	01101111111101110111001110100001;
	3943 :	11101110111111010110110101110110;
	3942 :	01101101110001001111010110010101;
	3941 :	01100110010010110110001011001111;
	3940 :	01101100110000011101000110100110;
	3939 :	11101101011100110000001001101001;
	3938 :	11101110011010011010011010010111;
	3937 :	01110000111011010100001100110100;
	3936 :	01101111111101010111010000001101;
	3935 :	11101110111110111111101110111111;
	3934 :	01101101110001000011011110000011;
	3933 :	01100110010000100000101010101111;
	3932 :	01101100110000110101001101111011;
	3931 :	11101101011110100101110010010101;
	3930 :	11101110011000011101011010110111;
	3929 :	01110000111011010111110100011001;
	3928 :	01101111111100110111011010010110;
	3927 :	11101110111110101000100101101111;
	3926 :	01101101110000110111100101001011;
	3925 :	01100101111100110110011101001101;
	3924 :	01101100110001001101101101000010;
	3923 :	11101101110000001110011010010000;
	3922 :	11101110010110011110101100111110;
	3921 :	01110000111011011011010110110110;
	3920 :	01101111111100010111101101000101;
	3919 :	11101110111110010001011010011000;
	3918 :	01101101110000101011101011111100;
	3917 :	01100101111001001000111010010101;
	3916 :	01101100110001100110100100000010;
	3915 :	11101101110001001010100111111011;
	3914 :	11101110010100011110010000101000;
	3913 :	01110000111011011110110100001010;
	3912 :	01101111111011111000001000100100;
	3911 :	11101110111101111010001101001101;
	3910 :	01101101110000011111110010100010;
	3909 :	01100101110101110110000101010010;
	3908 :	01101100110001111111110010111111;
	3907 :	11101101110010000111100010000011;
	3906 :	11101110010010011100000101101111;
	3905 :	01110000111011100010001100010100;
	3904 :	01101111111011011000101100111001;
	3903 :	11101110111101100010111110011111;
	3902 :	01101101110000010011111001001010;
	3901 :	01100101110010111011100001110011;
	3900 :	01101100110010011001011010000000;
	3899 :	11101101110011000101001000011111;
	3898 :	11101110010000011000001100010010;
	3897 :	01110000111011100101011111010001;
	3896 :	01101111111010111001011010001110;
	3895 :	11101110111101001011101110100000;
	3894 :	01101101110000001000000000000000;
	3893 :	01100101110000010110111110011000;
	3892 :	01101100110010110011011001001001;
	3891 :	11101101110100000011011011000100;
	3890 :	11101101111100100101001000011011;
	3889 :	01110000111011101000101101000001;
	3888 :	01101111111010011010010000101011;
	3887 :	11101110111100110100011101100011;
	3886 :	01101101011111111000001110100010;
	3885 :	01100101011100001100100111101001;
	3884 :	01101100110011001101110000011111;
	3883 :	11101101110101000010011001100111;
	3882 :	11101101111000010110011010111111;
	3881 :	01110000111011101011110101100010;
	3880 :	01101111111001111011010000011000;
	3879 :	11101110111100011101001011111001;
	3878 :	01101101011111100000011110010011;
	3877 :	01100101011000001111001001100100;
	3876 :	01101100110011101000100000000111;
	3875 :	11101101110110000010000011111100;
	3874 :	11101101110100000100010000010001;
	3873 :	01110000111011101110111000110100;
	3872 :	01101111111001011100011001011100;
	3871 :	11101110111100000101111001110100;
	3870 :	01101101011111001000101111101010;
	3869 :	01100101010100110001111010100001;
	3868 :	01101100110100000011101000000011;
	3867 :	11101101110111000010011001110110;
	3866 :	11101101011111011101010000011110;
	3865 :	01110000111011110001110110110100;
	3864 :	01101111111000111101101100000000;
	3863 :	11101110111011101110100111100100;
	3862 :	01101101011110110001000010111110;
	3861 :	01100101010001110001100100010100;
	3860 :	01101100110100011111001000011000;
	3859 :	11101101111000000011011011001001;
	3858 :	11101101010110101011000101111001;
	3857 :	01110000111011110100101111100001;
	3856 :	01101111111000011111001000001100;
	3855 :	11101110111011010111010101011011;
	3854 :	01101101011110011001011000100110;
	3853 :	01100100111110010110000011010111;
	3852 :	01101100110100111011000001001000;
	3851 :	11101101111001000101000111100111;
	3850 :	11101100111011100100000001101111;
	3849 :	01110000111011110111100010111010;
	3848 :	01101111111000000000101110000110;
	3847 :	11101110111011000000000011101010;
	3846 :	01101101011110000001110000111001;
	3845 :	01100100111001110110111010110010;
	3844 :	01101100110101010111010010010110;
	3843 :	11101101111010000111011111000000;
	3842 :	11101100010011001000000110010110;
	3841 :	01110000111011111010010000111111;
	3840 :	01101111110111100010011101111000;
	3839 :	11101110111010101000110010100010;
	3838 :	01101101011101101010001100001101;
	3837 :	01100100110110000000100010110000;
	3836 :	01101100110101110011111100000011;
	3835 :	11101101111011001010100001000101;
	3834 :	01101100010001010011011110111101;
	3833 :	01110000111011111100111001101101;
	3832 :	01101111110111000100010111100111;
	3831 :	11101110111010010001100010010010;
	3830 :	01101101011101010010101010111000;
	3829 :	01100100110010101110001011110100;
	3828 :	01101100110110010000111110010001;
	3827 :	11101101111100001110001101100110;
	3826 :	01101100111011000101010101101011;
	3825 :	01110000111011111111011101000100;
	3824 :	01101111110110100110011011011101;
	3823 :	11101110111001111010010011001100;
	3822 :	01101101011100111011001101001111;
	3821 :	01100100011111110111000010111111;
	3820 :	01101100110110101110011001000010;
	3819 :	11101101111101010010100100010011;
	3818 :	01101101010110110111010111011000;
	3817 :	01110000111100000001111011000011;
	3816 :	01101111110110001000101001011111;
	3815 :	11101110111001100011000101011111;
	3814 :	01101101011100100011110011100110;
	3813 :	01100100011011001001010001100010;
	3812 :	01101100110111001100001100010101;
	3811 :	11101101111110010111100100111001;
	3810 :	01101101110000001001011110011111;
	3809 :	01110000111100000100010011101001;
	3808 :	01101111110101101011000001110101;
	3807 :	11101110111001001011111001011100;
	3806 :	01101101011100001100011110010010;
	3805 :	01100100010111001011111100110110;
	3804 :	01101100110111101010011000001010;
	3803 :	11101101111111011101001111000111;
	3802 :	01101101110100111010101101100110;
	3801 :	01110000111100000110100110110100;
	3800 :	01101111110101001101100100100110;
	3799 :	11101110111000110100101111010001;
	3798 :	01101101011011110101001101100111;
	3797 :	01100100010011111000101011001100;
	3796 :	01101100111000001000111100100001;
	3795 :	11101110010000010001110001010101;
	3794 :	01101101111001101111011000110010;
	3793 :	01110000111100001000110100100100;
	3792 :	01101111110100110000010001111000;
	3791 :	11101110111000011101100111001111;
	3790 :	01101101011011011110000001111000;
	3789 :	01100100010001001001101100100010;
	3788 :	01101100111000100111111001011010;
	3787 :	11101110010000110101001111100110;
	3786 :	01101101111110100111011111110001;
	3785 :	01110000111100001010111100111000;
	3784 :	01101111110100010011001001110100;
	3783 :	11101110111000000110100001100100;
	3782 :	01101101011011000110111011011001;
	3781 :	01100011111101110011101111010100;
	3780 :	01101100111001000111001110110010;
	3779 :	11101110010001011001000010001101;
	3778 :	01101110010001110001100001001000;
	3777 :	01110000111100001100111111101110;
	3776 :	01101111110011110110001100100000;
	3775 :	11101110110111101111011110100001;
	3774 :	01101101011010101111111010011011;
	3773 :	01100011111010001001001110110011;
	3772 :	01101100111001100110111100100111;
	3771 :	11101110010001111101001000111111;
	3770 :	01101110010100010000111111111100;
	3769 :	01110000111100001110111101000111;
	3768 :	01101111110011011001011010000001;
	3767 :	11101110110111011000011110010011;
	3766 :	01101101011010011000111111010001;
	3765 :	01100011110111001011101111111100;
	3764 :	01101100111010000111000010110111;
	3763 :	11101110010010100001100011110001;
	3762 :	01101110010110110010001100001011;
	3761 :	01110000111100010000110101000000;
	3760 :	01101111110010111100110010011111;
	3759 :	11101110110111000001100001001010;
	3758 :	01101101011010000010001010001100;
	3757 :	01100011110100110100001000101101;
	3756 :	01101100111010100111100001011111;
	3755 :	11101110010011000110010010011000;
	3754 :	01101110011001010101000101100111;
	3753 :	01110000111100010010100111011010;
	3752 :	01101111110010100000010110000000;
	3751 :	11101110110110101010100111010100;
	3750 :	01101101011001101011011011011111;
	3749 :	01100011110010111100000111101010;
	3748 :	01101100111011001000011000011010;
	3747 :	11101110010011101011010100100111;
	3746 :	01101110011011111001101100000101;
	3745 :	01110000111100010100010100010100;
	3744 :	01101111110010000100000100101010;
	3743 :	11101110110110010011110001000000;
	3742 :	01101101011001010100110011011001;
	3741 :	01100011110001011110001111001000;
	3740 :	01101100111011101001100111100101;
	3739 :	11101110010100010000101010010011;
	3738 :	01101110011110011111111111010100;
	3737 :	01110000111100010101111011101101;
	3736 :	01101111110001100111111110100100;
	3735 :	11101110110101111100111110011010;
	3734 :	01101101011000111110010010001011;
	3733 :	01100011110000010101110000100110;
	3732 :	01101100111100001011001110111010;
	3731 :	11101110010100110110010011001111;
	3730 :	01101110110000100011111111100100;
	3729 :	01110000111100010111011101100100;
	3728 :	01101111110001001100000011110100;
	3727 :	11101110110101100110001111110010;
	3726 :	01101101011000100111111000000101;
	3725 :	01100011011110111101010000101100;
	3724 :	01101100111100101101001110010100;
	3723 :	11101110010101011100001111001110;
	3722 :	01101110110001111000110101101000;
	3721 :	01110000111100011000111001111000;
	3720 :	01101111110000110000010100011111;
	3719 :	11101110110101001111100101010101;
	3718 :	01101101011000010001100101010111;
	3717 :	01100011011101101010110010011111;
	3716 :	01101100111101001111100101101110;
	3715 :	11101110010110000010011110000010;
	3714 :	01101110110011001110100001101101;
	3713 :	01110000111100011010010000101001;
	3712 :	01101111110000010100110000101011;
	3711 :	11101110110100111000111111010001;
	3710 :	01101101010111111011011010010000;
	3709 :	01100011011100101110010001011110;
	3708 :	01101100111101110010010100111111;
	3707 :	11101110010110101000111111011110;
	3706 :	01101110110100100101000011101011;
	3705 :	01110000111100011011100001110111;
	3704 :	01101111011111110010110000111101;
	3703 :	11101110110100100010011101110010;
	3702 :	01101101010111100101010110111110;
	3701 :	01100011011100000010110110001011;
	3700 :	01101100111110010101011100000001;
	3699 :	11101110010111001111110011010011;
	3698 :	01101110110101111100011011011000;
	3697 :	01110000111100011100101101100001;
	3696 :	01101111011110111100010111111110;
	3695 :	11101110110100001100000001000110;
	3694 :	01101101010111001111011011110000;
	3693 :	01100011011011100100011111100110;
	3692 :	01101100111110111000111010101011;
	3691 :	11101110010111110110111001010011;
	3690 :	01101110110111010100101000101100;
	3689 :	01110000111100011101110011100110;
	3688 :	01101111011110000110010110100011;
	3687 :	11101110110011110101101001011001;
	3686 :	01101101010110111001101000110100;
	3685 :	01100011011011001111111100100001;
	3684 :	01101100111111011100110000110110;
	3683 :	11101110011000011110010001001111;
	3682 :	01101110111000101101101011011011;
	3681 :	01110000111100011110110100000110;
	3680 :	01101111011101010000101100110111;
	3679 :	11101110110011011111010110111001;
	3678 :	01101101010110100011111110010111;
	3677 :	01100011011011000010100101001001;
	3676 :	01101101010000000000011111001100;
	3675 :	11101110011001000101111010110111;
	3674 :	01101110111010000111100011011010;
	3673 :	01110000111100011111101111000000;
	3672 :	01101111011100011011011011000100;
	3671 :	11101110110011001001001001110010;
	3670 :	01101101010110001110011100100110;
	3669 :	01100011011010111010010101010101;
	3668 :	01101101010000010010110001100100;
	3667 :	11101110011001101101110101111100;
	3666 :	01101110111011100010010000100000;
	3665 :	01110000111100100000100100010101;
	3664 :	01101111011011100110100001010110;
	3663 :	11101110110010110011000010001111;
	3662 :	01101101010101111001000011101111;
	3661 :	01100011011010110101100111000101;
	3660 :	01101101010000100101001111011101;
	3659 :	11101110011010010110000010001101;
	3658 :	01101110111100111101110010100000;
	3657 :	01110000111100100001010100000011;
	3656 :	01101111011010110001111111110111;
	3655 :	11101110110010011101000000011110;
	3654 :	01101101010101100011110011111100;
	3653 :	01100011011010110011001101101011;
	3652 :	01101101010000110111111000110001;
	3651 :	11101110011010111110011111011001;
	3650 :	01101110111110011010001001001111;
	3649 :	01110000111100100001111110001011;
	3648 :	01101111011001111101110110101111;
	3647 :	11101110110010000111000100101010;
	3646 :	01101101010101001110101101011011;
	3645 :	01100011011010110010010000111110;
	3644 :	01101101010001001010101101011011;
	3643 :	11101110011011100111001101010000;
	3642 :	01101110111111110111010100011111;
	3641 :	01110000111100100010100010101011;
	3640 :	01101111011001001010000110001001;
	3639 :	11101110110001110001001110111101;
	3638 :	01101101010100111001110000010110;
	3637 :	01100011011010110010001001100000;
	3636 :	01101101010001011101101101010100;
	3635 :	11101110011100010000001011100001;
	3634 :	01101111010000101010101010000010;
	3633 :	01110000111100100011000001100101;
	3632 :	01101111011000010110101110001110;
	3631 :	11101110110001011011011111100101;
	3630 :	01101101010100100100111100111001;
	3629 :	01100011011010110010011100101010;
	3628 :	01101101010001110000111000010110;
	3627 :	11101110011100111001011001111001;
	3626 :	01101111010001011010000011111001;
	3625 :	01110000111100100011011010111000;
	3624 :	01101111010111100011101111001000;
	3623 :	11101110110001000101110110101100;
	3622 :	01101101010100010000010011001111;
	3621 :	01100011011010110010111001100111;
	3620 :	01101101010010000100001110011010;
	3619 :	11101110011101100010111000000101;
	3618 :	01101111010010001001110111101100;
	3617 :	01110000111100100011101110100010;
	3616 :	01101111010110110001001000111111;
	3615 :	11101110110000110000010100011101;
	3614 :	01101101010011111011110011100001;
	3613 :	01100011011010110011010110100010;
	3612 :	01101101010010010111101111011000;
	3611 :	11101110011110001100100101110101;
	3610 :	01101111010010111010000101010101;
	3609 :	01110000111100100011111100100110;
	3608 :	01101111010101111110111011111100;
	3607 :	11101110110000011010111001000011;
	3606 :	01101101010011100111011101111001;
	3605 :	01100011011010110011101110010100;
	3604 :	01101101010010101011011011001001;
	3603 :	11101110011110110110100010110011;
	3602 :	01101111010011101010101100101101;
	3601 :	01110000111100100100000101000001;
	3600 :	01101111010101001101001000001000;
	3599 :	11101110110000000101100100101000;
	3598 :	01101101010011010011010010100010;
	3597 :	01100011011010110011111110101100;
	3596 :	01101101010010111111010001100101;
	3595 :	11101110011111100000101110101101;
	3594 :	01101111010100011011101101101011;
	3593 :	01110000111100100100000111110101;
	3592 :	01101111010100011011101101101011;
	3591 :	11101110011111100000101110101101;
	3590 :	01101101010010111111010001100101;
	3589 :	01100011011010110100000110111100;
	3588 :	00000000000000000000000000000000;
	3587 :	00000000000000000000000000001000;
	3586 :	01000000000000000000000000000000;
	3585 :	01000000000000000000000000000000;
	3584 :	01000000000000000000000000000000;
	3583 :	01000000000000000000000000000000;
	3582 :	01000000000000000000000000000000;
	3581 :	01000000000000000000000000000000;
	3580 :	01000000000000000000000000000000;
	3579 :	01000000000000000000000000000000;
	3578 :	01000000000000000000000000000000;
	3577 :	01000000000000000000000000000000;
	3576 :	01000000000000000000000000000000;
	3575 :	01000000000000000000000000000000;
	3574 :	01000000000000000000000000000000;
	3573 :	01000000000000000000000000000000;
	3572 :	01000000000000000000000000000000;
	3571 :	01000000000000000000000000000000;
	3570 :	01000000000000000000000000000000;
	3569 :	01000000000000000000000000000000;
	3568 :	01000000000000000000000000000000;
	3567 :	01000000000000000000000000000000;
	3566 :	01000000000000000000000000000000;
	3565 :	01000000000000000000000000000000;
	3564 :	01000000000000000000000000000000;
	3563 :	01000000000000000000000000000000;
	3562 :	01000000000000000000000000000000;
	3561 :	01000000000000000000000000000000;
	3560 :	01000000000000000000000000000000;
	3559 :	01000000000000000000000000000000;
	3558 :	01000000000000000000000000000000;
	3557 :	01000000000000000000000000000000;
	3556 :	01000000000000000000000000000000;
	3555 :	01000000000000000000000000000000;
	3554 :	01000000000000000000000000000000;
	3553 :	01000000000000000000000000000000;
	3552 :	01000000000000000000000000000000;
	3551 :	01000000000000000000000000000000;
	3550 :	01000000000000000000000000000000;
	3549 :	01000000000000000000000000000000;
	3548 :	01000000000000000000000000000000;
	3547 :	01000000000000000000000000000000;
	3546 :	01000000000000000000000000000000;
	3545 :	01000000000000000000000000000000;
	3544 :	01000000000000000000000000000000;
	3543 :	01000000000000000000000000000000;
	3542 :	01000000000000000000000000000000;
	3541 :	01000000000000000000000000000000;
	3540 :	01000000000000000000000000000000;
	3539 :	01000000000000000000000000000000;
	3538 :	01000000000000000000000000000000;
	3537 :	01000000000000000000000000000000;
	3536 :	01000000000000000000000000000000;
	3535 :	01000000000000000000000000000000;
	3534 :	01000000000000000000000000000000;
	3533 :	01000000000000000000000000000000;
	3532 :	01000000000000000000000000000000;
	3531 :	01000000000000000000000000000000;
	3530 :	01000000000000000000000000000000;
	3529 :	01000000000000000000000000000000;
	3528 :	01000000000000000000000000000000;
	3527 :	01000000000000000000000000000000;
	3526 :	01000000000000000000000000000000;
	3525 :	01000000000000000000000000000000;
	3524 :	01000000000000000000000000000000;
	3523 :	01000000000000000000000000000000;
	3522 :	01000000000000000000000000000000;
	3521 :	01000000000000000000000000000000;
	3520 :	01000000000000000000000000000000;
	3519 :	01000000000000000000000000000000;
	3518 :	01000000000000000000000000000000;
	3517 :	01000000000000000000000000000000;
	3516 :	01000000000000000000000000000000;
	3515 :	01000000000000000000000000000000;
	3514 :	01000000000000000000000000000000;
	3513 :	01000000000000000000000000000000;
	3512 :	01000000000000000000000000000000;
	3511 :	01000000000000000000000000000000;
	3510 :	01000000000000000000000000000000;
	3509 :	01000000000000000000000000000000;
	3508 :	01000000000000000000000000000000;
	3507 :	01000000000000000000000000000000;
	3506 :	01000000000000000000000000000000;
	3505 :	01000000000000000000000000000000;
	3504 :	01000000000000000000000000000000;
	3503 :	01000000000000000000000000000000;
	3502 :	01000000000000000000000000000000;
	3501 :	01000000000000000000000000000000;
	3500 :	01000000000000000000000000000000;
	3499 :	01000000000000000000000000000000;
	3498 :	01000000000000000000000000000000;
	3497 :	01000000000000000000000000000000;
	3496 :	01000000000000000000000000000000;
	3495 :	01000000000000000000000000000000;
	3494 :	01000000000000000000000000000000;
	3493 :	01000000000000000000000000000000;
	3492 :	01000000000000000000000000000000;
	3491 :	01000000000000000000000000000000;
	3490 :	01000000000000000000000000000000;
	3489 :	01000000000000000000000000000000;
	3488 :	01000000000000000000000000000000;
	3487 :	01000000000000000000000000000000;
	3486 :	01000000000000000000000000000000;
	3485 :	01000000000000000000000000000000;
	3484 :	01000000000000000000000000000000;
	3483 :	01000000000000000000000000000000;
	3482 :	01000000000000000000000000000000;
	3481 :	01000000000000000000000000000000;
	3480 :	01000000000000000000000000000000;
	3479 :	01000000000000000000000000000000;
	3478 :	01000000000000000000000000000000;
	3477 :	01000000000000000000000000000000;
	3476 :	01000000000000000000000000000000;
	3475 :	01000000000000000000000000000000;
	3474 :	01000000000000000000000000000000;
	3473 :	01000000000000000000000000000000;
	3472 :	01000000000000000000000000000000;
	3471 :	01000000000000000000000000000000;
	3470 :	01000000000000000000000000000000;
	3469 :	01000000000000000000000000000000;
	3468 :	01000000000000000000000000000000;
	3467 :	01000000000000000000000000000000;
	3466 :	01000000000000000000000000000000;
	3465 :	01000000000000000000000000000000;
	3464 :	01000000000000000000000000000000;
	3463 :	01000000000000000000000000000000;
	3462 :	01000000000000000000000000000000;
	3461 :	01000000000000000000000000000000;
	3460 :	01000000000000000000000000000000;
	3459 :	01000000000000000000000000000000;
	3458 :	01000000000000000000000000000000;
	3457 :	01000000000000000000000000000000;
	3456 :	01000000000000000000000000000000;
	3455 :	01000000000000000000000000000000;
	3454 :	01000000000000000000000000000000;
	3453 :	01000000000000000000000000000000;
	3452 :	01000000000000000000000000000000;
	3451 :	01000000000000000000000000000000;
	3450 :	01000000000000000000000000000000;
	3449 :	01000000000000000000000000000000;
	3448 :	01000000000000000000000000000000;
	3447 :	01000000000000000000000000000000;
	3446 :	01000000000000000000000000000000;
	3445 :	01000000000000000000000000000000;
	3444 :	01000000000000000000000000000000;
	3443 :	01000000000000000000000000000000;
	3442 :	01000000000000000000000000000000;
	3441 :	01000000000000000000000000000000;
	3440 :	01000000000000000000000000000000;
	3439 :	01000000000000000000000000000000;
	3438 :	01000000000000000000000000000000;
	3437 :	01000000000000000000000000000000;
	3436 :	01000000000000000000000000000000;
	3435 :	01000000000000000000000000000000;
	3434 :	01000000000000000000000000000000;
	3433 :	01000000000000000000000000000000;
	3432 :	01000000000000000000000000000000;
	3431 :	01000000000000000000000000000000;
	3430 :	01000000000000000000000000000000;
	3429 :	01000000000000000000000000000000;
	3428 :	01000000000000000000000000000000;
	3427 :	01000000000000000000000000000000;
	3426 :	01000000000000000000000000000000;
	3425 :	01000000000000000000000000000000;
	3424 :	01000000000000000000000000000000;
	3423 :	01000000000000000000000000000000;
	3422 :	01000000000000000000000000000000;
	3421 :	01000000000000000000000000000000;
	3420 :	01000000000000000000000000000000;
	3419 :	01000000000000000000000000000000;
	3418 :	01000000000000000000000000000000;
	3417 :	01000000000000000000000000000000;
	3416 :	01000000000000000000000000000000;
	3415 :	01000000000000000000000000000000;
	3414 :	01000000000000000000000000000000;
	3413 :	01000000000000000000000000000000;
	3412 :	01000000000000000000000000000000;
	3411 :	01000000000000000000000000000000;
	3410 :	01000000000000000000000000000000;
	3409 :	01000000000000000000000000000000;
	3408 :	01000000000000000000000000000000;
	3407 :	01000000000000000000000000000000;
	3406 :	01000000000000000000000000000000;
	3405 :	01000000000000000000000000000000;
	3404 :	01000000000000000000000000000000;
	3403 :	01000000000000000000000000000000;
	3402 :	01000000000000000000000000000000;
	3401 :	01000000000000000000000000000000;
	3400 :	01000000000000000000000000000000;
	3399 :	01000000000000000000000000000000;
	3398 :	01000000000000000000000000000000;
	3397 :	01000000000000000000000000000000;
	3396 :	01000000000000000000000000000000;
	3395 :	01000000000000000000000000000000;
	3394 :	01000000000000000000000000000000;
	3393 :	01000000000000000000000000000000;
	3392 :	01000000000000000000000000000000;
	3391 :	01000000000000000000000000000000;
	3390 :	01000000000000000000000000000000;
	3389 :	01000000000000000000000000000000;
	3388 :	01000000000000000000000000000000;
	3387 :	01000000000000000000000000000000;
	3386 :	01000000000000000000000000000000;
	3385 :	01000000000000000000000000000000;
	3384 :	01000000000000000000000000000000;
	3383 :	01000000000000000000000000000000;
	3382 :	01000000000000000000000000000000;
	3381 :	01000000000000000000000000000000;
	3380 :	01000000000000000000000000000000;
	3379 :	01000000000000000000000000000000;
	3378 :	01000000000000000000000000000000;
	3377 :	01000000000000000000000000000000;
	3376 :	01000000000000000000000000000000;
	3375 :	01000000000000000000000000000000;
	3374 :	01000000000000000000000000000000;
	3373 :	01000000000000000000000000000000;
	3372 :	01000000000000000000000000000000;
	3371 :	01000000000000000000000000000000;
	3370 :	01000000000000000000000000000000;
	3369 :	01000000000000000000000000000000;
	3368 :	01000000000000000000000000000000;
	3367 :	01000000000000000000000000000000;
	3366 :	01000000000000000000000000000000;
	3365 :	01000000000000000000000000000000;
	3364 :	01000000000000000000000000000000;
	3363 :	01000000000000000000000000000000;
	3362 :	01000000000000000000000000000000;
	3361 :	01000000000000000000000000000000;
	3360 :	01000000000000000000000000000000;
	3359 :	01000000000000000000000000000000;
	3358 :	01000000000000000000000000000000;
	3357 :	01000000000000000000000000000000;
	3356 :	01000000000000000000000000000000;
	3355 :	01000000000000000000000000000000;
	3354 :	01000000000000000000000000000000;
	3353 :	01000000000000000000000000000000;
	3352 :	01000000000000000000000000000000;
	3351 :	01000000000000000000000000000000;
	3350 :	01000000000000000000000000000000;
	3349 :	01000000000000000000000000000000;
	3348 :	01000000000000000000000000000000;
	3347 :	01000000000000000000000000000000;
	3346 :	01000000000000000000000000000000;
	3345 :	01000000000000000000000000000000;
	3344 :	01000000000000000000000000000000;
	3343 :	01000000000000000000000000000000;
	3342 :	01000000000000000000000000000000;
	3341 :	01000000000000000000000000000000;
	3340 :	01000000000000000000000000000000;
	3339 :	01000000000000000000000000000000;
	3338 :	01000000000000000000000000000000;
	3337 :	01000000000000000000000000000000;
	3336 :	01000000000000000000000000000000;
	3335 :	01000000000000000000000000000000;
	3334 :	01000000000000000000000000000000;
	3333 :	01000000000000000000000000000000;
	3332 :	01000000000000000000000000000000;
	3331 :	01000000000000000000000000000000;
	3330 :	01000000000000000000000000000000;
	3329 :	01000000000000000000000000000000;
	3328 :	01000000000000000000000000000000;
	3327 :	01000000000000000000000000000000;
	3326 :	01000000000000000000000000000000;
	3325 :	01000000000000000000000000000000;
	3324 :	01000000000000000000000000000000;
	3323 :	01000000000000000000000000000000;
	3322 :	01000000000000000000000000000000;
	3321 :	01000000000000000000000000000000;
	3320 :	01000000000000000000000000000000;
	3319 :	01000000000000000000000000000000;
	3318 :	01000000000000000000000000000000;
	3317 :	01000000000000000000000000000000;
	3316 :	01000000000000000000000000000000;
	3315 :	01000000000000000000000000000000;
	3314 :	01000000000000000000000000000000;
	3313 :	01000000000000000000000000000000;
	3312 :	01000000000000000000000000000000;
	3311 :	01000000000000000000000000000000;
	3310 :	01000000000000000000000000000000;
	3309 :	01000000000000000000000000000000;
	3308 :	01000000000000000000000000000000;
	3307 :	01000000000000000000000000000000;
	3306 :	01000000000000000000000000000000;
	3305 :	01000000000000000000000000000000;
	3304 :	01000000000000000000000000000000;
	3303 :	01000000000000000000000000000000;
	3302 :	01000000000000000000000000000000;
	3301 :	01000000000000000000000000000000;
	3300 :	01000000000000000000000000000000;
	3299 :	01000000000000000000000000000000;
	3298 :	01000000000000000000000000000000;
	3297 :	01000000000000000000000000000000;
	3296 :	01000000000000000000000000000000;
	3295 :	01000000000000000000000000000000;
	3294 :	01000000000000000000000000000000;
	3293 :	01000000000000000000000000000000;
	3292 :	01000000000000000000000000000000;
	3291 :	01000000000000000000000000000000;
	3290 :	01000000000000000000000000000000;
	3289 :	01000000000000000000000000000000;
	3288 :	01000000000000000000000000000000;
	3287 :	01000000000000000000000000000000;
	3286 :	01000000000000000000000000000000;
	3285 :	01000000000000000000000000000000;
	3284 :	01000000000000000000000000000000;
	3283 :	01000000000000000000000000000000;
	3282 :	01000000000000000000000000000000;
	3281 :	01000000000000000000000000000000;
	3280 :	01000000000000000000000000000000;
	3279 :	01000000000000000000000000000000;
	3278 :	01000000000000000000000000000000;
	3277 :	01000000000000000000000000000000;
	3276 :	01000000000000000000000000000000;
	3275 :	01000000000000000000000000000000;
	3274 :	01000000000000000000000000000000;
	3273 :	01000000000000000000000000000000;
	3272 :	01000000000000000000000000000000;
	3271 :	01000000000000000000000000000000;
	3270 :	01000000000000000000000000000000;
	3269 :	01000000000000000000000000000000;
	3268 :	01000000000000000000000000000000;
	3267 :	01000000000000000000000000000000;
	3266 :	01000000000000000000000000000000;
	3265 :	01000000000000000000000000000000;
	3264 :	01000000000000000000000000000000;
	3263 :	01000000000000000000000000000000;
	3262 :	01000000000000000000000000000000;
	3261 :	01000000000000000000000000000000;
	3260 :	01000000000000000000000000000000;
	3259 :	01000000000000000000000000000000;
	3258 :	01000000000000000000000000000000;
	3257 :	01000000000000000000000000000000;
	3256 :	01000000000000000000000000000000;
	3255 :	01000000000000000000000000000000;
	3254 :	01000000000000000000000000000000;
	3253 :	01000000000000000000000000000000;
	3252 :	01000000000000000000000000000000;
	3251 :	01000000000000000000000000000000;
	3250 :	01000000000000000000000000000000;
	3249 :	01000000000000000000000000000000;
	3248 :	01000000000000000000000000000000;
	3247 :	01000000000000000000000000000000;
	3246 :	01000000000000000000000000000000;
	3245 :	01000000000000000000000000000000;
	3244 :	01000000000000000000000000000000;
	3243 :	01000000000000000000000000000000;
	3242 :	01000000000000000000000000000000;
	3241 :	01000000000000000000000000000000;
	3240 :	01000000000000000000000000000000;
	3239 :	01000000000000000000000000000000;
	3238 :	01000000000000000000000000000000;
	3237 :	01000000000000000000000000000000;
	3236 :	01000000000000000000000000000000;
	3235 :	01000000000000000000000000000000;
	3234 :	01000000000000000000000000000000;
	3233 :	01000000000000000000000000000000;
	3232 :	01000000000000000000000000000000;
	3231 :	01000000000000000000000000000000;
	3230 :	01000000000000000000000000000000;
	3229 :	01000000000000000000000000000000;
	3228 :	01000000000000000000000000000000;
	3227 :	01000000000000000000000000000000;
	3226 :	01000000000000000000000000000000;
	3225 :	01000000000000000000000000000000;
	3224 :	01000000000000000000000000000000;
	3223 :	01000000000000000000000000000000;
	3222 :	01000000000000000000000000000000;
	3221 :	01000000000000000000000000000000;
	3220 :	01000000000000000000000000000000;
	3219 :	01000000000000000000000000000000;
	3218 :	01000000000000000000000000000000;
	3217 :	01000000000000000000000000000000;
	3216 :	01000000000000000000000000000000;
	3215 :	01000000000000000000000000000000;
	3214 :	01000000000000000000000000000000;
	3213 :	01000000000000000000000000000000;
	3212 :	01000000000000000000000000000000;
	3211 :	01000000000000000000000000000000;
	3210 :	01000000000000000000000000000000;
	3209 :	01000000000000000000000000000000;
	3208 :	01000000000000000000000000000000;
	3207 :	01000000000000000000000000000000;
	3206 :	01000000000000000000000000000000;
	3205 :	01000000000000000000000000000000;
	3204 :	01000000000000000000000000000000;
	3203 :	01000000000000000000000000000000;
	3202 :	01000000000000000000000000000000;
	3201 :	01000000000000000000000000000000;
	3200 :	01000000000000000000000000000000;
	3199 :	01000000000000000000000000000000;
	3198 :	01000000000000000000000000000000;
	3197 :	01000000000000000000000000000000;
	3196 :	01000000000000000000000000000000;
	3195 :	01000000000000000000000000000000;
	3194 :	01000000000000000000000000000000;
	3193 :	01000000000000000000000000000000;
	3192 :	01000000000000000000000000000000;
	3191 :	01000000000000000000000000000000;
	3190 :	01000000000000000000000000000000;
	3189 :	01000000000000000000000000000000;
	3188 :	01000000000000000000000000000000;
	3187 :	01000000000000000000000000000000;
	3186 :	01000000000000000000000000000000;
	3185 :	01000000000000000000000000000000;
	3184 :	01000000000000000000000000000000;
	3183 :	01000000000000000000000000000000;
	3182 :	01000000000000000000000000000000;
	3181 :	01000000000000000000000000000000;
	3180 :	01000000000000000000000000000000;
	3179 :	01000000000000000000000000000000;
	3178 :	01000000000000000000000000000000;
	3177 :	01000000000000000000000000000000;
	3176 :	01000000000000000000000000000000;
	3175 :	01000000000000000000000000000000;
	3174 :	01000000000000000000000000000000;
	3173 :	01000000000000000000000000000000;
	3172 :	01000000000000000000000000000000;
	3171 :	01000000000000000000000000000000;
	3170 :	01000000000000000000000000000000;
	3169 :	01000000000000000000000000000000;
	3168 :	01000000000000000000000000000000;
	3167 :	01000000000000000000000000000000;
	3166 :	01000000000000000000000000000000;
	3165 :	01000000000000000000000000000000;
	3164 :	01000000000000000000000000000000;
	3163 :	01000000000000000000000000000000;
	3162 :	01000000000000000000000000000000;
	3161 :	01000000000000000000000000000000;
	3160 :	01000000000000000000000000000000;
	3159 :	01000000000000000000000000000000;
	3158 :	01000000000000000000000000000000;
	3157 :	01000000000000000000000000000000;
	3156 :	01000000000000000000000000000000;
	3155 :	01000000000000000000000000000000;
	3154 :	01000000000000000000000000000000;
	3153 :	01000000000000000000000000000000;
	3152 :	01000000000000000000000000000000;
	3151 :	01000000000000000000000000000000;
	3150 :	01000000000000000000000000000000;
	3149 :	01000000000000000000000000000000;
	3148 :	01000000000000000000000000000000;
	3147 :	01000000000000000000000000000000;
	3146 :	01000000000000000000000000000000;
	3145 :	01000000000000000000000000000000;
	3144 :	01000000000000000000000000000000;
	3143 :	01000000000000000000000000000000;
	3142 :	01000000000000000000000000000000;
	3141 :	01000000000000000000000000000000;
	3140 :	01000000000000000000000000000000;
	3139 :	01000000000000000000000000000000;
	3138 :	01000000000000000000000000000000;
	3137 :	01000000000000000000000000000000;
	3136 :	01000000000000000000000000000000;
	3135 :	01000000000000000000000000000000;
	3134 :	01000000000000000000000000000000;
	3133 :	01000000000000000000000000000000;
	3132 :	01000000000000000000000000000000;
	3131 :	01000000000000000000000000000000;
	3130 :	01000000000000000000000000000000;
	3129 :	01000000000000000000000000000000;
	3128 :	01000000000000000000000000000000;
	3127 :	01000000000000000000000000000000;
	3126 :	01000000000000000000000000000000;
	3125 :	01000000000000000000000000000000;
	3124 :	01000000000000000000000000000000;
	3123 :	01000000000000000000000000000000;
	3122 :	01000000000000000000000000000000;
	3121 :	01000000000000000000000000000000;
	3120 :	01000000000000000000000000000000;
	3119 :	01000000000000000000000000000000;
	3118 :	01000000000000000000000000000000;
	3117 :	01000000000000000000000000000000;
	3116 :	01000000000000000000000000000000;
	3115 :	01000000000000000000000000000000;
	3114 :	01000000000000000000000000000000;
	3113 :	01000000000000000000000000000000;
	3112 :	01000000000000000000000000000000;
	3111 :	01000000000000000000000000000000;
	3110 :	01000000000000000000000000000000;
	3109 :	01000000000000000000000000000000;
	3108 :	01000000000000000000000000000000;
	3107 :	01000000000000000000000000000000;
	3106 :	01000000000000000000000000000000;
	3105 :	01000000000000000000000000000000;
	3104 :	01000000000000000000000000000000;
	3103 :	01000000000000000000000000000000;
	3102 :	01000000000000000000000000000000;
	3101 :	01000000000000000000000000000000;
	3100 :	01000000000000000000000000000000;
	3099 :	01000000000000000000000000000000;
	3098 :	01000000000000000000000000000000;
	3097 :	01000000000000000000000000000000;
	3096 :	01000000000000000000000000000000;
	3095 :	01000000000000000000000000000000;
	3094 :	01000000000000000000000000000000;
	3093 :	01000000000000000000000000000000;
	3092 :	01000000000000000000000000000000;
	3091 :	01000000000000000000000000000000;
	3090 :	01000000000000000000000000000000;
	3089 :	01000000000000000000000000000000;
	3088 :	01000000000000000000000000000000;
	3087 :	01000000000000000000000000000000;
	3086 :	01000000000000000000000000000000;
	3085 :	01000000000000000000000000000000;
	3084 :	01000000000000000000000000000000;
	3083 :	01000000000000000000000000000000;
	3082 :	01000000000000000000000000000000;
	3081 :	01000000000000000000000000000000;
	3080 :	01000000000000000000000000000000;
	3079 :	01000000000000000000000000000000;
	3078 :	01000000000000000000000000000000;
	3077 :	01000000000000000000000000000000;
	3076 :	01000000000000000000000000000000;
	3075 :	01000000000000000000000000000000;
	3074 :	01000000000000000000000000000000;
	3073 :	01000000000000000000000000000000;
	3072 :	01000000000000000000000000000000;
	3071 :	01000000000000000000000000000000;
	3070 :	01000000000000000000000000000000;
	3069 :	01000000000000000000000000000000;
	3068 :	01000000000000000000000000000000;
	3067 :	01000000000000000000000000000000;
	3066 :	01000000000000000000000000000000;
	3065 :	01000000000000000000000000000000;
	3064 :	01000000000000000000000000000000;
	3063 :	01000000000000000000000000000000;
	3062 :	01000000000000000000000000000000;
	3061 :	01000000000000000000000000000000;
	3060 :	01000000000000000000000000000000;
	3059 :	01000000000000000000000000000000;
	3058 :	01000000000000000000000000000000;
	3057 :	01000000000000000000000000000000;
	3056 :	01000000000000000000000000000000;
	3055 :	01000000000000000000000000000000;
	3054 :	01000000000000000000000000000000;
	3053 :	01000000000000000000000000000000;
	3052 :	01000000000000000000000000000000;
	3051 :	01000000000000000000000000000000;
	3050 :	01000000000000000000000000000000;
	3049 :	01000000000000000000000000000000;
	3048 :	01000000000000000000000000000000;
	3047 :	01000000000000000000000000000000;
	3046 :	01000000000000000000000000000000;
	3045 :	01000000000000000000000000000000;
	3044 :	01000000000000000000000000000000;
	3043 :	01000000000000000000000000000000;
	3042 :	01000000000000000000000000000000;
	3041 :	01000000000000000000000000000000;
	3040 :	01000000000000000000000000000000;
	3039 :	01000000000000000000000000000000;
	3038 :	01000000000000000000000000000000;
	3037 :	01000000000000000000000000000000;
	3036 :	01000000000000000000000000000000;
	3035 :	01000000000000000000000000000000;
	3034 :	01000000000000000000000000000000;
	3033 :	01000000000000000000000000000000;
	3032 :	01000000000000000000000000000000;
	3031 :	01000000000000000000000000000000;
	3030 :	01000000000000000000000000000000;
	3029 :	01000000000000000000000000000000;
	3028 :	01000000000000000000000000000000;
	3027 :	01000000000000000000000000000000;
	3026 :	01000000000000000000000000000000;
	3025 :	01000000000000000000000000000000;
	3024 :	01000000000000000000000000000000;
	3023 :	01000000000000000000000000000000;
	3022 :	01000000000000000000000000000000;
	3021 :	01000000000000000000000000000000;
	3020 :	01000000000000000000000000000000;
	3019 :	01000000000000000000000000000000;
	3018 :	01000000000000000000000000000000;
	3017 :	01000000000000000000000000000000;
	3016 :	01000000000000000000000000000000;
	3015 :	01000000000000000000000000000000;
	3014 :	01000000000000000000000000000000;
	3013 :	01000000000000000000000000000000;
	3012 :	01000000000000000000000000000000;
	3011 :	01000000000000000000000000000000;
	3010 :	01000000000000000000000000000000;
	3009 :	01000000000000000000000000000000;
	3008 :	01000000000000000000000000000000;
	3007 :	01000000000000000000000000000000;
	3006 :	01000000000000000000000000000000;
	3005 :	01000000000000000000000000000000;
	3004 :	01000000000000000000000000000000;
	3003 :	01000000000000000000000000000000;
	3002 :	01000000000000000000000000000000;
	3001 :	01000000000000000000000000000000;
	3000 :	01000000000000000000000000000000;
	2999 :	01000000000000000000000000000000;
	2998 :	01000000000000000000000000000000;
	2997 :	01000000000000000000000000000000;
	2996 :	01000000000000000000000000000000;
	2995 :	01000000000000000000000000000000;
	2994 :	01000000000000000000000000000000;
	2993 :	01000000000000000000000000000000;
	2992 :	01000000000000000000000000000000;
	2991 :	01000000000000000000000000000000;
	2990 :	01000000000000000000000000000000;
	2989 :	01000000000000000000000000000000;
	2988 :	01000000000000000000000000000000;
	2987 :	01000000000000000000000000000000;
	2986 :	01000000000000000000000000000000;
	2985 :	01000000000000000000000000000000;
	2984 :	01000000000000000000000000000000;
	2983 :	01000000000000000000000000000000;
	2982 :	01000000000000000000000000000000;
	2981 :	01000000000000000000000000000000;
	2980 :	01000000000000000000000000000000;
	2979 :	01000000000000000000000000000000;
	2978 :	01000000000000000000000000000000;
	2977 :	01000000000000000000000000000000;
	2976 :	01000000000000000000000000000000;
	2975 :	01000000000000000000000000000000;
	2974 :	01000000000000000000000000000000;
	2973 :	01000000000000000000000000000000;
	2972 :	01000000000000000000000000000000;
	2971 :	01000000000000000000000000000000;
	2970 :	01000000000000000000000000000000;
	2969 :	01000000000000000000000000000000;
	2968 :	01000000000000000000000000000000;
	2967 :	01000000000000000000000000000000;
	2966 :	01000000000000000000000000000000;
	2965 :	01000000000000000000000000000000;
	2964 :	01000000000000000000000000000000;
	2963 :	01000000000000000000000000000000;
	2962 :	01000000000000000000000000000000;
	2961 :	01000000000000000000000000000000;
	2960 :	01000000000000000000000000000000;
	2959 :	01000000000000000000000000000000;
	2958 :	01000000000000000000000000000000;
	2957 :	01000000000000000000000000000000;
	2956 :	01000000000000000000000000000000;
	2955 :	01000000000000000000000000000000;
	2954 :	01000000000000000000000000000000;
	2953 :	01000000000000000000000000000000;
	2952 :	01000000000000000000000000000000;
	2951 :	01000000000000000000000000000000;
	2950 :	01000000000000000000000000000000;
	2949 :	01000000000000000000000000000000;
	2948 :	01000000000000000000000000000000;
	2947 :	01000000000000000000000000000000;
	2946 :	01000000000000000000000000000000;
	2945 :	01000000000000000000000000000000;
	2944 :	01000000000000000000000000000000;
	2943 :	01000000000000000000000000000000;
	2942 :	01000000000000000000000000000000;
	2941 :	01000000000000000000000000000000;
	2940 :	01000000000000000000000000000000;
	2939 :	01000000000000000000000000000000;
	2938 :	01000000000000000000000000000000;
	2937 :	01000000000000000000000000000000;
	2936 :	01000000000000000000000000000000;
	2935 :	01000000000000000000000000000000;
	2934 :	01000000000000000000000000000000;
	2933 :	01000000000000000000000000000000;
	2932 :	01000000000000000000000000000000;
	2931 :	01000000000000000000000000000000;
	2930 :	01000000000000000000000000000000;
	2929 :	01000000000000000000000000000000;
	2928 :	01000000000000000000000000000000;
	2927 :	01000000000000000000000000000000;
	2926 :	01000000000000000000000000000000;
	2925 :	01000000000000000000000000000000;
	2924 :	01000000000000000000000000000000;
	2923 :	01000000000000000000000000000000;
	2922 :	01000000000000000000000000000000;
	2921 :	01000000000000000000000000000000;
	2920 :	01000000000000000000000000000000;
	2919 :	01000000000000000000000000000000;
	2918 :	01000000000000000000000000000000;
	2917 :	01000000000000000000000000000000;
	2916 :	01000000000000000000000000000000;
	2915 :	01000000000000000000000000000000;
	2914 :	01000000000000000000000000000000;
	2913 :	01000000000000000000000000000000;
	2912 :	01000000000000000000000000000000;
	2911 :	01000000000000000000000000000000;
	2910 :	01000000000000000000000000000000;
	2909 :	01000000000000000000000000000000;
	2908 :	01000000000000000000000000000000;
	2907 :	01000000000000000000000000000000;
	2906 :	01000000000000000000000000000000;
	2905 :	01000000000000000000000000000000;
	2904 :	01000000000000000000000000000000;
	2903 :	01000000000000000000000000000000;
	2902 :	01000000000000000000000000000000;
	2901 :	01000000000000000000000000000000;
	2900 :	01000000000000000000000000000000;
	2899 :	01000000000000000000000000000000;
	2898 :	01000000000000000000000000000000;
	2897 :	01000000000000000000000000000000;
	2896 :	01000000000000000000000000000000;
	2895 :	01000000000000000000000000000000;
	2894 :	01000000000000000000000000000000;
	2893 :	01000000000000000000000000000000;
	2892 :	01000000000000000000000000000000;
	2891 :	01000000000000000000000000000000;
	2890 :	01000000000000000000000000000000;
	2889 :	01000000000000000000000000000000;
	2888 :	01000000000000000000000000000000;
	2887 :	01000000000000000000000000000000;
	2886 :	01000000000000000000000000000000;
	2885 :	01000000000000000000000000000000;
	2884 :	01000000000000000000000000000000;
	2883 :	01000000000000000000000000000000;
	2882 :	01000000000000000000000000000000;
	2881 :	01000000000000000000000000000000;
	2880 :	01000000000000000000000000000000;
	2879 :	01000000000000000000000000000000;
	2878 :	01000000000000000000000000000000;
	2877 :	01000000000000000000000000000000;
	2876 :	01000000000000000000000000000000;
	2875 :	01000000000000000000000000000000;
	2874 :	01000000000000000000000000000000;
	2873 :	01000000000000000000000000000000;
	2872 :	01000000000000000000000000000000;
	2871 :	01000000000000000000000000000000;
	2870 :	01000000000000000000000000000000;
	2869 :	01000000000000000000000000000000;
	2868 :	01000000000000000000000000000000;
	2867 :	01000000000000000000000000000000;
	2866 :	01000000000000000000000000000000;
	2865 :	01000000000000000000000000000000;
	2864 :	01000000000000000000000000000000;
	2863 :	01000000000000000000000000000000;
	2862 :	01000000000000000000000000000000;
	2861 :	01000000000000000000000000000000;
	2860 :	01000000000000000000000000000000;
	2859 :	01000000000000000000000000000000;
	2858 :	01000000000000000000000000000000;
	2857 :	01000000000000000000000000000000;
	2856 :	01000000000000000000000000000000;
	2855 :	01000000000000000000000000000000;
	2854 :	01000000000000000000000000000000;
	2853 :	01000000000000000000000000000000;
	2852 :	01000000000000000000000000000000;
	2851 :	01000000000000000000000000000000;
	2850 :	01000000000000000000000000000000;
	2849 :	01000000000000000000000000000000;
	2848 :	01000000000000000000000000000000;
	2847 :	01000000000000000000000000000000;
	2846 :	01000000000000000000000000000000;
	2845 :	01000000000000000000000000000000;
	2844 :	01000000000000000000000000000000;
	2843 :	01000000000000000000000000000000;
	2842 :	01000000000000000000000000000000;
	2841 :	01000000000000000000000000000000;
	2840 :	01000000000000000000000000000000;
	2839 :	01000000000000000000000000000000;
	2838 :	01000000000000000000000000000000;
	2837 :	01000000000000000000000000000000;
	2836 :	01000000000000000000000000000000;
	2835 :	01000000000000000000000000000000;
	2834 :	01000000000000000000000000000000;
	2833 :	01000000000000000000000000000000;
	2832 :	01000000000000000000000000000000;
	2831 :	01000000000000000000000000000000;
	2830 :	01000000000000000000000000000000;
	2829 :	01000000000000000000000000000000;
	2828 :	01000000000000000000000000000000;
	2827 :	01000000000000000000000000000000;
	2826 :	01000000000000000000000000000000;
	2825 :	01000000000000000000000000000000;
	2824 :	01000000000000000000000000000000;
	2823 :	01000000000000000000000000000000;
	2822 :	01000000000000000000000000000000;
	2821 :	01000000000000000000000000000000;
	2820 :	01000000000000000000000000000000;
	2819 :	01000000000000000000000000000000;
	2818 :	01000000000000000000000000000000;
	2817 :	01000000000000000000000000000000;
	2816 :	01000000000000000000000000000000;
	2815 :	01000000000000000000000000000000;
	2814 :	01000000000000000000000000000000;
	2813 :	01000000000000000000000000000000;
	2812 :	01000000000000000000000000000000;
	2811 :	01000000000000000000000000000000;
	2810 :	01000000000000000000000000000000;
	2809 :	01000000000000000000000000000000;
	2808 :	01000000000000000000000000000000;
	2807 :	01000000000000000000000000000000;
	2806 :	01000000000000000000000000000000;
	2805 :	01000000000000000000000000000000;
	2804 :	01000000000000000000000000000000;
	2803 :	01000000000000000000000000000000;
	2802 :	01000000000000000000000000000000;
	2801 :	01000000000000000000000000000000;
	2800 :	01000000000000000000000000000000;
	2799 :	01000000000000000000000000000000;
	2798 :	01000000000000000000000000000000;
	2797 :	01000000000000000000000000000000;
	2796 :	01000000000000000000000000000000;
	2795 :	01000000000000000000000000000000;
	2794 :	01000000000000000000000000000000;
	2793 :	01000000000000000000000000000000;
	2792 :	01000000000000000000000000000000;
	2791 :	01000000000000000000000000000000;
	2790 :	01000000000000000000000000000000;
	2789 :	01000000000000000000000000000000;
	2788 :	01000000000000000000000000000000;
	2787 :	01000000000000000000000000000000;
	2786 :	01000000000000000000000000000000;
	2785 :	01000000000000000000000000000000;
	2784 :	01000000000000000000000000000000;
	2783 :	01000000000000000000000000000000;
	2782 :	01000000000000000000000000000000;
	2781 :	01000000000000000000000000000000;
	2780 :	01000000000000000000000000000000;
	2779 :	01000000000000000000000000000000;
	2778 :	01000000000000000000000000000000;
	2777 :	01000000000000000000000000000000;
	2776 :	01000000000000000000000000000000;
	2775 :	01000000000000000000000000000000;
	2774 :	01000000000000000000000000000000;
	2773 :	01000000000000000000000000000000;
	2772 :	01000000000000000000000000000000;
	2771 :	01000000000000000000000000000000;
	2770 :	01000000000000000000000000000000;
	2769 :	01000000000000000000000000000000;
	2768 :	01000000000000000000000000000000;
	2767 :	01000000000000000000000000000000;
	2766 :	01000000000000000000000000000000;
	2765 :	01000000000000000000000000000000;
	2764 :	01000000000000000000000000000000;
	2763 :	01000000000000000000000000000000;
	2762 :	01000000000000000000000000000000;
	2761 :	01000000000000000000000000000000;
	2760 :	01000000000000000000000000000000;
	2759 :	01000000000000000000000000000000;
	2758 :	01000000000000000000000000000000;
	2757 :	01000000000000000000000000000000;
	2756 :	01000000000000000000000000000000;
	2755 :	01000000000000000000000000000000;
	2754 :	01000000000000000000000000000000;
	2753 :	01000000000000000000000000000000;
	2752 :	01000000000000000000000000000000;
	2751 :	01000000000000000000000000000000;
	2750 :	01000000000000000000000000000000;
	2749 :	01000000000000000000000000000000;
	2748 :	01000000000000000000000000000000;
	2747 :	01000000000000000000000000000000;
	2746 :	01000000000000000000000000000000;
	2745 :	01000000000000000000000000000000;
	2744 :	01000000000000000000000000000000;
	2743 :	01000000000000000000000000000000;
	2742 :	01000000000000000000000000000000;
	2741 :	01000000000000000000000000000000;
	2740 :	01000000000000000000000000000000;
	2739 :	01000000000000000000000000000000;
	2738 :	01000000000000000000000000000000;
	2737 :	01000000000000000000000000000000;
	2736 :	01000000000000000000000000000000;
	2735 :	01000000000000000000000000000000;
	2734 :	01000000000000000000000000000000;
	2733 :	01000000000000000000000000000000;
	2732 :	01000000000000000000000000000000;
	2731 :	01000000000000000000000000000000;
	2730 :	01000000000000000000000000000000;
	2729 :	01000000000000000000000000000000;
	2728 :	01000000000000000000000000000000;
	2727 :	01000000000000000000000000000000;
	2726 :	01000000000000000000000000000000;
	2725 :	01000000000000000000000000000000;
	2724 :	01000000000000000000000000000000;
	2723 :	01000000000000000000000000000000;
	2722 :	01000000000000000000000000000000;
	2721 :	01000000000000000000000000000000;
	2720 :	01000000000000000000000000000000;
	2719 :	01000000000000000000000000000000;
	2718 :	01000000000000000000000000000000;
	2717 :	01000000000000000000000000000000;
	2716 :	01000000000000000000000000000000;
	2715 :	01000000000000000000000000000000;
	2714 :	01000000000000000000000000000000;
	2713 :	01000000000000000000000000000000;
	2712 :	01000000000000000000000000000000;
	2711 :	01000000000000000000000000000000;
	2710 :	01000000000000000000000000000000;
	2709 :	01000000000000000000000000000000;
	2708 :	01000000000000000000000000000000;
	2707 :	01000000000000000000000000000000;
	2706 :	01000000000000000000000000000000;
	2705 :	01000000000000000000000000000000;
	2704 :	01000000000000000000000000000000;
	2703 :	01000000000000000000000000000000;
	2702 :	01000000000000000000000000000000;
	2701 :	01000000000000000000000000000000;
	2700 :	01000000000000000000000000000000;
	2699 :	01000000000000000000000000000000;
	2698 :	01000000000000000000000000000000;
	2697 :	01000000000000000000000000000000;
	2696 :	01000000000000000000000000000000;
	2695 :	01000000000000000000000000000000;
	2694 :	01000000000000000000000000000000;
	2693 :	01000000000000000000000000000000;
	2692 :	01000000000000000000000000000000;
	2691 :	01000000000000000000000000000000;
	2690 :	01000000000000000000000000000000;
	2689 :	01000000000000000000000000000000;
	2688 :	01000000000000000000000000000000;
	2687 :	01000000000000000000000000000000;
	2686 :	01000000000000000000000000000000;
	2685 :	01000000000000000000000000000000;
	2684 :	01000000000000000000000000000000;
	2683 :	01000000000000000000000000000000;
	2682 :	01000000000000000000000000000000;
	2681 :	01000000000000000000000000000000;
	2680 :	01000000000000000000000000000000;
	2679 :	01000000000000000000000000000000;
	2678 :	01000000000000000000000000000000;
	2677 :	01000000000000000000000000000000;
	2676 :	01000000000000000000000000000000;
	2675 :	01000000000000000000000000000000;
	2674 :	01000000000000000000000000000000;
	2673 :	01000000000000000000000000000000;
	2672 :	01000000000000000000000000000000;
	2671 :	01000000000000000000000000000000;
	2670 :	01000000000000000000000000000000;
	2669 :	01000000000000000000000000000000;
	2668 :	01000000000000000000000000000000;
	2667 :	01000000000000000000000000000000;
	2666 :	01000000000000000000000000000000;
	2665 :	01000000000000000000000000000000;
	2664 :	01000000000000000000000000000000;
	2663 :	01000000000000000000000000000000;
	2662 :	01000000000000000000000000000000;
	2661 :	01000000000000000000000000000000;
	2660 :	01000000000000000000000000000000;
	2659 :	01000000000000000000000000000000;
	2658 :	01000000000000000000000000000000;
	2657 :	01000000000000000000000000000000;
	2656 :	01000000000000000000000000000000;
	2655 :	01000000000000000000000000000000;
	2654 :	01000000000000000000000000000000;
	2653 :	01000000000000000000000000000000;
	2652 :	01000000000000000000000000000000;
	2651 :	01000000000000000000000000000000;
	2650 :	01000000000000000000000000000000;
	2649 :	01000000000000000000000000000000;
	2648 :	01000000000000000000000000000000;
	2647 :	01000000000000000000000000000000;
	2646 :	01000000000000000000000000000000;
	2645 :	01000000000000000000000000000000;
	2644 :	01000000000000000000000000000000;
	2643 :	01000000000000000000000000000000;
	2642 :	01000000000000000000000000000000;
	2641 :	01000000000000000000000000000000;
	2640 :	01000000000000000000000000000000;
	2639 :	01000000000000000000000000000000;
	2638 :	01000000000000000000000000000000;
	2637 :	01000000000000000000000000000000;
	2636 :	01000000000000000000000000000000;
	2635 :	01000000000000000000000000000000;
	2634 :	01000000000000000000000000000000;
	2633 :	01000000000000000000000000000000;
	2632 :	01000000000000000000000000000000;
	2631 :	01000000000000000000000000000000;
	2630 :	01000000000000000000000000000000;
	2629 :	01000000000000000000000000000000;
	2628 :	01000000000000000000000000000000;
	2627 :	01000000000000000000000000000000;
	2626 :	01000000000000000000000000000000;
	2625 :	01000000000000000000000000000000;
	2624 :	01000000000000000000000000000000;
	2623 :	01000000000000000000000000000000;
	2622 :	01000000000000000000000000000000;
	2621 :	01000000000000000000000000000000;
	2620 :	01000000000000000000000000000000;
	2619 :	01000000000000000000000000000000;
	2618 :	01000000000000000000000000000000;
	2617 :	01000000000000000000000000000000;
	2616 :	01000000000000000000000000000000;
	2615 :	01000000000000000000000000000000;
	2614 :	01000000000000000000000000000000;
	2613 :	01000000000000000000000000000000;
	2612 :	01000000000000000000000000000000;
	2611 :	01000000000000000000000000000000;
	2610 :	01000000000000000000000000000000;
	2609 :	01000000000000000000000000000000;
	2608 :	01000000000000000000000000000000;
	2607 :	01000000000000000000000000000000;
	2606 :	01000000000000000000000000000000;
	2605 :	01000000000000000000000000000000;
	2604 :	01000000000000000000000000000000;
	2603 :	01000000000000000000000000000000;
	2602 :	01000000000000000000000000000000;
	2601 :	01000000000000000000000000000000;
	2600 :	01000000000000000000000000000000;
	2599 :	01000000000000000000000000000000;
	2598 :	01000000000000000000000000000000;
	2597 :	01000000000000000000000000000000;
	2596 :	01000000000000000000000000000000;
	2595 :	01000000000000000000000000000000;
	2594 :	01000000000000000000000000000000;
	2593 :	01000000000000000000000000000000;
	2592 :	01000000000000000000000000000000;
	2591 :	01000000000000000000000000000000;
	2590 :	01000000000000000000000000000000;
	2589 :	01000000000000000000000000000000;
	2588 :	01000000000000000000000000000000;
	2587 :	01000000000000000000000000000000;
	2586 :	01000000000000000000000000000000;
	2585 :	01000000000000000000000000000000;
	2584 :	01000000000000000000000000000000;
	2583 :	01000000000000000000000000000000;
	2582 :	01000000000000000000000000000000;
	2581 :	01000000000000000000000000000000;
	2580 :	01000000000000000000000000000000;
	2579 :	01000000000000000000000000000000;
	2578 :	01000000000000000000000000000000;
	2577 :	01000000000000000000000000000000;
	2576 :	01000000000000000000000000000000;
	2575 :	01000000000000000000000000000000;
	2574 :	01000000000000000000000000000000;
	2573 :	01000000000000000000000000000000;
	2572 :	01000000000000000000000000000000;
	2571 :	01000000000000000000000000000000;
	2570 :	01000000000000000000000000000000;
	2569 :	01000000000000000000000000000000;
	2568 :	01000000000000000000000000000000;
	2567 :	01000000000000000000000000000000;
	2566 :	01000000000000000000000000000000;
	2565 :	01000000000000000000000000000000;
	2564 :	01000000000000000000000000000000;
	2563 :	01000000000000000000000000000000;
	2562 :	01000000000000000000000000000000;
	2561 :	01000000000000000000000000000000;
	2560 :	01000000000000000000000000000000;
	2559 :	01000000000000000000000000000000;
	2558 :	01000000000000000000000000000000;
	2557 :	01000000000000000000000000000000;
	2556 :	01000000000000000000000000000000;
	2555 :	01000000000000000000000000000000;
	2554 :	01000000000000000000000000000000;
	2553 :	01000000000000000000000000000000;
	2552 :	01000000000000000000000000000000;
	2551 :	01000000000000000000000000000000;
	2550 :	01000000000000000000000000000000;
	2549 :	01000000000000000000000000000000;
	2548 :	01000000000000000000000000000000;
	2547 :	01000000000000000000000000000000;
	2546 :	01000000000000000000000000000000;
	2545 :	01000000000000000000000000000000;
	2544 :	01000000000000000000000000000000;
	2543 :	01000000000000000000000000000000;
	2542 :	01000000000000000000000000000000;
	2541 :	01000000000000000000000000000000;
	2540 :	01000000000000000000000000000000;
	2539 :	01000000000000000000000000000000;
	2538 :	01000000000000000000000000000000;
	2537 :	01000000000000000000000000000000;
	2536 :	01000000000000000000000000000000;
	2535 :	01000000000000000000000000000000;
	2534 :	01000000000000000000000000000000;
	2533 :	01000000000000000000000000000000;
	2532 :	01000000000000000000000000000000;
	2531 :	01000000000000000000000000000000;
	2530 :	01000000000000000000000000000000;
	2529 :	01000000000000000000000000000000;
	2528 :	01000000000000000000000000000000;
	2527 :	01000000000000000000000000000000;
	2526 :	01000000000000000000000000000000;
	2525 :	01000000000000000000000000000000;
	2524 :	01000000000000000000000000000000;
	2523 :	01000000000000000000000000000000;
	2522 :	01000000000000000000000000000000;
	2521 :	01000000000000000000000000000000;
	2520 :	01000000000000000000000000000000;
	2519 :	01000000000000000000000000000000;
	2518 :	01000000000000000000000000000000;
	2517 :	01000000000000000000000000000000;
	2516 :	01000000000000000000000000000000;
	2515 :	01000000000000000000000000000000;
	2514 :	01000000000000000000000000000000;
	2513 :	01000000000000000000000000000000;
	2512 :	01000000000000000000000000000000;
	2511 :	01000000000000000000000000000000;
	2510 :	01000000000000000000000000000000;
	2509 :	01000000000000000000000000000000;
	2508 :	01000000000000000000000000000000;
	2507 :	01000000000000000000000000000000;
	2506 :	01000000000000000000000000000000;
	2505 :	01000000000000000000000000000000;
	2504 :	01000000000000000000000000000000;
	2503 :	01000000000000000000000000000000;
	2502 :	01000000000000000000000000000000;
	2501 :	01000000000000000000000000000000;
	2500 :	01000000000000000000000000000000;
	2499 :	01000000000000000000000000000000;
	2498 :	01000000000000000000000000000000;
	2497 :	01000000000000000000000000000000;
	2496 :	01000000000000000000000000000000;
	2495 :	01000000000000000000000000000000;
	2494 :	01000000000000000000000000000000;
	2493 :	01000000000000000000000000000000;
	2492 :	01000000000000000000000000000000;
	2491 :	01000000000000000000000000000000;
	2490 :	01000000000000000000000000000000;
	2489 :	01000000000000000000000000000000;
	2488 :	01000000000000000000000000000000;
	2487 :	01000000000000000000000000000000;
	2486 :	01000000000000000000000000000000;
	2485 :	01000000000000000000000000000000;
	2484 :	01000000000000000000000000000000;
	2483 :	01000000000000000000000000000000;
	2482 :	01000000000000000000000000000000;
	2481 :	01000000000000000000000000000000;
	2480 :	01000000000000000000000000000000;
	2479 :	01000000000000000000000000000000;
	2478 :	01000000000000000000000000000000;
	2477 :	01000000000000000000000000000000;
	2476 :	01000000000000000000000000000000;
	2475 :	01000000000000000000000000000000;
	2474 :	01000000000000000000000000000000;
	2473 :	01000000000000000000000000000000;
	2472 :	01000000000000000000000000000000;
	2471 :	01000000000000000000000000000000;
	2470 :	01000000000000000000000000000000;
	2469 :	01000000000000000000000000000000;
	2468 :	01000000000000000000000000000000;
	2467 :	01000000000000000000000000000000;
	2466 :	01000000000000000000000000000000;
	2465 :	01000000000000000000000000000000;
	2464 :	01000000000000000000000000000000;
	2463 :	01000000000000000000000000000000;
	2462 :	01000000000000000000000000000000;
	2461 :	01000000000000000000000000000000;
	2460 :	01000000000000000000000000000000;
	2459 :	01000000000000000000000000000000;
	2458 :	01000000000000000000000000000000;
	2457 :	01000000000000000000000000000000;
	2456 :	01000000000000000000000000000000;
	2455 :	01000000000000000000000000000000;
	2454 :	01000000000000000000000000000000;
	2453 :	01000000000000000000000000000000;
	2452 :	01000000000000000000000000000000;
	2451 :	01000000000000000000000000000000;
	2450 :	01000000000000000000000000000000;
	2449 :	01000000000000000000000000000000;
	2448 :	01000000000000000000000000000000;
	2447 :	01000000000000000000000000000000;
	2446 :	01000000000000000000000000000000;
	2445 :	01000000000000000000000000000000;
	2444 :	01000000000000000000000000000000;
	2443 :	01000000000000000000000000000000;
	2442 :	01000000000000000000000000000000;
	2441 :	01000000000000000000000000000000;
	2440 :	01000000000000000000000000000000;
	2439 :	01000000000000000000000000000000;
	2438 :	01000000000000000000000000000000;
	2437 :	01000000000000000000000000000000;
	2436 :	01000000000000000000000000000000;
	2435 :	01000000000000000000000000000000;
	2434 :	01000000000000000000000000000000;
	2433 :	01000000000000000000000000000000;
	2432 :	01000000000000000000000000000000;
	2431 :	01000000000000000000000000000000;
	2430 :	01000000000000000000000000000000;
	2429 :	01000000000000000000000000000000;
	2428 :	01000000000000000000000000000000;
	2427 :	01000000000000000000000000000000;
	2426 :	01000000000000000000000000000000;
	2425 :	01000000000000000000000000000000;
	2424 :	01000000000000000000000000000000;
	2423 :	01000000000000000000000000000000;
	2422 :	01000000000000000000000000000000;
	2421 :	01000000000000000000000000000000;
	2420 :	01000000000000000000000000000000;
	2419 :	01000000000000000000000000000000;
	2418 :	01000000000000000000000000000000;
	2417 :	01000000000000000000000000000000;
	2416 :	01000000000000000000000000000000;
	2415 :	01000000000000000000000000000000;
	2414 :	01000000000000000000000000000000;
	2413 :	01000000000000000000000000000000;
	2412 :	01000000000000000000000000000000;
	2411 :	01000000000000000000000000000000;
	2410 :	01000000000000000000000000000000;
	2409 :	01000000000000000000000000000000;
	2408 :	01000000000000000000000000000000;
	2407 :	01000000000000000000000000000000;
	2406 :	01000000000000000000000000000000;
	2405 :	01000000000000000000000000000000;
	2404 :	01000000000000000000000000000000;
	2403 :	01000000000000000000000000000000;
	2402 :	01000000000000000000000000000000;
	2401 :	01000000000000000000000000000000;
	2400 :	01000000000000000000000000000000;
	2399 :	01000000000000000000000000000000;
	2398 :	01000000000000000000000000000000;
	2397 :	01000000000000000000000000000000;
	2396 :	01000000000000000000000000000000;
	2395 :	01000000000000000000000000000000;
	2394 :	01000000000000000000000000000000;
	2393 :	01000000000000000000000000000000;
	2392 :	01000000000000000000000000000000;
	2391 :	01000000000000000000000000000000;
	2390 :	01000000000000000000000000000000;
	2389 :	01000000000000000000000000000000;
	2388 :	01000000000000000000000000000000;
	2387 :	01000000000000000000000000000000;
	2386 :	01000000000000000000000000000000;
	2385 :	01000000000000000000000000000000;
	2384 :	01000000000000000000000000000000;
	2383 :	01000000000000000000000000000000;
	2382 :	01000000000000000000000000000000;
	2381 :	01000000000000000000000000000000;
	2380 :	01000000000000000000000000000000;
	2379 :	01000000000000000000000000000000;
	2378 :	01000000000000000000000000000000;
	2377 :	01000000000000000000000000000000;
	2376 :	01000000000000000000000000000000;
	2375 :	01000000000000000000000000000000;
	2374 :	01000000000000000000000000000000;
	2373 :	01000000000000000000000000000000;
	2372 :	01000000000000000000000000000000;
	2371 :	01000000000000000000000000000000;
	2370 :	01000000000000000000000000000000;
	2369 :	01000000000000000000000000000000;
	2368 :	01000000000000000000000000000000;
	2367 :	01000000000000000000000000000000;
	2366 :	01000000000000000000000000000000;
	2365 :	01000000000000000000000000000000;
	2364 :	01000000000000000000000000000000;
	2363 :	01000000000000000000000000000000;
	2362 :	01000000000000000000000000000000;
	2361 :	01000000000000000000000000000000;
	2360 :	01000000000000000000000000000000;
	2359 :	01000000000000000000000000000000;
	2358 :	01000000000000000000000000000000;
	2357 :	01000000000000000000000000000000;
	2356 :	01000000000000000000000000000000;
	2355 :	01000000000000000000000000000000;
	2354 :	01000000000000000000000000000000;
	2353 :	01000000000000000000000000000000;
	2352 :	01000000000000000000000000000000;
	2351 :	01000000000000000000000000000000;
	2350 :	01000000000000000000000000000000;
	2349 :	01000000000000000000000000000000;
	2348 :	01000000000000000000000000000000;
	2347 :	01000000000000000000000000000000;
	2346 :	01000000000000000000000000000000;
	2345 :	01000000000000000000000000000000;
	2344 :	01000000000000000000000000000000;
	2343 :	01000000000000000000000000000000;
	2342 :	01000000000000000000000000000000;
	2341 :	01000000000000000000000000000000;
	2340 :	01000000000000000000000000000000;
	2339 :	01000000000000000000000000000000;
	2338 :	01000000000000000000000000000000;
	2337 :	01000000000000000000000000000000;
	2336 :	01000000000000000000000000000000;
	2335 :	01000000000000000000000000000000;
	2334 :	01000000000000000000000000000000;
	2333 :	01000000000000000000000000000000;
	2332 :	01000000000000000000000000000000;
	2331 :	01000000000000000000000000000000;
	2330 :	01000000000000000000000000000000;
	2329 :	01000000000000000000000000000000;
	2328 :	01000000000000000000000000000000;
	2327 :	01000000000000000000000000000000;
	2326 :	01000000000000000000000000000000;
	2325 :	01000000000000000000000000000000;
	2324 :	01000000000000000000000000000000;
	2323 :	01000000000000000000000000000000;
	2322 :	01000000000000000000000000000000;
	2321 :	01000000000000000000000000000000;
	2320 :	01000000000000000000000000000000;
	2319 :	01000000000000000000000000000000;
	2318 :	01000000000000000000000000000000;
	2317 :	01000000000000000000000000000000;
	2316 :	01000000000000000000000000000000;
	2315 :	01000000000000000000000000000000;
	2314 :	01000000000000000000000000000000;
	2313 :	01000000000000000000000000000000;
	2312 :	01000000000000000000000000000000;
	2311 :	01000000000000000000000000000000;
	2310 :	01000000000000000000000000000000;
	2309 :	01000000000000000000000000000000;
	2308 :	01000000000000000000000000000000;
	2307 :	01000000000000000000000000000000;
	2306 :	01000000000000000000000000000000;
	2305 :	01000000000000000000000000000000;
	2304 :	01000000000000000000000000000000;
	2303 :	01000000000000000000000000000000;
	2302 :	01000000000000000000000000000000;
	2301 :	01000000000000000000000000000000;
	2300 :	01000000000000000000000000000000;
	2299 :	01000000000000000000000000000000;
	2298 :	01000000000000000000000000000000;
	2297 :	01000000000000000000000000000000;
	2296 :	01000000000000000000000000000000;
	2295 :	01000000000000000000000000000000;
	2294 :	01000000000000000000000000000000;
	2293 :	01000000000000000000000000000000;
	2292 :	01000000000000000000000000000000;
	2291 :	01000000000000000000000000000000;
	2290 :	01000000000000000000000000000000;
	2289 :	01000000000000000000000000000000;
	2288 :	01000000000000000000000000000000;
	2287 :	01000000000000000000000000000000;
	2286 :	01000000000000000000000000000000;
	2285 :	01000000000000000000000000000000;
	2284 :	01000000000000000000000000000000;
	2283 :	01000000000000000000000000000000;
	2282 :	01000000000000000000000000000000;
	2281 :	01000000000000000000000000000000;
	2280 :	01000000000000000000000000000000;
	2279 :	01000000000000000000000000000000;
	2278 :	01000000000000000000000000000000;
	2277 :	01000000000000000000000000000000;
	2276 :	01000000000000000000000000000000;
	2275 :	01000000000000000000000000000000;
	2274 :	01000000000000000000000000000000;
	2273 :	01000000000000000000000000000000;
	2272 :	01000000000000000000000000000000;
	2271 :	01000000000000000000000000000000;
	2270 :	01000000000000000000000000000000;
	2269 :	01000000000000000000000000000000;
	2268 :	01000000000000000000000000000000;
	2267 :	01000000000000000000000000000000;
	2266 :	01000000000000000000000000000000;
	2265 :	01000000000000000000000000000000;
	2264 :	01000000000000000000000000000000;
	2263 :	01000000000000000000000000000000;
	2262 :	01000000000000000000000000000000;
	2261 :	01000000000000000000000000000000;
	2260 :	01000000000000000000000000000000;
	2259 :	01000000000000000000000000000000;
	2258 :	01000000000000000000000000000000;
	2257 :	01000000000000000000000000000000;
	2256 :	01000000000000000000000000000000;
	2255 :	01000000000000000000000000000000;
	2254 :	01000000000000000000000000000000;
	2253 :	01000000000000000000000000000000;
	2252 :	01000000000000000000000000000000;
	2251 :	01000000000000000000000000000000;
	2250 :	01000000000000000000000000000000;
	2249 :	01000000000000000000000000000000;
	2248 :	01000000000000000000000000000000;
	2247 :	01000000000000000000000000000000;
	2246 :	01000000000000000000000000000000;
	2245 :	01000000000000000000000000000000;
	2244 :	01000000000000000000000000000000;
	2243 :	01000000000000000000000000000000;
	2242 :	01000000000000000000000000000000;
	2241 :	01000000000000000000000000000000;
	2240 :	01000000000000000000000000000000;
	2239 :	01000000000000000000000000000000;
	2238 :	01000000000000000000000000000000;
	2237 :	01000000000000000000000000000000;
	2236 :	01000000000000000000000000000000;
	2235 :	01000000000000000000000000000000;
	2234 :	01000000000000000000000000000000;
	2233 :	01000000000000000000000000000000;
	2232 :	01000000000000000000000000000000;
	2231 :	01000000000000000000000000000000;
	2230 :	01000000000000000000000000000000;
	2229 :	01000000000000000000000000000000;
	2228 :	01000000000000000000000000000000;
	2227 :	01000000000000000000000000000000;
	2226 :	01000000000000000000000000000000;
	2225 :	01000000000000000000000000000000;
	2224 :	01000000000000000000000000000000;
	2223 :	01000000000000000000000000000000;
	2222 :	01000000000000000000000000000000;
	2221 :	01000000000000000000000000000000;
	2220 :	01000000000000000000000000000000;
	2219 :	01000000000000000000000000000000;
	2218 :	01000000000000000000000000000000;
	2217 :	01000000000000000000000000000000;
	2216 :	01000000000000000000000000000000;
	2215 :	01000000000000000000000000000000;
	2214 :	01000000000000000000000000000000;
	2213 :	01000000000000000000000000000000;
	2212 :	01000000000000000000000000000000;
	2211 :	01000000000000000000000000000000;
	2210 :	01000000000000000000000000000000;
	2209 :	01000000000000000000000000000000;
	2208 :	01000000000000000000000000000000;
	2207 :	01000000000000000000000000000000;
	2206 :	01000000000000000000000000000000;
	2205 :	01000000000000000000000000000000;
	2204 :	01000000000000000000000000000000;
	2203 :	01000000000000000000000000000000;
	2202 :	01000000000000000000000000000000;
	2201 :	01000000000000000000000000000000;
	2200 :	01000000000000000000000000000000;
	2199 :	01000000000000000000000000000000;
	2198 :	01000000000000000000000000000000;
	2197 :	01000000000000000000000000000000;
	2196 :	01000000000000000000000000000000;
	2195 :	01000000000000000000000000000000;
	2194 :	01000000000000000000000000000000;
	2193 :	01000000000000000000000000000000;
	2192 :	01000000000000000000000000000000;
	2191 :	01000000000000000000000000000000;
	2190 :	01000000000000000000000000000000;
	2189 :	01000000000000000000000000000000;
	2188 :	01000000000000000000000000000000;
	2187 :	01000000000000000000000000000000;
	2186 :	01000000000000000000000000000000;
	2185 :	01000000000000000000000000000000;
	2184 :	01000000000000000000000000000000;
	2183 :	01000000000000000000000000000000;
	2182 :	01000000000000000000000000000000;
	2181 :	01000000000000000000000000000000;
	2180 :	01000000000000000000000000000000;
	2179 :	01000000000000000000000000000000;
	2178 :	01000000000000000000000000000000;
	2177 :	01000000000000000000000000000000;
	2176 :	01000000000000000000000000000000;
	2175 :	01000000000000000000000000000000;
	2174 :	01000000000000000000000000000000;
	2173 :	01000000000000000000000000000000;
	2172 :	01000000000000000000000000000000;
	2171 :	01000000000000000000000000000000;
	2170 :	01000000000000000000000000000000;
	2169 :	01000000000000000000000000000000;
	2168 :	01000000000000000000000000000000;
	2167 :	01000000000000000000000000000000;
	2166 :	01000000000000000000000000000000;
	2165 :	01000000000000000000000000000000;
	2164 :	01000000000000000000000000000000;
	2163 :	01000000000000000000000000000000;
	2162 :	01000000000000000000000000000000;
	2161 :	01000000000000000000000000000000;
	2160 :	01000000000000000000000000000000;
	2159 :	01000000000000000000000000000000;
	2158 :	01000000000000000000000000000000;
	2157 :	01000000000000000000000000000000;
	2156 :	01000000000000000000000000000000;
	2155 :	01000000000000000000000000000000;
	2154 :	01000000000000000000000000000000;
	2153 :	01000000000000000000000000000000;
	2152 :	01000000000000000000000000000000;
	2151 :	01000000000000000000000000000000;
	2150 :	01000000000000000000000000000000;
	2149 :	01000000000000000000000000000000;
	2148 :	01000000000000000000000000000000;
	2147 :	01000000000000000000000000000000;
	2146 :	01000000000000000000000000000000;
	2145 :	01000000000000000000000000000000;
	2144 :	01000000000000000000000000000000;
	2143 :	01000000000000000000000000000000;
	2142 :	01000000000000000000000000000000;
	2141 :	01000000000000000000000000000000;
	2140 :	01000000000000000000000000000000;
	2139 :	01000000000000000000000000000000;
	2138 :	01000000000000000000000000000000;
	2137 :	01000000000000000000000000000000;
	2136 :	01000000000000000000000000000000;
	2135 :	01000000000000000000000000000000;
	2134 :	01000000000000000000000000000000;
	2133 :	01000000000000000000000000000000;
	2132 :	01000000000000000000000000000000;
	2131 :	01000000000000000000000000000000;
	2130 :	01000000000000000000000000000000;
	2129 :	01000000000000000000000000000000;
	2128 :	01000000000000000000000000000000;
	2127 :	01000000000000000000000000000000;
	2126 :	01000000000000000000000000000000;
	2125 :	01000000000000000000000000000000;
	2124 :	01000000000000000000000000000000;
	2123 :	01000000000000000000000000000000;
	2122 :	01000000000000000000000000000000;
	2121 :	01000000000000000000000000000000;
	2120 :	01000000000000000000000000000000;
	2119 :	01000000000000000000000000000000;
	2118 :	01000000000000000000000000000000;
	2117 :	01000000000000000000000000000000;
	2116 :	01000000000000000000000000000000;
	2115 :	01000000000000000000000000000000;
	2114 :	01000000000000000000000000000000;
	2113 :	01000000000000000000000000000000;
	2112 :	01000000000000000000000000000000;
	2111 :	01000000000000000000000000000000;
	2110 :	01000000000000000000000000000000;
	2109 :	01000000000000000000000000000000;
	2108 :	01000000000000000000000000000000;
	2107 :	01000000000000000000000000000000;
	2106 :	01000000000000000000000000000000;
	2105 :	01000000000000000000000000000000;
	2104 :	01000000000000000000000000000000;
	2103 :	01000000000000000000000000000000;
	2102 :	01000000000000000000000000000000;
	2101 :	01000000000000000000000000000000;
	2100 :	01000000000000000000000000000000;
	2099 :	01000000000000000000000000000000;
	2098 :	01000000000000000000000000000000;
	2097 :	01000000000000000000000000000000;
	2096 :	01000000000000000000000000000000;
	2095 :	01000000000000000000000000000000;
	2094 :	01000000000000000000000000000000;
	2093 :	01000000000000000000000000000000;
	2092 :	01000000000000000000000000000000;
	2091 :	01000000000000000000000000000000;
	2090 :	01000000000000000000000000000000;
	2089 :	01000000000000000000000000000000;
	2088 :	01000000000000000000000000000000;
	2087 :	01000000000000000000000000000000;
	2086 :	01000000000000000000000000000000;
	2085 :	01000000000000000000000000000000;
	2084 :	01000000000000000000000000000000;
	2083 :	01000000000000000000000000000000;
	2082 :	01000000000000000000000000000000;
	2081 :	01000000000000000000000000000000;
	2080 :	01000000000000000000000000000000;
	2079 :	01000000000000000000000000000000;
	2078 :	01000000000000000000000000000000;
	2077 :	01000000000000000000000000000000;
	2076 :	01000000000000000000000000000000;
	2075 :	01000000000000000000000000000000;
	2074 :	01000000000000000000000000000000;
	2073 :	01000000000000000000000000000000;
	2072 :	01000000000000000000000000000000;
	2071 :	01000000000000000000000000000000;
	2070 :	01000000000000000000000000000000;
	2069 :	01000000000000000000000000000000;
	2068 :	01000000000000000000000000000000;
	2067 :	01000000000000000000000000000000;
	2066 :	01000000000000000000000000000000;
	2065 :	01000000000000000000000000000000;
	2064 :	01000000000000000000000000000000;
	2063 :	01000000000000000000000000000000;
	2062 :	01000000000000000000000000000000;
	2061 :	01000000000000000000000000000000;
	2060 :	01000000000000000000000000000000;
	2059 :	01000000000000000000000000000000;
	2058 :	01000000000000000000000000000000;
	2057 :	01000000000000000000000000000000;
	2056 :	01000000000000000000000000000000;
	2055 :	01000000000000000000000000000000;
	2054 :	01000000000000000000000000000000;
	2053 :	01000000000000000000000000000000;
	2052 :	01000000000000000000000000000000;
	2051 :	01000000000000000000000000000000;
	2050 :	01000000000000000000000000000000;
	2049 :	01000000000000000000000000000000;
	2048 :	01000000000000000000000000000000;
	2047 :	01000000000000000000000000000000;
	2046 :	01000000000000000000000000000000;
	2045 :	01000000000000000000000000000000;
	2044 :	01000000000000000000000000000000;
	2043 :	01000000000000000000000000000000;
	2042 :	01000000000000000000000000000000;
	2041 :	01000000000000000000000000000000;
	2040 :	01000000000000000000000000000000;
	2039 :	01000000000000000000000000000000;
	2038 :	01000000000000000000000000000000;
	2037 :	01000000000000000000000000000000;
	2036 :	01000000000000000000000000000000;
	2035 :	01000000000000000000000000000000;
	2034 :	01000000000000000000000000000000;
	2033 :	01000000000000000000000000000000;
	2032 :	01000000000000000000000000000000;
	2031 :	01000000000000000000000000000000;
	2030 :	01000000000000000000000000000000;
	2029 :	01000000000000000000000000000000;
	2028 :	01000000000000000000000000000000;
	2027 :	01000000000000000000000000000000;
	2026 :	01000000000000000000000000000000;
	2025 :	01000000000000000000000000000000;
	2024 :	01000000000000000000000000000000;
	2023 :	01000000000000000000000000000000;
	2022 :	01000000000000000000000000000000;
	2021 :	01000000000000000000000000000000;
	2020 :	01000000000000000000000000000000;
	2019 :	01000000000000000000000000000000;
	2018 :	01000000000000000000000000000000;
	2017 :	01000000000000000000000000000000;
	2016 :	01000000000000000000000000000000;
	2015 :	01000000000000000000000000000000;
	2014 :	01000000000000000000000000000000;
	2013 :	01000000000000000000000000000000;
	2012 :	01000000000000000000000000000000;
	2011 :	01000000000000000000000000000000;
	2010 :	01000000000000000000000000000000;
	2009 :	01000000000000000000000000000000;
	2008 :	01000000000000000000000000000000;
	2007 :	01000000000000000000000000000000;
	2006 :	01000000000000000000000000000000;
	2005 :	01000000000000000000000000000000;
	2004 :	01000000000000000000000000000000;
	2003 :	01000000000000000000000000000000;
	2002 :	01000000000000000000000000000000;
	2001 :	01000000000000000000000000000000;
	2000 :	01000000000000000000000000000000;
	1999 :	01000000000000000000000000000000;
	1998 :	01000000000000000000000000000000;
	1997 :	01000000000000000000000000000000;
	1996 :	01000000000000000000000000000000;
	1995 :	01000000000000000000000000000000;
	1994 :	01000000000000000000000000000000;
	1993 :	01000000000000000000000000000000;
	1992 :	01000000000000000000000000000000;
	1991 :	01000000000000000000000000000000;
	1990 :	01000000000000000000000000000000;
	1989 :	01000000000000000000000000000000;
	1988 :	01000000000000000000000000000000;
	1987 :	01000000000000000000000000000000;
	1986 :	01000000000000000000000000000000;
	1985 :	01000000000000000000000000000000;
	1984 :	01000000000000000000000000000000;
	1983 :	01000000000000000000000000000000;
	1982 :	01000000000000000000000000000000;
	1981 :	01000000000000000000000000000000;
	1980 :	01000000000000000000000000000000;
	1979 :	01000000000000000000000000000000;
	1978 :	01000000000000000000000000000000;
	1977 :	01000000000000000000000000000000;
	1976 :	01000000000000000000000000000000;
	1975 :	01000000000000000000000000000000;
	1974 :	01000000000000000000000000000000;
	1973 :	01000000000000000000000000000000;
	1972 :	01000000000000000000000000000000;
	1971 :	01000000000000000000000000000000;
	1970 :	01000000000000000000000000000000;
	1969 :	01000000000000000000000000000000;
	1968 :	01000000000000000000000000000000;
	1967 :	01000000000000000000000000000000;
	1966 :	01000000000000000000000000000000;
	1965 :	01000000000000000000000000000000;
	1964 :	01000000000000000000000000000000;
	1963 :	01000000000000000000000000000000;
	1962 :	01000000000000000000000000000000;
	1961 :	01000000000000000000000000000000;
	1960 :	01000000000000000000000000000000;
	1959 :	01000000000000000000000000000000;
	1958 :	01000000000000000000000000000000;
	1957 :	01000000000000000000000000000000;
	1956 :	01000000000000000000000000000000;
	1955 :	01000000000000000000000000000000;
	1954 :	01000000000000000000000000000000;
	1953 :	01000000000000000000000000000000;
	1952 :	01000000000000000000000000000000;
	1951 :	01000000000000000000000000000000;
	1950 :	01000000000000000000000000000000;
	1949 :	01000000000000000000000000000000;
	1948 :	01000000000000000000000000000000;
	1947 :	01000000000000000000000000000000;
	1946 :	01000000000000000000000000000000;
	1945 :	01000000000000000000000000000000;
	1944 :	01000000000000000000000000000000;
	1943 :	01000000000000000000000000000000;
	1942 :	01000000000000000000000000000000;
	1941 :	01000000000000000000000000000000;
	1940 :	01000000000000000000000000000000;
	1939 :	01000000000000000000000000000000;
	1938 :	01000000000000000000000000000000;
	1937 :	01000000000000000000000000000000;
	1936 :	01000000000000000000000000000000;
	1935 :	01000000000000000000000000000000;
	1934 :	01000000000000000000000000000000;
	1933 :	01000000000000000000000000000000;
	1932 :	01000000000000000000000000000000;
	1931 :	01000000000000000000000000000000;
	1930 :	01000000000000000000000000000000;
	1929 :	01000000000000000000000000000000;
	1928 :	01000000000000000000000000000000;
	1927 :	01000000000000000000000000000000;
	1926 :	01000000000000000000000000000000;
	1925 :	01000000000000000000000000000000;
	1924 :	01000000000000000000000000000000;
	1923 :	01000000000000000000000000000000;
	1922 :	01000000000000000000000000000000;
	1921 :	01000000000000000000000000000000;
	1920 :	01000000000000000000000000000000;
	1919 :	01000000000000000000000000000000;
	1918 :	01000000000000000000000000000000;
	1917 :	01000000000000000000000000000000;
	1916 :	01000000000000000000000000000000;
	1915 :	01000000000000000000000000000000;
	1914 :	01000000000000000000000000000000;
	1913 :	01000000000000000000000000000000;
	1912 :	01000000000000000000000000000000;
	1911 :	01000000000000000000000000000000;
	1910 :	01000000000000000000000000000000;
	1909 :	01000000000000000000000000000000;
	1908 :	01000000000000000000000000000000;
	1907 :	01000000000000000000000000000000;
	1906 :	01000000000000000000000000000000;
	1905 :	01000000000000000000000000000000;
	1904 :	01000000000000000000000000000000;
	1903 :	01000000000000000000000000000000;
	1902 :	01000000000000000000000000000000;
	1901 :	01000000000000000000000000000000;
	1900 :	01000000000000000000000000000000;
	1899 :	01000000000000000000000000000000;
	1898 :	01000000000000000000000000000000;
	1897 :	01000000000000000000000000000000;
	1896 :	01000000000000000000000000000000;
	1895 :	01000000000000000000000000000000;
	1894 :	01000000000000000000000000000000;
	1893 :	01000000000000000000000000000000;
	1892 :	01000000000000000000000000000000;
	1891 :	01000000000000000000000000000000;
	1890 :	01000000000000000000000000000000;
	1889 :	01000000000000000000000000000000;
	1888 :	01000000000000000000000000000000;
	1887 :	01000000000000000000000000000000;
	1886 :	01000000000000000000000000000000;
	1885 :	01000000000000000000000000000000;
	1884 :	01000000000000000000000000000000;
	1883 :	01000000000000000000000000000000;
	1882 :	01000000000000000000000000000000;
	1881 :	01000000000000000000000000000000;
	1880 :	01000000000000000000000000000000;
	1879 :	01000000000000000000000000000000;
	1878 :	01000000000000000000000000000000;
	1877 :	01000000000000000000000000000000;
	1876 :	01000000000000000000000000000000;
	1875 :	01000000000000000000000000000000;
	1874 :	01000000000000000000000000000000;
	1873 :	01000000000000000000000000000000;
	1872 :	01000000000000000000000000000000;
	1871 :	01000000000000000000000000000000;
	1870 :	01000000000000000000000000000000;
	1869 :	01000000000000000000000000000000;
	1868 :	01000000000000000000000000000000;
	1867 :	01000000000000000000000000000000;
	1866 :	01000000000000000000000000000000;
	1865 :	01000000000000000000000000000000;
	1864 :	01000000000000000000000000000000;
	1863 :	01000000000000000000000000000000;
	1862 :	01000000000000000000000000000000;
	1861 :	01000000000000000000000000000000;
	1860 :	01000000000000000000000000000000;
	1859 :	01000000000000000000000000000000;
	1858 :	01000000000000000000000000000000;
	1857 :	01000000000000000000000000000000;
	1856 :	01000000000000000000000000000000;
	1855 :	01000000000000000000000000000000;
	1854 :	01000000000000000000000000000000;
	1853 :	01000000000000000000000000000000;
	1852 :	01000000000000000000000000000000;
	1851 :	01000000000000000000000000000000;
	1850 :	01000000000000000000000000000000;
	1849 :	01000000000000000000000000000000;
	1848 :	01000000000000000000000000000000;
	1847 :	01000000000000000000000000000000;
	1846 :	01000000000000000000000000000000;
	1845 :	01000000000000000000000000000000;
	1844 :	01000000000000000000000000000000;
	1843 :	01000000000000000000000000000000;
	1842 :	01000000000000000000000000000000;
	1841 :	01000000000000000000000000000000;
	1840 :	01000000000000000000000000000000;
	1839 :	01000000000000000000000000000000;
	1838 :	01000000000000000000000000000000;
	1837 :	01000000000000000000000000000000;
	1836 :	01000000000000000000000000000000;
	1835 :	01000000000000000000000000000000;
	1834 :	01000000000000000000000000000000;
	1833 :	01000000000000000000000000000000;
	1832 :	01000000000000000000000000000000;
	1831 :	01000000000000000000000000000000;
	1830 :	01000000000000000000000000000000;
	1829 :	01000000000000000000000000000000;
	1828 :	01000000000000000000000000000000;
	1827 :	01000000000000000000000000000000;
	1826 :	01000000000000000000000000000000;
	1825 :	01000000000000000000000000000000;
	1824 :	01000000000000000000000000000000;
	1823 :	01000000000000000000000000000000;
	1822 :	01000000000000000000000000000000;
	1821 :	01000000000000000000000000000000;
	1820 :	01000000000000000000000000000000;
	1819 :	01000000000000000000000000000000;
	1818 :	01000000000000000000000000000000;
	1817 :	01000000000000000000000000000000;
	1816 :	01000000000000000000000000000000;
	1815 :	01000000000000000000000000000000;
	1814 :	01000000000000000000000000000000;
	1813 :	01000000000000000000000000000000;
	1812 :	01000000000000000000000000000000;
	1811 :	01000000000000000000000000000000;
	1810 :	01000000000000000000000000000000;
	1809 :	01000000000000000000000000000000;
	1808 :	01000000000000000000000000000000;
	1807 :	01000000000000000000000000000000;
	1806 :	01000000000000000000000000000000;
	1805 :	01000000000000000000000000000000;
	1804 :	01000000000000000000000000000000;
	1803 :	01000000000000000000000000000000;
	1802 :	01000000000000000000000000000000;
	1801 :	01000000000000000000000000000000;
	1800 :	01000000000000000000000000000000;
	1799 :	01000000000000000000000000000000;
	1798 :	01000000000000000000000000000000;
	1797 :	01000000000000000000000000000000;
	1796 :	01000000000000000000000000000000;
	1795 :	01000000000000000000000000000000;
	1794 :	01000000000000000000000000000000;
	1793 :	01000000000000000000000000000000;
	1792 :	01000000000000000000000000000000;
	1791 :	01000000000000000000000000000000;
	1790 :	01000000000000000000000000000000;
	1789 :	01000000000000000000000000000000;
	1788 :	01000000000000000000000000000000;
	1787 :	01000000000000000000000000000000;
	1786 :	01000000000000000000000000000000;
	1785 :	01000000000000000000000000000000;
	1784 :	01000000000000000000000000000000;
	1783 :	01000000000000000000000000000000;
	1782 :	01000000000000000000000000000000;
	1781 :	01000000000000000000000000000000;
	1780 :	01000000000000000000000000000000;
	1779 :	01000000000000000000000000000000;
	1778 :	01000000000000000000000000000000;
	1777 :	01000000000000000000000000000000;
	1776 :	01000000000000000000000000000000;
	1775 :	01000000000000000000000000000000;
	1774 :	01000000000000000000000000000000;
	1773 :	01000000000000000000000000000000;
	1772 :	01000000000000000000000000000000;
	1771 :	01000000000000000000000000000000;
	1770 :	01000000000000000000000000000000;
	1769 :	01000000000000000000000000000000;
	1768 :	01000000000000000000000000000000;
	1767 :	01000000000000000000000000000000;
	1766 :	01000000000000000000000000000000;
	1765 :	01000000000000000000000000000000;
	1764 :	01000000000000000000000000000000;
	1763 :	01000000000000000000000000000000;
	1762 :	01000000000000000000000000000000;
	1761 :	01000000000000000000000000000000;
	1760 :	01000000000000000000000000000000;
	1759 :	01000000000000000000000000000000;
	1758 :	01000000000000000000000000000000;
	1757 :	01000000000000000000000000000000;
	1756 :	01000000000000000000000000000000;
	1755 :	01000000000000000000000000000000;
	1754 :	01000000000000000000000000000000;
	1753 :	01000000000000000000000000000000;
	1752 :	01000000000000000000000000000000;
	1751 :	01000000000000000000000000000000;
	1750 :	01000000000000000000000000000000;
	1749 :	01000000000000000000000000000000;
	1748 :	01000000000000000000000000000000;
	1747 :	01000000000000000000000000000000;
	1746 :	01000000000000000000000000000000;
	1745 :	01000000000000000000000000000000;
	1744 :	01000000000000000000000000000000;
	1743 :	01000000000000000000000000000000;
	1742 :	01000000000000000000000000000000;
	1741 :	01000000000000000000000000000000;
	1740 :	01000000000000000000000000000000;
	1739 :	01000000000000000000000000000000;
	1738 :	01000000000000000000000000000000;
	1737 :	01000000000000000000000000000000;
	1736 :	01000000000000000000000000000000;
	1735 :	01000000000000000000000000000000;
	1734 :	01000000000000000000000000000000;
	1733 :	01000000000000000000000000000000;
	1732 :	01000000000000000000000000000000;
	1731 :	01000000000000000000000000000000;
	1730 :	01000000000000000000000000000000;
	1729 :	01000000000000000000000000000000;
	1728 :	01000000000000000000000000000000;
	1727 :	01000000000000000000000000000000;
	1726 :	01000000000000000000000000000000;
	1725 :	01000000000000000000000000000000;
	1724 :	01000000000000000000000000000000;
	1723 :	01000000000000000000000000000000;
	1722 :	01000000000000000000000000000000;
	1721 :	01000000000000000000000000000000;
	1720 :	01000000000000000000000000000000;
	1719 :	01000000000000000000000000000000;
	1718 :	01000000000000000000000000000000;
	1717 :	01000000000000000000000000000000;
	1716 :	01000000000000000000000000000000;
	1715 :	01000000000000000000000000000000;
	1714 :	01000000000000000000000000000000;
	1713 :	01000000000000000000000000000000;
	1712 :	01000000000000000000000000000000;
	1711 :	01000000000000000000000000000000;
	1710 :	01000000000000000000000000000000;
	1709 :	01000000000000000000000000000000;
	1708 :	01000000000000000000000000000000;
	1707 :	01000000000000000000000000000000;
	1706 :	01000000000000000000000000000000;
	1705 :	01000000000000000000000000000000;
	1704 :	01000000000000000000000000000000;
	1703 :	01000000000000000000000000000000;
	1702 :	01000000000000000000000000000000;
	1701 :	01000000000000000000000000000000;
	1700 :	01000000000000000000000000000000;
	1699 :	01000000000000000000000000000000;
	1698 :	01000000000000000000000000000000;
	1697 :	01000000000000000000000000000000;
	1696 :	01000000000000000000000000000000;
	1695 :	01000000000000000000000000000000;
	1694 :	01000000000000000000000000000000;
	1693 :	01000000000000000000000000000000;
	1692 :	01000000000000000000000000000000;
	1691 :	01000000000000000000000000000000;
	1690 :	01000000000000000000000000000000;
	1689 :	01000000000000000000000000000000;
	1688 :	01000000000000000000000000000000;
	1687 :	01000000000000000000000000000000;
	1686 :	01000000000000000000000000000000;
	1685 :	01000000000000000000000000000000;
	1684 :	01000000000000000000000000000000;
	1683 :	01000000000000000000000000000000;
	1682 :	01000000000000000000000000000000;
	1681 :	01000000000000000000000000000000;
	1680 :	01000000000000000000000000000000;
	1679 :	01000000000000000000000000000000;
	1678 :	01000000000000000000000000000000;
	1677 :	01000000000000000000000000000000;
	1676 :	01000000000000000000000000000000;
	1675 :	01000000000000000000000000000000;
	1674 :	01000000000000000000000000000000;
	1673 :	01000000000000000000000000000000;
	1672 :	01000000000000000000000000000000;
	1671 :	01000000000000000000000000000000;
	1670 :	01000000000000000000000000000000;
	1669 :	01000000000000000000000000000000;
	1668 :	01000000000000000000000000000000;
	1667 :	01000000000000000000000000000000;
	1666 :	01000000000000000000000000000000;
	1665 :	01000000000000000000000000000000;
	1664 :	01000000000000000000000000000000;
	1663 :	01000000000000000000000000000000;
	1662 :	01000000000000000000000000000000;
	1661 :	01000000000000000000000000000000;
	1660 :	01000000000000000000000000000000;
	1659 :	01000000000000000000000000000000;
	1658 :	01000000000000000000000000000000;
	1657 :	01000000000000000000000000000000;
	1656 :	01000000000000000000000000000000;
	1655 :	01000000000000000000000000000000;
	1654 :	01000000000000000000000000000000;
	1653 :	01000000000000000000000000000000;
	1652 :	01000000000000000000000000000000;
	1651 :	01000000000000000000000000000000;
	1650 :	01000000000000000000000000000000;
	1649 :	01000000000000000000000000000000;
	1648 :	01000000000000000000000000000000;
	1647 :	01000000000000000000000000000000;
	1646 :	01000000000000000000000000000000;
	1645 :	01000000000000000000000000000000;
	1644 :	01000000000000000000000000000000;
	1643 :	01000000000000000000000000000000;
	1642 :	01000000000000000000000000000000;
	1641 :	01000000000000000000000000000000;
	1640 :	01000000000000000000000000000000;
	1639 :	01000000000000000000000000000000;
	1638 :	01000000000000000000000000000000;
	1637 :	01000000000000000000000000000000;
	1636 :	01000000000000000000000000000000;
	1635 :	01000000000000000000000000000000;
	1634 :	01000000000000000000000000000000;
	1633 :	01000000000000000000000000000000;
	1632 :	01000000000000000000000000000000;
	1631 :	01000000000000000000000000000000;
	1630 :	01000000000000000000000000000000;
	1629 :	01000000000000000000000000000000;
	1628 :	01000000000000000000000000000000;
	1627 :	01000000000000000000000000000000;
	1626 :	01000000000000000000000000000000;
	1625 :	01000000000000000000000000000000;
	1624 :	01000000000000000000000000000000;
	1623 :	01000000000000000000000000000000;
	1622 :	01000000000000000000000000000000;
	1621 :	01000000000000000000000000000000;
	1620 :	01000000000000000000000000000000;
	1619 :	01000000000000000000000000000000;
	1618 :	01000000000000000000000000000000;
	1617 :	01000000000000000000000000000000;
	1616 :	01000000000000000000000000000000;
	1615 :	01000000000000000000000000000000;
	1614 :	01000000000000000000000000000000;
	1613 :	01000000000000000000000000000000;
	1612 :	01000000000000000000000000000000;
	1611 :	01000000000000000000000000000000;
	1610 :	01000000000000000000000000000000;
	1609 :	01000000000000000000000000000000;
	1608 :	01000000000000000000000000000000;
	1607 :	01000000000000000000000000000000;
	1606 :	01000000000000000000000000000000;
	1605 :	01000000000000000000000000000000;
	1604 :	01000000000000000000000000000000;
	1603 :	01000000000000000000000000000000;
	1602 :	01000000000000000000000000000000;
	1601 :	01000000000000000000000000000000;
	1600 :	01000000000000000000000000000000;
	1599 :	01000000000000000000000000000000;
	1598 :	01000000000000000000000000000000;
	1597 :	01000000000000000000000000000000;
	1596 :	01000000000000000000000000000000;
	1595 :	01000000000000000000000000000000;
	1594 :	01000000000000000000000000000000;
	1593 :	01000000000000000000000000000000;
	1592 :	01000000000000000000000000000000;
	1591 :	01000000000000000000000000000000;
	1590 :	01000000000000000000000000000000;
	1589 :	01000000000000000000000000000000;
	1588 :	01000000000000000000000000000000;
	1587 :	01000000000000000000000000000000;
	1586 :	01000000000000000000000000000000;
	1585 :	01000000000000000000000000000000;
	1584 :	01000000000000000000000000000000;
	1583 :	01000000000000000000000000000000;
	1582 :	01000000000000000000000000000000;
	1581 :	01000000000000000000000000000000;
	1580 :	01000000000000000000000000000000;
	1579 :	01000000000000000000000000000000;
	1578 :	01000000000000000000000000000000;
	1577 :	01000000000000000000000000000000;
	1576 :	01000000000000000000000000000000;
	1575 :	01000000000000000000000000000000;
	1574 :	01000000000000000000000000000000;
	1573 :	01000000000000000000000000000000;
	1572 :	01000000000000000000000000000000;
	1571 :	01000000000000000000000000000000;
	1570 :	01000000000000000000000000000000;
	1569 :	01000000000000000000000000000000;
	1568 :	01000000000000000000000000000000;
	1567 :	01000000000000000000000000000000;
	1566 :	01000000000000000000000000000000;
	1565 :	01000000000000000000000000000000;
	1564 :	01000000000000000000000000000000;
	1563 :	01000000000000000000000000000000;
	1562 :	01000000000000000000000000000000;
	1561 :	01000000000000000000000000000000;
	1560 :	01000000000000000000000000000000;
	1559 :	01000000000000000000000000000000;
	1558 :	01000000000000000000000000000000;
	1557 :	01000000000000000000000000000000;
	1556 :	01000000000000000000000000000000;
	1555 :	01000000000000000000000000000000;
	1554 :	01000000000000000000000000000000;
	1553 :	01000000000000000000000000000000;
	1552 :	01000000000000000000000000000000;
	1551 :	01000000000000000000000000000000;
	1550 :	01000000000000000000000000000000;
	1549 :	01000000000000000000000000000000;
	1548 :	01000000000000000000000000000000;
	1547 :	01000000000000000000000000000000;
	1546 :	01000000000000000000000000000000;
	1545 :	01000000000000000000000000000000;
	1544 :	01000000000000000000000000000000;
	1543 :	01000000000000000000000000000000;
	1542 :	01000000000000000000000000000000;
	1541 :	01000000000000000000000000000000;
	1540 :	01000000000000000000000000000000;
	1539 :	01000000000000000000000000000000;
	1538 :	01000000000000000000000000000000;
	1537 :	01000000000000000000000000000000;
	1536 :	01000000000000000000000000000000;
	1535 :	01000000000000000000000000000000;
	1534 :	01000000000000000000000000000000;
	1533 :	01000000000000000000000000000000;
	1532 :	01000000000000000000000000000000;
	1531 :	01000000000000000000000000000000;
	1530 :	01000000000000000000000000000000;
	1529 :	01000000000000000000000000000000;
	1528 :	01000000000000000000000000000000;
	1527 :	01000000000000000000000000000000;
	1526 :	01000000000000000000000000000000;
	1525 :	01000000000000000000000000000000;
	1524 :	01000000000000000000000000000000;
	1523 :	01000000000000000000000000000000;
	1522 :	01000000000000000000000000000000;
	1521 :	01000000000000000000000000000000;
	1520 :	01000000000000000000000000000000;
	1519 :	01000000000000000000000000000000;
	1518 :	01000000000000000000000000000000;
	1517 :	01000000000000000000000000000000;
	1516 :	01000000000000000000000000000000;
	1515 :	01000000000000000000000000000000;
	1514 :	01000000000000000000000000000000;
	1513 :	01000000000000000000000000000000;
	1512 :	01000000000000000000000000000000;
	1511 :	01000000000000000000000000000000;
	1510 :	01000000000000000000000000000000;
	1509 :	01000000000000000000000000000000;
	1508 :	01000000000000000000000000000000;
	1507 :	01000000000000000000000000000000;
	1506 :	01000000000000000000000000000000;
	1505 :	01000000000000000000000000000000;
	1504 :	01000000000000000000000000000000;
	1503 :	01000000000000000000000000000000;
	1502 :	01000000000000000000000000000000;
	1501 :	01000000000000000000000000000000;
	1500 :	01000000000000000000000000000000;
	1499 :	01000000000000000000000000000000;
	1498 :	01000000000000000000000000000000;
	1497 :	01000000000000000000000000000000;
	1496 :	01000000000000000000000000000000;
	1495 :	01000000000000000000000000000000;
	1494 :	01000000000000000000000000000000;
	1493 :	01000000000000000000000000000000;
	1492 :	01000000000000000000000000000000;
	1491 :	01000000000000000000000000000000;
	1490 :	01000000000000000000000000000000;
	1489 :	01000000000000000000000000000000;
	1488 :	01000000000000000000000000000000;
	1487 :	01000000000000000000000000000000;
	1486 :	01000000000000000000000000000000;
	1485 :	01000000000000000000000000000000;
	1484 :	01000000000000000000000000000000;
	1483 :	01000000000000000000000000000000;
	1482 :	01000000000000000000000000000000;
	1481 :	01000000000000000000000000000000;
	1480 :	01000000000000000000000000000000;
	1479 :	01000000000000000000000000000000;
	1478 :	01000000000000000000000000000000;
	1477 :	01000000000000000000000000000000;
	1476 :	01000000000000000000000000000000;
	1475 :	01000000000000000000000000000000;
	1474 :	01000000000000000000000000000000;
	1473 :	01000000000000000000000000000000;
	1472 :	01000000000000000000000000000000;
	1471 :	01000000000000000000000000000000;
	1470 :	01000000000000000000000000000000;
	1469 :	01000000000000000000000000000000;
	1468 :	01000000000000000000000000000000;
	1467 :	01000000000000000000000000000000;
	1466 :	01000000000000000000000000000000;
	1465 :	01000000000000000000000000000000;
	1464 :	01000000000000000000000000000000;
	1463 :	01000000000000000000000000000000;
	1462 :	01000000000000000000000000000000;
	1461 :	01000000000000000000000000000000;
	1460 :	01000000000000000000000000000000;
	1459 :	01000000000000000000000000000000;
	1458 :	01000000000000000000000000000000;
	1457 :	01000000000000000000000000000000;
	1456 :	01000000000000000000000000000000;
	1455 :	01000000000000000000000000000000;
	1454 :	01000000000000000000000000000000;
	1453 :	01000000000000000000000000000000;
	1452 :	01000000000000000000000000000000;
	1451 :	01000000000000000000000000000000;
	1450 :	01000000000000000000000000000000;
	1449 :	01000000000000000000000000000000;
	1448 :	01000000000000000000000000000000;
	1447 :	01000000000000000000000000000000;
	1446 :	01000000000000000000000000000000;
	1445 :	01000000000000000000000000000000;
	1444 :	01000000000000000000000000000000;
	1443 :	01000000000000000000000000000000;
	1442 :	01000000000000000000000000000000;
	1441 :	01000000000000000000000000000000;
	1440 :	01000000000000000000000000000000;
	1439 :	01000000000000000000000000000000;
	1438 :	01000000000000000000000000000000;
	1437 :	01000000000000000000000000000000;
	1436 :	01000000000000000000000000000000;
	1435 :	01000000000000000000000000000000;
	1434 :	01000000000000000000000000000000;
	1433 :	01000000000000000000000000000000;
	1432 :	01000000000000000000000000000000;
	1431 :	01000000000000000000000000000000;
	1430 :	01000000000000000000000000000000;
	1429 :	01000000000000000000000000000000;
	1428 :	01000000000000000000000000000000;
	1427 :	01000000000000000000000000000000;
	1426 :	01000000000000000000000000000000;
	1425 :	01000000000000000000000000000000;
	1424 :	01000000000000000000000000000000;
	1423 :	01000000000000000000000000000000;
	1422 :	01000000000000000000000000000000;
	1421 :	01000000000000000000000000000000;
	1420 :	01000000000000000000000000000000;
	1419 :	01000000000000000000000000000000;
	1418 :	01000000000000000000000000000000;
	1417 :	01000000000000000000000000000000;
	1416 :	01000000000000000000000000000000;
	1415 :	01000000000000000000000000000000;
	1414 :	01000000000000000000000000000000;
	1413 :	01000000000000000000000000000000;
	1412 :	01000000000000000000000000000000;
	1411 :	01000000000000000000000000000000;
	1410 :	01000000000000000000000000000000;
	1409 :	01000000000000000000000000000000;
	1408 :	01000000000000000000000000000000;
	1407 :	01000000000000000000000000000000;
	1406 :	01000000000000000000000000000000;
	1405 :	01000000000000000000000000000000;
	1404 :	01000000000000000000000000000000;
	1403 :	01000000000000000000000000000000;
	1402 :	01000000000000000000000000000000;
	1401 :	01000000000000000000000000000000;
	1400 :	01000000000000000000000000000000;
	1399 :	01000000000000000000000000000000;
	1398 :	01000000000000000000000000000000;
	1397 :	01000000000000000000000000000000;
	1396 :	01000000000000000000000000000000;
	1395 :	01000000000000000000000000000000;
	1394 :	01000000000000000000000000000000;
	1393 :	01000000000000000000000000000000;
	1392 :	01000000000000000000000000000000;
	1391 :	01000000000000000000000000000000;
	1390 :	01000000000000000000000000000000;
	1389 :	01000000000000000000000000000000;
	1388 :	01000000000000000000000000000000;
	1387 :	01000000000000000000000000000000;
	1386 :	01000000000000000000000000000000;
	1385 :	01000000000000000000000000000000;
	1384 :	01000000000000000000000000000000;
	1383 :	01000000000000000000000000000000;
	1382 :	01000000000000000000000000000000;
	1381 :	01000000000000000000000000000000;
	1380 :	01000000000000000000000000000000;
	1379 :	01000000000000000000000000000000;
	1378 :	01000000000000000000000000000000;
	1377 :	01000000000000000000000000000000;
	1376 :	01000000000000000000000000000000;
	1375 :	01000000000000000000000000000000;
	1374 :	01000000000000000000000000000000;
	1373 :	01000000000000000000000000000000;
	1372 :	01000000000000000000000000000000;
	1371 :	01000000000000000000000000000000;
	1370 :	01000000000000000000000000000000;
	1369 :	01000000000000000000000000000000;
	1368 :	01000000000000000000000000000000;
	1367 :	01000000000000000000000000000000;
	1366 :	01000000000000000000000000000000;
	1365 :	01000000000000000000000000000000;
	1364 :	01000000000000000000000000000000;
	1363 :	01000000000000000000000000000000;
	1362 :	01000000000000000000000000000000;
	1361 :	01000000000000000000000000000000;
	1360 :	01000000000000000000000000000000;
	1359 :	01000000000000000000000000000000;
	1358 :	01000000000000000000000000000000;
	1357 :	01000000000000000000000000000000;
	1356 :	01000000000000000000000000000000;
	1355 :	01000000000000000000000000000000;
	1354 :	01000000000000000000000000000000;
	1353 :	01000000000000000000000000000000;
	1352 :	01000000000000000000000000000000;
	1351 :	01000000000000000000000000000000;
	1350 :	01000000000000000000000000000000;
	1349 :	01000000000000000000000000000000;
	1348 :	01000000000000000000000000000000;
	1347 :	01000000000000000000000000000000;
	1346 :	01000000000000000000000000000000;
	1345 :	01000000000000000000000000000000;
	1344 :	01000000000000000000000000000000;
	1343 :	01000000000000000000000000000000;
	1342 :	01000000000000000000000000000000;
	1341 :	01000000000000000000000000000000;
	1340 :	01000000000000000000000000000000;
	1339 :	01000000000000000000000000000000;
	1338 :	01000000000000000000000000000000;
	1337 :	01000000000000000000000000000000;
	1336 :	01000000000000000000000000000000;
	1335 :	01000000000000000000000000000000;
	1334 :	01000000000000000000000000000000;
	1333 :	01000000000000000000000000000000;
	1332 :	01000000000000000000000000000000;
	1331 :	01000000000000000000000000000000;
	1330 :	01000000000000000000000000000000;
	1329 :	01000000000000000000000000000000;
	1328 :	01000000000000000000000000000000;
	1327 :	01000000000000000000000000000000;
	1326 :	01000000000000000000000000000000;
	1325 :	01000000000000000000000000000000;
	1324 :	01000000000000000000000000000000;
	1323 :	01000000000000000000000000000000;
	1322 :	01000000000000000000000000000000;
	1321 :	01000000000000000000000000000000;
	1320 :	01000000000000000000000000000000;
	1319 :	01000000000000000000000000000000;
	1318 :	01000000000000000000000000000000;
	1317 :	01000000000000000000000000000000;
	1316 :	01000000000000000000000000000000;
	1315 :	01000000000000000000000000000000;
	1314 :	01000000000000000000000000000000;
	1313 :	01000000000000000000000000000000;
	1312 :	01000000000000000000000000000000;
	1311 :	01000000000000000000000000000000;
	1310 :	01000000000000000000000000000000;
	1309 :	01000000000000000000000000000000;
	1308 :	01000000000000000000000000000000;
	1307 :	01000000000000000000000000000000;
	1306 :	01000000000000000000000000000000;
	1305 :	01000000000000000000000000000000;
	1304 :	01000000000000000000000000000000;
	1303 :	01000000000000000000000000000000;
	1302 :	01000000000000000000000000000000;
	1301 :	01000000000000000000000000000000;
	1300 :	01000000000000000000000000000000;
	1299 :	01000000000000000000000000000000;
	1298 :	01000000000000000000000000000000;
	1297 :	01000000000000000000000000000000;
	1296 :	01000000000000000000000000000000;
	1295 :	01000000000000000000000000000000;
	1294 :	01000000000000000000000000000000;
	1293 :	01000000000000000000000000000000;
	1292 :	01000000000000000000000000000000;
	1291 :	01000000000000000000000000000000;
	1290 :	01000000000000000000000000000000;
	1289 :	01000000000000000000000000000000;
	1288 :	01000000000000000000000000000000;
	1287 :	01000000000000000000000000000000;
	1286 :	01000000000000000000000000000000;
	1285 :	01000000000000000000000000000000;
	1284 :	01000000000000000000000000000000;
	1283 :	01000000000000000000000000000000;
	1282 :	01000000000000000000000000000000;
	1281 :	01000000000000000000000000000000;
	1280 :	01000000000000000000000000000000;
	1279 :	01000000000000000000000000000000;
	1278 :	01000000000000000000000000000000;
	1277 :	01000000000000000000000000000000;
	1276 :	01000000000000000000000000000000;
	1275 :	01000000000000000000000000000000;
	1274 :	01000000000000000000000000000000;
	1273 :	01000000000000000000000000000000;
	1272 :	01000000000000000000000000000000;
	1271 :	01000000000000000000000000000000;
	1270 :	01000000000000000000000000000000;
	1269 :	01000000000000000000000000000000;
	1268 :	01000000000000000000000000000000;
	1267 :	01000000000000000000000000000000;
	1266 :	01000000000000000000000000000000;
	1265 :	01000000000000000000000000000000;
	1264 :	01000000000000000000000000000000;
	1263 :	01000000000000000000000000000000;
	1262 :	01000000000000000000000000000000;
	1261 :	01000000000000000000000000000000;
	1260 :	01000000000000000000000000000000;
	1259 :	01000000000000000000000000000000;
	1258 :	01000000000000000000000000000000;
	1257 :	01000000000000000000000000000000;
	1256 :	01000000000000000000000000000000;
	1255 :	01000000000000000000000000000000;
	1254 :	01000000000000000000000000000000;
	1253 :	01000000000000000000000000000000;
	1252 :	01000000000000000000000000000000;
	1251 :	01000000000000000000000000000000;
	1250 :	01000000000000000000000000000000;
	1249 :	01000000000000000000000000000000;
	1248 :	01000000000000000000000000000000;
	1247 :	01000000000000000000000000000000;
	1246 :	01000000000000000000000000000000;
	1245 :	01000000000000000000000000000000;
	1244 :	01000000000000000000000000000000;
	1243 :	01000000000000000000000000000000;
	1242 :	01000000000000000000000000000000;
	1241 :	01000000000000000000000000000000;
	1240 :	01000000000000000000000000000000;
	1239 :	01000000000000000000000000000000;
	1238 :	01000000000000000000000000000000;
	1237 :	01000000000000000000000000000000;
	1236 :	01000000000000000000000000000000;
	1235 :	01000000000000000000000000000000;
	1234 :	01000000000000000000000000000000;
	1233 :	01000000000000000000000000000000;
	1232 :	01000000000000000000000000000000;
	1231 :	01000000000000000000000000000000;
	1230 :	01000000000000000000000000000000;
	1229 :	01000000000000000000000000000000;
	1228 :	01000000000000000000000000000000;
	1227 :	01000000000000000000000000000000;
	1226 :	01000000000000000000000000000000;
	1225 :	01000000000000000000000000000000;
	1224 :	01000000000000000000000000000000;
	1223 :	01000000000000000000000000000000;
	1222 :	01000000000000000000000000000000;
	1221 :	01000000000000000000000000000000;
	1220 :	01000000000000000000000000000000;
	1219 :	01000000000000000000000000000000;
	1218 :	01000000000000000000000000000000;
	1217 :	01000000000000000000000000000000;
	1216 :	01000000000000000000000000000000;
	1215 :	01000000000000000000000000000000;
	1214 :	01000000000000000000000000000000;
	1213 :	01000000000000000000000000000000;
	1212 :	01000000000000000000000000000000;
	1211 :	01000000000000000000000000000000;
	1210 :	01000000000000000000000000000000;
	1209 :	01000000000000000000000000000000;
	1208 :	01000000000000000000000000000000;
	1207 :	01000000000000000000000000000000;
	1206 :	01000000000000000000000000000000;
	1205 :	01000000000000000000000000000000;
	1204 :	01000000000000000000000000000000;
	1203 :	01000000000000000000000000000000;
	1202 :	01000000000000000000000000000000;
	1201 :	01000000000000000000000000000000;
	1200 :	01000000000000000000000000000000;
	1199 :	01000000000000000000000000000000;
	1198 :	01000000000000000000000000000000;
	1197 :	01000000000000000000000000000000;
	1196 :	01000000000000000000000000000000;
	1195 :	01000000000000000000000000000000;
	1194 :	01000000000000000000000000000000;
	1193 :	01000000000000000000000000000000;
	1192 :	01000000000000000000000000000000;
	1191 :	01000000000000000000000000000000;
	1190 :	01000000000000000000000000000000;
	1189 :	01000000000000000000000000000000;
	1188 :	01000000000000000000000000000000;
	1187 :	01000000000000000000000000000000;
	1186 :	01000000000000000000000000000000;
	1185 :	01000000000000000000000000000000;
	1184 :	01000000000000000000000000000000;
	1183 :	01000000000000000000000000000000;
	1182 :	01000000000000000000000000000000;
	1181 :	01000000000000000000000000000000;
	1180 :	01000000000000000000000000000000;
	1179 :	01000000000000000000000000000000;
	1178 :	01000000000000000000000000000000;
	1177 :	01000000000000000000000000000000;
	1176 :	01000000000000000000000000000000;
	1175 :	01000000000000000000000000000000;
	1174 :	01000000000000000000000000000000;
	1173 :	01000000000000000000000000000000;
	1172 :	01000000000000000000000000000000;
	1171 :	01000000000000000000000000000000;
	1170 :	01000000000000000000000000000000;
	1169 :	01000000000000000000000000000000;
	1168 :	01000000000000000000000000000000;
	1167 :	01000000000000000000000000000000;
	1166 :	01000000000000000000000000000000;
	1165 :	01000000000000000000000000000000;
	1164 :	01000000000000000000000000000000;
	1163 :	01000000000000000000000000000000;
	1162 :	01000000000000000000000000000000;
	1161 :	01000000000000000000000000000000;
	1160 :	01000000000000000000000000000000;
	1159 :	01000000000000000000000000000000;
	1158 :	01000000000000000000000000000000;
	1157 :	01000000000000000000000000000000;
	1156 :	01000000000000000000000000000000;
	1155 :	01000000000000000000000000000000;
	1154 :	01000000000000000000000000000000;
	1153 :	01000000000000000000000000000000;
	1152 :	01000000000000000000000000000000;
	1151 :	01000000000000000000000000000000;
	1150 :	01000000000000000000000000000000;
	1149 :	01000000000000000000000000000000;
	1148 :	01000000000000000000000000000000;
	1147 :	01000000000000000000000000000000;
	1146 :	01000000000000000000000000000000;
	1145 :	01000000000000000000000000000000;
	1144 :	01000000000000000000000000000000;
	1143 :	01000000000000000000000000000000;
	1142 :	01000000000000000000000000000000;
	1141 :	01000000000000000000000000000000;
	1140 :	01000000000000000000000000000000;
	1139 :	01000000000000000000000000000000;
	1138 :	01000000000000000000000000000000;
	1137 :	01000000000000000000000000000000;
	1136 :	01000000000000000000000000000000;
	1135 :	01000000000000000000000000000000;
	1134 :	01000000000000000000000000000000;
	1133 :	01000000000000000000000000000000;
	1132 :	01000000000000000000000000000000;
	1131 :	01000000000000000000000000000000;
	1130 :	01000000000000000000000000000000;
	1129 :	01000000000000000000000000000000;
	1128 :	01000000000000000000000000000000;
	1127 :	01000000000000000000000000000000;
	1126 :	01000000000000000000000000000000;
	1125 :	01000000000000000000000000000000;
	1124 :	01000000000000000000000000000000;
	1123 :	01000000000000000000000000000000;
	1122 :	01000000000000000000000000000000;
	1121 :	01000000000000000000000000000000;
	1120 :	01000000000000000000000000000000;
	1119 :	01000000000000000000000000000000;
	1118 :	01000000000000000000000000000000;
	1117 :	01000000000000000000000000000000;
	1116 :	01000000000000000000000000000000;
	1115 :	01000000000000000000000000000000;
	1114 :	01000000000000000000000000000000;
	1113 :	01000000000000000000000000000000;
	1112 :	01000000000000000000000000000000;
	1111 :	01000000000000000000000000000000;
	1110 :	01000000000000000000000000000000;
	1109 :	01000000000000000000000000000000;
	1108 :	01000000000000000000000000000000;
	1107 :	01000000000000000000000000000000;
	1106 :	01000000000000000000000000000000;
	1105 :	01000000000000000000000000000000;
	1104 :	01000000000000000000000000000000;
	1103 :	01000000000000000000000000000000;
	1102 :	01000000000000000000000000000000;
	1101 :	01000000000000000000000000000000;
	1100 :	01000000000000000000000000000000;
	1099 :	01000000000000000000000000000000;
	1098 :	01000000000000000000000000000000;
	1097 :	01000000000000000000000000000000;
	1096 :	01000000000000000000000000000000;
	1095 :	01000000000000000000000000000000;
	1094 :	01000000000000000000000000000000;
	1093 :	01000000000000000000000000000000;
	1092 :	01000000000000000000000000000000;
	1091 :	01000000000000000000000000000000;
	1090 :	01000000000000000000000000000000;
	1089 :	01000000000000000000000000000000;
	1088 :	01000000000000000000000000000000;
	1087 :	01000000000000000000000000000000;
	1086 :	01000000000000000000000000000000;
	1085 :	01000000000000000000000000000000;
	1084 :	01000000000000000000000000000000;
	1083 :	01000000000000000000000000000000;
	1082 :	01000000000000000000000000000000;
	1081 :	01000000000000000000000000000000;
	1080 :	01000000000000000000000000000000;
	1079 :	01000000000000000000000000000000;
	1078 :	01000000000000000000000000000000;
	1077 :	01000000000000000000000000000000;
	1076 :	01000000000000000000000000000000;
	1075 :	01000000000000000000000000000000;
	1074 :	01000000000000000000000000000000;
	1073 :	01000000000000000000000000000000;
	1072 :	01000000000000000000000000000000;
	1071 :	01000000000000000000000000000000;
	1070 :	01000000000000000000000000000000;
	1069 :	01000000000000000000000000000000;
	1068 :	01000000000000000000000000000000;
	1067 :	01000000000000000000000000000000;
	1066 :	01000000000000000000000000000000;
	1065 :	01000000000000000000000000000000;
	1064 :	01000000000000000000000000000000;
	1063 :	01000000000000000000000000000000;
	1062 :	01000000000000000000000000000000;
	1061 :	01000000000000000000000000000000;
	1060 :	01000000000000000000000000000000;
	1059 :	01000000000000000000000000000000;
	1058 :	01000000000000000000000000000000;
	1057 :	01000000000000000000000000000000;
	1056 :	01000000000000000000000000000000;
	1055 :	01000000000000000000000000000000;
	1054 :	01000000000000000000000000000000;
	1053 :	01000000000000000000000000000000;
	1052 :	01000000000000000000000000000000;
	1051 :	01000000000000000000000000000000;
	1050 :	01000000000000000000000000000000;
	1049 :	01000000000000000000000000000000;
	1048 :	01000000000000000000000000000000;
	1047 :	01000000000000000000000000000000;
	1046 :	01000000000000000000000000000000;
	1045 :	01000000000000000000000000000000;
	1044 :	01000000000000000000000000000000;
	1043 :	01000000000000000000000000000000;
	1042 :	01000000000000000000000000000000;
	1041 :	01000000000000000000000000000000;
	1040 :	01000000000000000000000000000000;
	1039 :	01000000000000000000000000000000;
	1038 :	01000000000000000000000000000000;
	1037 :	01000000000000000000000000000000;
	1036 :	01000000000000000000000000000000;
	1035 :	01000000000000000000000000000000;
	1034 :	01000000000000000000000000000000;
	1033 :	01000000000000000000000000000000;
	1032 :	01000000000000000000000000000000;
	1031 :	01000000000000000000000000000000;
	1030 :	01000000000000000000000000000000;
	1029 :	01000000000000000000000000000000;
	1028 :	01000000000000000000000000000000;
	1027 :	01000000000000000000000000000000;
	1026 :	01000000000000000000000000000000;
	1025 :	01000000000000000000000000000000;
	1024 :	01000000000000000000000000000000;
	1023 :	01000000000000000000000000000000;
	1022 :	01000000000000000000000000000000;
	1021 :	01000000000000000000000000000000;
	1020 :	01000000000000000000000000000000;
	1019 :	01000000000000000000000000000000;
	1018 :	01000000000000000000000000000000;
	1017 :	01000000000000000000000000000000;
	1016 :	01000000000000000000000000000000;
	1015 :	01000000000000000000000000000000;
	1014 :	01000000000000000000000000000000;
	1013 :	01000000000000000000000000000000;
	1012 :	01000000000000000000000000000000;
	1011 :	01000000000000000000000000000000;
	1010 :	01000000000000000000000000000000;
	1009 :	01000000000000000000000000000000;
	1008 :	01000000000000000000000000000000;
	1007 :	01000000000000000000000000000000;
	1006 :	01000000000000000000000000000000;
	1005 :	01000000000000000000000000000000;
	1004 :	01000000000000000000000000000000;
	1003 :	01000000000000000000000000000000;
	1002 :	01000000000000000000000000000000;
	1001 :	01000000000000000000000000000000;
	1000 :	01000000000000000000000000000000;
	999 :	01000000000000000000000000000000;
	998 :	01000000000000000000000000000000;
	997 :	01000000000000000000000000000000;
	996 :	01000000000000000000000000000000;
	995 :	01000000000000000000000000000000;
	994 :	01000000000000000000000000000000;
	993 :	01000000000000000000000000000000;
	992 :	01000000000000000000000000000000;
	991 :	01000000000000000000000000000000;
	990 :	01000000000000000000000000000000;
	989 :	01000000000000000000000000000000;
	988 :	01000000000000000000000000000000;
	987 :	01000000000000000000000000000000;
	986 :	01000000000000000000000000000000;
	985 :	01000000000000000000000000000000;
	984 :	01000000000000000000000000000000;
	983 :	01000000000000000000000000000000;
	982 :	01000000000000000000000000000000;
	981 :	01000000000000000000000000000000;
	980 :	01000000000000000000000000000000;
	979 :	01000000000000000000000000000000;
	978 :	01000000000000000000000000000000;
	977 :	01000000000000000000000000000000;
	976 :	01000000000000000000000000000000;
	975 :	01000000000000000000000000000000;
	974 :	01000000000000000000000000000000;
	973 :	01000000000000000000000000000000;
	972 :	01000000000000000000000000000000;
	971 :	01000000000000000000000000000000;
	970 :	01000000000000000000000000000000;
	969 :	01000000000000000000000000000000;
	968 :	01000000000000000000000000000000;
	967 :	01000000000000000000000000000000;
	966 :	01000000000000000000000000000000;
	965 :	01000000000000000000000000000000;
	964 :	01000000000000000000000000000000;
	963 :	01000000000000000000000000000000;
	962 :	01000000000000000000000000000000;
	961 :	01000000000000000000000000000000;
	960 :	01000000000000000000000000000000;
	959 :	01000000000000000000000000000000;
	958 :	01000000000000000000000000000000;
	957 :	01000000000000000000000000000000;
	956 :	01000000000000000000000000000000;
	955 :	01000000000000000000000000000000;
	954 :	01000000000000000000000000000000;
	953 :	01000000000000000000000000000000;
	952 :	01000000000000000000000000000000;
	951 :	01000000000000000000000000000000;
	950 :	01000000000000000000000000000000;
	949 :	01000000000000000000000000000000;
	948 :	01000000000000000000000000000000;
	947 :	01000000000000000000000000000000;
	946 :	01000000000000000000000000000000;
	945 :	01000000000000000000000000000000;
	944 :	01000000000000000000000000000000;
	943 :	01000000000000000000000000000000;
	942 :	01000000000000000000000000000000;
	941 :	01000000000000000000000000000000;
	940 :	01000000000000000000000000000000;
	939 :	01000000000000000000000000000000;
	938 :	01000000000000000000000000000000;
	937 :	01000000000000000000000000000000;
	936 :	01000000000000000000000000000000;
	935 :	01000000000000000000000000000000;
	934 :	01000000000000000000000000000000;
	933 :	01000000000000000000000000000000;
	932 :	01000000000000000000000000000000;
	931 :	01000000000000000000000000000000;
	930 :	01000000000000000000000000000000;
	929 :	01000000000000000000000000000000;
	928 :	01000000000000000000000000000000;
	927 :	01000000000000000000000000000000;
	926 :	01000000000000000000000000000000;
	925 :	01000000000000000000000000000000;
	924 :	01000000000000000000000000000000;
	923 :	01000000000000000000000000000000;
	922 :	01000000000000000000000000000000;
	921 :	01000000000000000000000000000000;
	920 :	01000000000000000000000000000000;
	919 :	01000000000000000000000000000000;
	918 :	01000000000000000000000000000000;
	917 :	01000000000000000000000000000000;
	916 :	01000000000000000000000000000000;
	915 :	01000000000000000000000000000000;
	914 :	01000000000000000000000000000000;
	913 :	01000000000000000000000000000000;
	912 :	01000000000000000000000000000000;
	911 :	01000000000000000000000000000000;
	910 :	01000000000000000000000000000000;
	909 :	01000000000000000000000000000000;
	908 :	01000000000000000000000000000000;
	907 :	01000000000000000000000000000000;
	906 :	01000000000000000000000000000000;
	905 :	01000000000000000000000000000000;
	904 :	01000000000000000000000000000000;
	903 :	01000000000000000000000000000000;
	902 :	01000000000000000000000000000000;
	901 :	01000000000000000000000000000000;
	900 :	01000000000000000000000000000000;
	899 :	01000000000000000000000000000000;
	898 :	01000000000000000000000000000000;
	897 :	01000000000000000000000000000000;
	896 :	01000000000000000000000000000000;
	895 :	01000000000000000000000000000000;
	894 :	01000000000000000000000000000000;
	893 :	01000000000000000000000000000000;
	892 :	01000000000000000000000000000000;
	891 :	01000000000000000000000000000000;
	890 :	01000000000000000000000000000000;
	889 :	01000000000000000000000000000000;
	888 :	01000000000000000000000000000000;
	887 :	01000000000000000000000000000000;
	886 :	01000000000000000000000000000000;
	885 :	01000000000000000000000000000000;
	884 :	01000000000000000000000000000000;
	883 :	01000000000000000000000000000000;
	882 :	01000000000000000000000000000000;
	881 :	01000000000000000000000000000000;
	880 :	01000000000000000000000000000000;
	879 :	01000000000000000000000000000000;
	878 :	01000000000000000000000000000000;
	877 :	01000000000000000000000000000000;
	876 :	01000000000000000000000000000000;
	875 :	01000000000000000000000000000000;
	874 :	01000000000000000000000000000000;
	873 :	01000000000000000000000000000000;
	872 :	01000000000000000000000000000000;
	871 :	01000000000000000000000000000000;
	870 :	01000000000000000000000000000000;
	869 :	01000000000000000000000000000000;
	868 :	01000000000000000000000000000000;
	867 :	01000000000000000000000000000000;
	866 :	01000000000000000000000000000000;
	865 :	01000000000000000000000000000000;
	864 :	01000000000000000000000000000000;
	863 :	01000000000000000000000000000000;
	862 :	01000000000000000000000000000000;
	861 :	01000000000000000000000000000000;
	860 :	01000000000000000000000000000000;
	859 :	01000000000000000000000000000000;
	858 :	01000000000000000000000000000000;
	857 :	01000000000000000000000000000000;
	856 :	01000000000000000000000000000000;
	855 :	01000000000000000000000000000000;
	854 :	01000000000000000000000000000000;
	853 :	01000000000000000000000000000000;
	852 :	01000000000000000000000000000000;
	851 :	01000000000000000000000000000000;
	850 :	01000000000000000000000000000000;
	849 :	01000000000000000000000000000000;
	848 :	01000000000000000000000000000000;
	847 :	01000000000000000000000000000000;
	846 :	01000000000000000000000000000000;
	845 :	01000000000000000000000000000000;
	844 :	01000000000000000000000000000000;
	843 :	01000000000000000000000000000000;
	842 :	01000000000000000000000000000000;
	841 :	01000000000000000000000000000000;
	840 :	01000000000000000000000000000000;
	839 :	01000000000000000000000000000000;
	838 :	01000000000000000000000000000000;
	837 :	01000000000000000000000000000000;
	836 :	01000000000000000000000000000000;
	835 :	01000000000000000000000000000000;
	834 :	01000000000000000000000000000000;
	833 :	01000000000000000000000000000000;
	832 :	01000000000000000000000000000000;
	831 :	01000000000000000000000000000000;
	830 :	01000000000000000000000000000000;
	829 :	01000000000000000000000000000000;
	828 :	01000000000000000000000000000000;
	827 :	01000000000000000000000000000000;
	826 :	01000000000000000000000000000000;
	825 :	01000000000000000000000000000000;
	824 :	01000000000000000000000000000000;
	823 :	01000000000000000000000000000000;
	822 :	01000000000000000000000000000000;
	821 :	01000000000000000000000000000000;
	820 :	01000000000000000000000000000000;
	819 :	01000000000000000000000000000000;
	818 :	01000000000000000000000000000000;
	817 :	01000000000000000000000000000000;
	816 :	01000000000000000000000000000000;
	815 :	01000000000000000000000000000000;
	814 :	01000000000000000000000000000000;
	813 :	01000000000000000000000000000000;
	812 :	01000000000000000000000000000000;
	811 :	01000000000000000000000000000000;
	810 :	01000000000000000000000000000000;
	809 :	01000000000000000000000000000000;
	808 :	01000000000000000000000000000000;
	807 :	01000000000000000000000000000000;
	806 :	01000000000000000000000000000000;
	805 :	01000000000000000000000000000000;
	804 :	01000000000000000000000000000000;
	803 :	01000000000000000000000000000000;
	802 :	01000000000000000000000000000000;
	801 :	01000000000000000000000000000000;
	800 :	01000000000000000000000000000000;
	799 :	01000000000000000000000000000000;
	798 :	01000000000000000000000000000000;
	797 :	01000000000000000000000000000000;
	796 :	01000000000000000000000000000000;
	795 :	01000000000000000000000000000000;
	794 :	01000000000000000000000000000000;
	793 :	01000000000000000000000000000000;
	792 :	01000000000000000000000000000000;
	791 :	01000000000000000000000000000000;
	790 :	01000000000000000000000000000000;
	789 :	01000000000000000000000000000000;
	788 :	01000000000000000000000000000000;
	787 :	01000000000000000000000000000000;
	786 :	01000000000000000000000000000000;
	785 :	01000000000000000000000000000000;
	784 :	01000000000000000000000000000000;
	783 :	01000000000000000000000000000000;
	782 :	01000000000000000000000000000000;
	781 :	01000000000000000000000000000000;
	780 :	01000000000000000000000000000000;
	779 :	01000000000000000000000000000000;
	778 :	01000000000000000000000000000000;
	777 :	01000000000000000000000000000000;
	776 :	01000000000000000000000000000000;
	775 :	01000000000000000000000000000000;
	774 :	01000000000000000000000000000000;
	773 :	01000000000000000000000000000000;
	772 :	01000000000000000000000000000000;
	771 :	01000000000000000000000000000000;
	770 :	00000000000000000000000000000000;
	769 :	00000000000000000000000000000000;
	768 :	00000000000000000000000000000000;
	767 :	01110010011001001000010101011000;
	766 :	01110010111001000111110110011000;
	765 :	01110011010010110101010010000011;
	764 :	01110011011001000101111010011011;
	763 :	01110011011111010101100100111010;
	762 :	01110011110010110010000001000010;
	761 :	01110011110101111000100001010001;
	760 :	01110011111000111110001011100001;
	759 :	01110011111100000010111000001010;
	758 :	01110011111111000110011111100110;
	757 :	01110100010001000100011101001010;
	756 :	01110100010010100101000000011001;
	755 :	01110100010100000100110101110011;
	754 :	01110100010101100011111001101010;
	753 :	01110100010111000010001000010101;
	752 :	01110100011000011111011110001011;
	751 :	01110100011001111011110111100101;
	750 :	01110100011011010111010001000000;
	749 :	01110100011100110001100110111011;
	748 :	01110100011110001010110101110101;
	747 :	01110100011111100010111010010100;
	746 :	01110100110000011100111000011111;
	745 :	01110100110001000111101011001110;
	744 :	01110100110001110001110011101101;
	743 :	01110100110010011011010000010101;
	742 :	01110100110011000011111111100000;
	741 :	01110100110011101011111111101001;
	740 :	01110100110100010011001111001101;
	739 :	01110100110100111001101100101011;
	738 :	01110100110101011111010110100101;
	737 :	01110100110110000100001011011110;
	736 :	01110100110110101000001001111010;
	735 :	01110100110111001011010000100001;
	734 :	01110100110111101101011101111101;
	733 :	01110100111000001110110000111000;
	732 :	01110100111000101111001000000010;
	731 :	01110100111001001110100010001001;
	730 :	01110100111001101100111110000001;
	729 :	01110100111010001010011010011111;
	728 :	01110100111010100110110110011001;
	727 :	01110100111011000010010000101010;
	726 :	01110100111011011100101000001101;
	725 :	01110100111011110101111100000011;
	724 :	01110100111100001110001011001100;
	723 :	01110100111100100101010100101101;
	722 :	01110100111100111011010111101100;
	721 :	01110100111101010000010011010100;
	720 :	01110100111101100100000110101111;
	719 :	01110100111101110110110001001111;
	718 :	01110100111110001000010010000100;
	717 :	01110100111110011000101000100100;
	716 :	01110100111110100111110100000110;
	715 :	01110100111110110101110100000100;
	714 :	01110100111111000010100111111100;
	713 :	01110100111111001110001111001111;
	712 :	01110100111111011000101001011111;
	711 :	01110100111111100001110110010100;
	710 :	01110100111111101001110101010110;
	709 :	01110100111111110000100110010010;
	708 :	01110100111111110110001000110111;
	707 :	01110100111111111010011100110111;
	706 :	01110100111111111101100010001000;
	705 :	01110100111111111111011000100010;
	704 :	01110101010000000000000000000000;
	703 :	01110100111111111111011000100010;
	702 :	01110100111111111101100010001000;
	701 :	01110100111111111010011100110111;
	700 :	01110100111111110110001000110111;
	699 :	01110100111111110000100110010010;
	698 :	01110100111111101001110101010110;
	697 :	01110100111111100001110110010100;
	696 :	01110100111111011000101001011111;
	695 :	01110100111111001110001111001111;
	694 :	01110100111111000010100111111100;
	693 :	01110100111110110101110100000100;
	692 :	01110100111110100111110100000110;
	691 :	01110100111110011000101000100100;
	690 :	01110100111110001000010010000100;
	689 :	01110100111101110110110001001111;
	688 :	01110100111101100100000110101111;
	687 :	01110100111101010000010011010100;
	686 :	01110100111100111011010111101100;
	685 :	01110100111100100101010100101101;
	684 :	01110100111100001110001011001100;
	683 :	01110100111011110101111100000011;
	682 :	01110100111011011100101000001101;
	681 :	01110100111011000010010000101010;
	680 :	01110100111010100110110110011001;
	679 :	01110100111010001010011010011111;
	678 :	01110100111001101100111110000001;
	677 :	01110100111001001110100010001001;
	676 :	01110100111000101111001000000010;
	675 :	01110100111000001110110000111000;
	674 :	01110100110111101101011101111101;
	673 :	01110100110111001011010000100001;
	672 :	01110100110110101000001001111010;
	671 :	01110100110110000100001011011110;
	670 :	01110100110101011111010110100101;
	669 :	01110100110100111001101100101011;
	668 :	01110100110100010011001111001101;
	667 :	01110100110011101011111111101001;
	666 :	01110100110011000011111111100000;
	665 :	01110100110010011011010000010101;
	664 :	01110100110001110001110011101101;
	663 :	01110100110001000111101011001110;
	662 :	01110100110000011100111000011111;
	661 :	01110100011111100010111010010100;
	660 :	01110100011110001010110101110101;
	659 :	01110100011100110001100110111011;
	658 :	01110100011011010111010001000000;
	657 :	01110100011001111011110111100101;
	656 :	01110100011000011111011110001011;
	655 :	01110100010111000010001000010101;
	654 :	01110100010101100011111001101010;
	653 :	01110100010100000100110101110011;
	652 :	01110100010010100101000000011001;
	651 :	01110100010001000100011101001010;
	650 :	01110011111111000110011111100110;
	649 :	01110011111100000010111000001010;
	648 :	01110011111000111110001011100001;
	647 :	01110011110101111000100001010001;
	646 :	01110011110010110010000001000010;
	645 :	01110011011111010101100100111010;
	644 :	01110011011001000101111010011011;
	643 :	01110011010010110101010010000011;
	642 :	01110010111001000111110110011000;
	641 :	01110010011001001000010101011000;
	640 :	01000000000000000000000000000000;
	639 :	11110100111111111111011000100010;
	638 :	11110100111111111101100010001000;
	637 :	11110100111111111010011100110111;
	636 :	11110100111111110110001000110111;
	635 :	11110100111111110000100110010010;
	634 :	11110100111111101001110101010110;
	633 :	11110100111111100001110110010100;
	632 :	11110100111111011000101001011111;
	631 :	11110100111111001110001111001111;
	630 :	11110100111111000010100111111100;
	629 :	11110100111110110101110100000100;
	628 :	11110100111110100111110100000110;
	627 :	11110100111110011000101000100100;
	626 :	11110100111110001000010010000100;
	625 :	11110100111101110110110001001111;
	624 :	11110100111101100100000110101111;
	623 :	11110100111101010000010011010100;
	622 :	11110100111100111011010111101100;
	621 :	11110100111100100101010100101101;
	620 :	11110100111100001110001011001100;
	619 :	11110100111011110101111100000011;
	618 :	11110100111011011100101000001101;
	617 :	11110100111011000010010000101010;
	616 :	11110100111010100110110110011001;
	615 :	11110100111010001010011010011111;
	614 :	11110100111001101100111110000001;
	613 :	11110100111001001110100010001001;
	612 :	11110100111000101111001000000010;
	611 :	11110100111000001110110000111000;
	610 :	11110100110111101101011101111101;
	609 :	11110100110111001011010000100001;
	608 :	11110100110110101000001001111010;
	607 :	11110100110110000100001011011110;
	606 :	11110100110101011111010110100101;
	605 :	11110100110100111001101100101011;
	604 :	11110100110100010011001111001101;
	603 :	11110100110011101011111111101001;
	602 :	11110100110011000011111111100000;
	601 :	11110100110010011011010000010101;
	600 :	11110100110001110001110011101101;
	599 :	11110100110001000111101011001110;
	598 :	11110100110000011100111000011111;
	597 :	11110100011111100010111010010100;
	596 :	11110100011110001010110101110101;
	595 :	11110100011100110001100110111011;
	594 :	11110100011011010111010001000000;
	593 :	11110100011001111011110111100101;
	592 :	11110100011000011111011110001011;
	591 :	11110100010111000010001000010101;
	590 :	11110100010101100011111001101010;
	589 :	11110100010100000100110101110011;
	588 :	11110100010010100101000000011001;
	587 :	11110100010001000100011101001010;
	586 :	11110011111111000110011111100110;
	585 :	11110011111100000010111000001010;
	584 :	11110011111000111110001011100001;
	583 :	11110011110101111000100001010001;
	582 :	11110011110010110010000001000010;
	581 :	11110011011111010101100100111010;
	580 :	11110011011001000101111010011011;
	579 :	11110011010010110101010010000011;
	578 :	11110010111001000111110110011000;
	577 :	11110010011001001000010101011000;
	576 :	01000000000000000000000000000000;
	575 :	01110010011001001000010101011000;
	574 :	01110010111001000111110110011000;
	573 :	01110011010010110101010010000011;
	572 :	01110011011001000101111010011011;
	571 :	01110011011111010101100100111010;
	570 :	01110011110010110010000001000010;
	569 :	01110011110101111000100001010001;
	568 :	01110011111000111110001011100001;
	567 :	01110011111100000010111000001010;
	566 :	01110011111111000110011111100110;
	565 :	01110100010001000100011101001010;
	564 :	01110100010010100101000000011001;
	563 :	01110100010100000100110101110011;
	562 :	01110100010101100011111001101010;
	561 :	01110100010111000010001000010101;
	560 :	01110100011000011111011110001011;
	559 :	01110100011001111011110111100101;
	558 :	01110100011011010111010001000000;
	557 :	01110100011100110001100110111011;
	556 :	01110100011110001010110101110101;
	555 :	01110100011111100010111010010100;
	554 :	01110100110000011100111000011111;
	553 :	01110100110001000111101011001110;
	552 :	01110100110001110001110011101101;
	551 :	01110100110010011011010000010101;
	550 :	01110100110011000011111111100000;
	549 :	01110100110011101011111111101001;
	548 :	01110100110100010011001111001101;
	547 :	01110100110100111001101100101011;
	546 :	01110100110101011111010110100101;
	545 :	01110100110110000100001011011110;
	544 :	01110100110110101000001001111010;
	543 :	01110100110111001011010000100001;
	542 :	01110100110111101101011101111101;
	541 :	01110100111000001110110000111000;
	540 :	01110100111000101111001000000010;
	539 :	01110100111001001110100010001001;
	538 :	01110100111001101100111110000001;
	537 :	01110100111010001010011010011111;
	536 :	01110100111010100110110110011001;
	535 :	01110100111011000010010000101010;
	534 :	01110100111011011100101000001101;
	533 :	01110100111011110101111100000011;
	532 :	01110100111100001110001011001100;
	531 :	01110100111100100101010100101101;
	530 :	01110100111100111011010111101100;
	529 :	01110100111101010000010011010100;
	528 :	01110100111101100100000110101111;
	527 :	01110100111101110110110001001111;
	526 :	01110100111110001000010010000100;
	525 :	01110100111110011000101000100100;
	524 :	01110100111110100111110100000110;
	523 :	01110100111110110101110100000100;
	522 :	01110100111111000010100111111100;
	521 :	01110100111111001110001111001111;
	520 :	01110100111111011000101001011111;
	519 :	01110100111111100001110110010100;
	518 :	01110100111111101001110101010110;
	517 :	01110100111111110000100110010010;
	516 :	01110100111111110110001000110111;
	515 :	01110100111111111010011100110111;
	514 :	01110100111111111101100010001000;
	513 :	01110100111111111111011000100010;
	512 :	01110101010000000000000000000000;
	511 :	01000000000000000000000000000000;
	510 :	01000000000000000000000000000000;
	509 :	01000000000000000000000000000000;
	508 :	01000000000000000000000000000000;
	507 :	01000000000000000000000000000000;
	506 :	01000000000000000000000000000000;
	505 :	01000000000000000000000000000000;
	504 :	01000000000000000000000000000000;
	503 :	01000000000000000000000000000000;
	502 :	01000000000000000000000000000000;
	501 :	01000000000000000000000000000000;
	500 :	01000000000000000000000000000000;
	499 :	01000000000000000000000000000000;
	498 :	01000000000000000000000000000000;
	497 :	01000000000000000000000000000000;
	496 :	01000000000000000000000000000000;
	495 :	01000000000000000000000000000000;
	494 :	01000000000000000000000000000000;
	493 :	01000000000000000000000000000000;
	492 :	01000000000000000000000000000000;
	491 :	01000000000000000000000000000000;
	490 :	01000000000000000000000000000000;
	489 :	01000000000000000000000000000000;
	488 :	01000000000000000000000000000000;
	487 :	01000000000000000000000000000000;
	486 :	01000000000000000000000000000000;
	485 :	01000000000000000000000000000000;
	484 :	01000000000000000000000000000000;
	483 :	01000000000000000000000000000000;
	482 :	01000000000000000000000000000000;
	481 :	01000000000000000000000000000000;
	480 :	01000000000000000000000000000000;
	479 :	01000000000000000000000000000000;
	478 :	01000000000000000000000000000000;
	477 :	01000000000000000000000000000000;
	476 :	01000000000000000000000000000000;
	475 :	01000000000000000000000000000000;
	474 :	01000000000000000000000000000000;
	473 :	01000000000000000000000000000000;
	472 :	01000000000000000000000000000000;
	471 :	01000000000000000000000000000000;
	470 :	01000000000000000000000000000000;
	469 :	01000000000000000000000000000000;
	468 :	01000000000000000000000000000000;
	467 :	01000000000000000000000000000000;
	466 :	01000000000000000000000000000000;
	465 :	01000000000000000000000000000000;
	464 :	01000000000000000000000000000000;
	463 :	01000000000000000000000000000000;
	462 :	01000000000000000000000000000000;
	461 :	01000000000000000000000000000000;
	460 :	01000000000000000000000000000000;
	459 :	01000000000000000000000000000000;
	458 :	01000000000000000000000000000000;
	457 :	01000000000000000000000000000000;
	456 :	01000000000000000000000000000000;
	455 :	01000000000000000000000000000000;
	454 :	01000000000000000000000000000000;
	453 :	01000000000000000000000000000000;
	452 :	01000000000000000000000000000000;
	451 :	01000000000000000000000000000000;
	450 :	01000000000000000000000000000000;
	449 :	01000000000000000000000000000000;
	448 :	01000000000000000000000000000000;
	447 :	01000000000000000000000000000000;
	446 :	01000000000000000000000000000000;
	445 :	01000000000000000000000000000000;
	444 :	01000000000000000000000000000000;
	443 :	01000000000000000000000000000000;
	442 :	01000000000000000000000000000000;
	441 :	01000000000000000000000000000000;
	440 :	01000000000000000000000000000000;
	439 :	01000000000000000000000000000000;
	438 :	01000000000000000000000000000000;
	437 :	01000000000000000000000000000000;
	436 :	01000000000000000000000000000000;
	435 :	01000000000000000000000000000000;
	434 :	01000000000000000000000000000000;
	433 :	01000000000000000000000000000000;
	432 :	01000000000000000000000000000000;
	431 :	01000000000000000000000000000000;
	430 :	01000000000000000000000000000000;
	429 :	01000000000000000000000000000000;
	428 :	01000000000000000000000000000000;
	427 :	01000000000000000000000000000000;
	426 :	01000000000000000000000000000000;
	425 :	01000000000000000000000000000000;
	424 :	01000000000000000000000000000000;
	423 :	01000000000000000000000000000000;
	422 :	01000000000000000000000000000000;
	421 :	01000000000000000000000000000000;
	420 :	01000000000000000000000000000000;
	419 :	01000000000000000000000000000000;
	418 :	01000000000000000000000000000000;
	417 :	01000000000000000000000000000000;
	416 :	01000000000000000000000000000000;
	415 :	01000000000000000000000000000000;
	414 :	01000000000000000000000000000000;
	413 :	01000000000000000000000000000000;
	412 :	01000000000000000000000000000000;
	411 :	01000000000000000000000000000000;
	410 :	01000000000000000000000000000000;
	409 :	01000000000000000000000000000000;
	408 :	01000000000000000000000000000000;
	407 :	01000000000000000000000000000000;
	406 :	01000000000000000000000000000000;
	405 :	01000000000000000000000000000000;
	404 :	01000000000000000000000000000000;
	403 :	01000000000000000000000000000000;
	402 :	01000000000000000000000000000000;
	401 :	01000000000000000000000000000000;
	400 :	01000000000000000000000000000000;
	399 :	01000000000000000000000000000000;
	398 :	01000000000000000000000000000000;
	397 :	01000000000000000000000000000000;
	396 :	01000000000000000000000000000000;
	395 :	01000000000000000000000000000000;
	394 :	01000000000000000000000000000000;
	393 :	01000000000000000000000000000000;
	392 :	01000000000000000000000000000000;
	391 :	01000000000000000000000000000000;
	390 :	01000000000000000000000000000000;
	389 :	01000000000000000000000000000000;
	388 :	01000000000000000000000000000000;
	387 :	01000000000000000000000000000000;
	386 :	01000000000000000000000000000000;
	385 :	01000000000000000000000000000000;
	384 :	01000000000000000000000000000000;
	383 :	01000000000000000000000000000000;
	382 :	01000000000000000000000000000000;
	381 :	01000000000000000000000000000000;
	380 :	01000000000000000000000000000000;
	379 :	01000000000000000000000000000000;
	378 :	01000000000000000000000000000000;
	377 :	01000000000000000000000000000000;
	376 :	01000000000000000000000000000000;
	375 :	01000000000000000000000000000000;
	374 :	01000000000000000000000000000000;
	373 :	01000000000000000000000000000000;
	372 :	01000000000000000000000000000000;
	371 :	01000000000000000000000000000000;
	370 :	01000000000000000000000000000000;
	369 :	01000000000000000000000000000000;
	368 :	01000000000000000000000000000000;
	367 :	01000000000000000000000000000000;
	366 :	01000000000000000000000000000000;
	365 :	01000000000000000000000000000000;
	364 :	01000000000000000000000000000000;
	363 :	01000000000000000000000000000000;
	362 :	01000000000000000000000000000000;
	361 :	01000000000000000000000000000000;
	360 :	01000000000000000000000000000000;
	359 :	01000000000000000000000000000000;
	358 :	01000000000000000000000000000000;
	357 :	01000000000000000000000000000000;
	356 :	01000000000000000000000000000000;
	355 :	01000000000000000000000000000000;
	354 :	01000000000000000000000000000000;
	353 :	01000000000000000000000000000000;
	352 :	01000000000000000000000000000000;
	351 :	01000000000000000000000000000000;
	350 :	01000000000000000000000000000000;
	349 :	01000000000000000000000000000000;
	348 :	01000000000000000000000000000000;
	347 :	01000000000000000000000000000000;
	346 :	01000000000000000000000000000000;
	345 :	01000000000000000000000000000000;
	344 :	01000000000000000000000000000000;
	343 :	01000000000000000000000000000000;
	342 :	01000000000000000000000000000000;
	341 :	01000000000000000000000000000000;
	340 :	01000000000000000000000000000000;
	339 :	01000000000000000000000000000000;
	338 :	01000000000000000000000000000000;
	337 :	01000000000000000000000000000000;
	336 :	01000000000000000000000000000000;
	335 :	01000000000000000000000000000000;
	334 :	01000000000000000000000000000000;
	333 :	01000000000000000000000000000000;
	332 :	01000000000000000000000000000000;
	331 :	01000000000000000000000000000000;
	330 :	01000000000000000000000000000000;
	329 :	01000000000000000000000000000000;
	328 :	01000000000000000000000000000000;
	327 :	01000000000000000000000000000000;
	326 :	01000000000000000000000000000000;
	325 :	01000000000000000000000000000000;
	324 :	01000000000000000000000000000000;
	323 :	01000000000000000000000000000000;
	322 :	01000000000000000000000000000000;
	321 :	01000000000000000000000000000000;
	320 :	01000000000000000000000000000000;
	319 :	01000000000000000000000000000000;
	318 :	01000000000000000000000000000000;
	317 :	01000000000000000000000000000000;
	316 :	01000000000000000000000000000000;
	315 :	01000000000000000000000000000000;
	314 :	01000000000000000000000000000000;
	313 :	01000000000000000000000000000000;
	312 :	01000000000000000000000000000000;
	311 :	01000000000000000000000000000000;
	310 :	01000000000000000000000000000000;
	309 :	01000000000000000000000000000000;
	308 :	01000000000000000000000000000000;
	307 :	01000000000000000000000000000000;
	306 :	01000000000000000000000000000000;
	305 :	01000000000000000000000000000000;
	304 :	01000000000000000000000000000000;
	303 :	01000000000000000000000000000000;
	302 :	01000000000000000000000000000000;
	301 :	01000000000000000000000000000000;
	300 :	01000000000000000000000000000000;
	299 :	01000000000000000000000000000000;
	298 :	01000000000000000000000000000000;
	297 :	01000000000000000000000000000000;
	296 :	01000000000000000000000000000000;
	295 :	01000000000000000000000000000000;
	294 :	01000000000000000000000000000000;
	293 :	01000000000000000000000000000000;
	292 :	01000000000000000000000000000000;
	291 :	01000000000000000000000000000000;
	290 :	01000000000000000000000000000000;
	289 :	01000000000000000000000000000000;
	288 :	01000000000000000000000000000000;
	287 :	01000000000000000000000000000000;
	286 :	01000000000000000000000000000000;
	285 :	01000000000000000000000000000000;
	284 :	01000000000000000000000000000000;
	283 :	01000000000000000000000000000000;
	282 :	01000000000000000000000000000000;
	281 :	01000000000000000000000000000000;
	280 :	01000000000000000000000000000000;
	279 :	01000000000000000000000000000000;
	278 :	01000000000000000000000000000000;
	277 :	01000000000000000000000000000000;
	276 :	01000000000000000000000000000000;
	275 :	01000000000000000000000000000000;
	274 :	01000000000000000000000000000000;
	273 :	01000000000000000000000000000000;
	272 :	01000000000000000000000000000000;
	271 :	01000000000000000000000000000000;
	270 :	01000000000000000000000000000000;
	269 :	01000000000000000000000000000000;
	268 :	01000000000000000000000000000000;
	267 :	01000000000000000000000000000000;
	266 :	01000000000000000000000000000000;
	265 :	01000000000000000000000000000000;
	264 :	01000000000000000000000000000000;
	263 :	01000000000000000000000000000000;
	262 :	01000000000000000000000000000000;
	261 :	01000000000000000000000000000000;
	260 :	01000000000000000000000000000000;
	259 :	01000000000000000000000000000000;
	258 :	01000000000000000000000000000000;
	257 :	01000000000000000000000000000000;
	256 :	01000000000000000000000000000000;
	255 :	01000000000000000000000000000000;
	254 :	01000000000000000000000000000000;
	253 :	01000000000000000000000000000000;
	252 :	01000000000000000000000000000000;
	251 :	01000000000000000000000000000000;
	250 :	01000000000000000000000000000000;
	249 :	01000000000000000000000000000000;
	248 :	01000000000000000000000000000000;
	247 :	01000000000000000000000000000000;
	246 :	01000000000000000000000000000000;
	245 :	01000000000000000000000000000000;
	244 :	01000000000000000000000000000000;
	243 :	01000000000000000000000000000000;
	242 :	01000000000000000000000000000000;
	241 :	01000000000000000000000000000000;
	240 :	01000000000000000000000000000000;
	239 :	01000000000000000000000000000000;
	238 :	01000000000000000000000000000000;
	237 :	01000000000000000000000000000000;
	236 :	01000000000000000000000000000000;
	235 :	01000000000000000000000000000000;
	234 :	01000000000000000000000000000000;
	233 :	01000000000000000000000000000000;
	232 :	01000000000000000000000000000000;
	231 :	01000000000000000000000000000000;
	230 :	01000000000000000000000000000000;
	229 :	01000000000000000000000000000000;
	228 :	01000000000000000000000000000000;
	227 :	01000000000000000000000000000000;
	226 :	01000000000000000000000000000000;
	225 :	01000000000000000000000000000000;
	224 :	01000000000000000000000000000000;
	223 :	01000000000000000000000000000000;
	222 :	01000000000000000000000000000000;
	221 :	01000000000000000000000000000000;
	220 :	01000000000000000000000000000000;
	219 :	01000000000000000000000000000000;
	218 :	01000000000000000000000000000000;
	217 :	01000000000000000000000000000000;
	216 :	01000000000000000000000000000000;
	215 :	01000000000000000000000000000000;
	214 :	01000000000000000000000000000000;
	213 :	01000000000000000000000000000000;
	212 :	01000000000000000000000000000000;
	211 :	01000000000000000000000000000000;
	210 :	01000000000000000000000000000000;
	209 :	01000000000000000000000000000000;
	208 :	01000000000000000000000000000000;
	207 :	01000000000000000000000000000000;
	206 :	01000000000000000000000000000000;
	205 :	01000000000000000000000000000000;
	204 :	01000000000000000000000000000000;
	203 :	01000000000000000000000000000000;
	202 :	01000000000000000000000000000000;
	201 :	01000000000000000000000000000000;
	200 :	01000000000000000000000000000000;
	199 :	01000000000000000000000000000000;
	198 :	01000000000000000000000000000000;
	197 :	01000000000000000000000000000000;
	196 :	01000000000000000000000000000000;
	195 :	01000000000000000000000000000000;
	194 :	01000000000000000000000000000000;
	193 :	01000000000000000000000000000000;
	192 :	01000000000000000000000000000000;
	191 :	01000000000000000000000000000000;
	190 :	01000000000000000000000000000000;
	189 :	01000000000000000000000000000000;
	188 :	01000000000000000000000000000000;
	187 :	01000000000000000000000000000000;
	186 :	01000000000000000000000000000000;
	185 :	01000000000000000000000000000000;
	184 :	01000000000000000000000000000000;
	183 :	01000000000000000000000000000000;
	182 :	01000000000000000000000000000000;
	181 :	01000000000000000000000000000000;
	180 :	01000000000000000000000000000000;
	179 :	01000000000000000000000000000000;
	178 :	01000000000000000000000000000000;
	177 :	01000000000000000000000000000000;
	176 :	01000000000000000000000000000000;
	175 :	01000000000000000000000000000000;
	174 :	01000000000000000000000000000000;
	173 :	01000000000000000000000000000000;
	172 :	01000000000000000000000000000000;
	171 :	01000000000000000000000000000000;
	170 :	01000000000000000000000000000000;
	169 :	01000000000000000000000000000000;
	168 :	01000000000000000000000000000000;
	167 :	01000000000000000000000000000000;
	166 :	01000000000000000000000000000000;
	165 :	01000000000000000000000000000000;
	164 :	01000000000000000000000000000000;
	163 :	01000000000000000000000000000000;
	162 :	01000000000000000000000000000000;
	161 :	01000000000000000000000000000000;
	160 :	01000000000000000000000000000000;
	159 :	01000000000000000000000000000000;
	158 :	01000000000000000000000000000000;
	157 :	01000000000000000000000000000000;
	156 :	01000000000000000000000000000000;
	155 :	01000000000000000000000000000000;
	154 :	01000000000000000000000000000000;
	153 :	01000000000000000000000000000000;
	152 :	01000000000000000000000000000000;
	151 :	01000000000000000000000000000000;
	150 :	01000000000000000000000000000000;
	149 :	01000000000000000000000000000000;
	148 :	01000000000000000000000000000000;
	147 :	01000000000000000000000000000000;
	146 :	01000000000000000000000000000000;
	145 :	01000000000000000000000000000000;
	144 :	01000000000000000000000000000000;
	143 :	01000000000000000000000000000000;
	142 :	01000000000000000000000000000000;
	141 :	01000000000000000000000000000000;
	140 :	01000000000000000000000000000000;
	139 :	01000000000000000000000000000000;
	138 :	01000000000000000000000000000000;
	137 :	01000000000000000000000000000000;
	136 :	01000000000000000000000000000000;
	135 :	01000000000000000000000000000000;
	134 :	01000000000000000000000000000000;
	133 :	01000000000000000000000000000000;
	132 :	01000000000000000000000000000000;
	131 :	01000000000000000000000000000000;
	130 :	01000000000000000000000000000000;
	129 :	01000000000000000000000000000000;
	128 :	01000000000000000000000000000000;
	127 :	01000000000000000000000000000000;
	126 :	01000000000000000000000000000000;
	125 :	01000000000000000000000000000000;
	124 :	01000000000000000000000000000000;
	123 :	01000000000000000000000000000000;
	122 :	01000000000000000000000000000000;
	121 :	01000000000000000000000000000000;
	120 :	01000000000000000000000000000000;
	119 :	01000000000000000000000000000000;
	118 :	01000000000000000000000000000000;
	117 :	01000000000000000000000000000000;
	116 :	01000000000000000000000000000000;
	115 :	01000000000000000000000000000000;
	114 :	01000000000000000000000000000000;
	113 :	01000000000000000000000000000000;
	112 :	01000000000000000000000000000000;
	111 :	01000000000000000000000000000000;
	110 :	01000000000000000000000000000000;
	109 :	01000000000000000000000000000000;
	108 :	01000000000000000000000000000000;
	107 :	01000000000000000000000000000000;
	106 :	01000000000000000000000000000000;
	105 :	01000000000000000000000000000000;
	104 :	01000000000000000000000000000000;
	103 :	01000000000000000000000000000000;
	102 :	01000000000000000000000000000000;
	101 :	01000000000000000000000000000000;
	100 :	01000000000000000000000000000000;
	99 :	01000000000000000000000000000000;
	98 :	01000000000000000000000000000000;
	97 :	01000000000000000000000000000000;
	96 :	01000000000000000000000000000000;
	95 :	01000000000000000000000000000000;
	94 :	01000000000000000000000000000000;
	93 :	01000000000000000000000000000000;
	92 :	01000000000000000000000000000000;
	91 :	01000000000000000000000000000000;
	90 :	01000000000000000000000000000000;
	89 :	01000000000000000000000000000000;
	88 :	01000000000000000000000000000000;
	87 :	01000000000000000000000000000000;
	86 :	01000000000000000000000000000000;
	85 :	01000000000000000000000000000000;
	84 :	01000000000000000000000000000000;
	83 :	01000000000000000000000000000000;
	82 :	01000000000000000000000000000000;
	81 :	01000000000000000000000000000000;
	80 :	01000000000000000000000000000000;
	79 :	01000000000000000000000000000000;
	78 :	01000000000000000000000000000000;
	77 :	01000000000000000000000000000000;
	76 :	01000000000000000000000000000000;
	75 :	01000000000000000000000000000000;
	74 :	01000000000000000000000000000000;
	73 :	01000000000000000000000000000000;
	72 :	01000000000000000000000000000000;
	71 :	01000000000000000000000000000000;
	70 :	01000000000000000000000000000000;
	69 :	01000000000000000000000000000000;
	68 :	01000000000000000000000000000000;
	67 :	01000000000000000000000000000000;
	66 :	01000000000000000000000000000000;
	65 :	01000000000000000000000000000000;
	64 :	01000000000000000000000000000000;
	63 :	01000000000000000000000000000000;
	62 :	01000000000000000000000000000000;
	61 :	01000000000000000000000000000000;
	60 :	01000000000000000000000000000000;
	59 :	01000000000000000000000000000000;
	58 :	01000000000000000000000000000000;
	57 :	01000000000000000000000000000000;
	56 :	01000000000000000000000000000000;
	55 :	01000000000000000000000000000000;
	54 :	01000000000000000000000000000000;
	53 :	01000000000000000000000000000000;
	52 :	01000000000000000000000000000000;
	51 :	01000000000000000000000000000000;
	50 :	01000000000000000000000000000000;
	49 :	01000000000000000000000000000000;
	48 :	01000000000000000000000000000000;
	47 :	01000000000000000000000000000000;
	46 :	01000000000000000000000000000000;
	45 :	01000000000000000000000000000000;
	44 :	01000000000000000000000000000000;
	43 :	01000000000000000000000000000000;
	42 :	01000000000000000000000000000000;
	41 :	01000000000000000000000000000000;
	40 :	01000000000000000000000000000000;
	39 :	01000000000000000000000000000000;
	38 :	01000000000000000000000000000000;
	37 :	01000000000000000000000000000000;
	36 :	01000000000000000000000000000000;
	35 :	01000000000000000000000000000000;
	34 :	01000000000000000000000000000000;
	33 :	01000000000000000000000000000000;
	32 :	01000000000000000000000000000000;
	31 :	01000000000000000000000000000000;
	30 :	01000000000000000000000000000000;
	29 :	01000000000000000000000000000000;
	28 :	01000000000000000000000000000000;
	27 :	01000000000000000000000000000000;
	26 :	01000000000000000000000000000000;
	25 :	01000000000000000000000000000000;
	24 :	01000000000000000000000000000000;
	23 :	01000000000000000000000000000000;
	22 :	01000000000000000000000000000000;
	21 :	01000000000000000000000000000000;
	20 :	01000000000000000000000000000000;
	19 :	01000000000000000000000000000000;
	18 :	01000000000000000000000000000000;
	17 :	01000000000000000000000000000000;
	16 :	01000000000000000000000000000000;
	15 :	01000000000000000000000000000000;
	14 :	01000000000000000000000000000000;
	13 :	01000000000000000000000000000000;
	12 :	01000000000000000000000000000000;
	11 :	01000000000000000000000000000000;
	10 :	01000000000000000000000000000000;
	9 :	01000000000000000000000000000000;
	8 :	01000000000000000000000000000000;
	7 :	01000000000000000000000000000000;
	6 :	01000000000000000000000000000000;
	5 :	01000000000000000000000000000000;
	4 :	01000000000000000000000000000000;
	3 :	01000000000000000000000000000000;
	2 :	01000000000000000000000000000000;
	1 :	01000000000000000000000000000000;
	0 :	01000000000000000000000000000000;
END;
