real,imag
0.099000,0.000000
0.071574,-0.062574
-0.091000,0.020000
0.156426,0.147426
0.139000,0.000000
0.156426,-0.147426
-0.091000,-0.020000
0.071574,0.062574
